1763031526,830981272,laser,-3.1241390705108643,3.1415927410125732,0.0034828970674425364,5.425563722383231e-05,0.09760589152574539,0.15000000596046448,16.0,inf,inf,inf,inf,inf,inf,inf,13.935999870300293,13.935999870300293,13.935999870300293,13.935999870300293,13.935999870300293,13.920000076293945,13.920000076293945,13.920000076293945,13.920000076293945,13.904000282287598,13.904000282287598,13.895999908447266,13.911999702453613,13.911999702453613,13.911999702453613,13.920000076293945,13.911999702453613,inf,inf,inf,inf,10.472000122070312,10.472000122070312,10.472000122070312,10.472000122070312,10.472000122070312,inf,inf,inf,inf,inf,inf,inf,inf,inf,inf,inf,inf,inf,inf,inf,inf,inf,inf,inf,inf,3.75600004196167,3.75600004196167,3.75600004196167,3.75600004196167,3.75600004196167,3.752000093460083,3.752000093460083,3.74399995803833,3.74399995803833,3.740000009536743,3.74399995803833,3.747999906539917,3.752000093460083,2.888000011444092,2.888000011444092,2.828000068664551,2.828000068664551,2.828000068664551,2.75600004196167,2.75600004196167,2.6480000019073486,2.6480000019073486,2.5999999046325684,2.5439999103546143,2.4839999675750732,2.427999973297119,2.375999927520752,2.3359999656677246,2.303999900817871,2.2720000743865967,2.2720000743865967,2.240000009536743,2.200000047683716,2.1600000858306885,2.115999937057495,2.0799999237060547,2.0460000038146973,2.0139999389648438,1.9880000352859497,1.9559999704360962,1.9240000247955322,1.9240000247955322,1.899999976158142,1.8739999532699585,1.8600000143051147,1.843999981880188,1.8220000267028809,1.8179999589920044,1.809999942779541,1.7960000038146973,1.7960000038146973,1.781999945640564,1.7619999647140503,1.7339999675750732,1.7139999866485596,1.6979999542236328,1.6820000410079956,1.659999966621399,1.6339999437332153,1.5099999904632568,1.5099999904632568,1.4980000257492065,1.4980000257492065,1.4839999675750732,1.4739999771118164,inf,inf,inf,inf,inf,1.4040000438690186,1.4040000438690186,1.4040000438690186,1.4040000438690186,1.4040000438690186,...,0.0,0.0,0.0,0.0,0.0,0.0,0.0,0.0,0.0,0.0,0.0,0.0,0.0,0.0,0.0,0.0,0.0,0.0,0.0,47.0,47.0,47.0,47.0,47.0,0.0,0.0,0.0,0.0,0.0,0.0,0.0,0.0,0.0,0.0,0.0,0.0,0.0,0.0,0.0,0.0,0.0,0.0,0.0,0.0,0.0,0.0,0.0,0.0,0.0,0.0,0.0,0.0,0.0,0.0,0.0,0.0,0.0,0.0,0.0,0.0,0.0,0.0,0.0,0.0,0.0,0.0,0.0,0.0,0.0,0.0,0.0,0.0,0.0,0.0,0.0,0.0,0.0,0.0,0.0,0.0,0.0,0.0,0.0,0.0,0.0,0.0,0.0,0.0,0.0,0.0,0.0,0.0,0.0,0.0,0.0,0.0,0.0,0.0,0.0,0.0,0.0,0.0,0.0,0.0,0.0,0.0,0.0,0.0,0.0,0.0,0.0,0.0,0.0,0.0,0.0,0.0,0.0,0.0,0.0,0.0,0.0,0.0,0.0,0.0,0.0,0.0,0.0,0.0,...
1763031526,930306234,laser,-3.1241390705108643,3.1415927410125732,0.0034828970674425364,5.36359912075568e-05,0.09649115055799484,0.15000000596046448,16.0,inf,inf,inf,inf,inf,inf,inf,inf,inf,13.911999702453613,13.911999702453613,13.911999702453613,13.911999702453613,13.911999702453613,13.911999702453613,13.911999702453613,13.911999702453613,13.904000282287598,13.887999534606934,13.904000282287598,13.920000076293945,13.920000076293945,13.904000282287598,13.904000282287598,13.887999534606934,inf,10.53600025177002,10.53600025177002,10.53600025177002,10.53600025177002,10.53600025177002,inf,inf,inf,inf,inf,inf,inf,inf,inf,inf,inf,inf,inf,inf,inf,inf,inf,inf,inf,3.8519999980926514,3.8519999980926514,3.8519999980926514,3.8519999980926514,3.8519999980926514,3.7720000743865967,3.7720000743865967,3.7720000743865967,3.7720000743865967,3.74399995803833,3.7360000610351562,3.740000009536743,3.747999906539917,3.74399995803833,3.74399995803833,3.747999906539917,2.9040000438690186,2.9040000438690186,2.9040000438690186,2.8440001010894775,2.8440001010894775,2.7920000553131104,2.7200000286102295,2.6519999504089355,2.611999988555908,2.563999891281128,2.507999897003174,2.507999897003174,2.3440001010894775,2.3440001010894775,2.3440001010894775,2.308000087738037,2.2880001068115234,2.187999963760376,2.187999963760376,2.1600000858306885,2.119999885559082,2.119999885559082,2.0959999561309814,2.055999994277954,2.0160000324249268,1.9900000095367432,1.9700000286102295,1.944000005722046,1.9079999923706055,1.8819999694824219,1.8700000047683716,1.8619999885559082,1.8619999885559082,1.8480000495910645,1.840000033378601,1.8279999494552612,1.809999942779541,1.7899999618530273,1.7660000324249268,1.7660000324249268,1.7259999513626099,1.7259999513626099,1.7059999704360962,1.6820000410079956,1.6619999408721924,1.6399999856948853,1.5140000581741333,1.5140000581741333,1.50600004196167,1.4880000352859497,1.4780000448226929,1.4780000448226929,1.465999960899353,inf,1.4279999732971191,1.4279999732971191,1.4279999732971191,1.4279999732971191,1.4279999732971191,1.399999976158142,1.399999976158142,1.399999976158142,...,0.0,0.0,0.0,0.0,0.0,0.0,0.0,0.0,0.0,0.0,0.0,0.0,0.0,0.0,0.0,0.0,0.0,0.0,0.0,0.0,0.0,0.0,0.0,0.0,0.0,0.0,0.0,0.0,0.0,0.0,0.0,0.0,0.0,0.0,0.0,0.0,0.0,0.0,0.0,0.0,0.0,0.0,0.0,0.0,0.0,0.0,0.0,0.0,0.0,0.0,0.0,0.0,0.0,0.0,0.0,0.0,0.0,0.0,0.0,0.0,0.0,0.0,0.0,0.0,0.0,0.0,0.0,0.0,0.0,0.0,0.0,0.0,0.0,0.0,0.0,0.0,0.0,0.0,0.0,0.0,0.0,0.0,0.0,0.0,0.0,0.0,0.0,0.0,0.0,47.0,47.0,47.0,47.0,47.0,0.0,0.0,0.0,0.0,0.0,0.0,0.0,0.0,0.0,0.0,0.0,0.0,0.0,0.0,0.0,0.0,0.0,0.0,0.0,0.0,0.0,0.0,0.0,0.0,0.0,0.0,0.0,0.0,0.0,0.0,0.0,0.0,0.0,0.0,...
1763031527,28576497,laser,-3.1241390705108643,3.1415927410125732,0.0034828970674425364,5.3609928727382794e-05,0.0964442640542984,0.15000000596046448,16.0,inf,inf,inf,inf,inf,inf,inf,13.944000244140625,13.944000244140625,13.944000244140625,13.944000244140625,13.944000244140625,13.928000450134277,13.928000450134277,13.928000450134277,13.904000282287598,13.920000076293945,13.920000076293945,13.911999702453613,13.911999702453613,13.928000450134277,13.928000450134277,13.904000282287598,13.887999534606934,inf,inf,inf,10.53600025177002,10.53600025177002,10.53600025177002,10.53600025177002,10.53600025177002,inf,inf,inf,inf,inf,inf,inf,inf,inf,inf,inf,inf,inf,inf,inf,inf,inf,inf,inf,inf,inf,3.75600004196167,3.75600004196167,3.75600004196167,3.75600004196167,3.75600004196167,3.747999906539917,3.747999906539917,3.747999906539917,3.74399995803833,3.740000009536743,3.74399995803833,3.747999906539917,3.752000093460083,2.888000011444092,2.888000011444092,2.74399995803833,2.74399995803833,2.74399995803833,2.74399995803833,2.684000015258789,2.684000015258789,2.635999917984009,2.5959999561309814,2.5399999618530273,2.4800000190734863,2.4240000247955322,2.371999979019165,2.3359999656677246,2.303999900817871,2.303999900817871,2.2119998931884766,2.2119998931884766,2.187999963760376,2.1480000019073486,2.128000020980835,2.0880000591278076,2.049999952316284,2.0220000743865967,2.003999948501587,1.9819999933242798,1.9819999933242798,1.9639999866485596,1.9520000219345093,1.940000057220459,1.9240000247955322,1.9019999504089355,1.878000020980835,1.850000023841858,1.8279999494552612,1.8279999494552612,1.8020000457763672,1.777999997138977,1.75600004196167,1.7319999933242798,1.7120000123977661,1.694000005722046,1.6699999570846558,1.6699999570846558,1.6519999504089355,1.531999945640564,1.5080000162124634,1.5080000162124634,1.4980000257492065,1.4859999418258667,inf,inf,inf,inf,inf,inf,1.4040000438690186,1.4040000438690186,1.4040000438690186,1.4040000438690186,1.4040000438690186,...,0.0,0.0,0.0,0.0,0.0,0.0,0.0,0.0,0.0,0.0,0.0,0.0,0.0,0.0,0.0,0.0,0.0,0.0,0.0,0.0,0.0,0.0,0.0,0.0,0.0,0.0,0.0,0.0,0.0,0.0,0.0,0.0,0.0,0.0,0.0,0.0,0.0,0.0,0.0,0.0,0.0,0.0,0.0,0.0,0.0,0.0,0.0,0.0,0.0,0.0,0.0,0.0,0.0,0.0,0.0,0.0,0.0,0.0,0.0,0.0,0.0,0.0,0.0,0.0,0.0,0.0,0.0,0.0,0.0,0.0,0.0,0.0,0.0,0.0,0.0,0.0,0.0,0.0,0.0,0.0,0.0,0.0,0.0,0.0,0.0,0.0,0.0,0.0,0.0,0.0,0.0,47.0,47.0,47.0,47.0,47.0,0.0,0.0,0.0,0.0,0.0,0.0,0.0,0.0,0.0,0.0,0.0,0.0,0.0,0.0,0.0,0.0,0.0,0.0,0.0,0.0,0.0,0.0,0.0,0.0,0.0,0.0,0.0,47.0,47.0,47.0,47.0,47.0,...
1763031527,126853429,laser,-3.1241390705108643,3.1415927410125732,0.0034828970674425364,5.367884659790434e-05,0.09656824171543121,0.15000000596046448,16.0,inf,inf,inf,inf,inf,inf,inf,inf,inf,inf,13.935999870300293,13.935999870300293,13.935999870300293,13.935999870300293,13.935999870300293,13.928000450134277,13.904000282287598,13.895999908447266,13.887999534606934,13.911999702453613,13.920000076293945,13.920000076293945,13.928000450134277,13.911999702453613,inf,inf,inf,10.456000328063965,10.456000328063965,10.456000328063965,10.456000328063965,10.456000328063965,inf,inf,inf,inf,inf,inf,inf,inf,inf,inf,inf,inf,inf,inf,inf,inf,inf,inf,inf,inf,3.8559999465942383,3.8559999465942383,3.8559999465942383,3.8559999465942383,3.8559999465942383,3.7720000743865967,3.7720000743865967,3.740000009536743,3.7360000610351562,3.740000009536743,3.747999906539917,3.747999906539917,3.747999906539917,3.747999906539917,2.9040000438690186,2.9040000438690186,2.9040000438690186,2.9040000438690186,2.8440001010894775,2.7920000553131104,2.7279999256134033,2.6600000858306885,2.611999988555908,2.611999988555908,2.555999994277954,2.496000051498413,2.440000057220459,2.388000011444092,2.3480000495910645,2.303999900817871,2.2880001068115234,2.196000099182129,2.196000099182129,2.1640000343322754,2.1640000343322754,2.119999885559082,2.0920000076293945,2.055999994277954,2.0199999809265137,2.003999948501587,1.9800000190734863,1.9500000476837158,1.9279999732971191,1.9279999732971191,1.909999966621399,1.899999976158142,1.8880000114440918,1.8680000305175781,1.8539999723434448,1.8320000171661377,1.809999942779541,1.7899999618530273,1.7660000324249268,1.7660000324249268,1.74399995803833,1.722000002861023,1.7039999961853027,1.684000015258789,1.6619999408721924,1.6380000114440918,1.5219999551773071,1.50600004196167,1.50600004196167,1.4880000352859497,1.4800000190734863,1.4800000190734863,inf,inf,inf,inf,1.399999976158142,1.399999976158142,1.399999976158142,1.399999976158142,1.399999976158142,1.3819999694824219,...,0.0,0.0,0.0,0.0,0.0,0.0,0.0,0.0,0.0,0.0,0.0,0.0,0.0,0.0,0.0,0.0,0.0,0.0,0.0,0.0,0.0,0.0,0.0,0.0,0.0,0.0,0.0,0.0,0.0,0.0,0.0,47.0,47.0,47.0,47.0,47.0,0.0,0.0,0.0,0.0,0.0,0.0,0.0,0.0,0.0,0.0,0.0,0.0,0.0,0.0,0.0,0.0,0.0,0.0,0.0,0.0,0.0,0.0,0.0,0.0,0.0,0.0,0.0,0.0,0.0,0.0,0.0,47.0,47.0,47.0,47.0,47.0,0.0,0.0,0.0,0.0,0.0,0.0,0.0,0.0,0.0,0.0,0.0,0.0,0.0,0.0,0.0,0.0,0.0,0.0,0.0,0.0,0.0,0.0,0.0,0.0,0.0,0.0,0.0,0.0,0.0,0.0,0.0,0.0,0.0,0.0,0.0,0.0,0.0,0.0,0.0,0.0,0.0,0.0,0.0,0.0,0.0,0.0,0.0,0.0,0.0,0.0,0.0,0.0,0.0,0.0,0.0,0.0,...
1763031527,224953858,laser,-3.1241390705108643,3.1415927410125732,0.0034828970674425364,5.372011219151318e-05,0.09664248675107956,0.15000000596046448,16.0,inf,inf,inf,inf,inf,inf,inf,inf,13.944000244140625,13.944000244140625,13.944000244140625,13.944000244140625,13.944000244140625,13.920000076293945,13.920000076293945,13.880000114440918,13.880000114440918,13.880000114440918,13.880000114440918,13.895999908447266,13.928000450134277,13.935999870300293,13.895999908447266,13.880000114440918,inf,inf,inf,inf,inf,inf,inf,inf,inf,inf,inf,inf,inf,inf,inf,inf,inf,inf,inf,inf,inf,inf,inf,inf,inf,inf,inf,3.819999933242798,3.819999933242798,3.819999933242798,3.819999933242798,3.819999933242798,3.75600004196167,3.75600004196167,3.75600004196167,3.747999906539917,3.740000009536743,3.740000009536743,3.740000009536743,3.74399995803833,3.747999906539917,3.752000093460083,2.888000011444092,2.888000011444092,2.888000011444092,2.8320000171661377,2.8320000171661377,2.7639999389648438,2.7639999389648438,2.6519999504089355,2.6519999504089355,2.6080000400543213,2.552000045776367,2.492000102996826,2.440000057220459,2.375999927520752,2.3399999141693115,2.303999900817871,2.2720000743865967,2.2720000743865967,2.24399995803833,2.2039999961853027,2.1640000343322754,2.124000072479248,2.0959999561309814,2.055999994277954,2.0199999809265137,1.9919999837875366,1.9600000381469727,1.9320000410079956,1.9320000410079956,1.9040000438690186,1.8760000467300415,1.8600000143051147,1.8420000076293945,1.8220000267028809,1.8179999589920044,1.812000036239624,1.7960000038146973,1.7960000038146973,1.7799999713897705,1.7599999904632568,1.7359999418258667,1.715999960899353,1.7000000476837158,1.6820000410079956,1.659999966621399,1.6360000371932983,1.5099999904632568,1.5099999904632568,1.4980000257492065,1.4859999418258667,1.4859999418258667,1.4759999513626099,inf,inf,inf,1.406000018119812,1.406000018119812,1.406000018119812,1.406000018119812,1.406000018119812,1.3980000019073486,1.3980000019073486,...,0.0,0.0,0.0,0.0,0.0,0.0,0.0,0.0,0.0,0.0,0.0,0.0,0.0,0.0,0.0,0.0,0.0,0.0,0.0,0.0,0.0,0.0,0.0,0.0,0.0,0.0,0.0,0.0,0.0,0.0,0.0,0.0,0.0,0.0,0.0,0.0,0.0,0.0,0.0,0.0,0.0,0.0,0.0,0.0,0.0,0.0,0.0,0.0,0.0,0.0,0.0,0.0,0.0,0.0,0.0,0.0,0.0,0.0,0.0,0.0,0.0,0.0,0.0,0.0,0.0,0.0,0.0,0.0,0.0,0.0,0.0,0.0,0.0,0.0,0.0,0.0,0.0,0.0,0.0,0.0,0.0,0.0,0.0,0.0,0.0,0.0,0.0,0.0,0.0,0.0,47.0,47.0,47.0,47.0,47.0,0.0,0.0,0.0,0.0,0.0,0.0,0.0,0.0,0.0,0.0,0.0,0.0,0.0,0.0,0.0,0.0,0.0,0.0,0.0,0.0,0.0,0.0,0.0,0.0,0.0,0.0,0.0,0.0,0.0,0.0,0.0,47.0,47.0,...
1763031527,323300307,laser,-3.1241390705108643,3.1415927410125732,0.0034828970674425364,5.7085657317657024e-05,0.10269709676504135,0.15000000596046448,16.0,inf,inf,inf,inf,inf,inf,inf,13.944000244140625,13.944000244140625,13.944000244140625,13.944000244140625,13.944000244140625,13.920000076293945,13.920000076293945,13.920000076293945,13.920000076293945,13.880000114440918,13.895999908447266,13.895999908447266,13.904000282287598,13.920000076293945,13.920000076293945,13.895999908447266,13.895999908447266,13.86400032043457,inf,inf,inf,inf,inf,inf,inf,inf,inf,inf,inf,inf,inf,inf,inf,inf,inf,inf,inf,inf,inf,inf,inf,inf,inf,inf,3.808000087738037,3.808000087738037,3.808000087738037,3.808000087738037,3.808000087738037,3.74399995803833,3.74399995803833,3.74399995803833,3.74399995803833,3.74399995803833,3.74399995803833,3.74399995803833,3.747999906539917,3.747999906539917,3.747999906539917,3.747999906539917,2.944000005722046,2.944000005722046,2.888000011444092,2.888000011444092,2.7320001125335693,2.7320001125335693,2.6760001182556152,2.640000104904175,2.5880000591278076,2.5320000648498535,2.4800000190734863,2.4240000247955322,2.375999927520752,2.3359999656677246,2.3359999656677246,2.299999952316284,2.2119998931884766,2.2119998931884766,2.191999912261963,2.131999969482422,2.0959999561309814,2.0759999752044678,2.0480000972747803,2.0139999389648438,1.9880000352859497,1.9880000352859497,1.965999960899353,1.9459999799728394,1.937999963760376,1.9299999475479126,1.9160000085830688,1.899999976158142,1.899999976158142,1.8519999980926514,1.8519999980926514,1.8300000429153442,1.8040000200271606,1.7799999713897705,1.7580000162124634,1.7339999675750732,1.7139999866485596,1.694000005722046,1.6720000505447388,1.6720000505447388,1.6519999504089355,1.5080000162124634,1.5080000162124634,1.5080000162124634,1.5,1.4859999418258667,1.4759999513626099,inf,inf,inf,1.4040000438690186,1.4040000438690186,1.4040000438690186,1.4040000438690186,1.4040000438690186,1.3940000534057617,1.3940000534057617,...,0.0,0.0,0.0,0.0,0.0,0.0,0.0,0.0,0.0,0.0,0.0,0.0,0.0,0.0,0.0,0.0,0.0,0.0,0.0,0.0,0.0,0.0,0.0,0.0,0.0,0.0,0.0,0.0,0.0,0.0,0.0,0.0,0.0,0.0,0.0,0.0,0.0,0.0,0.0,0.0,0.0,0.0,0.0,0.0,0.0,0.0,0.0,0.0,0.0,0.0,0.0,0.0,0.0,0.0,0.0,0.0,0.0,0.0,0.0,0.0,0.0,0.0,0.0,0.0,0.0,0.0,0.0,0.0,0.0,0.0,0.0,0.0,0.0,0.0,0.0,0.0,0.0,0.0,0.0,0.0,0.0,0.0,0.0,0.0,0.0,0.0,0.0,0.0,0.0,0.0,0.0,47.0,47.0,47.0,47.0,47.0,0.0,0.0,0.0,0.0,0.0,0.0,0.0,0.0,0.0,0.0,0.0,0.0,0.0,0.0,0.0,0.0,0.0,0.0,0.0,0.0,0.0,0.0,0.0,0.0,0.0,0.0,0.0,47.0,47.0,47.0,47.0,47.0,...
1763031527,427740614,laser,-3.1241390705108643,3.1415927410125732,0.0034828970674425364,5.362750016502105e-05,0.09647586941719055,0.15000000596046448,16.0,inf,inf,inf,inf,inf,inf,inf,13.935999870300293,13.935999870300293,13.935999870300293,13.935999870300293,13.935999870300293,13.928000450134277,13.928000450134277,13.928000450134277,13.928000450134277,13.895999908447266,13.904000282287598,13.904000282287598,13.920000076293945,13.920000076293945,13.928000450134277,13.920000076293945,13.895999908447266,inf,inf,inf,inf,inf,inf,inf,inf,inf,inf,inf,inf,inf,inf,inf,inf,inf,inf,inf,inf,inf,inf,inf,inf,inf,inf,3.9159998893737793,3.9159998893737793,3.9159998893737793,3.9159998893737793,3.9159998893737793,3.815999984741211,3.815999984741211,3.815999984741211,3.752000093460083,3.74399995803833,3.74399995803833,3.74399995803833,3.740000009536743,3.74399995803833,3.747999906539917,3.752000093460083,2.884000062942505,2.884000062942505,2.828000068664551,2.828000068664551,2.828000068664551,2.759999990463257,2.691999912261963,2.640000104904175,2.5840001106262207,2.5840001106262207,2.5199999809265137,2.4679999351501465,2.427999973297119,2.375999927520752,2.3359999656677246,2.299999952316284,2.25600004196167,2.25600004196167,2.191999912261963,2.191999912261963,2.1480000019073486,2.111999988555908,2.0799999237060547,2.0480000972747803,2.0239999294281006,2.01200008392334,1.996000051498413,1.9780000448226929,1.9780000448226929,1.965999960899353,1.9520000219345093,1.9320000410079956,1.906000018119812,1.8819999694824219,1.8559999465942383,1.8300000429153442,1.8040000200271606,1.8040000200271606,1.7799999713897705,1.7580000162124634,1.7359999418258667,1.7139999866485596,1.694000005722046,1.6720000505447388,1.6540000438690186,1.5379999876022339,1.5379999876022339,1.5099999904632568,1.4980000257492065,1.4980000257492065,1.4859999418258667,1.4759999513626099,inf,inf,inf,inf,inf,1.4040000438690186,1.4040000438690186,1.4040000438690186,1.4040000438690186,1.4040000438690186,...,0.0,0.0,0.0,0.0,0.0,0.0,0.0,0.0,0.0,0.0,0.0,0.0,0.0,0.0,0.0,0.0,0.0,0.0,0.0,0.0,0.0,0.0,0.0,0.0,0.0,0.0,0.0,0.0,0.0,0.0,0.0,0.0,0.0,0.0,0.0,0.0,0.0,0.0,0.0,0.0,0.0,0.0,0.0,0.0,0.0,0.0,0.0,0.0,0.0,0.0,0.0,0.0,0.0,0.0,0.0,0.0,0.0,0.0,0.0,0.0,0.0,0.0,0.0,0.0,0.0,0.0,0.0,0.0,0.0,0.0,0.0,0.0,0.0,0.0,0.0,0.0,0.0,0.0,0.0,0.0,0.0,0.0,0.0,0.0,0.0,0.0,0.0,0.0,0.0,0.0,0.0,0.0,0.0,0.0,0.0,0.0,0.0,0.0,0.0,0.0,0.0,0.0,0.0,0.0,0.0,0.0,0.0,47.0,47.0,47.0,47.0,47.0,0.0,0.0,0.0,0.0,0.0,0.0,0.0,0.0,0.0,0.0,0.0,0.0,0.0,0.0,47.0,47.0,...
1763031527,525978687,laser,-3.1241390705108643,3.1415927410125732,0.0034828970674425364,5.35828985448461e-05,0.09639563411474228,0.15000000596046448,16.0,inf,inf,inf,inf,inf,inf,inf,inf,inf,inf,13.935999870300293,13.935999870300293,13.935999870300293,13.935999870300293,13.935999870300293,13.920000076293945,13.887999534606934,13.895999908447266,13.895999908447266,13.920000076293945,13.928000450134277,13.928000450134277,13.928000450134277,13.904000282287598,inf,inf,inf,10.479999542236328,10.479999542236328,10.479999542236328,10.479999542236328,10.479999542236328,inf,inf,inf,inf,inf,inf,inf,inf,inf,inf,inf,inf,inf,inf,inf,inf,inf,inf,inf,inf,inf,3.8559999465942383,3.8559999465942383,3.8559999465942383,3.8559999465942383,3.8559999465942383,3.7760000228881836,3.740000009536743,3.7320001125335693,3.740000009536743,3.747999906539917,3.752000093460083,3.752000093460083,3.752000093460083,2.888000011444092,2.888000011444092,2.8320000171661377,2.8320000171661377,2.8320000171661377,2.7799999713897705,2.7279999256134033,2.6559998989105225,2.6080000400543213,2.555999994277954,2.5,2.5,2.388000011444092,2.388000011444092,2.3480000495910645,2.299999952316284,2.2839999198913574,2.191999912261963,2.1600000858306885,2.1600000858306885,2.119999885559082,2.0920000076293945,2.0920000076293945,2.059999942779541,2.0239999294281006,1.996000051498413,1.972000002861023,1.9459999799728394,1.909999966621399,1.8819999694824219,1.8700000047683716,1.8539999723434448,1.8539999723434448,1.8339999914169312,1.8300000429153442,1.8200000524520874,1.805999994277954,1.7879999876022339,1.7640000581741333,1.7640000581741333,1.718000054359436,1.718000054359436,1.7000000476837158,1.684000015258789,1.6619999408721924,1.6380000114440918,1.5199999809265137,1.5199999809265137,1.5019999742507935,1.4900000095367432,1.4819999933242798,1.4819999933242798,inf,inf,inf,inf,inf,1.4140000343322754,1.4140000343322754,1.4140000343322754,1.4140000343322754,1.4140000343322754,...,0.0,0.0,0.0,0.0,0.0,0.0,0.0,0.0,0.0,0.0,0.0,0.0,0.0,0.0,0.0,0.0,0.0,47.0,47.0,47.0,47.0,47.0,0.0,0.0,0.0,0.0,0.0,0.0,0.0,0.0,0.0,0.0,0.0,0.0,0.0,0.0,0.0,0.0,0.0,0.0,0.0,0.0,0.0,0.0,0.0,0.0,0.0,0.0,0.0,0.0,0.0,0.0,0.0,0.0,0.0,0.0,0.0,0.0,0.0,0.0,0.0,0.0,0.0,0.0,0.0,0.0,0.0,0.0,0.0,0.0,0.0,0.0,0.0,0.0,0.0,0.0,0.0,0.0,0.0,0.0,0.0,0.0,0.0,0.0,0.0,0.0,0.0,0.0,0.0,0.0,0.0,0.0,0.0,0.0,0.0,0.0,0.0,0.0,0.0,0.0,0.0,0.0,0.0,0.0,0.0,0.0,0.0,0.0,0.0,0.0,0.0,0.0,0.0,0.0,0.0,0.0,0.0,0.0,0.0,0.0,0.0,0.0,0.0,0.0,0.0,0.0,0.0,0.0,...
1763031527,623992011,laser,-3.1241390705108643,3.1415927410125732,0.0034828970674425364,5.370925282477401e-05,0.09662295132875443,0.15000000596046448,16.0,inf,inf,inf,inf,inf,inf,inf,inf,inf,13.928000450134277,13.928000450134277,13.928000450134277,13.928000450134277,13.928000450134277,13.904000282287598,13.887999534606934,13.887999534606934,13.880000114440918,13.880000114440918,13.904000282287598,13.911999702453613,13.920000076293945,13.895999908447266,13.871999740600586,inf,inf,10.600000381469727,10.600000381469727,10.600000381469727,10.600000381469727,10.600000381469727,inf,inf,inf,inf,inf,inf,inf,inf,inf,inf,inf,inf,inf,inf,inf,inf,inf,inf,inf,inf,3.8519999980926514,3.8519999980926514,3.8519999980926514,3.8519999980926514,3.8519999980926514,3.7760000228881836,3.7760000228881836,3.7760000228881836,3.740000009536743,3.74399995803833,3.747999906539917,3.74399995803833,3.74399995803833,3.747999906539917,3.747999906539917,2.9200000762939453,2.9200000762939453,2.9200000762939453,2.9200000762939453,2.859999895095825,2.799999952316284,2.7320001125335693,2.6760001182556152,2.619999885559082,2.563999891281128,2.5160000324249268,2.4600000381469727,2.4600000381469727,2.359999895095825,2.359999895095825,2.328000068664551,2.299999952316284,2.184000015258789,2.184000015258789,2.187999963760376,2.1440000534057617,2.1080000400543213,2.072000026702881,2.0360000133514404,1.996000051498413,1.996000051498413,1.9700000286102295,1.944000005722046,1.909999966621399,1.8860000371932983,1.8639999628067017,1.843999981880188,1.8320000171661377,1.8279999494552612,1.8279999494552612,1.8200000524520874,1.805999994277954,1.7899999618530273,1.7699999809265137,1.75,1.7300000190734863,1.7100000381469727,1.6859999895095825,1.6619999408721924,1.6619999408721924,1.6460000276565552,1.49399995803833,1.49399995803833,1.49399995803833,1.49399995803833,1.4819999933242798,1.468000054359436,inf,inf,inf,1.399999976158142,1.399999976158142,1.399999976158142,1.399999976158142,1.399999976158142,1.3839999437332153,1.3839999437332153,...,0.0,0.0,0.0,0.0,0.0,0.0,0.0,0.0,0.0,0.0,0.0,0.0,0.0,0.0,0.0,0.0,0.0,0.0,0.0,0.0,0.0,0.0,0.0,0.0,0.0,0.0,0.0,0.0,0.0,0.0,0.0,0.0,0.0,0.0,0.0,0.0,0.0,0.0,0.0,0.0,0.0,0.0,0.0,0.0,0.0,0.0,0.0,0.0,0.0,0.0,0.0,0.0,0.0,0.0,0.0,0.0,0.0,0.0,0.0,0.0,0.0,0.0,0.0,0.0,0.0,0.0,0.0,0.0,0.0,0.0,0.0,0.0,0.0,0.0,0.0,0.0,0.0,0.0,0.0,0.0,0.0,0.0,0.0,0.0,0.0,0.0,0.0,0.0,0.0,47.0,47.0,47.0,47.0,47.0,0.0,0.0,0.0,0.0,0.0,0.0,0.0,0.0,0.0,0.0,0.0,0.0,47.0,47.0,47.0,47.0,47.0,0.0,0.0,0.0,0.0,0.0,0.0,0.0,0.0,0.0,0.0,0.0,0.0,0.0,0.0,47.0,47.0,47.0,...
1763031527,722447425,laser,-3.1241390705108643,3.1415927410125732,0.0034828970674425364,5.359114220482297e-05,0.09641046822071075,0.15000000596046448,16.0,inf,inf,inf,inf,inf,inf,inf,inf,13.928000450134277,13.928000450134277,13.928000450134277,13.928000450134277,13.928000450134277,13.904000282287598,13.904000282287598,13.887999534606934,13.895999908447266,13.895999908447266,13.904000282287598,13.904000282287598,13.911999702453613,13.911999702453613,13.895999908447266,13.871999740600586,inf,inf,inf,inf,inf,inf,inf,inf,inf,inf,inf,inf,inf,inf,inf,inf,inf,inf,inf,inf,inf,inf,inf,4.0920000076293945,4.0920000076293945,4.0920000076293945,4.0920000076293945,4.0920000076293945,3.859999895095825,3.859999895095825,3.859999895095825,3.7799999713897705,3.7799999713897705,3.7799999713897705,3.7799999713897705,3.740000009536743,3.74399995803833,3.74399995803833,3.74399995803833,3.747999906539917,3.747999906539917,3.74399995803833,3.747999906539917,2.9200000762939453,2.9200000762939453,2.859999895095825,2.859999895095825,2.799999952316284,2.7279999256134033,2.6600000858306885,2.6080000400543213,2.563999891281128,2.563999891281128,2.507999897003174,2.4560000896453857,2.4040000438690186,2.359999895095825,2.3239998817443848,2.2960000038146973,2.1760001182556152,2.1760001182556152,2.1760001182556152,2.1440000534057617,2.1440000534057617,2.1080000400543213,2.063999891281128,2.0339999198913574,2.0239999294281006,2.003999948501587,1.9859999418258667,1.9759999513626099,1.9579999446868896,1.9579999446868896,1.9359999895095825,1.9179999828338623,1.8960000276565552,1.8700000047683716,1.843999981880188,1.815999984741211,1.7899999618530273,1.7699999809265137,1.7699999809265137,1.7300000190734863,1.7300000190734863,1.7079999446868896,1.684000015258789,1.6619999408721924,1.6399999856948853,1.5160000324249268,1.5160000324249268,1.50600004196167,1.4919999837875366,1.4819999933242798,inf,inf,inf,1.4359999895095825,1.4359999895095825,1.4359999895095825,1.4359999895095825,1.4359999895095825,1.4140000343322754,1.4140000343322754,1.4140000343322754,...,0.0,0.0,0.0,0.0,0.0,0.0,0.0,0.0,0.0,0.0,0.0,0.0,0.0,0.0,0.0,0.0,0.0,0.0,0.0,47.0,47.0,47.0,47.0,47.0,0.0,0.0,0.0,0.0,0.0,0.0,0.0,0.0,0.0,0.0,0.0,0.0,0.0,0.0,0.0,0.0,0.0,0.0,0.0,0.0,0.0,0.0,0.0,0.0,0.0,0.0,0.0,0.0,0.0,0.0,0.0,0.0,0.0,0.0,0.0,0.0,0.0,0.0,0.0,0.0,0.0,0.0,0.0,0.0,0.0,0.0,0.0,0.0,0.0,0.0,0.0,0.0,0.0,0.0,0.0,0.0,0.0,0.0,0.0,0.0,0.0,0.0,0.0,0.0,0.0,0.0,0.0,0.0,0.0,0.0,0.0,0.0,0.0,0.0,0.0,0.0,0.0,0.0,0.0,0.0,0.0,0.0,0.0,0.0,0.0,0.0,0.0,0.0,0.0,0.0,0.0,0.0,0.0,0.0,0.0,0.0,0.0,0.0,0.0,0.0,0.0,0.0,0.0,0.0,...
1763031527,820395797,laser,-3.1241390705108643,3.1415927410125732,0.0034828970674425364,5.7189041399396956e-05,0.10288308560848236,0.15000000596046448,16.0,inf,inf,inf,inf,inf,inf,inf,13.920000076293945,13.920000076293945,13.920000076293945,13.920000076293945,13.920000076293945,13.904000282287598,13.904000282287598,13.904000282287598,13.887999534606934,13.887999534606934,13.887999534606934,13.904000282287598,13.904000282287598,13.920000076293945,13.911999702453613,13.895999908447266,13.880000114440918,inf,inf,inf,inf,inf,inf,inf,inf,inf,inf,inf,inf,inf,inf,inf,inf,inf,inf,inf,inf,inf,inf,inf,inf,inf,inf,inf,inf,inf,3.740000009536743,3.740000009536743,3.740000009536743,3.740000009536743,3.740000009536743,3.740000009536743,3.740000009536743,3.740000009536743,3.74399995803833,3.74399995803833,3.747999906539917,3.747999906539917,3.747999906539917,2.9200000762939453,2.859999895095825,2.859999895095825,2.859999895095825,2.859999895095825,2.799999952316284,2.7279999256134033,2.6600000858306885,2.6080000400543213,2.563999891281128,2.51200008392334,2.51200008392334,2.4639999866485596,2.4040000438690186,2.359999895095825,2.3239998817443848,2.2960000038146973,2.184000015258789,2.184000015258789,2.184000015258789,2.140000104904175,2.1080000400543213,2.1080000400543213,2.078000068664551,2.0460000038146973,2.0239999294281006,2.0,1.9739999771118164,1.9579999446868896,1.9420000314712524,1.9299999475479126,1.9299999475479126,1.9119999408721924,1.8919999599456787,1.8680000305175781,1.8420000076293945,1.8220000267028809,1.7960000038146973,1.7699999809265137,1.75,1.7300000190734863,1.7079999446868896,1.7079999446868896,1.684000015258789,1.6619999408721924,1.6419999599456787,1.5199999809265137,1.5199999809265137,1.5080000162124634,1.49399995803833,1.4819999933242798,inf,inf,inf,inf,inf,1.3980000019073486,1.3980000019073486,1.3980000019073486,1.3980000019073486,1.3980000019073486,1.3839999437332153,...,0.0,0.0,0.0,0.0,0.0,0.0,0.0,0.0,0.0,0.0,0.0,0.0,0.0,0.0,0.0,0.0,0.0,0.0,0.0,0.0,47.0,47.0,47.0,47.0,47.0,0.0,0.0,0.0,0.0,0.0,0.0,0.0,0.0,0.0,0.0,0.0,0.0,0.0,0.0,0.0,0.0,0.0,0.0,0.0,0.0,0.0,0.0,0.0,0.0,0.0,0.0,0.0,0.0,0.0,0.0,0.0,0.0,0.0,0.0,0.0,0.0,0.0,0.0,0.0,0.0,0.0,0.0,0.0,0.0,0.0,0.0,0.0,0.0,0.0,0.0,0.0,0.0,0.0,0.0,0.0,0.0,0.0,0.0,0.0,0.0,0.0,0.0,0.0,0.0,0.0,0.0,0.0,0.0,0.0,0.0,0.0,0.0,0.0,0.0,0.0,0.0,0.0,0.0,0.0,0.0,0.0,0.0,0.0,0.0,0.0,0.0,0.0,0.0,0.0,0.0,0.0,0.0,0.0,0.0,0.0,0.0,0.0,0.0,0.0,0.0,0.0,0.0,0.0,...
1763031527,924855953,laser,-3.1241390705108643,3.1415927410125732,0.0034828970674425364,5.372824307414703e-05,0.09665711224079132,0.15000000596046448,16.0,inf,inf,inf,inf,inf,inf,inf,inf,inf,13.928000450134277,13.928000450134277,13.928000450134277,13.928000450134277,13.928000450134277,13.911999702453613,13.895999908447266,13.895999908447266,13.895999908447266,13.887999534606934,13.887999534606934,13.911999702453613,13.904000282287598,13.895999908447266,13.895999908447266,inf,inf,inf,inf,inf,10.37600040435791,10.37600040435791,10.37600040435791,10.37600040435791,10.37600040435791,inf,inf,inf,inf,inf,inf,inf,inf,inf,inf,inf,inf,inf,inf,inf,inf,inf,3.803999900817871,3.803999900817871,3.803999900817871,3.803999900817871,3.803999900817871,3.747999906539917,3.747999906539917,3.747999906539917,3.74399995803833,3.74399995803833,3.74399995803833,3.74399995803833,3.747999906539917,3.747999906539917,3.752000093460083,3.752000093460083,2.9240000247955322,2.9240000247955322,2.871999979019165,2.871999979019165,2.812000036239624,2.7320001125335693,2.6760001182556152,2.640000104904175,2.5920000076293945,2.5399999618530273,2.4119999408721924,2.4119999408721924,2.364000082015991,2.328000068664551,2.328000068664551,2.2880001068115234,2.2039999961853027,2.2039999961853027,2.191999912261963,2.1440000534057617,2.1080000400543213,2.0759999752044678,2.0439999103546143,2.003999948501587,1.9739999771118164,1.9739999771118164,1.9520000219345093,1.9179999828338623,1.8919999599456787,1.8619999885559082,1.840000033378601,1.8240000009536743,1.8040000200271606,1.8040000200271606,1.7899999618530273,1.7860000133514404,1.784000039100647,1.7680000066757202,1.746000051498413,1.7300000190734863,1.7100000381469727,1.690000057220459,1.6699999570846558,1.6699999570846558,1.649999976158142,1.621999979019165,1.5099999904632568,1.5099999904632568,1.496000051498413,1.4800000190734863,inf,inf,inf,inf,1.399999976158142,1.399999976158142,1.399999976158142,1.399999976158142,1.399999976158142,1.3839999437332153,1.3839999437332153,...,0.0,0.0,0.0,0.0,0.0,0.0,0.0,0.0,0.0,0.0,0.0,0.0,0.0,0.0,0.0,0.0,0.0,0.0,0.0,0.0,0.0,0.0,0.0,0.0,0.0,0.0,0.0,0.0,0.0,0.0,0.0,0.0,0.0,0.0,0.0,0.0,0.0,0.0,0.0,0.0,0.0,0.0,0.0,0.0,0.0,0.0,0.0,0.0,0.0,0.0,0.0,0.0,0.0,0.0,0.0,0.0,0.0,0.0,0.0,0.0,0.0,0.0,0.0,0.0,0.0,0.0,0.0,0.0,0.0,0.0,0.0,0.0,0.0,0.0,0.0,0.0,0.0,0.0,0.0,0.0,0.0,0.0,0.0,0.0,0.0,0.0,0.0,0.0,0.0,0.0,0.0,0.0,0.0,0.0,0.0,0.0,0.0,0.0,0.0,0.0,0.0,0.0,0.0,0.0,0.0,0.0,0.0,0.0,0.0,0.0,0.0,0.0,0.0,0.0,0.0,0.0,0.0,0.0,0.0,0.0,0.0,0.0,0.0,0.0,0.0,47.0,47.0,47.0,...
1763031528,23137887,laser,-3.1241390705108643,3.1415927410125732,0.0034828970674425364,5.376304761739448e-05,0.09671971946954727,0.15000000596046448,16.0,inf,inf,inf,inf,inf,inf,inf,13.935999870300293,13.935999870300293,13.935999870300293,13.935999870300293,13.935999870300293,13.920000076293945,13.920000076293945,13.920000076293945,13.920000076293945,13.895999908447266,13.887999534606934,13.871999740600586,13.911999702453613,13.920000076293945,13.920000076293945,13.920000076293945,13.911999702453613,inf,inf,inf,inf,10.407999992370605,10.407999992370605,10.407999992370605,10.407999992370605,10.407999992370605,inf,inf,inf,inf,inf,inf,inf,inf,inf,inf,inf,inf,inf,inf,inf,inf,inf,inf,inf,3.803999900817871,3.803999900817871,3.803999900817871,3.803999900817871,3.803999900817871,3.752000093460083,3.752000093460083,3.747999906539917,3.74399995803833,3.74399995803833,3.740000009536743,3.747999906539917,3.747999906539917,3.752000093460083,2.927999973297119,2.875999927520752,2.875999927520752,2.875999927520752,2.812000036239624,2.7360000610351562,2.7360000610351562,2.640000104904175,2.640000104904175,2.5880000591278076,2.5399999618530273,2.4800000190734863,2.4200000762939453,2.375999927520752,2.328000068664551,2.2920000553131104,2.2920000553131104,2.187999963760376,2.187999963760376,2.187999963760376,2.1519999504089355,2.115999937057495,2.0759999752044678,2.0460000038146973,2.009999990463257,1.9800000190734863,1.9539999961853027,1.9539999961853027,1.9179999828338623,1.8960000276565552,1.8799999952316284,1.8680000305175781,1.8639999628067017,1.8559999465942383,1.840000033378601,1.840000033378601,1.8220000267028809,1.7999999523162842,1.777999997138977,1.753999948501587,1.7300000190734863,1.7100000381469727,1.690000057220459,1.6699999570846558,1.6699999570846558,1.649999976158142,1.5080000162124634,1.496000051498413,1.496000051498413,1.496000051498413,1.4839999675750732,inf,inf,inf,inf,inf,1.4040000438690186,1.4040000438690186,1.4040000438690186,1.4040000438690186,1.4040000438690186,1.3860000371932983,...,0.0,0.0,0.0,0.0,0.0,0.0,0.0,0.0,0.0,0.0,0.0,0.0,0.0,0.0,0.0,0.0,0.0,0.0,0.0,0.0,0.0,0.0,0.0,0.0,0.0,0.0,0.0,0.0,0.0,0.0,0.0,0.0,0.0,0.0,0.0,0.0,0.0,0.0,0.0,0.0,0.0,0.0,0.0,0.0,0.0,0.0,0.0,0.0,0.0,0.0,0.0,0.0,0.0,0.0,0.0,0.0,0.0,0.0,0.0,0.0,0.0,0.0,0.0,0.0,0.0,0.0,0.0,0.0,0.0,0.0,0.0,0.0,0.0,0.0,0.0,0.0,0.0,0.0,0.0,0.0,0.0,0.0,0.0,0.0,0.0,0.0,0.0,0.0,0.0,0.0,0.0,0.0,0.0,0.0,0.0,0.0,0.0,0.0,0.0,0.0,0.0,0.0,0.0,0.0,0.0,0.0,0.0,0.0,0.0,0.0,0.0,0.0,0.0,0.0,0.0,0.0,0.0,0.0,0.0,0.0,0.0,0.0,0.0,0.0,0.0,0.0,0.0,0.0,...
1763031528,121549073,laser,-3.1241390705108643,3.1415927410125732,0.0034828970674425364,5.363030140870251e-05,0.09648091346025467,0.15000000596046448,16.0,inf,inf,inf,inf,inf,inf,inf,inf,13.944000244140625,13.944000244140625,13.944000244140625,13.944000244140625,13.944000244140625,13.928000450134277,13.928000450134277,13.928000450134277,13.911999702453613,13.895999908447266,13.904000282287598,13.920000076293945,13.920000076293945,13.920000076293945,13.920000076293945,13.904000282287598,inf,inf,inf,inf,inf,10.496000289916992,10.496000289916992,10.496000289916992,10.496000289916992,10.496000289916992,inf,inf,inf,inf,inf,inf,inf,inf,inf,inf,inf,inf,inf,inf,inf,inf,3.8959999084472656,3.8959999084472656,3.8959999084472656,3.8959999084472656,3.8959999084472656,3.808000087738037,3.808000087738037,3.808000087738037,3.752000093460083,3.74399995803833,3.74399995803833,3.74399995803833,3.740000009536743,3.747999906539917,3.747999906539917,3.752000093460083,2.888000011444092,2.888000011444092,2.819999933242798,2.819999933242798,2.819999933242798,2.819999933242798,2.74399995803833,2.680000066757202,2.635999917984009,2.5880000591278076,2.5239999294281006,2.4679999351501465,2.4240000247955322,2.371999979019165,2.3320000171661377,2.2920000553131104,2.2920000553131104,2.24399995803833,2.2160000801086426,2.187999963760376,2.1519999504089355,2.115999937057495,2.0759999752044678,2.0480000972747803,2.0280001163482666,2.01200008392334,2.002000093460083,1.9919999837875366,1.9919999837875366,1.972000002861023,1.9559999704360962,1.9320000410079956,1.909999966621399,1.8819999694824219,1.8519999980926514,1.8279999494552612,1.8279999494552612,1.7999999523162842,1.7760000228881836,1.753999948501587,1.7300000190734863,1.7100000381469727,1.6920000314712524,1.6699999570846558,1.649999976158142,1.649999976158142,1.5199999809265137,1.5080000162124634,1.5080000162124634,1.496000051498413,1.4839999675750732,inf,inf,inf,inf,inf,inf,1.4040000438690186,1.4040000438690186,1.4040000438690186,1.4040000438690186,1.4040000438690186,...,0.0,0.0,0.0,0.0,0.0,0.0,0.0,0.0,0.0,0.0,0.0,0.0,0.0,0.0,0.0,0.0,0.0,0.0,47.0,47.0,47.0,47.0,47.0,0.0,0.0,0.0,0.0,0.0,0.0,0.0,0.0,0.0,0.0,0.0,0.0,0.0,0.0,0.0,0.0,0.0,0.0,0.0,0.0,0.0,0.0,0.0,0.0,0.0,0.0,0.0,0.0,0.0,0.0,0.0,0.0,0.0,0.0,0.0,0.0,0.0,0.0,0.0,0.0,0.0,0.0,0.0,0.0,0.0,0.0,0.0,0.0,0.0,0.0,0.0,0.0,0.0,0.0,0.0,0.0,0.0,0.0,0.0,0.0,0.0,0.0,0.0,0.0,0.0,0.0,0.0,0.0,0.0,0.0,0.0,0.0,0.0,0.0,0.0,0.0,0.0,0.0,0.0,0.0,0.0,0.0,0.0,0.0,0.0,0.0,0.0,0.0,0.0,0.0,0.0,0.0,0.0,0.0,0.0,0.0,0.0,0.0,0.0,0.0,0.0,0.0,0.0,0.0,0.0,...
1763031528,220005223,laser,-3.1241390705108643,3.1415927410125732,0.0034828970674425364,5.3555086196865886e-05,0.09634560346603394,0.15000000596046448,16.0,inf,inf,inf,inf,inf,inf,inf,inf,inf,inf,13.928000450134277,13.928000450134277,13.928000450134277,13.928000450134277,13.928000450134277,13.911999702453613,13.911999702453613,13.911999702453613,13.904000282287598,13.920000076293945,13.935999870300293,13.911999702453613,13.911999702453613,13.911999702453613,inf,inf,inf,10.496000289916992,10.496000289916992,10.496000289916992,10.496000289916992,10.496000289916992,inf,inf,inf,inf,inf,inf,inf,inf,inf,inf,inf,inf,inf,inf,inf,inf,inf,inf,inf,3.884000062942505,3.884000062942505,3.884000062942505,3.884000062942505,3.884000062942505,3.7880001068115234,3.7880001068115234,3.7880001068115234,3.74399995803833,3.74399995803833,3.747999906539917,3.74399995803833,3.747999906539917,3.747999906539917,3.747999906539917,2.936000108718872,2.936000108718872,2.936000108718872,2.936000108718872,2.868000030517578,2.7960000038146973,2.7360000610351562,2.6600000858306885,2.6080000400543213,2.563999891281128,2.507999897003174,2.4639999866485596,2.4639999866485596,2.4200000762939453,2.371999979019165,2.328000068664551,2.303999900817871,2.184000015258789,2.184000015258789,2.184000015258789,2.131999969482422,2.0999999046325684,2.0999999046325684,2.072000026702881,2.0399999618530273,2.01200008392334,1.9839999675750732,1.9520000219345093,1.9220000505447388,1.899999976158142,1.8899999856948853,1.8839999437332153,1.871999979019165,1.871999979019165,1.8559999465942383,1.8339999914169312,1.8200000524520874,1.7999999523162842,1.7740000486373901,1.75,1.7300000190734863,1.7079999446868896,1.7079999446868896,1.6859999895095825,1.6640000343322754,1.6460000276565552,1.5180000066757202,1.5080000162124634,1.5080000162124634,1.49399995803833,1.468000054359436,inf,1.4299999475479126,1.4299999475479126,1.4299999475479126,1.4299999475479126,1.4299999475479126,1.399999976158142,1.399999976158142,1.399999976158142,1.3819999694824219,1.3819999694824219,...,0.0,0.0,0.0,0.0,0.0,0.0,0.0,0.0,0.0,0.0,0.0,0.0,0.0,0.0,0.0,0.0,0.0,47.0,47.0,47.0,47.0,47.0,0.0,0.0,0.0,0.0,0.0,0.0,0.0,0.0,0.0,0.0,0.0,0.0,0.0,0.0,0.0,0.0,0.0,0.0,0.0,0.0,0.0,0.0,0.0,0.0,0.0,0.0,0.0,0.0,0.0,0.0,0.0,0.0,0.0,0.0,0.0,0.0,0.0,0.0,0.0,0.0,0.0,0.0,0.0,0.0,0.0,0.0,0.0,0.0,0.0,0.0,0.0,0.0,0.0,0.0,0.0,0.0,0.0,0.0,0.0,0.0,0.0,0.0,0.0,0.0,0.0,0.0,0.0,0.0,0.0,0.0,0.0,0.0,0.0,0.0,0.0,0.0,0.0,0.0,0.0,0.0,0.0,0.0,0.0,0.0,0.0,0.0,0.0,0.0,0.0,0.0,0.0,0.0,0.0,0.0,0.0,0.0,0.0,0.0,0.0,0.0,0.0,0.0,0.0,0.0,0.0,0.0,...
1763031528,318493147,laser,-3.1241390705108643,3.1415927410125732,0.0034828970674425364,5.340767529560253e-05,0.09608040750026703,0.15000000596046448,16.0,inf,inf,inf,inf,inf,inf,inf,inf,13.928000450134277,13.928000450134277,13.928000450134277,13.928000450134277,13.928000450134277,13.904000282287598,13.904000282287598,13.904000282287598,13.920000076293945,13.911999702453613,13.887999534606934,13.887999534606934,13.920000076293945,13.935999870300293,13.911999702453613,inf,inf,inf,inf,inf,10.383999824523926,10.383999824523926,10.383999824523926,10.383999824523926,10.383999824523926,inf,inf,inf,inf,inf,inf,inf,inf,inf,inf,inf,inf,inf,inf,inf,inf,inf,inf,inf,3.75600004196167,3.75600004196167,3.75600004196167,3.75600004196167,3.75600004196167,3.747999906539917,3.747999906539917,3.747999906539917,3.740000009536743,3.740000009536743,3.7360000610351562,3.74399995803833,3.747999906539917,3.752000093460083,2.884000062942505,2.884000062942505,2.884000062942505,2.884000062942505,2.8359999656677246,2.7039999961853027,2.7039999961853027,2.6519999504089355,2.6519999504089355,2.6080000400543213,2.559999942779541,2.496000051498413,2.444000005722046,2.380000114440918,2.3320000171661377,2.2960000038146973,2.2679998874664307,2.2679998874664307,2.2360000610351562,2.187999963760376,2.1480000019073486,2.111999988555908,2.0799999237060547,2.0460000038146973,2.01200008392334,1.9839999675750732,1.9600000381469727,1.9279999732971191,1.9279999732971191,1.899999976158142,1.871999979019165,1.8559999465942383,1.840000033378601,1.8179999589920044,1.8140000104904175,1.805999994277954,1.7920000553131104,1.7920000553131104,1.777999997138977,1.75600004196167,1.7380000352859497,1.7200000286102295,1.6979999542236328,1.6799999475479126,1.659999966621399,1.6319999694824219,1.5160000324249268,1.5019999742507935,1.5019999742507935,1.5019999742507935,1.4880000352859497,1.4739999771118164,inf,inf,inf,inf,1.406000018119812,1.406000018119812,1.406000018119812,1.406000018119812,1.406000018119812,1.3919999599456787,...,0.0,0.0,0.0,0.0,0.0,0.0,0.0,0.0,0.0,0.0,0.0,0.0,0.0,0.0,0.0,0.0,0.0,0.0,0.0,0.0,0.0,0.0,0.0,0.0,0.0,0.0,0.0,0.0,0.0,0.0,0.0,0.0,0.0,0.0,0.0,0.0,0.0,0.0,0.0,0.0,0.0,0.0,0.0,0.0,0.0,0.0,0.0,0.0,0.0,0.0,0.0,0.0,0.0,0.0,0.0,0.0,0.0,0.0,0.0,0.0,0.0,0.0,0.0,0.0,0.0,0.0,0.0,0.0,0.0,0.0,0.0,0.0,0.0,0.0,0.0,0.0,0.0,0.0,0.0,0.0,0.0,0.0,0.0,0.0,0.0,0.0,0.0,0.0,0.0,0.0,0.0,0.0,0.0,0.0,0.0,0.0,0.0,0.0,0.0,0.0,0.0,0.0,0.0,0.0,0.0,0.0,0.0,0.0,0.0,0.0,0.0,0.0,0.0,0.0,0.0,0.0,0.0,0.0,0.0,0.0,0.0,0.0,0.0,0.0,0.0,0.0,0.0,0.0,...
1763031528,416514897,laser,-3.1241390705108643,3.1415927410125732,0.0034828970674425364,5.6942626542877406e-05,0.10243978351354599,0.15000000596046448,16.0,inf,inf,inf,inf,inf,inf,inf,inf,13.95199966430664,13.95199966430664,13.95199966430664,13.95199966430664,13.95199966430664,13.935999870300293,13.935999870300293,13.904000282287598,13.904000282287598,13.95199966430664,13.960000038146973,13.911999702453613,13.920000076293945,13.935999870300293,13.911999702453613,13.887999534606934,13.887999534606934,inf,inf,inf,inf,10.472000122070312,10.472000122070312,10.472000122070312,10.472000122070312,10.472000122070312,inf,inf,inf,inf,inf,inf,inf,inf,inf,inf,inf,inf,inf,inf,inf,inf,inf,inf,inf,inf,3.799999952316284,3.799999952316284,3.799999952316284,3.799999952316284,3.799999952316284,3.74399995803833,3.74399995803833,3.74399995803833,3.74399995803833,3.747999906539917,3.747999906539917,3.747999906539917,3.752000093460083,2.936000108718872,2.936000108718872,2.875999927520752,2.875999927520752,2.808000087738037,2.7320001125335693,2.671999931335449,2.619999885559082,2.563999891281128,2.5199999809265137,2.5199999809265137,2.371999979019165,2.371999979019165,2.371999979019165,2.3320000171661377,2.2960000038146973,2.200000047683716,2.200000047683716,2.184000015258789,2.131999969482422,2.1040000915527344,2.1040000915527344,2.0799999237060547,2.0460000038146973,2.01200008392334,1.9839999675750732,1.9559999704360962,1.9259999990463257,1.9140000343322754,1.9119999408721924,1.9119999408721924,1.9019999504089355,1.8899999856948853,1.8700000047683716,1.8459999561309814,1.8240000009536743,1.7999999523162842,1.7740000486373901,1.7519999742507935,1.7300000190734863,1.7100000381469727,1.7100000381469727,1.687999963760376,1.6640000343322754,1.6440000534057617,1.5260000228881836,1.5260000228881836,1.50600004196167,1.4980000257492065,1.4859999418258667,inf,inf,inf,1.4179999828338623,1.4179999828338623,1.4179999828338623,1.4179999828338623,1.4179999828338623,1.4019999504089355,1.4019999504089355,1.4019999504089355,...,0.0,0.0,0.0,0.0,0.0,0.0,0.0,0.0,0.0,0.0,0.0,0.0,0.0,0.0,0.0,0.0,0.0,0.0,47.0,47.0,47.0,47.0,47.0,0.0,0.0,0.0,0.0,0.0,0.0,0.0,0.0,0.0,0.0,0.0,0.0,0.0,0.0,0.0,0.0,0.0,0.0,0.0,0.0,0.0,0.0,0.0,0.0,0.0,0.0,0.0,0.0,0.0,0.0,0.0,0.0,0.0,0.0,0.0,0.0,0.0,0.0,0.0,0.0,0.0,0.0,0.0,0.0,0.0,0.0,0.0,0.0,0.0,0.0,0.0,0.0,0.0,0.0,0.0,0.0,0.0,0.0,0.0,0.0,0.0,0.0,0.0,0.0,0.0,0.0,0.0,47.0,47.0,47.0,47.0,47.0,0.0,0.0,0.0,0.0,0.0,0.0,0.0,0.0,0.0,0.0,0.0,0.0,0.0,0.0,0.0,0.0,0.0,0.0,0.0,0.0,0.0,0.0,0.0,0.0,0.0,0.0,0.0,0.0,0.0,0.0,0.0,47.0,47.0,...
1763031528,520438651,laser,-3.1241390705108643,3.1415927410125732,0.0034828970674425364,5.380679067457095e-05,0.09679841250181198,0.15000000596046448,16.0,inf,inf,inf,inf,inf,inf,inf,inf,inf,inf,13.944000244140625,13.944000244140625,13.944000244140625,13.944000244140625,13.944000244140625,13.935999870300293,13.935999870300293,13.968000411987305,13.960000038146973,13.960000038146973,13.944000244140625,13.944000244140625,13.944000244140625,13.911999702453613,inf,inf,inf,inf,inf,inf,inf,inf,inf,inf,inf,inf,inf,inf,inf,inf,inf,inf,inf,inf,inf,inf,inf,inf,inf,inf,inf,inf,inf,3.759999990463257,3.759999990463257,3.759999990463257,3.759999990463257,3.759999990463257,3.740000009536743,3.740000009536743,3.7320001125335693,3.740000009536743,3.747999906539917,3.747999906539917,3.752000093460083,3.752000093460083,2.8919999599456787,2.8919999599456787,2.8320000171661377,2.8320000171661377,2.8320000171661377,2.7720000743865967,2.7119998931884766,2.6559998989105225,2.6080000400543213,2.6080000400543213,2.559999942779541,2.5,2.444000005722046,2.3919999599456787,2.3519999980926514,2.308000087738037,2.2799999713897705,2.247999906539917,2.247999906539917,2.1679999828338623,2.1679999828338623,2.131999969482422,2.0959999561309814,2.065999984741211,2.0360000133514404,2.01200008392334,1.9919999837875366,1.9759999513626099,1.968000054359436,1.968000054359436,1.9520000219345093,1.934000015258789,1.9119999408721924,1.8839999437332153,1.8639999628067017,1.840000033378601,1.8140000104904175,1.7899999618530273,1.7899999618530273,1.7680000066757202,1.746000051498413,1.7259999513626099,1.7059999704360962,1.684000015258789,1.6619999408721924,1.6360000371932983,1.5160000324249268,1.5160000324249268,1.50600004196167,1.4919999837875366,1.4919999837875366,1.4759999513626099,inf,inf,inf,inf,inf,1.3980000019073486,1.3980000019073486,1.3980000019073486,1.3980000019073486,1.3980000019073486,...,0.0,0.0,0.0,0.0,0.0,0.0,0.0,0.0,0.0,0.0,0.0,0.0,0.0,0.0,0.0,0.0,0.0,0.0,0.0,0.0,0.0,0.0,0.0,0.0,0.0,0.0,0.0,0.0,0.0,0.0,0.0,0.0,0.0,0.0,0.0,0.0,0.0,0.0,0.0,0.0,0.0,0.0,0.0,0.0,0.0,0.0,0.0,0.0,0.0,0.0,0.0,0.0,0.0,0.0,0.0,0.0,0.0,0.0,0.0,0.0,0.0,0.0,0.0,0.0,0.0,0.0,0.0,0.0,0.0,0.0,0.0,0.0,0.0,0.0,0.0,0.0,0.0,0.0,0.0,0.0,0.0,0.0,0.0,0.0,0.0,0.0,0.0,0.0,0.0,0.0,0.0,0.0,0.0,0.0,0.0,0.0,0.0,0.0,0.0,0.0,0.0,0.0,0.0,0.0,0.0,0.0,0.0,0.0,0.0,0.0,0.0,0.0,0.0,0.0,0.0,0.0,0.0,0.0,0.0,0.0,0.0,0.0,0.0,0.0,0.0,0.0,0.0,0.0,...
1763031528,618857383,laser,-3.1241390705108643,3.1415927410125732,0.0034828970674425364,5.373885142034851e-05,0.09667619317770004,0.15000000596046448,16.0,inf,inf,inf,inf,inf,inf,inf,inf,inf,13.960000038146973,13.960000038146973,13.960000038146973,13.960000038146973,13.960000038146973,13.935999870300293,13.911999702453613,13.928000450134277,13.928000450134277,13.920000076293945,13.904000282287598,13.928000450134277,13.944000244140625,13.911999702453613,13.895999908447266,13.895999908447266,inf,inf,inf,inf,inf,inf,inf,inf,inf,inf,inf,inf,inf,inf,inf,inf,inf,inf,inf,inf,inf,inf,inf,inf,inf,3.9000000953674316,3.9000000953674316,3.9000000953674316,3.9000000953674316,3.9000000953674316,3.812000036239624,3.812000036239624,3.812000036239624,3.752000093460083,3.74399995803833,3.74399995803833,3.74399995803833,3.740000009536743,3.74399995803833,3.747999906539917,3.752000093460083,2.884000062942505,2.884000062942505,2.819999933242798,2.819999933242798,2.819999933242798,2.752000093460083,2.752000093460083,2.6519999504089355,2.5920000076293945,2.5920000076293945,2.5360000133514404,2.4839999675750732,2.440000057220459,2.384000062942505,2.3359999656677246,2.2960000038146973,2.24399995803833,2.2160000801086426,2.196000099182129,2.196000099182129,2.1600000858306885,2.115999937057495,2.0880000591278076,2.053999900817871,2.01200008392334,1.9859999418258667,1.9600000381469727,1.9259999990463257,1.9259999990463257,1.8980000019073486,1.8739999532699585,1.850000023841858,1.8380000591278076,1.8259999752044678,1.8179999589920044,1.8079999685287476,1.7940000295639038,1.7940000295639038,1.777999997138977,1.75600004196167,1.7359999418258667,1.718000054359436,1.6959999799728394,1.6759999990463257,1.656000018119812,1.6319999694824219,1.5140000581741333,1.5140000581741333,1.4980000257492065,1.4980000257492065,1.4839999675750732,1.472000002861023,inf,inf,inf,inf,inf,1.4019999504089355,1.4019999504089355,1.4019999504089355,1.4019999504089355,1.4019999504089355,...,0.0,0.0,0.0,0.0,0.0,0.0,0.0,0.0,0.0,0.0,0.0,0.0,0.0,0.0,0.0,0.0,0.0,47.0,47.0,47.0,47.0,47.0,0.0,0.0,0.0,0.0,0.0,0.0,0.0,0.0,0.0,0.0,0.0,0.0,0.0,0.0,0.0,0.0,0.0,0.0,0.0,0.0,0.0,0.0,0.0,0.0,0.0,0.0,0.0,0.0,0.0,0.0,0.0,0.0,0.0,0.0,0.0,0.0,0.0,0.0,0.0,0.0,0.0,0.0,0.0,0.0,0.0,0.0,0.0,0.0,0.0,47.0,47.0,47.0,47.0,47.0,0.0,0.0,0.0,0.0,0.0,0.0,0.0,0.0,0.0,0.0,0.0,0.0,0.0,47.0,47.0,47.0,47.0,47.0,0.0,0.0,0.0,0.0,0.0,0.0,0.0,0.0,0.0,0.0,0.0,0.0,0.0,0.0,0.0,0.0,0.0,0.0,0.0,0.0,0.0,0.0,0.0,0.0,0.0,0.0,0.0,0.0,0.0,0.0,47.0,47.0,47.0,47.0,...
1763031528,717321874,laser,-3.1241390705108643,3.1415927410125732,0.0034828970674425364,5.363397576729767e-05,0.09648752212524414,0.15000000596046448,16.0,inf,inf,inf,inf,inf,inf,inf,inf,inf,inf,13.95199966430664,13.95199966430664,13.95199966430664,13.95199966430664,13.95199966430664,13.935999870300293,13.911999702453613,13.895999908447266,13.887999534606934,13.935999870300293,13.95199966430664,13.944000244140625,13.944000244140625,13.920000076293945,13.911999702453613,inf,inf,10.479999542236328,10.479999542236328,10.479999542236328,10.479999542236328,10.479999542236328,inf,inf,inf,inf,inf,inf,inf,inf,inf,inf,inf,inf,inf,inf,inf,inf,inf,inf,inf,inf,inf,inf,3.7799999713897705,3.7799999713897705,3.7799999713897705,3.7799999713897705,3.7799999713897705,3.740000009536743,3.740000009536743,3.747999906539917,3.747999906539917,3.747999906539917,3.747999906539917,3.747999906539917,2.9040000438690186,2.9040000438690186,2.9040000438690186,2.8519999980926514,2.8519999980926514,2.799999952316284,2.7279999256134033,2.6559998989105225,2.611999988555908,2.563999891281128,2.5199999809265137,2.5199999809265137,2.3559999465942383,2.3559999465942383,2.3559999465942383,2.3239998817443848,2.2960000038146973,2.180000066757202,2.180000066757202,2.184000015258789,2.131999969482422,2.1040000915527344,2.072000026702881,2.072000026702881,2.0399999618530273,2.003999948501587,1.9780000448226929,1.9479999542236328,1.9079999923706055,1.8880000114440918,1.8799999952316284,1.871999979019165,1.8639999628067017,1.8539999723434448,1.8539999723434448,1.8380000591278076,1.8200000524520874,1.7979999780654907,1.7719999551773071,1.75,1.7280000448226929,1.7079999446868896,1.6859999895095825,1.6859999895095825,1.6660000085830688,1.6480000019073486,1.5299999713897705,1.5299999713897705,1.50600004196167,1.496000051498413,1.4839999675750732,inf,inf,inf,inf,inf,inf,1.4019999504089355,1.4019999504089355,1.4019999504089355,1.4019999504089355,1.4019999504089355,...,0.0,0.0,0.0,0.0,0.0,0.0,0.0,0.0,0.0,0.0,0.0,0.0,0.0,0.0,0.0,0.0,0.0,0.0,0.0,0.0,0.0,0.0,0.0,0.0,0.0,0.0,0.0,0.0,0.0,0.0,0.0,0.0,0.0,0.0,0.0,0.0,0.0,0.0,0.0,0.0,0.0,0.0,0.0,0.0,0.0,0.0,0.0,0.0,0.0,0.0,0.0,0.0,0.0,0.0,0.0,0.0,0.0,0.0,0.0,0.0,0.0,0.0,0.0,0.0,0.0,0.0,0.0,0.0,0.0,0.0,0.0,0.0,0.0,0.0,0.0,0.0,0.0,0.0,0.0,0.0,0.0,0.0,0.0,0.0,0.0,0.0,0.0,0.0,0.0,0.0,0.0,0.0,0.0,0.0,0.0,0.0,0.0,0.0,0.0,0.0,0.0,0.0,0.0,0.0,0.0,47.0,47.0,47.0,47.0,47.0,0.0,0.0,0.0,0.0,0.0,0.0,0.0,0.0,0.0,0.0,0.0,0.0,0.0,0.0,0.0,0.0,0.0,0.0,...
1763031528,815564343,laser,-3.1241390705108643,3.1415927410125732,0.0034828970674425364,5.362231968319975e-05,0.0964665487408638,0.15000000596046448,16.0,inf,inf,inf,inf,inf,inf,inf,13.968000411987305,13.968000411987305,13.968000411987305,13.968000411987305,13.968000411987305,13.944000244140625,13.944000244140625,13.944000244140625,13.920000076293945,13.928000450134277,13.928000450134277,13.928000450134277,13.920000076293945,13.935999870300293,13.95199966430664,13.935999870300293,inf,inf,inf,inf,10.53600025177002,10.53600025177002,10.53600025177002,10.53600025177002,10.53600025177002,10.312000274658203,10.312000274658203,10.312000274658203,inf,inf,inf,inf,inf,inf,inf,inf,inf,inf,inf,inf,inf,inf,inf,inf,inf,inf,inf,3.7799999713897705,3.7799999713897705,3.7799999713897705,3.7799999713897705,3.7799999713897705,3.740000009536743,3.740000009536743,3.747999906539917,3.747999906539917,3.747999906539917,3.747999906539917,3.747999906539917,3.747999906539917,2.9079999923706055,2.9079999923706055,2.8559999465942383,2.8559999465942383,2.799999952316284,2.7279999256134033,2.6600000858306885,2.611999988555908,2.563999891281128,2.507999897003174,2.507999897003174,2.4639999866485596,2.4079999923706055,2.3480000495910645,2.315999984741211,2.2960000038146973,2.180000066757202,2.180000066757202,2.180000066757202,2.131999969482422,2.1040000915527344,2.1040000915527344,2.072000026702881,2.0420000553131104,2.0239999294281006,2.00600004196167,1.9839999675750732,1.972000002861023,1.9559999704360962,1.940000057220459,1.940000057220459,1.9199999570846558,1.8960000276565552,1.871999979019165,1.8480000495910645,1.8220000267028809,1.7979999780654907,1.7719999551773071,1.75,1.7300000190734863,1.7079999446868896,1.7079999446868896,1.6859999895095825,1.6660000085830688,1.6480000019073486,1.5180000066757202,1.5180000066757202,1.50600004196167,1.496000051498413,1.4839999675750732,inf,inf,inf,1.4320000410079956,1.4320000410079956,1.4320000410079956,1.4320000410079956,1.4320000410079956,1.409999966621399,1.409999966621399,1.4019999504089355,...,0.0,0.0,0.0,0.0,0.0,0.0,0.0,0.0,0.0,0.0,0.0,0.0,0.0,0.0,0.0,0.0,0.0,0.0,0.0,0.0,0.0,0.0,0.0,0.0,0.0,0.0,0.0,0.0,0.0,0.0,0.0,0.0,0.0,0.0,0.0,0.0,0.0,0.0,0.0,0.0,0.0,0.0,0.0,0.0,0.0,0.0,0.0,0.0,0.0,0.0,0.0,0.0,0.0,0.0,0.0,0.0,0.0,0.0,0.0,0.0,0.0,0.0,0.0,0.0,0.0,0.0,0.0,0.0,0.0,0.0,0.0,0.0,0.0,0.0,0.0,0.0,0.0,0.0,0.0,0.0,0.0,0.0,0.0,0.0,0.0,0.0,0.0,0.0,0.0,0.0,0.0,47.0,47.0,47.0,47.0,47.0,0.0,0.0,0.0,0.0,0.0,0.0,0.0,0.0,0.0,0.0,0.0,0.0,0.0,0.0,0.0,0.0,0.0,0.0,0.0,0.0,0.0,0.0,0.0,0.0,0.0,0.0,0.0,0.0,0.0,0.0,0.0,0.0,...
1763031528,913700103,laser,-3.1241390705108643,3.1415927410125732,0.0034828970674425364,5.7117627875413746e-05,0.102754607796669,0.15000000596046448,16.0,inf,inf,inf,inf,inf,inf,inf,13.95199966430664,13.95199966430664,13.95199966430664,13.95199966430664,13.95199966430664,13.935999870300293,13.935999870300293,13.935999870300293,13.920000076293945,13.935999870300293,13.935999870300293,13.935999870300293,13.928000450134277,13.935999870300293,13.95199966430664,13.935999870300293,13.904000282287598,inf,inf,inf,10.543999671936035,10.543999671936035,10.543999671936035,10.543999671936035,10.543999671936035,10.359999656677246,10.359999656677246,10.359999656677246,inf,inf,inf,inf,inf,inf,inf,inf,inf,inf,inf,inf,inf,inf,inf,3.8959999084472656,3.8959999084472656,3.8959999084472656,3.8959999084472656,3.8959999084472656,3.799999952316284,3.799999952316284,3.799999952316284,3.799999952316284,3.740000009536743,3.740000009536743,3.74399995803833,3.74399995803833,3.747999906539917,3.752000093460083,3.752000093460083,3.747999906539917,2.944000005722046,2.944000005722046,2.868000030517578,2.868000030517578,2.799999952316284,2.7279999256134033,2.6679999828338623,2.619999885559082,2.568000078201294,2.51200008392334,2.4639999866485596,2.4639999866485596,2.371999979019165,2.371999979019165,2.3359999656677246,2.303999900817871,2.200000047683716,2.200000047683716,2.180000066757202,2.1440000534057617,2.111999988555908,2.0799999237060547,2.0799999237060547,2.0460000038146973,2.009999990463257,1.9819999933242798,1.9520000219345093,1.9220000505447388,1.899999976158142,1.8880000114440918,1.8760000467300415,1.8680000305175781,1.8559999465942383,1.8559999465942383,1.8359999656677246,1.8179999589920044,1.7979999780654907,1.7760000228881836,1.753999948501587,1.7300000190734863,1.7120000123977661,1.694000005722046,1.694000005722046,1.6699999570846558,1.6480000019073486,1.50600004196167,1.50600004196167,1.50600004196167,1.49399995803833,1.4819999933242798,inf,inf,inf,inf,inf,inf,1.399999976158142,1.399999976158142,1.399999976158142,1.399999976158142,1.399999976158142,...,0.0,0.0,0.0,0.0,0.0,0.0,0.0,0.0,0.0,0.0,0.0,0.0,0.0,0.0,0.0,0.0,0.0,0.0,0.0,0.0,47.0,47.0,47.0,47.0,47.0,0.0,0.0,0.0,0.0,0.0,0.0,0.0,0.0,0.0,0.0,0.0,0.0,0.0,0.0,0.0,0.0,0.0,0.0,0.0,0.0,0.0,0.0,0.0,0.0,0.0,0.0,0.0,0.0,0.0,0.0,0.0,0.0,0.0,0.0,0.0,0.0,0.0,0.0,0.0,0.0,0.0,0.0,0.0,0.0,0.0,47.0,47.0,47.0,47.0,47.0,0.0,0.0,0.0,0.0,0.0,0.0,0.0,0.0,0.0,0.0,0.0,0.0,0.0,0.0,0.0,0.0,0.0,0.0,0.0,0.0,0.0,0.0,0.0,0.0,0.0,0.0,0.0,0.0,0.0,0.0,0.0,0.0,0.0,0.0,0.0,0.0,0.0,0.0,0.0,0.0,0.0,0.0,0.0,0.0,0.0,0.0,0.0,0.0,0.0,0.0,0.0,0.0,0.0,...
1763031529,18071078,laser,-3.1241390705108643,3.1415927410125732,0.0034828970674425364,5.3709860367234796e-05,0.09662403911352158,0.15000000596046448,16.0,inf,inf,inf,inf,inf,inf,inf,13.935999870300293,13.935999870300293,13.935999870300293,13.935999870300293,13.935999870300293,13.911999702453613,13.911999702453613,13.911999702453613,13.904000282287598,13.928000450134277,13.904000282287598,13.904000282287598,13.895999908447266,13.944000244140625,13.944000244140625,13.928000450134277,13.911999702453613,inf,inf,inf,10.368000030517578,10.368000030517578,10.368000030517578,10.368000030517578,10.368000030517578,inf,inf,inf,inf,inf,inf,inf,inf,inf,inf,inf,inf,inf,inf,inf,inf,inf,inf,inf,inf,inf,3.828000068664551,3.828000068664551,3.828000068664551,3.828000068664551,3.828000068664551,3.75600004196167,3.74399995803833,3.7360000610351562,3.740000009536743,3.74399995803833,3.74399995803833,3.752000093460083,3.752000093460083,2.884000062942505,2.884000062942505,2.828000068664551,2.828000068664551,2.828000068664551,2.7720000743865967,2.7119998931884766,2.6559998989105225,2.611999988555908,2.563999891281128,2.563999891281128,2.496000051498413,2.436000108718872,2.375999927520752,2.3320000171661377,2.308000087738037,2.2920000553131104,2.247999906539917,2.196000099182129,2.1600000858306885,2.119999885559082,2.119999885559082,2.0840001106262207,2.052000045776367,2.0199999809265137,1.9880000352859497,1.9579999446868896,1.934000015258789,1.9079999923706055,1.9079999923706055,1.8600000143051147,1.8600000143051147,1.8359999656677246,1.8040000200271606,1.7960000038146973,1.7960000038146973,1.7940000295639038,1.7799999713897705,1.7580000162124634,1.7580000162124634,1.7380000352859497,1.7200000286102295,1.7039999961853027,1.6859999895095825,1.6619999408721924,1.6380000114440918,1.5199999809265137,1.5199999809265137,1.4980000257492065,1.4859999418258667,1.4739999771118164,1.4739999771118164,inf,inf,inf,inf,inf,1.3980000019073486,1.3980000019073486,1.3980000019073486,1.3980000019073486,1.3980000019073486,...,0.0,0.0,0.0,0.0,0.0,0.0,0.0,0.0,0.0,0.0,0.0,0.0,0.0,0.0,0.0,0.0,0.0,0.0,0.0,0.0,0.0,0.0,0.0,0.0,0.0,0.0,0.0,0.0,0.0,0.0,0.0,0.0,0.0,0.0,0.0,0.0,0.0,0.0,0.0,0.0,0.0,0.0,0.0,0.0,0.0,0.0,0.0,0.0,0.0,0.0,0.0,0.0,0.0,0.0,0.0,0.0,0.0,0.0,0.0,0.0,0.0,0.0,0.0,0.0,0.0,0.0,0.0,0.0,0.0,0.0,0.0,0.0,0.0,0.0,0.0,0.0,0.0,0.0,0.0,0.0,0.0,0.0,0.0,0.0,0.0,0.0,0.0,0.0,0.0,0.0,0.0,0.0,0.0,0.0,0.0,0.0,0.0,0.0,0.0,0.0,0.0,0.0,0.0,0.0,0.0,0.0,0.0,0.0,0.0,0.0,0.0,0.0,0.0,0.0,0.0,0.0,0.0,0.0,0.0,0.0,0.0,0.0,0.0,0.0,0.0,0.0,0.0,0.0,...
1763031529,116040113,laser,-3.1241390705108643,3.1415927410125732,0.0034828970674425364,5.388516001403332e-05,0.09693939983844757,0.15000000596046448,16.0,inf,inf,inf,inf,inf,inf,inf,inf,inf,13.935999870300293,13.935999870300293,13.935999870300293,13.935999870300293,13.935999870300293,13.920000076293945,13.895999908447266,13.895999908447266,13.887999534606934,13.887999534606934,13.911999702453613,13.920000076293945,13.928000450134277,13.920000076293945,13.895999908447266,13.895999908447266,inf,inf,inf,inf,inf,inf,inf,inf,inf,inf,inf,inf,inf,inf,inf,inf,inf,inf,inf,inf,inf,inf,inf,inf,inf,inf,3.7920000553131104,3.7920000553131104,3.7920000553131104,3.7920000553131104,3.7920000553131104,3.740000009536743,3.740000009536743,3.740000009536743,3.740000009536743,3.7360000610351562,3.74399995803833,3.74399995803833,3.747999906539917,3.747999906539917,3.747999906539917,3.747999906539917,2.940000057220459,2.940000057220459,2.871999979019165,2.871999979019165,2.799999952316284,2.7279999256134033,2.6679999828338623,2.624000072479248,2.568000078201294,2.5160000324249268,2.4719998836517334,2.4200000762939453,2.371999979019165,2.3320000171661377,2.3320000171661377,2.299999952316284,2.191999912261963,2.191999912261963,2.184000015258789,2.131999969482422,2.0999999046325684,2.0799999237060547,2.0480000972747803,2.0139999389648438,1.9839999675750732,1.9839999675750732,1.9639999866485596,1.9500000476837158,1.940000057220459,1.9320000410079956,1.9160000085830688,1.8980000019073486,1.8980000019073486,1.8480000495910645,1.8480000495910645,1.8240000009536743,1.7979999780654907,1.7740000486373901,1.7519999742507935,1.7300000190734863,1.7079999446868896,1.6859999895095825,1.6660000085830688,1.6660000085830688,1.6460000276565552,1.5080000162124634,1.5080000162124634,1.5080000162124634,1.5,1.4880000352859497,inf,1.437999963760376,1.437999963760376,1.437999963760376,1.437999963760376,1.437999963760376,1.4140000343322754,1.4140000343322754,1.4140000343322754,1.4019999504089355,1.4019999504089355,...,0.0,0.0,0.0,0.0,0.0,0.0,0.0,0.0,0.0,0.0,0.0,0.0,0.0,0.0,0.0,0.0,0.0,0.0,0.0,0.0,0.0,0.0,0.0,0.0,0.0,0.0,0.0,0.0,0.0,0.0,0.0,0.0,0.0,0.0,0.0,0.0,0.0,0.0,0.0,0.0,0.0,0.0,0.0,0.0,0.0,0.0,0.0,0.0,0.0,0.0,0.0,0.0,0.0,0.0,0.0,0.0,0.0,0.0,0.0,0.0,0.0,0.0,0.0,0.0,0.0,0.0,0.0,0.0,0.0,0.0,0.0,0.0,0.0,0.0,0.0,0.0,0.0,0.0,0.0,0.0,0.0,0.0,0.0,0.0,0.0,0.0,0.0,0.0,0.0,0.0,0.0,0.0,0.0,0.0,0.0,0.0,0.0,0.0,0.0,0.0,0.0,0.0,0.0,0.0,0.0,0.0,0.0,0.0,0.0,0.0,0.0,0.0,0.0,0.0,0.0,0.0,0.0,0.0,0.0,0.0,0.0,0.0,0.0,0.0,0.0,0.0,0.0,0.0,...
1763031529,214708279,laser,-3.1241390705108643,3.1415927410125732,0.0034828970674425364,5.3684132581111044e-05,0.09657775610685349,0.15000000596046448,16.0,inf,inf,inf,inf,inf,inf,inf,inf,13.935999870300293,13.935999870300293,13.935999870300293,13.935999870300293,13.935999870300293,13.911999702453613,13.911999702453613,13.904000282287598,13.928000450134277,13.920000076293945,13.911999702453613,13.911999702453613,13.935999870300293,13.935999870300293,13.920000076293945,13.911999702453613,inf,inf,inf,inf,inf,inf,inf,inf,inf,inf,inf,inf,inf,inf,inf,inf,inf,inf,inf,inf,inf,inf,inf,inf,inf,inf,3.9839999675750732,3.9839999675750732,3.9839999675750732,3.9839999675750732,3.9839999675750732,3.884000062942505,3.884000062942505,3.884000062942505,3.7880001068115234,3.740000009536743,3.7320001125335693,3.740000009536743,3.747999906539917,3.747999906539917,3.747999906539917,3.747999906539917,2.9079999923706055,2.9079999923706055,2.9079999923706055,2.859999895095825,2.859999895095825,2.7960000038146973,2.7279999256134033,2.6600000858306885,2.611999988555908,2.568000078201294,2.503999948501587,2.503999948501587,2.4159998893737793,2.4159998893737793,2.3519999980926514,2.308000087738037,2.2920000553131104,2.180000066757202,2.180000066757202,2.1679999828338623,2.131999969482422,2.1040000915527344,2.1040000915527344,2.0799999237060547,2.049999952316284,2.0339999198913574,2.0220000743865967,2.007999897003174,1.9919999837875366,1.968000054359436,1.944000005722046,1.944000005722046,1.9199999570846558,1.8980000019073486,1.8739999532699585,1.8480000495910645,1.8240000009536743,1.7979999780654907,1.7740000486373901,1.7519999742507935,1.7300000190734863,1.7079999446868896,1.7079999446868896,1.6859999895095825,1.6660000085830688,1.6460000276565552,1.5199999809265137,1.5199999809265137,1.50600004196167,1.496000051498413,1.4839999675750732,inf,inf,inf,inf,inf,inf,inf,1.4019999504089355,1.4019999504089355,1.4019999504089355,1.4019999504089355,...,0.0,0.0,0.0,0.0,0.0,0.0,0.0,0.0,0.0,0.0,0.0,0.0,0.0,0.0,0.0,0.0,0.0,0.0,0.0,0.0,0.0,0.0,0.0,0.0,0.0,0.0,0.0,0.0,0.0,0.0,0.0,0.0,0.0,0.0,0.0,0.0,0.0,0.0,0.0,0.0,0.0,0.0,0.0,0.0,0.0,0.0,0.0,0.0,0.0,0.0,0.0,0.0,0.0,0.0,0.0,0.0,0.0,0.0,0.0,0.0,0.0,0.0,0.0,0.0,0.0,0.0,0.0,0.0,0.0,47.0,47.0,47.0,47.0,47.0,0.0,0.0,0.0,0.0,0.0,0.0,0.0,0.0,0.0,0.0,0.0,0.0,0.0,0.0,0.0,0.0,47.0,47.0,47.0,47.0,47.0,0.0,0.0,0.0,0.0,0.0,0.0,0.0,0.0,0.0,0.0,0.0,0.0,0.0,0.0,0.0,0.0,0.0,0.0,0.0,0.0,0.0,0.0,0.0,0.0,0.0,0.0,0.0,0.0,0.0,0.0,0.0,47.0,47.0,...
1763031529,312921234,laser,-3.1241390705108643,3.1415927410125732,0.0034828970674425364,5.373402018449269e-05,0.09666750580072403,0.15000000596046448,16.0,inf,inf,inf,inf,inf,inf,inf,13.928000450134277,13.928000450134277,13.928000450134277,13.928000450134277,13.928000450134277,13.904000282287598,13.904000282287598,13.904000282287598,13.928000450134277,13.928000450134277,13.928000450134277,13.904000282287598,13.895999908447266,13.935999870300293,13.935999870300293,13.920000076293945,13.904000282287598,13.904000282287598,inf,inf,10.552000045776367,10.552000045776367,10.552000045776367,10.552000045776367,10.552000045776367,inf,inf,inf,inf,inf,inf,inf,inf,inf,inf,inf,inf,inf,inf,inf,inf,inf,inf,3.880000114440918,3.880000114440918,3.880000114440918,3.880000114440918,3.880000114440918,3.7880001068115234,3.7880001068115234,3.7880001068115234,3.7880001068115234,3.740000009536743,3.7360000610351562,3.74399995803833,3.747999906539917,3.747999906539917,3.747999906539917,3.747999906539917,3.747999906539917,2.9119999408721924,2.9119999408721924,2.859999895095825,2.859999895095825,2.799999952316284,2.7279999256134033,2.6600000858306885,2.615999937057495,2.568000078201294,2.5160000324249268,2.5160000324249268,2.4679999351501465,2.4119999408721924,2.364000082015991,2.319999933242798,2.2920000553131104,2.180000066757202,2.180000066757202,2.184000015258789,2.135999917984009,2.1040000915527344,2.1040000915527344,2.0759999752044678,2.0460000038146973,2.003999948501587,1.9739999771118164,1.9479999542236328,1.9079999923706055,1.8819999694824219,1.8619999885559082,1.843999981880188,1.8259999752044678,1.8259999752044678,1.8179999589920044,1.812000036239624,1.7999999523162842,1.7879999876022339,1.7699999809265137,1.7519999742507935,1.7300000190734863,1.7079999446868896,1.7079999446868896,1.6859999895095825,1.6660000085830688,1.6460000276565552,1.50600004196167,1.50600004196167,1.50600004196167,1.496000051498413,1.4839999675750732,1.465999960899353,inf,inf,1.4299999475479126,1.4299999475479126,1.4299999475479126,1.4299999475479126,1.4299999475479126,1.4019999504089355,1.4019999504089355,1.4019999504089355,...,0.0,0.0,0.0,0.0,0.0,0.0,0.0,0.0,0.0,0.0,0.0,0.0,0.0,0.0,0.0,0.0,0.0,0.0,0.0,0.0,47.0,47.0,47.0,47.0,47.0,0.0,0.0,0.0,0.0,0.0,0.0,0.0,0.0,0.0,0.0,0.0,0.0,0.0,0.0,0.0,0.0,0.0,0.0,0.0,0.0,0.0,0.0,0.0,0.0,0.0,0.0,0.0,0.0,0.0,0.0,0.0,0.0,0.0,0.0,0.0,0.0,0.0,0.0,0.0,0.0,0.0,0.0,0.0,0.0,0.0,0.0,0.0,0.0,0.0,0.0,0.0,0.0,0.0,0.0,0.0,0.0,0.0,0.0,0.0,0.0,0.0,0.0,0.0,0.0,0.0,0.0,47.0,47.0,47.0,47.0,47.0,0.0,0.0,0.0,0.0,0.0,0.0,0.0,0.0,0.0,0.0,0.0,0.0,0.0,0.0,0.0,0.0,0.0,0.0,0.0,0.0,0.0,0.0,0.0,0.0,0.0,0.0,0.0,0.0,0.0,0.0,0.0,0.0,...
1763031529,411176107,laser,-3.1241390705108643,3.1415927410125732,0.0034828970674425364,5.713005521101877e-05,0.10277697443962097,0.15000000596046448,16.0,inf,inf,inf,inf,inf,inf,inf,13.911999702453613,13.911999702453613,13.911999702453613,13.911999702453613,13.911999702453613,13.904000282287598,13.904000282287598,13.904000282287598,13.928000450134277,13.928000450134277,13.904000282287598,13.904000282287598,13.895999908447266,13.935999870300293,13.944000244140625,13.928000450134277,13.911999702453613,inf,inf,inf,10.35200023651123,10.35200023651123,10.35200023651123,10.35200023651123,10.35200023651123,inf,inf,inf,inf,inf,inf,inf,inf,inf,inf,inf,inf,inf,inf,inf,inf,inf,inf,inf,3.859999895095825,3.859999895095825,3.859999895095825,3.859999895095825,3.859999895095825,3.7839999198913574,3.7839999198913574,3.7839999198913574,3.740000009536743,3.7360000610351562,3.740000009536743,3.74399995803833,3.74399995803833,3.747999906539917,3.747999906539917,2.8480000495910645,2.8480000495910645,2.8480000495910645,2.7960000038146973,2.7960000038146973,2.7960000038146973,2.7239999771118164,2.6640000343322754,2.615999937057495,2.568000078201294,2.568000078201294,2.5160000324249268,2.388000011444092,2.3519999980926514,2.3519999980926514,2.319999933242798,2.2920000553131104,2.171999931335449,2.171999931335449,2.171999931335449,2.135999917984009,2.135999917984009,2.1040000915527344,2.072000026702881,2.0439999103546143,2.002000093460083,1.972000002861023,1.9479999542236328,1.9079999923706055,1.8819999694824219,1.8680000305175781,1.8580000400543213,1.8580000400543213,1.850000023841858,1.8459999561309814,1.8320000171661377,1.815999984741211,1.7940000295639038,1.7699999809265137,1.7699999809265137,1.7300000190734863,1.7300000190734863,1.7079999446868896,1.6859999895095825,1.6660000085830688,1.6460000276565552,1.5260000228881836,1.5260000228881836,1.50600004196167,1.496000051498413,1.4839999675750732,inf,inf,inf,inf,inf,inf,inf,1.4019999504089355,1.4019999504089355,1.4019999504089355,1.4019999504089355,...,0.0,0.0,0.0,0.0,0.0,0.0,0.0,0.0,0.0,0.0,0.0,0.0,0.0,0.0,0.0,0.0,0.0,0.0,0.0,0.0,0.0,0.0,0.0,0.0,0.0,0.0,0.0,0.0,0.0,0.0,0.0,0.0,0.0,0.0,0.0,0.0,0.0,0.0,0.0,0.0,0.0,0.0,0.0,0.0,0.0,0.0,0.0,0.0,0.0,0.0,0.0,0.0,0.0,0.0,0.0,0.0,0.0,0.0,0.0,0.0,0.0,0.0,0.0,0.0,0.0,0.0,0.0,0.0,0.0,0.0,0.0,0.0,0.0,0.0,0.0,0.0,0.0,0.0,0.0,0.0,0.0,0.0,0.0,0.0,0.0,0.0,0.0,0.0,0.0,0.0,0.0,0.0,0.0,0.0,0.0,0.0,0.0,0.0,0.0,0.0,0.0,0.0,0.0,0.0,0.0,0.0,0.0,0.0,0.0,0.0,0.0,0.0,0.0,0.0,0.0,0.0,0.0,0.0,0.0,0.0,0.0,0.0,0.0,0.0,0.0,0.0,0.0,0.0,...
1763031529,515477434,laser,-3.1241390705108643,3.1415927410125732,0.0034828970674425364,5.3703395678894594e-05,0.09661240875720978,0.15000000596046448,16.0,inf,inf,inf,inf,inf,inf,inf,13.944000244140625,13.944000244140625,13.944000244140625,13.944000244140625,13.944000244140625,13.920000076293945,13.920000076293945,13.920000076293945,13.911999702453613,13.911999702453613,13.928000450134277,13.904000282287598,13.895999908447266,13.935999870300293,13.935999870300293,13.928000450134277,13.920000076293945,13.920000076293945,inf,inf,10.5600004196167,10.5600004196167,10.5600004196167,10.5600004196167,10.5600004196167,inf,inf,inf,inf,inf,inf,inf,inf,inf,inf,inf,inf,inf,inf,inf,inf,inf,inf,inf,inf,3.9119999408721924,3.9119999408721924,3.9119999408721924,3.9119999408721924,3.9119999408721924,3.812000036239624,3.752000093460083,3.740000009536743,3.740000009536743,3.740000009536743,3.740000009536743,3.747999906539917,3.752000093460083,3.752000093460083,2.888000011444092,2.888000011444092,2.888000011444092,2.888000011444092,2.8239998817443848,2.75600004196167,2.75600004196167,2.640000104904175,2.640000104904175,2.5999999046325684,2.5320000648498535,2.4760000705718994,2.431999921798706,2.375999927520752,2.3320000171661377,2.2920000553131104,2.247999906539917,2.2239999771118164,2.191999912261963,2.191999912261963,2.1480000019073486,2.1080000400543213,2.0799999237060547,2.052000045776367,2.0280001163482666,2.0179998874664307,2.00600004196167,1.9880000352859497,1.9880000352859497,1.9739999771118164,1.9579999446868896,1.9359999895095825,1.9140000343322754,1.8880000114440918,1.8559999465942383,1.8320000171661377,1.809999942779541,1.809999942779541,1.7860000133514404,1.7619999647140503,1.7380000352859497,1.718000054359436,1.6979999542236328,1.6779999732971191,1.659999966621399,1.5379999876022339,1.5379999876022339,1.5140000581741333,1.503999948501587,1.503999948501587,1.4880000352859497,1.4759999513626099,1.4739999771118164,1.4739999771118164,inf,inf,1.4079999923706055,1.4079999923706055,1.4079999923706055,1.4079999923706055,1.4079999923706055,1.399999976158142,...,0.0,0.0,0.0,0.0,0.0,0.0,0.0,0.0,0.0,0.0,0.0,0.0,0.0,0.0,0.0,0.0,0.0,0.0,0.0,0.0,47.0,47.0,47.0,47.0,47.0,0.0,0.0,0.0,0.0,0.0,0.0,0.0,0.0,0.0,0.0,0.0,0.0,0.0,0.0,0.0,0.0,0.0,0.0,0.0,0.0,0.0,0.0,0.0,0.0,0.0,0.0,0.0,0.0,0.0,0.0,0.0,0.0,0.0,0.0,0.0,0.0,0.0,0.0,0.0,0.0,0.0,0.0,0.0,0.0,0.0,0.0,0.0,0.0,0.0,0.0,0.0,0.0,0.0,0.0,0.0,0.0,0.0,0.0,0.0,0.0,0.0,0.0,0.0,0.0,0.0,0.0,47.0,47.0,47.0,47.0,47.0,0.0,0.0,0.0,0.0,0.0,0.0,0.0,0.0,0.0,0.0,0.0,0.0,0.0,0.0,0.0,0.0,0.0,0.0,0.0,0.0,0.0,0.0,0.0,0.0,0.0,0.0,0.0,47.0,47.0,47.0,47.0,47.0,...
1763031529,613744651,laser,-3.1241390705108643,3.1415927410125732,0.0034828970674425364,5.3728173952549696e-05,0.09665698558092117,0.15000000596046448,16.0,inf,inf,inf,inf,inf,inf,inf,inf,13.880000114440918,13.880000114440918,13.880000114440918,13.880000114440918,13.880000114440918,13.871999740600586,13.871999740600586,13.871999740600586,13.928000450134277,13.911999702453613,13.887999534606934,13.920000076293945,13.928000450134277,13.928000450134277,13.920000076293945,13.920000076293945,inf,inf,inf,inf,inf,10.392000198364258,10.392000198364258,10.392000198364258,10.392000198364258,10.392000198364258,inf,inf,inf,inf,inf,inf,inf,inf,inf,inf,inf,inf,inf,inf,inf,inf,3.9119999408721924,3.9119999408721924,3.9119999408721924,3.9119999408721924,3.9119999408721924,3.803999900817871,3.803999900817871,3.803999900817871,3.74399995803833,3.740000009536743,3.740000009536743,3.740000009536743,3.740000009536743,3.747999906539917,3.747999906539917,3.752000093460083,2.944000005722046,2.944000005722046,2.888000011444092,2.888000011444092,2.888000011444092,2.74399995803833,2.684000015258789,2.684000015258789,2.640000104904175,2.5959999561309814,2.5320000648498535,2.4760000705718994,2.427999973297119,2.371999979019165,2.3320000171661377,2.303999900817871,2.303999900817871,2.2079999446868896,2.2079999446868896,2.191999912261963,2.1440000534057617,2.1040000915527344,2.0799999237060547,2.052000045776367,2.0199999809265137,1.9919999837875366,1.965999960899353,1.965999960899353,1.9359999895095825,1.9179999828338623,1.9079999923706055,1.8960000276565552,1.8839999437332153,1.8660000562667847,1.8459999561309814,1.8300000429153442,1.8300000429153442,1.8040000200271606,1.777999997138977,1.753999948501587,1.7339999675750732,1.718000054359436,1.6959999799728394,1.6720000505447388,1.6519999504089355,1.6519999504089355,1.5080000162124634,1.5080000162124634,1.5080000162124634,1.496000051498413,1.4839999675750732,inf,inf,inf,inf,inf,inf,1.4019999504089355,1.4019999504089355,1.4019999504089355,1.4019999504089355,1.4019999504089355,...,0.0,0.0,0.0,0.0,0.0,0.0,0.0,0.0,0.0,0.0,0.0,0.0,0.0,0.0,0.0,0.0,0.0,0.0,0.0,0.0,0.0,0.0,0.0,0.0,0.0,0.0,0.0,0.0,0.0,0.0,0.0,0.0,0.0,0.0,0.0,0.0,0.0,0.0,0.0,0.0,0.0,0.0,0.0,0.0,0.0,0.0,0.0,0.0,0.0,0.0,0.0,0.0,0.0,0.0,0.0,0.0,0.0,0.0,0.0,0.0,0.0,0.0,0.0,0.0,0.0,0.0,0.0,0.0,0.0,0.0,0.0,47.0,47.0,47.0,47.0,47.0,0.0,0.0,0.0,0.0,0.0,0.0,0.0,0.0,0.0,0.0,0.0,0.0,0.0,47.0,47.0,47.0,47.0,47.0,0.0,0.0,0.0,0.0,0.0,0.0,0.0,0.0,0.0,0.0,0.0,0.0,0.0,0.0,0.0,0.0,0.0,0.0,0.0,0.0,0.0,0.0,0.0,0.0,0.0,0.0,0.0,0.0,0.0,0.0,47.0,47.0,47.0,47.0,...
1763031529,711292078,laser,-3.1241390705108643,3.1415927410125732,0.0034828970674425364,5.410681842477061e-05,0.09733816236257553,0.15000000596046448,16.0,inf,inf,inf,inf,inf,inf,inf,inf,inf,inf,13.895999908447266,13.895999908447266,13.895999908447266,13.895999908447266,13.895999908447266,13.880000114440918,13.920000076293945,13.911999702453613,13.895999908447266,13.920000076293945,13.920000076293945,13.928000450134277,13.920000076293945,13.920000076293945,inf,inf,inf,10.359999656677246,10.359999656677246,10.359999656677246,10.359999656677246,10.359999656677246,inf,inf,inf,inf,inf,inf,inf,inf,inf,inf,inf,inf,inf,inf,inf,inf,inf,inf,inf,inf,inf,3.812000036239624,3.812000036239624,3.812000036239624,3.812000036239624,3.812000036239624,3.752000093460083,3.74399995803833,3.74399995803833,3.74399995803833,3.740000009536743,3.74399995803833,3.747999906539917,3.752000093460083,2.884000062942505,2.884000062942505,2.8239998817443848,2.8239998817443848,2.8239998817443848,2.8239998817443848,2.752000093460083,2.700000047683716,2.6519999504089355,2.5959999561309814,2.5439999103546143,2.492000102996826,2.431999921798706,2.375999927520752,2.3320000171661377,2.2920000553131104,2.2920000553131104,2.24399995803833,2.2200000286102295,2.191999912261963,2.1480000019073486,2.1080000400543213,2.0799999237060547,2.052000045776367,2.0179998874664307,1.9839999675750732,1.9579999446868896,1.9579999446868896,1.9259999990463257,1.8980000019073486,1.8700000047683716,1.850000023841858,1.8320000171661377,1.7960000038146973,1.7760000228881836,1.7760000228881836,1.7760000228881836,1.7760000228881836,1.7719999551773071,1.7519999742507935,1.7319999933242798,1.715999960899353,1.6959999799728394,1.6779999732971191,1.6579999923706055,1.6339999437332153,1.5140000581741333,1.5140000581741333,1.5019999742507935,1.5019999742507935,1.4859999418258667,inf,inf,inf,inf,inf,inf,1.406000018119812,1.406000018119812,1.406000018119812,1.406000018119812,1.406000018119812,...,0.0,0.0,0.0,0.0,0.0,0.0,0.0,0.0,0.0,0.0,0.0,0.0,0.0,0.0,0.0,0.0,0.0,0.0,0.0,0.0,0.0,0.0,0.0,0.0,0.0,0.0,0.0,0.0,0.0,0.0,0.0,0.0,0.0,0.0,0.0,0.0,0.0,0.0,0.0,0.0,0.0,0.0,0.0,0.0,0.0,0.0,0.0,0.0,0.0,0.0,0.0,0.0,0.0,0.0,0.0,0.0,0.0,0.0,0.0,0.0,0.0,0.0,0.0,0.0,0.0,0.0,0.0,0.0,0.0,0.0,0.0,0.0,0.0,0.0,0.0,0.0,0.0,0.0,0.0,0.0,0.0,0.0,0.0,0.0,0.0,0.0,0.0,0.0,0.0,0.0,0.0,47.0,47.0,47.0,47.0,47.0,0.0,0.0,0.0,0.0,0.0,0.0,0.0,0.0,0.0,0.0,0.0,0.0,0.0,0.0,0.0,0.0,0.0,0.0,0.0,0.0,0.0,0.0,0.0,0.0,0.0,0.0,0.0,0.0,0.0,0.0,0.0,0.0,...
1763031529,809658727,laser,-3.1241390705108643,3.1415927410125732,0.0034828970674425364,5.7428529544267803e-05,0.10331393033266068,0.15000000596046448,16.0,inf,inf,inf,inf,inf,inf,inf,inf,inf,inf,13.904000282287598,13.904000282287598,13.904000282287598,13.904000282287598,13.904000282287598,13.887999534606934,13.911999702453613,13.895999908447266,13.871999740600586,13.911999702453613,13.944000244140625,13.944000244140625,13.935999870300293,13.928000450134277,13.920000076293945,inf,inf,10.456000328063965,10.456000328063965,10.456000328063965,10.456000328063965,10.456000328063965,inf,inf,inf,inf,inf,inf,inf,inf,inf,inf,inf,inf,inf,inf,inf,inf,inf,inf,inf,inf,3.7880001068115234,3.7880001068115234,3.7880001068115234,3.7880001068115234,3.7880001068115234,3.74399995803833,3.74399995803833,3.74399995803833,3.74399995803833,3.74399995803833,3.74399995803833,3.74399995803833,3.747999906539917,3.747999906539917,3.752000093460083,2.884000062942505,2.884000062942505,2.884000062942505,2.884000062942505,2.7279999256134033,2.7279999256134033,2.6679999828338623,2.624000072479248,2.568000078201294,2.5320000648498535,2.48799991607666,2.48799991607666,2.371999979019165,2.371999979019165,2.3320000171661377,2.299999952316284,2.200000047683716,2.187999963760376,2.187999963760376,2.140000104904175,2.1040000915527344,2.0799999237060547,2.0799999237060547,2.01200008392334,2.01200008392334,1.9839999675750732,1.9520000219345093,1.9259999990463257,1.9119999408721924,1.9079999923706055,1.8980000019073486,1.8980000019073486,1.8680000305175781,1.8680000305175781,1.8459999561309814,1.8279999494552612,1.8020000457763672,1.7760000228881836,1.753999948501587,1.7339999675750732,1.7120000123977661,1.690000057220459,1.690000057220459,1.6679999828338623,1.6460000276565552,1.531999945640564,1.531999945640564,1.5080000162124634,1.4980000257492065,1.4859999418258667,inf,inf,inf,inf,inf,1.406000018119812,1.406000018119812,1.406000018119812,1.406000018119812,1.406000018119812,1.3919999599456787,...,0.0,0.0,0.0,0.0,0.0,0.0,0.0,0.0,0.0,0.0,0.0,0.0,0.0,0.0,0.0,0.0,0.0,0.0,0.0,0.0,0.0,0.0,0.0,0.0,0.0,0.0,0.0,0.0,0.0,0.0,0.0,0.0,0.0,0.0,0.0,0.0,0.0,0.0,0.0,0.0,0.0,0.0,0.0,0.0,0.0,0.0,0.0,0.0,0.0,0.0,0.0,0.0,0.0,0.0,0.0,0.0,0.0,0.0,0.0,0.0,0.0,0.0,0.0,0.0,0.0,0.0,0.0,0.0,0.0,0.0,0.0,0.0,0.0,0.0,0.0,0.0,0.0,0.0,0.0,0.0,0.0,0.0,0.0,0.0,0.0,0.0,0.0,0.0,0.0,0.0,0.0,0.0,0.0,0.0,0.0,0.0,0.0,0.0,0.0,0.0,0.0,0.0,0.0,0.0,0.0,0.0,0.0,0.0,0.0,0.0,0.0,0.0,0.0,0.0,0.0,0.0,0.0,0.0,0.0,0.0,0.0,0.0,0.0,0.0,47.0,47.0,47.0,47.0,...
1763031529,913864415,laser,-3.1241390705108643,3.1415927410125732,0.0034828970674425364,5.4155243560671806e-05,0.09742528200149536,0.15000000596046448,16.0,inf,inf,inf,inf,inf,inf,inf,inf,inf,13.904000282287598,13.904000282287598,13.904000282287598,13.904000282287598,13.904000282287598,13.887999534606934,13.887999534606934,13.904000282287598,13.895999908447266,13.895999908447266,13.895999908447266,13.928000450134277,13.935999870300293,13.935999870300293,13.928000450134277,inf,inf,inf,inf,inf,inf,inf,inf,inf,inf,inf,inf,inf,inf,inf,inf,inf,inf,inf,inf,inf,inf,inf,inf,inf,inf,inf,inf,3.759999990463257,3.759999990463257,3.759999990463257,3.759999990463257,3.759999990463257,3.7360000610351562,3.7360000610351562,3.7360000610351562,3.7279999256134033,3.7279999256134033,3.7360000610351562,3.740000009536743,3.747999906539917,3.752000093460083,2.884000062942505,2.884000062942505,2.884000062942505,2.884000062942505,2.8239998817443848,2.7639999389648438,2.7639999389648438,2.6480000019073486,2.6480000019073486,2.5959999561309814,2.5439999103546143,2.4839999675750732,2.431999921798706,2.384000062942505,2.3399999141693115,2.2920000553131104,2.2720000743865967,2.2720000743865967,2.247999906539917,2.191999912261963,2.1519999504089355,2.124000072479248,2.0920000076293945,2.059999942779541,2.0399999618530273,2.0320000648498535,2.0220000743865967,2.003999948501587,2.003999948501587,1.9880000352859497,1.9639999866485596,1.937999963760376,1.9160000085830688,1.8880000114440918,1.8639999628067017,1.8359999656677246,1.812000036239624,1.812000036239624,1.7899999618530273,1.7660000324249268,1.7419999837875366,1.722000002861023,1.7039999961853027,1.684000015258789,1.6640000343322754,1.5160000324249268,1.5160000324249268,1.5019999742507935,1.5019999742507935,1.4880000352859497,1.4880000352859497,1.4800000190734863,1.4759999513626099,inf,inf,inf,1.4119999408721924,1.4119999408721924,1.4119999408721924,1.4119999408721924,1.4119999408721924,1.4019999504089355,...,0.0,0.0,0.0,0.0,0.0,0.0,0.0,0.0,0.0,0.0,0.0,0.0,0.0,0.0,0.0,0.0,0.0,0.0,47.0,47.0,47.0,47.0,47.0,0.0,0.0,0.0,0.0,0.0,0.0,0.0,0.0,0.0,0.0,0.0,0.0,0.0,0.0,0.0,0.0,0.0,0.0,0.0,0.0,0.0,0.0,0.0,0.0,0.0,0.0,0.0,0.0,0.0,0.0,0.0,0.0,0.0,0.0,0.0,0.0,0.0,0.0,0.0,0.0,0.0,0.0,0.0,0.0,0.0,0.0,0.0,0.0,0.0,0.0,0.0,0.0,0.0,0.0,0.0,0.0,0.0,0.0,0.0,0.0,0.0,0.0,0.0,0.0,0.0,0.0,47.0,47.0,47.0,47.0,47.0,0.0,0.0,0.0,0.0,0.0,0.0,0.0,0.0,0.0,0.0,0.0,0.0,0.0,0.0,0.0,0.0,0.0,0.0,0.0,0.0,0.0,0.0,0.0,0.0,0.0,0.0,0.0,0.0,0.0,0.0,47.0,47.0,47.0,47.0,...
1763031530,12293734,laser,-3.1241390705108643,3.1415927410125732,0.0034828970674425364,5.404796320362948e-05,0.09723228961229324,0.15000000596046448,16.0,inf,inf,inf,inf,inf,inf,inf,inf,13.904000282287598,13.904000282287598,13.904000282287598,13.904000282287598,13.904000282287598,13.895999908447266,13.895999908447266,13.895999908447266,13.911999702453613,13.895999908447266,13.880000114440918,13.895999908447266,13.920000076293945,13.928000450134277,13.928000450134277,13.928000450134277,13.928000450134277,inf,inf,inf,inf,10.543999671936035,10.543999671936035,10.543999671936035,10.543999671936035,10.543999671936035,inf,inf,inf,inf,inf,inf,inf,inf,inf,inf,inf,inf,inf,inf,inf,inf,inf,inf,3.759999990463257,3.759999990463257,3.759999990463257,3.759999990463257,3.759999990463257,3.7320001125335693,3.7320001125335693,3.7320001125335693,3.7239999771118164,3.7360000610351562,3.7360000610351562,3.74399995803833,3.752000093460083,3.752000093460083,2.884000062942505,2.884000062942505,2.884000062942505,2.884000062942505,2.8239998817443848,2.7679998874664307,2.7079999446868896,2.6480000019073486,2.5999999046325684,2.5999999046325684,2.5439999103546143,2.496000051498413,2.444000005722046,2.380000114440918,2.3359999656677246,2.2960000038146973,2.2760000228881836,2.247999906539917,2.200000047683716,2.1600000858306885,2.1600000858306885,2.124000072479248,2.0920000076293945,2.052000045776367,2.0199999809265137,1.9919999837875366,1.965999960899353,1.9420000314712524,1.909999966621399,1.909999966621399,1.8680000305175781,1.8680000305175781,1.8519999980926514,1.8339999914169312,1.8300000429153442,1.8200000524520874,1.8040000200271606,1.784000039100647,1.7619999647140503,1.7619999647140503,1.7380000352859497,1.718000054359436,1.7039999961853027,1.684000015258789,1.6619999408721924,1.6399999856948853,1.5240000486373901,1.50600004196167,1.50600004196167,1.4900000095367432,1.4819999933242798,1.4819999933242798,inf,inf,inf,inf,1.3980000019073486,1.3980000019073486,1.3980000019073486,1.3980000019073486,1.3980000019073486,1.3819999694824219,...,0.0,0.0,0.0,0.0,0.0,0.0,0.0,0.0,0.0,0.0,0.0,0.0,0.0,0.0,0.0,0.0,0.0,0.0,0.0,0.0,0.0,0.0,0.0,0.0,0.0,0.0,0.0,0.0,0.0,0.0,0.0,0.0,0.0,0.0,0.0,0.0,0.0,0.0,0.0,0.0,0.0,0.0,0.0,0.0,0.0,0.0,0.0,0.0,0.0,0.0,0.0,0.0,0.0,0.0,0.0,0.0,0.0,0.0,0.0,0.0,0.0,0.0,0.0,0.0,0.0,0.0,0.0,0.0,47.0,47.0,47.0,47.0,47.0,0.0,0.0,0.0,0.0,0.0,0.0,0.0,0.0,0.0,0.0,0.0,0.0,0.0,0.0,0.0,0.0,0.0,0.0,0.0,0.0,0.0,0.0,0.0,0.0,0.0,0.0,0.0,0.0,0.0,0.0,0.0,0.0,0.0,0.0,0.0,0.0,0.0,0.0,0.0,0.0,0.0,0.0,0.0,0.0,0.0,0.0,0.0,0.0,0.0,0.0,0.0,0.0,0.0,0.0,0.0,...
1763031530,110658799,laser,-3.1241390705108643,3.1415927410125732,0.0034828970674425364,5.3946743719279766e-05,0.09705018997192383,0.15000000596046448,16.0,inf,inf,inf,inf,inf,inf,inf,inf,13.911999702453613,13.911999702453613,13.911999702453613,13.911999702453613,13.911999702453613,13.895999908447266,13.895999908447266,13.895999908447266,13.895999908447266,13.895999908447266,13.871999740600586,13.887999534606934,13.911999702453613,13.920000076293945,13.904000282287598,13.904000282287598,13.904000282287598,inf,inf,inf,inf,inf,inf,inf,inf,inf,inf,inf,inf,inf,inf,inf,inf,inf,inf,inf,inf,inf,inf,inf,inf,inf,inf,inf,inf,inf,3.759999990463257,3.759999990463257,3.759999990463257,3.759999990463257,3.759999990463257,3.74399995803833,3.7360000610351562,3.7360000610351562,3.74399995803833,3.74399995803833,3.747999906539917,3.752000093460083,2.8959999084472656,2.8959999084472656,2.8959999084472656,2.828000068664551,2.828000068664551,2.7679998874664307,2.7079999446868896,2.6519999504089355,2.6040000915527344,2.5480000972747803,2.5480000972747803,2.496000051498413,2.444000005722046,2.384000062942505,2.3399999141693115,2.308000087738037,2.2839999198913574,2.200000047683716,2.200000047683716,2.1640000343322754,2.124000072479248,2.124000072479248,2.0920000076293945,2.055999994277954,2.0220000743865967,1.9900000095367432,1.9620000123977661,1.937999963760376,1.909999966621399,1.8819999694824219,1.8660000562667847,1.840000033378601,1.840000033378601,1.809999942779541,1.805999994277954,1.805999994277954,1.7979999780654907,1.784000039100647,1.7619999647140503,1.7619999647140503,1.7200000286102295,1.7200000286102295,1.7039999961853027,1.684000015258789,1.6640000343322754,1.6399999856948853,1.5240000486373901,1.5240000486373901,1.50600004196167,1.4900000095367432,1.4819999933242798,inf,inf,inf,inf,inf,inf,inf,1.3980000019073486,1.3980000019073486,1.3980000019073486,1.3980000019073486,...,0.0,0.0,0.0,0.0,0.0,0.0,0.0,0.0,0.0,0.0,0.0,0.0,0.0,0.0,0.0,0.0,0.0,0.0,0.0,0.0,0.0,0.0,0.0,0.0,0.0,0.0,0.0,0.0,0.0,0.0,0.0,0.0,0.0,0.0,0.0,0.0,0.0,0.0,0.0,0.0,0.0,0.0,0.0,0.0,0.0,0.0,0.0,0.0,0.0,0.0,0.0,0.0,0.0,0.0,0.0,0.0,0.0,0.0,0.0,0.0,0.0,0.0,0.0,0.0,0.0,0.0,0.0,0.0,0.0,0.0,0.0,0.0,0.0,0.0,0.0,0.0,0.0,0.0,0.0,0.0,0.0,0.0,0.0,0.0,0.0,0.0,0.0,0.0,0.0,0.0,0.0,0.0,0.0,0.0,0.0,0.0,0.0,0.0,0.0,0.0,0.0,0.0,0.0,0.0,0.0,0.0,0.0,0.0,0.0,0.0,0.0,0.0,0.0,0.0,0.0,0.0,0.0,0.0,0.0,0.0,0.0,0.0,0.0,0.0,0.0,0.0,0.0,0.0,...
1763031530,208818180,laser,-3.1241390705108643,3.1415927410125732,0.0034828970674425364,5.403628892963752e-05,0.09721128642559052,0.15000000596046448,16.0,inf,inf,inf,inf,inf,inf,inf,13.920000076293945,13.920000076293945,13.920000076293945,13.920000076293945,13.920000076293945,13.887999534606934,13.887999534606934,13.887999534606934,13.887999534606934,13.904000282287598,13.904000282287598,13.895999908447266,13.895999908447266,13.920000076293945,13.928000450134277,13.904000282287598,13.904000282287598,13.904000282287598,inf,inf,inf,inf,inf,inf,inf,inf,inf,inf,inf,inf,inf,inf,inf,inf,inf,inf,inf,inf,inf,inf,inf,inf,inf,inf,3.9079999923706055,3.9079999923706055,3.9079999923706055,3.9079999923706055,3.9079999923706055,3.812000036239624,3.812000036239624,3.75600004196167,3.7320001125335693,3.7320001125335693,3.7279999256134033,3.740000009536743,3.74399995803833,3.747999906539917,3.747999906539917,2.884000062942505,2.884000062942505,2.884000062942505,2.828000068664551,2.828000068664551,2.828000068664551,2.75600004196167,2.684000015258789,2.640000104904175,2.5280001163482666,2.4839999675750732,2.4839999675750732,2.427999973297119,2.375999927520752,2.3359999656677246,2.3359999656677246,2.2960000038146973,2.2360000610351562,2.2119998931884766,2.187999963760376,2.135999917984009,2.0999999046325684,2.072000026702881,2.0439999103546143,2.0160000324249268,1.99399995803833,1.99399995803833,1.9780000448226929,1.9579999446868896,1.9479999542236328,1.940000057220459,1.9220000505447388,1.9019999504089355,1.878000020980835,1.8519999980926514,1.8300000429153442,1.8300000429153442,1.8040000200271606,1.781999945640564,1.7580000162124634,1.7339999675750732,1.7120000123977661,1.6920000314712524,1.6699999570846558,1.649999976158142,1.649999976158142,1.5080000162124634,1.5080000162124634,1.5080000162124634,1.5,1.4859999418258667,1.4780000448226929,inf,inf,inf,1.406000018119812,1.406000018119812,1.406000018119812,1.406000018119812,1.406000018119812,1.3919999599456787,1.3919999599456787,...,0.0,0.0,0.0,0.0,0.0,0.0,0.0,0.0,0.0,0.0,0.0,0.0,0.0,0.0,0.0,0.0,0.0,0.0,0.0,0.0,0.0,0.0,0.0,0.0,0.0,0.0,0.0,0.0,0.0,0.0,0.0,0.0,0.0,0.0,0.0,0.0,0.0,0.0,0.0,0.0,0.0,0.0,0.0,0.0,0.0,0.0,0.0,0.0,0.0,0.0,0.0,0.0,0.0,0.0,0.0,0.0,0.0,0.0,0.0,0.0,0.0,0.0,0.0,0.0,0.0,0.0,0.0,0.0,0.0,0.0,0.0,0.0,0.0,0.0,0.0,0.0,0.0,0.0,0.0,0.0,0.0,0.0,0.0,0.0,0.0,0.0,0.0,0.0,0.0,0.0,0.0,47.0,47.0,47.0,47.0,47.0,0.0,0.0,0.0,0.0,0.0,0.0,0.0,0.0,0.0,0.0,0.0,0.0,0.0,0.0,0.0,0.0,0.0,0.0,0.0,0.0,0.0,0.0,0.0,0.0,0.0,0.0,0.0,0.0,0.0,0.0,0.0,0.0,...
1763031530,307194547,laser,-3.1241390705108643,3.1415927410125732,0.0034828970674425364,5.742060238844715e-05,0.10329966247081757,0.15000000596046448,16.0,inf,inf,inf,inf,inf,inf,inf,13.920000076293945,13.920000076293945,13.920000076293945,13.920000076293945,13.920000076293945,13.904000282287598,13.904000282287598,13.904000282287598,13.904000282287598,13.911999702453613,13.911999702453613,13.920000076293945,13.928000450134277,13.928000450134277,13.928000450134277,13.920000076293945,13.911999702453613,inf,inf,inf,inf,10.447999954223633,10.447999954223633,10.447999954223633,10.447999954223633,10.447999954223633,inf,inf,inf,inf,inf,inf,inf,inf,inf,inf,inf,inf,inf,inf,inf,inf,inf,inf,inf,3.9119999408721924,3.9119999408721924,3.9119999408721924,3.9119999408721924,3.9119999408721924,3.812000036239624,3.752000093460083,3.752000093460083,3.7320001125335693,3.7320001125335693,3.740000009536743,3.74399995803833,3.747999906539917,3.747999906539917,3.747999906539917,2.884000062942505,2.884000062942505,2.884000062942505,2.884000062942505,2.819999933242798,2.752000093460083,2.684000015258789,2.635999917984009,2.5959999561309814,2.5280001163482666,2.4719998836517334,2.427999973297119,2.375999927520752,2.375999927520752,2.3239998817443848,2.2799999713897705,2.240000009536743,2.2119998931884766,2.187999963760376,2.1519999504089355,2.124000072479248,2.0840001106262207,2.0480000972747803,2.0160000324249268,2.0160000324249268,2.00600004196167,1.9980000257492065,1.9800000190734863,1.9579999446868896,1.940000057220459,1.9240000247955322,1.9040000438690186,1.9040000438690186,1.8519999980926514,1.8519999980926514,1.8300000429153442,1.8040000200271606,1.7799999713897705,1.7580000162124634,1.7339999675750732,1.7120000123977661,1.6920000314712524,1.6699999570846558,1.6699999570846558,1.649999976158142,1.531999945640564,1.5080000162124634,1.5080000162124634,1.5,1.4859999418258667,1.4780000448226929,inf,inf,inf,inf,1.4019999504089355,1.4019999504089355,1.4019999504089355,1.4019999504089355,1.4019999504089355,1.3919999599456787,...,0.0,0.0,0.0,0.0,0.0,0.0,0.0,0.0,0.0,0.0,0.0,0.0,0.0,0.0,0.0,0.0,0.0,0.0,0.0,0.0,0.0,0.0,0.0,0.0,0.0,0.0,0.0,0.0,0.0,0.0,0.0,0.0,0.0,0.0,0.0,0.0,0.0,0.0,0.0,0.0,0.0,0.0,0.0,0.0,0.0,0.0,0.0,0.0,0.0,0.0,0.0,0.0,0.0,0.0,0.0,0.0,0.0,0.0,0.0,0.0,0.0,0.0,0.0,0.0,0.0,0.0,0.0,0.0,0.0,0.0,0.0,0.0,0.0,0.0,0.0,0.0,0.0,0.0,0.0,0.0,0.0,0.0,0.0,0.0,0.0,0.0,0.0,0.0,0.0,0.0,0.0,0.0,0.0,0.0,0.0,0.0,0.0,0.0,0.0,0.0,0.0,0.0,0.0,0.0,0.0,0.0,0.0,0.0,0.0,0.0,0.0,0.0,0.0,0.0,0.0,0.0,0.0,0.0,0.0,0.0,0.0,0.0,0.0,0.0,0.0,0.0,0.0,0.0,...
1763031530,412121159,laser,-3.1241390705108643,3.1415927410125732,0.0034828970674425364,5.3675099479733035e-05,0.0965615063905716,0.15000000596046448,16.0,inf,inf,inf,inf,inf,inf,inf,inf,inf,13.920000076293945,13.920000076293945,13.920000076293945,13.920000076293945,13.920000076293945,13.904000282287598,13.904000282287598,13.904000282287598,13.904000282287598,13.887999534606934,13.904000282287598,13.904000282287598,13.920000076293945,13.911999702453613,13.904000282287598,inf,inf,inf,inf,inf,10.399999618530273,10.399999618530273,10.399999618530273,10.399999618530273,10.399999618530273,inf,inf,inf,inf,inf,inf,inf,inf,inf,inf,inf,inf,inf,inf,inf,inf,inf,inf,3.815999984741211,3.815999984741211,3.815999984741211,3.815999984741211,3.815999984741211,3.75600004196167,3.75600004196167,3.752000093460083,3.752000093460083,3.752000093460083,3.7360000610351562,3.74399995803833,3.747999906539917,3.747999906539917,2.884000062942505,2.884000062942505,2.884000062942505,2.884000062942505,2.828000068664551,2.828000068664551,2.759999990463257,2.687999963760376,2.640000104904175,2.5959999561309814,2.5439999103546143,2.48799991607666,2.431999921798706,2.380000114440918,2.3359999656677246,2.2960000038146973,2.2960000038146973,2.252000093460083,2.2239999771118164,2.191999912261963,2.1519999504089355,2.124000072479248,2.0920000076293945,2.052000045776367,2.01200008392334,1.9819999933242798,1.9579999446868896,1.9579999446868896,1.9259999990463257,1.8980000019073486,1.871999979019165,1.8519999980926514,1.8339999914169312,1.8079999685287476,1.7979999780654907,1.7940000295639038,1.7940000295639038,1.7899999618530273,1.7799999713897705,1.75600004196167,1.7380000352859497,1.718000054359436,1.694000005722046,1.6779999732971191,1.6579999923706055,1.6579999923706055,1.5119999647140503,1.4980000257492065,1.4980000257492065,1.4980000257492065,1.4839999675750732,1.4759999513626099,inf,inf,inf,inf,1.4019999504089355,1.4019999504089355,1.4019999504089355,1.4019999504089355,1.4019999504089355,1.3919999599456787,...,0.0,0.0,0.0,0.0,0.0,0.0,0.0,0.0,0.0,0.0,0.0,0.0,0.0,0.0,0.0,0.0,0.0,0.0,47.0,47.0,47.0,47.0,47.0,0.0,0.0,0.0,0.0,0.0,0.0,0.0,0.0,0.0,0.0,0.0,0.0,0.0,0.0,0.0,0.0,0.0,0.0,0.0,0.0,0.0,0.0,0.0,0.0,0.0,0.0,0.0,0.0,0.0,0.0,0.0,0.0,0.0,0.0,0.0,0.0,0.0,0.0,0.0,0.0,0.0,0.0,0.0,0.0,0.0,47.0,47.0,47.0,47.0,47.0,0.0,0.0,0.0,0.0,0.0,0.0,0.0,0.0,0.0,0.0,0.0,0.0,0.0,0.0,0.0,0.0,0.0,0.0,0.0,0.0,0.0,0.0,0.0,0.0,0.0,0.0,0.0,0.0,0.0,0.0,0.0,0.0,0.0,0.0,0.0,0.0,0.0,0.0,0.0,0.0,0.0,0.0,0.0,0.0,0.0,0.0,0.0,0.0,0.0,0.0,0.0,0.0,0.0,0.0,0.0,...
1763031530,510295309,laser,-3.1241390705108643,3.1415927410125732,0.0034828970674425364,5.371687439037487e-05,0.09663666039705276,0.15000000596046448,16.0,inf,inf,inf,inf,inf,inf,inf,inf,13.928000450134277,13.928000450134277,13.928000450134277,13.928000450134277,13.928000450134277,13.904000282287598,13.904000282287598,13.904000282287598,13.904000282287598,13.904000282287598,13.895999908447266,13.904000282287598,13.920000076293945,13.920000076293945,13.920000076293945,13.904000282287598,13.911999702453613,inf,inf,inf,inf,10.543999671936035,10.543999671936035,10.543999671936035,10.543999671936035,10.543999671936035,inf,inf,inf,inf,inf,inf,inf,inf,inf,inf,inf,inf,inf,inf,inf,inf,inf,inf,inf,3.752000093460083,3.752000093460083,3.752000093460083,3.752000093460083,3.752000093460083,3.752000093460083,3.752000093460083,3.747999906539917,3.747999906539917,3.7360000610351562,3.740000009536743,3.74399995803833,3.747999906539917,2.880000114440918,2.880000114440918,2.8239998817443848,2.8239998817443848,2.8239998817443848,2.759999990463257,2.759999990463257,2.640000104904175,2.640000104904175,2.5920000076293945,2.5439999103546143,2.4839999675750732,2.427999973297119,2.380000114440918,2.3359999656677246,2.2960000038146973,2.240000009536743,2.240000009536743,2.191999912261963,2.191999912261963,2.1519999504089355,2.119999885559082,2.0920000076293945,2.053999900817871,2.01200008392334,1.9819999933242798,1.9579999446868896,1.9259999990463257,1.9259999990463257,1.899999976158142,1.8839999437332153,1.8760000467300415,1.8680000305175781,1.8580000400543213,1.8459999561309814,1.8279999494552612,1.8079999685287476,1.8079999685287476,1.784000039100647,1.75600004196167,1.7359999418258667,1.715999960899353,1.694000005722046,1.6759999990463257,1.656000018119812,1.5099999904632568,1.5099999904632568,1.5099999904632568,1.4980000257492065,1.4980000257492065,1.4839999675750732,1.4759999513626099,inf,inf,inf,inf,inf,1.406000018119812,1.406000018119812,1.406000018119812,1.406000018119812,1.406000018119812,...,0.0,0.0,0.0,0.0,0.0,0.0,0.0,0.0,0.0,0.0,0.0,0.0,0.0,0.0,0.0,0.0,0.0,0.0,0.0,0.0,0.0,0.0,0.0,0.0,0.0,0.0,0.0,0.0,0.0,0.0,0.0,0.0,0.0,0.0,0.0,0.0,0.0,0.0,0.0,0.0,0.0,0.0,0.0,0.0,0.0,0.0,0.0,0.0,0.0,0.0,0.0,0.0,0.0,0.0,0.0,0.0,0.0,0.0,0.0,0.0,0.0,0.0,0.0,0.0,0.0,0.0,0.0,0.0,0.0,0.0,0.0,0.0,0.0,0.0,0.0,0.0,0.0,0.0,0.0,0.0,0.0,0.0,0.0,0.0,0.0,0.0,0.0,0.0,0.0,0.0,0.0,0.0,0.0,0.0,0.0,0.0,0.0,0.0,0.0,0.0,0.0,0.0,0.0,0.0,0.0,0.0,0.0,0.0,0.0,0.0,0.0,0.0,0.0,0.0,0.0,0.0,0.0,0.0,0.0,0.0,0.0,0.0,0.0,0.0,0.0,0.0,0.0,0.0,...
1763031530,608604307,laser,-3.1241390705108643,3.1415927410125732,0.0034828970674425364,5.377521301852539e-05,0.09674160182476044,0.15000000596046448,16.0,inf,inf,inf,inf,inf,inf,inf,inf,inf,inf,13.928000450134277,13.928000450134277,13.928000450134277,13.928000450134277,13.928000450134277,13.911999702453613,13.911999702453613,13.904000282287598,13.895999908447266,13.911999702453613,13.911999702453613,13.920000076293945,13.920000076293945,13.920000076293945,13.920000076293945,inf,inf,10.432000160217285,10.432000160217285,10.432000160217285,10.432000160217285,10.432000160217285,inf,inf,inf,inf,inf,inf,inf,inf,inf,inf,inf,inf,inf,inf,inf,inf,inf,inf,inf,inf,3.759999990463257,3.759999990463257,3.759999990463257,3.759999990463257,3.759999990463257,3.740000009536743,3.740000009536743,3.740000009536743,3.7320001125335693,3.7360000610351562,3.74399995803833,3.74399995803833,3.747999906539917,3.747999906539917,2.8959999084472656,2.8959999084472656,2.8959999084472656,2.8959999084472656,2.828000068664551,2.7720000743865967,2.7200000286102295,2.6559998989105225,2.5999999046325684,2.552000045776367,2.552000045776367,2.492000102996826,2.431999921798706,2.388000011444092,2.3480000495910645,2.299999952316284,2.2760000228881836,2.247999906539917,2.191999912261963,2.1559998989105225,2.124000072479248,2.124000072479248,2.0959999561309814,2.068000078201294,2.0439999103546143,2.0320000648498535,2.0220000743865967,2.009999990463257,1.9919999837875366,1.9700000286102295,1.9700000286102295,1.9459999799728394,1.9199999570846558,1.8940000534057617,1.8660000562667847,1.8380000591278076,1.8140000104904175,1.7920000553131104,1.7699999809265137,1.7699999809265137,1.7259999513626099,1.7259999513626099,1.7059999704360962,1.684000015258789,1.6619999408721924,1.6360000371932983,1.5140000581741333,1.50600004196167,1.50600004196167,1.4900000095367432,1.4800000190734863,1.4759999513626099,1.4759999513626099,1.4739999771118164,inf,1.409999966621399,1.409999966621399,1.409999966621399,1.409999966621399,1.409999966621399,1.3980000019073486,1.3980000019073486,...,0.0,0.0,0.0,0.0,0.0,0.0,0.0,0.0,0.0,0.0,0.0,0.0,0.0,0.0,0.0,0.0,0.0,47.0,47.0,47.0,47.0,47.0,0.0,0.0,0.0,0.0,0.0,0.0,0.0,0.0,0.0,0.0,0.0,0.0,0.0,0.0,0.0,0.0,0.0,0.0,0.0,0.0,0.0,0.0,0.0,0.0,0.0,0.0,0.0,0.0,0.0,0.0,0.0,0.0,0.0,0.0,0.0,0.0,0.0,0.0,0.0,0.0,0.0,0.0,0.0,0.0,0.0,0.0,0.0,0.0,0.0,0.0,0.0,0.0,0.0,0.0,0.0,0.0,0.0,0.0,0.0,0.0,0.0,0.0,0.0,0.0,0.0,0.0,0.0,0.0,0.0,0.0,0.0,0.0,0.0,0.0,0.0,0.0,0.0,0.0,0.0,0.0,0.0,0.0,0.0,0.0,0.0,0.0,0.0,0.0,0.0,0.0,0.0,0.0,0.0,0.0,0.0,0.0,0.0,0.0,0.0,0.0,0.0,0.0,0.0,0.0,0.0,0.0,...
1763031530,706708502,laser,-3.1241390705108643,3.1415927410125732,0.0034828970674425364,5.376789340516552e-05,0.09672843664884567,0.15000000596046448,16.0,inf,inf,inf,inf,inf,inf,inf,inf,13.928000450134277,13.928000450134277,13.928000450134277,13.928000450134277,13.928000450134277,13.911999702453613,13.911999702453613,13.895999908447266,13.895999908447266,13.895999908447266,13.904000282287598,13.904000282287598,13.895999908447266,13.904000282287598,13.904000282287598,13.911999702453613,13.911999702453613,inf,inf,inf,inf,inf,inf,inf,inf,inf,inf,inf,inf,inf,inf,inf,inf,inf,inf,inf,inf,inf,inf,inf,inf,inf,4.0279998779296875,4.0279998779296875,4.0279998779296875,4.0279998779296875,4.0279998779296875,3.9119999408721924,3.9119999408721924,3.815999984741211,3.752000093460083,3.752000093460083,3.747999906539917,3.747999906539917,3.740000009536743,3.74399995803833,3.747999906539917,3.747999906539917,2.884000062942505,2.884000062942505,2.819999933242798,2.819999933242798,2.819999933242798,2.819999933242798,2.752000093460083,2.684000015258789,2.631999969482422,2.5959999561309814,2.5399999618530273,2.4839999675750732,2.431999921798706,2.380000114440918,2.3399999141693115,2.3399999141693115,2.2960000038146973,2.240000009536743,2.2160000801086426,2.191999912261963,2.1440000534057617,2.0999999046325684,2.0799999237060547,2.055999994277954,2.055999994277954,1.9859999418258667,1.9859999418258667,1.9639999866485596,1.9320000410079956,1.9079999923706055,1.8919999599456787,1.8819999694824219,1.8760000467300415,1.8580000400543213,1.8380000591278076,1.8380000591278076,1.8240000009536743,1.8020000457763672,1.777999997138977,1.75600004196167,1.7319999933242798,1.7120000123977661,1.6959999799728394,1.6720000505447388,1.6519999504089355,1.6519999504089355,1.5080000162124634,1.5080000162124634,1.5080000162124634,1.496000051498413,1.4819999933242798,inf,inf,inf,inf,inf,inf,1.4040000438690186,1.4040000438690186,1.4040000438690186,1.4040000438690186,1.4040000438690186,...,0.0,0.0,0.0,0.0,0.0,0.0,0.0,0.0,0.0,0.0,0.0,0.0,0.0,0.0,0.0,0.0,0.0,0.0,0.0,0.0,0.0,0.0,0.0,0.0,0.0,0.0,0.0,0.0,0.0,0.0,0.0,0.0,0.0,0.0,0.0,0.0,0.0,0.0,0.0,0.0,0.0,0.0,0.0,0.0,0.0,0.0,0.0,0.0,0.0,0.0,0.0,0.0,0.0,0.0,0.0,0.0,0.0,0.0,0.0,0.0,0.0,0.0,0.0,0.0,0.0,0.0,0.0,0.0,0.0,47.0,47.0,47.0,47.0,47.0,0.0,0.0,0.0,0.0,0.0,0.0,0.0,0.0,0.0,0.0,0.0,0.0,0.0,0.0,0.0,0.0,47.0,47.0,47.0,47.0,47.0,0.0,0.0,0.0,0.0,0.0,0.0,0.0,0.0,0.0,0.0,0.0,0.0,0.0,0.0,0.0,0.0,0.0,0.0,0.0,0.0,0.0,0.0,0.0,0.0,0.0,0.0,0.0,0.0,0.0,0.0,0.0,0.0,0.0,...
1763031530,804846690,laser,-3.1241390705108643,3.1415927410125732,0.0034828970674425364,5.727173265768215e-05,0.10303184390068054,0.15000000596046448,16.0,inf,inf,inf,inf,inf,inf,inf,inf,inf,inf,13.928000450134277,13.928000450134277,13.928000450134277,13.928000450134277,13.928000450134277,13.920000076293945,13.911999702453613,13.904000282287598,13.911999702453613,13.928000450134277,13.928000450134277,13.920000076293945,13.911999702453613,13.911999702453613,inf,inf,inf,10.423999786376953,10.423999786376953,10.423999786376953,10.423999786376953,10.423999786376953,inf,inf,inf,inf,inf,inf,inf,inf,inf,inf,inf,inf,inf,inf,inf,inf,inf,inf,inf,inf,3.7839999198913574,3.7839999198913574,3.7839999198913574,3.7839999198913574,3.7839999198913574,3.740000009536743,3.740000009536743,3.740000009536743,3.74399995803833,3.747999906539917,3.74399995803833,3.74399995803833,3.74399995803833,3.74399995803833,2.9119999408721924,2.9119999408721924,2.9119999408721924,2.9119999408721924,2.864000082015991,2.808000087738037,2.6679999828338623,2.624000072479248,2.624000072479248,2.572000026702881,2.572000026702881,2.5280001163482666,2.3959999084472656,2.3959999084472656,2.364000082015991,2.328000068664551,2.2960000038146973,2.187999963760376,2.187999963760376,2.184000015258789,2.135999917984009,2.1040000915527344,2.1040000915527344,2.063999891281128,2.0320000648498535,2.002000093460083,1.968000054359436,1.944000005722046,1.909999966621399,1.8839999437332153,1.8680000305175781,1.8459999561309814,1.8279999494552612,1.8279999494552612,1.8220000267028809,1.8140000104904175,1.8040000200271606,1.7879999876022339,1.7699999809265137,1.7480000257492065,1.7280000448226929,1.7120000123977661,1.7120000123977661,1.6920000314712524,1.6660000085830688,1.6440000534057617,1.5080000162124634,1.4919999837875366,1.4919999837875366,1.4919999837875366,1.4800000190734863,1.465999960899353,1.4320000410079956,1.4320000410079956,1.4320000410079956,1.4320000410079956,1.4320000410079956,1.4019999504089355,1.4019999504089355,1.4019999504089355,1.3839999437332153,1.3839999437332153,...,0.0,0.0,0.0,0.0,0.0,0.0,0.0,0.0,0.0,0.0,0.0,0.0,0.0,0.0,0.0,0.0,0.0,0.0,0.0,0.0,0.0,0.0,0.0,0.0,0.0,0.0,0.0,0.0,0.0,0.0,0.0,0.0,0.0,0.0,0.0,0.0,0.0,0.0,0.0,0.0,0.0,0.0,0.0,0.0,0.0,0.0,0.0,0.0,0.0,0.0,0.0,0.0,0.0,0.0,0.0,0.0,0.0,0.0,0.0,0.0,0.0,0.0,0.0,0.0,0.0,0.0,0.0,0.0,0.0,0.0,0.0,0.0,0.0,0.0,0.0,0.0,0.0,0.0,0.0,0.0,0.0,0.0,0.0,0.0,0.0,0.0,0.0,0.0,0.0,0.0,0.0,0.0,0.0,0.0,0.0,0.0,0.0,0.0,0.0,0.0,0.0,0.0,0.0,0.0,0.0,0.0,0.0,0.0,0.0,0.0,0.0,0.0,0.0,0.0,0.0,0.0,0.0,0.0,0.0,0.0,0.0,0.0,0.0,0.0,47.0,47.0,47.0,47.0,...
1763031530,909583641,laser,-3.1241390705108643,3.1415927410125732,0.0034828970674425364,5.367198900785297e-05,0.0965559110045433,0.15000000596046448,16.0,inf,inf,inf,inf,inf,inf,inf,inf,13.920000076293945,13.920000076293945,13.920000076293945,13.920000076293945,13.920000076293945,13.911999702453613,13.911999702453613,13.911999702453613,13.904000282287598,13.895999908447266,13.895999908447266,13.895999908447266,13.911999702453613,13.928000450134277,13.920000076293945,13.920000076293945,inf,inf,inf,inf,10.368000030517578,10.368000030517578,10.368000030517578,10.368000030517578,10.368000030517578,inf,inf,inf,inf,inf,inf,inf,inf,inf,inf,inf,inf,inf,inf,inf,inf,inf,inf,3.808000087738037,3.808000087738037,3.808000087738037,3.808000087738037,3.808000087738037,3.752000093460083,3.752000093460083,3.752000093460083,3.747999906539917,3.747999906539917,3.74399995803833,3.74399995803833,3.747999906539917,3.747999906539917,3.747999906539917,2.875999927520752,2.875999927520752,2.875999927520752,2.815999984741211,2.815999984741211,2.815999984741211,2.74399995803833,2.680000066757202,2.635999917984009,2.5840001106262207,2.5280001163482666,2.4839999675750732,2.431999921798706,2.380000114440918,2.3359999656677246,2.3359999656677246,2.303999900817871,2.247999906539917,2.2119998931884766,2.191999912261963,2.1440000534057617,2.1040000915527344,2.072000026702881,2.0399999618530273,2.0139999389648438,1.99399995803833,1.99399995803833,1.9759999513626099,1.9600000381469727,1.9500000476837158,1.940000057220459,1.9240000247955322,1.899999976158142,1.899999976158142,1.871999979019165,1.8519999980926514,1.8300000429153442,1.8040000200271606,1.777999997138977,1.75600004196167,1.7339999675750732,1.7120000123977661,1.694000005722046,1.6720000505447388,1.6720000505447388,1.649999976158142,1.5099999904632568,1.5099999904632568,1.5099999904632568,1.496000051498413,1.4839999675750732,1.4780000448226929,inf,inf,inf,1.4040000438690186,1.4040000438690186,1.4040000438690186,1.4040000438690186,1.4040000438690186,1.3880000114440918,1.3880000114440918,...,0.0,0.0,0.0,0.0,0.0,0.0,0.0,0.0,0.0,0.0,0.0,0.0,0.0,0.0,0.0,0.0,0.0,0.0,0.0,0.0,0.0,0.0,0.0,0.0,0.0,0.0,0.0,0.0,0.0,0.0,0.0,0.0,0.0,0.0,0.0,0.0,0.0,0.0,0.0,0.0,0.0,0.0,0.0,0.0,0.0,0.0,0.0,0.0,0.0,0.0,0.0,0.0,0.0,0.0,0.0,0.0,0.0,0.0,0.0,0.0,0.0,0.0,0.0,0.0,0.0,0.0,0.0,0.0,0.0,0.0,0.0,0.0,0.0,0.0,0.0,0.0,0.0,0.0,0.0,0.0,0.0,0.0,0.0,0.0,0.0,0.0,0.0,0.0,0.0,0.0,47.0,47.0,47.0,47.0,47.0,0.0,0.0,0.0,0.0,0.0,0.0,0.0,0.0,0.0,0.0,0.0,0.0,0.0,0.0,0.0,0.0,0.0,0.0,0.0,0.0,0.0,0.0,0.0,0.0,0.0,0.0,0.0,0.0,0.0,0.0,0.0,47.0,47.0,...
1763031531,7790920,laser,-3.1241390705108643,3.1415927410125732,0.0034828970674425364,5.366368714021519e-05,0.09654097259044647,0.15000000596046448,16.0,inf,inf,inf,inf,inf,inf,inf,13.928000450134277,13.928000450134277,13.928000450134277,13.928000450134277,13.928000450134277,13.920000076293945,13.920000076293945,13.920000076293945,13.920000076293945,13.911999702453613,13.904000282287598,13.904000282287598,13.920000076293945,13.928000450134277,13.928000450134277,13.920000076293945,13.920000076293945,13.928000450134277,inf,inf,inf,10.432000160217285,10.432000160217285,10.432000160217285,10.432000160217285,10.432000160217285,inf,inf,inf,inf,inf,inf,inf,inf,inf,inf,inf,inf,inf,inf,inf,inf,inf,4.007999897003174,4.007999897003174,4.007999897003174,4.007999897003174,4.007999897003174,3.7880001068115234,3.7880001068115234,3.7880001068115234,3.74399995803833,3.74399995803833,3.74399995803833,3.747999906539917,3.74399995803833,3.747999906539917,3.747999906539917,3.747999906539917,2.931999921798706,2.931999921798706,2.871999979019165,2.871999979019165,2.871999979019165,2.812000036239624,2.74399995803833,2.680000066757202,2.624000072479248,2.5759999752044678,2.5160000324249268,2.4679999351501465,2.4200000762939453,2.368000030517578,2.3239998817443848,2.2920000553131104,2.2920000553131104,2.24399995803833,2.2079999446868896,2.187999963760376,2.140000104904175,2.111999988555908,2.0840001106262207,2.0460000038146973,2.0299999713897705,2.0199999809265137,2.0199999809265137,2.007999897003174,1.99399995803833,1.965999960899353,1.9459999799728394,1.9279999732971191,1.899999976158142,1.899999976158142,1.8480000495910645,1.8480000495910645,1.8259999752044678,1.8020000457763672,1.777999997138977,1.75600004196167,1.7319999933242798,1.7100000381469727,1.690000057220459,1.6699999570846558,1.6699999570846558,1.649999976158142,1.5199999809265137,1.5199999809265137,1.5080000162124634,1.496000051498413,1.4839999675750732,inf,inf,inf,1.4320000410079956,1.4320000410079956,1.4320000410079956,1.4320000410079956,1.4320000410079956,1.4040000438690186,1.4040000438690186,1.4040000438690186,...,0.0,0.0,0.0,0.0,0.0,0.0,0.0,0.0,0.0,0.0,0.0,0.0,0.0,0.0,0.0,0.0,0.0,0.0,0.0,47.0,47.0,47.0,47.0,47.0,0.0,0.0,0.0,0.0,0.0,0.0,0.0,0.0,0.0,0.0,0.0,0.0,0.0,0.0,0.0,0.0,0.0,0.0,0.0,0.0,0.0,0.0,0.0,0.0,0.0,0.0,0.0,0.0,0.0,0.0,0.0,0.0,0.0,0.0,0.0,0.0,0.0,0.0,0.0,0.0,0.0,0.0,0.0,0.0,0.0,0.0,0.0,0.0,0.0,0.0,0.0,0.0,0.0,0.0,0.0,0.0,0.0,0.0,0.0,0.0,0.0,0.0,0.0,0.0,0.0,0.0,0.0,0.0,0.0,0.0,0.0,0.0,0.0,0.0,0.0,0.0,0.0,0.0,0.0,0.0,0.0,0.0,0.0,0.0,0.0,0.0,0.0,0.0,0.0,0.0,0.0,0.0,0.0,0.0,0.0,0.0,0.0,0.0,0.0,0.0,0.0,0.0,0.0,0.0,...
1763031531,105877554,laser,-3.1241390705108643,3.1415927410125732,0.0034828970674425364,5.378959758672863e-05,0.09676748514175415,0.15000000596046448,16.0,inf,inf,inf,inf,inf,inf,inf,inf,inf,inf,13.920000076293945,13.920000076293945,13.920000076293945,13.920000076293945,13.920000076293945,13.911999702453613,13.920000076293945,13.904000282287598,13.895999908447266,13.911999702453613,13.911999702453613,13.928000450134277,13.911999702453613,13.904000282287598,inf,inf,inf,inf,inf,inf,inf,inf,inf,inf,inf,inf,inf,inf,inf,inf,inf,inf,inf,inf,inf,inf,inf,inf,inf,inf,inf,inf,3.871999979019165,3.871999979019165,3.871999979019165,3.871999979019165,3.871999979019165,3.7880001068115234,3.7880001068115234,3.74399995803833,3.74399995803833,3.74399995803833,3.74399995803833,3.747999906539917,3.747999906539917,3.747999906539917,2.931999921798706,2.868000030517578,2.868000030517578,2.868000030517578,2.868000030517578,2.803999900817871,2.7320001125335693,2.6679999828338623,2.624000072479248,2.572000026702881,2.5160000324249268,2.4519999027252197,2.4040000438690186,2.368000030517578,2.368000030517578,2.328000068664551,2.2960000038146973,2.180000066757202,2.180000066757202,2.180000066757202,2.135999917984009,2.1040000915527344,2.072000026702881,2.072000026702881,2.002000093460083,2.002000093460083,1.9700000286102295,1.9459999799728394,1.909999966621399,1.8819999694824219,1.8619999885559082,1.840000033378601,1.8220000267028809,1.8140000104904175,1.8140000104904175,1.805999994277954,1.7960000038146973,1.784000039100647,1.7660000324249268,1.7480000257492065,1.7280000448226929,1.7079999446868896,1.687999963760376,1.687999963760376,1.6660000085830688,1.6460000276565552,1.50600004196167,1.50600004196167,1.4919999837875366,1.4919999837875366,1.4800000190734863,1.465999960899353,inf,inf,inf,inf,1.399999976158142,1.399999976158142,1.399999976158142,1.399999976158142,1.399999976158142,1.3880000114440918,...,0.0,0.0,0.0,0.0,0.0,0.0,0.0,0.0,0.0,0.0,0.0,0.0,0.0,0.0,0.0,0.0,0.0,0.0,0.0,0.0,0.0,0.0,0.0,0.0,0.0,0.0,0.0,0.0,0.0,0.0,0.0,0.0,0.0,0.0,0.0,0.0,0.0,0.0,0.0,0.0,0.0,0.0,0.0,0.0,0.0,0.0,0.0,0.0,0.0,0.0,0.0,0.0,0.0,0.0,0.0,0.0,0.0,0.0,0.0,0.0,0.0,0.0,0.0,0.0,0.0,0.0,0.0,0.0,0.0,0.0,0.0,0.0,0.0,0.0,0.0,0.0,0.0,0.0,0.0,0.0,0.0,0.0,0.0,0.0,0.0,0.0,0.0,0.0,0.0,0.0,0.0,0.0,0.0,0.0,0.0,0.0,0.0,0.0,0.0,0.0,0.0,0.0,0.0,0.0,0.0,0.0,0.0,0.0,0.0,0.0,0.0,0.0,0.0,0.0,0.0,0.0,0.0,0.0,0.0,0.0,0.0,0.0,0.0,0.0,0.0,0.0,0.0,0.0,...
1763031531,203965373,laser,-3.1241390705108643,3.1415927410125732,0.0034828970674425364,5.391501690610312e-05,0.09699311852455139,0.15000000596046448,16.0,inf,inf,inf,inf,inf,inf,inf,inf,inf,13.911999702453613,13.911999702453613,13.911999702453613,13.911999702453613,13.911999702453613,13.920000076293945,13.920000076293945,13.920000076293945,13.904000282287598,13.895999908447266,13.895999908447266,13.920000076293945,13.928000450134277,13.871999740600586,13.86400032043457,inf,inf,inf,inf,inf,10.399999618530273,10.399999618530273,10.399999618530273,10.399999618530273,10.399999618530273,inf,inf,inf,inf,inf,inf,inf,inf,inf,inf,inf,inf,inf,inf,inf,inf,inf,inf,3.7920000553131104,3.7920000553131104,3.7920000553131104,3.7920000553131104,3.7920000553131104,3.74399995803833,3.74399995803833,3.74399995803833,3.74399995803833,3.74399995803833,3.740000009536743,3.747999906539917,3.747999906539917,3.747999906539917,3.747999906539917,2.871999979019165,2.871999979019165,2.871999979019165,2.871999979019165,2.812000036239624,2.7320001125335693,2.671999931335449,2.628000020980835,2.572000026702881,2.5280001163482666,2.4079999923706055,2.4079999923706055,2.368000030517578,2.368000030517578,2.3239998817443848,2.2920000553131104,2.191999912261963,2.180000066757202,2.180000066757202,2.135999917984009,2.1040000915527344,2.072000026702881,2.072000026702881,2.0439999103546143,2.002000093460083,1.9700000286102295,1.9459999799728394,1.909999966621399,1.8839999437332153,1.8639999628067017,1.8420000076293945,1.8300000429153442,1.8259999752044678,1.8259999752044678,1.815999984741211,1.8079999685287476,1.7899999618530273,1.7680000066757202,1.7480000257492065,1.7280000448226929,1.7100000381469727,1.690000057220459,1.690000057220459,1.6660000085830688,1.6460000276565552,1.50600004196167,1.50600004196167,1.49399995803833,1.49399995803833,1.4819999933242798,1.468000054359436,inf,1.4320000410079956,1.4320000410079956,1.4320000410079956,1.4320000410079956,1.4320000410079956,1.399999976158142,1.399999976158142,1.399999976158142,1.3839999437332153,...,0.0,0.0,0.0,0.0,0.0,0.0,0.0,0.0,0.0,0.0,0.0,0.0,0.0,0.0,0.0,0.0,0.0,0.0,0.0,0.0,0.0,0.0,0.0,0.0,0.0,0.0,0.0,0.0,0.0,0.0,0.0,0.0,0.0,0.0,0.0,0.0,0.0,0.0,0.0,0.0,0.0,0.0,0.0,0.0,0.0,0.0,0.0,0.0,0.0,0.0,0.0,0.0,0.0,0.0,0.0,0.0,0.0,0.0,0.0,0.0,0.0,0.0,0.0,0.0,0.0,0.0,0.0,0.0,0.0,0.0,0.0,0.0,0.0,0.0,0.0,0.0,0.0,0.0,0.0,0.0,0.0,0.0,0.0,0.0,0.0,0.0,0.0,0.0,0.0,0.0,0.0,0.0,0.0,0.0,0.0,0.0,0.0,0.0,0.0,0.0,0.0,0.0,0.0,0.0,0.0,0.0,0.0,0.0,0.0,0.0,0.0,0.0,0.0,0.0,0.0,0.0,0.0,0.0,0.0,0.0,0.0,0.0,0.0,0.0,0.0,0.0,0.0,0.0,...
1763031531,302492850,laser,-3.1241390705108643,3.1415927410125732,0.0034828970674425364,5.368266283767298e-05,0.09657511115074158,0.15000000596046448,16.0,inf,inf,inf,inf,inf,inf,inf,inf,inf,13.911999702453613,13.911999702453613,13.911999702453613,13.911999702453613,13.911999702453613,13.904000282287598,13.904000282287598,13.920000076293945,13.904000282287598,13.911999702453613,13.928000450134277,13.928000450134277,13.920000076293945,13.904000282287598,13.904000282287598,inf,inf,inf,inf,inf,inf,inf,inf,inf,inf,inf,inf,inf,inf,inf,inf,inf,inf,inf,inf,inf,inf,inf,inf,inf,inf,inf,3.815999984741211,3.815999984741211,3.815999984741211,3.815999984741211,3.815999984741211,3.752000093460083,3.752000093460083,3.752000093460083,3.74399995803833,3.74399995803833,3.74399995803833,3.7360000610351562,3.740000009536743,3.747999906539917,3.747999906539917,2.875999927520752,2.875999927520752,2.875999927520752,2.819999933242798,2.819999933242798,2.819999933242798,2.75600004196167,2.687999963760376,2.635999917984009,2.5920000076293945,2.5360000133514404,2.4800000190734863,2.431999921798706,2.380000114440918,2.3359999656677246,2.3359999656677246,2.2960000038146973,2.252000093460083,2.2239999771118164,2.187999963760376,2.1480000019073486,2.115999937057495,2.0799999237060547,2.055999994277954,2.0360000133514404,2.0179998874664307,2.003999948501587,2.003999948501587,1.9859999418258667,1.972000002861023,1.9579999446868896,1.9359999895095825,1.9079999923706055,1.8819999694824219,1.8580000400543213,1.8279999494552612,1.8279999494552612,1.8020000457763672,1.7799999713897705,1.75600004196167,1.7359999418258667,1.7139999866485596,1.694000005722046,1.6759999990463257,1.656000018119812,1.656000018119812,1.5099999904632568,1.5099999904632568,1.5099999904632568,1.5,1.4880000352859497,1.4759999513626099,1.4739999771118164,inf,inf,1.4040000438690186,1.4040000438690186,1.4040000438690186,1.4040000438690186,1.4040000438690186,1.3960000276565552,1.3960000276565552,...,0.0,0.0,0.0,0.0,0.0,0.0,0.0,0.0,0.0,0.0,0.0,0.0,0.0,0.0,0.0,0.0,0.0,0.0,47.0,47.0,47.0,47.0,47.0,0.0,0.0,0.0,0.0,0.0,0.0,0.0,0.0,0.0,0.0,0.0,0.0,0.0,0.0,0.0,0.0,0.0,0.0,0.0,0.0,0.0,0.0,0.0,0.0,0.0,0.0,0.0,0.0,0.0,0.0,0.0,0.0,0.0,0.0,0.0,0.0,0.0,0.0,0.0,0.0,0.0,0.0,0.0,0.0,0.0,0.0,0.0,0.0,0.0,0.0,0.0,0.0,0.0,0.0,0.0,0.0,0.0,0.0,0.0,0.0,0.0,0.0,0.0,0.0,0.0,0.0,0.0,0.0,0.0,0.0,0.0,0.0,0.0,0.0,0.0,0.0,0.0,0.0,0.0,0.0,0.0,0.0,0.0,0.0,0.0,0.0,0.0,0.0,0.0,0.0,0.0,0.0,0.0,0.0,0.0,0.0,0.0,0.0,0.0,0.0,0.0,0.0,0.0,0.0,0.0,...
1763031531,400190948,laser,-3.1241390705108643,3.1415927410125732,0.0034828970674425364,5.7471846957923844e-05,0.1033918485045433,0.15000000596046448,16.0,inf,inf,inf,inf,inf,inf,inf,13.911999702453613,13.911999702453613,13.911999702453613,13.911999702453613,13.911999702453613,13.904000282287598,13.904000282287598,13.904000282287598,13.904000282287598,13.911999702453613,13.904000282287598,13.911999702453613,13.928000450134277,13.904000282287598,13.904000282287598,13.904000282287598,13.920000076293945,13.935999870300293,inf,inf,inf,10.503999710083008,10.503999710083008,10.503999710083008,10.503999710083008,10.503999710083008,inf,inf,inf,inf,inf,inf,inf,inf,inf,inf,inf,inf,inf,inf,inf,inf,inf,inf,inf,inf,3.74399995803833,3.74399995803833,3.74399995803833,3.74399995803833,3.74399995803833,3.740000009536743,3.740000009536743,3.740000009536743,3.74399995803833,3.74399995803833,3.747999906539917,3.747999906539917,3.747999906539917,3.747999906539917,2.875999927520752,2.875999927520752,2.875999927520752,2.875999927520752,2.808000087738037,2.747999906539917,2.687999963760376,2.628000020980835,2.5759999752044678,2.5160000324249268,2.5160000324249268,2.4679999351501465,2.4200000762939453,2.368000030517578,2.3359999656677246,2.299999952316284,2.196000099182129,2.184000015258789,2.184000015258789,2.140000104904175,2.111999988555908,2.111999988555908,2.0820000171661377,2.0460000038146973,2.0239999294281006,1.9980000257492065,1.968000054359436,1.9500000476837158,1.937999963760376,1.9299999475479126,1.9140000343322754,1.9140000343322754,1.8940000534057617,1.871999979019165,1.8480000495910645,1.8279999494552612,1.7999999523162842,1.7760000228881836,1.75600004196167,1.7319999933242798,1.7100000381469727,1.690000057220459,1.690000057220459,1.6679999828338623,1.649999976158142,1.534000039100647,1.534000039100647,1.5099999904632568,1.5,1.4880000352859497,inf,inf,inf,inf,inf,1.399999976158142,1.399999976158142,1.399999976158142,1.399999976158142,1.399999976158142,1.3860000371932983,...,0.0,0.0,0.0,0.0,0.0,0.0,0.0,0.0,0.0,0.0,0.0,0.0,0.0,0.0,0.0,0.0,0.0,0.0,0.0,47.0,47.0,47.0,47.0,47.0,0.0,0.0,0.0,0.0,0.0,0.0,0.0,0.0,0.0,0.0,0.0,0.0,0.0,0.0,0.0,0.0,0.0,0.0,0.0,0.0,0.0,0.0,0.0,0.0,0.0,0.0,0.0,0.0,0.0,0.0,0.0,0.0,0.0,0.0,0.0,0.0,0.0,0.0,0.0,0.0,0.0,0.0,0.0,0.0,0.0,47.0,47.0,47.0,47.0,47.0,0.0,0.0,0.0,0.0,0.0,0.0,0.0,0.0,0.0,0.0,0.0,0.0,0.0,0.0,0.0,0.0,0.0,0.0,0.0,0.0,0.0,0.0,0.0,0.0,0.0,0.0,0.0,0.0,0.0,0.0,0.0,0.0,0.0,0.0,0.0,0.0,0.0,0.0,0.0,0.0,0.0,0.0,0.0,0.0,0.0,0.0,0.0,0.0,0.0,0.0,0.0,0.0,0.0,0.0,...
1763031531,504992419,laser,-3.1241390705108643,3.1415927410125732,0.0034828970674425364,5.388174031395465e-05,0.09693325310945511,0.15000000596046448,16.0,inf,inf,inf,inf,inf,inf,inf,inf,inf,13.935999870300293,13.935999870300293,13.935999870300293,13.935999870300293,13.935999870300293,13.920000076293945,13.911999702453613,13.911999702453613,13.911999702453613,13.911999702453613,13.911999702453613,13.920000076293945,13.911999702453613,13.895999908447266,13.904000282287598,inf,inf,inf,inf,inf,inf,inf,inf,inf,inf,inf,inf,inf,inf,inf,inf,inf,inf,inf,inf,inf,inf,inf,inf,inf,inf,inf,inf,inf,3.812000036239624,3.812000036239624,3.812000036239624,3.812000036239624,3.812000036239624,3.752000093460083,3.74399995803833,3.74399995803833,3.74399995803833,3.740000009536743,3.740000009536743,3.747999906539917,3.752000093460083,2.875999927520752,2.875999927520752,2.812000036239624,2.812000036239624,2.812000036239624,2.747999906539917,2.747999906539917,2.6480000019073486,2.6480000019073486,2.5920000076293945,2.5399999618530273,2.4839999675750732,2.4240000247955322,2.371999979019165,2.3320000171661377,2.2920000553131104,2.24399995803833,2.24399995803833,2.191999912261963,2.191999912261963,2.1440000534057617,2.111999988555908,2.0799999237060547,2.0460000038146973,2.009999990463257,1.9819999933242798,1.9520000219345093,1.9199999570846558,1.9199999570846558,1.8960000276565552,1.8680000305175781,1.8480000495910645,1.8300000429153442,1.8020000457763672,1.7899999618530273,1.7879999876022339,1.7879999876022339,1.7860000133514404,1.7760000228881836,1.75600004196167,1.7319999933242798,1.7120000123977661,1.6959999799728394,1.6759999990463257,1.6540000438690186,1.6540000438690186,1.5140000581741333,1.5140000581741333,1.5,1.5,1.4859999418258667,1.4759999513626099,inf,inf,inf,inf,inf,1.4040000438690186,1.4040000438690186,1.4040000438690186,1.4040000438690186,1.4040000438690186,...,0.0,0.0,0.0,0.0,0.0,0.0,0.0,0.0,0.0,0.0,0.0,0.0,0.0,0.0,0.0,0.0,0.0,0.0,0.0,0.0,0.0,0.0,0.0,0.0,0.0,0.0,0.0,0.0,0.0,0.0,0.0,0.0,0.0,0.0,0.0,0.0,0.0,0.0,0.0,0.0,0.0,0.0,0.0,0.0,0.0,0.0,0.0,0.0,0.0,0.0,0.0,0.0,0.0,0.0,0.0,0.0,0.0,0.0,0.0,0.0,0.0,0.0,0.0,0.0,0.0,0.0,0.0,0.0,0.0,0.0,0.0,0.0,0.0,0.0,0.0,0.0,0.0,0.0,0.0,0.0,0.0,0.0,0.0,0.0,0.0,0.0,0.0,0.0,0.0,0.0,0.0,0.0,0.0,0.0,0.0,0.0,0.0,0.0,0.0,0.0,0.0,0.0,0.0,0.0,0.0,0.0,0.0,0.0,0.0,0.0,0.0,0.0,0.0,0.0,0.0,0.0,0.0,0.0,0.0,0.0,0.0,0.0,0.0,0.0,0.0,47.0,47.0,47.0,...
1763031531,603278334,laser,-3.1241390705108643,3.1415927410125732,0.0034828970674425364,5.3829146054340526e-05,0.09683863818645477,0.15000000596046448,16.0,inf,inf,inf,inf,inf,inf,inf,inf,inf,inf,13.904000282287598,13.904000282287598,13.904000282287598,13.904000282287598,13.904000282287598,13.904000282287598,13.911999702453613,13.911999702453613,13.904000282287598,13.911999702453613,13.911999702453613,13.895999908447266,13.895999908447266,13.911999702453613,inf,inf,inf,10.51200008392334,10.51200008392334,10.51200008392334,10.51200008392334,10.51200008392334,inf,inf,inf,inf,inf,inf,inf,inf,inf,inf,inf,inf,inf,inf,inf,inf,inf,inf,inf,inf,3.815999984741211,3.815999984741211,3.815999984741211,3.815999984741211,3.815999984741211,3.759999990463257,3.759999990463257,3.752000093460083,3.74399995803833,3.740000009536743,3.740000009536743,3.740000009536743,3.747999906539917,3.752000093460083,2.880000114440918,2.880000114440918,2.880000114440918,2.880000114440918,2.819999933242798,2.759999990463257,2.7039999961853027,2.6480000019073486,2.5880000591278076,2.5880000591278076,2.5399999618530273,2.48799991607666,2.427999973297119,2.371999979019165,2.3359999656677246,2.2920000553131104,2.2679998874664307,2.24399995803833,2.24399995803833,2.1519999504089355,2.1519999504089355,2.115999937057495,2.0840001106262207,2.0480000972747803,2.0160000324249268,1.9900000095367432,1.965999960899353,1.9320000410079956,1.9019999504089355,1.9019999504089355,1.878000020980835,1.878000020980835,1.8680000305175781,1.8519999980926514,1.8459999561309814,1.8300000429153442,1.8079999685287476,1.784000039100647,1.784000039100647,1.7380000352859497,1.7380000352859497,1.7200000286102295,1.7020000219345093,1.6820000410079956,1.659999966621399,1.628000020980835,1.5160000324249268,1.5019999742507935,1.5019999742507935,1.4900000095367432,1.4900000095367432,1.4759999513626099,inf,inf,inf,inf,1.4079999923706055,1.4079999923706055,1.4079999923706055,1.4079999923706055,1.4079999923706055,1.3980000019073486,...,0.0,0.0,0.0,0.0,0.0,0.0,0.0,0.0,0.0,0.0,0.0,0.0,0.0,0.0,0.0,0.0,0.0,0.0,0.0,0.0,0.0,0.0,0.0,0.0,0.0,0.0,0.0,0.0,0.0,0.0,0.0,0.0,0.0,0.0,0.0,0.0,0.0,0.0,0.0,0.0,0.0,0.0,0.0,0.0,0.0,0.0,0.0,0.0,0.0,0.0,0.0,0.0,0.0,0.0,0.0,0.0,0.0,0.0,0.0,0.0,0.0,0.0,0.0,0.0,0.0,0.0,0.0,47.0,47.0,47.0,47.0,47.0,0.0,0.0,0.0,0.0,0.0,0.0,0.0,0.0,0.0,0.0,0.0,0.0,0.0,0.0,0.0,0.0,0.0,0.0,0.0,0.0,0.0,0.0,0.0,0.0,0.0,0.0,0.0,0.0,0.0,0.0,0.0,0.0,0.0,0.0,0.0,0.0,0.0,0.0,0.0,0.0,0.0,0.0,0.0,0.0,0.0,0.0,0.0,0.0,0.0,0.0,0.0,0.0,0.0,0.0,0.0,0.0,...
1763031531,701863522,laser,-3.1241390705108643,3.1415927410125732,0.0034828970674425364,5.366819095797837e-05,0.09654907882213593,0.15000000596046448,16.0,inf,inf,inf,inf,inf,inf,inf,inf,13.895999908447266,13.895999908447266,13.895999908447266,13.895999908447266,13.895999908447266,13.887999534606934,13.887999534606934,13.887999534606934,13.904000282287598,13.895999908447266,13.920000076293945,13.935999870300293,13.920000076293945,13.920000076293945,13.904000282287598,13.904000282287598,inf,inf,inf,inf,inf,10.51200008392334,10.51200008392334,10.51200008392334,10.51200008392334,10.51200008392334,inf,inf,inf,inf,inf,inf,inf,inf,inf,inf,inf,inf,inf,inf,inf,inf,inf,inf,3.828000068664551,3.828000068664551,3.828000068664551,3.828000068664551,3.828000068664551,3.7720000743865967,3.7720000743865967,3.740000009536743,3.7360000610351562,3.740000009536743,3.740000009536743,3.74399995803833,3.752000093460083,3.752000093460083,2.888000011444092,2.888000011444092,2.888000011444092,2.888000011444092,2.8320000171661377,2.7799999713897705,2.7119998931884766,2.6519999504089355,2.5920000076293945,2.5920000076293945,2.5439999103546143,2.492000102996826,2.440000057220459,2.3959999084472656,2.3440001010894775,2.2960000038146973,2.2720000743865967,2.247999906539917,2.247999906539917,2.1559998989105225,2.1559998989105225,2.128000020980835,2.1040000915527344,2.068000078201294,2.0360000133514404,2.0239999294281006,2.0139999389648438,2.003999948501587,1.9900000095367432,1.9900000095367432,1.965999960899353,1.9420000314712524,1.9199999570846558,1.8940000534057617,1.8619999885559082,1.8359999656677246,1.8140000104904175,1.7920000553131104,1.7699999809265137,1.7699999809265137,1.7480000257492065,1.7300000190734863,1.7059999704360962,1.6820000410079956,1.659999966621399,1.6399999856948853,1.5140000581741333,1.50600004196167,1.50600004196167,1.4900000095367432,1.4800000190734863,1.4800000190734863,1.4299999475479126,1.4299999475479126,1.4299999475479126,1.4299999475479126,1.4299999475479126,1.409999966621399,1.409999966621399,1.409999966621399,1.409999966621399,1.3980000019073486,...,0.0,0.0,0.0,0.0,0.0,0.0,0.0,0.0,0.0,0.0,0.0,0.0,0.0,0.0,0.0,0.0,0.0,0.0,0.0,0.0,0.0,0.0,0.0,0.0,0.0,0.0,0.0,0.0,0.0,0.0,0.0,0.0,0.0,0.0,0.0,0.0,0.0,0.0,0.0,0.0,0.0,0.0,0.0,0.0,0.0,0.0,0.0,0.0,0.0,0.0,0.0,0.0,0.0,0.0,0.0,0.0,0.0,0.0,0.0,0.0,0.0,0.0,0.0,0.0,0.0,0.0,0.0,0.0,47.0,47.0,47.0,47.0,47.0,0.0,0.0,0.0,0.0,0.0,0.0,0.0,0.0,0.0,0.0,0.0,0.0,0.0,0.0,0.0,0.0,0.0,0.0,0.0,0.0,0.0,0.0,0.0,0.0,0.0,0.0,0.0,0.0,0.0,0.0,0.0,0.0,0.0,0.0,0.0,0.0,0.0,0.0,0.0,0.0,0.0,0.0,0.0,0.0,0.0,0.0,0.0,0.0,0.0,0.0,0.0,0.0,0.0,0.0,0.0,...
1763031531,799976566,laser,-3.1241390705108643,3.1415927410125732,0.0034828970674425364,5.368681377149187e-05,0.0965825766324997,0.15000000596046448,16.0,inf,inf,inf,inf,inf,inf,inf,inf,13.904000282287598,13.904000282287598,13.904000282287598,13.904000282287598,13.904000282287598,13.895999908447266,13.895999908447266,13.904000282287598,13.904000282287598,13.904000282287598,13.920000076293945,13.920000076293945,13.911999702453613,13.904000282287598,13.920000076293945,13.920000076293945,13.928000450134277,inf,inf,inf,inf,10.552000045776367,10.552000045776367,10.552000045776367,10.552000045776367,10.552000045776367,inf,inf,inf,inf,inf,inf,inf,inf,inf,inf,inf,inf,inf,inf,inf,inf,inf,inf,inf,3.7639999389648438,3.7639999389648438,3.7639999389648438,3.7639999389648438,3.7639999389648438,3.740000009536743,3.740000009536743,3.740000009536743,3.74399995803833,3.74399995803833,3.74399995803833,3.747999906539917,3.747999906539917,3.747999906539917,2.884000062942505,2.815999984741211,2.815999984741211,2.815999984741211,2.815999984741211,2.752000093460083,2.691999912261963,2.640000104904175,2.5920000076293945,2.5399999618530273,2.48799991607666,2.440000057220459,2.384000062942505,2.3359999656677246,2.3359999656677246,2.2960000038146973,2.24399995803833,2.2160000801086426,2.196000099182129,2.1480000019073486,2.1080000400543213,2.0840001106262207,2.055999994277954,2.055999994277954,1.9839999675750732,1.9839999675750732,1.9620000123977661,1.9279999732971191,1.9019999504089355,1.8799999952316284,1.8619999885559082,1.8519999980926514,1.8359999656677246,1.8259999752044678,1.8140000104904175,1.8140000104904175,1.7979999780654907,1.7799999713897705,1.7580000162124634,1.7319999933242798,1.7139999866485596,1.6979999542236328,1.6779999732971191,1.659999966621399,1.659999966621399,1.5180000066757202,1.5180000066757202,1.5180000066757202,1.4980000257492065,1.4819999933242798,1.4739999771118164,inf,inf,inf,inf,inf,1.4040000438690186,1.4040000438690186,1.4040000438690186,1.4040000438690186,1.4040000438690186,...,0.0,0.0,0.0,0.0,0.0,0.0,0.0,0.0,0.0,0.0,0.0,0.0,0.0,0.0,0.0,0.0,0.0,0.0,47.0,47.0,47.0,47.0,47.0,0.0,0.0,0.0,0.0,0.0,0.0,0.0,0.0,0.0,0.0,0.0,0.0,0.0,0.0,0.0,0.0,0.0,0.0,0.0,0.0,0.0,0.0,0.0,0.0,0.0,0.0,0.0,0.0,0.0,0.0,0.0,0.0,0.0,0.0,0.0,0.0,0.0,0.0,0.0,0.0,0.0,0.0,0.0,0.0,0.0,0.0,0.0,0.0,0.0,0.0,0.0,0.0,0.0,0.0,0.0,0.0,0.0,0.0,0.0,0.0,0.0,0.0,0.0,0.0,0.0,0.0,0.0,0.0,0.0,0.0,0.0,0.0,0.0,0.0,0.0,0.0,0.0,0.0,0.0,0.0,0.0,0.0,0.0,0.0,0.0,0.0,0.0,0.0,0.0,0.0,0.0,0.0,0.0,0.0,0.0,0.0,0.0,0.0,0.0,0.0,0.0,0.0,0.0,0.0,0.0,...
1763031531,897636392,laser,-3.1241390705108643,3.1415927410125732,0.0034828970674425364,5.738824256695807e-05,0.1032414510846138,0.15000000596046448,16.0,inf,inf,inf,inf,inf,inf,inf,inf,inf,inf,13.911999702453613,13.911999702453613,13.911999702453613,13.911999702453613,13.911999702453613,13.911999702453613,13.911999702453613,13.904000282287598,13.911999702453613,13.911999702453613,13.904000282287598,13.895999908447266,13.895999908447266,13.895999908447266,inf,inf,inf,10.432000160217285,10.432000160217285,10.432000160217285,10.432000160217285,10.432000160217285,inf,inf,inf,inf,inf,inf,inf,inf,inf,inf,inf,inf,inf,inf,inf,inf,inf,inf,inf,inf,3.8959999084472656,3.8959999084472656,3.8959999084472656,3.8959999084472656,3.8959999084472656,3.819999933242798,3.759999990463257,3.74399995803833,3.74399995803833,3.74399995803833,3.740000009536743,3.740000009536743,3.747999906539917,3.747999906539917,2.880000114440918,2.880000114440918,2.880000114440918,2.880000114440918,2.815999984741211,2.815999984741211,2.752000093460083,2.691999912261963,2.640000104904175,2.5920000076293945,2.5399999618530273,2.48799991607666,2.427999973297119,2.375999927520752,2.3359999656677246,2.2960000038146973,2.2960000038146973,2.252000093460083,2.2279999256134033,2.196000099182129,2.1559998989105225,2.115999937057495,2.0840001106262207,2.055999994277954,2.0160000324249268,1.9839999675750732,1.9559999704360962,1.9559999704360962,1.9220000505447388,1.9019999504089355,1.8739999532699585,1.8580000400543213,1.8420000076293945,1.8140000104904175,1.809999942779541,1.8079999685287476,1.7979999780654907,1.7979999780654907,1.7799999713897705,1.7580000162124634,1.7339999675750732,1.7139999866485596,1.6979999542236328,1.6779999732971191,1.6579999923706055,1.6319999694824219,1.5119999647140503,1.4980000257492065,1.4980000257492065,1.4980000257492065,1.4819999933242798,1.4739999771118164,inf,inf,inf,inf,1.4079999923706055,1.4079999923706055,1.4079999923706055,1.4079999923706055,1.4079999923706055,1.3960000276565552,...,0.0,0.0,0.0,0.0,0.0,0.0,0.0,0.0,0.0,0.0,0.0,0.0,0.0,0.0,0.0,0.0,0.0,0.0,0.0,0.0,0.0,0.0,0.0,0.0,0.0,0.0,0.0,0.0,0.0,0.0,0.0,0.0,0.0,0.0,0.0,0.0,0.0,0.0,0.0,0.0,0.0,0.0,0.0,0.0,0.0,0.0,0.0,0.0,0.0,0.0,0.0,0.0,0.0,0.0,0.0,0.0,0.0,0.0,0.0,0.0,0.0,0.0,0.0,0.0,0.0,0.0,0.0,0.0,0.0,0.0,0.0,0.0,0.0,0.0,0.0,0.0,0.0,0.0,0.0,0.0,0.0,0.0,0.0,0.0,0.0,0.0,0.0,0.0,0.0,0.0,0.0,47.0,47.0,47.0,47.0,47.0,0.0,0.0,0.0,0.0,0.0,0.0,0.0,0.0,0.0,0.0,0.0,0.0,0.0,0.0,0.0,0.0,0.0,0.0,0.0,0.0,0.0,0.0,0.0,0.0,0.0,0.0,0.0,47.0,47.0,47.0,47.0,47.0,...
1763031532,2434490,laser,-3.1241390705108643,3.1415927410125732,0.0034828970674425364,5.3852629207540303e-05,0.09688088297843933,0.15000000596046448,16.0,inf,inf,inf,inf,inf,inf,inf,inf,13.895999908447266,13.895999908447266,13.895999908447266,13.895999908447266,13.895999908447266,13.911999702453613,13.911999702453613,13.911999702453613,13.920000076293945,13.911999702453613,13.935999870300293,13.911999702453613,13.887999534606934,13.887999534606934,13.895999908447266,13.904000282287598,inf,inf,inf,inf,inf,10.4399995803833,10.4399995803833,10.4399995803833,10.4399995803833,10.4399995803833,inf,inf,inf,inf,inf,inf,inf,inf,inf,inf,inf,inf,inf,inf,inf,inf,inf,inf,3.815999984741211,3.815999984741211,3.815999984741211,3.815999984741211,3.815999984741211,3.75600004196167,3.75600004196167,3.74399995803833,3.74399995803833,3.74399995803833,3.74399995803833,3.74399995803833,3.747999906539917,3.747999906539917,2.884000062942505,2.884000062942505,2.884000062942505,2.884000062942505,2.828000068664551,2.759999990463257,2.759999990463257,2.640000104904175,2.640000104904175,2.5920000076293945,2.5399999618530273,2.48799991607666,2.436000108718872,2.384000062942505,2.3399999141693115,2.2960000038146973,2.24399995803833,2.24399995803833,2.196000099182129,2.196000099182129,2.1440000534057617,2.1080000400543213,2.0840001106262207,2.052000045776367,2.0160000324249268,1.9919999837875366,1.9739999771118164,1.9539999961853027,1.9539999961853027,1.9420000314712524,1.9299999475479126,1.9160000085830688,1.9019999504089355,1.878000020980835,1.850000023841858,1.8300000429153442,1.805999994277954,1.805999994277954,1.7799999713897705,1.7580000162124634,1.7339999675750732,1.715999960899353,1.6979999542236328,1.6740000247955322,1.656000018119812,1.656000018119812,1.5299999713897705,1.5080000162124634,1.4980000257492065,1.4980000257492065,1.4819999933242798,1.4739999771118164,inf,inf,inf,inf,1.4079999923706055,1.4079999923706055,1.4079999923706055,1.4079999923706055,1.4079999923706055,1.3980000019073486,...,0.0,0.0,0.0,0.0,0.0,0.0,0.0,0.0,0.0,0.0,0.0,0.0,0.0,0.0,0.0,0.0,0.0,0.0,0.0,0.0,0.0,0.0,0.0,0.0,0.0,0.0,0.0,0.0,0.0,0.0,0.0,0.0,0.0,0.0,0.0,0.0,0.0,0.0,0.0,0.0,0.0,0.0,0.0,0.0,0.0,0.0,0.0,0.0,0.0,0.0,0.0,0.0,0.0,0.0,0.0,0.0,0.0,0.0,0.0,0.0,0.0,0.0,0.0,0.0,0.0,0.0,0.0,0.0,0.0,0.0,0.0,0.0,0.0,0.0,0.0,0.0,0.0,0.0,0.0,0.0,0.0,0.0,0.0,0.0,0.0,0.0,0.0,0.0,0.0,47.0,47.0,47.0,47.0,47.0,0.0,0.0,0.0,0.0,0.0,0.0,0.0,0.0,0.0,0.0,0.0,0.0,47.0,47.0,47.0,47.0,47.0,0.0,0.0,0.0,0.0,0.0,0.0,0.0,0.0,0.0,0.0,0.0,0.0,0.0,0.0,47.0,47.0,47.0,...
1763031532,100809759,laser,-3.1241390705108643,3.1415927410125732,0.0034828970674425364,5.3751591622130945e-05,0.09669911861419678,0.15000000596046448,16.0,inf,inf,inf,inf,inf,inf,inf,inf,13.904000282287598,13.904000282287598,13.904000282287598,13.904000282287598,13.904000282287598,13.911999702453613,13.911999702453613,13.911999702453613,13.920000076293945,13.904000282287598,13.920000076293945,13.904000282287598,13.895999908447266,13.895999908447266,13.904000282287598,13.911999702453613,inf,inf,inf,inf,inf,inf,inf,inf,inf,inf,inf,inf,inf,inf,inf,inf,inf,inf,inf,inf,inf,inf,inf,inf,inf,inf,inf,3.8480000495910645,3.8480000495910645,3.8480000495910645,3.8480000495910645,3.8480000495910645,3.7839999198913574,3.7839999198913574,3.7839999198913574,3.740000009536743,3.7360000610351562,3.740000009536743,3.74399995803833,3.747999906539917,3.747999906539917,3.74399995803833,2.9079999923706055,2.9079999923706055,2.9079999923706055,2.9079999923706055,2.859999895095825,2.7920000553131104,2.7239999771118164,2.671999931335449,2.615999937057495,2.559999942779541,2.51200008392334,2.51200008392334,2.4679999351501465,2.4079999923706055,2.364000082015991,2.319999933242798,2.2880001068115234,2.180000066757202,2.180000066757202,2.1640000343322754,2.128000020980835,2.1080000400543213,2.1080000400543213,2.0799999237060547,2.0480000972747803,2.0320000648498535,2.0179998874664307,1.9980000257492065,1.9839999675750732,1.9639999866485596,1.9420000314712524,1.9420000314712524,1.9220000505447388,1.899999976158142,1.8760000467300415,1.8459999561309814,1.8200000524520874,1.7979999780654907,1.7740000486373901,1.75,1.7300000190734863,1.7100000381469727,1.7100000381469727,1.684000015258789,1.6619999408721924,1.6419999599456787,1.5180000066757202,1.5080000162124634,1.5080000162124634,1.496000051498413,1.4859999418258667,1.465999960899353,inf,inf,inf,1.399999976158142,1.399999976158142,1.399999976158142,1.399999976158142,1.399999976158142,1.3880000114440918,1.3880000114440918,...,0.0,0.0,0.0,0.0,0.0,0.0,0.0,0.0,0.0,0.0,0.0,0.0,0.0,0.0,0.0,0.0,0.0,0.0,0.0,0.0,0.0,0.0,0.0,0.0,0.0,0.0,0.0,0.0,0.0,0.0,0.0,0.0,0.0,0.0,0.0,0.0,0.0,0.0,0.0,0.0,0.0,0.0,0.0,0.0,0.0,0.0,0.0,0.0,0.0,0.0,0.0,0.0,0.0,0.0,0.0,0.0,0.0,0.0,0.0,0.0,0.0,0.0,0.0,0.0,0.0,0.0,0.0,0.0,0.0,0.0,0.0,0.0,0.0,0.0,0.0,0.0,0.0,0.0,0.0,0.0,0.0,0.0,0.0,0.0,0.0,0.0,0.0,0.0,0.0,0.0,0.0,0.0,0.0,0.0,0.0,0.0,0.0,0.0,0.0,0.0,0.0,0.0,0.0,0.0,0.0,0.0,47.0,47.0,47.0,47.0,47.0,0.0,0.0,0.0,0.0,0.0,0.0,0.0,0.0,0.0,0.0,0.0,0.0,0.0,0.0,47.0,47.0,47.0,...
1763031532,199079254,laser,-3.1241390705108643,3.1415927410125732,0.0034828970674425364,5.378661444410682e-05,0.09676212072372437,0.15000000596046448,16.0,inf,inf,inf,inf,inf,inf,inf,inf,13.920000076293945,13.920000076293945,13.920000076293945,13.920000076293945,13.920000076293945,13.904000282287598,13.904000282287598,13.911999702453613,13.911999702453613,13.911999702453613,13.911999702453613,13.920000076293945,13.895999908447266,13.887999534606934,13.847999572753906,13.847999572753906,inf,inf,inf,inf,10.583999633789062,10.583999633789062,10.583999633789062,10.583999633789062,10.583999633789062,inf,inf,inf,inf,inf,inf,inf,inf,inf,inf,inf,inf,inf,inf,inf,inf,inf,inf,inf,inf,inf,3.7639999389648438,3.7639999389648438,3.7639999389648438,3.7639999389648438,3.7639999389648438,3.740000009536743,3.7320001125335693,3.740000009536743,3.74399995803833,3.74399995803833,3.752000093460083,3.747999906539917,2.8919999599456787,2.8919999599456787,2.8919999599456787,2.8440001010894775,2.8440001010894775,2.7920000553131104,2.6559998989105225,2.6559998989105225,2.615999937057495,2.615999937057495,2.559999942779541,2.51200008392334,2.4519999027252197,2.3919999599456787,2.3480000495910645,2.303999900817871,2.2880001068115234,2.187999963760376,2.187999963760376,2.1640000343322754,2.1640000343322754,2.128000020980835,2.0920000076293945,2.055999994277954,2.0260000228881836,1.99399995803833,1.968000054359436,1.9420000314712524,1.906000018119812,1.906000018119812,1.8660000562667847,1.8660000562667847,1.850000023841858,1.8259999752044678,1.8179999589920044,1.812000036239624,1.7999999523162842,1.7860000133514404,1.7680000066757202,1.7680000066757202,1.74399995803833,1.7200000286102295,1.7039999961853027,1.687999963760376,1.6640000343322754,1.6419999599456787,1.5260000228881836,1.5260000228881836,1.50600004196167,1.4900000095367432,1.4759999513626099,1.4759999513626099,inf,inf,1.4119999408721924,1.4119999408721924,1.4119999408721924,1.4119999408721924,1.4119999408721924,1.3960000276565552,1.3960000276565552,1.3960000276565552,...,0.0,0.0,0.0,0.0,0.0,0.0,0.0,0.0,0.0,0.0,0.0,0.0,0.0,0.0,0.0,0.0,0.0,0.0,0.0,0.0,0.0,0.0,0.0,0.0,0.0,0.0,0.0,0.0,0.0,0.0,0.0,0.0,0.0,0.0,0.0,0.0,0.0,0.0,0.0,0.0,0.0,0.0,0.0,0.0,0.0,0.0,0.0,0.0,0.0,0.0,0.0,0.0,0.0,0.0,0.0,0.0,0.0,0.0,0.0,0.0,0.0,0.0,0.0,0.0,0.0,0.0,0.0,0.0,0.0,47.0,47.0,47.0,47.0,47.0,0.0,0.0,0.0,0.0,0.0,0.0,0.0,0.0,0.0,0.0,0.0,0.0,0.0,0.0,0.0,0.0,47.0,47.0,47.0,47.0,47.0,0.0,0.0,0.0,0.0,0.0,0.0,0.0,0.0,0.0,0.0,0.0,0.0,0.0,0.0,0.0,0.0,0.0,0.0,0.0,0.0,0.0,0.0,0.0,0.0,0.0,0.0,0.0,0.0,0.0,0.0,0.0,0.0,0.0,...
1763031532,297642220,laser,-3.1241390705108643,3.1415927410125732,0.0034828970674425364,5.695977233699523e-05,0.10247062891721725,0.15000000596046448,16.0,inf,inf,inf,inf,inf,inf,inf,13.920000076293945,13.920000076293945,13.920000076293945,13.920000076293945,13.920000076293945,13.911999702453613,13.911999702453613,13.911999702453613,13.911999702453613,13.911999702453613,13.911999702453613,13.904000282287598,13.904000282287598,13.887999534606934,13.880000114440918,13.855999946594238,13.871999740600586,13.871999740600586,inf,inf,inf,inf,inf,inf,inf,inf,inf,inf,inf,inf,inf,inf,inf,inf,inf,inf,inf,inf,inf,inf,inf,inf,inf,inf,inf,inf,inf,3.799999952316284,3.799999952316284,3.799999952316284,3.799999952316284,3.799999952316284,3.740000009536743,3.74399995803833,3.747999906539917,3.74399995803833,3.747999906539917,3.747999906539917,3.747999906539917,3.752000093460083,2.927999973297119,2.864000082015991,2.864000082015991,2.864000082015991,2.808000087738037,2.7360000610351562,2.680000066757202,2.640000104904175,2.5759999752044678,2.5280001163482666,2.4800000190734863,2.4800000190734863,2.371999979019165,2.371999979019165,2.3359999656677246,2.2960000038146973,2.2039999961853027,2.2039999961853027,2.191999912261963,2.1440000534057617,2.1040000915527344,2.0840001106262207,2.0840001106262207,2.052000045776367,2.009999990463257,1.9819999933242798,1.9539999961853027,1.9179999828338623,1.8940000534057617,1.8760000467300415,1.8639999628067017,1.8600000143051147,1.850000023841858,1.850000023841858,1.8359999656677246,1.8220000267028809,1.8020000457763672,1.777999997138977,1.75600004196167,1.7339999675750732,1.7120000123977661,1.6920000314712524,1.6679999828338623,1.6679999828338623,1.6480000019073486,1.5080000162124634,1.5080000162124634,1.5080000162124634,1.496000051498413,1.4839999675750732,inf,inf,inf,inf,inf,inf,1.3980000019073486,1.3980000019073486,1.3980000019073486,1.3980000019073486,1.3980000019073486,...,0.0,0.0,0.0,0.0,0.0,0.0,0.0,0.0,0.0,0.0,0.0,0.0,0.0,0.0,0.0,0.0,0.0,0.0,0.0,0.0,0.0,0.0,0.0,0.0,0.0,0.0,0.0,0.0,0.0,0.0,0.0,0.0,0.0,0.0,0.0,0.0,0.0,0.0,0.0,0.0,0.0,0.0,0.0,0.0,0.0,0.0,0.0,0.0,0.0,0.0,0.0,0.0,0.0,0.0,0.0,0.0,0.0,0.0,0.0,0.0,0.0,0.0,0.0,0.0,0.0,0.0,0.0,0.0,0.0,0.0,0.0,0.0,0.0,0.0,0.0,0.0,0.0,0.0,0.0,0.0,0.0,0.0,0.0,0.0,0.0,0.0,0.0,0.0,0.0,0.0,0.0,0.0,0.0,0.0,0.0,0.0,0.0,0.0,0.0,0.0,0.0,0.0,0.0,0.0,0.0,0.0,0.0,0.0,0.0,0.0,0.0,0.0,0.0,0.0,0.0,0.0,0.0,0.0,0.0,0.0,0.0,0.0,0.0,0.0,0.0,0.0,0.0,0.0,...
1763031532,401751340,laser,-3.1241390705108643,3.1415927410125732,0.0034828970674425364,5.3735853725811467e-05,0.09667079895734787,0.15000000596046448,16.0,inf,inf,inf,inf,inf,inf,inf,inf,inf,inf,13.920000076293945,13.920000076293945,13.920000076293945,13.920000076293945,13.920000076293945,13.928000450134277,13.928000450134277,13.911999702453613,13.911999702453613,13.904000282287598,13.904000282287598,13.904000282287598,13.904000282287598,inf,inf,inf,inf,10.368000030517578,10.368000030517578,10.368000030517578,10.368000030517578,10.368000030517578,inf,inf,inf,inf,inf,inf,inf,inf,inf,inf,inf,inf,inf,inf,inf,inf,inf,inf,inf,3.868000030517578,3.868000030517578,3.868000030517578,3.868000030517578,3.868000030517578,3.7839999198913574,3.7839999198913574,3.7839999198913574,3.740000009536743,3.7360000610351562,3.740000009536743,3.74399995803833,3.74399995803833,3.747999906539917,3.747999906539917,2.9079999923706055,2.9079999923706055,2.9079999923706055,2.859999895095825,2.859999895095825,2.799999952316284,2.7320001125335693,2.6679999828338623,2.624000072479248,2.624000072479248,2.572000026702881,2.503999948501587,2.4519999027252197,2.4000000953674316,2.3440001010894775,2.303999900817871,2.2880001068115234,2.187999963760376,2.187999963760376,2.1640000343322754,2.1640000343322754,2.128000020980835,2.1040000915527344,2.072000026702881,2.0439999103546143,2.0239999294281006,2.002000093460083,1.9839999675750732,1.9739999771118164,1.9739999771118164,1.9559999704360962,1.9359999895095825,1.9140000343322754,1.8899999856948853,1.8680000305175781,1.843999981880188,1.815999984741211,1.7920000553131104,1.7699999809265137,1.7699999809265137,1.75,1.7319999933242798,1.7079999446868896,1.6859999895095825,1.6640000343322754,1.6419999599456787,1.5140000581741333,1.5140000581741333,1.50600004196167,1.4919999837875366,1.4819999933242798,1.4819999933242798,inf,inf,1.4299999475479126,1.4299999475479126,1.4299999475479126,1.4299999475479126,1.4299999475479126,1.399999976158142,1.399999976158142,1.399999976158142,...,0.0,0.0,0.0,0.0,0.0,0.0,0.0,0.0,0.0,0.0,0.0,0.0,0.0,0.0,0.0,0.0,0.0,0.0,0.0,0.0,0.0,0.0,0.0,0.0,0.0,0.0,0.0,0.0,0.0,0.0,0.0,0.0,0.0,0.0,0.0,0.0,0.0,0.0,0.0,0.0,0.0,0.0,0.0,0.0,0.0,0.0,0.0,0.0,0.0,0.0,0.0,0.0,0.0,0.0,0.0,0.0,0.0,0.0,0.0,0.0,0.0,0.0,0.0,0.0,0.0,0.0,0.0,0.0,0.0,0.0,0.0,0.0,0.0,0.0,0.0,0.0,0.0,0.0,0.0,0.0,0.0,0.0,0.0,0.0,0.0,0.0,0.0,0.0,0.0,0.0,0.0,0.0,0.0,0.0,0.0,0.0,0.0,0.0,0.0,0.0,0.0,0.0,0.0,0.0,0.0,0.0,0.0,0.0,0.0,0.0,0.0,0.0,0.0,0.0,0.0,0.0,0.0,0.0,0.0,0.0,0.0,0.0,0.0,0.0,0.0,0.0,0.0,0.0,...
1763031532,500188927,laser,-3.1241390705108643,3.1415927410125732,0.0034828970674425364,5.36705665581394e-05,0.09655334800481796,0.15000000596046448,16.0,inf,inf,inf,inf,inf,inf,inf,13.911999702453613,13.911999702453613,13.911999702453613,13.911999702453613,13.911999702453613,13.895999908447266,13.895999908447266,13.895999908447266,13.911999702453613,13.935999870300293,13.935999870300293,13.928000450134277,13.911999702453613,13.895999908447266,13.887999534606934,13.86400032043457,13.880000114440918,13.880000114440918,inf,inf,inf,inf,inf,inf,inf,inf,inf,inf,inf,inf,inf,inf,inf,inf,inf,inf,inf,inf,inf,inf,inf,inf,inf,inf,3.884000062942505,3.884000062942505,3.884000062942505,3.884000062942505,3.884000062942505,3.799999952316284,3.799999952316284,3.740000009536743,3.74399995803833,3.74399995803833,3.74399995803833,3.74399995803833,3.747999906539917,3.747999906539917,3.747999906539917,2.936000108718872,2.936000108718872,2.936000108718872,2.864000082015991,2.864000082015991,2.799999952316284,2.747999906539917,2.684000015258789,2.628000020980835,2.5759999752044678,2.51200008392334,2.4679999351501465,2.4240000247955322,2.371999979019165,2.3239998817443848,2.3239998817443848,2.2920000553131104,2.200000047683716,2.200000047683716,2.187999963760376,2.135999917984009,2.1040000915527344,2.0799999237060547,2.0480000972747803,2.0139999389648438,1.9780000448226929,1.9780000448226929,1.9479999542236328,1.9259999990463257,1.909999966621399,1.9019999504089355,1.8919999599456787,1.8819999694824219,1.8619999885559082,1.8380000591278076,1.8380000591278076,1.8240000009536743,1.8020000457763672,1.777999997138977,1.753999948501587,1.7319999933242798,1.7100000381469727,1.687999963760376,1.6660000085830688,1.6660000085830688,1.6480000019073486,1.49399995803833,1.49399995803833,1.49399995803833,1.49399995803833,1.4819999933242798,inf,inf,inf,inf,1.4019999504089355,1.4019999504089355,1.4019999504089355,1.4019999504089355,1.4019999504089355,1.3860000371932983,1.3860000371932983,...,0.0,0.0,0.0,0.0,0.0,0.0,0.0,0.0,0.0,0.0,0.0,0.0,0.0,0.0,0.0,0.0,0.0,0.0,0.0,0.0,47.0,47.0,47.0,47.0,47.0,0.0,0.0,0.0,0.0,0.0,0.0,0.0,0.0,0.0,0.0,0.0,0.0,0.0,0.0,0.0,0.0,0.0,0.0,0.0,0.0,0.0,0.0,0.0,0.0,0.0,0.0,0.0,0.0,0.0,0.0,0.0,0.0,0.0,0.0,0.0,0.0,0.0,0.0,0.0,0.0,0.0,0.0,0.0,0.0,0.0,47.0,47.0,47.0,47.0,47.0,0.0,0.0,0.0,0.0,0.0,0.0,0.0,0.0,0.0,0.0,0.0,0.0,0.0,0.0,0.0,0.0,47.0,47.0,47.0,47.0,47.0,0.0,0.0,0.0,0.0,0.0,0.0,0.0,0.0,0.0,0.0,0.0,0.0,0.0,0.0,0.0,0.0,0.0,0.0,0.0,0.0,0.0,0.0,0.0,0.0,0.0,0.0,0.0,47.0,47.0,47.0,47.0,47.0,...
1763031532,598507983,laser,-3.1241390705108643,3.1415927410125732,0.0034828970674425364,5.362917363527231e-05,0.0964788869023323,0.15000000596046448,16.0,inf,inf,inf,inf,inf,inf,inf,13.920000076293945,13.920000076293945,13.920000076293945,13.920000076293945,13.920000076293945,13.920000076293945,13.920000076293945,13.920000076293945,13.920000076293945,13.935999870300293,13.928000450134277,13.911999702453613,13.911999702453613,13.911999702453613,13.911999702453613,13.895999908447266,13.895999908447266,inf,inf,inf,inf,10.336000442504883,10.336000442504883,10.336000442504883,10.336000442504883,10.336000442504883,inf,inf,inf,inf,inf,inf,inf,inf,inf,inf,inf,inf,inf,inf,inf,inf,inf,inf,inf,3.828000068664551,3.828000068664551,3.828000068664551,3.828000068664551,3.828000068664551,3.759999990463257,3.759999990463257,3.740000009536743,3.7360000610351562,3.7360000610351562,3.74399995803833,3.74399995803833,3.747999906539917,3.752000093460083,2.8959999084472656,2.8959999084472656,2.8959999084472656,2.8959999084472656,2.8440001010894775,2.7079999446868896,2.7079999446868896,2.6600000858306885,2.611999988555908,2.611999988555908,2.555999994277954,2.5,2.4519999027252197,2.3359999656677246,2.308000087738037,2.308000087738037,2.2880001068115234,2.252000093460083,2.2039999961853027,2.1640000343322754,2.1640000343322754,2.124000072479248,2.0880000591278076,2.059999942779541,2.0280001163482666,1.9900000095367432,1.9620000123977661,1.937999963760376,1.9119999408721924,1.878000020980835,1.8480000495910645,1.8480000495910645,1.8240000009536743,1.7960000038146973,1.777999997138977,1.777999997138977,1.7760000228881836,1.7699999809265137,1.753999948501587,1.7319999933242798,1.718000054359436,1.718000054359436,1.7000000476837158,1.6820000410079956,1.6619999408721924,1.6380000114440918,1.5260000228881836,1.50600004196167,1.50600004196167,1.4880000352859497,1.4800000190734863,1.4800000190734863,inf,inf,inf,inf,1.4140000343322754,1.4140000343322754,1.4140000343322754,1.4140000343322754,1.4140000343322754,1.399999976158142,...,0.0,0.0,0.0,0.0,0.0,0.0,0.0,0.0,0.0,0.0,0.0,0.0,0.0,0.0,0.0,0.0,0.0,0.0,0.0,0.0,0.0,0.0,0.0,0.0,0.0,0.0,0.0,0.0,0.0,0.0,0.0,0.0,0.0,0.0,0.0,0.0,0.0,0.0,0.0,0.0,0.0,0.0,0.0,0.0,0.0,0.0,0.0,0.0,0.0,0.0,0.0,0.0,0.0,0.0,0.0,0.0,0.0,0.0,0.0,0.0,0.0,0.0,0.0,0.0,0.0,0.0,0.0,0.0,0.0,0.0,0.0,0.0,0.0,0.0,0.0,0.0,0.0,0.0,0.0,0.0,0.0,0.0,0.0,0.0,0.0,0.0,0.0,0.0,0.0,0.0,0.0,0.0,0.0,0.0,0.0,0.0,0.0,0.0,0.0,0.0,0.0,0.0,0.0,0.0,0.0,0.0,0.0,47.0,47.0,47.0,47.0,47.0,0.0,0.0,0.0,0.0,0.0,0.0,0.0,0.0,0.0,0.0,0.0,0.0,0.0,0.0,47.0,47.0,...
1763031532,696581020,laser,-3.1241390705108643,3.1415927410125732,0.0034828970674425364,5.3715240937890485e-05,0.09663371741771698,0.15000000596046448,16.0,inf,inf,inf,inf,inf,inf,inf,inf,13.911999702453613,13.911999702453613,13.911999702453613,13.911999702453613,13.911999702453613,13.920000076293945,13.920000076293945,13.920000076293945,13.920000076293945,13.920000076293945,13.920000076293945,13.920000076293945,13.911999702453613,13.887999534606934,13.871999740600586,13.895999908447266,13.895999908447266,inf,inf,inf,inf,inf,inf,inf,inf,inf,inf,inf,inf,inf,inf,inf,inf,inf,inf,inf,inf,inf,inf,inf,inf,inf,inf,inf,3.7799999713897705,3.7799999713897705,3.7799999713897705,3.7799999713897705,3.7799999713897705,3.740000009536743,3.740000009536743,3.740000009536743,3.74399995803833,3.74399995803833,3.74399995803833,3.747999906539917,3.747999906539917,3.747999906539917,2.9079999923706055,2.9079999923706055,2.9079999923706055,2.9079999923706055,2.8480000495910645,2.7960000038146973,2.7200000286102295,2.6600000858306885,2.611999988555908,2.563999891281128,2.563999891281128,2.5160000324249268,2.4639999866485596,2.4000000953674316,2.359999895095825,2.319999933242798,2.2880001068115234,2.1760001182556152,2.1760001182556152,2.1640000343322754,2.135999917984009,2.135999917984009,2.111999988555908,2.072000026702881,2.0320000648498535,2.0,1.9800000190734863,1.9479999542236328,1.9119999408721924,1.8919999599456787,1.8919999599456787,1.8799999952316284,1.8799999952316284,1.8680000305175781,1.8580000400543213,1.8359999656677246,1.8200000524520874,1.7940000295639038,1.7660000324249268,1.7660000324249268,1.7280000448226929,1.7280000448226929,1.7079999446868896,1.6859999895095825,1.6640000343322754,1.6399999856948853,1.5140000581741333,1.5080000162124634,1.5080000162124634,1.496000051498413,1.4839999675750732,1.465999960899353,1.465999960899353,1.4279999732971191,1.4279999732971191,1.4279999732971191,1.4279999732971191,1.399999976158142,1.399999976158142,1.399999976158142,1.399999976158142,1.3860000371932983,...,0.0,0.0,0.0,0.0,0.0,0.0,0.0,0.0,0.0,0.0,0.0,0.0,0.0,0.0,0.0,0.0,0.0,0.0,0.0,0.0,0.0,0.0,0.0,0.0,0.0,0.0,0.0,0.0,0.0,0.0,0.0,0.0,0.0,0.0,0.0,0.0,0.0,0.0,0.0,0.0,0.0,0.0,0.0,0.0,0.0,0.0,0.0,0.0,0.0,0.0,0.0,0.0,0.0,0.0,0.0,0.0,0.0,0.0,0.0,0.0,0.0,47.0,47.0,47.0,47.0,47.0,0.0,0.0,0.0,0.0,0.0,0.0,0.0,0.0,0.0,0.0,0.0,0.0,0.0,0.0,0.0,0.0,0.0,0.0,0.0,0.0,0.0,0.0,0.0,0.0,47.0,47.0,47.0,47.0,47.0,0.0,0.0,0.0,0.0,0.0,0.0,0.0,0.0,0.0,0.0,0.0,0.0,0.0,0.0,0.0,0.0,0.0,0.0,0.0,0.0,0.0,0.0,0.0,0.0,0.0,0.0,0.0,0.0,0.0,0.0,0.0,0.0,0.0,...
1763031532,795025631,laser,-3.1241390705108643,3.1415927410125732,0.0034828970674425364,5.7004584959940985e-05,0.10255125164985657,0.15000000596046448,16.0,inf,inf,inf,inf,inf,inf,inf,inf,13.911999702453613,13.911999702453613,13.911999702453613,13.911999702453613,13.911999702453613,13.911999702453613,13.911999702453613,13.928000450134277,13.944000244140625,13.935999870300293,13.928000450134277,13.928000450134277,13.920000076293945,13.911999702453613,13.895999908447266,13.895999908447266,inf,inf,inf,inf,inf,inf,inf,inf,inf,inf,inf,inf,inf,inf,inf,inf,inf,inf,inf,inf,inf,inf,inf,inf,inf,inf,inf,3.871999979019165,3.871999979019165,3.871999979019165,3.871999979019165,3.871999979019165,3.7839999198913574,3.7839999198913574,3.7839999198913574,3.740000009536743,3.740000009536743,3.74399995803833,3.74399995803833,3.747999906539917,3.747999906539917,3.747999906539917,2.9159998893737793,2.9159998893737793,2.9159998893737793,2.9159998893737793,2.8559999465942383,2.7960000038146973,2.7320001125335693,2.6679999828338623,2.611999988555908,2.563999891281128,2.507999897003174,2.4560000896453857,2.4079999923706055,2.368000030517578,2.368000030517578,2.3239998817443848,2.2920000553131104,2.2039999961853027,2.2039999961853027,2.1760001182556152,2.135999917984009,2.111999988555908,2.0799999237060547,2.0799999237060547,2.052000045776367,2.0260000228881836,2.01200008392334,2.00600004196167,1.9880000352859497,1.965999960899353,1.9479999542236328,1.9259999990463257,1.9259999990463257,1.8960000276565552,1.8700000047683716,1.8480000495910645,1.8259999752044678,1.7999999523162842,1.777999997138977,1.753999948501587,1.7319999933242798,1.7100000381469727,1.687999963760376,1.687999963760376,1.6660000085830688,1.6460000276565552,1.5199999809265137,1.5080000162124634,1.5080000162124634,1.4980000257492065,1.4859999418258667,inf,inf,inf,inf,1.4019999504089355,1.4019999504089355,1.4019999504089355,1.4019999504089355,1.4019999504089355,1.3860000371932983,1.3860000371932983,...,0.0,0.0,0.0,0.0,0.0,0.0,0.0,0.0,0.0,0.0,0.0,0.0,0.0,0.0,0.0,0.0,0.0,0.0,0.0,47.0,47.0,47.0,47.0,47.0,0.0,0.0,0.0,0.0,0.0,0.0,0.0,0.0,0.0,0.0,0.0,0.0,0.0,0.0,0.0,0.0,0.0,0.0,0.0,0.0,0.0,0.0,0.0,0.0,0.0,0.0,0.0,0.0,0.0,0.0,0.0,0.0,0.0,0.0,0.0,0.0,0.0,0.0,0.0,0.0,0.0,0.0,0.0,0.0,0.0,0.0,0.0,0.0,0.0,0.0,0.0,0.0,0.0,0.0,0.0,0.0,0.0,0.0,0.0,0.0,0.0,0.0,0.0,0.0,0.0,0.0,47.0,47.0,47.0,47.0,47.0,0.0,0.0,0.0,0.0,0.0,0.0,0.0,0.0,0.0,0.0,0.0,0.0,0.0,0.0,0.0,0.0,0.0,0.0,0.0,0.0,0.0,0.0,0.0,0.0,0.0,0.0,0.0,0.0,0.0,0.0,0.0,47.0,47.0,...
1763031532,899445566,laser,-3.1241390705108643,3.1415927410125732,0.0034828970674425364,5.354875611374155e-05,0.09633421152830124,0.15000000596046448,16.0,inf,inf,inf,inf,inf,inf,inf,inf,13.928000450134277,13.928000450134277,13.928000450134277,13.928000450134277,13.928000450134277,13.920000076293945,13.920000076293945,13.920000076293945,13.920000076293945,13.920000076293945,13.920000076293945,13.920000076293945,13.928000450134277,13.911999702453613,13.887999534606934,13.904000282287598,inf,inf,inf,inf,10.359999656677246,10.359999656677246,10.359999656677246,10.359999656677246,10.359999656677246,inf,inf,inf,inf,inf,inf,inf,inf,inf,inf,inf,inf,inf,inf,inf,inf,inf,inf,3.875999927520752,3.875999927520752,3.875999927520752,3.875999927520752,3.875999927520752,3.7880001068115234,3.7880001068115234,3.7880001068115234,3.740000009536743,3.740000009536743,3.74399995803833,3.74399995803833,3.747999906539917,3.747999906539917,3.747999906539917,2.9200000762939453,2.9200000762939453,2.9200000762939453,2.9200000762939453,2.8559999465942383,2.7960000038146973,2.7320001125335693,2.6679999828338623,2.615999937057495,2.563999891281128,2.51200008392334,2.51200008392334,2.4600000381469727,2.4119999408721924,2.368000030517578,2.319999933242798,2.2880001068115234,2.184000015258789,2.184000015258789,2.1760001182556152,2.135999917984009,2.111999988555908,2.111999988555908,2.072000026702881,2.0439999103546143,2.0139999389648438,1.9800000190734863,1.9459999799728394,1.9140000343322754,1.8980000019073486,1.8860000371932983,1.871999979019165,1.8619999885559082,1.8619999885559082,1.8519999980926514,1.8320000171661377,1.8179999589920044,1.7960000038146973,1.7740000486373901,1.7519999742507935,1.7300000190734863,1.7079999446868896,1.7079999446868896,1.687999963760376,1.6660000085830688,1.6460000276565552,1.5080000162124634,1.496000051498413,1.496000051498413,1.496000051498413,1.4839999675750732,1.465999960899353,1.4299999475479126,1.4299999475479126,1.4299999475479126,1.4299999475479126,1.4299999475479126,1.399999976158142,1.399999976158142,1.399999976158142,1.3860000371932983,1.3860000371932983,...,0.0,0.0,0.0,0.0,0.0,0.0,0.0,0.0,0.0,0.0,0.0,0.0,0.0,0.0,0.0,0.0,0.0,0.0,0.0,47.0,47.0,47.0,47.0,47.0,0.0,0.0,0.0,0.0,0.0,0.0,0.0,0.0,0.0,0.0,0.0,0.0,0.0,0.0,0.0,0.0,0.0,0.0,0.0,0.0,0.0,0.0,0.0,0.0,0.0,0.0,0.0,0.0,0.0,0.0,0.0,0.0,0.0,0.0,0.0,0.0,0.0,0.0,0.0,0.0,0.0,0.0,0.0,0.0,0.0,0.0,0.0,0.0,0.0,0.0,0.0,0.0,0.0,0.0,0.0,0.0,0.0,0.0,0.0,0.0,0.0,0.0,0.0,0.0,0.0,0.0,0.0,0.0,0.0,0.0,0.0,0.0,0.0,0.0,0.0,0.0,0.0,0.0,0.0,0.0,0.0,0.0,0.0,0.0,0.0,0.0,0.0,0.0,0.0,0.0,0.0,0.0,0.0,0.0,0.0,0.0,0.0,0.0,0.0,0.0,0.0,0.0,0.0,0.0,...
1763031532,997084034,laser,-3.1241390705108643,3.1415927410125732,0.0034828970674425364,5.3957166528562084e-05,0.09706894308328629,0.15000000596046448,16.0,inf,inf,inf,inf,inf,inf,inf,inf,13.944000244140625,13.944000244140625,13.944000244140625,13.944000244140625,13.944000244140625,13.928000450134277,13.928000450134277,13.911999702453613,13.920000076293945,13.920000076293945,13.920000076293945,13.920000076293945,13.928000450134277,13.911999702453613,13.887999534606934,13.895999908447266,inf,inf,inf,inf,10.359999656677246,10.359999656677246,10.359999656677246,10.359999656677246,10.359999656677246,inf,inf,inf,inf,inf,inf,inf,inf,inf,inf,inf,inf,inf,inf,inf,inf,inf,3.8559999465942383,3.8559999465942383,3.8559999465942383,3.8559999465942383,3.8559999465942383,3.7839999198913574,3.7839999198913574,3.7839999198913574,3.7839999198913574,3.740000009536743,3.740000009536743,3.74399995803833,3.74399995803833,3.747999906539917,3.747999906539917,2.9159998893737793,2.9159998893737793,2.9159998893737793,2.8559999465942383,2.8559999465942383,2.8559999465942383,2.7960000038146973,2.7320001125335693,2.671999931335449,2.619999885559082,2.568000078201294,2.51200008392334,2.4600000381469727,2.4079999923706055,2.364000082015991,2.364000082015991,2.319999933242798,2.2920000553131104,2.184000015258789,2.184000015258789,2.1760001182556152,2.140000104904175,2.111999988555908,2.072000026702881,2.072000026702881,2.0339999198913574,1.9980000257492065,1.9700000286102295,1.9420000314712524,1.9079999923706055,1.8819999694824219,1.8600000143051147,1.8359999656677246,1.8179999589920044,1.8179999589920044,1.812000036239624,1.805999994277954,1.7979999780654907,1.7879999876022339,1.7719999551773071,1.7519999742507935,1.7300000190734863,1.7079999446868896,1.7079999446868896,1.687999963760376,1.6660000085830688,1.6460000276565552,1.531999945640564,1.531999945640564,1.5080000162124634,1.496000051498413,1.4700000286102295,inf,inf,inf,1.4299999475479126,1.4299999475479126,1.4299999475479126,1.4299999475479126,1.4299999475479126,1.399999976158142,1.399999976158142,1.399999976158142,...,0.0,0.0,0.0,0.0,0.0,0.0,0.0,0.0,0.0,0.0,0.0,0.0,0.0,0.0,0.0,0.0,0.0,0.0,0.0,0.0,0.0,0.0,0.0,0.0,0.0,0.0,0.0,0.0,0.0,0.0,0.0,0.0,0.0,0.0,0.0,0.0,0.0,0.0,0.0,0.0,0.0,0.0,0.0,0.0,0.0,0.0,0.0,0.0,0.0,0.0,0.0,0.0,0.0,0.0,0.0,0.0,0.0,0.0,0.0,0.0,0.0,0.0,0.0,0.0,0.0,0.0,0.0,0.0,0.0,0.0,0.0,0.0,0.0,0.0,0.0,0.0,0.0,0.0,0.0,0.0,0.0,0.0,0.0,0.0,0.0,0.0,0.0,0.0,0.0,0.0,0.0,0.0,0.0,0.0,0.0,0.0,0.0,0.0,0.0,0.0,0.0,0.0,0.0,0.0,0.0,0.0,0.0,0.0,0.0,0.0,0.0,0.0,0.0,0.0,0.0,0.0,0.0,0.0,0.0,0.0,0.0,0.0,0.0,0.0,0.0,0.0,47.0,47.0,...
1763031533,96111038,laser,-3.1241390705108643,3.1415927410125732,0.0034828970674425364,5.347099431673996e-05,0.0961943194270134,0.15000000596046448,16.0,inf,inf,inf,inf,inf,inf,13.935999870300293,13.935999870300293,13.935999870300293,13.935999870300293,13.935999870300293,13.920000076293945,13.920000076293945,13.920000076293945,13.920000076293945,13.920000076293945,13.928000450134277,13.928000450134277,13.920000076293945,13.920000076293945,13.920000076293945,13.904000282287598,13.880000114440918,13.887999534606934,inf,inf,inf,inf,inf,inf,inf,inf,inf,inf,inf,inf,inf,inf,inf,inf,inf,inf,inf,inf,inf,inf,inf,inf,inf,inf,inf,inf,3.8239998817443848,3.8239998817443848,3.8239998817443848,3.8239998817443848,3.8239998817443848,3.747999906539917,3.747999906539917,3.74399995803833,3.74399995803833,3.74399995803833,3.7360000610351562,3.74399995803833,3.747999906539917,3.752000093460083,2.884000062942505,2.884000062942505,2.884000062942505,2.884000062942505,2.8239998817443848,2.75600004196167,2.75600004196167,2.6559998989105225,2.6559998989105225,2.6040000915527344,2.5439999103546143,2.4839999675750732,2.440000057220459,2.3359999656677246,2.2960000038146973,2.2960000038146973,2.247999906539917,2.247999906539917,2.200000047683716,2.200000047683716,2.1519999504089355,2.1040000915527344,2.0799999237060547,2.055999994277954,2.0239999294281006,1.99399995803833,1.9739999771118164,1.9520000219345093,1.9520000219345093,1.940000057220459,1.934000015258789,1.9199999570846558,1.9019999504089355,1.878000020980835,1.8559999465942383,1.8320000171661377,1.805999994277954,1.805999994277954,1.7799999713897705,1.7580000162124634,1.7359999418258667,1.7120000123977661,1.694000005722046,1.6759999990463257,1.6540000438690186,1.5299999713897705,1.5299999713897705,1.5080000162124634,1.4980000257492065,1.4980000257492065,1.4839999675750732,1.4759999513626099,inf,inf,inf,inf,1.406000018119812,1.406000018119812,1.406000018119812,1.406000018119812,1.406000018119812,1.3880000114440918,...,0.0,0.0,0.0,0.0,0.0,0.0,0.0,0.0,0.0,0.0,0.0,0.0,0.0,0.0,0.0,0.0,0.0,0.0,0.0,0.0,0.0,0.0,0.0,0.0,0.0,0.0,0.0,0.0,0.0,0.0,0.0,0.0,0.0,0.0,0.0,0.0,0.0,0.0,0.0,0.0,0.0,0.0,0.0,0.0,0.0,0.0,0.0,0.0,0.0,0.0,0.0,0.0,0.0,0.0,0.0,0.0,0.0,0.0,0.0,0.0,0.0,0.0,0.0,0.0,0.0,0.0,0.0,0.0,0.0,0.0,0.0,0.0,0.0,0.0,0.0,0.0,0.0,0.0,0.0,0.0,0.0,0.0,0.0,0.0,0.0,0.0,0.0,0.0,0.0,0.0,0.0,0.0,0.0,0.0,0.0,0.0,0.0,0.0,0.0,0.0,0.0,0.0,0.0,0.0,0.0,0.0,0.0,0.0,0.0,0.0,0.0,0.0,0.0,0.0,0.0,0.0,0.0,0.0,0.0,0.0,0.0,0.0,0.0,0.0,0.0,0.0,0.0,0.0,...
1763031533,193546596,laser,-3.1241390705108643,3.1415927410125732,0.0034828970674425364,5.395785774453543e-05,0.09707018733024597,0.15000000596046448,16.0,inf,inf,inf,inf,inf,inf,inf,inf,13.911999702453613,13.911999702453613,13.911999702453613,13.911999702453613,13.911999702453613,13.920000076293945,13.920000076293945,13.920000076293945,13.871999740600586,13.86400032043457,13.920000076293945,13.920000076293945,13.904000282287598,13.895999908447266,13.887999534606934,13.887999534606934,13.895999908447266,inf,inf,inf,inf,inf,inf,inf,inf,inf,inf,inf,inf,inf,inf,inf,inf,inf,inf,inf,inf,inf,inf,inf,inf,inf,inf,inf,inf,inf,3.7720000743865967,3.7720000743865967,3.7720000743865967,3.7720000743865967,3.7720000743865967,3.747999906539917,3.740000009536743,3.7360000610351562,3.7360000610351562,3.74399995803833,3.747999906539917,3.752000093460083,2.884000062942505,2.884000062942505,2.884000062942505,2.8239998817443848,2.8239998817443848,2.759999990463257,2.7079999446868896,2.6559998989105225,2.6040000915527344,2.6040000915527344,2.5439999103546143,2.4839999675750732,2.431999921798706,2.384000062942505,2.3320000171661377,2.2839999198913574,2.2760000228881836,2.200000047683716,2.200000047683716,2.200000047683716,2.1600000858306885,2.124000072479248,2.0880000591278076,2.055999994277954,2.0320000648498535,2.0220000743865967,2.009999990463257,1.9880000352859497,1.9739999771118164,1.9739999771118164,1.9579999446868896,1.937999963760376,1.9119999408721924,1.8860000371932983,1.8600000143051147,1.8339999914169312,1.809999942779541,1.7860000133514404,1.7860000133514404,1.7619999647140503,1.7400000095367432,1.7200000286102295,1.7020000219345093,1.6820000410079956,1.659999966621399,1.5119999647140503,1.5019999742507935,1.5019999742507935,1.5019999742507935,1.4880000352859497,1.4880000352859497,1.4759999513626099,inf,inf,inf,1.406000018119812,1.406000018119812,1.406000018119812,1.406000018119812,1.406000018119812,1.3960000276565552,1.3960000276565552,...,0.0,0.0,0.0,0.0,0.0,0.0,0.0,0.0,0.0,0.0,0.0,0.0,0.0,0.0,0.0,0.0,0.0,0.0,47.0,47.0,47.0,47.0,47.0,0.0,0.0,0.0,0.0,0.0,0.0,0.0,0.0,0.0,0.0,0.0,0.0,0.0,0.0,0.0,0.0,0.0,0.0,0.0,0.0,0.0,0.0,0.0,0.0,0.0,0.0,0.0,0.0,0.0,0.0,0.0,0.0,0.0,0.0,0.0,0.0,0.0,0.0,0.0,0.0,0.0,0.0,0.0,0.0,0.0,0.0,0.0,0.0,0.0,0.0,0.0,0.0,0.0,0.0,0.0,0.0,0.0,0.0,0.0,0.0,0.0,0.0,0.0,0.0,0.0,0.0,0.0,0.0,0.0,0.0,0.0,0.0,0.0,0.0,0.0,0.0,0.0,0.0,0.0,0.0,0.0,0.0,0.0,0.0,0.0,0.0,0.0,0.0,0.0,0.0,0.0,0.0,0.0,0.0,0.0,0.0,0.0,0.0,0.0,0.0,0.0,0.0,0.0,0.0,0.0,...
1763031533,292266978,laser,-3.1241390705108643,3.1415927410125732,0.0034828970674425364,5.372327723307535e-05,0.09664817154407501,0.15000000596046448,16.0,inf,inf,inf,inf,inf,inf,inf,13.928000450134277,13.928000450134277,13.928000450134277,13.928000450134277,13.928000450134277,13.920000076293945,13.920000076293945,13.920000076293945,13.920000076293945,13.920000076293945,13.911999702453613,13.911999702453613,13.911999702453613,13.895999908447266,13.887999534606934,13.887999534606934,13.904000282287598,13.904000282287598,inf,inf,10.503999710083008,10.503999710083008,10.503999710083008,10.503999710083008,10.503999710083008,inf,inf,inf,inf,inf,inf,inf,inf,inf,inf,inf,inf,inf,inf,inf,inf,inf,inf,inf,inf,3.7679998874664307,3.7679998874664307,3.7679998874664307,3.7679998874664307,3.7679998874664307,3.74399995803833,3.74399995803833,3.74399995803833,3.7360000610351562,3.7360000610351562,3.7360000610351562,3.74399995803833,3.747999906539917,3.752000093460083,2.884000062942505,2.884000062942505,2.884000062942505,2.884000062942505,2.8359999656677246,2.7720000743865967,2.7720000743865967,2.6559998989105225,2.6559998989105225,2.5999999046325684,2.5439999103546143,2.4839999675750732,2.431999921798706,2.375999927520752,2.328000068664551,2.2880001068115234,2.259999990463257,2.259999990463257,2.196000099182129,2.196000099182129,2.1600000858306885,2.111999988555908,2.0799999237060547,2.0480000972747803,2.0160000324249268,1.9880000352859497,1.9559999704360962,1.9220000505447388,1.9220000505447388,1.899999976158142,1.8739999532699585,1.8539999723434448,1.8380000591278076,1.8220000267028809,1.8179999589920044,1.809999942779541,1.7979999780654907,1.7979999780654907,1.781999945640564,1.7580000162124634,1.7359999418258667,1.718000054359436,1.6979999542236328,1.6759999990463257,1.6579999923706055,1.6339999437332153,1.5180000066757202,1.4980000257492065,1.4980000257492065,1.4980000257492065,1.4839999675750732,1.4759999513626099,inf,inf,inf,inf,1.4040000438690186,1.4040000438690186,1.4040000438690186,1.4040000438690186,1.4040000438690186,1.3919999599456787,...,0.0,0.0,0.0,0.0,0.0,0.0,0.0,0.0,0.0,0.0,0.0,0.0,0.0,0.0,0.0,0.0,0.0,0.0,0.0,0.0,47.0,47.0,47.0,47.0,47.0,0.0,0.0,0.0,0.0,0.0,0.0,0.0,0.0,0.0,0.0,0.0,0.0,0.0,0.0,0.0,0.0,0.0,0.0,0.0,0.0,0.0,0.0,0.0,0.0,0.0,0.0,0.0,0.0,0.0,0.0,0.0,0.0,0.0,0.0,0.0,0.0,0.0,0.0,0.0,0.0,0.0,0.0,0.0,0.0,0.0,47.0,47.0,47.0,47.0,47.0,0.0,0.0,0.0,0.0,0.0,0.0,0.0,0.0,0.0,0.0,0.0,0.0,0.0,0.0,0.0,0.0,47.0,47.0,47.0,47.0,47.0,0.0,0.0,0.0,0.0,0.0,0.0,0.0,0.0,0.0,0.0,0.0,0.0,0.0,0.0,0.0,0.0,0.0,0.0,0.0,0.0,0.0,0.0,0.0,0.0,0.0,0.0,0.0,0.0,0.0,0.0,0.0,0.0,...
1763031533,390614255,laser,-3.1241390705108643,3.1415927410125732,0.0034828970674425364,5.7049604947678745e-05,0.10263223946094513,0.15000000596046448,16.0,inf,inf,inf,inf,inf,inf,inf,inf,13.911999702453613,13.911999702453613,13.911999702453613,13.911999702453613,13.911999702453613,13.920000076293945,13.920000076293945,13.928000450134277,13.928000450134277,13.911999702453613,13.911999702453613,13.911999702453613,13.887999534606934,13.887999534606934,13.887999534606934,13.904000282287598,13.904000282287598,inf,inf,inf,inf,inf,inf,inf,inf,inf,inf,inf,inf,inf,inf,inf,inf,inf,inf,inf,inf,inf,inf,inf,inf,inf,inf,inf,3.7720000743865967,3.7720000743865967,3.7720000743865967,3.7720000743865967,3.7720000743865967,3.740000009536743,3.740000009536743,3.740000009536743,3.7360000610351562,3.7360000610351562,3.74399995803833,3.74399995803833,3.74399995803833,3.747999906539917,2.9040000438690186,2.9040000438690186,2.9040000438690186,2.9040000438690186,2.8359999656677246,2.7839999198913574,2.7239999771118164,2.6640000343322754,2.6040000915527344,2.6040000915527344,2.555999994277954,2.507999897003174,2.384000062942505,2.384000062942505,2.3480000495910645,2.312000036239624,2.2880001068115234,2.187999963760376,2.187999963760376,2.1600000858306885,2.1600000858306885,2.124000072479248,2.0920000076293945,2.052000045776367,2.0239999294281006,1.996000051498413,1.968000054359436,1.944000005722046,1.909999966621399,1.909999966621399,1.8700000047683716,1.8700000047683716,1.8559999465942383,1.840000033378601,1.8380000591278076,1.8259999752044678,1.809999942779541,1.7920000553131104,1.7920000553131104,1.7680000066757202,1.74399995803833,1.722000002861023,1.7020000219345093,1.6859999895095825,1.6619999408721924,1.6380000114440918,1.5199999809265137,1.50600004196167,1.50600004196167,1.4900000095367432,1.4780000448226929,1.4780000448226929,inf,inf,inf,inf,1.399999976158142,1.399999976158142,1.399999976158142,1.399999976158142,1.399999976158142,1.3860000371932983,...,0.0,0.0,0.0,0.0,0.0,0.0,0.0,0.0,0.0,0.0,0.0,0.0,0.0,0.0,0.0,0.0,0.0,0.0,0.0,0.0,0.0,0.0,0.0,0.0,0.0,0.0,0.0,0.0,0.0,0.0,0.0,0.0,0.0,0.0,0.0,0.0,0.0,0.0,0.0,0.0,0.0,0.0,0.0,0.0,0.0,0.0,0.0,0.0,0.0,0.0,0.0,0.0,0.0,0.0,0.0,0.0,0.0,0.0,0.0,0.0,0.0,0.0,0.0,0.0,0.0,0.0,0.0,0.0,0.0,0.0,0.0,0.0,0.0,0.0,0.0,0.0,0.0,0.0,0.0,0.0,0.0,0.0,0.0,0.0,0.0,0.0,0.0,0.0,0.0,0.0,47.0,47.0,47.0,47.0,47.0,0.0,0.0,0.0,0.0,0.0,0.0,0.0,0.0,0.0,0.0,0.0,0.0,0.0,0.0,0.0,0.0,0.0,0.0,0.0,0.0,0.0,0.0,0.0,0.0,0.0,0.0,0.0,0.0,0.0,0.0,0.0,47.0,47.0,...
1763031533,495141940,laser,-3.1241390705108643,3.1415927410125732,0.0034828970674425364,5.3575691708829254e-05,0.09638267010450363,0.15000000596046448,16.0,inf,inf,inf,inf,inf,inf,inf,inf,13.911999702453613,13.911999702453613,13.911999702453613,13.911999702453613,13.911999702453613,13.920000076293945,13.920000076293945,13.935999870300293,13.935999870300293,13.935999870300293,13.935999870300293,13.911999702453613,13.904000282287598,13.887999534606934,13.880000114440918,13.904000282287598,13.904000282287598,inf,inf,inf,10.527999877929688,10.527999877929688,10.527999877929688,10.527999877929688,10.527999877929688,inf,inf,inf,inf,inf,inf,inf,inf,inf,inf,inf,inf,inf,inf,inf,inf,inf,inf,inf,inf,3.8440001010894775,3.8440001010894775,3.8440001010894775,3.8440001010894775,3.8440001010894775,3.7720000743865967,3.740000009536743,3.7360000610351562,3.740000009536743,3.74399995803833,3.74399995803833,3.747999906539917,3.752000093460083,2.8919999599456787,2.8919999599456787,2.8399999141693115,2.8399999141693115,2.8399999141693115,2.7839999198913574,2.7200000286102295,2.6559998989105225,2.6080000400543213,2.6080000400543213,2.559999942779541,2.507999897003174,2.4560000896453857,2.3959999084472656,2.3480000495910645,2.312000036239624,2.2880001068115234,2.187999963760376,2.171999931335449,2.171999931335449,2.171999931335449,2.131999969482422,2.0920000076293945,2.065999984741211,2.0360000133514404,2.01200008392334,2.002000093460083,1.9919999837875366,1.9819999933242798,1.9819999933242798,1.9639999866485596,1.944000005722046,1.9160000085830688,1.8899999856948853,1.8660000562667847,1.840000033378601,1.8140000104904175,1.7920000553131104,1.7920000553131104,1.7699999809265137,1.74399995803833,1.722000002861023,1.7020000219345093,1.684000015258789,1.6660000085830688,1.6380000114440918,1.5140000581741333,1.5140000581741333,1.50600004196167,1.4900000095367432,1.4800000190734863,1.4800000190734863,1.4759999513626099,1.4759999513626099,inf,inf,inf,1.409999966621399,1.409999966621399,1.409999966621399,1.409999966621399,1.409999966621399,...,0.0,0.0,0.0,0.0,0.0,0.0,0.0,0.0,0.0,0.0,0.0,0.0,0.0,0.0,0.0,0.0,0.0,0.0,0.0,0.0,0.0,0.0,0.0,0.0,0.0,0.0,0.0,0.0,0.0,0.0,0.0,0.0,0.0,0.0,0.0,0.0,0.0,0.0,0.0,0.0,0.0,0.0,0.0,0.0,0.0,0.0,0.0,0.0,0.0,0.0,0.0,0.0,0.0,0.0,0.0,0.0,0.0,0.0,0.0,0.0,0.0,0.0,0.0,0.0,0.0,0.0,0.0,0.0,0.0,0.0,0.0,0.0,0.0,0.0,0.0,0.0,0.0,0.0,0.0,0.0,0.0,0.0,0.0,0.0,0.0,0.0,0.0,0.0,0.0,0.0,47.0,47.0,47.0,47.0,47.0,0.0,0.0,0.0,0.0,0.0,0.0,0.0,0.0,0.0,0.0,0.0,0.0,0.0,0.0,0.0,0.0,0.0,0.0,0.0,0.0,0.0,0.0,0.0,0.0,0.0,0.0,0.0,0.0,0.0,0.0,0.0,47.0,47.0,...
1763031533,593223713,laser,-3.1241390705108643,3.1415927410125732,0.0034828970674425364,5.3659525292459875e-05,0.09653348475694656,0.15000000596046448,16.0,inf,inf,inf,inf,inf,inf,inf,inf,inf,13.920000076293945,13.920000076293945,13.920000076293945,13.920000076293945,13.920000076293945,13.928000450134277,13.935999870300293,13.944000244140625,13.935999870300293,13.935999870300293,13.920000076293945,13.911999702453613,13.895999908447266,13.904000282287598,13.920000076293945,inf,inf,10.527999877929688,10.527999877929688,10.527999877929688,10.527999877929688,10.527999877929688,inf,inf,inf,inf,inf,inf,inf,inf,inf,inf,inf,inf,inf,inf,inf,inf,inf,inf,inf,inf,inf,inf,inf,3.7679998874664307,3.7679998874664307,3.7679998874664307,3.7679998874664307,3.7679998874664307,3.74399995803833,3.740000009536743,3.7360000610351562,3.7360000610351562,3.74399995803833,3.747999906539917,3.752000093460083,2.888000011444092,2.888000011444092,2.888000011444092,2.8399999141693115,2.8399999141693115,2.7679998874664307,2.7039999961853027,2.6519999504089355,2.5999999046325684,2.5999999046325684,2.5399999618530273,2.4800000190734863,2.436000108718872,2.3399999141693115,2.3399999141693115,2.299999952316284,2.252000093460083,2.2279999256134033,2.200000047683716,2.200000047683716,2.1519999504089355,2.1080000400543213,2.0840001106262207,2.052000045776367,2.0199999809265137,1.9919999837875366,1.965999960899353,1.940000057220459,1.940000057220459,1.9160000085830688,1.9040000438690186,1.8940000534057617,1.8819999694824219,1.8619999885559082,1.843999981880188,1.8279999494552612,1.805999994277954,1.805999994277954,1.781999945640564,1.7580000162124634,1.7359999418258667,1.718000054359436,1.6979999542236328,1.6740000247955322,1.656000018119812,1.656000018119812,1.4980000257492065,1.4980000257492065,1.4980000257492065,1.4980000257492065,1.4839999675750732,inf,inf,inf,inf,1.406000018119812,1.406000018119812,1.406000018119812,1.406000018119812,1.406000018119812,1.3919999599456787,1.3919999599456787,...,0.0,0.0,0.0,0.0,0.0,0.0,0.0,0.0,0.0,0.0,0.0,0.0,0.0,0.0,0.0,0.0,0.0,0.0,0.0,0.0,0.0,0.0,0.0,0.0,0.0,0.0,0.0,0.0,0.0,0.0,0.0,0.0,0.0,0.0,0.0,0.0,0.0,0.0,0.0,0.0,0.0,0.0,0.0,0.0,0.0,0.0,0.0,0.0,0.0,0.0,0.0,0.0,0.0,0.0,0.0,0.0,0.0,0.0,0.0,0.0,0.0,0.0,0.0,0.0,0.0,0.0,0.0,0.0,0.0,0.0,0.0,0.0,0.0,0.0,0.0,0.0,0.0,0.0,0.0,0.0,0.0,0.0,0.0,0.0,0.0,0.0,0.0,0.0,0.0,47.0,47.0,47.0,47.0,47.0,0.0,0.0,0.0,0.0,0.0,0.0,0.0,0.0,0.0,0.0,0.0,0.0,0.0,0.0,0.0,0.0,0.0,0.0,0.0,0.0,0.0,0.0,0.0,0.0,0.0,0.0,0.0,0.0,0.0,0.0,0.0,47.0,47.0,47.0,...
1763031533,691497199,laser,-3.1241390705108643,3.1415927410125732,0.0034828970674425364,5.3697840485256165e-05,0.0966024100780487,0.15000000596046448,16.0,inf,inf,inf,inf,inf,inf,inf,13.920000076293945,13.920000076293945,13.920000076293945,13.920000076293945,13.920000076293945,13.928000450134277,13.928000450134277,13.928000450134277,13.928000450134277,13.928000450134277,13.920000076293945,13.911999702453613,13.904000282287598,13.904000282287598,13.887999534606934,13.895999908447266,13.895999908447266,13.911999702453613,inf,inf,inf,10.472000122070312,10.472000122070312,10.472000122070312,10.472000122070312,10.472000122070312,inf,inf,inf,inf,inf,inf,inf,inf,inf,inf,inf,inf,inf,inf,inf,inf,inf,inf,inf,inf,3.8359999656677246,3.8359999656677246,3.8359999656677246,3.8359999656677246,3.8359999656677246,3.7639999389648438,3.747999906539917,3.740000009536743,3.740000009536743,3.7360000610351562,3.740000009536743,3.747999906539917,3.752000093460083,2.888000011444092,2.888000011444092,2.8359999656677246,2.8359999656677246,2.8359999656677246,2.7679998874664307,2.7679998874664307,2.6519999504089355,2.6519999504089355,2.5920000076293945,2.5360000133514404,2.4800000190734863,2.427999973297119,2.380000114440918,2.3440001010894775,2.299999952316284,2.252000093460083,2.2320001125335693,2.200000047683716,2.200000047683716,2.1519999504089355,2.1080000400543213,2.0840001106262207,2.053999900817871,2.0139999389648438,1.9859999418258667,1.9600000381469727,1.9279999732971191,1.899999976158142,1.899999976158142,1.871999979019165,1.8539999723434448,1.8380000591278076,1.812000036239624,1.805999994277954,1.8020000457763672,1.7940000295639038,1.7799999713897705,1.7799999713897705,1.7580000162124634,1.7359999418258667,1.715999960899353,1.6979999542236328,1.6779999732971191,1.6579999923706055,1.6339999437332153,1.5180000066757202,1.5180000066757202,1.4980000257492065,1.4980000257492065,1.4839999675750732,1.4780000448226929,inf,inf,inf,inf,inf,1.4019999504089355,1.4019999504089355,1.4019999504089355,1.4019999504089355,1.4019999504089355,...,0.0,0.0,0.0,0.0,0.0,0.0,0.0,0.0,0.0,0.0,0.0,0.0,0.0,0.0,0.0,0.0,0.0,0.0,0.0,0.0,0.0,0.0,0.0,0.0,0.0,0.0,0.0,0.0,0.0,0.0,0.0,0.0,0.0,0.0,0.0,0.0,0.0,0.0,0.0,0.0,0.0,0.0,0.0,0.0,0.0,0.0,0.0,0.0,0.0,0.0,0.0,0.0,0.0,0.0,0.0,0.0,0.0,0.0,0.0,0.0,0.0,0.0,0.0,0.0,0.0,0.0,0.0,0.0,0.0,0.0,0.0,0.0,0.0,0.0,0.0,0.0,0.0,0.0,0.0,0.0,0.0,0.0,0.0,0.0,0.0,0.0,0.0,0.0,0.0,0.0,0.0,47.0,47.0,47.0,47.0,47.0,0.0,0.0,0.0,0.0,0.0,0.0,0.0,0.0,0.0,0.0,0.0,0.0,0.0,0.0,0.0,0.0,0.0,0.0,0.0,0.0,0.0,0.0,0.0,0.0,0.0,0.0,0.0,47.0,47.0,47.0,47.0,47.0,...
1763031533,789708539,laser,-3.1241390705108643,3.1415927410125732,0.0034828970674425364,5.368273195927031e-05,0.09657523781061172,0.15000000596046448,16.0,inf,inf,inf,inf,inf,inf,inf,inf,inf,13.920000076293945,13.920000076293945,13.920000076293945,13.920000076293945,13.920000076293945,13.928000450134277,13.928000450134277,13.920000076293945,13.911999702453613,13.920000076293945,13.920000076293945,13.895999908447266,13.880000114440918,13.895999908447266,13.895999908447266,13.911999702453613,inf,inf,inf,inf,inf,inf,inf,inf,inf,inf,inf,inf,inf,inf,inf,inf,inf,inf,inf,inf,inf,inf,inf,inf,inf,inf,3.7920000553131104,3.7920000553131104,3.7920000553131104,3.7920000553131104,3.7920000553131104,3.740000009536743,3.740000009536743,3.740000009536743,3.740000009536743,3.740000009536743,3.74399995803833,3.74399995803833,3.74399995803833,3.747999906539917,3.747999906539917,2.931999921798706,2.931999921798706,2.931999921798706,2.931999921798706,2.871999979019165,2.799999952316284,2.7239999771118164,2.6640000343322754,2.624000072479248,2.568000078201294,2.5199999809265137,2.4760000705718994,2.4760000705718994,2.371999979019165,2.371999979019165,2.3320000171661377,2.299999952316284,2.187999963760376,2.187999963760376,2.187999963760376,2.135999917984009,2.1040000915527344,2.0840001106262207,2.0840001106262207,2.052000045776367,2.0160000324249268,1.9859999418258667,1.9579999446868896,1.934000015258789,1.9199999570846558,1.9160000085830688,1.906000018119812,1.906000018119812,1.8700000047683716,1.8700000047683716,1.8459999561309814,1.8240000009536743,1.7979999780654907,1.7719999551773071,1.7480000257492065,1.7280000448226929,1.7100000381469727,1.7100000381469727,1.6859999895095825,1.6640000343322754,1.6440000534057617,1.5199999809265137,1.50600004196167,1.50600004196167,1.496000051498413,1.4859999418258667,inf,inf,inf,inf,1.409999966621399,1.409999966621399,1.409999966621399,1.409999966621399,1.409999966621399,1.399999976158142,1.399999976158142,...,0.0,0.0,0.0,0.0,0.0,0.0,0.0,0.0,0.0,0.0,0.0,0.0,0.0,0.0,0.0,0.0,0.0,0.0,0.0,0.0,0.0,0.0,0.0,0.0,0.0,0.0,0.0,0.0,0.0,0.0,0.0,0.0,0.0,0.0,0.0,0.0,0.0,0.0,0.0,0.0,0.0,0.0,0.0,0.0,0.0,0.0,0.0,0.0,0.0,0.0,0.0,0.0,0.0,0.0,0.0,0.0,0.0,0.0,0.0,0.0,0.0,0.0,0.0,0.0,0.0,0.0,0.0,0.0,0.0,0.0,0.0,0.0,0.0,0.0,0.0,0.0,0.0,0.0,0.0,0.0,0.0,0.0,0.0,0.0,0.0,0.0,0.0,0.0,0.0,47.0,47.0,47.0,47.0,47.0,0.0,0.0,0.0,0.0,0.0,0.0,0.0,0.0,0.0,0.0,0.0,0.0,0.0,0.0,0.0,0.0,0.0,0.0,0.0,0.0,0.0,0.0,0.0,0.0,0.0,0.0,0.0,0.0,0.0,0.0,0.0,0.0,0.0,0.0,...
1763031533,887649359,laser,-3.1241390705108643,3.1415927410125732,0.0034828970674425364,5.386443081079051e-05,0.09690210968255997,0.15000000596046448,16.0,inf,inf,inf,inf,inf,inf,inf,13.920000076293945,13.920000076293945,13.920000076293945,13.920000076293945,13.920000076293945,13.935999870300293,13.935999870300293,13.935999870300293,13.935999870300293,13.911999702453613,13.911999702453613,13.911999702453613,13.904000282287598,13.904000282287598,13.895999908447266,13.895999908447266,13.911999702453613,inf,inf,inf,inf,10.319999694824219,10.319999694824219,10.319999694824219,10.319999694824219,10.319999694824219,inf,inf,inf,inf,inf,inf,inf,inf,inf,inf,inf,inf,inf,inf,inf,inf,inf,inf,inf,3.871999979019165,3.871999979019165,3.871999979019165,3.871999979019165,3.871999979019165,3.7920000553131104,3.74399995803833,3.74399995803833,3.740000009536743,3.740000009536743,3.740000009536743,3.74399995803833,3.747999906539917,3.747999906539917,3.747999906539917,2.871999979019165,2.871999979019165,2.871999979019165,2.871999979019165,2.799999952316284,2.7279999256134033,2.6679999828338623,2.624000072479248,2.5799999237060547,2.5199999809265137,2.4679999351501465,2.4679999351501465,2.371999979019165,2.371999979019165,2.3320000171661377,2.2920000553131104,2.2360000610351562,2.2079999446868896,2.184000015258789,2.135999917984009,2.1040000915527344,2.069999933242798,2.069999933242798,2.0260000228881836,2.0260000228881836,2.003999948501587,1.9819999933242798,1.968000054359436,1.9539999961853027,1.940000057220459,1.9220000505447388,1.9220000505447388,1.9019999504089355,1.8739999532699585,1.8459999561309814,1.8240000009536743,1.7979999780654907,1.7760000228881836,1.75600004196167,1.7319999933242798,1.7100000381469727,1.6859999895095825,1.6859999895095825,1.6640000343322754,1.6440000534057617,1.5260000228881836,1.5260000228881836,1.50600004196167,1.4980000257492065,1.4859999418258667,inf,inf,inf,inf,inf,1.3980000019073486,1.3980000019073486,1.3980000019073486,1.3980000019073486,1.3980000019073486,1.3839999437332153,...,0.0,0.0,0.0,0.0,0.0,0.0,0.0,0.0,0.0,0.0,0.0,0.0,0.0,0.0,0.0,0.0,0.0,0.0,0.0,0.0,0.0,0.0,0.0,0.0,0.0,0.0,0.0,0.0,0.0,0.0,0.0,0.0,0.0,0.0,0.0,0.0,0.0,0.0,0.0,0.0,0.0,0.0,0.0,0.0,0.0,0.0,0.0,0.0,0.0,0.0,0.0,0.0,0.0,0.0,0.0,0.0,0.0,0.0,0.0,0.0,0.0,0.0,0.0,0.0,0.0,0.0,0.0,0.0,0.0,0.0,0.0,0.0,0.0,0.0,0.0,0.0,0.0,0.0,0.0,0.0,0.0,0.0,0.0,0.0,0.0,0.0,0.0,0.0,0.0,0.0,0.0,0.0,0.0,0.0,0.0,0.0,0.0,0.0,0.0,0.0,0.0,0.0,0.0,0.0,0.0,0.0,0.0,0.0,0.0,0.0,0.0,0.0,0.0,0.0,0.0,0.0,0.0,0.0,0.0,0.0,0.0,0.0,0.0,0.0,0.0,0.0,0.0,0.0,...
1763031533,986238109,laser,-3.1241390705108643,3.1415927410125732,0.0034828970674425364,5.710720506613143e-05,0.10273586213588715,0.15000000596046448,16.0,inf,inf,inf,inf,inf,inf,inf,inf,inf,13.920000076293945,13.920000076293945,13.920000076293945,13.920000076293945,13.920000076293945,13.935999870300293,13.935999870300293,13.935999870300293,13.920000076293945,13.928000450134277,13.928000450134277,13.928000450134277,13.904000282287598,13.895999908447266,13.911999702453613,inf,inf,inf,inf,inf,10.368000030517578,10.368000030517578,10.368000030517578,10.368000030517578,10.368000030517578,inf,inf,inf,inf,inf,inf,inf,inf,inf,inf,inf,inf,inf,inf,inf,inf,inf,3.812000036239624,3.812000036239624,3.812000036239624,3.812000036239624,3.812000036239624,3.759999990463257,3.759999990463257,3.759999990463257,3.759999990463257,3.74399995803833,3.74399995803833,3.740000009536743,3.74399995803833,3.747999906539917,3.752000093460083,3.752000093460083,2.875999927520752,2.875999927520752,2.812000036239624,2.812000036239624,2.812000036239624,2.740000009536743,2.684000015258789,2.6480000019073486,2.5920000076293945,2.5399999618530273,2.4839999675750732,2.4240000247955322,2.371999979019165,2.3320000171661377,2.3320000171661377,2.2920000553131104,2.2360000610351562,2.2079999446868896,2.196000099182129,2.1559998989105225,2.115999937057495,2.0840001106262207,2.052000045776367,2.052000045776367,1.9819999933242798,1.9819999933242798,1.9600000381469727,1.9240000247955322,1.8940000534057617,1.8700000047683716,1.8519999980926514,1.8380000591278076,1.8240000009536743,1.8200000524520874,1.8200000524520874,1.809999942779541,1.7920000553131104,1.7760000228881836,1.75600004196167,1.7319999933242798,1.7139999866485596,1.6959999799728394,1.6740000247955322,1.6740000247955322,1.6519999504089355,1.621999979019165,1.5080000162124634,1.5080000162124634,1.4980000257492065,1.4839999675750732,inf,inf,inf,inf,1.399999976158142,1.399999976158142,1.399999976158142,1.399999976158142,1.399999976158142,1.3880000114440918,1.3880000114440918,...,0.0,0.0,0.0,0.0,0.0,0.0,0.0,0.0,0.0,0.0,0.0,0.0,0.0,0.0,0.0,0.0,0.0,0.0,47.0,47.0,47.0,47.0,47.0,0.0,0.0,0.0,0.0,0.0,0.0,0.0,0.0,0.0,0.0,0.0,0.0,0.0,0.0,0.0,0.0,0.0,0.0,0.0,0.0,0.0,0.0,0.0,0.0,0.0,0.0,0.0,0.0,0.0,0.0,0.0,0.0,0.0,0.0,0.0,0.0,0.0,0.0,0.0,0.0,0.0,0.0,0.0,0.0,0.0,47.0,47.0,47.0,47.0,47.0,0.0,0.0,0.0,0.0,0.0,0.0,0.0,0.0,0.0,0.0,0.0,0.0,0.0,0.0,0.0,0.0,0.0,0.0,0.0,0.0,0.0,0.0,0.0,0.0,0.0,0.0,0.0,0.0,0.0,0.0,0.0,0.0,0.0,0.0,0.0,0.0,0.0,0.0,0.0,0.0,0.0,0.0,0.0,0.0,0.0,0.0,0.0,0.0,0.0,0.0,0.0,0.0,0.0,0.0,0.0,...
1763031534,90684625,laser,-3.1241390705108643,3.1415927410125732,0.0034828970674425364,5.3699743148172274e-05,0.09660583734512329,0.15000000596046448,16.0,inf,inf,inf,inf,inf,inf,inf,13.920000076293945,13.920000076293945,13.920000076293945,13.920000076293945,13.920000076293945,13.920000076293945,13.920000076293945,13.920000076293945,13.920000076293945,13.920000076293945,13.920000076293945,13.935999870300293,13.935999870300293,13.911999702453613,13.911999702453613,13.895999908447266,13.904000282287598,13.928000450134277,inf,inf,inf,inf,inf,inf,inf,inf,inf,inf,inf,inf,inf,inf,inf,inf,inf,inf,inf,inf,inf,inf,inf,inf,inf,inf,inf,inf,3.812000036239624,3.812000036239624,3.812000036239624,3.812000036239624,3.812000036239624,3.759999990463257,3.747999906539917,3.74399995803833,3.74399995803833,3.740000009536743,3.74399995803833,3.747999906539917,3.752000093460083,2.875999927520752,2.875999927520752,2.8239998817443848,2.8239998817443848,2.8239998817443848,2.7639999389648438,2.7639999389648438,2.6480000019073486,2.6480000019073486,2.6040000915527344,2.552000045776367,2.496000051498413,2.444000005722046,2.384000062942505,2.3320000171661377,2.2920000553131104,2.2679998874664307,2.2679998874664307,2.24399995803833,2.196000099182129,2.1559998989105225,2.115999937057495,2.0840001106262207,2.052000045776367,2.0160000324249268,1.9880000352859497,1.9600000381469727,1.9299999475479126,1.9299999475479126,1.899999976158142,1.8700000047683716,1.8580000400543213,1.8420000076293945,1.8220000267028809,1.8179999589920044,1.812000036239624,1.7999999523162842,1.7999999523162842,1.781999945640564,1.7580000162124634,1.7359999418258667,1.715999960899353,1.6979999542236328,1.6779999732971191,1.656000018119812,1.6319999694824219,1.5140000581741333,1.5140000581741333,1.4980000257492065,1.4980000257492065,1.4839999675750732,1.4780000448226929,inf,inf,inf,inf,inf,1.4040000438690186,1.4040000438690186,1.4040000438690186,1.4040000438690186,1.4040000438690186,...,0.0,0.0,0.0,0.0,0.0,0.0,0.0,0.0,0.0,0.0,0.0,0.0,0.0,0.0,0.0,0.0,0.0,0.0,0.0,0.0,0.0,0.0,0.0,0.0,0.0,0.0,0.0,0.0,0.0,0.0,0.0,0.0,0.0,0.0,0.0,0.0,0.0,0.0,0.0,0.0,0.0,0.0,0.0,0.0,0.0,0.0,0.0,0.0,0.0,0.0,0.0,0.0,0.0,0.0,0.0,0.0,0.0,0.0,0.0,0.0,0.0,0.0,0.0,0.0,0.0,0.0,0.0,0.0,0.0,0.0,0.0,0.0,0.0,0.0,0.0,0.0,0.0,0.0,0.0,0.0,0.0,0.0,0.0,0.0,0.0,0.0,0.0,0.0,0.0,0.0,0.0,0.0,0.0,0.0,0.0,0.0,0.0,0.0,0.0,0.0,0.0,0.0,0.0,0.0,0.0,0.0,0.0,0.0,0.0,0.0,0.0,0.0,0.0,0.0,0.0,0.0,0.0,0.0,0.0,0.0,0.0,0.0,0.0,0.0,0.0,0.0,0.0,0.0,...
1763031534,188961705,laser,-3.1241390705108643,3.1415927410125732,0.0034828970674425364,5.3666430176235735e-05,0.09654590487480164,0.15000000596046448,16.0,inf,inf,inf,inf,inf,inf,inf,inf,inf,13.928000450134277,13.928000450134277,13.928000450134277,13.928000450134277,13.928000450134277,13.928000450134277,13.920000076293945,13.920000076293945,13.928000450134277,13.920000076293945,13.911999702453613,13.911999702453613,13.895999908447266,13.911999702453613,13.911999702453613,13.935999870300293,inf,10.496000289916992,10.496000289916992,10.496000289916992,10.496000289916992,10.496000289916992,inf,inf,inf,inf,inf,inf,inf,inf,inf,inf,inf,inf,inf,inf,inf,inf,inf,inf,inf,inf,inf,inf,3.75600004196167,3.75600004196167,3.75600004196167,3.75600004196167,3.75600004196167,3.74399995803833,3.74399995803833,3.740000009536743,3.740000009536743,3.740000009536743,3.74399995803833,3.747999906539917,3.752000093460083,2.880000114440918,2.880000114440918,2.8239998817443848,2.8239998817443848,2.8239998817443848,2.7639999389648438,2.700000047683716,2.6480000019073486,2.5920000076293945,2.5920000076293945,2.5239999294281006,2.4800000190734863,2.440000057220459,2.384000062942505,2.3320000171661377,2.2920000553131104,2.252000093460083,2.2279999256134033,2.196000099182129,2.196000099182129,2.1559998989105225,2.115999937057495,2.0840001106262207,2.052000045776367,2.0139999389648438,1.9980000257492065,1.99399995803833,1.9759999513626099,1.9759999513626099,1.9639999866485596,1.9520000219345093,1.934000015258789,1.909999966621399,1.8839999437332153,1.8559999465942383,1.8320000171661377,1.805999994277954,1.805999994277954,1.781999945640564,1.7580000162124634,1.7359999418258667,1.7139999866485596,1.6979999542236328,1.6759999990463257,1.6540000438690186,1.5299999713897705,1.5299999713897705,1.5099999904632568,1.4980000257492065,1.4980000257492065,1.4859999418258667,1.4759999513626099,1.4739999771118164,1.4739999771118164,inf,inf,inf,1.406000018119812,1.406000018119812,1.406000018119812,1.406000018119812,1.406000018119812,...,0.0,0.0,0.0,0.0,0.0,0.0,0.0,0.0,0.0,0.0,0.0,0.0,0.0,0.0,0.0,0.0,0.0,0.0,0.0,0.0,0.0,0.0,0.0,0.0,0.0,0.0,0.0,0.0,0.0,0.0,0.0,0.0,0.0,0.0,0.0,0.0,0.0,0.0,0.0,0.0,0.0,0.0,0.0,0.0,0.0,0.0,0.0,0.0,0.0,0.0,0.0,0.0,0.0,0.0,0.0,0.0,0.0,0.0,0.0,0.0,0.0,0.0,0.0,0.0,0.0,0.0,0.0,0.0,0.0,0.0,0.0,0.0,0.0,0.0,0.0,0.0,0.0,0.0,0.0,0.0,0.0,0.0,0.0,0.0,0.0,0.0,0.0,0.0,0.0,47.0,47.0,47.0,47.0,47.0,0.0,0.0,0.0,0.0,0.0,0.0,0.0,0.0,0.0,0.0,0.0,0.0,0.0,0.0,0.0,0.0,0.0,0.0,0.0,0.0,0.0,0.0,0.0,0.0,0.0,0.0,0.0,0.0,0.0,0.0,47.0,47.0,47.0,47.0,...
1763031534,287198864,laser,-3.1241390705108643,3.1415927410125732,0.0034828970674425364,5.3711275540990755e-05,0.09662658721208572,0.15000000596046448,16.0,inf,inf,inf,inf,inf,inf,inf,inf,inf,13.928000450134277,13.928000450134277,13.928000450134277,13.928000450134277,13.928000450134277,13.935999870300293,13.935999870300293,13.928000450134277,13.928000450134277,13.944000244140625,13.935999870300293,13.920000076293945,13.911999702453613,13.920000076293945,13.920000076293945,13.935999870300293,inf,10.503999710083008,10.503999710083008,10.503999710083008,10.503999710083008,10.503999710083008,inf,inf,inf,inf,inf,inf,inf,inf,inf,inf,inf,inf,inf,inf,inf,inf,inf,inf,inf,3.9079999923706055,3.9079999923706055,3.9079999923706055,3.9079999923706055,3.9079999923706055,3.799999952316284,3.799999952316284,3.799999952316284,3.74399995803833,3.74399995803833,3.74399995803833,3.740000009536743,3.740000009536743,3.74399995803833,3.747999906539917,3.747999906539917,3.747999906539917,2.931999921798706,2.880000114440918,2.880000114440918,2.880000114440918,2.803999900817871,2.74399995803833,2.684000015258789,2.615999937057495,2.572000026702881,2.5239999294281006,2.4760000705718994,2.427999973297119,2.371999979019165,2.3320000171661377,2.3320000171661377,2.2920000553131104,2.240000009536743,2.2119998931884766,2.184000015258789,2.1440000534057617,2.115999937057495,2.0840001106262207,2.055999994277954,2.055999994277954,2.0139999389648438,2.0139999389648438,1.9980000257492065,1.9839999675750732,1.965999960899353,1.9479999542236328,1.9240000247955322,1.8980000019073486,1.8739999532699585,1.8539999723434448,1.8539999723434448,1.8279999494552612,1.7999999523162842,1.777999997138977,1.75600004196167,1.7339999675750732,1.7100000381469727,1.690000057220459,1.6699999570846558,1.6699999570846558,1.6519999504089355,1.527999997138977,1.5080000162124634,1.5080000162124634,1.4980000257492065,1.4859999418258667,inf,inf,inf,inf,inf,inf,1.3980000019073486,1.3980000019073486,1.3980000019073486,1.3980000019073486,1.3980000019073486,...,0.0,0.0,0.0,0.0,0.0,0.0,0.0,0.0,0.0,0.0,0.0,0.0,0.0,0.0,0.0,0.0,0.0,47.0,47.0,47.0,47.0,47.0,0.0,0.0,0.0,0.0,0.0,0.0,0.0,0.0,0.0,0.0,0.0,0.0,0.0,0.0,0.0,0.0,0.0,0.0,0.0,0.0,0.0,0.0,0.0,0.0,0.0,0.0,0.0,0.0,0.0,0.0,0.0,0.0,0.0,0.0,0.0,0.0,0.0,0.0,0.0,0.0,0.0,0.0,0.0,0.0,0.0,0.0,0.0,0.0,0.0,0.0,0.0,0.0,0.0,0.0,0.0,0.0,0.0,0.0,0.0,0.0,0.0,0.0,0.0,0.0,0.0,0.0,0.0,0.0,0.0,0.0,0.0,0.0,0.0,0.0,0.0,0.0,0.0,0.0,0.0,0.0,0.0,0.0,0.0,0.0,0.0,0.0,0.0,0.0,0.0,0.0,0.0,0.0,0.0,0.0,0.0,0.0,0.0,0.0,0.0,0.0,0.0,0.0,0.0,0.0,0.0,0.0,...
1763031534,385237473,laser,-3.1241390705108643,3.1415927410125732,0.0034828970674425364,5.382550079957582e-05,0.09683208167552948,0.15000000596046448,16.0,inf,inf,inf,inf,inf,inf,inf,inf,inf,inf,13.935999870300293,13.935999870300293,13.935999870300293,13.935999870300293,13.935999870300293,13.935999870300293,13.928000450134277,13.920000076293945,13.935999870300293,13.944000244140625,13.944000244140625,13.920000076293945,13.904000282287598,13.911999702453613,inf,inf,inf,10.392000198364258,10.392000198364258,10.392000198364258,10.392000198364258,10.392000198364258,inf,inf,inf,inf,inf,inf,inf,inf,inf,inf,inf,inf,inf,inf,inf,inf,inf,inf,inf,3.812000036239624,3.812000036239624,3.812000036239624,3.812000036239624,3.812000036239624,3.75600004196167,3.75600004196167,3.75600004196167,3.74399995803833,3.740000009536743,3.740000009536743,3.740000009536743,3.74399995803833,3.747999906539917,3.752000093460083,2.880000114440918,2.880000114440918,2.880000114440918,2.819999933242798,2.819999933242798,2.759999990463257,2.759999990463257,2.635999917984009,2.635999917984009,2.5880000591278076,2.5399999618530273,2.492000102996826,2.427999973297119,2.371999979019165,2.3320000171661377,2.2920000553131104,2.240000009536743,2.240000009536743,2.187999963760376,2.187999963760376,2.1480000019073486,2.115999937057495,2.0840001106262207,2.0480000972747803,2.009999990463257,1.9800000190734863,1.9520000219345093,1.9179999828338623,1.9179999828338623,1.8940000534057617,1.8660000562667847,1.8459999561309814,1.8300000429153442,1.809999942779541,1.7979999780654907,1.7960000038146973,1.7920000553131104,1.7920000553131104,1.7760000228881836,1.75600004196167,1.7339999675750732,1.7120000123977661,1.694000005722046,1.6740000247955322,1.6519999504089355,1.6239999532699585,1.5119999647140503,1.5119999647140503,1.5019999742507935,1.5019999742507935,1.4859999418258667,inf,inf,inf,inf,1.399999976158142,1.399999976158142,1.399999976158142,1.399999976158142,1.399999976158142,1.3860000371932983,1.3860000371932983,...,0.0,0.0,0.0,0.0,0.0,0.0,0.0,0.0,0.0,0.0,0.0,0.0,0.0,0.0,0.0,0.0,0.0,0.0,0.0,0.0,0.0,0.0,0.0,0.0,0.0,0.0,0.0,0.0,0.0,0.0,0.0,0.0,0.0,0.0,0.0,0.0,0.0,0.0,0.0,0.0,0.0,0.0,0.0,0.0,0.0,0.0,0.0,0.0,0.0,0.0,0.0,0.0,0.0,0.0,0.0,0.0,0.0,0.0,0.0,0.0,0.0,0.0,0.0,0.0,0.0,0.0,0.0,0.0,0.0,0.0,0.0,0.0,0.0,0.0,0.0,0.0,0.0,0.0,0.0,0.0,0.0,0.0,0.0,0.0,0.0,0.0,0.0,0.0,0.0,0.0,0.0,0.0,0.0,0.0,0.0,0.0,0.0,0.0,0.0,0.0,0.0,0.0,0.0,0.0,0.0,0.0,0.0,0.0,0.0,0.0,0.0,0.0,0.0,0.0,0.0,0.0,0.0,0.0,0.0,0.0,0.0,0.0,0.0,0.0,0.0,0.0,0.0,0.0,...
1763031534,483609416,laser,-3.1241390705108643,3.1415927410125732,0.0034828970674425364,5.378521018428728e-05,0.09675959497690201,0.15000000596046448,16.0,inf,inf,inf,inf,inf,inf,inf,13.928000450134277,13.928000450134277,13.928000450134277,13.928000450134277,13.928000450134277,13.928000450134277,13.928000450134277,13.928000450134277,13.928000450134277,13.928000450134277,13.920000076293945,13.928000450134277,13.928000450134277,13.904000282287598,13.895999908447266,13.895999908447266,13.911999702453613,13.944000244140625,inf,inf,inf,10.51200008392334,10.51200008392334,10.51200008392334,10.51200008392334,10.51200008392334,inf,inf,inf,inf,inf,inf,inf,inf,inf,inf,inf,inf,inf,inf,inf,inf,inf,inf,inf,3.759999990463257,3.759999990463257,3.759999990463257,3.759999990463257,3.759999990463257,3.740000009536743,3.740000009536743,3.740000009536743,3.7320001125335693,3.740000009536743,3.740000009536743,3.74399995803833,3.747999906539917,3.752000093460083,2.8959999084472656,2.8959999084472656,2.8959999084472656,2.8959999084472656,2.8399999141693115,2.7920000553131104,2.7200000286102295,2.6519999504089355,2.6040000915527344,2.6040000915527344,2.555999994277954,2.492000102996826,2.440000057220459,2.388000011444092,2.3399999141693115,2.2920000553131104,2.2799999713897705,2.200000047683716,2.200000047683716,2.200000047683716,2.1600000858306885,2.115999937057495,2.0840001106262207,2.052000045776367,2.0199999809265137,2.0,1.9800000190734863,1.9579999446868896,1.9420000314712524,1.9420000314712524,1.9320000410079956,1.9240000247955322,1.906000018119812,1.8819999694824219,1.8619999885559082,1.8359999656677246,1.809999942779541,1.7899999618530273,1.7899999618530273,1.7640000581741333,1.7419999837875366,1.722000002861023,1.7039999961853027,1.684000015258789,1.6619999408721924,1.6299999952316284,1.5119999647140503,1.503999948501587,1.503999948501587,1.4880000352859497,1.4880000352859497,1.4800000190734863,1.4759999513626099,inf,inf,inf,1.406000018119812,1.406000018119812,1.406000018119812,1.406000018119812,1.406000018119812,1.399999976158142,...,0.0,0.0,0.0,0.0,0.0,0.0,0.0,0.0,0.0,0.0,0.0,0.0,0.0,0.0,0.0,0.0,0.0,0.0,0.0,0.0,0.0,0.0,0.0,0.0,0.0,0.0,0.0,0.0,0.0,0.0,0.0,0.0,0.0,0.0,0.0,0.0,0.0,0.0,0.0,0.0,0.0,0.0,0.0,0.0,0.0,0.0,0.0,0.0,0.0,0.0,0.0,0.0,0.0,0.0,0.0,0.0,0.0,0.0,0.0,0.0,0.0,0.0,0.0,0.0,0.0,0.0,0.0,0.0,0.0,0.0,0.0,0.0,0.0,0.0,0.0,0.0,0.0,0.0,0.0,0.0,0.0,0.0,0.0,0.0,0.0,0.0,0.0,0.0,0.0,0.0,0.0,47.0,47.0,47.0,47.0,47.0,0.0,0.0,0.0,0.0,0.0,0.0,0.0,0.0,0.0,0.0,0.0,0.0,0.0,0.0,0.0,0.0,0.0,0.0,0.0,0.0,0.0,0.0,0.0,0.0,0.0,0.0,0.0,0.0,0.0,0.0,0.0,0.0,...
1763031534,582015055,laser,-3.1241390705108643,3.1415927410125732,0.0034828970674425364,5.7083441788563505e-05,0.102693110704422,0.15000000596046448,16.0,inf,inf,inf,inf,inf,inf,inf,inf,13.911999702453613,13.911999702453613,13.911999702453613,13.911999702453613,13.911999702453613,13.920000076293945,13.920000076293945,13.920000076293945,13.911999702453613,13.911999702453613,13.920000076293945,13.911999702453613,13.904000282287598,13.904000282287598,13.911999702453613,13.935999870300293,13.935999870300293,inf,inf,inf,inf,10.51200008392334,10.51200008392334,10.51200008392334,10.51200008392334,10.51200008392334,inf,inf,inf,inf,inf,inf,inf,inf,inf,inf,inf,inf,inf,inf,inf,inf,inf,inf,3.759999990463257,3.759999990463257,3.759999990463257,3.759999990463257,3.759999990463257,3.747999906539917,3.747999906539917,3.747999906539917,3.747999906539917,3.740000009536743,3.7360000610351562,3.740000009536743,3.747999906539917,3.752000093460083,2.880000114440918,2.880000114440918,2.880000114440918,2.880000114440918,2.819999933242798,2.819999933242798,2.75600004196167,2.700000047683716,2.6480000019073486,2.5920000076293945,2.5280001163482666,2.4760000705718994,2.436000108718872,2.380000114440918,2.3359999656677246,2.3359999656677246,2.2960000038146973,2.25600004196167,2.2279999256134033,2.200000047683716,2.1559998989105225,2.111999988555908,2.0840001106262207,2.052000045776367,2.052000045776367,2.0179998874664307,2.0179998874664307,2.003999948501587,1.9839999675750732,1.972000002861023,1.9559999704360962,1.9320000410079956,1.909999966621399,1.8860000371932983,1.8600000143051147,1.8600000143051147,1.8320000171661377,1.8040000200271606,1.781999945640564,1.7599999904632568,1.7359999418258667,1.7139999866485596,1.694000005722046,1.6720000505447388,1.6720000505447388,1.6519999504089355,1.531999945640564,1.5099999904632568,1.5099999904632568,1.5019999742507935,1.4880000352859497,1.4759999513626099,inf,inf,inf,inf,1.4019999504089355,1.4019999504089355,1.4019999504089355,1.4019999504089355,1.4019999504089355,1.3919999599456787,...,0.0,0.0,0.0,0.0,0.0,0.0,0.0,0.0,0.0,0.0,0.0,0.0,0.0,0.0,0.0,0.0,0.0,0.0,0.0,0.0,0.0,0.0,0.0,0.0,0.0,0.0,0.0,0.0,0.0,0.0,0.0,0.0,0.0,0.0,0.0,0.0,0.0,0.0,0.0,0.0,0.0,0.0,0.0,0.0,0.0,0.0,0.0,0.0,0.0,0.0,0.0,0.0,0.0,0.0,0.0,0.0,0.0,0.0,0.0,0.0,0.0,0.0,0.0,0.0,0.0,0.0,0.0,0.0,0.0,0.0,0.0,0.0,0.0,0.0,0.0,0.0,0.0,0.0,0.0,0.0,0.0,0.0,0.0,0.0,0.0,0.0,0.0,0.0,0.0,0.0,0.0,0.0,0.0,0.0,0.0,0.0,0.0,0.0,0.0,0.0,0.0,0.0,0.0,0.0,0.0,0.0,0.0,0.0,0.0,0.0,0.0,0.0,0.0,0.0,0.0,0.0,0.0,0.0,0.0,0.0,0.0,0.0,0.0,0.0,0.0,0.0,0.0,0.0,...
1763031534,686108796,laser,-3.1241390705108643,3.1415927410125732,0.0034828970674425364,5.385854819905944e-05,0.09689152985811234,0.15000000596046448,16.0,inf,inf,inf,inf,inf,inf,inf,inf,13.920000076293945,13.920000076293945,13.920000076293945,13.920000076293945,13.920000076293945,13.920000076293945,13.920000076293945,13.920000076293945,13.920000076293945,13.911999702453613,13.920000076293945,13.911999702453613,13.895999908447266,13.895999908447266,13.895999908447266,13.904000282287598,13.928000450134277,inf,inf,inf,inf,10.51200008392334,10.51200008392334,10.51200008392334,10.51200008392334,10.51200008392334,inf,inf,inf,inf,inf,inf,inf,inf,inf,inf,inf,inf,inf,inf,inf,inf,inf,inf,3.759999990463257,3.759999990463257,3.759999990463257,3.759999990463257,3.759999990463257,3.74399995803833,3.74399995803833,3.74399995803833,3.7360000610351562,3.7360000610351562,3.740000009536743,3.74399995803833,3.747999906539917,3.752000093460083,2.880000114440918,2.880000114440918,2.880000114440918,2.880000114440918,2.819999933242798,2.759999990463257,2.759999990463257,2.6480000019073486,2.6480000019073486,2.6040000915527344,2.552000045776367,2.48799991607666,2.436000108718872,2.380000114440918,2.3359999656677246,2.2960000038146973,2.2960000038146973,2.259999990463257,2.2320001125335693,2.200000047683716,2.1559998989105225,2.115999937057495,2.0840001106262207,2.052000045776367,2.01200008392334,1.9839999675750732,1.9600000381469727,1.9600000381469727,1.9279999732971191,1.8980000019073486,1.8700000047683716,1.8519999980926514,1.8359999656677246,1.805999994277954,1.7940000295639038,1.7920000553131104,1.7920000553131104,1.7860000133514404,1.7740000486373901,1.7519999742507935,1.7319999933242798,1.7139999866485596,1.694000005722046,1.6759999990463257,1.656000018119812,1.656000018119812,1.5119999647140503,1.4980000257492065,1.4980000257492065,1.4980000257492065,1.4819999933242798,1.4759999513626099,inf,inf,inf,inf,1.4019999504089355,1.4019999504089355,1.4019999504089355,1.4019999504089355,1.4019999504089355,1.3899999856948853,...,0.0,0.0,0.0,0.0,0.0,0.0,0.0,0.0,0.0,0.0,0.0,0.0,0.0,0.0,0.0,0.0,0.0,0.0,47.0,47.0,47.0,47.0,47.0,0.0,0.0,0.0,0.0,0.0,0.0,0.0,0.0,0.0,0.0,0.0,0.0,0.0,0.0,0.0,0.0,0.0,0.0,0.0,0.0,0.0,0.0,0.0,0.0,0.0,0.0,0.0,0.0,0.0,0.0,0.0,0.0,0.0,0.0,0.0,0.0,0.0,0.0,0.0,0.0,0.0,0.0,0.0,0.0,0.0,0.0,47.0,47.0,47.0,47.0,47.0,0.0,0.0,0.0,0.0,0.0,0.0,0.0,0.0,0.0,0.0,0.0,0.0,0.0,0.0,0.0,0.0,47.0,47.0,47.0,47.0,47.0,0.0,0.0,0.0,0.0,0.0,0.0,0.0,0.0,0.0,0.0,0.0,0.0,0.0,0.0,0.0,0.0,0.0,0.0,0.0,0.0,0.0,0.0,0.0,0.0,0.0,0.0,0.0,0.0,0.0,0.0,0.0,47.0,47.0,...
1763031534,784586171,laser,-3.1241390705108643,3.1415927410125732,0.0034828970674425364,5.370394865167327e-05,0.09661339968442917,0.15000000596046448,16.0,inf,inf,inf,inf,inf,inf,inf,inf,13.920000076293945,13.920000076293945,13.920000076293945,13.920000076293945,13.920000076293945,13.928000450134277,13.928000450134277,13.928000450134277,13.928000450134277,13.920000076293945,13.928000450134277,13.911999702453613,13.887999534606934,13.880000114440918,13.904000282287598,13.935999870300293,13.935999870300293,inf,inf,inf,inf,10.503999710083008,10.503999710083008,10.503999710083008,10.503999710083008,10.503999710083008,inf,inf,inf,inf,inf,inf,inf,inf,inf,inf,inf,inf,inf,inf,inf,inf,inf,inf,inf,inf,3.75600004196167,3.75600004196167,3.75600004196167,3.75600004196167,3.75600004196167,3.74399995803833,3.740000009536743,3.740000009536743,3.740000009536743,3.740000009536743,3.747999906539917,3.752000093460083,2.880000114440918,2.880000114440918,2.880000114440918,2.819999933242798,2.819999933242798,2.759999990463257,2.7039999961853027,2.6480000019073486,2.5880000591278076,2.5880000591278076,2.5399999618530273,2.492000102996826,2.436000108718872,2.380000114440918,2.3359999656677246,2.2960000038146973,2.247999906539917,2.247999906539917,2.200000047683716,2.200000047683716,2.1559998989105225,2.115999937057495,2.0840001106262207,2.052000045776367,2.01200008392334,1.9839999675750732,1.9600000381469727,1.9240000247955322,1.9240000247955322,1.8960000276565552,1.8700000047683716,1.8519999980926514,1.8359999656677246,1.815999984741211,1.8140000104904175,1.8079999685287476,1.8079999685287476,1.7940000295639038,1.7760000228881836,1.753999948501587,1.7319999933242798,1.7139999866485596,1.694000005722046,1.6720000505447388,1.6519999504089355,1.6519999504089355,1.5099999904632568,1.5099999904632568,1.5099999904632568,1.4980000257492065,1.4819999933242798,1.4759999513626099,inf,inf,inf,1.4019999504089355,1.4019999504089355,1.4019999504089355,1.4019999504089355,1.4019999504089355,1.3899999856948853,1.3899999856948853,...,0.0,0.0,0.0,0.0,0.0,0.0,0.0,0.0,0.0,0.0,0.0,0.0,0.0,0.0,0.0,0.0,0.0,0.0,0.0,0.0,0.0,0.0,0.0,0.0,0.0,0.0,0.0,0.0,0.0,0.0,0.0,0.0,0.0,0.0,0.0,0.0,0.0,0.0,0.0,0.0,0.0,0.0,0.0,0.0,0.0,0.0,0.0,0.0,0.0,0.0,0.0,0.0,0.0,0.0,0.0,0.0,0.0,0.0,0.0,0.0,0.0,0.0,0.0,0.0,0.0,0.0,0.0,0.0,0.0,0.0,0.0,0.0,0.0,0.0,0.0,0.0,0.0,0.0,0.0,0.0,0.0,0.0,0.0,0.0,0.0,0.0,0.0,0.0,0.0,0.0,47.0,47.0,47.0,47.0,47.0,0.0,0.0,0.0,0.0,0.0,0.0,0.0,0.0,0.0,0.0,0.0,0.0,0.0,0.0,0.0,0.0,0.0,0.0,0.0,0.0,0.0,0.0,0.0,0.0,0.0,0.0,0.0,0.0,0.0,0.0,0.0,47.0,47.0,...
1763031534,882628717,laser,-3.1241390705108643,3.1415927410125732,0.0034828970674425364,5.3850799304200336e-05,0.09687758982181549,0.15000000596046448,16.0,inf,inf,inf,inf,inf,inf,inf,13.911999702453613,13.911999702453613,13.911999702453613,13.911999702453613,13.911999702453613,13.928000450134277,13.928000450134277,13.928000450134277,13.935999870300293,13.935999870300293,13.928000450134277,13.928000450134277,13.904000282287598,13.880000114440918,13.880000114440918,13.904000282287598,13.928000450134277,13.928000450134277,inf,inf,10.496000289916992,10.496000289916992,10.496000289916992,10.496000289916992,10.496000289916992,inf,inf,inf,inf,inf,inf,inf,inf,inf,inf,inf,inf,inf,inf,inf,inf,4.104000091552734,4.104000091552734,4.104000091552734,4.104000091552734,4.104000091552734,4.0,4.0,4.0,3.7880001068115234,3.7880001068115234,3.7880001068115234,3.740000009536743,3.740000009536743,3.74399995803833,3.74399995803833,3.74399995803833,3.74399995803833,3.74399995803833,2.927999973297119,2.927999973297119,2.927999973297119,2.927999973297119,2.871999979019165,2.799999952316284,2.7239999771118164,2.6679999828338623,2.615999937057495,2.552000045776367,2.496000051498413,2.4600000381469727,2.4600000381469727,2.364000082015991,2.364000082015991,2.319999933242798,2.2960000038146973,2.180000066757202,2.180000066757202,2.1679999828338623,2.140000104904175,2.111999988555908,2.0799999237060547,2.0799999237060547,2.0480000972747803,2.0339999198913574,2.0179998874664307,2.002000093460083,1.9900000095367432,1.9639999866485596,1.944000005722046,1.9199999570846558,1.9199999570846558,1.8940000534057617,1.8700000047683716,1.843999981880188,1.815999984741211,1.7920000553131104,1.7699999809265137,1.746000051498413,1.7280000448226929,1.7100000381469727,1.7100000381469727,1.684000015258789,1.6619999408721924,1.6419999599456787,1.5140000581741333,1.5099999904632568,1.5099999904632568,1.496000051498413,1.4819999933242798,1.4759999513626099,1.4759999513626099,1.434000015258789,1.434000015258789,1.434000015258789,1.434000015258789,1.4119999408721924,1.4119999408721924,1.4119999408721924,1.4019999504089355,1.4019999504089355,...,0.0,0.0,0.0,0.0,0.0,0.0,0.0,0.0,0.0,0.0,0.0,0.0,0.0,0.0,0.0,0.0,0.0,0.0,0.0,0.0,47.0,47.0,47.0,47.0,47.0,0.0,0.0,0.0,0.0,0.0,0.0,0.0,0.0,0.0,0.0,0.0,0.0,0.0,0.0,0.0,0.0,0.0,0.0,0.0,0.0,0.0,0.0,0.0,0.0,0.0,0.0,0.0,0.0,0.0,0.0,0.0,0.0,0.0,0.0,0.0,0.0,0.0,0.0,0.0,0.0,0.0,0.0,0.0,0.0,0.0,0.0,0.0,0.0,0.0,0.0,0.0,0.0,0.0,0.0,0.0,0.0,0.0,0.0,0.0,0.0,0.0,0.0,0.0,0.0,0.0,0.0,47.0,47.0,47.0,47.0,47.0,0.0,0.0,0.0,0.0,0.0,0.0,0.0,0.0,0.0,0.0,0.0,0.0,0.0,0.0,0.0,0.0,0.0,0.0,0.0,0.0,0.0,0.0,0.0,0.0,0.0,0.0,0.0,47.0,47.0,47.0,47.0,47.0,...
1763031534,980662213,laser,-3.1241390705108643,3.1415927410125732,0.0034828970674425364,5.3959931392455474e-05,0.09707391262054443,0.15000000596046448,16.0,inf,inf,inf,inf,inf,inf,inf,13.904000282287598,13.904000282287598,13.904000282287598,13.904000282287598,13.904000282287598,13.904000282287598,13.904000282287598,13.904000282287598,13.911999702453613,13.920000076293945,13.928000450134277,13.904000282287598,13.887999534606934,13.887999534606934,13.895999908447266,13.904000282287598,13.920000076293945,inf,inf,inf,inf,10.359999656677246,10.359999656677246,10.359999656677246,10.359999656677246,10.359999656677246,inf,inf,inf,inf,inf,inf,inf,inf,inf,inf,inf,inf,inf,inf,inf,inf,inf,inf,inf,inf,3.7839999198913574,3.7839999198913574,3.7839999198913574,3.7839999198913574,3.7839999198913574,3.7360000610351562,3.7360000610351562,3.7320001125335693,3.740000009536743,3.747999906539917,3.752000093460083,3.752000093460083,3.752000093460083,2.9000000953674316,2.9000000953674316,2.8440001010894775,2.8440001010894775,2.8440001010894775,2.7839999198913574,2.7279999256134033,2.6679999828338623,2.615999937057495,2.555999994277954,2.555999994277954,2.492000102996826,2.4519999027252197,2.4079999923706055,2.359999895095825,2.308000087738037,2.2839999198913574,2.196000099182129,2.1679999828338623,2.1679999828338623,2.128000020980835,2.128000020980835,2.0880000591278076,2.065999984741211,2.0360000133514404,2.002000093460083,1.9800000190734863,1.9559999704360962,1.9320000410079956,1.9160000085830688,1.9160000085830688,1.9040000438690186,1.8919999599456787,1.871999979019165,1.8539999723434448,1.8320000171661377,1.812000036239624,1.7920000553131104,1.7699999809265137,1.7699999809265137,1.7200000286102295,1.7200000286102295,1.7020000219345093,1.684000015258789,1.6619999408721924,1.6380000114440918,1.5219999551773071,1.5219999551773071,1.503999948501587,1.4900000095367432,1.4780000448226929,1.4780000448226929,inf,inf,inf,inf,inf,1.399999976158142,1.399999976158142,1.399999976158142,1.399999976158142,1.399999976158142,...,0.0,0.0,0.0,0.0,0.0,0.0,0.0,0.0,0.0,0.0,0.0,0.0,0.0,0.0,0.0,0.0,0.0,0.0,0.0,0.0,0.0,0.0,0.0,0.0,0.0,0.0,0.0,0.0,0.0,0.0,0.0,0.0,0.0,0.0,0.0,0.0,0.0,0.0,0.0,0.0,0.0,0.0,0.0,0.0,0.0,0.0,0.0,0.0,0.0,0.0,0.0,0.0,0.0,0.0,0.0,0.0,0.0,0.0,0.0,0.0,0.0,0.0,0.0,0.0,0.0,0.0,0.0,0.0,0.0,47.0,47.0,47.0,47.0,47.0,0.0,0.0,0.0,0.0,0.0,0.0,0.0,0.0,0.0,0.0,0.0,0.0,0.0,0.0,0.0,0.0,0.0,0.0,0.0,0.0,0.0,0.0,0.0,0.0,0.0,0.0,0.0,0.0,0.0,0.0,0.0,0.0,0.0,0.0,0.0,0.0,0.0,0.0,0.0,0.0,0.0,0.0,0.0,0.0,0.0,0.0,0.0,0.0,0.0,0.0,0.0,0.0,0.0,0.0,...
1763031535,79232431,laser,-3.1241390705108643,3.1415927410125732,0.0034828970674425364,5.380608490668237e-05,0.0967971533536911,0.15000000596046448,16.0,inf,inf,inf,inf,inf,inf,inf,inf,inf,13.911999702453613,13.911999702453613,13.911999702453613,13.911999702453613,13.911999702453613,13.920000076293945,13.920000076293945,13.911999702453613,13.847999572753906,13.847999572753906,13.831999778747559,13.880000114440918,13.880000114440918,13.887999534606934,13.911999702453613,inf,inf,inf,inf,inf,inf,inf,inf,inf,inf,inf,inf,inf,inf,inf,inf,inf,inf,inf,inf,inf,inf,inf,inf,inf,inf,inf,3.8559999465942383,3.8559999465942383,3.8559999465942383,3.8559999465942383,3.8559999465942383,3.7839999198913574,3.7839999198913574,3.7839999198913574,3.740000009536743,3.740000009536743,3.74399995803833,3.74399995803833,3.74399995803833,3.74399995803833,3.74399995803833,2.9040000438690186,2.9040000438690186,2.9040000438690186,2.9040000438690186,2.8440001010894775,2.7839999198913574,2.7239999771118164,2.6679999828338623,2.615999937057495,2.555999994277954,2.51200008392334,2.51200008392334,2.3959999084472656,2.3959999084472656,2.359999895095825,2.319999933242798,2.2960000038146973,2.1760001182556152,2.1760001182556152,2.1760001182556152,2.135999917984009,2.135999917984009,2.0999999046325684,2.063999891281128,2.0320000648498535,1.99399995803833,1.9639999866485596,1.940000057220459,1.909999966621399,1.8799999952316284,1.8539999723434448,1.8300000429153442,1.8300000429153442,1.805999994277954,1.7940000295639038,1.7879999876022339,1.784000039100647,1.7760000228881836,1.7619999647140503,1.7619999647140503,1.7259999513626099,1.7259999513626099,1.7079999446868896,1.684000015258789,1.6619999408721924,1.6419999599456787,1.5219999551773071,1.5080000162124634,1.5080000162124634,1.49399995803833,1.4819999933242798,1.468000054359436,1.468000054359436,1.468000054359436,1.437999963760376,1.437999963760376,1.437999963760376,1.4160000085830688,1.4160000085830688,1.4160000085830688,1.4160000085830688,1.3980000019073486,...,0.0,0.0,0.0,0.0,0.0,0.0,0.0,0.0,0.0,0.0,0.0,0.0,0.0,0.0,0.0,0.0,0.0,0.0,0.0,0.0,0.0,0.0,0.0,0.0,0.0,0.0,0.0,0.0,0.0,0.0,0.0,0.0,0.0,0.0,0.0,0.0,0.0,0.0,0.0,0.0,0.0,0.0,0.0,0.0,0.0,0.0,0.0,0.0,0.0,0.0,0.0,0.0,0.0,0.0,0.0,0.0,0.0,0.0,0.0,0.0,0.0,0.0,0.0,0.0,0.0,0.0,0.0,0.0,0.0,0.0,0.0,0.0,0.0,0.0,0.0,0.0,0.0,0.0,0.0,0.0,0.0,0.0,0.0,0.0,0.0,0.0,0.0,0.0,0.0,0.0,0.0,0.0,0.0,0.0,0.0,0.0,0.0,0.0,0.0,0.0,0.0,0.0,0.0,0.0,0.0,0.0,0.0,0.0,0.0,0.0,0.0,0.0,0.0,0.0,0.0,0.0,0.0,0.0,0.0,0.0,0.0,0.0,0.0,0.0,0.0,0.0,0.0,0.0,...
1763031535,177479589,laser,-3.1241390705108643,3.1415927410125732,0.0034828970674425364,5.384864562074654e-05,0.0968737080693245,0.15000000596046448,16.0,inf,inf,inf,inf,inf,inf,inf,inf,13.920000076293945,13.920000076293945,13.920000076293945,13.920000076293945,13.920000076293945,13.904000282287598,13.904000282287598,13.904000282287598,13.920000076293945,13.928000450134277,13.911999702453613,13.911999702453613,13.880000114440918,13.880000114440918,13.895999908447266,13.911999702453613,inf,inf,inf,inf,inf,inf,inf,inf,inf,inf,inf,inf,inf,inf,inf,inf,inf,inf,inf,inf,inf,inf,inf,inf,inf,inf,inf,inf,inf,3.75600004196167,3.75600004196167,3.75600004196167,3.75600004196167,3.75600004196167,3.740000009536743,3.740000009536743,3.7320001125335693,3.740000009536743,3.740000009536743,3.74399995803833,3.747999906539917,3.752000093460083,2.9040000438690186,2.9040000438690186,2.8399999141693115,2.8399999141693115,2.8399999141693115,2.7799999713897705,2.7119998931884766,2.6480000019073486,2.6040000915527344,2.6040000915527344,2.552000045776367,2.492000102996826,2.444000005722046,2.384000062942505,2.3440001010894775,2.303999900817871,2.2760000228881836,2.2760000228881836,2.252000093460083,2.200000047683716,2.1559998989105225,2.1040000915527344,2.0799999237060547,2.062000036239624,2.0299999713897705,2.0,1.9739999771118164,1.940000057220459,1.940000057220459,1.9179999828338623,1.9079999923706055,1.9019999504089355,1.8899999856948853,1.871999979019165,1.8539999723434448,1.8339999914169312,1.809999942779541,1.809999942779541,1.784000039100647,1.7619999647140503,1.7419999837875366,1.718000054359436,1.7000000476837158,1.684000015258789,1.6579999923706055,1.5099999904632568,1.5099999904632568,1.5099999904632568,1.5019999742507935,1.5019999742507935,1.4880000352859497,1.4759999513626099,inf,inf,inf,inf,inf,1.4040000438690186,1.4040000438690186,1.4040000438690186,1.4040000438690186,1.4040000438690186,...,0.0,0.0,0.0,0.0,0.0,0.0,0.0,0.0,0.0,0.0,0.0,0.0,0.0,0.0,0.0,0.0,0.0,0.0,0.0,0.0,0.0,0.0,0.0,0.0,0.0,0.0,0.0,0.0,0.0,0.0,0.0,0.0,0.0,0.0,0.0,0.0,0.0,0.0,0.0,0.0,0.0,0.0,0.0,0.0,0.0,0.0,0.0,0.0,0.0,0.0,0.0,0.0,0.0,0.0,0.0,0.0,0.0,0.0,0.0,0.0,0.0,0.0,0.0,0.0,0.0,0.0,0.0,0.0,0.0,47.0,47.0,47.0,47.0,47.0,0.0,0.0,0.0,0.0,0.0,0.0,0.0,0.0,0.0,0.0,0.0,0.0,0.0,0.0,0.0,0.0,0.0,0.0,0.0,0.0,0.0,0.0,0.0,0.0,0.0,0.0,0.0,0.0,0.0,0.0,0.0,0.0,0.0,0.0,0.0,0.0,0.0,0.0,0.0,0.0,0.0,0.0,0.0,0.0,0.0,0.0,0.0,0.0,0.0,0.0,0.0,0.0,0.0,0.0,...
1763031535,275688715,laser,-3.1241390705108643,3.1415927410125732,0.0034828970674425364,5.722966670873575e-05,0.10295616835355759,0.15000000596046448,16.0,inf,inf,inf,inf,inf,inf,inf,inf,inf,13.920000076293945,13.920000076293945,13.920000076293945,13.920000076293945,13.920000076293945,13.928000450134277,13.920000076293945,13.920000076293945,13.920000076293945,13.920000076293945,13.895999908447266,13.887999534606934,13.887999534606934,13.895999908447266,13.911999702453613,13.911999702453613,inf,10.48799991607666,10.48799991607666,10.48799991607666,10.48799991607666,10.48799991607666,inf,inf,inf,inf,inf,inf,inf,inf,inf,inf,inf,inf,inf,inf,inf,inf,inf,inf,inf,3.875999927520752,3.875999927520752,3.875999927520752,3.875999927520752,3.875999927520752,3.7839999198913574,3.7839999198913574,3.7839999198913574,3.7839999198913574,3.740000009536743,3.740000009536743,3.747999906539917,3.747999906539917,3.74399995803833,3.74399995803833,3.747999906539917,2.927999973297119,2.927999973297119,2.927999973297119,2.864000082015991,2.864000082015991,2.7920000553131104,2.7239999771118164,2.6640000343322754,2.6080000400543213,2.555999994277954,2.555999994277954,2.5,2.4600000381469727,2.4079999923706055,2.359999895095825,2.315999984741211,2.2880001068115234,2.1760001182556152,2.1760001182556152,2.171999931335449,2.135999917984009,2.135999917984009,2.111999988555908,2.0759999752044678,2.052000045776367,2.0399999618530273,2.0179998874664307,2.003999948501587,1.9900000095367432,1.965999960899353,1.965999960899353,1.9420000314712524,1.9220000505447388,1.8960000276565552,1.8700000047683716,1.843999981880188,1.8179999589920044,1.7940000295639038,1.7699999809265137,1.7699999809265137,1.7280000448226929,1.7280000448226929,1.7079999446868896,1.684000015258789,1.6619999408721924,1.6399999856948853,1.5140000581741333,1.5140000581741333,1.5080000162124634,1.496000051498413,1.4839999675750732,1.4839999675750732,1.4639999866485596,inf,1.4320000410079956,1.4320000410079956,1.4320000410079956,1.4320000410079956,1.4320000410079956,1.409999966621399,1.409999966621399,1.409999966621399,...,0.0,0.0,0.0,0.0,0.0,0.0,0.0,0.0,0.0,0.0,0.0,0.0,0.0,0.0,0.0,0.0,0.0,0.0,47.0,47.0,47.0,47.0,47.0,0.0,0.0,0.0,0.0,0.0,0.0,0.0,0.0,0.0,0.0,0.0,0.0,0.0,0.0,0.0,0.0,0.0,0.0,0.0,0.0,0.0,0.0,0.0,0.0,0.0,0.0,0.0,0.0,0.0,0.0,0.0,0.0,0.0,0.0,0.0,0.0,0.0,0.0,0.0,0.0,0.0,0.0,0.0,0.0,0.0,0.0,0.0,0.0,0.0,0.0,0.0,0.0,0.0,0.0,0.0,0.0,0.0,0.0,0.0,0.0,0.0,0.0,0.0,0.0,0.0,0.0,0.0,0.0,0.0,0.0,0.0,0.0,0.0,0.0,0.0,0.0,0.0,0.0,0.0,0.0,0.0,0.0,0.0,0.0,0.0,0.0,0.0,0.0,0.0,0.0,0.0,0.0,0.0,0.0,0.0,0.0,0.0,0.0,0.0,0.0,0.0,0.0,0.0,0.0,0.0,...
1763031535,380070829,laser,-3.1241390705108643,3.1415927410125732,0.0034828970674425364,5.383609459386207e-05,0.09685114026069641,0.15000000596046448,16.0,inf,inf,inf,inf,inf,inf,inf,inf,inf,inf,13.904000282287598,13.904000282287598,13.904000282287598,13.904000282287598,13.904000282287598,13.904000282287598,13.928000450134277,13.928000450134277,13.920000076293945,13.920000076293945,13.904000282287598,13.895999908447266,13.880000114440918,13.895999908447266,inf,inf,inf,10.368000030517578,10.368000030517578,10.368000030517578,10.368000030517578,10.368000030517578,inf,inf,inf,inf,inf,inf,inf,inf,inf,inf,inf,inf,inf,inf,inf,inf,inf,inf,inf,inf,inf,inf,3.759999990463257,3.759999990463257,3.759999990463257,3.759999990463257,3.759999990463257,3.740000009536743,3.7320001125335693,3.740000009536743,3.740000009536743,3.747999906539917,3.747999906539917,3.752000093460083,2.888000011444092,2.888000011444092,2.888000011444092,2.8359999656677246,2.8359999656677246,2.7760000228881836,2.7200000286102295,2.6519999504089355,2.6040000915527344,2.6040000915527344,2.555999994277954,2.496000051498413,2.444000005722046,2.3919999599456787,2.3519999980926514,2.303999900817871,2.2799999713897705,2.2799999713897705,2.25600004196167,2.2039999961853027,2.1600000858306885,2.115999937057495,2.0920000076293945,2.052000045776367,2.0160000324249268,1.9880000352859497,1.965999960899353,1.9320000410079956,1.9320000410079956,1.899999976158142,1.8760000467300415,1.8619999885559082,1.8420000076293945,1.8179999589920044,1.812000036239624,1.805999994277954,1.7960000038146973,1.7960000038146973,1.781999945640564,1.7580000162124634,1.7359999418258667,1.715999960899353,1.6979999542236328,1.6779999732971191,1.6579999923706055,1.6360000371932983,1.5119999647140503,1.5119999647140503,1.5,1.5,1.4859999418258667,1.4739999771118164,inf,inf,inf,1.406000018119812,1.406000018119812,1.406000018119812,1.406000018119812,1.406000018119812,1.3940000534057617,1.3940000534057617,...,0.0,0.0,0.0,0.0,0.0,0.0,0.0,0.0,0.0,0.0,0.0,0.0,0.0,0.0,0.0,0.0,0.0,0.0,0.0,0.0,0.0,0.0,0.0,0.0,0.0,0.0,0.0,0.0,0.0,0.0,0.0,0.0,0.0,0.0,0.0,0.0,0.0,0.0,0.0,0.0,0.0,0.0,0.0,0.0,0.0,0.0,0.0,0.0,0.0,0.0,0.0,0.0,0.0,0.0,0.0,0.0,0.0,0.0,0.0,0.0,0.0,0.0,0.0,0.0,0.0,0.0,0.0,0.0,0.0,0.0,0.0,0.0,0.0,0.0,0.0,0.0,0.0,0.0,0.0,0.0,0.0,0.0,0.0,0.0,0.0,0.0,0.0,0.0,0.0,0.0,0.0,0.0,0.0,0.0,0.0,0.0,0.0,0.0,0.0,0.0,0.0,0.0,0.0,0.0,0.0,0.0,0.0,0.0,0.0,0.0,0.0,0.0,0.0,0.0,0.0,0.0,0.0,0.0,0.0,0.0,0.0,0.0,0.0,0.0,47.0,47.0,47.0,47.0,...
1763031535,478509976,laser,-3.1241390705108643,3.1415927410125732,0.0034828970674425364,5.3731404477730393e-05,0.09666279703378677,0.15000000596046448,16.0,inf,inf,inf,inf,inf,inf,inf,13.920000076293945,13.920000076293945,13.920000076293945,13.920000076293945,13.920000076293945,13.928000450134277,13.928000450134277,13.928000450134277,13.935999870300293,13.935999870300293,13.911999702453613,13.911999702453613,13.904000282287598,13.904000282287598,13.895999908447266,13.887999534606934,13.904000282287598,inf,inf,inf,inf,inf,inf,inf,inf,inf,inf,inf,inf,inf,inf,inf,inf,inf,inf,inf,inf,inf,inf,inf,inf,inf,inf,inf,3.7639999389648438,3.7639999389648438,3.7639999389648438,3.7639999389648438,3.7639999389648438,3.740000009536743,3.740000009536743,3.740000009536743,3.740000009536743,3.7320001125335693,3.740000009536743,3.74399995803833,3.74399995803833,3.747999906539917,3.747999906539917,2.9079999923706055,2.9079999923706055,2.9079999923706055,2.9079999923706055,2.8359999656677246,2.7799999713897705,2.7239999771118164,2.6679999828338623,2.615999937057495,2.555999994277954,2.5,2.5,2.4000000953674316,2.4000000953674316,2.364000082015991,2.315999984741211,2.2920000553131104,2.184000015258789,2.184000015258789,2.1600000858306885,2.119999885559082,2.0920000076293945,2.0920000076293945,2.055999994277954,2.0160000324249268,1.9900000095367432,1.965999960899353,1.940000057220459,1.906000018119812,1.8799999952316284,1.8660000562667847,1.8519999980926514,1.8519999980926514,1.840000033378601,1.840000033378601,1.8279999494552612,1.809999942779541,1.7879999876022339,1.7640000581741333,1.7640000581741333,1.74399995803833,1.7239999771118164,1.7059999704360962,1.6820000410079956,1.6619999408721924,1.6399999856948853,1.5219999551773071,1.503999948501587,1.503999948501587,1.4880000352859497,1.4759999513626099,1.4759999513626099,inf,inf,inf,inf,1.406000018119812,1.406000018119812,1.406000018119812,1.406000018119812,1.406000018119812,1.3980000019073486,...,0.0,0.0,0.0,0.0,0.0,0.0,0.0,0.0,0.0,0.0,0.0,0.0,0.0,0.0,0.0,0.0,0.0,0.0,0.0,0.0,0.0,0.0,0.0,0.0,0.0,0.0,0.0,0.0,0.0,0.0,0.0,0.0,0.0,0.0,0.0,0.0,0.0,0.0,0.0,0.0,0.0,0.0,0.0,0.0,0.0,0.0,0.0,0.0,0.0,0.0,0.0,0.0,0.0,0.0,0.0,0.0,0.0,0.0,0.0,0.0,0.0,0.0,0.0,0.0,0.0,0.0,0.0,0.0,0.0,0.0,0.0,0.0,0.0,0.0,0.0,0.0,0.0,0.0,0.0,0.0,0.0,0.0,0.0,0.0,0.0,0.0,0.0,0.0,0.0,0.0,0.0,0.0,0.0,0.0,0.0,0.0,0.0,0.0,0.0,0.0,0.0,0.0,0.0,0.0,0.0,0.0,0.0,0.0,0.0,0.0,0.0,0.0,0.0,0.0,0.0,0.0,0.0,0.0,0.0,0.0,0.0,0.0,0.0,0.0,0.0,0.0,0.0,0.0,...
1763031535,576777001,laser,-3.1241390705108643,3.1415927410125732,0.0034828970674425364,5.3755869885208085e-05,0.0967068076133728,0.15000000596046448,16.0,inf,inf,inf,inf,inf,inf,inf,inf,13.911999702453613,13.911999702453613,13.911999702453613,13.911999702453613,13.911999702453613,13.920000076293945,13.920000076293945,13.935999870300293,13.944000244140625,13.920000076293945,13.911999702453613,13.911999702453613,13.904000282287598,13.887999534606934,13.887999534606934,13.911999702453613,inf,inf,inf,inf,10.303999900817871,10.303999900817871,10.303999900817871,10.303999900817871,10.303999900817871,inf,inf,inf,inf,inf,inf,inf,inf,inf,inf,inf,inf,inf,inf,inf,inf,inf,inf,inf,inf,3.7639999389648438,3.7639999389648438,3.7639999389648438,3.7639999389648438,3.7639999389648438,3.74399995803833,3.74399995803833,3.7360000610351562,3.740000009536743,3.74399995803833,3.74399995803833,3.752000093460083,3.752000093460083,2.8919999599456787,2.8919999599456787,2.8359999656677246,2.8359999656677246,2.8359999656677246,2.7679998874664307,2.7079999446868896,2.6600000858306885,2.5999999046325684,2.5999999046325684,2.5320000648498535,2.4800000190734863,2.431999921798706,2.380000114440918,2.3399999141693115,2.299999952316284,2.2679998874664307,2.24399995803833,2.24399995803833,2.1600000858306885,2.1600000858306885,2.119999885559082,2.0880000591278076,2.063999891281128,2.0280001163482666,2.0179998874664307,2.0199999809265137,2.002000093460083,1.9819999933242798,1.9819999933242798,1.9639999866485596,1.940000057220459,1.9140000343322754,1.8880000114440918,1.8559999465942383,1.8279999494552612,1.805999994277954,1.784000039100647,1.784000039100647,1.7640000581741333,1.7419999837875366,1.718000054359436,1.6979999542236328,1.6799999475479126,1.6579999923706055,1.534000039100647,1.534000039100647,1.5140000581741333,1.503999948501587,1.503999948501587,1.4880000352859497,1.4800000190734863,1.4780000448226929,1.4739999771118164,inf,inf,inf,1.406000018119812,1.406000018119812,1.406000018119812,1.406000018119812,1.406000018119812,...,0.0,0.0,0.0,0.0,0.0,0.0,0.0,0.0,0.0,0.0,0.0,0.0,0.0,0.0,0.0,0.0,0.0,0.0,0.0,0.0,0.0,0.0,0.0,0.0,0.0,0.0,0.0,0.0,0.0,0.0,0.0,0.0,0.0,0.0,0.0,0.0,0.0,0.0,0.0,0.0,0.0,0.0,0.0,0.0,0.0,0.0,0.0,0.0,0.0,0.0,0.0,0.0,0.0,0.0,0.0,0.0,0.0,0.0,0.0,0.0,0.0,0.0,0.0,0.0,0.0,0.0,0.0,0.0,0.0,0.0,0.0,0.0,0.0,0.0,0.0,0.0,0.0,0.0,0.0,0.0,0.0,0.0,0.0,0.0,0.0,0.0,0.0,0.0,0.0,0.0,0.0,0.0,0.0,0.0,0.0,0.0,0.0,0.0,0.0,0.0,0.0,0.0,0.0,0.0,0.0,0.0,0.0,0.0,0.0,0.0,0.0,0.0,0.0,0.0,0.0,0.0,0.0,0.0,0.0,0.0,0.0,0.0,0.0,0.0,0.0,0.0,0.0,0.0,...
1763031535,675104056,laser,-3.1241390705108643,3.1415927410125732,0.0034828970674425364,5.371000952436589e-05,0.09662430733442307,0.15000000596046448,16.0,inf,inf,inf,inf,inf,inf,inf,inf,inf,13.895999908447266,13.895999908447266,13.895999908447266,13.895999908447266,13.895999908447266,13.911999702453613,13.944000244140625,13.95199966430664,13.920000076293945,13.920000076293945,13.895999908447266,13.895999908447266,13.887999534606934,13.887999534606934,13.911999702453613,inf,inf,10.48799991607666,10.48799991607666,10.48799991607666,10.48799991607666,10.48799991607666,inf,inf,inf,inf,inf,inf,inf,inf,inf,inf,inf,inf,inf,inf,inf,inf,inf,inf,inf,inf,inf,3.7639999389648438,3.7639999389648438,3.7639999389648438,3.7639999389648438,3.7639999389648438,3.7360000610351562,3.7360000610351562,3.7360000610351562,3.7320001125335693,3.740000009536743,3.747999906539917,3.747999906539917,3.752000093460083,3.752000093460083,2.8919999599456787,2.8919999599456787,2.8919999599456787,2.8919999599456787,2.8320000171661377,2.7760000228881836,2.7160000801086426,2.6600000858306885,2.611999988555908,2.611999988555908,2.552000045776367,2.4839999675750732,2.436000108718872,2.388000011444092,2.3480000495910645,2.299999952316284,2.2679998874664307,2.247999906539917,2.247999906539917,2.1600000858306885,2.1600000858306885,2.119999885559082,2.0880000591278076,2.059999942779541,2.0280001163482666,1.9980000257492065,1.9739999771118164,1.944000005722046,1.9179999828338623,1.9179999828338623,1.9040000438690186,1.8940000534057617,1.8799999952316284,1.8600000143051147,1.8459999561309814,1.8279999494552612,1.805999994277954,1.784000039100647,1.784000039100647,1.7619999647140503,1.7400000095367432,1.718000054359436,1.6979999542236328,1.6779999732971191,1.6579999923706055,1.628000020980835,1.5119999647140503,1.4980000257492065,1.4980000257492065,1.4980000257492065,1.4859999418258667,1.4759999513626099,inf,inf,inf,inf,1.406000018119812,1.406000018119812,1.406000018119812,1.406000018119812,1.406000018119812,1.3940000534057617,...,0.0,0.0,0.0,0.0,0.0,0.0,0.0,0.0,0.0,0.0,0.0,0.0,0.0,0.0,0.0,0.0,0.0,0.0,47.0,47.0,47.0,47.0,47.0,0.0,0.0,0.0,0.0,0.0,0.0,0.0,0.0,0.0,0.0,0.0,0.0,0.0,0.0,0.0,0.0,0.0,0.0,0.0,0.0,0.0,0.0,0.0,0.0,0.0,0.0,0.0,0.0,0.0,0.0,0.0,0.0,0.0,0.0,0.0,0.0,0.0,0.0,0.0,0.0,0.0,0.0,0.0,0.0,0.0,0.0,0.0,0.0,0.0,0.0,0.0,0.0,0.0,0.0,0.0,0.0,0.0,0.0,0.0,0.0,0.0,0.0,0.0,0.0,0.0,0.0,0.0,0.0,0.0,0.0,0.0,0.0,0.0,0.0,0.0,0.0,0.0,0.0,0.0,0.0,0.0,0.0,0.0,47.0,47.0,47.0,47.0,47.0,0.0,0.0,0.0,0.0,0.0,0.0,0.0,0.0,0.0,0.0,0.0,0.0,0.0,0.0,0.0,0.0,0.0,...
1763031535,773110880,laser,-3.1241390705108643,3.1415927410125732,0.0034828970674425364,5.378254718380049e-05,0.09675480425357819,0.15000000596046448,16.0,inf,inf,inf,inf,inf,inf,inf,inf,13.911999702453613,13.911999702453613,13.911999702453613,13.911999702453613,13.911999702453613,13.935999870300293,13.935999870300293,13.944000244140625,13.944000244140625,13.911999702453613,13.904000282287598,13.904000282287598,13.904000282287598,13.895999908447266,13.895999908447266,13.911999702453613,inf,inf,inf,inf,inf,inf,inf,inf,inf,inf,inf,inf,inf,inf,inf,inf,inf,inf,inf,inf,inf,inf,inf,inf,inf,inf,inf,3.7839999198913574,3.7839999198913574,3.7839999198913574,3.7839999198913574,3.7839999198913574,3.740000009536743,3.740000009536743,3.740000009536743,3.740000009536743,3.740000009536743,3.740000009536743,3.740000009536743,3.74399995803833,3.747999906539917,3.747999906539917,3.747999906539917,2.927999973297119,2.927999973297119,2.868000030517578,2.868000030517578,2.808000087738037,2.7360000610351562,2.687999963760376,2.563999891281128,2.563999891281128,2.5199999809265137,2.4719998836517334,2.4119999408721924,2.368000030517578,2.368000030517578,2.3239998817443848,2.2880001068115234,2.200000047683716,2.200000047683716,2.191999912261963,2.1440000534057617,2.1040000915527344,2.068000078201294,2.068000078201294,1.99399995803833,1.99399995803833,1.968000054359436,1.9420000314712524,1.909999966621399,1.8819999694824219,1.8580000400543213,1.8359999656677246,1.8140000104904175,1.7960000038146973,1.7960000038146973,1.7920000553131104,1.7879999876022339,1.777999997138977,1.7619999647140503,1.74399995803833,1.7259999513626099,1.7120000123977661,1.6920000314712524,1.6920000314712524,1.6640000343322754,1.6440000534057617,1.5080000162124634,1.49399995803833,1.49399995803833,1.49399995803833,1.4780000448226929,1.465999960899353,1.4299999475479126,1.4299999475479126,1.4299999475479126,1.4299999475479126,1.4299999475479126,1.4019999504089355,1.4019999504089355,1.4019999504089355,1.3860000371932983,1.3860000371932983,...,0.0,0.0,0.0,0.0,0.0,0.0,0.0,0.0,0.0,0.0,0.0,0.0,0.0,0.0,0.0,0.0,0.0,0.0,0.0,0.0,0.0,0.0,0.0,0.0,0.0,0.0,0.0,0.0,0.0,0.0,0.0,0.0,0.0,0.0,0.0,0.0,0.0,0.0,0.0,0.0,0.0,0.0,0.0,0.0,0.0,0.0,0.0,0.0,0.0,0.0,0.0,0.0,0.0,0.0,0.0,0.0,0.0,0.0,0.0,0.0,0.0,0.0,0.0,0.0,0.0,0.0,0.0,0.0,0.0,47.0,47.0,47.0,47.0,47.0,0.0,0.0,0.0,0.0,0.0,0.0,0.0,0.0,0.0,0.0,0.0,0.0,0.0,0.0,0.0,0.0,0.0,0.0,0.0,0.0,0.0,0.0,0.0,0.0,0.0,0.0,0.0,0.0,0.0,0.0,0.0,0.0,0.0,0.0,0.0,0.0,0.0,0.0,0.0,0.0,0.0,0.0,0.0,0.0,0.0,0.0,0.0,0.0,0.0,0.0,0.0,0.0,0.0,0.0,...
1763031535,871264973,laser,-3.1241390705108643,3.1415927410125732,0.0034828970674425364,5.390596197685227e-05,0.09697682410478592,0.15000000596046448,16.0,inf,inf,inf,inf,inf,inf,inf,13.904000282287598,13.904000282287598,13.904000282287598,13.904000282287598,13.904000282287598,13.911999702453613,13.911999702453613,13.911999702453613,13.911999702453613,13.944000244140625,13.920000076293945,13.904000282287598,13.895999908447266,13.895999908447266,13.895999908447266,13.895999908447266,13.911999702453613,inf,inf,inf,inf,inf,inf,inf,inf,inf,inf,inf,inf,inf,inf,inf,inf,inf,inf,inf,inf,inf,inf,inf,inf,inf,inf,inf,inf,3.7639999389648438,3.7639999389648438,3.7639999389648438,3.7639999389648438,3.7639999389648438,3.747999906539917,3.747999906539917,3.747999906539917,3.740000009536743,3.740000009536743,3.740000009536743,3.74399995803833,3.747999906539917,3.747999906539917,2.871999979019165,2.871999979019165,2.871999979019165,2.871999979019165,2.819999933242798,2.7639999389648438,2.7639999389648438,2.6559998989105225,2.6559998989105225,2.5999999046325684,2.5399999618530273,2.4839999675750732,2.444000005722046,2.3359999656677246,2.2960000038146973,2.2960000038146973,2.252000093460083,2.252000093460083,2.2320001125335693,2.200000047683716,2.1519999504089355,2.1040000915527344,2.072000026702881,2.052000045776367,2.0239999294281006,1.9980000257492065,1.9759999513626099,1.9759999513626099,1.9539999961853027,1.944000005722046,1.9359999895095825,1.9240000247955322,1.9040000438690186,1.878000020980835,1.8539999723434448,1.8320000171661377,1.8320000171661377,1.8040000200271606,1.781999945640564,1.7580000162124634,1.7359999418258667,1.715999960899353,1.6959999799728394,1.6740000247955322,1.6540000438690186,1.6540000438690186,1.527999997138977,1.5080000162124634,1.5080000162124634,1.5019999742507935,1.4880000352859497,1.4759999513626099,inf,inf,inf,inf,1.4019999504089355,1.4019999504089355,1.4019999504089355,1.4019999504089355,1.4019999504089355,1.3919999599456787,...,0.0,0.0,0.0,0.0,0.0,0.0,0.0,0.0,0.0,0.0,0.0,0.0,0.0,0.0,0.0,0.0,0.0,0.0,0.0,0.0,0.0,0.0,0.0,0.0,0.0,0.0,0.0,0.0,0.0,0.0,0.0,0.0,0.0,0.0,0.0,0.0,0.0,0.0,0.0,0.0,0.0,0.0,0.0,0.0,0.0,0.0,0.0,0.0,0.0,0.0,0.0,0.0,0.0,0.0,0.0,0.0,0.0,0.0,0.0,0.0,0.0,0.0,0.0,0.0,0.0,0.0,0.0,0.0,0.0,0.0,0.0,0.0,0.0,0.0,0.0,0.0,0.0,0.0,0.0,0.0,0.0,0.0,0.0,0.0,0.0,0.0,0.0,0.0,0.0,0.0,0.0,47.0,47.0,47.0,47.0,47.0,0.0,0.0,0.0,0.0,0.0,0.0,0.0,0.0,0.0,0.0,0.0,0.0,0.0,0.0,0.0,0.0,0.0,0.0,0.0,0.0,0.0,0.0,0.0,0.0,0.0,0.0,0.0,0.0,0.0,0.0,0.0,0.0,...
1763031535,969679947,laser,-3.1241390705108643,3.1415927410125732,0.0034828970674425364,5.3815427236258984e-05,0.09681395441293716,0.15000000596046448,16.0,inf,inf,inf,inf,inf,inf,inf,inf,13.895999908447266,13.895999908447266,13.895999908447266,13.895999908447266,13.895999908447266,13.911999702453613,13.911999702453613,13.935999870300293,13.935999870300293,13.935999870300293,13.920000076293945,13.920000076293945,13.911999702453613,13.904000282287598,13.904000282287598,13.928000450134277,13.928000450134277,inf,inf,inf,inf,10.46399974822998,10.46399974822998,10.46399974822998,10.46399974822998,10.46399974822998,inf,inf,inf,inf,inf,inf,inf,inf,inf,inf,inf,inf,inf,inf,inf,inf,inf,inf,3.7639999389648438,3.7639999389648438,3.7639999389648438,3.7639999389648438,3.7639999389648438,3.7360000610351562,3.7360000610351562,3.7360000610351562,3.7320001125335693,3.740000009536743,3.740000009536743,3.747999906539917,3.747999906539917,3.747999906539917,2.8919999599456787,2.8919999599456787,2.8919999599456787,2.8919999599456787,2.8239998817443848,2.7679998874664307,2.7079999446868896,2.6559998989105225,2.611999988555908,2.611999988555908,2.552000045776367,2.4839999675750732,2.444000005722046,2.3959999084472656,2.3440001010894775,2.2960000038146973,2.2720000743865967,2.2720000743865967,2.247999906539917,2.200000047683716,2.1640000343322754,2.131999969482422,2.0999999046325684,2.059999942779541,2.0280001163482666,2.0199999809265137,2.009999990463257,1.9880000352859497,1.9880000352859497,1.9739999771118164,1.9559999704360962,1.9359999895095825,1.909999966621399,1.8860000371932983,1.8600000143051147,1.8359999656677246,1.812000036239624,1.812000036239624,1.7860000133514404,1.7599999904632568,1.7400000095367432,1.7200000286102295,1.6959999799728394,1.6820000410079956,1.6640000343322754,1.5099999904632568,1.5099999904632568,1.4980000257492065,1.4980000257492065,1.4980000257492065,1.4859999418258667,1.4759999513626099,inf,inf,inf,inf,1.4040000438690186,1.4040000438690186,1.4040000438690186,1.4040000438690186,1.4040000438690186,1.3940000534057617,...,0.0,0.0,0.0,0.0,0.0,0.0,0.0,0.0,0.0,0.0,0.0,0.0,0.0,0.0,0.0,0.0,0.0,0.0,0.0,47.0,47.0,47.0,47.0,47.0,0.0,0.0,0.0,0.0,0.0,0.0,0.0,0.0,0.0,0.0,0.0,0.0,0.0,0.0,0.0,0.0,0.0,0.0,0.0,0.0,0.0,0.0,0.0,0.0,0.0,0.0,0.0,0.0,0.0,0.0,0.0,0.0,0.0,0.0,0.0,0.0,0.0,0.0,0.0,0.0,0.0,0.0,0.0,0.0,0.0,0.0,0.0,0.0,0.0,0.0,0.0,0.0,0.0,0.0,0.0,0.0,0.0,0.0,0.0,0.0,0.0,0.0,0.0,0.0,0.0,0.0,47.0,47.0,47.0,47.0,47.0,0.0,0.0,0.0,0.0,0.0,0.0,0.0,0.0,0.0,0.0,0.0,0.0,47.0,47.0,47.0,47.0,47.0,0.0,0.0,0.0,0.0,0.0,0.0,0.0,0.0,0.0,0.0,0.0,0.0,0.0,0.0,0.0,0.0,...
1763031536,67968483,laser,-3.1241390705108643,3.1415927410125732,0.0034828970674425364,5.719346518162638e-05,0.10289104282855988,0.15000000596046448,16.0,inf,inf,inf,inf,inf,inf,inf,inf,13.904000282287598,13.904000282287598,13.904000282287598,13.904000282287598,13.904000282287598,13.935999870300293,13.935999870300293,13.935999870300293,13.935999870300293,13.935999870300293,13.928000450134277,13.920000076293945,13.904000282287598,13.895999908447266,13.904000282287598,13.920000076293945,13.920000076293945,inf,inf,inf,inf,inf,inf,inf,inf,inf,inf,inf,inf,inf,inf,inf,inf,inf,inf,inf,inf,inf,4.104000091552734,4.104000091552734,4.104000091552734,4.104000091552734,4.104000091552734,3.98799991607666,3.98799991607666,3.98799991607666,3.884000062942505,3.884000062942505,3.884000062942505,3.884000062942505,3.7880001068115234,3.740000009536743,3.740000009536743,3.74399995803833,3.74399995803833,3.74399995803833,3.74399995803833,3.74399995803833,3.747999906539917,2.9159998893737793,2.864000082015991,2.864000082015991,2.864000082015991,2.799999952316284,2.7239999771118164,2.6600000858306885,2.611999988555908,2.563999891281128,2.563999891281128,2.5199999809265137,2.3919999599456787,2.3919999599456787,2.3559999465942383,2.319999933242798,2.2839999198913574,2.1760001182556152,2.171999931335449,2.171999931335449,2.131999969482422,2.131999969482422,2.1040000915527344,2.065999984741211,2.0299999713897705,1.996000051498413,1.9700000286102295,1.944000005722046,1.9079999923706055,1.8799999952316284,1.8600000143051147,1.8359999656677246,1.8359999656677246,1.812000036239624,1.8040000200271606,1.7999999523162842,1.7960000038146973,1.784000039100647,1.7599999904632568,1.7599999904632568,1.7400000095367432,1.7239999771118164,1.7059999704360962,1.6859999895095825,1.6640000343322754,1.6419999599456787,1.5140000581741333,1.5140000581741333,1.5,1.4900000095367432,1.4759999513626099,1.4759999513626099,1.4600000381469727,1.4600000381469727,1.4600000381469727,1.4320000410079956,1.4320000410079956,1.4320000410079956,1.4140000343322754,1.4140000343322754,1.4140000343322754,1.4140000343322754,...,0.0,0.0,0.0,0.0,0.0,0.0,0.0,0.0,0.0,0.0,0.0,0.0,0.0,0.0,0.0,0.0,0.0,0.0,0.0,47.0,47.0,47.0,47.0,47.0,0.0,0.0,0.0,0.0,0.0,0.0,0.0,0.0,0.0,0.0,0.0,0.0,0.0,0.0,0.0,0.0,0.0,0.0,0.0,0.0,0.0,0.0,0.0,0.0,0.0,0.0,0.0,0.0,0.0,0.0,0.0,0.0,0.0,0.0,0.0,0.0,0.0,0.0,0.0,0.0,0.0,0.0,0.0,0.0,0.0,0.0,0.0,0.0,0.0,0.0,0.0,0.0,0.0,0.0,0.0,0.0,0.0,0.0,0.0,0.0,0.0,0.0,0.0,0.0,0.0,0.0,0.0,0.0,0.0,0.0,0.0,0.0,0.0,0.0,0.0,0.0,0.0,0.0,0.0,0.0,0.0,0.0,0.0,0.0,0.0,0.0,0.0,0.0,0.0,0.0,0.0,0.0,0.0,0.0,0.0,0.0,0.0,0.0,0.0,0.0,0.0,0.0,0.0,0.0,...
1763031536,172244347,laser,-3.1241390705108643,3.1415927410125732,0.0034828970674425364,5.3880634368397295e-05,0.09693126380443573,0.15000000596046448,16.0,inf,inf,inf,inf,inf,inf,inf,inf,inf,13.911999702453613,13.911999702453613,13.911999702453613,13.911999702453613,13.911999702453613,13.911999702453613,13.920000076293945,13.928000450134277,13.928000450134277,13.928000450134277,13.928000450134277,13.960000038146973,13.95199966430664,13.895999908447266,13.911999702453613,inf,inf,inf,inf,inf,10.368000030517578,10.368000030517578,10.368000030517578,10.368000030517578,10.368000030517578,inf,inf,inf,inf,inf,inf,inf,inf,inf,inf,inf,inf,inf,inf,inf,inf,inf,inf,inf,inf,3.75600004196167,3.75600004196167,3.75600004196167,3.75600004196167,3.75600004196167,3.74399995803833,3.740000009536743,3.740000009536743,3.7360000610351562,3.74399995803833,3.747999906539917,3.747999906539917,2.884000062942505,2.884000062942505,2.884000062942505,2.8320000171661377,2.8320000171661377,2.7760000228881836,2.7760000228881836,2.6559998989105225,2.6559998989105225,2.6080000400543213,2.552000045776367,2.48799991607666,2.431999921798706,2.375999927520752,2.3359999656677246,2.308000087738037,2.2799999713897705,2.2799999713897705,2.247999906539917,2.2039999961853027,2.1600000858306885,2.115999937057495,2.0840001106262207,2.052000045776367,2.0139999389648438,1.9880000352859497,1.9639999866485596,1.9639999866485596,1.9320000410079956,1.9040000438690186,1.8819999694824219,1.8680000305175781,1.8580000400543213,1.843999981880188,1.8359999656677246,1.8240000009536743,1.8240000009536743,1.805999994277954,1.7860000133514404,1.7599999904632568,1.7359999418258667,1.715999960899353,1.7000000476837158,1.6779999732971191,1.6579999923706055,1.6579999923706055,1.4980000257492065,1.4980000257492065,1.4980000257492065,1.4980000257492065,1.4859999418258667,1.4759999513626099,inf,inf,inf,1.4040000438690186,1.4040000438690186,1.4040000438690186,1.4040000438690186,1.4040000438690186,1.3960000276565552,1.3960000276565552,...,0.0,0.0,0.0,0.0,0.0,0.0,0.0,0.0,0.0,0.0,0.0,0.0,0.0,0.0,0.0,0.0,0.0,0.0,0.0,0.0,0.0,0.0,0.0,0.0,0.0,0.0,0.0,0.0,0.0,0.0,0.0,0.0,0.0,0.0,0.0,0.0,0.0,0.0,0.0,0.0,0.0,0.0,0.0,0.0,0.0,0.0,0.0,0.0,0.0,0.0,0.0,0.0,0.0,0.0,0.0,0.0,0.0,0.0,0.0,0.0,0.0,0.0,0.0,0.0,0.0,0.0,0.0,0.0,47.0,47.0,47.0,47.0,47.0,0.0,0.0,0.0,0.0,0.0,0.0,0.0,0.0,0.0,0.0,0.0,0.0,0.0,0.0,0.0,0.0,0.0,0.0,0.0,0.0,0.0,0.0,0.0,0.0,0.0,0.0,0.0,0.0,0.0,0.0,0.0,0.0,0.0,0.0,0.0,0.0,0.0,0.0,0.0,0.0,0.0,0.0,0.0,0.0,0.0,0.0,0.0,0.0,0.0,0.0,0.0,0.0,0.0,0.0,0.0,...
1763031536,270876066,laser,-3.1241390705108643,3.1415927410125732,0.0034828970674425364,5.364169555832632e-05,0.0965014100074768,0.15000000596046448,16.0,inf,inf,inf,inf,inf,inf,inf,13.904000282287598,13.904000282287598,13.904000282287598,13.904000282287598,13.904000282287598,13.911999702453613,13.911999702453613,13.911999702453613,13.920000076293945,13.928000450134277,13.928000450134277,13.911999702453613,13.911999702453613,13.895999908447266,13.880000114440918,13.904000282287598,13.928000450134277,13.928000450134277,inf,inf,10.479999542236328,10.479999542236328,10.479999542236328,10.479999542236328,10.479999542236328,inf,inf,inf,inf,inf,inf,inf,inf,inf,inf,inf,inf,inf,inf,inf,inf,inf,inf,inf,3.871999979019165,3.871999979019165,3.871999979019165,3.871999979019165,3.871999979019165,3.7799999713897705,3.7799999713897705,3.7799999713897705,3.7360000610351562,3.7320001125335693,3.740000009536743,3.74399995803833,3.747999906539917,3.747999906539917,3.747999906539917,2.8959999084472656,2.8959999084472656,2.8959999084472656,2.8959999084472656,2.8320000171661377,2.7880001068115234,2.7239999771118164,2.6559998989105225,2.6080000400543213,2.559999942779541,2.507999897003174,2.507999897003174,2.3959999084472656,2.3959999084472656,2.3440001010894775,2.303999900817871,2.2799999713897705,2.24399995803833,2.196000099182129,2.1640000343322754,2.131999969482422,2.131999969482422,2.0999999046325684,2.055999994277954,2.0320000648498535,2.0260000228881836,2.0179998874664307,2.01200008392334,1.9919999837875366,1.9700000286102295,1.9700000286102295,1.9459999799728394,1.9179999828338623,1.8919999599456787,1.8660000562667847,1.8359999656677246,1.812000036239624,1.7899999618530273,1.7899999618530273,1.7640000581741333,1.7400000095367432,1.7200000286102295,1.7000000476837158,1.684000015258789,1.6619999408721924,1.5119999647140503,1.5119999647140503,1.5019999742507935,1.5019999742507935,1.4859999418258667,1.4859999418258667,1.4780000448226929,1.4759999513626099,1.4739999771118164,inf,inf,1.406000018119812,1.406000018119812,1.406000018119812,1.406000018119812,1.406000018119812,1.3960000276565552,...,0.0,0.0,0.0,0.0,0.0,0.0,0.0,0.0,0.0,0.0,0.0,0.0,0.0,0.0,0.0,0.0,0.0,0.0,0.0,0.0,47.0,47.0,47.0,47.0,47.0,0.0,0.0,0.0,0.0,0.0,0.0,0.0,0.0,0.0,0.0,0.0,0.0,0.0,0.0,0.0,0.0,0.0,0.0,0.0,0.0,0.0,0.0,0.0,0.0,0.0,0.0,0.0,0.0,0.0,0.0,0.0,0.0,0.0,0.0,0.0,0.0,0.0,0.0,0.0,0.0,0.0,0.0,0.0,0.0,0.0,0.0,0.0,0.0,0.0,0.0,0.0,0.0,0.0,0.0,0.0,0.0,0.0,0.0,0.0,0.0,0.0,0.0,0.0,0.0,0.0,0.0,47.0,47.0,47.0,47.0,47.0,0.0,0.0,0.0,0.0,0.0,0.0,0.0,0.0,0.0,47.0,47.0,47.0,47.0,47.0,0.0,0.0,0.0,0.0,0.0,0.0,0.0,0.0,0.0,0.0,0.0,0.0,0.0,0.0,47.0,47.0,47.0,47.0,...
1763031536,368992331,laser,-3.1241390705108643,3.1415927410125732,0.0034828970674425364,5.369340215111151e-05,0.0965944305062294,0.15000000596046448,16.0,inf,inf,inf,inf,inf,inf,inf,inf,13.904000282287598,13.904000282287598,13.904000282287598,13.904000282287598,13.904000282287598,13.920000076293945,13.920000076293945,13.928000450134277,13.928000450134277,13.911999702453613,13.904000282287598,13.904000282287598,13.887999534606934,13.880000114440918,13.904000282287598,13.920000076293945,inf,inf,inf,inf,inf,inf,inf,inf,inf,inf,inf,inf,inf,inf,inf,inf,inf,inf,inf,inf,inf,inf,inf,inf,inf,inf,inf,3.8519999980926514,3.8519999980926514,3.8519999980926514,3.8519999980926514,3.8519999980926514,3.7760000228881836,3.7760000228881836,3.7760000228881836,3.7360000610351562,3.7320001125335693,3.740000009536743,3.74399995803833,3.74399995803833,3.74399995803833,3.74399995803833,2.8959999084472656,2.8959999084472656,2.8959999084472656,2.8959999084472656,2.8359999656677246,2.7839999198913574,2.7200000286102295,2.6600000858306885,2.611999988555908,2.559999942779541,2.559999942779541,2.507999897003174,2.4560000896453857,2.3959999084472656,2.3480000495910645,2.303999900817871,2.2799999713897705,2.196000099182129,2.196000099182129,2.1640000343322754,2.128000020980835,2.128000020980835,2.0999999046325684,2.055999994277954,2.0199999809265137,2.0,1.9800000190734863,1.9520000219345093,1.9279999732971191,1.909999966621399,1.909999966621399,1.8980000019073486,1.8839999437332153,1.8639999628067017,1.850000023841858,1.8320000171661377,1.809999942779541,1.7879999876022339,1.7640000581741333,1.7640000581741333,1.7400000095367432,1.7200000286102295,1.7020000219345093,1.684000015258789,1.6619999408721924,1.6360000371932983,1.5080000162124634,1.5,1.5,1.4900000095367432,1.4900000095367432,1.4759999513626099,inf,inf,inf,inf,1.406000018119812,1.406000018119812,1.406000018119812,1.406000018119812,1.406000018119812,1.3960000276565552,...,0.0,0.0,0.0,0.0,0.0,0.0,0.0,0.0,0.0,0.0,0.0,0.0,0.0,0.0,0.0,0.0,0.0,0.0,0.0,47.0,47.0,47.0,47.0,47.0,0.0,0.0,0.0,0.0,0.0,0.0,0.0,0.0,0.0,0.0,0.0,0.0,0.0,0.0,0.0,0.0,0.0,0.0,0.0,0.0,0.0,0.0,0.0,0.0,0.0,0.0,0.0,0.0,0.0,0.0,0.0,0.0,0.0,0.0,0.0,0.0,0.0,0.0,0.0,0.0,0.0,0.0,0.0,0.0,0.0,0.0,0.0,0.0,0.0,0.0,0.0,0.0,0.0,0.0,0.0,0.0,0.0,0.0,0.0,0.0,0.0,0.0,0.0,0.0,0.0,0.0,0.0,0.0,0.0,0.0,0.0,0.0,0.0,0.0,0.0,0.0,0.0,0.0,0.0,0.0,0.0,0.0,0.0,0.0,0.0,0.0,0.0,0.0,0.0,0.0,0.0,0.0,0.0,0.0,0.0,0.0,0.0,0.0,0.0,0.0,0.0,0.0,0.0,0.0,...
1763031536,467179352,laser,-3.1241390705108643,3.1415927410125732,0.0034828970674425364,5.376057742978446e-05,0.0967152789235115,0.15000000596046448,16.0,inf,inf,inf,inf,inf,inf,inf,inf,13.904000282287598,13.904000282287598,13.904000282287598,13.904000282287598,13.904000282287598,13.928000450134277,13.928000450134277,13.935999870300293,13.935999870300293,13.911999702453613,13.904000282287598,13.904000282287598,13.887999534606934,13.880000114440918,13.904000282287598,13.920000076293945,inf,inf,inf,inf,inf,inf,inf,inf,inf,inf,inf,inf,inf,inf,inf,inf,inf,inf,inf,inf,inf,inf,inf,inf,inf,inf,inf,4.052000045776367,4.052000045776367,4.052000045776367,4.052000045776367,4.052000045776367,3.815999984741211,3.815999984741211,3.747999906539917,3.7360000610351562,3.740000009536743,3.740000009536743,3.740000009536743,3.74399995803833,3.747999906539917,3.747999906539917,2.888000011444092,2.888000011444092,2.888000011444092,2.8320000171661377,2.8320000171661377,2.696000099182129,2.6559998989105225,2.6559998989105225,2.6559998989105225,2.5959999561309814,2.5399999618530273,2.4800000190734863,2.436000108718872,2.3359999656677246,2.3359999656677246,2.303999900817871,2.303999900817871,2.24399995803833,2.2119998931884766,2.191999912261963,2.1440000534057617,2.1080000400543213,2.0840001106262207,2.052000045776367,2.009999990463257,1.9800000190734863,1.9520000219345093,1.9520000219345093,1.9179999828338623,1.8940000534057617,1.8739999532699585,1.8519999980926514,1.8240000009536743,1.7979999780654907,1.781999945640564,1.7799999713897705,1.7799999713897705,1.7799999713897705,1.7699999809265137,1.75,1.7319999933242798,1.715999960899353,1.694000005722046,1.6720000505447388,1.6519999504089355,1.6519999504089355,1.621999979019165,1.5099999904632568,1.5099999904632568,1.5,1.4819999933242798,inf,inf,inf,inf,1.3980000019073486,1.3980000019073486,1.3980000019073486,1.3980000019073486,1.3980000019073486,1.3860000371932983,1.3860000371932983,...,0.0,0.0,0.0,0.0,0.0,0.0,0.0,0.0,0.0,0.0,0.0,0.0,0.0,0.0,0.0,0.0,0.0,0.0,0.0,0.0,0.0,0.0,0.0,0.0,0.0,0.0,0.0,0.0,0.0,0.0,0.0,0.0,0.0,0.0,0.0,0.0,0.0,0.0,0.0,0.0,0.0,0.0,0.0,0.0,0.0,0.0,0.0,0.0,0.0,0.0,0.0,0.0,0.0,0.0,0.0,0.0,0.0,0.0,0.0,0.0,0.0,0.0,0.0,0.0,0.0,0.0,0.0,0.0,0.0,0.0,0.0,0.0,0.0,0.0,0.0,0.0,0.0,0.0,0.0,0.0,0.0,0.0,0.0,0.0,0.0,0.0,0.0,0.0,0.0,0.0,0.0,0.0,0.0,0.0,0.0,0.0,0.0,0.0,0.0,0.0,0.0,0.0,0.0,0.0,0.0,0.0,0.0,0.0,0.0,0.0,0.0,0.0,0.0,0.0,0.0,0.0,0.0,0.0,0.0,0.0,0.0,0.0,0.0,0.0,0.0,0.0,0.0,0.0,...
1763031536,565389432,laser,-3.1241390705108643,3.1415927410125732,0.0034828970674425364,5.371846418711357e-05,0.09663952142000198,0.15000000596046448,16.0,inf,inf,inf,inf,inf,inf,inf,13.911999702453613,13.911999702453613,13.911999702453613,13.911999702453613,13.911999702453613,13.920000076293945,13.920000076293945,13.920000076293945,13.928000450134277,13.928000450134277,13.920000076293945,13.911999702453613,13.904000282287598,13.895999908447266,13.880000114440918,13.895999908447266,13.928000450134277,13.928000450134277,inf,inf,10.46399974822998,10.46399974822998,10.46399974822998,10.46399974822998,10.46399974822998,inf,inf,inf,inf,inf,inf,inf,inf,inf,inf,inf,inf,inf,inf,inf,inf,inf,inf,inf,3.815999984741211,3.815999984741211,3.815999984741211,3.815999984741211,3.815999984741211,3.75600004196167,3.75600004196167,3.75600004196167,3.747999906539917,3.74399995803833,3.74399995803833,3.740000009536743,3.74399995803833,3.747999906539917,3.752000093460083,2.888000011444092,2.888000011444092,2.888000011444092,2.828000068664551,2.828000068664551,2.759999990463257,2.759999990463257,2.6519999504089355,2.6519999504089355,2.6040000915527344,2.5480000972747803,2.4839999675750732,2.440000057220459,2.388000011444092,2.3359999656677246,2.299999952316284,2.299999952316284,2.25600004196167,2.2279999256134033,2.196000099182129,2.1440000534057617,2.1040000915527344,2.0840001106262207,2.052000045776367,2.0139999389648438,1.9900000095367432,1.9739999771118164,1.9739999771118164,1.9520000219345093,1.940000057220459,1.934000015258789,1.9220000505447388,1.9040000438690186,1.8799999952316284,1.8539999723434448,1.8320000171661377,1.8320000171661377,1.805999994277954,1.781999945640564,1.7599999904632568,1.7380000352859497,1.715999960899353,1.694000005722046,1.6720000505447388,1.6519999504089355,1.6519999504089355,1.5099999904632568,1.5099999904632568,1.5099999904632568,1.4980000257492065,1.4819999933242798,1.4759999513626099,1.4739999771118164,inf,inf,1.406000018119812,1.406000018119812,1.406000018119812,1.406000018119812,1.406000018119812,1.3960000276565552,1.3960000276565552,...,0.0,0.0,0.0,0.0,0.0,0.0,0.0,0.0,0.0,0.0,0.0,0.0,0.0,0.0,0.0,0.0,0.0,0.0,0.0,0.0,0.0,0.0,0.0,0.0,0.0,0.0,0.0,0.0,0.0,0.0,0.0,0.0,0.0,0.0,0.0,0.0,0.0,0.0,0.0,0.0,0.0,0.0,0.0,0.0,0.0,0.0,0.0,0.0,0.0,0.0,0.0,0.0,0.0,0.0,0.0,0.0,0.0,0.0,0.0,0.0,0.0,0.0,0.0,0.0,0.0,0.0,0.0,0.0,0.0,0.0,0.0,0.0,0.0,0.0,0.0,0.0,0.0,0.0,0.0,0.0,0.0,0.0,0.0,0.0,0.0,0.0,0.0,0.0,0.0,0.0,0.0,47.0,47.0,47.0,47.0,47.0,0.0,0.0,0.0,0.0,0.0,0.0,0.0,0.0,0.0,47.0,47.0,47.0,47.0,47.0,0.0,0.0,0.0,0.0,0.0,0.0,0.0,0.0,0.0,0.0,0.0,0.0,0.0,0.0,0.0,0.0,0.0,0.0,...
1763031536,663342147,laser,-3.1241390705108643,3.1415927410125732,0.0034828970674425364,5.391950980992988e-05,0.09700119495391846,0.15000000596046448,16.0,inf,inf,inf,inf,inf,inf,inf,13.904000282287598,13.904000282287598,13.904000282287598,13.904000282287598,13.904000282287598,13.920000076293945,13.920000076293945,13.920000076293945,13.928000450134277,13.928000450134277,13.928000450134277,13.911999702453613,13.895999908447266,13.895999908447266,13.887999534606934,13.904000282287598,13.928000450134277,13.928000450134277,inf,inf,10.479999542236328,10.479999542236328,10.479999542236328,10.479999542236328,10.479999542236328,inf,inf,inf,inf,inf,inf,inf,inf,inf,inf,inf,inf,inf,inf,inf,inf,inf,inf,inf,inf,3.75600004196167,3.75600004196167,3.75600004196167,3.75600004196167,3.75600004196167,3.7360000610351562,3.7360000610351562,3.7360000610351562,3.7279999256134033,3.740000009536743,3.740000009536743,3.747999906539917,3.752000093460083,3.752000093460083,2.8919999599456787,2.8919999599456787,2.8919999599456787,2.8919999599456787,2.828000068664551,2.7760000228881836,2.7160000801086426,2.6519999504089355,2.6040000915527344,2.6040000915527344,2.5480000972747803,2.4839999675750732,2.440000057220459,2.3919999599456787,2.3440001010894775,2.299999952316284,2.2760000228881836,2.247999906539917,2.247999906539917,2.196000099182129,2.1559998989105225,2.124000072479248,2.0920000076293945,2.063999891281128,2.0399999618530273,2.0260000228881836,2.0160000324249268,2.0,1.9800000190734863,1.9800000190734863,1.9579999446868896,1.9359999895095825,1.9119999408721924,1.8880000114440918,1.8600000143051147,1.8339999914169312,1.8079999685287476,1.8079999685287476,1.7860000133514404,1.7640000581741333,1.7400000095367432,1.7200000286102295,1.7000000476837158,1.684000015258789,1.6619999408721924,1.5119999647140503,1.5119999647140503,1.503999948501587,1.503999948501587,1.4880000352859497,1.4880000352859497,1.4759999513626099,inf,inf,inf,inf,1.406000018119812,1.406000018119812,1.406000018119812,1.406000018119812,1.406000018119812,1.3960000276565552,...,0.0,0.0,0.0,0.0,0.0,0.0,0.0,0.0,0.0,0.0,0.0,0.0,0.0,0.0,0.0,0.0,0.0,0.0,0.0,0.0,0.0,0.0,0.0,0.0,0.0,0.0,0.0,0.0,0.0,0.0,0.0,0.0,0.0,0.0,0.0,0.0,0.0,0.0,0.0,0.0,0.0,0.0,0.0,0.0,0.0,0.0,0.0,0.0,0.0,0.0,0.0,0.0,0.0,0.0,0.0,0.0,0.0,0.0,0.0,0.0,0.0,0.0,0.0,0.0,0.0,0.0,0.0,0.0,0.0,0.0,0.0,0.0,0.0,0.0,0.0,0.0,0.0,0.0,0.0,0.0,0.0,0.0,0.0,0.0,0.0,0.0,0.0,0.0,0.0,0.0,0.0,47.0,47.0,47.0,47.0,47.0,0.0,0.0,0.0,0.0,0.0,0.0,0.0,0.0,0.0,0.0,0.0,0.0,0.0,0.0,0.0,0.0,0.0,0.0,0.0,0.0,0.0,0.0,0.0,0.0,0.0,0.0,0.0,0.0,0.0,0.0,0.0,0.0,...
1763031536,761709324,laser,-3.1241390705108643,3.1415927410125732,0.0034828970674425364,5.726282324758358e-05,0.10301581770181656,0.15000000596046448,16.0,inf,inf,inf,inf,inf,inf,inf,inf,13.904000282287598,13.904000282287598,13.904000282287598,13.904000282287598,13.904000282287598,13.928000450134277,13.928000450134277,13.928000450134277,13.935999870300293,13.920000076293945,13.920000076293945,13.895999908447266,13.880000114440918,13.880000114440918,13.895999908447266,13.920000076293945,inf,inf,inf,inf,inf,inf,inf,inf,inf,inf,inf,inf,inf,inf,inf,inf,inf,inf,inf,inf,inf,inf,inf,inf,inf,inf,inf,3.8959999084472656,3.8959999084472656,3.8959999084472656,3.8959999084472656,3.8959999084472656,3.803999900817871,3.803999900817871,3.803999900817871,3.7360000610351562,3.740000009536743,3.740000009536743,3.740000009536743,3.747999906539917,3.747999906539917,3.747999906539917,3.752000093460083,2.940000057220459,2.940000057220459,2.940000057220459,2.884000062942505,2.740000009536743,2.740000009536743,2.687999963760376,2.631999969482422,2.5759999752044678,2.5280001163482666,2.4040000438690186,2.4040000438690186,2.368000030517578,2.368000030517578,2.3359999656677246,2.299999952316284,2.200000047683716,2.200000047683716,2.191999912261963,2.1559998989105225,2.111999988555908,2.0759999752044678,2.0759999752044678,2.0480000972747803,2.002000093460083,1.9739999771118164,1.9459999799728394,1.9119999408721924,1.8880000114440918,1.8600000143051147,1.8380000591278076,1.8200000524520874,1.805999994277954,1.805999994277954,1.8020000457763672,1.7940000295639038,1.7799999713897705,1.7660000324249268,1.75,1.7300000190734863,1.7120000123977661,1.7120000123977661,1.694000005722046,1.6699999570846558,1.6480000019073486,1.6119999885559082,1.5099999904632568,1.5099999904632568,1.49399995803833,1.4800000190734863,1.468000054359436,inf,inf,inf,1.3980000019073486,1.3980000019073486,1.3980000019073486,1.3980000019073486,1.3980000019073486,1.3860000371932983,1.3860000371932983,...,0.0,0.0,0.0,0.0,0.0,0.0,0.0,0.0,0.0,0.0,0.0,0.0,0.0,0.0,0.0,0.0,0.0,0.0,0.0,47.0,47.0,47.0,47.0,47.0,0.0,0.0,0.0,0.0,0.0,0.0,0.0,0.0,0.0,0.0,0.0,0.0,0.0,0.0,0.0,0.0,0.0,0.0,0.0,0.0,0.0,0.0,0.0,0.0,0.0,0.0,0.0,0.0,0.0,0.0,0.0,0.0,0.0,0.0,0.0,0.0,0.0,0.0,0.0,0.0,0.0,0.0,0.0,0.0,0.0,0.0,0.0,0.0,0.0,0.0,0.0,0.0,0.0,0.0,0.0,0.0,0.0,0.0,0.0,0.0,0.0,0.0,0.0,0.0,0.0,0.0,0.0,0.0,0.0,0.0,0.0,0.0,0.0,0.0,0.0,0.0,0.0,0.0,0.0,0.0,0.0,0.0,0.0,0.0,0.0,0.0,0.0,0.0,0.0,0.0,0.0,0.0,0.0,0.0,0.0,0.0,0.0,0.0,0.0,0.0,0.0,0.0,0.0,0.0,...
1763031536,866359824,laser,-3.1241390705108643,3.1415927410125732,0.0034828970674425364,5.368255733628757e-05,0.09657492488622665,0.15000000596046448,16.0,inf,inf,inf,inf,inf,inf,inf,13.928000450134277,13.928000450134277,13.928000450134277,13.928000450134277,13.928000450134277,13.928000450134277,13.928000450134277,13.928000450134277,13.928000450134277,13.928000450134277,13.928000450134277,13.911999702453613,13.887999534606934,13.887999534606934,13.887999534606934,13.887999534606934,13.904000282287598,inf,inf,inf,inf,10.392000198364258,10.392000198364258,10.392000198364258,10.392000198364258,10.392000198364258,inf,inf,inf,inf,inf,inf,inf,inf,inf,inf,inf,inf,inf,inf,inf,4.0960001945495605,4.0960001945495605,4.0960001945495605,4.0960001945495605,4.0960001945495605,3.9839999675750732,3.9839999675750732,3.9839999675750732,3.868000030517578,3.868000030517578,3.7799999713897705,3.7360000610351562,3.740000009536743,3.747999906539917,3.747999906539917,3.74399995803833,3.74399995803833,3.747999906539917,2.9159998893737793,2.9159998893737793,2.9159998893737793,2.9159998893737793,2.8519999980926514,2.7960000038146973,2.7239999771118164,2.6559998989105225,2.619999885559082,2.572000026702881,2.572000026702881,2.5239999294281006,2.4000000953674316,2.4000000953674316,2.364000082015991,2.3239998817443848,2.2920000553131104,2.1760001182556152,2.1760001182556152,2.171999931335449,2.1440000534057617,2.1440000534057617,2.111999988555908,2.068000078201294,2.0360000133514404,2.002000093460083,1.9739999771118164,1.9459999799728394,1.9079999923706055,1.8819999694824219,1.8739999532699585,1.8619999885559082,1.8619999885559082,1.8519999980926514,1.850000023841858,1.8339999914169312,1.8140000104904175,1.7920000553131104,1.7680000066757202,1.7680000066757202,1.7259999513626099,1.7259999513626099,1.7059999704360962,1.6859999895095825,1.6660000085830688,1.6419999599456787,1.5140000581741333,1.50600004196167,1.50600004196167,1.4919999837875366,1.4620000123977661,1.4620000123977661,1.4220000505447388,1.4220000505447388,1.4220000505447388,1.4220000505447388,1.4220000505447388,1.3960000276565552,1.3960000276565552,1.3960000276565552,1.3960000276565552,1.3860000371932983,...,0.0,0.0,0.0,0.0,0.0,0.0,0.0,0.0,0.0,0.0,0.0,0.0,0.0,0.0,0.0,0.0,0.0,0.0,0.0,0.0,0.0,0.0,0.0,0.0,0.0,0.0,0.0,0.0,0.0,0.0,0.0,0.0,0.0,0.0,0.0,0.0,0.0,0.0,0.0,0.0,0.0,0.0,0.0,0.0,0.0,0.0,0.0,0.0,0.0,0.0,0.0,0.0,0.0,0.0,0.0,0.0,0.0,0.0,0.0,0.0,0.0,0.0,0.0,0.0,0.0,0.0,0.0,0.0,0.0,47.0,47.0,47.0,47.0,47.0,0.0,0.0,0.0,0.0,0.0,0.0,0.0,0.0,0.0,0.0,0.0,0.0,0.0,0.0,0.0,0.0,0.0,0.0,0.0,0.0,0.0,0.0,0.0,0.0,0.0,0.0,0.0,0.0,0.0,0.0,0.0,0.0,0.0,0.0,0.0,0.0,0.0,0.0,0.0,0.0,0.0,0.0,0.0,0.0,0.0,0.0,0.0,0.0,0.0,0.0,0.0,0.0,0.0,0.0,...
1763031536,964190402,laser,-3.1241390705108643,3.1415927410125732,0.0034828970674425364,5.398788925958797e-05,0.09712421149015427,0.15000000596046448,16.0,inf,inf,inf,inf,inf,inf,inf,inf,13.911999702453613,13.911999702453613,13.911999702453613,13.911999702453613,13.911999702453613,13.920000076293945,13.920000076293945,13.911999702453613,13.920000076293945,13.928000450134277,13.911999702453613,13.911999702453613,13.880000114440918,13.880000114440918,13.904000282287598,13.920000076293945,inf,inf,inf,inf,10.392000198364258,10.392000198364258,10.392000198364258,10.392000198364258,10.392000198364258,inf,inf,inf,inf,inf,inf,inf,inf,inf,inf,inf,inf,inf,inf,inf,inf,inf,3.871999979019165,3.871999979019165,3.871999979019165,3.871999979019165,3.871999979019165,3.7799999713897705,3.7799999713897705,3.7799999713897705,3.7799999713897705,3.7360000610351562,3.7360000610351562,3.747999906539917,3.747999906539917,3.747999906539917,3.747999906539917,3.747999906539917,2.9040000438690186,2.9040000438690186,2.8559999465942383,2.8559999465942383,2.8559999465942383,2.7960000038146973,2.7239999771118164,2.6600000858306885,2.615999937057495,2.572000026702881,2.507999897003174,2.4600000381469727,2.4600000381469727,2.359999895095825,2.359999895095825,2.319999933242798,2.2920000553131104,2.187999963760376,2.187999963760376,2.171999931335449,2.140000104904175,2.111999988555908,2.072000026702881,2.072000026702881,2.0399999618530273,2.0280001163482666,2.0199999809265137,2.002000093460083,1.9859999418258667,1.9639999866485596,1.9420000314712524,1.9420000314712524,1.9199999570846558,1.8919999599456787,1.8660000562667847,1.8420000076293945,1.8179999589920044,1.7920000553131104,1.7680000066757202,1.7480000257492065,1.7300000190734863,1.7059999704360962,1.7059999704360962,1.6859999895095825,1.6640000343322754,1.6419999599456787,1.5140000581741333,1.5140000581741333,1.503999948501587,1.4900000095367432,1.4800000190734863,inf,inf,inf,1.4279999732971191,1.4279999732971191,1.4279999732971191,1.4279999732971191,1.4279999732971191,1.409999966621399,1.409999966621399,1.409999966621399,...,0.0,0.0,0.0,0.0,0.0,0.0,0.0,0.0,0.0,0.0,0.0,0.0,0.0,0.0,0.0,0.0,0.0,0.0,0.0,47.0,47.0,47.0,47.0,47.0,0.0,0.0,0.0,0.0,0.0,0.0,0.0,0.0,0.0,0.0,0.0,0.0,0.0,0.0,0.0,0.0,0.0,0.0,0.0,0.0,0.0,0.0,0.0,0.0,0.0,0.0,0.0,0.0,0.0,0.0,0.0,0.0,0.0,0.0,0.0,0.0,0.0,0.0,0.0,0.0,0.0,0.0,0.0,0.0,0.0,0.0,0.0,0.0,0.0,0.0,0.0,0.0,0.0,0.0,0.0,0.0,0.0,0.0,0.0,0.0,0.0,0.0,0.0,0.0,0.0,0.0,0.0,0.0,0.0,0.0,0.0,0.0,0.0,0.0,0.0,0.0,0.0,0.0,0.0,0.0,0.0,0.0,0.0,0.0,0.0,0.0,0.0,0.0,0.0,0.0,0.0,0.0,0.0,0.0,0.0,0.0,0.0,0.0,0.0,0.0,0.0,0.0,0.0,0.0,...
1763031537,62637025,laser,-3.1241390705108643,3.1415927410125732,0.0034828970674425364,5.3830299293622375e-05,0.09684070944786072,0.15000000596046448,16.0,inf,inf,inf,inf,inf,inf,13.920000076293945,13.920000076293945,13.920000076293945,13.920000076293945,13.920000076293945,13.911999702453613,13.911999702453613,13.911999702453613,13.911999702453613,13.928000450134277,13.928000450134277,13.928000450134277,13.911999702453613,13.895999908447266,13.895999908447266,13.887999534606934,13.895999908447266,13.920000076293945,inf,inf,inf,inf,inf,inf,inf,inf,inf,inf,inf,inf,inf,inf,inf,inf,inf,inf,inf,inf,inf,inf,inf,inf,inf,inf,inf,inf,inf,3.752000093460083,3.752000093460083,3.752000093460083,3.752000093460083,3.752000093460083,3.740000009536743,3.740000009536743,3.74399995803833,3.74399995803833,3.740000009536743,3.74399995803833,3.752000093460083,3.752000093460083,2.888000011444092,2.888000011444092,2.819999933242798,2.819999933242798,2.819999933242798,2.75600004196167,2.75600004196167,2.640000104904175,2.640000104904175,2.5999999046325684,2.5399999618530273,2.4839999675750732,2.431999921798706,2.380000114440918,2.3359999656677246,2.2960000038146973,2.24399995803833,2.24399995803833,2.196000099182129,2.196000099182129,2.1440000534057617,2.0999999046325684,2.0799999237060547,2.052000045776367,2.0199999809265137,1.9919999837875366,1.968000054359436,1.9420000314712524,1.9420000314712524,1.9240000247955322,1.909999966621399,1.8980000019073486,1.8880000114440918,1.8680000305175781,1.8480000495910645,1.8300000429153442,1.805999994277954,1.805999994277954,1.781999945640564,1.75600004196167,1.7319999933242798,1.7120000123977661,1.6959999799728394,1.6740000247955322,1.6540000438690186,1.6540000438690186,1.5099999904632568,1.5099999904632568,1.5099999904632568,1.5,1.4839999675750732,inf,inf,inf,inf,inf,inf,1.4040000438690186,1.4040000438690186,1.4040000438690186,1.4040000438690186,1.4040000438690186,...,0.0,0.0,0.0,0.0,0.0,0.0,0.0,0.0,0.0,0.0,0.0,0.0,0.0,0.0,0.0,0.0,0.0,0.0,0.0,0.0,0.0,0.0,0.0,0.0,0.0,0.0,0.0,0.0,0.0,0.0,0.0,0.0,0.0,0.0,0.0,0.0,0.0,0.0,0.0,0.0,0.0,0.0,0.0,0.0,0.0,0.0,0.0,0.0,0.0,0.0,0.0,0.0,0.0,0.0,0.0,0.0,0.0,0.0,0.0,0.0,0.0,0.0,0.0,0.0,0.0,0.0,0.0,0.0,0.0,0.0,0.0,0.0,0.0,0.0,0.0,0.0,0.0,0.0,0.0,0.0,0.0,0.0,0.0,0.0,0.0,0.0,0.0,0.0,0.0,0.0,0.0,0.0,0.0,0.0,0.0,0.0,0.0,0.0,0.0,0.0,0.0,0.0,0.0,0.0,0.0,0.0,0.0,0.0,0.0,0.0,0.0,0.0,0.0,0.0,0.0,0.0,0.0,0.0,0.0,0.0,0.0,0.0,0.0,0.0,0.0,0.0,0.0,0.0,...
1763031537,160974905,laser,-3.1241390705108643,3.1415927410125732,0.0034828970674425364,5.384719406720251e-05,0.09687110036611557,0.15000000596046448,16.0,inf,inf,inf,inf,inf,inf,inf,inf,inf,13.920000076293945,13.920000076293945,13.920000076293945,13.920000076293945,13.920000076293945,13.911999702453613,13.911999702453613,13.920000076293945,13.920000076293945,13.920000076293945,13.920000076293945,13.911999702453613,13.887999534606934,13.880000114440918,13.880000114440918,13.920000076293945,inf,inf,inf,inf,inf,inf,inf,inf,inf,inf,inf,inf,inf,inf,inf,inf,inf,inf,inf,inf,inf,inf,inf,inf,inf,inf,inf,3.812000036239624,3.812000036239624,3.812000036239624,3.812000036239624,3.812000036239624,3.752000093460083,3.752000093460083,3.74399995803833,3.74399995803833,3.74399995803833,3.7360000610351562,3.74399995803833,3.747999906539917,3.752000093460083,2.884000062942505,2.884000062942505,2.884000062942505,2.884000062942505,2.819999933242798,2.819999933242798,2.75600004196167,2.691999912261963,2.6440000534057617,2.5959999561309814,2.5399999618530273,2.4839999675750732,2.4200000762939453,2.364000082015991,2.3359999656677246,2.2960000038146973,2.2960000038146973,2.24399995803833,2.2200000286102295,2.196000099182129,2.1440000534057617,2.1040000915527344,2.0799999237060547,2.052000045776367,2.01200008392334,1.9800000190734863,1.9539999961853027,1.9539999961853027,1.9199999570846558,1.8960000276565552,1.8680000305175781,1.8459999561309814,1.8279999494552612,1.7979999780654907,1.784000039100647,1.781999945640564,1.7799999713897705,1.7799999713897705,1.7699999809265137,1.7519999742507935,1.7319999933242798,1.7120000123977661,1.694000005722046,1.6740000247955322,1.6540000438690186,1.6299999952316284,1.5099999904632568,1.5,1.5,1.5,1.4839999675750732,1.4759999513626099,inf,inf,inf,inf,1.4040000438690186,1.4040000438690186,1.4040000438690186,1.4040000438690186,1.4040000438690186,1.3899999856948853,...,0.0,0.0,0.0,0.0,0.0,0.0,0.0,0.0,0.0,0.0,0.0,0.0,0.0,0.0,0.0,0.0,0.0,0.0,0.0,0.0,0.0,0.0,0.0,0.0,0.0,0.0,0.0,0.0,0.0,0.0,0.0,0.0,0.0,0.0,0.0,0.0,0.0,0.0,0.0,0.0,0.0,0.0,0.0,0.0,0.0,0.0,0.0,0.0,0.0,0.0,0.0,0.0,0.0,0.0,0.0,0.0,0.0,0.0,0.0,0.0,0.0,0.0,0.0,0.0,0.0,0.0,0.0,0.0,0.0,0.0,0.0,0.0,0.0,0.0,0.0,0.0,0.0,0.0,0.0,0.0,0.0,0.0,0.0,0.0,0.0,0.0,0.0,0.0,0.0,47.0,47.0,47.0,47.0,47.0,0.0,0.0,0.0,0.0,0.0,0.0,0.0,0.0,0.0,0.0,0.0,0.0,0.0,0.0,0.0,0.0,0.0,0.0,0.0,0.0,0.0,0.0,0.0,0.0,0.0,0.0,0.0,0.0,0.0,0.0,47.0,47.0,47.0,47.0,...
1763031537,259375893,laser,-3.1241390705108643,3.1415927410125732,0.0034828970674425364,5.3797437431057915e-05,0.09678158909082413,0.15000000596046448,16.0,inf,inf,inf,inf,inf,inf,inf,inf,13.928000450134277,13.928000450134277,13.928000450134277,13.928000450134277,13.928000450134277,13.911999702453613,13.911999702453613,13.911999702453613,13.911999702453613,13.911999702453613,13.887999534606934,13.904000282287598,13.895999908447266,13.895999908447266,13.895999908447266,13.895999908447266,inf,inf,inf,inf,inf,10.496000289916992,10.496000289916992,10.496000289916992,10.496000289916992,10.496000289916992,inf,inf,inf,inf,inf,inf,inf,inf,inf,inf,inf,inf,inf,inf,inf,inf,inf,inf,inf,inf,3.752000093460083,3.752000093460083,3.752000093460083,3.752000093460083,3.752000093460083,3.747999906539917,3.747999906539917,3.74399995803833,3.740000009536743,3.747999906539917,3.747999906539917,3.752000093460083,2.944000005722046,2.944000005722046,2.944000005722046,2.884000062942505,2.884000062942505,2.819999933242798,2.752000093460083,2.691999912261963,2.6440000534057617,2.5959999561309814,2.5399999618530273,2.4839999675750732,2.427999973297119,2.375999927520752,2.3359999656677246,2.2920000553131104,2.2920000553131104,2.24399995803833,2.2200000286102295,2.191999912261963,2.1480000019073486,2.1080000400543213,2.0799999237060547,2.0480000972747803,2.01200008392334,1.9819999933242798,1.9559999704360962,1.9559999704360962,1.9259999990463257,1.899999976158142,1.8839999437332153,1.8760000467300415,1.8700000047683716,1.8580000400543213,1.843999981880188,1.8279999494552612,1.8279999494552612,1.805999994277954,1.781999945640564,1.75600004196167,1.7319999933242798,1.7120000123977661,1.694000005722046,1.6740000247955322,1.6540000438690186,1.6540000438690186,1.5,1.5,1.5,1.5,1.4859999418258667,1.4759999513626099,inf,inf,inf,1.4040000438690186,1.4040000438690186,1.4040000438690186,1.4040000438690186,1.4040000438690186,1.3940000534057617,1.3940000534057617,...,0.0,0.0,0.0,0.0,0.0,0.0,0.0,0.0,0.0,0.0,0.0,0.0,0.0,0.0,0.0,0.0,0.0,0.0,0.0,0.0,0.0,0.0,0.0,0.0,0.0,0.0,0.0,0.0,0.0,0.0,0.0,0.0,0.0,0.0,0.0,0.0,0.0,0.0,0.0,0.0,0.0,0.0,0.0,0.0,0.0,0.0,0.0,0.0,0.0,0.0,0.0,0.0,0.0,0.0,0.0,0.0,0.0,0.0,0.0,0.0,0.0,0.0,0.0,0.0,0.0,0.0,0.0,0.0,47.0,47.0,47.0,47.0,47.0,0.0,0.0,0.0,0.0,0.0,0.0,0.0,0.0,0.0,0.0,0.0,0.0,0.0,0.0,0.0,0.0,0.0,0.0,0.0,0.0,0.0,0.0,0.0,0.0,0.0,0.0,0.0,0.0,0.0,0.0,0.0,0.0,0.0,0.0,0.0,0.0,0.0,0.0,0.0,0.0,0.0,0.0,0.0,0.0,0.0,0.0,0.0,0.0,0.0,0.0,0.0,0.0,0.0,0.0,0.0,...
1763031537,357691938,laser,-3.1241390705108643,3.1415927410125732,0.0034828970674425364,5.708532262360677e-05,0.102696493268013,0.15000000596046448,16.0,inf,inf,inf,inf,inf,inf,inf,13.928000450134277,13.928000450134277,13.928000450134277,13.928000450134277,13.928000450134277,13.928000450134277,13.928000450134277,13.928000450134277,13.928000450134277,13.920000076293945,13.911999702453613,13.911999702453613,13.904000282287598,13.904000282287598,13.904000282287598,13.904000282287598,inf,inf,inf,inf,inf,inf,inf,inf,inf,inf,inf,inf,inf,inf,inf,inf,inf,inf,inf,inf,inf,inf,inf,inf,inf,inf,inf,inf,inf,inf,inf,3.803999900817871,3.803999900817871,3.803999900817871,3.803999900817871,3.803999900817871,3.74399995803833,3.74399995803833,3.74399995803833,3.740000009536743,3.74399995803833,3.747999906539917,3.747999906539917,3.747999906539917,2.944000005722046,2.884000062942505,2.884000062942505,2.884000062942505,2.815999984741211,2.752000093460083,2.687999963760376,2.640000104904175,2.5920000076293945,2.5280001163482666,2.4719998836517334,2.427999973297119,2.375999927520752,2.375999927520752,2.3359999656677246,2.2920000553131104,2.24399995803833,2.2160000801086426,2.191999912261963,2.1440000534057617,2.1080000400543213,2.0799999237060547,2.049999952316284,2.049999952316284,2.00600004196167,2.00600004196167,1.996000051498413,1.9880000352859497,1.9700000286102295,1.9539999961853027,1.934000015258789,1.9119999408721924,1.8839999437332153,1.8559999465942383,1.8559999465942383,1.8320000171661377,1.805999994277954,1.781999945640564,1.7580000162124634,1.7339999675750732,1.7139999866485596,1.694000005722046,1.6740000247955322,1.6740000247955322,1.6540000438690186,1.534000039100647,1.5119999647140503,1.5119999647140503,1.5,1.4859999418258667,1.4759999513626099,inf,inf,inf,inf,inf,1.4040000438690186,1.4040000438690186,1.4040000438690186,1.4040000438690186,1.4040000438690186,...,0.0,0.0,0.0,0.0,0.0,0.0,0.0,0.0,0.0,0.0,0.0,0.0,0.0,0.0,0.0,0.0,0.0,0.0,0.0,0.0,0.0,0.0,0.0,0.0,0.0,0.0,0.0,0.0,0.0,0.0,0.0,0.0,0.0,0.0,0.0,0.0,0.0,0.0,0.0,0.0,0.0,0.0,0.0,0.0,0.0,0.0,0.0,0.0,0.0,0.0,0.0,0.0,0.0,0.0,0.0,0.0,0.0,0.0,0.0,0.0,0.0,0.0,0.0,0.0,0.0,0.0,0.0,0.0,0.0,0.0,0.0,0.0,0.0,0.0,0.0,0.0,0.0,0.0,0.0,0.0,0.0,0.0,0.0,0.0,0.0,0.0,0.0,0.0,0.0,0.0,47.0,47.0,47.0,47.0,47.0,0.0,0.0,0.0,0.0,0.0,0.0,0.0,0.0,0.0,0.0,0.0,0.0,0.0,0.0,0.0,0.0,0.0,0.0,0.0,0.0,0.0,0.0,0.0,0.0,0.0,0.0,0.0,0.0,0.0,0.0,0.0,47.0,47.0,...
1763031537,461798867,laser,-3.1241390705108643,3.1415927410125732,0.0034828970674425364,5.3845473303226754e-05,0.09686800837516785,0.15000000596046448,16.0,inf,inf,inf,inf,inf,inf,inf,13.920000076293945,13.920000076293945,13.920000076293945,13.920000076293945,13.920000076293945,13.911999702453613,13.911999702453613,13.911999702453613,13.904000282287598,13.920000076293945,13.904000282287598,13.911999702453613,13.911999702453613,13.904000282287598,13.904000282287598,13.86400032043457,13.880000114440918,inf,inf,inf,10.37600040435791,10.37600040435791,10.37600040435791,10.37600040435791,10.37600040435791,inf,inf,inf,inf,inf,inf,inf,inf,inf,inf,inf,inf,inf,inf,inf,inf,inf,inf,3.8959999084472656,3.8959999084472656,3.8959999084472656,3.8959999084472656,3.8959999084472656,3.803999900817871,3.803999900817871,3.803999900817871,3.74399995803833,3.74399995803833,3.74399995803833,3.74399995803833,3.740000009536743,3.74399995803833,3.747999906539917,3.747999906539917,2.884000062942505,2.884000062942505,2.819999933242798,2.819999933242798,2.819999933242798,2.752000093460083,2.752000093460083,2.640000104904175,2.640000104904175,2.5920000076293945,2.5320000648498535,2.4719998836517334,2.427999973297119,2.375999927520752,2.3359999656677246,2.2920000553131104,2.24399995803833,2.24399995803833,2.191999912261963,2.191999912261963,2.1440000534057617,2.1080000400543213,2.0799999237060547,2.049999952316284,2.0160000324249268,1.9900000095367432,1.965999960899353,1.965999960899353,1.9320000410079956,1.9079999923706055,1.8919999599456787,1.8819999694824219,1.871999979019165,1.8559999465942383,1.840000033378601,1.8259999752044678,1.8259999752044678,1.805999994277954,1.781999945640564,1.7580000162124634,1.7339999675750732,1.7139999866485596,1.6959999799728394,1.6740000247955322,1.6540000438690186,1.6540000438690186,1.5099999904632568,1.5099999904632568,1.5099999904632568,1.5,1.4839999675750732,inf,inf,inf,inf,inf,inf,1.4019999504089355,1.4019999504089355,1.4019999504089355,1.4019999504089355,1.4019999504089355,...,0.0,0.0,0.0,0.0,0.0,0.0,0.0,0.0,0.0,0.0,0.0,0.0,0.0,0.0,0.0,0.0,0.0,0.0,0.0,0.0,47.0,47.0,47.0,47.0,47.0,0.0,0.0,0.0,0.0,0.0,0.0,0.0,0.0,0.0,0.0,0.0,0.0,0.0,0.0,0.0,0.0,0.0,0.0,0.0,0.0,0.0,0.0,0.0,0.0,0.0,0.0,0.0,0.0,0.0,0.0,0.0,0.0,0.0,0.0,0.0,0.0,0.0,0.0,0.0,0.0,0.0,0.0,0.0,0.0,0.0,47.0,47.0,47.0,47.0,47.0,0.0,0.0,0.0,0.0,0.0,0.0,0.0,0.0,0.0,0.0,0.0,0.0,0.0,0.0,0.0,0.0,47.0,47.0,47.0,47.0,47.0,0.0,0.0,0.0,0.0,0.0,0.0,0.0,0.0,0.0,0.0,0.0,0.0,0.0,0.0,0.0,0.0,0.0,0.0,0.0,0.0,0.0,0.0,0.0,0.0,0.0,0.0,0.0,0.0,0.0,0.0,0.0,0.0,...
1763031537,560462438,laser,-3.1241390705108643,3.1415927410125732,0.0034828970674425364,5.3660776757169515e-05,0.09653573483228683,0.15000000596046448,16.0,inf,inf,inf,inf,inf,inf,inf,inf,inf,inf,13.935999870300293,13.935999870300293,13.935999870300293,13.935999870300293,13.935999870300293,13.928000450134277,13.928000450134277,13.911999702453613,13.904000282287598,13.920000076293945,13.920000076293945,13.920000076293945,13.895999908447266,13.904000282287598,inf,inf,inf,10.368000030517578,10.368000030517578,10.368000030517578,10.368000030517578,10.368000030517578,inf,inf,inf,inf,inf,inf,inf,inf,inf,inf,inf,inf,inf,inf,inf,inf,inf,inf,inf,3.7799999713897705,3.7799999713897705,3.7799999713897705,3.7799999713897705,3.7799999713897705,3.74399995803833,3.74399995803833,3.74399995803833,3.74399995803833,3.7360000610351562,3.740000009536743,3.74399995803833,3.74399995803833,3.74399995803833,3.74399995803833,3.74399995803833,2.9040000438690186,2.9040000438690186,2.9040000438690186,2.8519999980926514,2.7880001068115234,2.7200000286102295,2.6559998989105225,2.611999988555908,2.563999891281128,2.51200008392334,2.51200008392334,2.384000062942505,2.384000062942505,2.3559999465942383,2.319999933242798,2.2920000553131104,2.1760001182556152,2.1760001182556152,2.171999931335449,2.131999969482422,2.1080000400543213,2.063999891281128,2.063999891281128,2.0280001163482666,2.0,1.972000002861023,1.9420000314712524,1.9040000438690186,1.878000020980835,1.8639999628067017,1.8459999561309814,1.8300000429153442,1.8279999494552612,1.8279999494552612,1.8179999589920044,1.805999994277954,1.7899999618530273,1.7680000066757202,1.75,1.7280000448226929,1.7059999704360962,1.687999963760376,1.687999963760376,1.6640000343322754,1.6440000534057617,1.5299999713897705,1.5080000162124634,1.5080000162124634,1.496000051498413,1.472000002861023,inf,inf,inf,inf,1.4019999504089355,1.4019999504089355,1.4019999504089355,1.4019999504089355,1.4019999504089355,1.3860000371932983,1.3860000371932983,...,0.0,0.0,0.0,0.0,0.0,0.0,0.0,0.0,0.0,0.0,0.0,0.0,0.0,0.0,0.0,0.0,0.0,0.0,0.0,0.0,0.0,0.0,0.0,0.0,0.0,0.0,0.0,0.0,0.0,0.0,0.0,0.0,0.0,0.0,0.0,0.0,0.0,0.0,0.0,0.0,0.0,0.0,0.0,0.0,0.0,0.0,0.0,0.0,0.0,0.0,0.0,0.0,0.0,0.0,0.0,0.0,0.0,0.0,0.0,0.0,0.0,0.0,0.0,0.0,0.0,0.0,0.0,0.0,0.0,0.0,0.0,0.0,0.0,0.0,0.0,0.0,0.0,0.0,0.0,0.0,0.0,0.0,0.0,0.0,0.0,0.0,0.0,0.0,0.0,0.0,0.0,47.0,47.0,47.0,47.0,47.0,0.0,0.0,0.0,0.0,0.0,0.0,0.0,0.0,0.0,0.0,0.0,0.0,0.0,0.0,0.0,0.0,0.0,0.0,0.0,0.0,0.0,0.0,0.0,0.0,0.0,0.0,0.0,47.0,47.0,47.0,47.0,47.0,...
1763031537,658580383,laser,-3.1241390705108643,3.1415927410125732,0.0034828970674425364,5.376764966058545e-05,0.09672799706459045,0.15000000596046448,16.0,inf,inf,inf,inf,inf,inf,inf,inf,13.928000450134277,13.928000450134277,13.928000450134277,13.928000450134277,13.928000450134277,13.920000076293945,13.920000076293945,13.920000076293945,13.928000450134277,13.928000450134277,13.911999702453613,13.911999702453613,13.895999908447266,13.895999908447266,13.895999908447266,13.928000450134277,13.928000450134277,inf,inf,inf,inf,inf,inf,inf,inf,inf,inf,inf,inf,inf,inf,inf,inf,inf,inf,inf,inf,inf,inf,inf,inf,inf,inf,inf,3.812000036239624,3.812000036239624,3.812000036239624,3.812000036239624,3.812000036239624,3.75600004196167,3.75600004196167,3.747999906539917,3.747999906539917,3.74399995803833,3.740000009536743,3.74399995803833,3.747999906539917,3.752000093460083,2.8919999599456787,2.8919999599456787,2.8919999599456787,2.8919999599456787,2.8919999599456787,2.747999906539917,2.747999906539917,2.687999963760376,2.640000104904175,2.5920000076293945,2.5399999618530273,2.4800000190734863,2.427999973297119,2.380000114440918,2.3359999656677246,2.3359999656677246,2.2920000553131104,2.24399995803833,2.2200000286102295,2.191999912261963,2.1440000534057617,2.1040000915527344,2.0799999237060547,2.052000045776367,2.052000045776367,1.9919999837875366,1.9919999837875366,1.972000002861023,1.9479999542236328,1.9299999475479126,1.9240000247955322,1.9160000085830688,1.899999976158142,1.8760000467300415,1.8539999723434448,1.8339999914169312,1.8339999914169312,1.8079999685287476,1.781999945640564,1.7580000162124634,1.7359999418258667,1.715999960899353,1.6959999799728394,1.6759999990463257,1.6540000438690186,1.6540000438690186,1.5099999904632568,1.5,1.5,1.5,1.4839999675750732,1.4759999513626099,inf,inf,inf,inf,1.406000018119812,1.406000018119812,1.406000018119812,1.406000018119812,1.406000018119812,1.3980000019073486,...,0.0,0.0,0.0,0.0,0.0,0.0,0.0,0.0,0.0,0.0,0.0,0.0,0.0,0.0,0.0,0.0,0.0,0.0,0.0,0.0,0.0,0.0,0.0,0.0,0.0,0.0,0.0,0.0,0.0,0.0,0.0,0.0,0.0,0.0,0.0,0.0,0.0,0.0,0.0,0.0,0.0,0.0,0.0,0.0,0.0,0.0,0.0,0.0,0.0,0.0,0.0,0.0,0.0,0.0,0.0,0.0,0.0,0.0,0.0,0.0,0.0,0.0,0.0,0.0,0.0,0.0,0.0,0.0,0.0,0.0,0.0,0.0,0.0,0.0,0.0,0.0,0.0,0.0,0.0,0.0,0.0,0.0,0.0,0.0,0.0,0.0,0.0,0.0,0.0,0.0,47.0,47.0,47.0,47.0,47.0,0.0,0.0,0.0,0.0,0.0,0.0,0.0,0.0,0.0,0.0,0.0,0.0,0.0,0.0,0.0,0.0,0.0,0.0,0.0,0.0,0.0,0.0,0.0,0.0,0.0,0.0,0.0,0.0,0.0,0.0,0.0,0.0,0.0,...
1763031537,757018985,laser,-3.1241390705108643,3.1415927410125732,0.0034828970674425364,5.701955160475336e-05,0.10257817059755325,0.15000000596046448,16.0,inf,inf,inf,inf,inf,inf,inf,inf,13.935999870300293,13.935999870300293,13.935999870300293,13.935999870300293,13.935999870300293,13.935999870300293,13.935999870300293,13.935999870300293,13.928000450134277,13.928000450134277,13.928000450134277,13.920000076293945,13.920000076293945,13.920000076293945,13.911999702453613,inf,inf,inf,inf,inf,inf,10.447999954223633,10.447999954223633,10.447999954223633,10.447999954223633,10.447999954223633,inf,inf,inf,inf,inf,inf,inf,inf,inf,inf,inf,inf,inf,inf,inf,inf,inf,inf,inf,3.7639999389648438,3.7639999389648438,3.7639999389648438,3.7639999389648438,3.7639999389648438,3.7360000610351562,3.7360000610351562,3.7279999256134033,3.7279999256134033,3.740000009536743,3.74399995803833,3.752000093460083,3.752000093460083,2.8919999599456787,2.8919999599456787,2.8399999141693115,2.8399999141693115,2.8399999141693115,2.7799999713897705,2.7799999713897705,2.6519999504089355,2.6519999504089355,2.5999999046325684,2.5439999103546143,2.4800000190734863,2.431999921798706,2.388000011444092,2.3440001010894775,2.2960000038146973,2.2760000228881836,2.2760000228881836,2.252000093460083,2.196000099182129,2.1600000858306885,2.128000020980835,2.0920000076293945,2.053999900817871,2.0299999713897705,2.0160000324249268,1.996000051498413,1.9739999771118164,1.9739999771118164,1.965999960899353,1.9520000219345093,1.934000015258789,1.909999966621399,1.8860000371932983,1.8600000143051147,1.8359999656677246,1.809999942779541,1.809999942779541,1.7860000133514404,1.7619999647140503,1.7400000095367432,1.722000002861023,1.7039999961853027,1.6859999895095825,1.6640000343322754,1.628000020980835,1.5140000581741333,1.5140000581741333,1.503999948501587,1.4880000352859497,1.4880000352859497,1.4759999513626099,inf,inf,inf,inf,inf,1.406000018119812,1.406000018119812,1.406000018119812,1.406000018119812,1.406000018119812,...,0.0,0.0,0.0,0.0,0.0,0.0,0.0,0.0,0.0,0.0,0.0,0.0,0.0,0.0,0.0,0.0,0.0,0.0,0.0,0.0,0.0,0.0,0.0,0.0,0.0,0.0,0.0,0.0,0.0,0.0,0.0,0.0,0.0,0.0,0.0,0.0,0.0,0.0,0.0,0.0,0.0,0.0,0.0,0.0,0.0,0.0,0.0,0.0,0.0,0.0,0.0,0.0,0.0,0.0,0.0,0.0,0.0,0.0,0.0,0.0,0.0,0.0,0.0,0.0,0.0,0.0,0.0,0.0,0.0,0.0,0.0,0.0,0.0,0.0,0.0,0.0,0.0,0.0,0.0,0.0,0.0,0.0,0.0,0.0,0.0,0.0,0.0,0.0,0.0,0.0,0.0,0.0,0.0,0.0,0.0,0.0,0.0,0.0,0.0,0.0,0.0,0.0,0.0,0.0,0.0,0.0,0.0,0.0,0.0,0.0,0.0,0.0,0.0,0.0,0.0,0.0,0.0,0.0,0.0,0.0,0.0,0.0,0.0,0.0,0.0,0.0,0.0,0.0,...
1763031537,860965891,laser,-3.1241390705108643,3.1415927410125732,0.0034828970674425364,5.388590943766758e-05,0.09694074839353561,0.15000000596046448,16.0,inf,inf,inf,inf,inf,inf,inf,inf,inf,13.935999870300293,13.935999870300293,13.935999870300293,13.935999870300293,13.935999870300293,13.920000076293945,13.920000076293945,13.904000282287598,13.911999702453613,13.928000450134277,13.920000076293945,13.904000282287598,13.895999908447266,13.895999908447266,13.895999908447266,13.935999870300293,inf,10.503999710083008,10.503999710083008,10.503999710083008,10.503999710083008,10.503999710083008,inf,inf,inf,inf,inf,inf,inf,inf,inf,inf,inf,inf,inf,inf,inf,inf,inf,inf,inf,inf,inf,3.75600004196167,3.75600004196167,3.75600004196167,3.75600004196167,3.75600004196167,3.7320001125335693,3.7320001125335693,3.7320001125335693,3.7320001125335693,3.7279999256134033,3.740000009536743,3.74399995803833,3.747999906539917,3.747999906539917,2.888000011444092,2.888000011444092,2.888000011444092,2.888000011444092,2.888000011444092,2.819999933242798,2.747999906539917,2.700000047683716,2.6480000019073486,2.5920000076293945,2.5399999618530273,2.4800000190734863,2.431999921798706,2.380000114440918,2.3359999656677246,2.3359999656677246,2.2960000038146973,2.24399995803833,2.2200000286102295,2.191999912261963,2.1440000534057617,2.1040000915527344,2.0799999237060547,2.052000045776367,2.052000045776367,1.9839999675750732,1.9839999675750732,1.9600000381469727,1.9240000247955322,1.8960000276565552,1.8739999532699585,1.8580000400543213,1.8480000495910645,1.8359999656677246,1.8259999752044678,1.8259999752044678,1.8140000104904175,1.7979999780654907,1.7760000228881836,1.753999948501587,1.7339999675750732,1.718000054359436,1.6979999542236328,1.6740000247955322,1.6740000247955322,1.6540000438690186,1.6239999532699585,1.4980000257492065,1.4980000257492065,1.4980000257492065,1.4839999675750732,inf,inf,inf,inf,inf,1.4040000438690186,1.4040000438690186,1.4040000438690186,1.4040000438690186,1.4040000438690186,1.3899999856948853,...,0.0,0.0,0.0,0.0,0.0,0.0,0.0,0.0,0.0,0.0,0.0,0.0,0.0,0.0,0.0,0.0,0.0,0.0,0.0,0.0,0.0,0.0,0.0,0.0,0.0,0.0,0.0,0.0,0.0,0.0,0.0,0.0,0.0,0.0,0.0,0.0,0.0,0.0,0.0,0.0,0.0,0.0,0.0,0.0,0.0,0.0,0.0,0.0,0.0,0.0,0.0,0.0,0.0,0.0,0.0,0.0,0.0,0.0,0.0,0.0,0.0,0.0,0.0,0.0,0.0,0.0,0.0,0.0,0.0,0.0,0.0,0.0,0.0,0.0,0.0,0.0,0.0,0.0,0.0,0.0,0.0,0.0,0.0,0.0,0.0,0.0,0.0,0.0,0.0,47.0,47.0,47.0,47.0,47.0,0.0,0.0,0.0,0.0,0.0,0.0,0.0,0.0,0.0,0.0,0.0,0.0,0.0,0.0,0.0,0.0,0.0,0.0,0.0,0.0,0.0,0.0,0.0,0.0,0.0,0.0,0.0,0.0,0.0,0.0,47.0,47.0,47.0,47.0,...
1763031537,959457233,laser,-3.1241390705108643,3.1415927410125732,0.0034828970674425364,5.374590909923427e-05,0.0966888889670372,0.15000000596046448,16.0,inf,inf,inf,inf,inf,inf,inf,inf,13.935999870300293,13.935999870300293,13.935999870300293,13.935999870300293,13.935999870300293,13.920000076293945,13.920000076293945,13.920000076293945,13.904000282287598,13.920000076293945,13.928000450134277,13.935999870300293,13.928000450134277,13.928000450134277,13.911999702453613,13.904000282287598,inf,inf,inf,inf,inf,10.496000289916992,10.496000289916992,10.496000289916992,10.496000289916992,10.496000289916992,inf,inf,inf,inf,inf,inf,inf,inf,inf,inf,inf,inf,inf,inf,inf,inf,inf,3.799999952316284,3.799999952316284,3.799999952316284,3.799999952316284,3.799999952316284,3.74399995803833,3.74399995803833,3.74399995803833,3.74399995803833,3.7360000610351562,3.7360000610351562,3.74399995803833,3.74399995803833,3.747999906539917,3.747999906539917,3.747999906539917,2.9240000247955322,2.9240000247955322,2.875999927520752,2.875999927520752,2.7200000286102295,2.7200000286102295,2.6679999828338623,2.624000072479248,2.568000078201294,2.5239999294281006,2.3919999599456787,2.3919999599456787,2.3559999465942383,2.3559999465942383,2.328000068664551,2.2960000038146973,2.187999963760376,2.187999963760376,2.180000066757202,2.131999969482422,2.1040000915527344,2.072000026702881,2.0360000133514404,2.0,2.0,1.9739999771118164,1.944000005722046,1.906000018119812,1.8819999694824219,1.871999979019165,1.8580000400543213,1.843999981880188,1.8359999656677246,1.8359999656677246,1.8279999494552612,1.815999984741211,1.7979999780654907,1.7719999551773071,1.75,1.7300000190734863,1.7079999446868896,1.687999963760376,1.687999963760376,1.6640000343322754,1.6460000276565552,1.534000039100647,1.5080000162124634,1.5080000162124634,1.49399995803833,1.4800000190734863,inf,inf,inf,inf,1.3980000019073486,1.3980000019073486,1.3980000019073486,1.3980000019073486,1.3980000019073486,1.3819999694824219,1.3819999694824219,...,0.0,0.0,0.0,0.0,0.0,0.0,0.0,0.0,0.0,0.0,0.0,0.0,0.0,0.0,0.0,0.0,0.0,0.0,0.0,0.0,0.0,0.0,0.0,0.0,0.0,0.0,0.0,0.0,0.0,0.0,0.0,0.0,0.0,0.0,0.0,0.0,0.0,0.0,0.0,0.0,0.0,0.0,0.0,0.0,0.0,0.0,0.0,0.0,0.0,0.0,0.0,0.0,0.0,0.0,0.0,0.0,0.0,0.0,0.0,0.0,0.0,0.0,0.0,0.0,0.0,0.0,0.0,0.0,47.0,47.0,47.0,47.0,47.0,0.0,0.0,0.0,0.0,0.0,0.0,0.0,0.0,0.0,0.0,0.0,0.0,0.0,0.0,0.0,0.0,0.0,0.0,0.0,0.0,0.0,0.0,0.0,0.0,0.0,0.0,0.0,0.0,0.0,0.0,0.0,0.0,0.0,0.0,0.0,0.0,0.0,0.0,0.0,0.0,0.0,0.0,0.0,0.0,0.0,0.0,0.0,0.0,0.0,0.0,0.0,0.0,0.0,0.0,0.0,...
1763031538,57375760,laser,-3.1241390705108643,3.1415927410125732,0.0034828970674425364,5.391112426877953e-05,0.09698611497879028,0.15000000596046448,16.0,inf,inf,inf,inf,inf,inf,inf,13.920000076293945,13.920000076293945,13.920000076293945,13.920000076293945,13.920000076293945,13.920000076293945,13.920000076293945,13.920000076293945,13.928000450134277,13.928000450134277,13.928000450134277,13.911999702453613,13.911999702453613,13.911999702453613,13.928000450134277,13.911999702453613,13.928000450134277,inf,inf,inf,inf,10.35200023651123,10.35200023651123,10.35200023651123,10.35200023651123,10.35200023651123,inf,inf,inf,inf,inf,inf,inf,inf,inf,inf,inf,inf,inf,inf,inf,inf,inf,inf,inf,3.808000087738037,3.808000087738037,3.808000087738037,3.808000087738037,3.808000087738037,3.752000093460083,3.752000093460083,3.7360000610351562,3.7360000610351562,3.7360000610351562,3.74399995803833,3.74399995803833,3.747999906539917,3.747999906539917,2.944000005722046,2.884000062942505,2.884000062942505,2.884000062942505,2.7360000610351562,2.7360000610351562,2.7360000610351562,2.680000066757202,2.631999969482422,2.5880000591278076,2.5320000648498535,2.4800000190734863,2.4240000247955322,2.375999927520752,2.3359999656677246,2.299999952316284,2.299999952316284,2.191999912261963,2.191999912261963,2.191999912261963,2.1440000534057617,2.1040000915527344,2.0799999237060547,2.052000045776367,2.0199999809265137,1.99399995803833,1.9700000286102295,1.9700000286102295,1.9479999542236328,1.937999963760376,1.9320000410079956,1.9179999828338623,1.899999976158142,1.878000020980835,1.8519999980926514,1.8519999980926514,1.8300000429153442,1.8020000457763672,1.7760000228881836,1.753999948501587,1.7300000190734863,1.7079999446868896,1.687999963760376,1.6679999828338623,1.6679999828338623,1.649999976158142,1.527999997138977,1.5080000162124634,1.5080000162124634,1.4980000257492065,1.4839999675750732,inf,inf,inf,inf,inf,1.4040000438690186,1.4040000438690186,1.4040000438690186,1.4040000438690186,1.4040000438690186,1.3899999856948853,...,0.0,0.0,0.0,0.0,0.0,0.0,0.0,0.0,0.0,0.0,0.0,0.0,0.0,0.0,0.0,0.0,0.0,0.0,0.0,0.0,0.0,0.0,0.0,0.0,0.0,0.0,0.0,0.0,0.0,0.0,0.0,0.0,0.0,0.0,0.0,0.0,0.0,0.0,0.0,0.0,0.0,0.0,0.0,0.0,0.0,0.0,0.0,0.0,0.0,0.0,0.0,0.0,0.0,0.0,0.0,0.0,0.0,0.0,0.0,0.0,0.0,0.0,0.0,0.0,0.0,0.0,0.0,0.0,0.0,0.0,0.0,0.0,0.0,0.0,0.0,0.0,0.0,0.0,0.0,0.0,0.0,0.0,0.0,0.0,0.0,0.0,0.0,0.0,0.0,0.0,0.0,0.0,0.0,0.0,0.0,0.0,0.0,0.0,0.0,0.0,0.0,0.0,0.0,0.0,0.0,0.0,0.0,0.0,0.0,0.0,0.0,0.0,0.0,0.0,0.0,0.0,0.0,0.0,0.0,0.0,0.0,0.0,0.0,0.0,0.0,0.0,0.0,0.0,...
1763031538,155464571,laser,-3.1241390705108643,3.1415927410125732,0.0034828970674425364,5.398541543399915e-05,0.0971197634935379,0.15000000596046448,16.0,inf,inf,inf,inf,inf,inf,inf,inf,13.928000450134277,13.928000450134277,13.928000450134277,13.928000450134277,13.928000450134277,13.920000076293945,13.920000076293945,13.920000076293945,13.920000076293945,13.920000076293945,13.935999870300293,13.935999870300293,13.920000076293945,13.920000076293945,13.895999908447266,13.911999702453613,inf,inf,inf,inf,inf,10.503999710083008,10.503999710083008,10.503999710083008,10.503999710083008,10.503999710083008,inf,inf,inf,inf,inf,inf,inf,inf,inf,inf,inf,inf,inf,inf,inf,4.015999794006348,4.015999794006348,4.015999794006348,4.015999794006348,4.015999794006348,3.9079999923706055,3.9079999923706055,3.9079999923706055,3.808000087738037,3.752000093460083,3.7360000610351562,3.7360000610351562,3.7360000610351562,3.74399995803833,3.747999906539917,3.747999906539917,3.747999906539917,2.947999954223633,2.884000062942505,2.884000062942505,2.884000062942505,2.884000062942505,2.7360000610351562,2.7360000610351562,2.680000066757202,2.628000020980835,2.5840001106262207,2.5320000648498535,2.4800000190734863,2.4240000247955322,2.371999979019165,2.3359999656677246,2.3359999656677246,2.303999900817871,2.2079999446868896,2.187999963760376,2.187999963760376,2.140000104904175,2.1040000915527344,2.0799999237060547,2.052000045776367,2.052000045776367,1.996000051498413,1.996000051498413,1.972000002861023,1.9500000476837158,1.937999963760376,1.9320000410079956,1.9179999828338623,1.899999976158142,1.899999976158142,1.850000023841858,1.850000023841858,1.8279999494552612,1.8020000457763672,1.7760000228881836,1.753999948501587,1.7319999933242798,1.7079999446868896,1.687999963760376,1.6679999828338623,1.6679999828338623,1.649999976158142,1.5260000228881836,1.5080000162124634,1.5080000162124634,1.4980000257492065,1.4839999675750732,inf,inf,inf,inf,inf,1.3980000019073486,1.3980000019073486,1.3980000019073486,1.3980000019073486,1.3980000019073486,1.3839999437332153,...,0.0,0.0,0.0,0.0,0.0,0.0,0.0,0.0,0.0,0.0,0.0,0.0,0.0,0.0,0.0,0.0,0.0,0.0,0.0,0.0,0.0,0.0,0.0,0.0,0.0,0.0,0.0,0.0,0.0,0.0,0.0,0.0,0.0,0.0,0.0,0.0,0.0,0.0,0.0,0.0,0.0,0.0,0.0,0.0,0.0,0.0,0.0,0.0,0.0,0.0,0.0,0.0,0.0,0.0,0.0,0.0,0.0,0.0,0.0,0.0,0.0,0.0,0.0,0.0,0.0,0.0,0.0,0.0,0.0,0.0,0.0,0.0,0.0,0.0,0.0,0.0,0.0,0.0,0.0,0.0,0.0,0.0,0.0,0.0,0.0,0.0,0.0,0.0,0.0,0.0,0.0,0.0,0.0,0.0,0.0,0.0,0.0,0.0,0.0,0.0,0.0,0.0,0.0,0.0,0.0,0.0,0.0,0.0,0.0,0.0,0.0,0.0,0.0,0.0,0.0,0.0,0.0,0.0,0.0,0.0,0.0,0.0,0.0,0.0,0.0,0.0,0.0,0.0,...
1763031538,254109122,laser,-3.1241390705108643,3.1415927410125732,0.0034828970674425364,5.381176379160024e-05,0.09680736064910889,0.15000000596046448,16.0,inf,inf,inf,inf,inf,inf,inf,inf,13.911999702453613,13.911999702453613,13.911999702453613,13.911999702453613,13.911999702453613,13.911999702453613,13.911999702453613,13.911999702453613,13.911999702453613,13.911999702453613,13.928000450134277,13.928000450134277,13.911999702453613,13.911999702453613,13.887999534606934,13.887999534606934,inf,inf,inf,inf,inf,inf,inf,inf,inf,inf,inf,inf,inf,inf,inf,inf,inf,inf,inf,inf,inf,inf,inf,inf,4.119999885559082,4.119999885559082,4.119999885559082,4.119999885559082,4.119999885559082,3.7839999198913574,3.7839999198913574,3.7839999198913574,3.74399995803833,3.74399995803833,3.74399995803833,3.74399995803833,3.7360000610351562,3.7360000610351562,3.74399995803833,3.747999906539917,3.74399995803833,3.74399995803833,3.74399995803833,2.9200000762939453,2.9200000762939453,2.9200000762939453,2.864000082015991,2.803999900817871,2.7279999256134033,2.6559998989105225,2.611999988555908,2.568000078201294,2.5160000324249268,2.5160000324249268,2.3919999599456787,2.3919999599456787,2.3559999465942383,2.319999933242798,2.2920000553131104,2.1760001182556152,2.1760001182556152,2.1760001182556152,2.1440000534057617,2.111999988555908,2.111999988555908,2.072000026702881,2.0360000133514404,1.996000051498413,1.965999960899353,1.940000057220459,1.9079999923706055,1.8799999952316284,1.8600000143051147,1.8359999656677246,1.8359999656677246,1.812000036239624,1.805999994277954,1.8020000457763672,1.7960000038146973,1.781999945640564,1.7660000324249268,1.7660000324249268,1.7259999513626099,1.7259999513626099,1.7079999446868896,1.687999963760376,1.6660000085830688,1.6419999599456787,1.5219999551773071,1.50600004196167,1.50600004196167,1.4900000095367432,1.4819999933242798,1.465999960899353,1.465999960899353,1.465999960899353,1.4279999732971191,1.4279999732971191,1.4279999732971191,1.3980000019073486,1.3980000019073486,1.3980000019073486,1.3799999952316284,1.3799999952316284,...,0.0,0.0,0.0,0.0,0.0,0.0,0.0,0.0,0.0,0.0,0.0,0.0,0.0,0.0,0.0,0.0,0.0,0.0,47.0,47.0,47.0,47.0,47.0,0.0,0.0,0.0,0.0,0.0,0.0,0.0,0.0,0.0,0.0,0.0,0.0,0.0,0.0,0.0,0.0,0.0,0.0,0.0,0.0,0.0,0.0,0.0,0.0,0.0,0.0,0.0,0.0,0.0,0.0,0.0,0.0,0.0,0.0,0.0,0.0,0.0,0.0,0.0,0.0,0.0,0.0,0.0,0.0,0.0,0.0,0.0,0.0,0.0,0.0,0.0,0.0,0.0,0.0,0.0,0.0,0.0,0.0,0.0,0.0,0.0,0.0,0.0,0.0,0.0,0.0,0.0,47.0,47.0,47.0,47.0,47.0,0.0,0.0,0.0,0.0,0.0,0.0,0.0,0.0,0.0,0.0,0.0,0.0,0.0,0.0,0.0,0.0,0.0,0.0,0.0,0.0,0.0,0.0,0.0,0.0,0.0,0.0,0.0,0.0,0.0,0.0,0.0,0.0,0.0,...
1763031538,352471261,laser,-3.1241390705108643,3.1415927410125732,0.0034828970674425364,5.374588363338262e-05,0.09668884426355362,0.15000000596046448,16.0,inf,inf,inf,inf,inf,inf,inf,13.904000282287598,13.904000282287598,13.904000282287598,13.904000282287598,13.904000282287598,13.904000282287598,13.904000282287598,13.904000282287598,13.904000282287598,13.904000282287598,13.904000282287598,13.911999702453613,13.904000282287598,13.904000282287598,13.904000282287598,13.855999946594238,13.871999740600586,inf,inf,inf,inf,10.359999656677246,10.359999656677246,10.359999656677246,10.359999656677246,10.359999656677246,inf,inf,inf,inf,inf,inf,inf,inf,inf,inf,inf,inf,inf,inf,inf,inf,inf,inf,inf,inf,3.808000087738037,3.808000087738037,3.808000087738037,3.808000087738037,3.808000087738037,3.752000093460083,3.752000093460083,3.75600004196167,3.752000093460083,3.74399995803833,3.747999906539917,3.747999906539917,3.752000093460083,3.752000093460083,2.9240000247955322,2.871999979019165,2.871999979019165,2.871999979019165,2.747999906539917,2.691999912261963,2.691999912261963,2.635999917984009,2.5920000076293945,2.5320000648498535,2.4760000705718994,2.4240000247955322,2.375999927520752,2.375999927520752,2.3359999656677246,2.299999952316284,2.2039999961853027,2.2039999961853027,2.187999963760376,2.140000104904175,2.1040000915527344,2.0799999237060547,2.052000045776367,2.052000045776367,2.01200008392334,1.9819999933242798,1.9559999704360962,1.9259999990463257,1.906000018119812,1.8960000276565552,1.8880000114440918,1.8799999952316284,1.8680000305175781,1.8680000305175781,1.8480000495910645,1.8259999752044678,1.8020000457763672,1.7760000228881836,1.753999948501587,1.7319999933242798,1.7079999446868896,1.687999963760376,1.687999963760376,1.6660000085830688,1.6480000019073486,1.5299999713897705,1.5299999713897705,1.5080000162124634,1.4980000257492065,1.4859999418258667,inf,inf,inf,inf,inf,inf,1.399999976158142,1.399999976158142,1.399999976158142,1.399999976158142,1.399999976158142,...,0.0,0.0,0.0,0.0,0.0,0.0,0.0,0.0,0.0,0.0,0.0,0.0,0.0,0.0,0.0,0.0,0.0,0.0,0.0,0.0,0.0,0.0,0.0,0.0,0.0,0.0,0.0,0.0,0.0,0.0,0.0,0.0,0.0,0.0,0.0,0.0,0.0,0.0,0.0,0.0,0.0,0.0,0.0,0.0,0.0,0.0,0.0,0.0,0.0,0.0,0.0,0.0,0.0,0.0,0.0,0.0,0.0,0.0,0.0,0.0,0.0,0.0,0.0,0.0,0.0,0.0,0.0,0.0,0.0,47.0,47.0,47.0,47.0,47.0,0.0,0.0,0.0,0.0,0.0,0.0,0.0,0.0,0.0,0.0,0.0,0.0,0.0,0.0,0.0,0.0,0.0,0.0,0.0,0.0,0.0,0.0,0.0,0.0,0.0,0.0,0.0,0.0,0.0,0.0,0.0,0.0,0.0,0.0,0.0,0.0,0.0,0.0,0.0,0.0,0.0,0.0,0.0,0.0,0.0,0.0,0.0,0.0,0.0,0.0,0.0,0.0,0.0,0.0,...
1763031538,451042935,laser,-3.1241390705108643,3.1415927410125732,0.0034828970674425364,5.698968016076833e-05,0.10252443701028824,0.15000000596046448,16.0,inf,inf,inf,inf,inf,inf,inf,inf,inf,inf,13.895999908447266,13.895999908447266,13.895999908447266,13.895999908447266,13.895999908447266,13.911999702453613,13.920000076293945,13.911999702453613,13.928000450134277,13.920000076293945,13.895999908447266,13.895999908447266,13.880000114440918,13.911999702453613,inf,inf,inf,10.503999710083008,10.503999710083008,10.503999710083008,10.503999710083008,10.503999710083008,inf,inf,inf,inf,inf,inf,inf,inf,inf,inf,inf,inf,inf,inf,inf,inf,inf,inf,inf,inf,3.759999990463257,3.759999990463257,3.759999990463257,3.759999990463257,3.759999990463257,3.7360000610351562,3.7360000610351562,3.7360000610351562,3.7360000610351562,3.7279999256134033,3.7360000610351562,3.740000009536743,3.747999906539917,3.752000093460083,2.884000062942505,2.884000062942505,2.884000062942505,2.884000062942505,2.828000068664551,2.828000068664551,2.7639999389648438,2.691999912261963,2.640000104904175,2.5920000076293945,2.5320000648498535,2.4760000705718994,2.427999973297119,2.380000114440918,2.3359999656677246,2.2920000553131104,2.2920000553131104,2.259999990463257,2.2320001125335693,2.187999963760376,2.1519999504089355,2.124000072479248,2.0880000591278076,2.055999994277954,2.055999994277954,2.0220000743865967,2.0220000743865967,2.01200008392334,1.99399995803833,1.9759999513626099,1.9559999704360962,1.934000015258789,1.9119999408721924,1.8860000371932983,1.8580000400543213,1.8580000400543213,1.8300000429153442,1.805999994277954,1.784000039100647,1.7599999904632568,1.7380000352859497,1.7139999866485596,1.694000005722046,1.6759999990463257,1.6759999990463257,1.6540000438690186,1.5299999713897705,1.5080000162124634,1.5080000162124634,1.4980000257492065,1.4839999675750732,1.4759999513626099,inf,inf,inf,inf,1.4019999504089355,1.4019999504089355,1.4019999504089355,1.4019999504089355,1.4019999504089355,1.3919999599456787,...,0.0,0.0,0.0,0.0,0.0,0.0,0.0,0.0,0.0,0.0,0.0,0.0,0.0,0.0,0.0,0.0,0.0,0.0,0.0,0.0,0.0,0.0,0.0,0.0,0.0,0.0,0.0,0.0,0.0,0.0,0.0,0.0,0.0,0.0,0.0,0.0,0.0,0.0,0.0,0.0,0.0,0.0,0.0,0.0,0.0,0.0,0.0,0.0,0.0,0.0,0.0,0.0,0.0,0.0,0.0,0.0,0.0,0.0,0.0,0.0,0.0,0.0,0.0,0.0,0.0,0.0,0.0,0.0,0.0,0.0,0.0,0.0,0.0,0.0,0.0,0.0,0.0,0.0,0.0,0.0,0.0,0.0,0.0,0.0,0.0,0.0,0.0,0.0,0.0,0.0,0.0,0.0,0.0,0.0,0.0,0.0,0.0,0.0,0.0,0.0,0.0,0.0,0.0,0.0,0.0,0.0,0.0,0.0,0.0,0.0,0.0,0.0,0.0,0.0,0.0,0.0,0.0,0.0,0.0,0.0,0.0,0.0,0.0,0.0,0.0,0.0,0.0,0.0,...
1763031538,555046461,laser,-3.1241390705108643,3.1415927410125732,0.0034828970674425364,5.375649925554171e-05,0.09670794755220413,0.15000000596046448,16.0,inf,inf,inf,inf,inf,inf,inf,inf,13.920000076293945,13.920000076293945,13.920000076293945,13.920000076293945,13.920000076293945,13.920000076293945,13.920000076293945,13.920000076293945,13.920000076293945,13.904000282287598,13.928000450134277,13.928000450134277,13.911999702453613,13.887999534606934,13.911999702453613,13.911999702453613,13.95199966430664,inf,inf,inf,inf,inf,inf,inf,inf,inf,inf,inf,inf,inf,inf,inf,inf,inf,inf,inf,inf,inf,inf,inf,inf,inf,inf,3.9079999923706055,3.9079999923706055,3.9079999923706055,3.9079999923706055,3.9079999923706055,3.808000087738037,3.808000087738037,3.752000093460083,3.7320001125335693,3.7320001125335693,3.7320001125335693,3.7360000610351562,3.740000009536743,3.747999906539917,3.752000093460083,2.884000062942505,2.884000062942505,2.884000062942505,2.812000036239624,2.812000036239624,2.747999906539917,2.747999906539917,2.640000104904175,2.640000104904175,2.5880000591278076,2.5360000133514404,2.4760000705718994,2.4240000247955322,2.375999927520752,2.3359999656677246,2.2920000553131104,2.2920000553131104,2.2039999961853027,2.2039999961853027,2.187999963760376,2.1440000534057617,2.1040000915527344,2.0799999237060547,2.0480000972747803,2.007999897003174,1.9819999933242798,1.9520000219345093,1.9520000219345093,1.9160000085830688,1.8940000534057617,1.8660000562667847,1.8459999561309814,1.8359999656677246,1.8220000267028809,1.812000036239624,1.8040000200271606,1.8040000200271606,1.7920000553131104,1.7760000228881836,1.75600004196167,1.7339999675750732,1.7139999866485596,1.694000005722046,1.6740000247955322,1.6740000247955322,1.6519999504089355,1.6200000047683716,1.5119999647140503,1.5119999647140503,1.5,1.4839999675750732,inf,inf,inf,inf,1.399999976158142,1.399999976158142,1.399999976158142,1.399999976158142,1.399999976158142,1.3860000371932983,1.3860000371932983,...,0.0,0.0,0.0,0.0,0.0,0.0,0.0,0.0,0.0,0.0,0.0,0.0,0.0,0.0,0.0,0.0,0.0,0.0,0.0,0.0,0.0,0.0,0.0,0.0,0.0,0.0,0.0,0.0,0.0,0.0,0.0,0.0,0.0,0.0,0.0,0.0,0.0,0.0,0.0,0.0,0.0,0.0,0.0,0.0,0.0,0.0,0.0,0.0,0.0,0.0,0.0,0.0,0.0,0.0,0.0,0.0,0.0,0.0,0.0,0.0,0.0,0.0,0.0,0.0,0.0,0.0,0.0,0.0,0.0,47.0,47.0,47.0,47.0,47.0,0.0,0.0,0.0,0.0,0.0,0.0,0.0,0.0,0.0,0.0,0.0,0.0,0.0,0.0,0.0,0.0,47.0,47.0,47.0,47.0,47.0,0.0,0.0,0.0,0.0,0.0,0.0,0.0,0.0,0.0,0.0,0.0,0.0,0.0,0.0,0.0,0.0,0.0,0.0,0.0,0.0,0.0,0.0,0.0,0.0,0.0,0.0,0.0,0.0,0.0,0.0,0.0,47.0,47.0,...
1763031538,653290900,laser,-3.1241390705108643,3.1415927410125732,0.0034828970674425364,5.3763124014949426e-05,0.09671986103057861,0.15000000596046448,16.0,inf,inf,inf,inf,inf,inf,inf,13.904000282287598,13.904000282287598,13.904000282287598,13.904000282287598,13.904000282287598,13.920000076293945,13.920000076293945,13.920000076293945,13.920000076293945,13.920000076293945,13.911999702453613,13.928000450134277,13.928000450134277,13.904000282287598,13.880000114440918,13.904000282287598,13.904000282287598,inf,inf,inf,inf,inf,inf,inf,inf,inf,inf,inf,inf,inf,inf,inf,inf,inf,inf,inf,inf,inf,inf,inf,inf,inf,inf,inf,3.864000082015991,3.864000082015991,3.864000082015991,3.864000082015991,3.864000082015991,3.7920000553131104,3.7920000553131104,3.752000093460083,3.752000093460083,3.752000093460083,3.747999906539917,3.740000009536743,3.74399995803833,3.747999906539917,3.747999906539917,2.936000108718872,2.936000108718872,2.936000108718872,2.880000114440918,2.812000036239624,2.812000036239624,2.7360000610351562,2.680000066757202,2.631999969482422,2.5799999237060547,2.5320000648498535,2.4760000705718994,2.4200000762939453,2.375999927520752,2.3320000171661377,2.2880001068115234,2.2880001068115234,2.2039999961853027,2.2039999961853027,2.187999963760376,2.1440000534057617,2.1040000915527344,2.0759999752044678,2.0480000972747803,2.00600004196167,1.9759999513626099,1.9500000476837158,1.9500000476837158,1.9160000085830688,1.8919999599456787,1.8660000562667847,1.8459999561309814,1.8339999914169312,1.8259999752044678,1.8200000524520874,1.8200000524520874,1.8079999685287476,1.7920000553131104,1.7760000228881836,1.753999948501587,1.7300000190734863,1.7100000381469727,1.690000057220459,1.6679999828338623,1.6679999828338623,1.6480000019073486,1.5,1.5,1.5,1.5,1.4839999675750732,inf,inf,inf,inf,1.399999976158142,1.399999976158142,1.399999976158142,1.399999976158142,1.399999976158142,1.3860000371932983,1.3860000371932983,...,0.0,0.0,0.0,0.0,0.0,0.0,0.0,0.0,0.0,0.0,0.0,0.0,0.0,0.0,0.0,0.0,0.0,0.0,0.0,0.0,0.0,0.0,0.0,0.0,0.0,0.0,0.0,0.0,0.0,0.0,0.0,0.0,0.0,0.0,0.0,0.0,0.0,0.0,0.0,0.0,0.0,0.0,0.0,0.0,0.0,0.0,0.0,0.0,0.0,0.0,0.0,0.0,0.0,0.0,0.0,0.0,0.0,0.0,0.0,0.0,0.0,0.0,0.0,0.0,0.0,0.0,0.0,0.0,0.0,0.0,0.0,0.0,0.0,0.0,0.0,0.0,0.0,0.0,0.0,0.0,0.0,0.0,0.0,0.0,0.0,0.0,0.0,0.0,0.0,0.0,0.0,47.0,47.0,47.0,47.0,47.0,0.0,0.0,0.0,0.0,0.0,0.0,0.0,0.0,0.0,0.0,0.0,0.0,0.0,0.0,0.0,0.0,0.0,0.0,0.0,0.0,0.0,0.0,0.0,0.0,0.0,0.0,0.0,47.0,47.0,47.0,47.0,47.0,...
1763031538,751574961,laser,-3.1241390705108643,3.1415927410125732,0.0034828970674425364,5.377324123401195e-05,0.0967380553483963,0.15000000596046448,16.0,inf,inf,inf,inf,inf,inf,inf,13.911999702453613,13.911999702453613,13.911999702453613,13.911999702453613,13.911999702453613,13.928000450134277,13.928000450134277,13.928000450134277,13.928000450134277,13.911999702453613,13.911999702453613,13.935999870300293,13.928000450134277,13.911999702453613,13.895999908447266,13.895999908447266,13.911999702453613,inf,inf,inf,inf,10.447999954223633,10.447999954223633,10.447999954223633,10.447999954223633,10.447999954223633,inf,inf,inf,inf,inf,inf,inf,inf,inf,inf,inf,inf,inf,inf,inf,inf,inf,inf,3.812000036239624,3.812000036239624,3.812000036239624,3.812000036239624,3.812000036239624,3.752000093460083,3.752000093460083,3.752000093460083,3.747999906539917,3.747999906539917,3.747999906539917,3.740000009536743,3.74399995803833,3.74399995803833,3.752000093460083,2.884000062942505,2.884000062942505,2.884000062942505,2.815999984741211,2.815999984741211,2.815999984741211,2.740000009536743,2.680000066757202,2.640000104904175,2.5880000591278076,2.5360000133514404,2.4760000705718994,2.4240000247955322,2.375999927520752,2.3359999656677246,2.2920000553131104,2.2920000553131104,2.240000009536743,2.2119998931884766,2.187999963760376,2.1440000534057617,2.115999937057495,2.0880000591278076,2.0480000972747803,2.0199999809265137,2.003999948501587,1.9880000352859497,1.9880000352859497,1.968000054359436,1.9579999446868896,1.9459999799728394,1.9259999990463257,1.9079999923706055,1.8799999952316284,1.8539999723434448,1.8279999494552612,1.8279999494552612,1.7999999523162842,1.7760000228881836,1.753999948501587,1.7319999933242798,1.7100000381469727,1.6920000314712524,1.6720000505447388,1.6720000505447388,1.649999976158142,1.5099999904632568,1.5099999904632568,1.5099999904632568,1.5,1.4839999675750732,1.4759999513626099,1.4759999513626099,inf,inf,1.4160000085830688,1.4160000085830688,1.4160000085830688,1.4160000085830688,1.4160000085830688,1.4040000438690186,1.4040000438690186,...,0.0,0.0,0.0,0.0,0.0,0.0,0.0,0.0,0.0,0.0,0.0,0.0,0.0,0.0,0.0,0.0,0.0,0.0,0.0,0.0,0.0,0.0,0.0,0.0,0.0,0.0,0.0,0.0,0.0,0.0,0.0,0.0,0.0,0.0,0.0,0.0,0.0,0.0,0.0,0.0,0.0,0.0,0.0,0.0,0.0,0.0,0.0,0.0,0.0,0.0,0.0,0.0,0.0,0.0,0.0,0.0,0.0,0.0,0.0,0.0,0.0,0.0,0.0,0.0,0.0,0.0,0.0,0.0,0.0,0.0,0.0,0.0,0.0,0.0,0.0,0.0,0.0,0.0,0.0,0.0,0.0,0.0,0.0,0.0,0.0,0.0,0.0,0.0,0.0,0.0,0.0,0.0,0.0,0.0,0.0,0.0,0.0,0.0,0.0,0.0,0.0,0.0,0.0,0.0,0.0,0.0,0.0,0.0,0.0,0.0,0.0,0.0,0.0,0.0,0.0,0.0,0.0,0.0,0.0,0.0,0.0,0.0,0.0,0.0,0.0,0.0,0.0,0.0,...
1763031538,849890304,laser,-3.1241390705108643,3.1415927410125732,0.0034828970674425364,5.3789080993738025e-05,0.09676655381917953,0.15000000596046448,16.0,inf,inf,inf,inf,inf,inf,inf,13.911999702453613,13.911999702453613,13.911999702453613,13.911999702453613,13.911999702453613,13.935999870300293,13.935999870300293,13.935999870300293,13.935999870300293,13.920000076293945,13.920000076293945,13.935999870300293,13.928000450134277,13.911999702453613,13.895999908447266,13.895999908447266,inf,inf,inf,inf,inf,10.46399974822998,10.46399974822998,10.46399974822998,10.46399974822998,10.46399974822998,inf,inf,inf,inf,inf,inf,inf,inf,inf,inf,inf,inf,inf,inf,inf,inf,inf,inf,inf,inf,inf,3.752000093460083,3.752000093460083,3.752000093460083,3.752000093460083,3.752000093460083,3.747999906539917,3.747999906539917,3.74399995803833,3.740000009536743,3.74399995803833,3.747999906539917,3.747999906539917,2.880000114440918,2.880000114440918,2.880000114440918,2.8239998817443848,2.8239998817443848,2.8239998817443848,2.759999990463257,2.691999912261963,2.640000104904175,2.5880000591278076,2.5320000648498535,2.4760000705718994,2.431999921798706,2.380000114440918,2.3359999656677246,2.3359999656677246,2.2920000553131104,2.247999906539917,2.2239999771118164,2.191999912261963,2.1440000534057617,2.1080000400543213,2.0799999237060547,2.0480000972747803,2.0199999809265137,1.9980000257492065,1.9980000257492065,1.9739999771118164,1.9500000476837158,1.934000015258789,1.9240000247955322,1.909999966621399,1.8960000276565552,1.8760000467300415,1.8519999980926514,1.8519999980926514,1.8300000429153442,1.8040000200271606,1.7799999713897705,1.75600004196167,1.7339999675750732,1.7100000381469727,1.694000005722046,1.6720000505447388,1.6720000505447388,1.649999976158142,1.4980000257492065,1.4980000257492065,1.4980000257492065,1.4980000257492065,1.4839999675750732,inf,inf,inf,inf,1.4019999504089355,1.4019999504089355,1.4019999504089355,1.4019999504089355,1.4019999504089355,1.3899999856948853,1.3899999856948853,...,0.0,0.0,0.0,0.0,0.0,0.0,0.0,0.0,0.0,0.0,0.0,0.0,0.0,0.0,0.0,0.0,0.0,0.0,0.0,0.0,0.0,0.0,0.0,0.0,0.0,0.0,0.0,0.0,0.0,0.0,0.0,0.0,0.0,0.0,0.0,0.0,0.0,0.0,0.0,0.0,0.0,0.0,0.0,0.0,0.0,0.0,0.0,0.0,0.0,0.0,0.0,0.0,0.0,0.0,0.0,0.0,0.0,0.0,0.0,0.0,0.0,0.0,0.0,0.0,0.0,0.0,0.0,0.0,0.0,0.0,0.0,0.0,0.0,0.0,0.0,0.0,0.0,0.0,0.0,0.0,0.0,0.0,0.0,0.0,0.0,0.0,0.0,0.0,0.0,0.0,0.0,47.0,47.0,47.0,47.0,47.0,0.0,0.0,0.0,0.0,0.0,0.0,0.0,0.0,0.0,0.0,0.0,0.0,0.0,0.0,0.0,0.0,0.0,0.0,0.0,0.0,0.0,0.0,0.0,0.0,0.0,0.0,0.0,0.0,0.0,0.0,0.0,0.0,...
1763031538,948348222,laser,-3.1241390705108643,3.1415927410125732,0.0034828970674425364,5.36094194103498e-05,0.09644334763288498,0.15000000596046448,16.0,inf,inf,inf,inf,inf,inf,inf,13.895999908447266,13.895999908447266,13.895999908447266,13.895999908447266,13.895999908447266,13.920000076293945,13.920000076293945,13.920000076293945,13.920000076293945,13.928000450134277,13.928000450134277,13.920000076293945,13.911999702453613,13.911999702453613,13.887999534606934,13.887999534606934,13.904000282287598,inf,inf,inf,inf,10.46399974822998,10.46399974822998,10.46399974822998,10.46399974822998,10.46399974822998,inf,inf,inf,inf,inf,inf,inf,inf,inf,inf,inf,inf,inf,inf,inf,inf,inf,inf,inf,3.884000062942505,3.884000062942505,3.884000062942505,3.884000062942505,3.884000062942505,3.7920000553131104,3.7920000553131104,3.74399995803833,3.74399995803833,3.752000093460083,3.747999906539917,3.747999906539917,3.747999906539917,3.74399995803833,3.74399995803833,2.931999921798706,2.931999921798706,2.931999921798706,2.868000030517578,2.803999900817871,2.7279999256134033,2.6559998989105225,2.611999988555908,2.563999891281128,2.563999891281128,2.5160000324249268,2.3919999599456787,2.3919999599456787,2.359999895095825,2.3239998817443848,2.2960000038146973,2.184000015258789,2.184000015258789,2.128000020980835,2.1040000915527344,2.1040000915527344,2.1040000915527344,2.072000026702881,2.0320000648498535,1.996000051498413,1.9700000286102295,1.944000005722046,1.9140000343322754,1.8839999437332153,1.8639999628067017,1.843999981880188,1.843999981880188,1.8220000267028809,1.812000036239624,1.8079999685287476,1.7999999523162842,1.784000039100647,1.7640000581741333,1.7640000581741333,1.7259999513626099,1.7259999513626099,1.7079999446868896,1.687999963760376,1.6679999828338623,1.6460000276565552,1.5260000228881836,1.5099999904632568,1.5099999904632568,1.4919999837875366,1.4780000448226929,1.465999960899353,1.465999960899353,1.465999960899353,1.4320000410079956,1.4320000410079956,1.4320000410079956,1.399999976158142,1.399999976158142,1.399999976158142,1.3839999437332153,1.3839999437332153,...,0.0,0.0,0.0,0.0,0.0,0.0,0.0,0.0,0.0,0.0,0.0,0.0,0.0,0.0,0.0,0.0,0.0,0.0,0.0,0.0,0.0,0.0,0.0,0.0,0.0,0.0,0.0,0.0,0.0,0.0,0.0,0.0,0.0,0.0,0.0,0.0,0.0,0.0,0.0,0.0,0.0,0.0,0.0,0.0,0.0,0.0,0.0,0.0,0.0,0.0,0.0,0.0,0.0,0.0,0.0,0.0,0.0,0.0,0.0,0.0,0.0,0.0,0.0,0.0,0.0,0.0,0.0,0.0,0.0,0.0,47.0,47.0,47.0,47.0,47.0,0.0,0.0,0.0,0.0,0.0,0.0,0.0,0.0,0.0,0.0,0.0,0.0,0.0,0.0,0.0,0.0,47.0,47.0,47.0,47.0,47.0,0.0,0.0,0.0,0.0,0.0,0.0,0.0,0.0,0.0,0.0,0.0,0.0,0.0,0.0,0.0,0.0,0.0,0.0,0.0,0.0,0.0,0.0,0.0,0.0,0.0,0.0,0.0,47.0,47.0,47.0,47.0,47.0,...
1763031539,46483532,laser,-3.1241390705108643,3.1415927410125732,0.0034828970674425364,5.7112072681775317e-05,0.10274461656808853,0.15000000596046448,16.0,inf,inf,inf,inf,inf,inf,inf,inf,13.911999702453613,13.911999702453613,13.911999702453613,13.911999702453613,13.911999702453613,13.928000450134277,13.928000450134277,13.928000450134277,13.928000450134277,13.928000450134277,13.928000450134277,13.928000450134277,13.920000076293945,13.911999702453613,13.911999702453613,13.928000450134277,inf,inf,inf,inf,10.37600040435791,10.37600040435791,10.37600040435791,10.37600040435791,10.37600040435791,inf,inf,inf,inf,inf,inf,inf,inf,inf,inf,inf,inf,inf,inf,inf,inf,inf,inf,inf,inf,3.812000036239624,3.812000036239624,3.812000036239624,3.812000036239624,3.812000036239624,3.752000093460083,3.747999906539917,3.747999906539917,3.74399995803833,3.740000009536743,3.74399995803833,3.747999906539917,3.752000093460083,2.880000114440918,2.880000114440918,2.819999933242798,2.819999933242798,2.819999933242798,2.819999933242798,2.75600004196167,2.691999912261963,2.640000104904175,2.5920000076293945,2.5360000133514404,2.4800000190734863,2.431999921798706,2.380000114440918,2.3359999656677246,2.3359999656677246,2.2960000038146973,2.252000093460083,2.2200000286102295,2.191999912261963,2.1519999504089355,2.115999937057495,2.0799999237060547,2.049999952316284,2.049999952316284,1.9859999418258667,1.9859999418258667,1.9639999866485596,1.934000015258789,1.909999966621399,1.8940000534057617,1.8839999437332153,1.878000020980835,1.8619999885559082,1.8459999561309814,1.8279999494552612,1.8279999494552612,1.8079999685287476,1.781999945640564,1.75600004196167,1.7339999675750732,1.7120000123977661,1.6959999799728394,1.6759999990463257,1.6540000438690186,1.6540000438690186,1.5099999904632568,1.5099999904632568,1.5099999904632568,1.4980000257492065,1.4839999675750732,1.4780000448226929,inf,inf,inf,inf,inf,1.406000018119812,1.406000018119812,1.406000018119812,1.406000018119812,1.406000018119812,...,0.0,0.0,0.0,0.0,0.0,0.0,0.0,0.0,0.0,0.0,0.0,0.0,0.0,0.0,0.0,0.0,0.0,0.0,0.0,0.0,0.0,0.0,0.0,0.0,0.0,0.0,0.0,0.0,0.0,0.0,0.0,0.0,0.0,0.0,0.0,0.0,0.0,0.0,0.0,0.0,0.0,0.0,0.0,0.0,0.0,0.0,0.0,0.0,0.0,0.0,0.0,0.0,0.0,0.0,0.0,0.0,0.0,0.0,0.0,0.0,0.0,0.0,0.0,0.0,0.0,0.0,0.0,0.0,0.0,0.0,0.0,0.0,0.0,0.0,0.0,0.0,0.0,0.0,0.0,0.0,0.0,0.0,0.0,0.0,0.0,0.0,0.0,0.0,0.0,0.0,0.0,0.0,0.0,0.0,0.0,0.0,0.0,0.0,0.0,0.0,0.0,0.0,0.0,0.0,0.0,0.0,0.0,0.0,0.0,0.0,0.0,0.0,0.0,0.0,0.0,0.0,0.0,0.0,0.0,0.0,0.0,0.0,0.0,0.0,0.0,0.0,0.0,0.0,...
1763031539,151068642,laser,-3.1241390705108643,3.1415927410125732,0.0034828970674425364,5.358594353310764e-05,0.09640111029148102,0.15000000596046448,16.0,inf,inf,inf,inf,inf,inf,inf,inf,inf,inf,13.911999702453613,13.911999702453613,13.911999702453613,13.911999702453613,13.911999702453613,13.935999870300293,inf,13.928000450134277,13.928000450134277,13.928000450134277,13.928000450134277,13.928000450134277,13.904000282287598,inf,inf,inf,inf,10.567999839782715,10.567999839782715,10.567999839782715,10.567999839782715,10.567999839782715,inf,inf,inf,inf,inf,inf,inf,inf,inf,inf,inf,inf,inf,inf,inf,inf,inf,inf,inf,inf,inf,3.888000011444092,3.888000011444092,3.888000011444092,3.888000011444092,3.888000011444092,3.7960000038146973,3.74399995803833,3.74399995803833,3.747999906539917,3.747999906539917,3.747999906539917,3.747999906539917,3.747999906539917,2.931999921798706,2.864000082015991,2.864000082015991,2.864000082015991,2.864000082015991,2.799999952316284,2.7360000610351562,2.680000066757202,2.628000020980835,2.572000026702881,2.51200008392334,2.51200008392334,2.4679999351501465,2.4159998893737793,2.364000082015991,2.319999933242798,2.2880001068115234,2.191999912261963,2.128000020980835,2.128000020980835,2.128000020980835,2.1080000400543213,2.1080000400543213,2.0799999237060547,2.052000045776367,2.0320000648498535,2.0139999389648438,1.9980000257492065,1.9839999675750732,1.9639999866485596,1.944000005722046,1.944000005722046,1.9199999570846558,1.8980000019073486,1.8739999532699585,1.843999981880188,1.8220000267028809,1.7979999780654907,1.7740000486373901,1.7519999742507935,1.7319999933242798,1.7100000381469727,1.7100000381469727,1.690000057220459,1.6660000085830688,1.6440000534057617,1.5199999809265137,1.5199999809265137,1.5080000162124634,1.4980000257492065,1.4859999418258667,inf,inf,inf,inf,inf,inf,1.4119999408721924,1.4119999408721924,1.4119999408721924,1.4119999408721924,1.4119999408721924,...,0.0,0.0,0.0,0.0,0.0,0.0,0.0,0.0,0.0,0.0,0.0,0.0,0.0,0.0,0.0,0.0,0.0,0.0,0.0,0.0,0.0,0.0,0.0,0.0,0.0,0.0,0.0,0.0,0.0,0.0,0.0,0.0,0.0,0.0,0.0,0.0,0.0,0.0,0.0,0.0,0.0,0.0,0.0,0.0,0.0,0.0,0.0,0.0,0.0,0.0,0.0,0.0,0.0,0.0,0.0,0.0,0.0,0.0,0.0,0.0,0.0,0.0,0.0,0.0,0.0,0.0,0.0,0.0,0.0,0.0,0.0,0.0,0.0,0.0,0.0,0.0,0.0,0.0,0.0,0.0,0.0,0.0,0.0,0.0,0.0,0.0,0.0,0.0,0.0,0.0,0.0,0.0,0.0,0.0,0.0,0.0,0.0,0.0,0.0,0.0,0.0,0.0,0.0,0.0,0.0,0.0,0.0,0.0,0.0,0.0,0.0,0.0,0.0,0.0,0.0,0.0,0.0,0.0,0.0,0.0,0.0,0.0,0.0,0.0,0.0,0.0,0.0,0.0,...
1763031539,249277195,laser,-3.1241390705108643,3.1415927410125732,0.0034828970674425364,5.365416654967703e-05,0.09652384370565414,0.15000000596046448,16.0,inf,inf,inf,inf,inf,inf,inf,inf,inf,13.904000282287598,13.904000282287598,13.904000282287598,13.904000282287598,13.904000282287598,13.904000282287598,13.920000076293945,13.935999870300293,13.935999870300293,13.935999870300293,13.935999870300293,13.928000450134277,13.920000076293945,13.920000076293945,13.935999870300293,inf,inf,inf,inf,inf,10.368000030517578,10.368000030517578,10.368000030517578,10.368000030517578,10.368000030517578,inf,inf,inf,inf,inf,inf,inf,inf,inf,inf,inf,inf,inf,inf,inf,inf,inf,inf,3.9000000953674316,3.9000000953674316,3.9000000953674316,3.9000000953674316,3.9000000953674316,3.815999984741211,3.75600004196167,3.74399995803833,3.74399995803833,3.740000009536743,3.740000009536743,3.747999906539917,3.747999906539917,3.752000093460083,2.880000114440918,2.880000114440918,2.880000114440918,2.880000114440918,2.812000036239624,2.812000036239624,2.7360000610351562,2.680000066757202,2.635999917984009,2.5840001106262207,2.5280001163482666,2.4800000190734863,2.427999973297119,2.375999927520752,2.3359999656677246,2.2960000038146973,2.2960000038146973,2.240000009536743,2.2079999446868896,2.187999963760376,2.1559998989105225,2.119999885559082,2.0799999237060547,2.0480000972747803,2.01200008392334,1.9859999418258667,1.9600000381469727,1.9600000381469727,1.9259999990463257,1.9019999504089355,1.8839999437332153,1.871999979019165,1.8639999628067017,1.850000023841858,1.8339999914169312,1.8339999914169312,1.8179999589920044,1.7979999780654907,1.7760000228881836,1.753999948501587,1.7359999418258667,1.7139999866485596,1.694000005722046,1.6720000505447388,1.6720000505447388,1.649999976158142,1.5080000162124634,1.4980000257492065,1.4980000257492065,1.4980000257492065,1.4839999675750732,inf,inf,inf,inf,inf,1.4040000438690186,1.4040000438690186,1.4040000438690186,1.4040000438690186,1.4040000438690186,1.3880000114440918,...,0.0,0.0,0.0,0.0,0.0,0.0,0.0,0.0,0.0,0.0,0.0,0.0,0.0,0.0,0.0,0.0,0.0,0.0,47.0,47.0,47.0,47.0,47.0,0.0,0.0,0.0,0.0,0.0,0.0,0.0,0.0,0.0,0.0,0.0,0.0,0.0,0.0,0.0,0.0,0.0,0.0,0.0,0.0,0.0,0.0,0.0,0.0,0.0,0.0,0.0,0.0,0.0,0.0,0.0,0.0,0.0,0.0,0.0,0.0,0.0,0.0,0.0,0.0,0.0,0.0,0.0,0.0,0.0,0.0,0.0,0.0,0.0,0.0,0.0,0.0,0.0,0.0,0.0,0.0,0.0,0.0,0.0,0.0,0.0,0.0,0.0,0.0,0.0,0.0,0.0,0.0,0.0,0.0,0.0,0.0,0.0,0.0,0.0,0.0,0.0,0.0,0.0,0.0,0.0,0.0,0.0,47.0,47.0,47.0,47.0,47.0,0.0,0.0,0.0,0.0,0.0,0.0,0.0,0.0,0.0,0.0,0.0,0.0,0.0,0.0,47.0,47.0,47.0,...
1763031539,347420324,laser,-3.1241390705108643,3.1415927410125732,0.0034828970674425364,5.371570659917779e-05,0.09663455933332443,0.15000000596046448,16.0,inf,inf,inf,inf,inf,inf,inf,inf,13.920000076293945,13.920000076293945,13.920000076293945,13.920000076293945,13.920000076293945,13.928000450134277,13.928000450134277,13.928000450134277,13.928000450134277,13.928000450134277,13.935999870300293,13.911999702453613,13.920000076293945,13.920000076293945,13.920000076293945,13.920000076293945,inf,inf,inf,inf,inf,inf,inf,inf,inf,inf,inf,inf,inf,inf,inf,inf,inf,inf,inf,inf,inf,inf,inf,inf,inf,inf,3.864000082015991,3.864000082015991,3.864000082015991,3.864000082015991,3.864000082015991,3.7839999198913574,3.7839999198913574,3.7839999198913574,3.7839999198913574,3.74399995803833,3.74399995803833,3.747999906539917,3.747999906539917,3.74399995803833,3.747999906539917,3.747999906539917,3.747999906539917,2.931999921798706,2.868000030517578,2.868000030517578,2.868000030517578,2.799999952316284,2.7360000610351562,2.680000066757202,2.628000020980835,2.572000026702881,2.5280001163482666,2.4040000438690186,2.364000082015991,2.364000082015991,2.364000082015991,2.3320000171661377,2.303999900817871,2.191999912261963,2.191999912261963,2.187999963760376,2.1519999504089355,2.115999937057495,2.0759999752044678,2.0420000553131104,1.9980000257492065,1.9980000257492065,1.968000054359436,1.9420000314712524,1.9119999408721924,1.8860000371932983,1.8580000400543213,1.8359999656677246,1.8179999589920044,1.7979999780654907,1.7899999618530273,1.7899999618530273,1.784000039100647,1.7760000228881836,1.7640000581741333,1.75,1.7300000190734863,1.7100000381469727,1.690000057220459,1.6679999828338623,1.6679999828338623,1.649999976158142,1.5080000162124634,1.5080000162124634,1.5080000162124634,1.49399995803833,1.4800000190734863,1.468000054359436,inf,inf,inf,inf,inf,1.3980000019073486,1.3980000019073486,1.3980000019073486,1.3980000019073486,1.3980000019073486,...,0.0,0.0,0.0,0.0,0.0,0.0,0.0,0.0,0.0,0.0,0.0,0.0,0.0,0.0,0.0,0.0,0.0,0.0,0.0,0.0,0.0,0.0,0.0,0.0,0.0,0.0,0.0,0.0,0.0,0.0,0.0,0.0,0.0,0.0,0.0,0.0,0.0,0.0,0.0,0.0,0.0,0.0,0.0,0.0,0.0,0.0,0.0,0.0,0.0,0.0,0.0,0.0,0.0,0.0,0.0,0.0,0.0,0.0,0.0,0.0,0.0,0.0,0.0,0.0,0.0,0.0,0.0,0.0,0.0,0.0,0.0,0.0,0.0,0.0,0.0,0.0,0.0,0.0,0.0,0.0,0.0,0.0,0.0,0.0,0.0,0.0,0.0,0.0,0.0,0.0,0.0,0.0,0.0,0.0,0.0,0.0,0.0,0.0,0.0,0.0,0.0,0.0,0.0,0.0,0.0,0.0,0.0,0.0,0.0,0.0,0.0,0.0,0.0,0.0,0.0,0.0,0.0,0.0,0.0,0.0,0.0,0.0,0.0,0.0,0.0,0.0,0.0,0.0,...
1763031539,445562581,laser,-3.1241390705108643,3.1415927410125732,0.0034828970674425364,5.379728463594802e-05,0.09678131341934204,0.15000000596046448,16.0,inf,inf,inf,inf,inf,inf,13.911999702453613,13.911999702453613,13.911999702453613,13.911999702453613,13.911999702453613,13.911999702453613,13.911999702453613,13.911999702453613,13.911999702453613,13.920000076293945,13.928000450134277,13.928000450134277,13.935999870300293,13.935999870300293,13.920000076293945,13.911999702453613,13.911999702453613,13.928000450134277,inf,inf,inf,10.359999656677246,10.359999656677246,10.359999656677246,10.359999656677246,10.359999656677246,inf,inf,inf,inf,inf,inf,inf,inf,inf,inf,inf,inf,inf,inf,inf,inf,inf,inf,inf,3.7960000038146973,3.7960000038146973,3.7960000038146973,3.7960000038146973,3.7960000038146973,3.75600004196167,3.75600004196167,3.75600004196167,3.74399995803833,3.74399995803833,3.740000009536743,3.740000009536743,3.74399995803833,3.747999906539917,3.752000093460083,2.880000114440918,2.880000114440918,2.880000114440918,2.815999984741211,2.815999984741211,2.815999984741211,2.740000009536743,2.680000066757202,2.635999917984009,2.5840001106262207,2.5280001163482666,2.4800000190734863,2.436000108718872,2.388000011444092,2.3359999656677246,2.2920000553131104,2.2920000553131104,2.24399995803833,2.2160000801086426,2.191999912261963,2.1559998989105225,2.115999937057495,2.0799999237060547,2.0480000972747803,2.0139999389648438,1.9880000352859497,1.965999960899353,1.965999960899353,1.937999963760376,1.9179999828338623,1.9079999923706055,1.8980000019073486,1.8899999856948853,1.8700000047683716,1.8480000495910645,1.8320000171661377,1.8079999685287476,1.8079999685287476,1.784000039100647,1.7599999904632568,1.7339999675750732,1.7100000381469727,1.6959999799728394,1.6779999732971191,1.6579999923706055,1.5099999904632568,1.5,1.5,1.5,1.5,1.4880000352859497,1.4780000448226929,inf,inf,inf,1.406000018119812,1.406000018119812,1.406000018119812,1.406000018119812,1.406000018119812,1.3960000276565552,1.3960000276565552,...,0.0,0.0,0.0,0.0,0.0,0.0,0.0,0.0,0.0,0.0,0.0,0.0,0.0,0.0,0.0,0.0,0.0,0.0,0.0,0.0,0.0,0.0,0.0,0.0,0.0,0.0,0.0,0.0,0.0,0.0,0.0,0.0,0.0,0.0,0.0,0.0,0.0,0.0,0.0,0.0,0.0,0.0,0.0,0.0,0.0,0.0,0.0,0.0,0.0,0.0,0.0,0.0,0.0,0.0,0.0,0.0,0.0,0.0,0.0,0.0,0.0,0.0,0.0,0.0,0.0,0.0,0.0,0.0,0.0,0.0,0.0,0.0,0.0,0.0,0.0,0.0,0.0,0.0,0.0,0.0,0.0,0.0,0.0,0.0,0.0,0.0,0.0,0.0,0.0,0.0,0.0,47.0,47.0,47.0,47.0,47.0,0.0,0.0,0.0,0.0,0.0,0.0,0.0,0.0,0.0,0.0,0.0,0.0,0.0,0.0,0.0,0.0,0.0,0.0,0.0,0.0,0.0,0.0,0.0,0.0,0.0,0.0,0.0,0.0,0.0,0.0,0.0,0.0,...
1763031539,543768060,laser,-3.1241390705108643,3.1415927410125732,0.0034828970674425364,5.723835784010589e-05,0.10297179967164993,0.15000000596046448,16.0,inf,inf,inf,inf,inf,inf,inf,13.911999702453613,13.911999702453613,13.911999702453613,13.911999702453613,13.911999702453613,13.935999870300293,13.935999870300293,13.935999870300293,13.935999870300293,13.928000450134277,13.911999702453613,13.920000076293945,13.911999702453613,13.911999702453613,13.904000282287598,13.895999908447266,13.911999702453613,inf,inf,inf,inf,inf,inf,inf,inf,inf,inf,inf,inf,inf,inf,inf,inf,inf,inf,inf,inf,inf,inf,inf,inf,inf,inf,3.864000082015991,3.864000082015991,3.864000082015991,3.864000082015991,3.864000082015991,3.7880001068115234,3.7880001068115234,3.7880001068115234,3.7880001068115234,3.74399995803833,3.74399995803833,3.747999906539917,3.747999906539917,3.747999906539917,3.747999906539917,3.747999906539917,2.936000108718872,2.936000108718872,2.880000114440918,2.880000114440918,2.880000114440918,2.812000036239624,2.7360000610351562,2.680000066757202,2.628000020980835,2.5759999752044678,2.5160000324249268,2.4639999866485596,2.4639999866485596,2.364000082015991,2.364000082015991,2.3320000171661377,2.299999952316284,2.252000093460083,2.2119998931884766,2.187999963760376,2.1519999504089355,2.119999885559082,2.0880000591278076,2.0880000591278076,2.058000087738037,2.0320000648498535,2.0179998874664307,2.01200008392334,1.996000051498413,1.972000002861023,1.9520000219345093,1.9320000410079956,1.906000018119812,1.906000018119812,1.878000020980835,1.850000023841858,1.8259999752044678,1.7999999523162842,1.7799999713897705,1.75600004196167,1.7300000190734863,1.7100000381469727,1.694000005722046,1.6720000505447388,1.6720000505447388,1.649999976158142,1.527999997138977,1.527999997138977,1.5080000162124634,1.5,1.4880000352859497,1.4780000448226929,inf,inf,inf,inf,inf,1.4019999504089355,1.4019999504089355,1.4019999504089355,1.4019999504089355,1.4019999504089355,...,0.0,0.0,0.0,0.0,0.0,0.0,0.0,0.0,0.0,0.0,0.0,0.0,0.0,0.0,0.0,0.0,0.0,0.0,0.0,47.0,47.0,47.0,47.0,47.0,0.0,0.0,0.0,0.0,0.0,0.0,0.0,0.0,0.0,0.0,0.0,0.0,0.0,0.0,0.0,0.0,0.0,0.0,0.0,0.0,0.0,0.0,0.0,0.0,0.0,0.0,0.0,0.0,0.0,0.0,0.0,0.0,0.0,0.0,0.0,0.0,0.0,0.0,0.0,0.0,0.0,0.0,0.0,0.0,0.0,0.0,0.0,0.0,0.0,0.0,0.0,0.0,0.0,0.0,0.0,0.0,0.0,0.0,0.0,0.0,0.0,0.0,0.0,0.0,0.0,0.0,47.0,47.0,47.0,47.0,47.0,0.0,0.0,0.0,0.0,0.0,0.0,0.0,0.0,0.0,0.0,0.0,0.0,0.0,0.0,0.0,0.0,0.0,0.0,0.0,0.0,0.0,0.0,0.0,0.0,0.0,0.0,0.0,0.0,0.0,0.0,0.0,47.0,47.0,...
1763031539,648201987,laser,-3.1241390705108643,3.1415927410125732,0.0034828970674425364,5.381181836128235e-05,0.09680745750665665,0.15000000596046448,16.0,inf,inf,inf,inf,inf,inf,inf,13.895999908447266,13.895999908447266,13.895999908447266,13.895999908447266,13.895999908447266,13.895999908447266,13.895999908447266,13.895999908447266,13.920000076293945,13.920000076293945,13.920000076293945,13.928000450134277,13.928000450134277,13.904000282287598,13.895999908447266,13.895999908447266,13.904000282287598,inf,inf,inf,10.399999618530273,10.399999618530273,10.399999618530273,10.399999618530273,10.399999618530273,inf,inf,inf,inf,inf,inf,inf,inf,inf,inf,inf,inf,inf,inf,inf,inf,inf,inf,inf,inf,inf,inf,3.75600004196167,3.75600004196167,3.75600004196167,3.75600004196167,3.75600004196167,3.74399995803833,3.740000009536743,3.740000009536743,3.740000009536743,3.74399995803833,3.747999906539917,3.752000093460083,2.880000114440918,2.880000114440918,2.880000114440918,2.815999984741211,2.815999984741211,2.74399995803833,2.74399995803833,2.635999917984009,2.5920000076293945,2.5920000076293945,2.5399999618530273,2.4800000190734863,2.436000108718872,2.388000011444092,2.3359999656677246,2.2920000553131104,2.252000093460083,2.252000093460083,2.187999963760376,2.187999963760376,2.1440000534057617,2.111999988555908,2.0880000591278076,2.0480000972747803,2.0139999389648438,1.9859999418258667,1.965999960899353,1.9320000410079956,1.9320000410079956,1.9040000438690186,1.8919999599456787,1.8799999952316284,1.8700000047683716,1.8539999723434448,1.8420000076293945,1.8259999752044678,1.8040000200271606,1.8040000200271606,1.784000039100647,1.7599999904632568,1.7339999675750732,1.7120000123977661,1.6959999799728394,1.6779999732971191,1.656000018119812,1.628000020980835,1.5160000324249268,1.5160000324249268,1.5,1.5,1.4880000352859497,1.4780000448226929,inf,inf,inf,1.406000018119812,1.406000018119812,1.406000018119812,1.406000018119812,1.406000018119812,1.3960000276565552,1.3960000276565552,...,0.0,0.0,0.0,0.0,0.0,0.0,0.0,0.0,0.0,0.0,0.0,0.0,0.0,0.0,0.0,0.0,0.0,0.0,0.0,0.0,47.0,47.0,47.0,47.0,47.0,0.0,0.0,0.0,0.0,0.0,0.0,0.0,0.0,0.0,0.0,0.0,0.0,0.0,0.0,0.0,0.0,0.0,0.0,0.0,0.0,0.0,0.0,0.0,0.0,0.0,0.0,0.0,0.0,0.0,0.0,0.0,0.0,0.0,0.0,0.0,0.0,0.0,0.0,0.0,0.0,0.0,0.0,0.0,0.0,0.0,47.0,47.0,47.0,47.0,47.0,0.0,0.0,0.0,0.0,0.0,0.0,0.0,0.0,0.0,0.0,0.0,0.0,0.0,0.0,0.0,0.0,47.0,47.0,47.0,47.0,47.0,0.0,0.0,0.0,0.0,0.0,0.0,0.0,0.0,0.0,0.0,0.0,0.0,0.0,0.0,0.0,0.0,0.0,0.0,0.0,0.0,0.0,0.0,0.0,0.0,0.0,0.0,0.0,0.0,0.0,0.0,0.0,0.0,...
1763031539,746605347,laser,-3.1241390705108643,3.1415927410125732,0.0034828970674425364,5.3724223107565194e-05,0.09664987772703171,0.15000000596046448,16.0,inf,inf,inf,inf,inf,inf,inf,13.911999702453613,13.911999702453613,13.911999702453613,13.911999702453613,13.911999702453613,13.928000450134277,13.928000450134277,13.928000450134277,13.928000450134277,13.920000076293945,13.904000282287598,13.928000450134277,13.928000450134277,13.911999702453613,13.887999534606934,13.887999534606934,13.904000282287598,inf,inf,inf,inf,10.46399974822998,10.46399974822998,10.46399974822998,10.46399974822998,10.46399974822998,inf,inf,inf,inf,inf,inf,inf,inf,inf,inf,inf,inf,inf,inf,inf,inf,inf,3.875999927520752,3.875999927520752,3.875999927520752,3.875999927520752,3.875999927520752,3.799999952316284,3.799999952316284,3.799999952316284,3.75600004196167,3.747999906539917,3.747999906539917,3.74399995803833,3.74399995803833,3.747999906539917,3.747999906539917,3.752000093460083,2.936000108718872,2.936000108718872,2.875999927520752,2.875999927520752,2.812000036239624,2.812000036239624,2.740000009536743,2.684000015258789,2.640000104904175,2.5920000076293945,2.5399999618530273,2.4800000190734863,2.4159998893737793,2.368000030517578,2.3359999656677246,2.2920000553131104,2.2920000553131104,2.240000009536743,2.2119998931884766,2.187999963760376,2.1519999504089355,2.111999988555908,2.0759999752044678,2.049999952316284,2.01200008392334,1.9819999933242798,1.9539999961853027,1.9220000505447388,1.9220000505447388,1.8960000276565552,1.8700000047683716,1.850000023841858,1.8380000591278076,1.8179999589920044,1.812000036239624,1.805999994277954,1.7960000038146973,1.7960000038146973,1.781999945640564,1.7580000162124634,1.7339999675750732,1.7120000123977661,1.6959999799728394,1.6759999990463257,1.6540000438690186,1.6239999532699585,1.5099999904632568,1.5099999904632568,1.4980000257492065,1.4980000257492065,1.4859999418258667,1.4759999513626099,inf,inf,inf,inf,inf,1.4019999504089355,1.4019999504089355,1.4019999504089355,1.4019999504089355,1.4019999504089355,...,0.0,0.0,0.0,0.0,0.0,0.0,0.0,0.0,0.0,0.0,0.0,0.0,0.0,0.0,0.0,0.0,0.0,0.0,0.0,0.0,0.0,0.0,0.0,0.0,0.0,0.0,0.0,0.0,0.0,0.0,0.0,0.0,0.0,0.0,0.0,0.0,0.0,0.0,0.0,0.0,0.0,0.0,0.0,0.0,0.0,0.0,0.0,0.0,0.0,0.0,0.0,0.0,0.0,0.0,0.0,0.0,0.0,0.0,0.0,0.0,0.0,0.0,0.0,0.0,0.0,0.0,0.0,0.0,0.0,0.0,0.0,0.0,0.0,0.0,0.0,0.0,0.0,0.0,0.0,0.0,0.0,0.0,0.0,0.0,0.0,0.0,0.0,0.0,0.0,0.0,0.0,0.0,0.0,0.0,0.0,0.0,0.0,0.0,0.0,0.0,0.0,0.0,0.0,0.0,0.0,0.0,0.0,0.0,0.0,0.0,0.0,0.0,0.0,0.0,0.0,0.0,0.0,0.0,0.0,0.0,0.0,0.0,0.0,0.0,0.0,0.0,47.0,47.0,...
