1763031571,495675240,laser,-3.1241390705108643,3.1415927410125732,0.0034828970674425364,5.39139291504398e-05,0.0969911590218544,0.15000000596046448,16.0,inf,inf,inf,inf,inf,inf,inf,inf,inf,inf,inf,inf,inf,inf,inf,inf,inf,inf,inf,inf,inf,inf,inf,inf,inf,inf,inf,10.496000289916992,10.496000289916992,10.496000289916992,10.496000289916992,10.496000289916992,inf,inf,inf,inf,inf,inf,inf,inf,inf,inf,inf,inf,inf,inf,inf,inf,inf,inf,3.875999927520752,3.875999927520752,3.875999927520752,3.875999927520752,3.875999927520752,3.7880001068115234,3.7880001068115234,3.7880001068115234,3.74399995803833,3.740000009536743,3.740000009536743,3.740000009536743,3.740000009536743,3.747999906539917,3.747999906539917,3.752000093460083,2.944000005722046,2.944000005722046,2.884000062942505,2.884000062942505,2.8239998817443848,2.8239998817443848,2.747999906539917,2.687999963760376,2.640000104904175,2.5880000591278076,2.5199999809265137,2.4679999351501465,2.4240000247955322,2.375999927520752,2.3359999656677246,2.2960000038146973,2.2960000038146973,2.2360000610351562,2.2079999446868896,2.191999912261963,2.1480000019073486,2.1080000400543213,2.0799999237060547,2.055999994277954,2.0199999809265137,1.9880000352859497,1.9600000381469727,1.9320000410079956,1.9320000410079956,1.9179999828338623,1.909999966621399,1.899999976158142,1.8880000114440918,1.8680000305175781,1.8459999561309814,1.8279999494552612,1.805999994277954,1.805999994277954,1.7799999713897705,1.75600004196167,1.7319999933242798,1.7139999866485596,1.6959999799728394,1.6740000247955322,1.6519999504089355,1.5080000162124634,1.5080000162124634,1.5080000162124634,1.4980000257492065,1.4980000257492065,1.4859999418258667,inf,inf,inf,inf,inf,inf,1.4040000438690186,1.4040000438690186,1.4040000438690186,1.4040000438690186,1.4040000438690186,...,0.0,0.0,0.0,0.0,0.0,0.0,0.0,0.0,0.0,0.0,0.0,0.0,0.0,0.0,0.0,0.0,0.0,0.0,0.0,0.0,0.0,0.0,0.0,0.0,0.0,0.0,0.0,0.0,0.0,0.0,0.0,0.0,0.0,0.0,0.0,0.0,0.0,0.0,0.0,0.0,0.0,0.0,0.0,0.0,0.0,0.0,0.0,0.0,0.0,0.0,0.0,0.0,0.0,0.0,0.0,0.0,0.0,0.0,0.0,0.0,0.0,0.0,0.0,0.0,0.0,0.0,0.0,0.0,0.0,0.0,47.0,47.0,47.0,47.0,47.0,0.0,0.0,0.0,0.0,0.0,0.0,0.0,0.0,0.0,0.0,0.0,0.0,0.0,0.0,0.0,0.0,47.0,47.0,47.0,47.0,47.0,0.0,0.0,0.0,0.0,0.0,0.0,0.0,0.0,0.0,0.0,0.0,0.0,0.0,0.0,0.0,0.0,0.0,0.0,0.0,0.0,0.0,0.0,0.0,0.0,0.0,0.0,0.0,47.0,47.0,47.0,47.0,47.0,...
1763031571,593836852,laser,-3.1241390705108643,3.1415927410125732,0.0034828970674425364,5.391263766796328e-05,0.09698883444070816,0.15000000596046448,16.0,inf,inf,inf,inf,inf,inf,inf,inf,inf,inf,inf,inf,inf,inf,inf,inf,inf,inf,inf,inf,inf,inf,inf,inf,inf,inf,inf,inf,inf,inf,inf,inf,inf,inf,inf,inf,inf,inf,inf,inf,inf,inf,inf,inf,inf,inf,inf,inf,inf,inf,inf,3.7920000553131104,3.7920000553131104,3.7920000553131104,3.7920000553131104,3.7920000553131104,3.747999906539917,3.747999906539917,3.747999906539917,3.747999906539917,3.74399995803833,3.74399995803833,3.74399995803833,3.747999906539917,3.747999906539917,3.752000093460083,3.752000093460083,2.940000057220459,2.940000057220459,2.880000114440918,2.880000114440918,2.819999933242798,2.747999906539917,2.687999963760376,2.640000104904175,2.5880000591278076,2.5320000648498535,2.4760000705718994,2.4240000247955322,2.375999927520752,2.3359999656677246,2.3359999656677246,2.2960000038146973,2.2360000610351562,2.2079999446868896,2.191999912261963,2.1480000019073486,2.1080000400543213,2.0799999237060547,2.052000045776367,2.052000045776367,1.9839999675750732,1.9839999675750732,1.9600000381469727,1.9220000505447388,1.8960000276565552,1.8700000047683716,1.850000023841858,1.8380000591278076,1.8200000524520874,1.8140000104904175,1.8079999685287476,1.8079999685287476,1.7960000038146973,1.7799999713897705,1.75600004196167,1.7319999933242798,1.7139999866485596,1.6959999799728394,1.6740000247955322,1.6540000438690186,1.6540000438690186,1.5140000581741333,1.5140000581741333,1.5,1.5,1.4859999418258667,1.4759999513626099,inf,inf,inf,1.4040000438690186,1.4040000438690186,1.4040000438690186,1.4040000438690186,1.4040000438690186,1.3940000534057617,1.3940000534057617,...,0.0,0.0,0.0,0.0,0.0,0.0,0.0,0.0,0.0,0.0,0.0,0.0,0.0,0.0,0.0,0.0,0.0,0.0,0.0,0.0,0.0,0.0,0.0,0.0,0.0,0.0,0.0,0.0,0.0,0.0,0.0,0.0,0.0,0.0,0.0,0.0,0.0,0.0,0.0,0.0,0.0,0.0,0.0,0.0,0.0,0.0,0.0,0.0,0.0,0.0,0.0,0.0,0.0,0.0,0.0,0.0,0.0,0.0,0.0,0.0,0.0,0.0,0.0,0.0,0.0,0.0,0.0,0.0,0.0,0.0,47.0,47.0,47.0,47.0,47.0,0.0,0.0,0.0,0.0,0.0,0.0,0.0,0.0,0.0,0.0,0.0,0.0,0.0,0.0,0.0,0.0,47.0,47.0,47.0,47.0,47.0,0.0,0.0,0.0,0.0,0.0,0.0,0.0,0.0,0.0,0.0,0.0,0.0,0.0,0.0,0.0,0.0,0.0,0.0,0.0,0.0,0.0,0.0,0.0,0.0,0.0,0.0,0.0,0.0,0.0,0.0,0.0,0.0,...
1763031571,691595582,laser,-3.1241390705108643,3.1415927410125732,0.0034828970674425364,5.762231376138516e-05,0.10366254299879074,0.15000000596046448,16.0,inf,inf,inf,inf,inf,inf,inf,inf,inf,inf,inf,inf,inf,inf,inf,inf,inf,inf,inf,inf,inf,inf,inf,inf,inf,inf,inf,inf,10.368000030517578,10.368000030517578,10.368000030517578,10.368000030517578,10.368000030517578,inf,inf,inf,inf,inf,inf,inf,inf,inf,inf,inf,inf,inf,inf,inf,inf,inf,inf,3.815999984741211,3.815999984741211,3.815999984741211,3.815999984741211,3.815999984741211,3.75600004196167,3.75600004196167,3.75600004196167,3.747999906539917,3.747999906539917,3.74399995803833,3.740000009536743,3.74399995803833,3.747999906539917,3.752000093460083,2.880000114440918,2.880000114440918,2.880000114440918,2.819999933242798,2.819999933242798,2.819999933242798,2.7639999389648438,2.700000047683716,2.640000104904175,2.5959999561309814,2.5399999618530273,2.4800000190734863,2.431999921798706,2.384000062942505,2.3359999656677246,2.2960000038146973,2.2960000038146973,2.2639999389648438,2.2360000610351562,2.191999912261963,2.1480000019073486,2.115999937057495,2.0880000591278076,2.055999994277954,2.0260000228881836,2.002000093460083,1.9759999513626099,1.9459999799728394,1.9459999799728394,1.9259999990463257,1.9179999828338623,1.909999966621399,1.8960000276565552,1.8760000467300415,1.8559999465942383,1.8320000171661377,1.809999942779541,1.809999942779541,1.7879999876022339,1.7599999904632568,1.7400000095367432,1.7200000286102295,1.7020000219345093,1.684000015258789,1.6619999408721924,1.6299999952316284,1.5180000066757202,1.5180000066757202,1.50600004196167,1.4900000095367432,1.4900000095367432,1.4759999513626099,inf,inf,inf,1.409999966621399,1.409999966621399,1.409999966621399,1.409999966621399,1.409999966621399,1.399999976158142,1.399999976158142,...,0.0,0.0,0.0,0.0,0.0,0.0,0.0,0.0,0.0,0.0,0.0,0.0,0.0,0.0,0.0,0.0,0.0,0.0,0.0,47.0,47.0,47.0,47.0,47.0,0.0,0.0,0.0,0.0,0.0,0.0,0.0,0.0,0.0,0.0,0.0,0.0,0.0,0.0,0.0,0.0,0.0,0.0,0.0,0.0,0.0,0.0,0.0,0.0,0.0,0.0,0.0,0.0,0.0,0.0,0.0,0.0,0.0,0.0,0.0,0.0,0.0,0.0,0.0,0.0,0.0,0.0,0.0,0.0,0.0,0.0,0.0,0.0,0.0,0.0,0.0,0.0,0.0,0.0,0.0,0.0,0.0,0.0,0.0,0.0,0.0,0.0,0.0,0.0,0.0,0.0,47.0,47.0,47.0,47.0,47.0,0.0,0.0,0.0,0.0,0.0,0.0,0.0,0.0,0.0,0.0,0.0,0.0,0.0,0.0,0.0,0.0,0.0,0.0,0.0,0.0,0.0,0.0,0.0,0.0,0.0,0.0,0.0,0.0,0.0,0.0,0.0,0.0,0.0,...
1763031571,797048821,laser,-3.1241390705108643,3.1415927410125732,0.0034828970674425364,5.3630654292646796e-05,0.09648154675960541,0.15000000596046448,16.0,inf,inf,inf,inf,inf,inf,inf,inf,inf,inf,inf,inf,inf,inf,inf,inf,inf,inf,inf,inf,inf,inf,inf,inf,inf,inf,inf,inf,10.447999954223633,10.447999954223633,10.447999954223633,10.447999954223633,10.447999954223633,inf,inf,inf,inf,inf,inf,inf,inf,inf,inf,inf,inf,inf,inf,inf,inf,inf,inf,3.8959999084472656,3.8959999084472656,3.8959999084472656,3.8959999084472656,3.8959999084472656,3.808000087738037,3.808000087738037,3.747999906539917,3.74399995803833,3.74399995803833,3.74399995803833,3.740000009536743,3.74399995803833,3.747999906539917,3.752000093460083,2.940000057220459,2.940000057220459,2.940000057220459,2.880000114440918,2.815999984741211,2.747999906539917,2.747999906539917,2.635999917984009,2.635999917984009,2.5880000591278076,2.5320000648498535,2.4760000705718994,2.4240000247955322,2.375999927520752,2.3359999656677246,2.2920000553131104,2.2360000610351562,2.2360000610351562,2.191999912261963,2.191999912261963,2.1480000019073486,2.115999937057495,2.0880000591278076,2.052000045776367,2.0160000324249268,1.9919999837875366,1.9839999675750732,1.965999960899353,1.965999960899353,1.9539999961853027,1.944000005722046,1.9220000505447388,1.9019999504089355,1.8819999694824219,1.8559999465942383,1.8339999914169312,1.8079999685287476,1.8079999685287476,1.781999945640564,1.7599999904632568,1.7339999675750732,1.7139999866485596,1.6979999542236328,1.6779999732971191,1.656000018119812,1.5099999904632568,1.4980000257492065,1.4980000257492065,1.4980000257492065,1.4980000257492065,1.4859999418258667,1.4759999513626099,inf,inf,inf,1.406000018119812,1.406000018119812,1.406000018119812,1.406000018119812,1.406000018119812,1.3960000276565552,1.3960000276565552,...,0.0,0.0,0.0,0.0,0.0,0.0,0.0,0.0,0.0,0.0,0.0,0.0,0.0,0.0,0.0,0.0,0.0,0.0,0.0,0.0,0.0,0.0,0.0,0.0,0.0,0.0,0.0,0.0,0.0,0.0,0.0,0.0,0.0,0.0,0.0,0.0,0.0,0.0,0.0,0.0,0.0,0.0,0.0,0.0,0.0,0.0,0.0,0.0,0.0,0.0,0.0,0.0,0.0,0.0,0.0,0.0,0.0,0.0,0.0,0.0,0.0,0.0,0.0,0.0,0.0,0.0,0.0,0.0,0.0,0.0,0.0,0.0,0.0,0.0,0.0,0.0,0.0,0.0,0.0,0.0,0.0,0.0,0.0,0.0,0.0,0.0,0.0,0.0,0.0,0.0,47.0,47.0,47.0,47.0,47.0,0.0,0.0,0.0,0.0,0.0,0.0,0.0,0.0,0.0,0.0,0.0,0.0,0.0,0.0,0.0,0.0,0.0,0.0,0.0,0.0,0.0,0.0,0.0,0.0,0.0,0.0,0.0,0.0,0.0,0.0,0.0,47.0,47.0,...
1763031571,895559636,laser,-3.1241390705108643,3.1415927410125732,0.0034828970674425364,5.348221748135984e-05,0.09621451050043106,0.15000000596046448,16.0,inf,inf,inf,inf,inf,inf,inf,inf,inf,inf,inf,inf,inf,inf,inf,inf,inf,inf,inf,inf,inf,inf,inf,inf,inf,inf,inf,inf,10.359999656677246,10.359999656677246,10.359999656677246,10.359999656677246,10.359999656677246,inf,inf,inf,inf,inf,inf,inf,inf,inf,inf,inf,inf,inf,inf,inf,inf,inf,inf,inf,inf,3.7639999389648438,3.7639999389648438,3.7639999389648438,3.7639999389648438,3.7639999389648438,3.75600004196167,3.75600004196167,3.74399995803833,3.74399995803833,3.740000009536743,3.74399995803833,3.747999906539917,3.752000093460083,2.880000114440918,2.880000114440918,2.8239998817443848,2.8239998817443848,2.8239998817443848,2.7679998874664307,2.7679998874664307,2.640000104904175,2.640000104904175,2.5920000076293945,2.5399999618530273,2.4800000190734863,2.431999921798706,2.384000062942505,2.3359999656677246,2.2920000553131104,2.2639999389648438,2.240000009536743,2.240000009536743,2.196000099182129,2.1519999504089355,2.115999937057495,2.0880000591278076,2.053999900817871,2.0239999294281006,1.99399995803833,1.965999960899353,1.9359999895095825,1.906000018119812,1.906000018119812,1.8639999628067017,1.8639999628067017,1.8480000495910645,1.8259999752044678,1.8220000267028809,1.8179999589920044,1.8020000457763672,1.781999945640564,1.7599999904632568,1.7599999904632568,1.7359999418258667,1.715999960899353,1.7000000476837158,1.6820000410079956,1.659999966621399,1.6360000371932983,1.5180000066757202,1.5180000066757202,1.5,1.4880000352859497,1.4819999933242798,1.4819999933242798,inf,inf,inf,inf,inf,1.4140000343322754,1.4140000343322754,1.4140000343322754,1.4140000343322754,1.4140000343322754,...,0.0,0.0,0.0,0.0,0.0,0.0,0.0,0.0,0.0,0.0,0.0,0.0,0.0,0.0,0.0,0.0,0.0,0.0,0.0,47.0,47.0,47.0,47.0,47.0,0.0,0.0,0.0,0.0,0.0,0.0,0.0,0.0,0.0,0.0,0.0,0.0,0.0,0.0,0.0,0.0,0.0,0.0,0.0,0.0,0.0,0.0,0.0,0.0,0.0,0.0,0.0,0.0,0.0,0.0,0.0,0.0,0.0,0.0,0.0,0.0,0.0,0.0,0.0,0.0,0.0,0.0,0.0,0.0,0.0,47.0,47.0,47.0,47.0,47.0,0.0,0.0,0.0,0.0,0.0,0.0,0.0,0.0,0.0,0.0,0.0,0.0,0.0,0.0,0.0,0.0,47.0,47.0,47.0,47.0,47.0,0.0,0.0,0.0,0.0,0.0,0.0,0.0,0.0,0.0,0.0,0.0,0.0,0.0,0.0,0.0,0.0,0.0,0.0,0.0,0.0,0.0,0.0,0.0,0.0,0.0,0.0,0.0,0.0,0.0,0.0,0.0,0.0,0.0,...
1763031571,993400936,laser,-3.1241390705108643,3.1415927410125732,0.0034828970674425364,5.3736519475933164e-05,0.09667199850082397,0.15000000596046448,16.0,inf,inf,inf,inf,inf,inf,inf,inf,inf,inf,inf,inf,inf,inf,inf,inf,inf,inf,inf,inf,inf,inf,inf,inf,inf,inf,inf,10.432000160217285,10.432000160217285,10.432000160217285,10.432000160217285,10.432000160217285,inf,inf,inf,inf,inf,inf,inf,inf,inf,inf,inf,inf,inf,inf,inf,inf,inf,inf,inf,inf,3.875999927520752,3.875999927520752,3.875999927520752,3.875999927520752,3.875999927520752,3.7880001068115234,3.747999906539917,3.747999906539917,3.747999906539917,3.74399995803833,3.740000009536743,3.74399995803833,3.747999906539917,3.752000093460083,3.752000093460083,2.880000114440918,2.880000114440918,2.880000114440918,2.880000114440918,2.815999984741211,2.74399995803833,2.684000015258789,2.640000104904175,2.5880000591278076,2.5360000133514404,2.4800000190734863,2.4240000247955322,2.375999927520752,2.3359999656677246,2.3359999656677246,2.2920000553131104,2.2360000610351562,2.2119998931884766,2.191999912261963,2.1480000019073486,2.115999937057495,2.0880000591278076,2.052000045776367,2.052000045776367,1.9839999675750732,1.9839999675750732,1.9539999961853027,1.9160000085830688,1.8980000019073486,1.8760000467300415,1.8580000400543213,1.8459999561309814,1.8339999914169312,1.8279999494552612,1.815999984741211,1.815999984741211,1.7999999523162842,1.781999945640564,1.7599999904632568,1.7339999675750732,1.7139999866485596,1.6979999542236328,1.6759999990463257,1.6540000438690186,1.6540000438690186,1.5099999904632568,1.4980000257492065,1.4980000257492065,1.4980000257492065,1.4839999675750732,inf,inf,inf,inf,inf,1.406000018119812,1.406000018119812,1.406000018119812,1.406000018119812,1.406000018119812,1.3919999599456787,...,0.0,0.0,0.0,0.0,0.0,0.0,0.0,0.0,0.0,0.0,0.0,0.0,0.0,0.0,0.0,0.0,0.0,0.0,0.0,0.0,0.0,0.0,0.0,0.0,0.0,0.0,0.0,0.0,0.0,0.0,0.0,0.0,0.0,0.0,0.0,0.0,0.0,0.0,0.0,0.0,0.0,0.0,0.0,0.0,0.0,0.0,0.0,0.0,0.0,0.0,0.0,0.0,0.0,0.0,0.0,0.0,0.0,0.0,0.0,0.0,0.0,0.0,0.0,0.0,0.0,0.0,0.0,0.0,0.0,0.0,0.0,0.0,0.0,0.0,0.0,0.0,0.0,0.0,0.0,0.0,0.0,0.0,0.0,0.0,0.0,0.0,0.0,0.0,0.0,0.0,0.0,47.0,47.0,47.0,47.0,47.0,0.0,0.0,0.0,0.0,0.0,0.0,0.0,0.0,0.0,0.0,0.0,0.0,0.0,0.0,0.0,0.0,0.0,0.0,0.0,0.0,0.0,0.0,0.0,0.0,0.0,0.0,0.0,47.0,47.0,47.0,47.0,47.0,...
1763031572,91872262,laser,-3.1241390705108643,3.1415927410125732,0.0034828970674425364,5.70163392694667e-05,0.10257238894701004,0.15000000596046448,16.0,inf,inf,inf,inf,inf,inf,inf,inf,inf,inf,inf,inf,inf,inf,inf,inf,inf,inf,inf,inf,inf,inf,inf,inf,inf,inf,inf,inf,inf,inf,inf,inf,inf,inf,inf,inf,inf,inf,inf,inf,inf,inf,inf,inf,inf,inf,inf,inf,inf,inf,inf,inf,3.7639999389648438,3.7639999389648438,3.7639999389648438,3.7639999389648438,3.7639999389648438,3.74399995803833,3.74399995803833,3.74399995803833,3.7360000610351562,3.740000009536743,3.740000009536743,3.747999906539917,3.752000093460083,3.752000093460083,2.8959999084472656,2.8959999084472656,2.8959999084472656,2.8959999084472656,2.8559999465942383,2.7920000553131104,2.7279999256134033,2.671999931335449,2.619999885559082,2.619999885559082,2.563999891281128,2.503999948501587,2.4560000896453857,2.4000000953674316,2.3440001010894775,2.303999900817871,2.2880001068115234,2.200000047683716,2.200000047683716,2.1679999828338623,2.1679999828338623,2.135999917984009,2.0999999046325684,2.063999891281128,2.0399999618530273,2.0220000743865967,2.003999948501587,1.9859999418258667,1.9759999513626099,1.9759999513626099,1.9579999446868896,1.937999963760376,1.9179999828338623,1.8960000276565552,1.8700000047683716,1.843999981880188,1.8200000524520874,1.7940000295639038,1.7699999809265137,1.7699999809265137,1.75,1.7300000190734863,1.7100000381469727,1.6859999895095825,1.6640000343322754,1.6419999599456787,1.5180000066757202,1.5080000162124634,1.5080000162124634,1.496000051498413,1.4839999675750732,1.4739999771118164,1.4739999771118164,inf,inf,1.4140000343322754,1.4140000343322754,1.4140000343322754,1.4140000343322754,1.4140000343322754,1.399999976158142,1.399999976158142,...,0.0,0.0,0.0,0.0,0.0,0.0,0.0,0.0,0.0,0.0,0.0,0.0,0.0,0.0,0.0,0.0,0.0,0.0,47.0,47.0,47.0,47.0,47.0,0.0,0.0,0.0,0.0,0.0,0.0,0.0,0.0,0.0,0.0,0.0,0.0,0.0,0.0,0.0,0.0,0.0,0.0,0.0,0.0,0.0,0.0,0.0,0.0,0.0,0.0,0.0,0.0,0.0,0.0,0.0,0.0,0.0,0.0,0.0,0.0,0.0,0.0,0.0,0.0,0.0,0.0,0.0,0.0,0.0,0.0,0.0,0.0,0.0,0.0,0.0,0.0,0.0,0.0,0.0,0.0,0.0,0.0,0.0,0.0,0.0,0.0,0.0,0.0,0.0,0.0,0.0,0.0,0.0,0.0,0.0,0.0,0.0,0.0,0.0,0.0,0.0,0.0,0.0,0.0,0.0,0.0,0.0,0.0,0.0,0.0,0.0,0.0,0.0,0.0,0.0,0.0,0.0,0.0,0.0,0.0,0.0,0.0,0.0,0.0,0.0,0.0,0.0,0.0,0.0,...
1763031572,195574195,laser,-3.1241390705108643,3.1415927410125732,0.0034828970674425364,5.396321284933947e-05,0.0970798209309578,0.15000000596046448,16.0,inf,inf,inf,inf,inf,inf,inf,inf,inf,inf,inf,inf,inf,inf,inf,inf,inf,inf,inf,inf,inf,inf,inf,inf,inf,inf,inf,inf,inf,inf,inf,inf,inf,inf,inf,inf,inf,inf,inf,inf,inf,inf,inf,inf,inf,inf,inf,inf,inf,inf,3.875999927520752,3.875999927520752,3.875999927520752,3.875999927520752,3.875999927520752,3.7839999198913574,3.7839999198913574,3.7839999198913574,3.7839999198913574,3.74399995803833,3.74399995803833,3.752000093460083,3.747999906539917,3.74399995803833,3.747999906539917,2.9200000762939453,2.9200000762939453,2.9200000762939453,2.868000030517578,2.868000030517578,2.868000030517578,2.7920000553131104,2.7279999256134033,2.6679999828338623,2.615999937057495,2.563999891281128,2.503999948501587,2.4560000896453857,2.4040000438690186,2.359999895095825,2.359999895095825,2.319999933242798,2.2880001068115234,2.196000099182129,2.196000099182129,2.180000066757202,2.135999917984009,2.111999988555908,2.0799999237060547,2.0439999103546143,2.0239999294281006,2.0239999294281006,2.002000093460083,1.9819999933242798,1.9739999771118164,1.9579999446868896,1.940000057220459,1.9199999570846558,1.899999976158142,1.899999976158142,1.8739999532699585,1.850000023841858,1.8240000009536743,1.7960000038146973,1.7719999551773071,1.75,1.7300000190734863,1.7079999446868896,1.6859999895095825,1.6640000343322754,1.6640000343322754,1.6460000276565552,1.5299999713897705,1.5299999713897705,1.5080000162124634,1.496000051498413,1.4859999418258667,inf,inf,inf,inf,inf,inf,1.399999976158142,1.399999976158142,1.399999976158142,1.399999976158142,1.399999976158142,...,0.0,0.0,0.0,0.0,0.0,0.0,0.0,0.0,0.0,0.0,0.0,0.0,0.0,0.0,0.0,0.0,0.0,0.0,0.0,0.0,0.0,0.0,0.0,0.0,0.0,0.0,0.0,0.0,0.0,0.0,0.0,0.0,0.0,0.0,0.0,0.0,0.0,0.0,0.0,0.0,0.0,0.0,0.0,0.0,0.0,0.0,0.0,0.0,0.0,0.0,0.0,0.0,0.0,0.0,0.0,0.0,0.0,0.0,0.0,0.0,0.0,0.0,0.0,0.0,0.0,0.0,0.0,0.0,0.0,0.0,0.0,0.0,0.0,0.0,0.0,0.0,0.0,0.0,0.0,0.0,0.0,0.0,0.0,0.0,0.0,0.0,0.0,0.0,0.0,0.0,0.0,0.0,0.0,0.0,0.0,0.0,0.0,0.0,0.0,0.0,0.0,0.0,0.0,0.0,0.0,0.0,0.0,0.0,0.0,0.0,0.0,0.0,0.0,0.0,0.0,0.0,0.0,0.0,0.0,0.0,0.0,0.0,0.0,0.0,0.0,0.0,0.0,0.0,...
1763031572,293696187,laser,-3.1241390705108643,3.1415927410125732,0.0034828970674425364,5.407163916970603e-05,0.09727487713098526,0.15000000596046448,16.0,inf,inf,inf,inf,inf,inf,inf,inf,inf,inf,inf,inf,inf,inf,inf,inf,inf,inf,inf,inf,inf,inf,inf,inf,inf,inf,inf,10.399999618530273,10.399999618530273,10.399999618530273,10.399999618530273,10.399999618530273,inf,inf,inf,inf,inf,inf,inf,inf,inf,inf,inf,inf,inf,inf,4.71999979019165,4.71999979019165,4.71999979019165,4.71999979019165,4.71999979019165,inf,inf,3.7839999198913574,3.7839999198913574,3.7839999198913574,3.7839999198913574,3.7839999198913574,3.74399995803833,3.74399995803833,3.7360000610351562,3.740000009536743,3.747999906539917,3.747999906539917,3.747999906539917,3.747999906539917,2.9079999923706055,2.8519999980926514,2.8519999980926514,2.8519999980926514,2.8519999980926514,2.7920000553131104,2.7279999256134033,2.671999931335449,2.619999885559082,2.568000078201294,2.5160000324249268,2.4639999866485596,2.4639999866485596,2.359999895095825,2.359999895095825,2.319999933242798,2.2920000553131104,2.180000066757202,2.180000066757202,2.180000066757202,2.1440000534057617,2.111999988555908,2.069999933242798,2.069999933242798,2.0420000553131104,2.0,1.9639999866485596,1.9420000314712524,1.909999966621399,1.8839999437332153,1.8600000143051147,1.8339999914169312,1.8140000104904175,1.7999999523162842,1.7999999523162842,1.7899999618530273,1.784000039100647,1.777999997138977,1.7619999647140503,1.746000051498413,1.7300000190734863,1.7079999446868896,1.6859999895095825,1.6859999895095825,1.6640000343322754,1.6460000276565552,1.50600004196167,1.50600004196167,1.4919999837875366,1.4919999837875366,1.4800000190734863,1.465999960899353,inf,inf,inf,inf,1.3980000019073486,1.3980000019073486,1.3980000019073486,1.3980000019073486,1.3980000019073486,1.3839999437332153,...,0.0,0.0,0.0,0.0,0.0,0.0,0.0,0.0,0.0,0.0,0.0,0.0,0.0,0.0,0.0,0.0,0.0,0.0,0.0,0.0,0.0,0.0,0.0,0.0,0.0,0.0,0.0,0.0,0.0,0.0,0.0,0.0,0.0,0.0,0.0,0.0,0.0,0.0,0.0,0.0,0.0,0.0,0.0,0.0,0.0,0.0,0.0,0.0,0.0,0.0,0.0,0.0,0.0,0.0,0.0,0.0,0.0,0.0,0.0,0.0,0.0,0.0,0.0,0.0,0.0,0.0,0.0,0.0,0.0,0.0,47.0,47.0,47.0,47.0,47.0,0.0,0.0,0.0,0.0,0.0,0.0,0.0,0.0,0.0,0.0,0.0,0.0,0.0,0.0,0.0,0.0,47.0,47.0,47.0,47.0,47.0,0.0,0.0,0.0,0.0,0.0,0.0,0.0,0.0,0.0,0.0,0.0,0.0,0.0,0.0,0.0,0.0,0.0,0.0,0.0,0.0,0.0,0.0,0.0,0.0,0.0,0.0,0.0,0.0,0.0,0.0,0.0,0.0,...
1763031572,392742929,laser,-3.1241390705108643,3.1415927410125732,0.0034828970674425364,5.361876901588403e-05,0.09646016359329224,0.15000000596046448,16.0,inf,inf,inf,inf,inf,inf,inf,inf,inf,inf,inf,inf,inf,inf,inf,inf,inf,inf,inf,inf,inf,inf,inf,inf,inf,inf,inf,inf,inf,inf,inf,inf,inf,inf,inf,inf,inf,inf,inf,inf,inf,inf,inf,inf,inf,inf,inf,inf,inf,inf,3.868000030517578,3.868000030517578,3.868000030517578,3.868000030517578,3.868000030517578,3.7839999198913574,3.7839999198913574,3.7839999198913574,3.7839999198913574,3.74399995803833,3.74399995803833,3.74399995803833,3.740000009536743,3.74399995803833,3.747999906539917,3.747999906539917,3.747999906539917,2.9119999408721924,2.864000082015991,2.864000082015991,2.864000082015991,2.7320001125335693,2.680000066757202,2.680000066757202,2.631999969482422,2.568000078201294,2.5280001163482666,2.4040000438690186,2.359999895095825,2.359999895095825,2.359999895095825,2.3359999656677246,2.303999900817871,2.196000099182129,2.196000099182129,2.187999963760376,2.1519999504089355,2.111999988555908,2.0799999237060547,2.049999952316284,2.049999952316284,1.9800000190734863,1.9800000190734863,1.9559999704360962,1.9220000505447388,1.899999976158142,1.8839999437332153,1.8739999532699585,1.8700000047683716,1.8559999465942383,1.840000033378601,1.840000033378601,1.8240000009536743,1.8040000200271606,1.7799999713897705,1.75600004196167,1.7300000190734863,1.7100000381469727,1.6920000314712524,1.6699999570846558,1.6699999570846558,1.6480000019073486,1.5399999618530273,1.5399999618530273,1.5099999904632568,1.496000051498413,1.4859999418258667,1.4759999513626099,inf,inf,inf,inf,inf,1.4040000438690186,1.4040000438690186,1.4040000438690186,1.4040000438690186,1.4040000438690186,...,0.0,0.0,0.0,0.0,0.0,0.0,0.0,0.0,0.0,0.0,0.0,0.0,0.0,0.0,0.0,0.0,0.0,0.0,0.0,0.0,0.0,0.0,0.0,0.0,0.0,0.0,0.0,0.0,0.0,0.0,0.0,0.0,0.0,0.0,0.0,0.0,0.0,0.0,0.0,0.0,0.0,0.0,0.0,0.0,0.0,0.0,0.0,0.0,0.0,0.0,0.0,0.0,0.0,0.0,0.0,0.0,0.0,0.0,0.0,47.0,47.0,47.0,47.0,47.0,0.0,0.0,0.0,0.0,0.0,0.0,0.0,0.0,0.0,0.0,0.0,0.0,0.0,0.0,0.0,0.0,0.0,0.0,0.0,0.0,0.0,0.0,0.0,0.0,0.0,0.0,0.0,0.0,0.0,0.0,0.0,0.0,0.0,0.0,0.0,0.0,0.0,0.0,0.0,0.0,0.0,0.0,0.0,0.0,0.0,0.0,0.0,0.0,0.0,0.0,0.0,0.0,0.0,0.0,0.0,0.0,0.0,0.0,0.0,0.0,0.0,0.0,0.0,0.0,...
1763031572,490222223,laser,-3.1241390705108643,3.1415927410125732,0.0034828970674425364,5.747022441937588e-05,0.10338892787694931,0.15000000596046448,16.0,inf,inf,inf,inf,inf,inf,inf,inf,inf,inf,inf,inf,inf,inf,inf,inf,inf,inf,inf,inf,inf,inf,inf,inf,inf,inf,inf,inf,inf,inf,inf,inf,inf,inf,inf,inf,inf,inf,inf,inf,inf,inf,inf,inf,inf,inf,inf,inf,inf,inf,inf,inf,3.888000011444092,3.888000011444092,3.888000011444092,3.888000011444092,3.888000011444092,3.803999900817871,3.803999900817871,3.74399995803833,3.74399995803833,3.74399995803833,3.74399995803833,3.747999906539917,3.747999906539917,3.747999906539917,3.747999906539917,2.884000062942505,2.884000062942505,2.884000062942505,2.884000062942505,2.808000087738037,2.7320001125335693,2.680000066757202,2.640000104904175,2.5880000591278076,2.5360000133514404,2.48799991607666,2.48799991607666,2.375999927520752,2.375999927520752,2.3359999656677246,2.299999952316284,2.200000047683716,2.187999963760376,2.187999963760376,2.1519999504089355,2.111999988555908,2.0799999237060547,2.052000045776367,2.052000045776367,2.0199999809265137,1.9980000257492065,1.9759999513626099,1.9559999704360962,1.944000005722046,1.934000015258789,1.9179999828338623,1.9019999504089355,1.9019999504089355,1.878000020980835,1.8519999980926514,1.8300000429153442,1.8040000200271606,1.7799999713897705,1.75600004196167,1.7319999933242798,1.7100000381469727,1.6920000314712524,1.6699999570846558,1.6699999570846558,1.6480000019073486,1.534000039100647,1.5099999904632568,1.5099999904632568,1.496000051498413,1.4839999675750732,1.4759999513626099,inf,inf,inf,inf,1.4040000438690186,1.4040000438690186,1.4040000438690186,1.4040000438690186,1.4040000438690186,1.3940000534057617,...,0.0,0.0,0.0,0.0,0.0,0.0,0.0,0.0,0.0,0.0,0.0,0.0,0.0,0.0,0.0,0.0,0.0,0.0,0.0,0.0,0.0,0.0,0.0,0.0,0.0,0.0,0.0,0.0,0.0,0.0,0.0,0.0,0.0,0.0,0.0,0.0,0.0,0.0,0.0,0.0,0.0,0.0,0.0,0.0,0.0,0.0,0.0,0.0,0.0,0.0,0.0,0.0,0.0,0.0,0.0,0.0,0.0,0.0,0.0,0.0,0.0,0.0,0.0,0.0,0.0,0.0,0.0,0.0,0.0,0.0,0.0,0.0,0.0,0.0,0.0,0.0,0.0,0.0,0.0,0.0,0.0,0.0,0.0,0.0,0.0,0.0,0.0,0.0,0.0,0.0,0.0,47.0,47.0,47.0,47.0,47.0,0.0,0.0,0.0,0.0,0.0,0.0,0.0,0.0,0.0,0.0,0.0,0.0,0.0,0.0,0.0,0.0,0.0,0.0,0.0,0.0,0.0,0.0,0.0,0.0,0.0,0.0,0.0,0.0,0.0,0.0,0.0,0.0,...
1763031572,594993774,laser,-3.1241390705108643,3.1415927410125732,0.0034828970674425364,5.3854353609494865e-05,0.09688398241996765,0.15000000596046448,16.0,inf,inf,inf,inf,inf,inf,inf,inf,inf,inf,inf,inf,inf,inf,inf,inf,inf,inf,inf,inf,inf,inf,inf,inf,inf,inf,inf,inf,inf,10.319999694824219,10.319999694824219,10.319999694824219,10.319999694824219,10.319999694824219,inf,inf,inf,inf,inf,inf,inf,inf,inf,inf,inf,inf,inf,inf,inf,inf,3.9119999408721924,3.9119999408721924,3.9119999408721924,3.9119999408721924,3.9119999408721924,3.812000036239624,3.812000036239624,3.812000036239624,3.75600004196167,3.74399995803833,3.74399995803833,3.74399995803833,3.74399995803833,3.747999906539917,3.747999906539917,3.752000093460083,2.884000062942505,2.884000062942505,2.819999933242798,2.819999933242798,2.819999933242798,2.747999906539917,2.747999906539917,2.635999917984009,2.635999917984009,2.5880000591278076,2.5360000133514404,2.4839999675750732,2.444000005722046,2.3359999656677246,2.3359999656677246,2.2960000038146973,2.247999906539917,2.247999906539917,2.187999963760376,2.187999963760376,2.1480000019073486,2.1080000400543213,2.0799999237060547,2.053999900817871,2.0139999389648438,1.9839999675750732,1.965999960899353,1.934000015258789,1.934000015258789,1.9079999923706055,1.8899999856948853,1.878000020980835,1.8700000047683716,1.8539999723434448,1.8420000076293945,1.8279999494552612,1.8020000457763672,1.8020000457763672,1.7799999713897705,1.7599999904632568,1.7359999418258667,1.7139999866485596,1.6959999799728394,1.6759999990463257,1.656000018119812,1.628000020980835,1.5140000581741333,1.5140000581741333,1.496000051498413,1.496000051498413,1.4839999675750732,1.4759999513626099,inf,inf,inf,inf,inf,1.4040000438690186,1.4040000438690186,1.4040000438690186,1.4040000438690186,1.4040000438690186,...,0.0,0.0,0.0,0.0,0.0,0.0,0.0,0.0,0.0,0.0,0.0,0.0,0.0,0.0,0.0,0.0,0.0,0.0,47.0,47.0,47.0,47.0,47.0,0.0,0.0,0.0,0.0,0.0,0.0,0.0,0.0,0.0,0.0,0.0,0.0,0.0,0.0,0.0,0.0,0.0,0.0,0.0,0.0,0.0,0.0,0.0,0.0,0.0,0.0,0.0,0.0,0.0,0.0,0.0,0.0,0.0,0.0,0.0,0.0,0.0,0.0,0.0,0.0,0.0,0.0,0.0,0.0,0.0,0.0,0.0,0.0,0.0,0.0,0.0,0.0,0.0,0.0,0.0,0.0,0.0,0.0,0.0,0.0,0.0,0.0,0.0,0.0,0.0,0.0,0.0,0.0,0.0,0.0,0.0,0.0,0.0,0.0,0.0,0.0,0.0,0.0,0.0,0.0,0.0,0.0,0.0,0.0,0.0,0.0,0.0,0.0,0.0,0.0,0.0,0.0,0.0,0.0,0.0,0.0,0.0,0.0,0.0,0.0,0.0,0.0,0.0,0.0,0.0,...
1763031572,693560953,laser,-3.1241390705108643,3.1415927410125732,0.0034828970674425364,5.372061059460975e-05,0.0966433733701706,0.15000000596046448,16.0,inf,inf,inf,inf,inf,inf,inf,inf,inf,inf,inf,inf,inf,inf,inf,inf,inf,inf,inf,inf,inf,inf,inf,inf,inf,inf,inf,10.407999992370605,10.407999992370605,10.407999992370605,10.407999992370605,10.407999992370605,inf,inf,inf,inf,inf,inf,inf,inf,inf,inf,inf,inf,inf,inf,inf,inf,inf,inf,inf,inf,3.7639999389648438,3.7639999389648438,3.7639999389648438,3.7639999389648438,3.7639999389648438,3.74399995803833,3.74399995803833,3.74399995803833,3.7360000610351562,3.74399995803833,3.747999906539917,3.752000093460083,3.752000093460083,3.752000093460083,2.888000011444092,2.888000011444092,2.888000011444092,2.888000011444092,2.8399999141693115,2.7920000553131104,2.7200000286102295,2.6519999504089355,2.611999988555908,2.559999942779541,2.559999942779541,2.503999948501587,2.4560000896453857,2.3919999599456787,2.3440001010894775,2.308000087738037,2.2960000038146973,2.191999912261963,2.191999912261963,2.1600000858306885,2.119999885559082,2.0959999561309814,2.0959999561309814,2.063999891281128,2.0320000648498535,2.002000093460083,1.972000002861023,1.9420000314712524,1.9040000438690186,1.8799999952316284,1.871999979019165,1.8600000143051147,1.843999981880188,1.843999981880188,1.8420000076293945,1.8279999494552612,1.809999942779541,1.7899999618530273,1.7680000066757202,1.746000051498413,1.7259999513626099,1.7059999704360962,1.7059999704360962,1.684000015258789,1.6660000085830688,1.6440000534057617,1.5260000228881836,1.50600004196167,1.50600004196167,1.4900000095367432,1.4800000190734863,1.465999960899353,1.465999960899353,1.465999960899353,1.4279999732971191,1.4279999732971191,1.4279999732971191,1.399999976158142,1.399999976158142,1.399999976158142,1.3819999694824219,1.3819999694824219,...,0.0,0.0,0.0,0.0,0.0,0.0,0.0,0.0,0.0,0.0,0.0,0.0,0.0,0.0,0.0,0.0,0.0,0.0,0.0,0.0,0.0,0.0,0.0,0.0,0.0,0.0,0.0,0.0,0.0,0.0,0.0,0.0,0.0,0.0,0.0,0.0,0.0,0.0,0.0,0.0,0.0,0.0,0.0,0.0,0.0,0.0,0.0,0.0,0.0,0.0,0.0,0.0,0.0,0.0,0.0,0.0,0.0,0.0,0.0,0.0,0.0,0.0,0.0,0.0,0.0,0.0,0.0,0.0,0.0,0.0,47.0,47.0,47.0,47.0,47.0,0.0,0.0,0.0,0.0,0.0,0.0,0.0,0.0,0.0,0.0,0.0,0.0,0.0,0.0,0.0,0.0,47.0,47.0,47.0,47.0,47.0,0.0,0.0,0.0,0.0,0.0,0.0,0.0,0.0,0.0,0.0,0.0,0.0,0.0,0.0,0.0,0.0,0.0,0.0,0.0,0.0,0.0,0.0,0.0,0.0,0.0,0.0,0.0,47.0,47.0,47.0,47.0,47.0,...
1763031572,791721423,laser,-3.1241390705108643,3.1415927410125732,0.0034828970674425364,5.372407758841291e-05,0.09664961695671082,0.15000000596046448,16.0,inf,inf,inf,inf,inf,inf,inf,inf,inf,inf,inf,inf,inf,inf,inf,inf,inf,inf,inf,inf,inf,inf,inf,inf,inf,inf,inf,inf,inf,10.5600004196167,10.5600004196167,10.5600004196167,10.5600004196167,10.5600004196167,inf,inf,inf,inf,inf,inf,inf,inf,inf,inf,inf,inf,inf,inf,inf,inf,inf,3.7920000553131104,3.7920000553131104,3.7920000553131104,3.7920000553131104,3.7920000553131104,3.747999906539917,3.747999906539917,3.747999906539917,3.747999906539917,3.74399995803833,3.747999906539917,3.747999906539917,3.747999906539917,3.747999906539917,3.747999906539917,3.752000093460083,2.936000108718872,2.936000108718872,2.936000108718872,2.884000062942505,2.7320001125335693,2.7320001125335693,2.680000066757202,2.628000020980835,2.572000026702881,2.5280001163482666,2.4200000762939453,2.4200000762939453,2.380000114440918,2.380000114440918,2.3359999656677246,2.299999952316284,2.200000047683716,2.200000047683716,2.187999963760376,2.135999917984009,2.0959999561309814,2.0759999752044678,2.0439999103546143,2.009999990463257,2.009999990463257,1.9839999675750732,1.9559999704360962,1.9259999990463257,1.909999966621399,1.9019999504089355,1.8940000534057617,1.8839999437332153,1.8680000305175781,1.8680000305175781,1.843999981880188,1.8259999752044678,1.8040000200271606,1.777999997138977,1.753999948501587,1.7319999933242798,1.7100000381469727,1.687999963760376,1.6660000085830688,1.6660000085830688,1.649999976158142,1.5080000162124634,1.5080000162124634,1.5080000162124634,1.4980000257492065,1.4859999418258667,inf,inf,inf,inf,1.399999976158142,1.399999976158142,1.399999976158142,1.399999976158142,1.399999976158142,1.3880000114440918,1.3880000114440918,...,0.0,0.0,0.0,0.0,0.0,0.0,0.0,0.0,0.0,0.0,0.0,0.0,0.0,0.0,0.0,0.0,0.0,0.0,47.0,47.0,47.0,47.0,47.0,0.0,0.0,0.0,0.0,0.0,0.0,0.0,0.0,0.0,0.0,0.0,0.0,0.0,0.0,0.0,0.0,0.0,0.0,0.0,0.0,0.0,0.0,0.0,0.0,0.0,0.0,0.0,0.0,0.0,0.0,0.0,0.0,0.0,0.0,0.0,0.0,0.0,0.0,0.0,0.0,0.0,0.0,0.0,0.0,0.0,0.0,0.0,0.0,0.0,0.0,0.0,0.0,0.0,0.0,0.0,0.0,0.0,0.0,0.0,0.0,0.0,0.0,0.0,0.0,0.0,0.0,0.0,0.0,0.0,0.0,0.0,0.0,0.0,0.0,0.0,0.0,0.0,0.0,0.0,0.0,0.0,0.0,0.0,0.0,0.0,0.0,0.0,0.0,0.0,0.0,0.0,0.0,0.0,0.0,0.0,0.0,0.0,0.0,0.0,0.0,0.0,0.0,0.0,0.0,0.0,...
1763031572,889927603,laser,-3.1241390705108643,3.1415927410125732,0.0034828970674425364,5.374954344006255e-05,0.0966954305768013,0.15000000596046448,16.0,inf,inf,inf,inf,inf,inf,inf,inf,inf,inf,inf,inf,inf,inf,inf,inf,inf,inf,inf,inf,inf,inf,inf,inf,inf,inf,inf,inf,10.312000274658203,10.312000274658203,10.312000274658203,10.312000274658203,10.312000274658203,inf,inf,inf,inf,inf,inf,inf,inf,inf,inf,inf,inf,inf,inf,inf,inf,inf,inf,inf,inf,3.7639999389648438,3.7639999389648438,3.7639999389648438,3.7639999389648438,3.7639999389648438,3.752000093460083,3.752000093460083,3.74399995803833,3.74399995803833,3.740000009536743,3.74399995803833,3.747999906539917,3.752000093460083,2.888000011444092,2.888000011444092,2.819999933242798,2.819999933242798,2.819999933242798,2.759999990463257,2.759999990463257,2.640000104904175,2.640000104904175,2.5999999046325684,2.5439999103546143,2.4839999675750732,2.440000057220459,2.3359999656677246,2.3359999656677246,2.2920000553131104,2.2679998874664307,2.2679998874664307,2.24399995803833,2.200000047683716,2.1640000343322754,2.115999937057495,2.0799999237060547,2.053999900817871,2.0260000228881836,2.007999897003174,1.9919999837875366,1.9700000286102295,1.9700000286102295,1.9579999446868896,1.9500000476837158,1.9320000410079956,1.909999966621399,1.8839999437332153,1.8580000400543213,1.8339999914169312,1.809999942779541,1.809999942779541,1.7860000133514404,1.7619999647140503,1.7400000095367432,1.7200000286102295,1.7000000476837158,1.6820000410079956,1.6579999923706055,1.5099999904632568,1.5099999904632568,1.5099999904632568,1.5,1.5,1.4859999418258667,1.4759999513626099,inf,inf,inf,inf,inf,1.409999966621399,1.409999966621399,1.409999966621399,1.409999966621399,1.409999966621399,...,0.0,0.0,0.0,0.0,0.0,0.0,0.0,0.0,0.0,0.0,0.0,0.0,0.0,0.0,0.0,0.0,0.0,0.0,0.0,47.0,47.0,47.0,47.0,47.0,0.0,0.0,0.0,0.0,0.0,0.0,0.0,0.0,0.0,0.0,0.0,0.0,0.0,0.0,0.0,0.0,0.0,0.0,0.0,0.0,0.0,0.0,0.0,0.0,0.0,0.0,0.0,0.0,0.0,0.0,0.0,0.0,0.0,0.0,0.0,0.0,0.0,0.0,0.0,0.0,0.0,0.0,0.0,0.0,0.0,0.0,0.0,0.0,0.0,0.0,0.0,0.0,0.0,0.0,0.0,0.0,0.0,0.0,0.0,0.0,0.0,0.0,0.0,0.0,0.0,0.0,47.0,47.0,47.0,47.0,47.0,0.0,0.0,0.0,0.0,0.0,0.0,0.0,0.0,0.0,0.0,0.0,0.0,0.0,0.0,0.0,0.0,0.0,0.0,0.0,0.0,0.0,0.0,0.0,0.0,0.0,0.0,0.0,0.0,0.0,0.0,0.0,47.0,47.0,...
1763031572,988365614,laser,-3.1241390705108643,3.1415927410125732,0.0034828970674425364,5.706927186110988e-05,0.10266762226819992,0.15000000596046448,16.0,inf,inf,inf,inf,inf,inf,inf,inf,inf,inf,inf,inf,inf,inf,inf,inf,inf,inf,inf,inf,inf,inf,inf,inf,inf,inf,inf,10.5600004196167,10.5600004196167,10.5600004196167,10.5600004196167,10.5600004196167,inf,inf,inf,inf,inf,inf,inf,inf,inf,inf,inf,inf,inf,inf,inf,inf,inf,inf,inf,inf,3.888000011444092,3.888000011444092,3.888000011444092,3.888000011444092,3.888000011444092,3.7960000038146973,3.7960000038146973,3.74399995803833,3.74399995803833,3.747999906539917,3.747999906539917,3.747999906539917,3.747999906539917,3.747999906539917,2.931999921798706,2.931999921798706,2.931999921798706,2.931999921798706,2.871999979019165,2.799999952316284,2.7279999256134033,2.6600000858306885,2.615999937057495,2.572000026702881,2.572000026702881,2.5239999294281006,2.4679999351501465,2.4079999923706055,2.368000030517578,2.319999933242798,2.2920000553131104,2.180000066757202,2.180000066757202,2.1760001182556152,2.128000020980835,2.128000020980835,2.0999999046325684,2.068000078201294,2.0360000133514404,2.007999897003174,1.9780000448226929,1.9459999799728394,1.9079999923706055,1.8899999856948853,1.8819999694824219,1.871999979019165,1.871999979019165,1.8600000143051147,1.8539999723434448,1.8339999914169312,1.815999984741211,1.7960000038146973,1.7719999551773071,1.7719999551773071,1.7280000448226929,1.7280000448226929,1.7059999704360962,1.6859999895095825,1.6660000085830688,1.6460000276565552,1.5299999713897705,1.50600004196167,1.50600004196167,1.4919999837875366,1.4800000190734863,1.465999960899353,1.465999960899353,1.4279999732971191,1.4279999732971191,1.4279999732971191,1.4279999732971191,1.399999976158142,1.399999976158142,1.399999976158142,1.3860000371932983,1.3860000371932983,...,0.0,0.0,0.0,0.0,0.0,0.0,0.0,0.0,0.0,0.0,0.0,0.0,0.0,0.0,0.0,0.0,0.0,47.0,47.0,47.0,47.0,47.0,0.0,0.0,0.0,0.0,0.0,0.0,0.0,0.0,0.0,0.0,0.0,0.0,0.0,0.0,0.0,0.0,0.0,0.0,0.0,0.0,0.0,0.0,0.0,0.0,0.0,0.0,0.0,0.0,0.0,0.0,0.0,0.0,0.0,0.0,0.0,0.0,0.0,0.0,0.0,0.0,0.0,0.0,0.0,0.0,0.0,47.0,47.0,47.0,47.0,47.0,0.0,0.0,0.0,0.0,0.0,0.0,0.0,0.0,0.0,0.0,0.0,0.0,0.0,0.0,0.0,0.0,0.0,0.0,0.0,0.0,0.0,0.0,0.0,0.0,0.0,0.0,0.0,0.0,0.0,0.0,0.0,0.0,0.0,0.0,0.0,0.0,0.0,0.0,0.0,0.0,0.0,0.0,0.0,0.0,0.0,0.0,0.0,0.0,0.0,0.0,0.0,0.0,0.0,0.0,0.0,0.0,...
1763031573,92869765,laser,-3.1241390705108643,3.1415927410125732,0.0034828970674425364,5.357174086384475e-05,0.09637556225061417,0.15000000596046448,16.0,inf,inf,inf,inf,inf,inf,inf,inf,inf,inf,inf,inf,inf,inf,inf,inf,inf,inf,inf,inf,inf,inf,inf,inf,inf,inf,inf,inf,10.359999656677246,10.359999656677246,10.359999656677246,10.359999656677246,10.359999656677246,inf,inf,inf,inf,inf,inf,inf,inf,inf,inf,inf,inf,inf,inf,inf,inf,inf,inf,3.7920000553131104,3.7920000553131104,3.7920000553131104,3.7920000553131104,3.7920000553131104,3.74399995803833,3.74399995803833,3.74399995803833,3.74399995803833,3.74399995803833,3.74399995803833,3.74399995803833,3.747999906539917,3.747999906539917,3.752000093460083,2.931999921798706,2.931999921798706,2.931999921798706,2.880000114440918,2.7279999256134033,2.7279999256134033,2.6760001182556152,2.6760001182556152,2.631999969482422,2.572000026702881,2.5239999294281006,2.4719998836517334,2.427999973297119,2.384000062942505,2.3359999656677246,2.2960000038146973,2.2960000038146973,2.200000047683716,2.200000047683716,2.191999912261963,2.140000104904175,2.0999999046325684,2.0759999752044678,2.0439999103546143,2.002000093460083,1.9739999771118164,1.9739999771118164,1.9459999799728394,1.909999966621399,1.8899999856948853,1.8680000305175781,1.8459999561309814,1.8359999656677246,1.8279999494552612,1.8200000524520874,1.8200000524520874,1.809999942779541,1.7899999618530273,1.7740000486373901,1.7519999742507935,1.7280000448226929,1.7100000381469727,1.690000057220459,1.6679999828338623,1.6679999828338623,1.6460000276565552,1.49399995803833,1.49399995803833,1.49399995803833,1.49399995803833,1.4819999933242798,inf,inf,inf,inf,1.4019999504089355,1.4019999504089355,1.4019999504089355,1.4019999504089355,1.4019999504089355,1.3860000371932983,1.3860000371932983,...,0.0,0.0,0.0,0.0,0.0,0.0,0.0,0.0,0.0,0.0,0.0,0.0,0.0,0.0,0.0,0.0,0.0,0.0,0.0,0.0,0.0,0.0,0.0,0.0,0.0,0.0,0.0,0.0,0.0,0.0,0.0,0.0,0.0,0.0,0.0,0.0,0.0,0.0,0.0,0.0,0.0,0.0,0.0,0.0,0.0,0.0,0.0,0.0,0.0,0.0,0.0,0.0,0.0,0.0,0.0,0.0,0.0,0.0,0.0,0.0,0.0,0.0,0.0,0.0,0.0,0.0,0.0,0.0,0.0,0.0,0.0,0.0,0.0,0.0,0.0,0.0,0.0,0.0,0.0,0.0,0.0,0.0,0.0,0.0,0.0,0.0,0.0,0.0,0.0,0.0,47.0,47.0,47.0,47.0,47.0,0.0,0.0,0.0,0.0,0.0,0.0,0.0,0.0,0.0,0.0,0.0,0.0,0.0,0.0,0.0,0.0,0.0,0.0,0.0,0.0,0.0,0.0,0.0,0.0,0.0,0.0,0.0,0.0,0.0,0.0,0.0,47.0,47.0,...
1763031573,190855363,laser,-3.1241390705108643,3.1415927410125732,0.0034828970674425364,5.376804620027542e-05,0.09672871232032776,0.15000000596046448,16.0,inf,inf,inf,inf,inf,inf,inf,inf,inf,inf,inf,inf,inf,inf,inf,inf,inf,inf,inf,inf,inf,inf,inf,inf,inf,inf,inf,inf,10.32800006866455,10.32800006866455,10.32800006866455,10.32800006866455,10.32800006866455,inf,inf,inf,inf,inf,inf,inf,inf,inf,inf,inf,inf,inf,inf,inf,inf,inf,inf,inf,inf,inf,3.752000093460083,3.752000093460083,3.752000093460083,3.752000093460083,3.752000093460083,3.74399995803833,3.74399995803833,3.74399995803833,3.740000009536743,3.747999906539917,3.747999906539917,3.752000093460083,2.884000062942505,2.884000062942505,2.884000062942505,2.819999933242798,2.819999933242798,2.75600004196167,2.75600004196167,2.6440000534057617,2.6440000534057617,2.5959999561309814,2.5360000133514404,2.4800000190734863,2.444000005722046,2.3359999656677246,2.3359999656677246,2.2920000553131104,2.252000093460083,2.252000093460083,2.200000047683716,2.200000047683716,2.1519999504089355,2.1040000915527344,2.0759999752044678,2.052000045776367,2.0239999294281006,1.996000051498413,1.9700000286102295,1.9459999799728394,1.9459999799728394,1.9359999895095825,1.9299999475479126,1.9179999828338623,1.9019999504089355,1.878000020980835,1.8539999723434448,1.8339999914169312,1.809999942779541,1.809999942779541,1.781999945640564,1.7580000162124634,1.7339999675750732,1.7120000123977661,1.6979999542236328,1.6799999475479126,1.6579999923706055,1.5099999904632568,1.4980000257492065,1.4980000257492065,1.4980000257492065,1.4980000257492065,1.4859999418258667,1.4759999513626099,inf,inf,inf,1.4040000438690186,1.4040000438690186,1.4040000438690186,1.4040000438690186,1.4040000438690186,1.3960000276565552,1.3960000276565552,...,0.0,0.0,0.0,0.0,0.0,0.0,0.0,0.0,0.0,0.0,0.0,0.0,0.0,0.0,0.0,0.0,0.0,0.0,0.0,0.0,0.0,0.0,0.0,0.0,0.0,0.0,0.0,0.0,0.0,0.0,0.0,0.0,0.0,0.0,0.0,0.0,0.0,0.0,0.0,0.0,0.0,0.0,0.0,0.0,0.0,0.0,0.0,0.0,0.0,0.0,0.0,0.0,0.0,0.0,0.0,0.0,0.0,0.0,0.0,0.0,0.0,0.0,0.0,0.0,0.0,0.0,0.0,0.0,0.0,0.0,0.0,0.0,0.0,0.0,0.0,0.0,0.0,0.0,0.0,0.0,0.0,0.0,0.0,0.0,0.0,0.0,0.0,0.0,0.0,0.0,0.0,0.0,0.0,0.0,0.0,0.0,0.0,0.0,0.0,0.0,0.0,0.0,0.0,0.0,0.0,0.0,0.0,0.0,0.0,0.0,0.0,0.0,0.0,0.0,0.0,0.0,0.0,0.0,0.0,0.0,0.0,0.0,0.0,0.0,0.0,0.0,0.0,0.0,...
1763031573,289424804,laser,-3.1241390705108643,3.1415927410125732,0.0034828970674425364,5.36256302439142e-05,0.09647250920534134,0.15000000596046448,16.0,inf,inf,inf,inf,inf,inf,inf,inf,inf,inf,inf,inf,inf,inf,inf,inf,inf,inf,inf,inf,inf,inf,inf,inf,inf,inf,inf,inf,10.5600004196167,10.5600004196167,10.5600004196167,10.5600004196167,10.5600004196167,inf,inf,inf,inf,inf,inf,inf,inf,inf,inf,inf,inf,inf,inf,inf,inf,inf,inf,inf,inf,3.880000114440918,3.880000114440918,3.880000114440918,3.880000114440918,3.880000114440918,3.7880001068115234,3.74399995803833,3.7360000610351562,3.740000009536743,3.747999906539917,3.747999906539917,3.747999906539917,3.747999906539917,2.9119999408721924,2.9119999408721924,2.8519999980926514,2.8519999980926514,2.8519999980926514,2.7920000553131104,2.7279999256134033,2.6600000858306885,2.615999937057495,2.568000078201294,2.503999948501587,2.503999948501587,2.4040000438690186,2.4040000438690186,2.359999895095825,2.3239998817443848,2.299999952316284,2.171999931335449,2.1679999828338623,2.1679999828338623,2.128000020980835,2.0999999046325684,2.0999999046325684,2.068000078201294,2.0360000133514404,2.0160000324249268,1.9900000095367432,1.9579999446868896,1.9320000410079956,1.9179999828338623,1.9119999408721924,1.9119999408721924,1.8960000276565552,1.8760000467300415,1.8619999885559082,1.843999981880188,1.8220000267028809,1.7960000038146973,1.7699999809265137,1.7480000257492065,1.7280000448226929,1.7100000381469727,1.7100000381469727,1.690000057220459,1.6660000085830688,1.6440000534057617,1.5119999647140503,1.5119999647140503,1.50600004196167,1.496000051498413,1.4839999675750732,1.4639999866485596,inf,1.4299999475479126,1.4299999475479126,1.4299999475479126,1.4299999475479126,1.4299999475479126,1.399999976158142,1.399999976158142,1.399999976158142,1.3839999437332153,...,0.0,0.0,0.0,0.0,0.0,0.0,0.0,0.0,0.0,0.0,0.0,0.0,0.0,0.0,0.0,0.0,0.0,0.0,0.0,0.0,0.0,0.0,0.0,0.0,0.0,0.0,0.0,0.0,0.0,0.0,0.0,0.0,0.0,0.0,0.0,0.0,0.0,0.0,0.0,0.0,0.0,0.0,0.0,0.0,0.0,0.0,0.0,0.0,0.0,0.0,0.0,0.0,0.0,0.0,0.0,0.0,0.0,0.0,0.0,0.0,0.0,0.0,0.0,0.0,0.0,0.0,0.0,0.0,0.0,0.0,0.0,0.0,0.0,0.0,0.0,0.0,0.0,0.0,0.0,0.0,0.0,0.0,0.0,0.0,0.0,0.0,0.0,0.0,0.0,0.0,0.0,0.0,0.0,0.0,0.0,0.0,0.0,0.0,0.0,0.0,0.0,0.0,0.0,0.0,0.0,0.0,0.0,0.0,0.0,0.0,0.0,0.0,0.0,0.0,0.0,0.0,0.0,0.0,0.0,0.0,0.0,0.0,0.0,0.0,0.0,0.0,0.0,0.0,...
1763031573,387456820,laser,-3.1241390705108643,3.1415927410125732,0.0034828970674425364,5.3711402870249e-05,0.09662681072950363,0.15000000596046448,16.0,inf,inf,inf,inf,inf,inf,inf,inf,inf,inf,inf,inf,inf,inf,inf,inf,inf,inf,inf,inf,inf,inf,inf,inf,inf,inf,inf,inf,inf,inf,inf,inf,inf,inf,inf,inf,inf,inf,inf,inf,inf,inf,inf,inf,inf,inf,inf,inf,inf,inf,inf,3.868000030517578,3.868000030517578,3.868000030517578,3.868000030517578,3.868000030517578,3.7880001068115234,3.7880001068115234,3.7880001068115234,3.74399995803833,3.7360000610351562,3.740000009536743,3.747999906539917,3.747999906539917,3.747999906539917,3.747999906539917,3.747999906539917,2.9119999408721924,2.9119999408721924,2.8519999980926514,2.8519999980926514,2.7920000553131104,2.7239999771118164,2.6600000858306885,2.615999937057495,2.568000078201294,2.568000078201294,2.507999897003174,2.4560000896453857,2.4000000953674316,2.359999895095825,2.3239998817443848,2.299999952316284,2.171999931335449,2.171999931335449,2.1679999828338623,2.131999969482422,2.131999969482422,2.0999999046325684,2.068000078201294,2.0339999198913574,2.002000093460083,1.9759999513626099,1.9500000476837158,1.9079999923706055,1.8799999952316284,1.8639999628067017,1.850000023841858,1.850000023841858,1.8380000591278076,1.8320000171661377,1.8200000524520874,1.812000036239624,1.7940000295639038,1.7699999809265137,1.7480000257492065,1.7280000448226929,1.7100000381469727,1.7100000381469727,1.687999963760376,1.6660000085830688,1.6440000534057617,1.5080000162124634,1.5080000162124634,1.5080000162124634,1.496000051498413,1.4819999933242798,1.465999960899353,inf,inf,1.4299999475479126,1.4299999475479126,1.4299999475479126,1.4299999475479126,1.4299999475479126,1.399999976158142,1.399999976158142,1.399999976158142,...,0.0,0.0,0.0,0.0,0.0,0.0,0.0,0.0,0.0,0.0,0.0,0.0,0.0,0.0,0.0,0.0,0.0,47.0,47.0,47.0,47.0,47.0,0.0,0.0,0.0,0.0,0.0,0.0,0.0,0.0,0.0,0.0,0.0,0.0,0.0,0.0,0.0,0.0,0.0,0.0,0.0,0.0,0.0,0.0,0.0,0.0,0.0,0.0,0.0,0.0,0.0,0.0,0.0,0.0,0.0,0.0,0.0,0.0,0.0,0.0,0.0,0.0,0.0,0.0,0.0,0.0,0.0,0.0,0.0,0.0,0.0,0.0,0.0,0.0,0.0,0.0,0.0,0.0,0.0,0.0,0.0,0.0,0.0,0.0,0.0,0.0,0.0,0.0,0.0,47.0,47.0,47.0,47.0,47.0,0.0,0.0,0.0,0.0,0.0,0.0,0.0,0.0,0.0,0.0,0.0,0.0,0.0,0.0,0.0,0.0,0.0,0.0,0.0,0.0,0.0,0.0,0.0,0.0,0.0,0.0,0.0,0.0,0.0,0.0,0.0,0.0,0.0,0.0,...
1763031573,485355986,laser,-3.1241390705108643,3.1415927410125732,0.0034828970674425364,5.731666533392854e-05,0.10311268270015717,0.15000000596046448,16.0,inf,inf,inf,inf,inf,inf,inf,inf,inf,inf,inf,inf,inf,inf,inf,inf,inf,inf,inf,inf,inf,inf,inf,inf,inf,inf,inf,inf,inf,inf,inf,inf,inf,inf,inf,inf,inf,inf,inf,inf,inf,inf,inf,inf,inf,4.607999801635742,4.607999801635742,4.607999801635742,4.607999801635742,4.607999801635742,inf,inf,3.815999984741211,3.815999984741211,3.815999984741211,3.815999984741211,3.815999984741211,3.75600004196167,3.75600004196167,3.752000093460083,3.752000093460083,3.74399995803833,3.740000009536743,3.74399995803833,3.747999906539917,3.752000093460083,2.880000114440918,2.880000114440918,2.880000114440918,2.880000114440918,2.819999933242798,2.819999933242798,2.759999990463257,2.700000047683716,2.6440000534057617,2.5920000076293945,2.5320000648498535,2.492000102996826,2.371999979019165,2.371999979019165,2.3320000171661377,2.2960000038146973,2.2960000038146973,2.2639999389648438,2.2360000610351562,2.200000047683716,2.1679999828338623,2.119999885559082,2.0799999237060547,2.052000045776367,2.0199999809265137,1.9880000352859497,1.9639999866485596,1.9320000410079956,1.9320000410079956,1.9019999504089355,1.878000020980835,1.8660000562667847,1.8559999465942383,1.840000033378601,1.8320000171661377,1.8220000267028809,1.805999994277954,1.805999994277954,1.7860000133514404,1.7619999647140503,1.7419999837875366,1.7200000286102295,1.6979999542236328,1.6799999475479126,1.659999966621399,1.6319999694824219,1.5140000581741333,1.5,1.5,1.5,1.4900000095367432,1.4759999513626099,inf,inf,inf,inf,1.406000018119812,1.406000018119812,1.406000018119812,1.406000018119812,1.406000018119812,1.3980000019073486,...,0.0,0.0,0.0,0.0,0.0,0.0,0.0,0.0,0.0,0.0,0.0,0.0,0.0,0.0,0.0,0.0,0.0,0.0,0.0,0.0,0.0,0.0,0.0,0.0,0.0,0.0,0.0,0.0,0.0,0.0,0.0,0.0,0.0,0.0,0.0,0.0,0.0,0.0,0.0,0.0,0.0,0.0,0.0,0.0,0.0,0.0,0.0,0.0,0.0,0.0,0.0,0.0,0.0,0.0,0.0,0.0,0.0,0.0,0.0,0.0,0.0,0.0,0.0,0.0,0.0,0.0,0.0,0.0,0.0,0.0,0.0,0.0,0.0,0.0,0.0,0.0,0.0,0.0,0.0,0.0,0.0,0.0,0.0,0.0,0.0,0.0,0.0,0.0,0.0,0.0,0.0,0.0,0.0,0.0,0.0,0.0,0.0,0.0,0.0,0.0,0.0,0.0,0.0,0.0,0.0,0.0,0.0,0.0,0.0,0.0,0.0,0.0,0.0,0.0,0.0,0.0,0.0,0.0,0.0,0.0,0.0,0.0,0.0,0.0,0.0,0.0,0.0,0.0,...
1763031573,589748412,laser,-3.1241390705108643,3.1415927410125732,0.0034828970674425364,5.3967236453900114e-05,0.097087062895298,0.15000000596046448,16.0,inf,inf,inf,inf,inf,inf,inf,inf,inf,inf,inf,inf,inf,inf,inf,inf,inf,inf,inf,inf,inf,inf,inf,inf,inf,inf,inf,inf,inf,10.520000457763672,10.520000457763672,10.520000457763672,10.520000457763672,10.520000457763672,inf,inf,inf,inf,inf,inf,inf,inf,inf,inf,inf,inf,inf,inf,inf,inf,inf,inf,inf,3.759999990463257,3.759999990463257,3.759999990463257,3.759999990463257,3.759999990463257,3.740000009536743,3.740000009536743,3.7320001125335693,3.740000009536743,3.747999906539917,3.752000093460083,3.752000093460083,3.752000093460083,2.8959999084472656,2.8239998817443848,2.8239998817443848,2.8239998817443848,2.8239998817443848,2.7760000228881836,2.7239999771118164,2.6559998989105225,2.5959999561309814,2.5439999103546143,2.503999948501587,2.503999948501587,2.388000011444092,2.388000011444092,2.359999895095825,2.2839999198913574,2.2839999198913574,2.196000099182129,2.1640000343322754,2.1640000343322754,2.128000020980835,2.0920000076293945,2.0920000076293945,2.055999994277954,2.0320000648498535,2.01200008392334,1.9919999837875366,1.9819999933242798,1.972000002861023,1.9559999704360962,1.9359999895095825,1.9359999895095825,1.9160000085830688,1.8919999599456787,1.8680000305175781,1.843999981880188,1.8200000524520874,1.7940000295639038,1.7699999809265137,1.746000051498413,1.7280000448226929,1.7059999704360962,1.7059999704360962,1.6820000410079956,1.6660000085830688,1.6460000276565552,1.5140000581741333,1.5140000581741333,1.503999948501587,1.49399995803833,1.4839999675750732,1.465999960899353,1.465999960899353,1.434000015258789,1.434000015258789,1.434000015258789,1.434000015258789,1.434000015258789,1.409999966621399,1.409999966621399,1.409999966621399,1.409999966621399,...,0.0,0.0,0.0,0.0,0.0,0.0,0.0,0.0,0.0,0.0,0.0,0.0,0.0,0.0,0.0,0.0,0.0,0.0,0.0,0.0,0.0,0.0,0.0,0.0,0.0,0.0,0.0,0.0,0.0,0.0,0.0,0.0,0.0,0.0,0.0,0.0,0.0,0.0,0.0,0.0,0.0,0.0,0.0,0.0,0.0,0.0,0.0,0.0,0.0,0.0,0.0,0.0,0.0,0.0,0.0,0.0,0.0,0.0,0.0,0.0,0.0,0.0,0.0,0.0,0.0,0.0,0.0,0.0,0.0,0.0,0.0,0.0,0.0,0.0,0.0,0.0,0.0,0.0,0.0,0.0,0.0,0.0,0.0,0.0,0.0,0.0,0.0,0.0,0.0,0.0,0.0,0.0,0.0,0.0,0.0,0.0,0.0,0.0,0.0,0.0,0.0,0.0,0.0,0.0,0.0,0.0,0.0,0.0,0.0,0.0,0.0,0.0,0.0,0.0,0.0,0.0,0.0,0.0,0.0,0.0,0.0,0.0,0.0,0.0,0.0,47.0,47.0,47.0,...
1763031573,688275202,laser,-3.1241390705108643,3.1415927410125732,0.0034828970674425364,5.3816940635442734e-05,0.09681667387485504,0.15000000596046448,16.0,inf,inf,inf,inf,inf,inf,inf,inf,inf,inf,inf,inf,inf,inf,inf,inf,inf,inf,inf,inf,inf,inf,inf,inf,inf,inf,inf,inf,inf,inf,inf,inf,inf,inf,inf,inf,inf,inf,inf,inf,inf,inf,inf,inf,inf,inf,inf,inf,inf,inf,inf,inf,3.819999933242798,3.819999933242798,3.819999933242798,3.819999933242798,3.819999933242798,3.75600004196167,3.75600004196167,3.747999906539917,3.747999906539917,3.747999906539917,3.74399995803833,3.74399995803833,3.752000093460083,3.75600004196167,2.884000062942505,2.884000062942505,2.884000062942505,2.884000062942505,2.8239998817443848,2.7639999389648438,2.7639999389648438,2.6440000534057617,2.6440000534057617,2.5999999046325684,2.5360000133514404,2.48799991607666,2.440000057220459,2.375999927520752,2.3440001010894775,2.308000087738037,2.259999990463257,2.259999990463257,2.200000047683716,2.200000047683716,2.1559998989105225,2.1080000400543213,2.0840001106262207,2.052000045776367,2.0199999809265137,2.0,1.9839999675750732,1.9579999446868896,1.944000005722046,1.944000005722046,1.9359999895095825,1.9220000505447388,1.9040000438690186,1.878000020980835,1.8539999723434448,1.8339999914169312,1.809999942779541,1.7860000133514404,1.7860000133514404,1.7640000581741333,1.7419999837875366,1.718000054359436,1.6979999542236328,1.6820000410079956,1.659999966621399,1.628000020980835,1.5140000581741333,1.5,1.5,1.4900000095367432,1.4759999513626099,1.4759999513626099,inf,inf,inf,inf,1.406000018119812,1.406000018119812,1.406000018119812,1.406000018119812,1.406000018119812,1.3980000019073486,...,0.0,0.0,0.0,0.0,0.0,0.0,0.0,0.0,0.0,0.0,0.0,0.0,0.0,0.0,0.0,0.0,0.0,0.0,0.0,0.0,0.0,0.0,0.0,0.0,0.0,0.0,0.0,0.0,0.0,0.0,0.0,0.0,0.0,0.0,0.0,0.0,0.0,0.0,0.0,0.0,0.0,0.0,0.0,0.0,0.0,0.0,0.0,0.0,0.0,0.0,0.0,0.0,0.0,0.0,0.0,0.0,0.0,0.0,0.0,0.0,0.0,0.0,0.0,0.0,0.0,0.0,0.0,0.0,0.0,0.0,0.0,0.0,0.0,0.0,0.0,0.0,0.0,0.0,0.0,0.0,0.0,0.0,0.0,0.0,0.0,0.0,0.0,0.0,0.0,0.0,0.0,0.0,0.0,0.0,0.0,0.0,0.0,0.0,0.0,0.0,0.0,0.0,0.0,0.0,0.0,0.0,0.0,0.0,0.0,0.0,0.0,0.0,0.0,0.0,0.0,0.0,0.0,0.0,0.0,0.0,0.0,0.0,0.0,0.0,0.0,0.0,0.0,0.0,...
1763031573,786287358,laser,-3.1241390705108643,3.1415927410125732,0.0034828970674425364,5.390603837440722e-05,0.09697696566581726,0.15000000596046448,16.0,inf,inf,inf,inf,inf,inf,inf,inf,inf,inf,inf,inf,inf,inf,inf,inf,inf,inf,inf,inf,inf,inf,inf,inf,inf,inf,inf,inf,inf,10.432000160217285,10.432000160217285,10.432000160217285,10.432000160217285,10.432000160217285,inf,inf,inf,inf,inf,inf,inf,inf,inf,inf,inf,inf,inf,inf,inf,inf,inf,inf,inf,3.7799999713897705,3.7799999713897705,3.7799999713897705,3.7799999713897705,3.7799999713897705,3.740000009536743,3.740000009536743,3.74399995803833,3.747999906539917,3.74399995803833,3.74399995803833,3.747999906539917,3.747999906539917,3.747999906539917,2.871999979019165,2.871999979019165,2.871999979019165,2.871999979019165,2.799999952316284,2.7279999256134033,2.671999931335449,2.628000020980835,2.568000078201294,2.5199999809265137,2.5199999809265137,2.3919999599456787,2.3919999599456787,2.359999895095825,2.328000068664551,2.2960000038146973,2.191999912261963,2.191999912261963,2.191999912261963,2.140000104904175,2.1040000915527344,2.0820000171661377,2.0820000171661377,2.0460000038146973,2.0,1.9700000286102295,1.9479999542236328,1.9160000085830688,1.8899999856948853,1.8660000562667847,1.843999981880188,1.8259999752044678,1.8140000104904175,1.8140000104904175,1.8020000457763672,1.7940000295639038,1.7860000133514404,1.7699999809265137,1.7519999742507935,1.7300000190734863,1.7120000123977661,1.694000005722046,1.694000005722046,1.6720000505447388,1.6480000019073486,1.6160000562667847,1.5099999904632568,1.496000051498413,1.496000051498413,1.4819999933242798,inf,inf,inf,inf,inf,1.399999976158142,1.399999976158142,1.399999976158142,1.399999976158142,1.399999976158142,1.3880000114440918,...,0.0,0.0,0.0,0.0,0.0,0.0,0.0,0.0,0.0,0.0,0.0,0.0,0.0,0.0,0.0,0.0,0.0,0.0,0.0,0.0,0.0,0.0,0.0,0.0,0.0,0.0,0.0,0.0,0.0,0.0,0.0,0.0,0.0,0.0,0.0,0.0,0.0,0.0,0.0,0.0,0.0,0.0,0.0,0.0,0.0,0.0,0.0,0.0,0.0,0.0,0.0,0.0,0.0,0.0,0.0,0.0,0.0,0.0,0.0,0.0,0.0,0.0,0.0,0.0,0.0,0.0,0.0,0.0,0.0,0.0,0.0,47.0,47.0,47.0,47.0,47.0,0.0,0.0,0.0,0.0,0.0,0.0,0.0,0.0,0.0,0.0,0.0,0.0,0.0,47.0,47.0,47.0,47.0,47.0,0.0,0.0,0.0,0.0,0.0,0.0,0.0,0.0,0.0,0.0,0.0,0.0,0.0,0.0,0.0,0.0,0.0,0.0,0.0,0.0,0.0,0.0,0.0,0.0,0.0,0.0,0.0,0.0,0.0,0.0,0.0,0.0,0.0,0.0,...
1763031573,884753509,laser,-3.1241390705108643,3.1415927410125732,0.0034828970674425364,5.719774344470352e-05,0.1028987392783165,0.15000000596046448,16.0,inf,inf,inf,inf,inf,inf,inf,inf,inf,inf,inf,inf,inf,inf,inf,inf,inf,inf,inf,inf,inf,inf,inf,inf,inf,inf,inf,inf,inf,inf,10.368000030517578,10.368000030517578,10.368000030517578,10.368000030517578,10.368000030517578,inf,inf,inf,inf,inf,inf,inf,inf,inf,inf,inf,inf,inf,inf,inf,3.8519999980926514,3.8519999980926514,3.8519999980926514,3.8519999980926514,3.8519999980926514,3.7799999713897705,3.7799999713897705,3.7799999713897705,3.7799999713897705,3.74399995803833,3.74399995803833,3.74399995803833,3.740000009536743,3.74399995803833,3.747999906539917,3.747999906539917,3.752000093460083,2.931999921798706,2.868000030517578,2.868000030517578,2.868000030517578,2.799999952316284,2.7279999256134033,2.6760001182556152,2.631999969482422,2.572000026702881,2.5239999294281006,2.4719998836517334,2.4079999923706055,2.359999895095825,2.359999895095825,2.328000068664551,2.2920000553131104,2.2039999961853027,2.2039999961853027,2.196000099182129,2.1600000858306885,2.115999937057495,2.0799999237060547,2.0460000038146973,2.00600004196167,1.9819999933242798,1.9819999933242798,1.9600000381469727,1.9220000505447388,1.8980000019073486,1.8880000114440918,1.8799999952316284,1.8760000467300415,1.8600000143051147,1.840000033378601,1.840000033378601,1.8259999752044678,1.8040000200271606,1.7760000228881836,1.753999948501587,1.7319999933242798,1.7120000123977661,1.694000005722046,1.6720000505447388,1.6720000505447388,1.6519999504089355,1.5099999904632568,1.5099999904632568,1.5099999904632568,1.496000051498413,1.4839999675750732,1.4759999513626099,inf,inf,inf,inf,inf,1.406000018119812,1.406000018119812,1.406000018119812,1.406000018119812,1.406000018119812,...,0.0,0.0,0.0,0.0,0.0,0.0,0.0,0.0,0.0,0.0,0.0,0.0,0.0,0.0,0.0,0.0,0.0,0.0,0.0,0.0,0.0,0.0,0.0,0.0,0.0,0.0,0.0,0.0,0.0,0.0,0.0,0.0,0.0,0.0,0.0,0.0,0.0,0.0,0.0,0.0,0.0,0.0,0.0,0.0,0.0,0.0,0.0,0.0,0.0,0.0,0.0,0.0,0.0,0.0,0.0,0.0,0.0,0.0,0.0,0.0,0.0,0.0,0.0,0.0,0.0,0.0,0.0,0.0,0.0,0.0,0.0,0.0,0.0,0.0,0.0,0.0,0.0,0.0,0.0,0.0,0.0,0.0,0.0,0.0,0.0,0.0,0.0,0.0,0.0,47.0,47.0,47.0,47.0,47.0,0.0,0.0,0.0,0.0,0.0,0.0,0.0,0.0,0.0,0.0,0.0,0.0,0.0,0.0,0.0,0.0,0.0,0.0,0.0,0.0,0.0,0.0,0.0,0.0,0.0,0.0,0.0,0.0,0.0,0.0,0.0,0.0,0.0,0.0,...
1763031573,989159103,laser,-3.1241390705108643,3.1415927410125732,0.0034828970674425364,5.3806430514669046e-05,0.09679776430130005,0.15000000596046448,16.0,inf,inf,inf,inf,inf,inf,inf,inf,inf,inf,inf,inf,inf,inf,inf,inf,inf,inf,inf,inf,inf,inf,inf,inf,inf,inf,inf,10.35200023651123,10.35200023651123,10.35200023651123,10.35200023651123,10.35200023651123,inf,inf,inf,inf,inf,inf,inf,inf,inf,inf,inf,inf,inf,inf,inf,inf,inf,inf,inf,inf,3.859999895095825,3.859999895095825,3.859999895095825,3.859999895095825,3.859999895095825,3.7799999713897705,3.7799999713897705,3.740000009536743,3.7320001125335693,3.740000009536743,3.74399995803833,3.74399995803833,3.74399995803833,3.74399995803833,2.9079999923706055,2.9079999923706055,2.9079999923706055,2.9079999923706055,2.8519999980926514,2.7880001068115234,2.7279999256134033,2.6600000858306885,2.615999937057495,2.568000078201294,2.503999948501587,2.444000005722046,2.3959999084472656,2.359999895095825,2.359999895095825,2.319999933242798,2.2880001068115234,2.187999963760376,2.187999963760376,2.1679999828338623,2.131999969482422,2.1040000915527344,2.0759999752044678,2.0759999752044678,2.0439999103546143,2.0260000228881836,2.009999990463257,1.9919999837875366,1.9800000190734863,1.9600000381469727,1.940000057220459,1.9179999828338623,1.9179999828338623,1.8960000276565552,1.871999979019165,1.8459999561309814,1.8220000267028809,1.7979999780654907,1.7760000228881836,1.7519999742507935,1.7300000190734863,1.7100000381469727,1.6859999895095825,1.6859999895095825,1.6660000085830688,1.6460000276565552,1.5199999809265137,1.5080000162124634,1.5080000162124634,1.496000051498413,1.4839999675750732,inf,1.434000015258789,1.434000015258789,1.434000015258789,1.434000015258789,1.434000015258789,1.4160000085830688,1.4160000085830688,1.4160000085830688,1.4019999504089355,1.4019999504089355,...,0.0,0.0,0.0,0.0,0.0,0.0,0.0,0.0,0.0,0.0,0.0,0.0,0.0,0.0,0.0,0.0,0.0,0.0,0.0,0.0,47.0,47.0,47.0,47.0,47.0,0.0,0.0,0.0,0.0,0.0,0.0,0.0,0.0,0.0,0.0,0.0,0.0,0.0,0.0,0.0,0.0,0.0,0.0,0.0,0.0,0.0,0.0,0.0,0.0,0.0,0.0,0.0,0.0,0.0,0.0,0.0,0.0,0.0,0.0,0.0,0.0,0.0,0.0,0.0,0.0,0.0,0.0,0.0,0.0,0.0,0.0,0.0,0.0,0.0,0.0,0.0,0.0,0.0,0.0,0.0,0.0,0.0,0.0,0.0,0.0,0.0,0.0,0.0,0.0,0.0,0.0,47.0,47.0,47.0,47.0,47.0,0.0,0.0,0.0,0.0,0.0,0.0,0.0,0.0,0.0,0.0,0.0,0.0,0.0,0.0,0.0,0.0,0.0,0.0,0.0,0.0,0.0,0.0,0.0,0.0,0.0,0.0,0.0,0.0,0.0,0.0,0.0,0.0,...
1763031574,87357217,laser,-3.1241390705108643,3.1415927410125732,0.0034828970674425364,5.3913758165435866e-05,0.09699085354804993,0.15000000596046448,16.0,inf,inf,inf,inf,inf,inf,inf,inf,inf,inf,inf,inf,inf,inf,inf,inf,inf,inf,inf,inf,inf,inf,inf,inf,inf,inf,inf,inf,inf,inf,inf,inf,inf,inf,inf,inf,inf,inf,inf,inf,inf,inf,inf,inf,inf,inf,inf,inf,inf,inf,inf,inf,inf,inf,3.7760000228881836,3.7760000228881836,3.7760000228881836,3.7760000228881836,3.7760000228881836,3.7320001125335693,3.7279999256134033,3.740000009536743,3.740000009536743,3.74399995803833,3.752000093460083,3.752000093460083,2.9040000438690186,2.9040000438690186,2.9040000438690186,2.8480000495910645,2.8480000495910645,2.7839999198913574,2.7239999771118164,2.6559998989105225,2.615999937057495,2.615999937057495,2.568000078201294,2.503999948501587,2.444000005722046,2.3959999084472656,2.3559999465942383,2.315999984741211,2.2880001068115234,2.187999963760376,2.187999963760376,2.1679999828338623,2.131999969482422,2.131999969482422,2.0999999046325684,2.072000026702881,2.0420000553131104,2.009999990463257,1.9819999933242798,1.9500000476837158,1.9240000247955322,1.906000018119812,1.906000018119812,1.8980000019073486,1.8860000371932983,1.8700000047683716,1.8580000400543213,1.8380000591278076,1.8179999589920044,1.7940000295639038,1.7699999809265137,1.7519999742507935,1.7300000190734863,1.7079999446868896,1.7079999446868896,1.687999963760376,1.6660000085830688,1.6460000276565552,1.5160000324249268,1.5160000324249268,1.503999948501587,1.49399995803833,1.468000054359436,inf,inf,inf,1.4299999475479126,1.4299999475479126,1.4299999475479126,1.4299999475479126,1.4299999475479126,1.399999976158142,1.399999976158142,1.399999976158142,...,0.0,0.0,0.0,0.0,0.0,0.0,0.0,0.0,0.0,0.0,0.0,0.0,0.0,0.0,0.0,0.0,0.0,0.0,47.0,47.0,47.0,47.0,47.0,0.0,0.0,0.0,0.0,0.0,0.0,0.0,0.0,0.0,0.0,0.0,0.0,0.0,0.0,0.0,0.0,0.0,0.0,0.0,0.0,0.0,0.0,0.0,0.0,0.0,0.0,0.0,0.0,0.0,0.0,0.0,0.0,0.0,0.0,0.0,0.0,0.0,0.0,0.0,0.0,0.0,0.0,0.0,0.0,0.0,0.0,0.0,0.0,0.0,0.0,0.0,0.0,0.0,0.0,0.0,0.0,0.0,0.0,0.0,0.0,0.0,0.0,0.0,0.0,0.0,0.0,0.0,0.0,0.0,0.0,0.0,0.0,0.0,0.0,0.0,0.0,0.0,0.0,0.0,0.0,0.0,0.0,0.0,47.0,47.0,47.0,47.0,47.0,0.0,0.0,0.0,0.0,0.0,0.0,0.0,0.0,0.0,0.0,0.0,0.0,0.0,0.0,47.0,47.0,47.0,...
1763031574,185595979,laser,-3.1241390705108643,3.1415927410125732,0.0034828970674425364,5.3910018323222175e-05,0.0969841256737709,0.15000000596046448,16.0,inf,inf,inf,inf,inf,inf,inf,inf,inf,inf,inf,inf,inf,inf,inf,inf,inf,inf,inf,inf,inf,inf,inf,inf,inf,inf,inf,inf,10.423999786376953,10.423999786376953,10.423999786376953,10.423999786376953,10.423999786376953,inf,inf,inf,inf,inf,inf,inf,inf,inf,inf,inf,inf,inf,inf,inf,inf,inf,inf,4.044000148773193,4.044000148773193,4.044000148773193,4.044000148773193,4.044000148773193,3.927999973297119,3.812000036239624,3.747999906539917,3.752000093460083,3.752000093460083,3.752000093460083,3.740000009536743,3.74399995803833,3.747999906539917,3.752000093460083,2.8919999599456787,2.8919999599456787,2.8919999599456787,2.8399999141693115,2.8399999141693115,2.7720000743865967,2.7720000743865967,2.6519999504089355,2.6519999504089355,2.5999999046325684,2.5399999618530273,2.492000102996826,2.444000005722046,2.380000114440918,2.3399999141693115,2.303999900817871,2.2760000228881836,2.2760000228881836,2.247999906539917,2.200000047683716,2.1640000343322754,2.128000020980835,2.0959999561309814,2.055999994277954,2.0179998874664307,1.99399995803833,1.9620000123977661,1.9320000410079956,1.909999966621399,1.909999966621399,1.8819999694824219,1.8600000143051147,1.8420000076293945,1.8300000429153442,1.8259999752044678,1.8179999589920044,1.8040000200271606,1.7860000133514404,1.7860000133514404,1.7660000324249268,1.7400000095367432,1.7200000286102295,1.7059999704360962,1.6859999895095825,1.6619999408721924,1.6399999856948853,1.5160000324249268,1.5160000324249268,1.5080000162124634,1.4900000095367432,1.4759999513626099,1.4759999513626099,inf,inf,inf,inf,inf,inf,1.399999976158142,1.399999976158142,1.399999976158142,1.399999976158142,...,0.0,0.0,0.0,0.0,0.0,0.0,0.0,0.0,0.0,0.0,0.0,0.0,0.0,0.0,0.0,0.0,0.0,0.0,0.0,0.0,0.0,0.0,0.0,0.0,0.0,0.0,0.0,0.0,0.0,0.0,0.0,0.0,0.0,0.0,0.0,0.0,0.0,0.0,0.0,0.0,0.0,0.0,0.0,0.0,0.0,0.0,0.0,0.0,0.0,0.0,0.0,0.0,0.0,0.0,0.0,0.0,0.0,0.0,0.0,0.0,0.0,0.0,0.0,0.0,0.0,0.0,0.0,0.0,0.0,0.0,0.0,0.0,0.0,0.0,0.0,0.0,0.0,0.0,0.0,0.0,0.0,0.0,0.0,0.0,0.0,0.0,0.0,0.0,0.0,0.0,47.0,47.0,47.0,47.0,47.0,0.0,0.0,0.0,0.0,0.0,0.0,0.0,0.0,0.0,0.0,0.0,0.0,0.0,0.0,0.0,0.0,0.0,0.0,0.0,0.0,0.0,0.0,0.0,0.0,0.0,0.0,0.0,0.0,0.0,0.0,0.0,47.0,47.0,...
1763031574,284141494,laser,-3.1241390705108643,3.1415927410125732,0.0034828970674425364,5.7119628763757646e-05,0.10275821387767792,0.15000000596046448,16.0,inf,inf,inf,inf,inf,inf,inf,inf,inf,inf,inf,inf,inf,inf,inf,inf,inf,inf,inf,inf,inf,inf,inf,inf,inf,inf,inf,inf,10.479999542236328,10.479999542236328,10.479999542236328,10.479999542236328,10.479999542236328,inf,inf,inf,inf,inf,inf,inf,inf,inf,inf,inf,inf,inf,inf,inf,inf,inf,3.9719998836517334,3.9719998836517334,3.9719998836517334,3.9719998836517334,3.9719998836517334,3.868000030517578,3.868000030517578,3.868000030517578,3.7839999198913574,3.740000009536743,3.7320001125335693,3.7360000610351562,3.74399995803833,3.74399995803833,3.74399995803833,3.74399995803833,3.747999906539917,2.927999973297119,2.868000030517578,2.868000030517578,2.868000030517578,2.799999952316284,2.7239999771118164,2.6559998989105225,2.615999937057495,2.568000078201294,2.507999897003174,2.447999954223633,2.3959999084472656,2.359999895095825,2.359999895095825,2.328000068664551,2.2960000038146973,2.180000066757202,2.180000066757202,2.180000066757202,2.128000020980835,2.1040000915527344,2.0759999752044678,2.0759999752044678,2.01200008392334,2.01200008392334,1.9800000190734863,1.9459999799728394,1.9179999828338623,1.9019999504089355,1.8940000534057617,1.8819999694824219,1.871999979019165,1.8580000400543213,1.8580000400543213,1.8380000591278076,1.8220000267028809,1.7979999780654907,1.7719999551773071,1.7519999742507935,1.7300000190734863,1.7079999446868896,1.687999963760376,1.687999963760376,1.6640000343322754,1.6440000534057617,1.534000039100647,1.534000039100647,1.5080000162124634,1.496000051498413,1.4859999418258667,inf,inf,inf,inf,inf,inf,1.399999976158142,1.399999976158142,1.399999976158142,1.399999976158142,1.399999976158142,...,0.0,0.0,0.0,0.0,0.0,0.0,0.0,0.0,0.0,0.0,0.0,0.0,0.0,0.0,0.0,0.0,0.0,0.0,0.0,0.0,0.0,0.0,0.0,0.0,0.0,0.0,0.0,0.0,0.0,0.0,0.0,0.0,0.0,0.0,0.0,0.0,0.0,0.0,0.0,0.0,0.0,0.0,0.0,0.0,0.0,0.0,0.0,0.0,0.0,0.0,0.0,0.0,0.0,0.0,0.0,0.0,0.0,0.0,0.0,0.0,0.0,0.0,0.0,0.0,0.0,0.0,0.0,0.0,0.0,0.0,0.0,0.0,0.0,0.0,0.0,0.0,0.0,0.0,0.0,0.0,0.0,0.0,0.0,0.0,0.0,0.0,0.0,0.0,0.0,0.0,47.0,47.0,47.0,47.0,47.0,0.0,0.0,0.0,0.0,0.0,0.0,0.0,0.0,0.0,0.0,0.0,0.0,0.0,0.0,0.0,0.0,0.0,0.0,0.0,0.0,0.0,0.0,0.0,0.0,0.0,0.0,0.0,0.0,0.0,0.0,47.0,47.0,47.0,...
1763031574,388699342,laser,-3.1241390705108643,3.1415927410125732,0.0034828970674425364,5.365559263736941e-05,0.09652640670537949,0.15000000596046448,16.0,inf,inf,inf,inf,inf,inf,inf,inf,inf,inf,inf,inf,inf,inf,inf,inf,inf,inf,inf,inf,inf,inf,inf,inf,inf,inf,inf,inf,inf,inf,inf,inf,inf,inf,inf,inf,inf,inf,inf,inf,inf,inf,inf,inf,inf,inf,inf,inf,inf,inf,inf,inf,inf,inf,3.75600004196167,3.75600004196167,3.75600004196167,3.75600004196167,3.75600004196167,3.752000093460083,3.747999906539917,3.7360000610351562,3.7360000610351562,3.740000009536743,3.747999906539917,3.752000093460083,2.888000011444092,2.888000011444092,2.888000011444092,2.8359999656677246,2.8359999656677246,2.7639999389648438,2.7079999446868896,2.6519999504089355,2.5999999046325684,2.5999999046325684,2.5399999618530273,2.492000102996826,2.444000005722046,2.380000114440918,2.3399999141693115,2.303999900817871,2.2760000228881836,2.247999906539917,2.196000099182129,2.1559998989105225,2.1559998989105225,2.111999988555908,2.0880000591278076,2.068000078201294,2.0339999198913574,2.0139999389648438,2.003999948501587,1.9819999933242798,1.9700000286102295,1.9559999704360962,1.9559999704360962,1.9359999895095825,1.9140000343322754,1.8880000114440918,1.8619999885559082,1.840000033378601,1.8140000104904175,1.7899999618530273,1.7660000324249268,1.7660000324249268,1.746000051498413,1.7259999513626099,1.7059999704360962,1.6859999895095825,1.6640000343322754,1.6319999694824219,1.5160000324249268,1.5160000324249268,1.50600004196167,1.4880000352859497,1.4800000190734863,1.4800000190734863,1.4780000448226929,inf,1.409999966621399,1.409999966621399,1.409999966621399,1.409999966621399,1.409999966621399,1.399999976158142,1.399999976158142,1.399999976158142,...,0.0,0.0,0.0,0.0,0.0,0.0,0.0,0.0,0.0,0.0,0.0,0.0,0.0,0.0,0.0,0.0,0.0,0.0,0.0,0.0,0.0,0.0,0.0,0.0,0.0,0.0,0.0,0.0,0.0,0.0,0.0,0.0,0.0,0.0,0.0,0.0,0.0,0.0,0.0,0.0,0.0,0.0,0.0,0.0,0.0,0.0,0.0,0.0,0.0,0.0,0.0,0.0,0.0,0.0,0.0,0.0,0.0,0.0,0.0,0.0,0.0,0.0,0.0,0.0,0.0,0.0,0.0,0.0,0.0,47.0,47.0,47.0,47.0,47.0,0.0,0.0,0.0,0.0,0.0,0.0,0.0,0.0,0.0,0.0,0.0,0.0,0.0,0.0,0.0,0.0,0.0,0.0,0.0,0.0,0.0,0.0,0.0,0.0,0.0,0.0,0.0,0.0,0.0,0.0,47.0,47.0,47.0,47.0,47.0,0.0,0.0,0.0,0.0,0.0,0.0,0.0,0.0,0.0,0.0,0.0,0.0,0.0,0.0,0.0,0.0,0.0,0.0,0.0,...
1763031574,486438863,laser,-3.1241390705108643,3.1415927410125732,0.0034828970674425364,5.393330502556637e-05,0.09702602028846741,0.15000000596046448,16.0,inf,inf,inf,inf,inf,inf,inf,inf,inf,inf,inf,inf,inf,inf,inf,inf,inf,inf,inf,inf,inf,inf,inf,inf,inf,inf,inf,inf,10.479999542236328,10.479999542236328,10.479999542236328,10.479999542236328,10.479999542236328,inf,inf,inf,inf,inf,inf,inf,inf,inf,inf,inf,inf,inf,inf,inf,inf,inf,inf,inf,inf,3.815999984741211,3.815999984741211,3.815999984741211,3.815999984741211,3.815999984741211,3.752000093460083,3.74399995803833,3.74399995803833,3.74399995803833,3.740000009536743,3.74399995803833,3.747999906539917,3.752000093460083,2.888000011444092,2.888000011444092,2.747999906539917,2.747999906539917,2.747999906539917,2.747999906539917,2.7039999961853027,2.7039999961853027,2.6480000019073486,2.5959999561309814,2.5360000133514404,2.48799991607666,2.440000057220459,2.380000114440918,2.3399999141693115,2.299999952316284,2.299999952316284,2.24399995803833,2.2160000801086426,2.196000099182129,2.1440000534057617,2.1040000915527344,2.0880000591278076,2.055999994277954,2.0139999389648438,1.9859999418258667,1.9639999866485596,1.9639999866485596,1.9359999895095825,1.9140000343322754,1.9040000438690186,1.8940000534057617,1.8799999952316284,1.8619999885559082,1.8459999561309814,1.8259999752044678,1.805999994277954,1.805999994277954,1.784000039100647,1.7599999904632568,1.7380000352859497,1.715999960899353,1.6979999542236328,1.6779999732971191,1.659999966621399,1.5099999904632568,1.5099999904632568,1.5099999904632568,1.5,1.4880000352859497,1.4880000352859497,1.4759999513626099,inf,inf,inf,inf,inf,1.4040000438690186,1.4040000438690186,1.4040000438690186,1.4040000438690186,1.4040000438690186,...,0.0,0.0,0.0,0.0,0.0,0.0,0.0,0.0,0.0,0.0,0.0,0.0,0.0,0.0,0.0,0.0,0.0,0.0,0.0,0.0,0.0,0.0,0.0,0.0,0.0,0.0,0.0,0.0,0.0,0.0,0.0,0.0,0.0,0.0,0.0,0.0,0.0,0.0,0.0,0.0,0.0,0.0,0.0,0.0,0.0,0.0,0.0,0.0,0.0,0.0,0.0,0.0,0.0,0.0,0.0,0.0,0.0,0.0,0.0,0.0,0.0,0.0,0.0,0.0,0.0,0.0,0.0,0.0,0.0,0.0,0.0,0.0,0.0,0.0,0.0,0.0,0.0,0.0,0.0,0.0,0.0,0.0,0.0,0.0,0.0,0.0,0.0,0.0,0.0,0.0,0.0,0.0,0.0,0.0,0.0,0.0,0.0,0.0,0.0,0.0,0.0,0.0,0.0,0.0,0.0,0.0,0.0,47.0,47.0,47.0,47.0,47.0,0.0,0.0,0.0,0.0,0.0,0.0,0.0,0.0,0.0,0.0,0.0,0.0,0.0,0.0,0.0,0.0,...
1763031574,585144014,laser,-3.1241390705108643,3.1415927410125732,0.0034828970674425364,5.369644350139424e-05,0.09659990668296814,0.15000000596046448,16.0,inf,inf,inf,inf,inf,inf,inf,inf,inf,inf,inf,inf,inf,inf,inf,inf,inf,inf,inf,inf,inf,inf,inf,inf,inf,inf,inf,10.432000160217285,10.432000160217285,10.432000160217285,10.432000160217285,10.432000160217285,inf,inf,inf,inf,inf,inf,inf,inf,inf,inf,inf,inf,inf,inf,inf,inf,inf,inf,3.875999927520752,3.875999927520752,3.875999927520752,3.875999927520752,3.875999927520752,3.7880001068115234,3.7880001068115234,3.7880001068115234,3.7880001068115234,3.74399995803833,3.747999906539917,3.747999906539917,3.74399995803833,3.74399995803833,3.747999906539917,3.747999906539917,3.752000093460083,2.931999921798706,2.868000030517578,2.868000030517578,2.868000030517578,2.7960000038146973,2.7320001125335693,2.684000015258789,2.640000104904175,2.5759999752044678,2.5239999294281006,2.4719998836517334,2.4719998836517334,2.368000030517578,2.368000030517578,2.328000068664551,2.2960000038146973,2.200000047683716,2.200000047683716,2.191999912261963,2.140000104904175,2.1040000915527344,2.0840001106262207,2.0840001106262207,1.996000051498413,1.996000051498413,1.9739999771118164,1.9500000476837158,1.9140000343322754,1.8899999856948853,1.8619999885559082,1.8420000076293945,1.8300000429153442,1.815999984741211,1.815999984741211,1.805999994277954,1.7999999523162842,1.7899999618530273,1.7760000228881836,1.753999948501587,1.7319999933242798,1.7139999866485596,1.694000005722046,1.6699999570846558,1.6699999570846558,1.6480000019073486,1.6160000562667847,1.5099999904632568,1.5099999904632568,1.496000051498413,1.4819999933242798,inf,inf,inf,inf,inf,inf,1.399999976158142,1.399999976158142,1.399999976158142,1.399999976158142,1.399999976158142,...,0.0,0.0,0.0,0.0,0.0,0.0,0.0,0.0,0.0,0.0,0.0,0.0,0.0,0.0,0.0,0.0,0.0,0.0,0.0,0.0,0.0,0.0,0.0,0.0,0.0,0.0,0.0,0.0,0.0,0.0,0.0,0.0,0.0,0.0,0.0,0.0,0.0,0.0,0.0,0.0,0.0,0.0,0.0,0.0,0.0,0.0,0.0,0.0,0.0,0.0,0.0,0.0,0.0,0.0,0.0,0.0,0.0,0.0,0.0,0.0,0.0,0.0,0.0,0.0,0.0,0.0,0.0,0.0,0.0,0.0,0.0,0.0,0.0,0.0,0.0,0.0,0.0,0.0,0.0,0.0,0.0,0.0,0.0,0.0,0.0,0.0,0.0,0.0,0.0,0.0,0.0,47.0,47.0,47.0,47.0,47.0,0.0,0.0,0.0,0.0,0.0,0.0,0.0,0.0,0.0,0.0,0.0,0.0,0.0,0.0,0.0,0.0,0.0,0.0,0.0,0.0,0.0,0.0,0.0,0.0,0.0,0.0,0.0,47.0,47.0,47.0,47.0,47.0,...
1763031574,683497813,laser,-3.1241390705108643,3.1415927410125732,0.0034828970674425364,5.705253715859726e-05,0.10263751447200775,0.15000000596046448,16.0,inf,inf,inf,inf,inf,inf,inf,inf,inf,inf,inf,inf,inf,inf,inf,inf,inf,inf,inf,inf,inf,inf,inf,inf,inf,inf,inf,inf,inf,inf,inf,inf,inf,inf,inf,inf,inf,inf,inf,inf,inf,inf,inf,inf,inf,inf,inf,inf,inf,inf,inf,inf,3.752000093460083,3.752000093460083,3.752000093460083,3.752000093460083,3.752000093460083,3.747999906539917,3.747999906539917,3.747999906539917,3.747999906539917,3.752000093460083,3.74399995803833,3.74399995803833,3.747999906539917,3.752000093460083,2.931999921798706,2.880000114440918,2.880000114440918,2.880000114440918,2.880000114440918,2.812000036239624,2.752000093460083,2.700000047683716,2.6440000534057617,2.5840001106262207,2.5280001163482666,2.4760000705718994,2.4240000247955322,2.375999927520752,2.3320000171661377,2.3320000171661377,2.2920000553131104,2.2360000610351562,2.2079999446868896,2.196000099182129,2.1440000534057617,2.1040000915527344,2.0840001106262207,2.052000045776367,2.052000045776367,1.9859999418258667,1.9859999418258667,1.9639999866485596,1.9299999475479126,1.9079999923706055,1.8960000276565552,1.8899999856948853,1.8819999694824219,1.8639999628067017,1.8459999561309814,1.8459999561309814,1.8279999494552612,1.805999994277954,1.7799999713897705,1.75600004196167,1.7339999675750732,1.7139999866485596,1.6959999799728394,1.6740000247955322,1.6740000247955322,1.649999976158142,1.5080000162124634,1.4980000257492065,1.4980000257492065,1.4980000257492065,1.4839999675750732,1.4759999513626099,inf,inf,inf,inf,1.4019999504089355,1.4019999504089355,1.4019999504089355,1.4019999504089355,1.4019999504089355,1.3940000534057617,...,0.0,0.0,0.0,0.0,0.0,0.0,0.0,0.0,0.0,0.0,0.0,0.0,0.0,0.0,0.0,0.0,0.0,0.0,0.0,0.0,0.0,0.0,0.0,0.0,0.0,0.0,0.0,0.0,0.0,0.0,0.0,0.0,0.0,0.0,0.0,0.0,0.0,0.0,0.0,0.0,0.0,0.0,0.0,0.0,0.0,0.0,0.0,0.0,0.0,0.0,0.0,0.0,0.0,0.0,0.0,0.0,0.0,0.0,0.0,0.0,0.0,0.0,0.0,0.0,0.0,0.0,0.0,0.0,0.0,0.0,0.0,0.0,0.0,0.0,0.0,0.0,0.0,0.0,0.0,0.0,0.0,0.0,0.0,0.0,0.0,0.0,0.0,0.0,0.0,0.0,0.0,0.0,0.0,0.0,0.0,0.0,0.0,0.0,0.0,0.0,0.0,0.0,0.0,0.0,0.0,0.0,0.0,0.0,0.0,0.0,0.0,0.0,0.0,0.0,0.0,0.0,0.0,0.0,0.0,0.0,0.0,0.0,0.0,0.0,0.0,0.0,0.0,0.0,...
1763031574,787691516,laser,-3.1241390705108643,3.1415927410125732,0.0034828970674425364,5.370778308133595e-05,0.09662029892206192,0.15000000596046448,16.0,inf,inf,inf,inf,inf,inf,inf,inf,inf,inf,inf,inf,inf,inf,inf,inf,inf,inf,inf,inf,inf,inf,inf,inf,inf,inf,inf,inf,inf,10.368000030517578,10.368000030517578,10.368000030517578,10.368000030517578,10.368000030517578,inf,inf,inf,inf,inf,inf,inf,inf,inf,inf,inf,inf,inf,inf,inf,inf,3.880000114440918,3.880000114440918,3.880000114440918,3.880000114440918,3.880000114440918,3.7920000553131104,3.7920000553131104,3.7920000553131104,3.74399995803833,3.747999906539917,3.747999906539917,3.747999906539917,3.74399995803833,3.74399995803833,3.747999906539917,3.747999906539917,2.936000108718872,2.936000108718872,2.880000114440918,2.880000114440918,2.812000036239624,2.812000036239624,2.740000009536743,2.6760001182556152,2.628000020980835,2.5799999237060547,2.5280001163482666,2.4760000705718994,2.4240000247955322,2.375999927520752,2.3320000171661377,2.2960000038146973,2.2960000038146973,2.240000009536743,2.2079999446868896,2.191999912261963,2.1440000534057617,2.1080000400543213,2.0840001106262207,2.053999900817871,2.0220000743865967,2.0,1.9819999933242798,1.9819999933242798,1.965999960899353,1.9539999961853027,1.944000005722046,1.9240000247955322,1.9040000438690186,1.878000020980835,1.8519999980926514,1.8300000429153442,1.8300000429153442,1.8040000200271606,1.7799999713897705,1.753999948501587,1.7319999933242798,1.7139999866485596,1.6959999799728394,1.6720000505447388,1.649999976158142,1.649999976158142,1.531999945640564,1.5080000162124634,1.5080000162124634,1.4980000257492065,1.4839999675750732,1.4759999513626099,inf,inf,inf,inf,inf,1.4019999504089355,1.4019999504089355,1.4019999504089355,1.4019999504089355,1.4019999504089355,...,0.0,0.0,0.0,0.0,0.0,0.0,0.0,0.0,0.0,0.0,0.0,0.0,0.0,0.0,0.0,0.0,0.0,0.0,0.0,0.0,0.0,0.0,0.0,0.0,0.0,0.0,0.0,0.0,0.0,0.0,0.0,0.0,0.0,0.0,0.0,0.0,0.0,0.0,0.0,0.0,0.0,0.0,0.0,0.0,0.0,0.0,0.0,0.0,0.0,0.0,0.0,0.0,0.0,0.0,0.0,0.0,0.0,0.0,0.0,0.0,0.0,0.0,0.0,0.0,0.0,0.0,0.0,0.0,0.0,0.0,0.0,0.0,0.0,0.0,0.0,0.0,0.0,0.0,0.0,0.0,0.0,0.0,0.0,0.0,0.0,0.0,0.0,0.0,0.0,0.0,0.0,0.0,0.0,0.0,0.0,0.0,0.0,0.0,0.0,0.0,0.0,0.0,0.0,0.0,0.0,0.0,47.0,47.0,47.0,47.0,47.0,0.0,0.0,0.0,0.0,0.0,0.0,0.0,0.0,0.0,0.0,0.0,0.0,0.0,0.0,47.0,47.0,47.0,...
1763031574,886081709,laser,-3.1241390705108643,3.1415927410125732,0.0034828970674425364,5.366409459384158e-05,0.09654170274734497,0.15000000596046448,16.0,inf,inf,inf,inf,inf,inf,inf,inf,inf,inf,inf,inf,inf,inf,inf,inf,inf,inf,inf,inf,inf,inf,inf,inf,inf,inf,inf,10.4399995803833,10.4399995803833,10.4399995803833,10.4399995803833,10.4399995803833,inf,inf,inf,inf,inf,inf,inf,inf,inf,inf,inf,inf,inf,inf,inf,4.111999988555908,4.111999988555908,4.111999988555908,4.111999988555908,4.111999988555908,3.875999927520752,3.875999927520752,3.875999927520752,3.7880001068115234,3.7880001068115234,3.7880001068115234,3.7880001068115234,3.74399995803833,3.74399995803833,3.747999906539917,3.74399995803833,3.747999906539917,3.747999906539917,3.747999906539917,2.931999921798706,2.931999921798706,2.871999979019165,2.871999979019165,2.871999979019165,2.808000087738037,2.7279999256134033,2.6640000343322754,2.628000020980835,2.5759999752044678,2.5239999294281006,2.3959999084472656,2.364000082015991,2.364000082015991,2.364000082015991,2.3320000171661377,2.2960000038146973,2.191999912261963,2.191999912261963,2.187999963760376,2.1440000534057617,2.1080000400543213,2.0799999237060547,2.049999952316284,2.049999952316284,1.9700000286102295,1.9700000286102295,1.9479999542236328,1.9140000343322754,1.8880000114440918,1.8639999628067017,1.840000033378601,1.8240000009536743,1.815999984741211,1.812000036239624,1.812000036239624,1.8020000457763672,1.7879999876022339,1.7740000486373901,1.753999948501587,1.7319999933242798,1.7120000123977661,1.6920000314712524,1.6699999570846558,1.6699999570846558,1.649999976158142,1.6200000047683716,1.5099999904632568,1.5099999904632568,1.496000051498413,1.4800000190734863,inf,inf,inf,inf,inf,inf,1.4019999504089355,1.4019999504089355,1.4019999504089355,1.4019999504089355,1.4019999504089355,...,0.0,0.0,0.0,0.0,0.0,0.0,0.0,0.0,0.0,0.0,0.0,0.0,0.0,0.0,0.0,0.0,0.0,0.0,0.0,0.0,47.0,47.0,47.0,47.0,47.0,0.0,0.0,0.0,0.0,0.0,0.0,0.0,0.0,0.0,0.0,0.0,0.0,0.0,0.0,0.0,0.0,0.0,0.0,0.0,0.0,0.0,0.0,0.0,0.0,0.0,0.0,0.0,0.0,0.0,0.0,0.0,0.0,0.0,0.0,0.0,0.0,0.0,0.0,0.0,0.0,0.0,0.0,0.0,0.0,0.0,0.0,0.0,0.0,0.0,0.0,0.0,0.0,0.0,0.0,0.0,0.0,0.0,0.0,0.0,0.0,0.0,0.0,0.0,0.0,0.0,0.0,47.0,47.0,47.0,47.0,47.0,0.0,0.0,0.0,0.0,0.0,0.0,0.0,0.0,0.0,0.0,0.0,0.0,0.0,0.0,0.0,0.0,0.0,0.0,0.0,0.0,0.0,0.0,0.0,0.0,0.0,0.0,0.0,47.0,47.0,47.0,47.0,47.0,...
1763031574,984254701,laser,-3.1241390705108643,3.1415927410125732,0.0034828970674425364,5.369587233872153e-05,0.09659887850284576,0.15000000596046448,16.0,inf,inf,inf,inf,inf,inf,inf,inf,inf,inf,inf,inf,inf,inf,inf,inf,inf,inf,inf,inf,inf,inf,inf,inf,inf,inf,inf,10.319999694824219,10.319999694824219,10.319999694824219,10.319999694824219,10.319999694824219,inf,inf,inf,inf,inf,inf,inf,inf,inf,inf,inf,inf,inf,inf,inf,inf,inf,inf,inf,inf,inf,3.7839999198913574,3.7839999198913574,3.7839999198913574,3.7839999198913574,3.7839999198913574,3.74399995803833,3.74399995803833,3.740000009536743,3.740000009536743,3.74399995803833,3.74399995803833,3.747999906539917,3.747999906539917,2.8399999141693115,2.8399999141693115,2.8399999141693115,2.8399999141693115,2.8399999141693115,2.7920000553131104,2.7279999256134033,2.6679999828338623,2.624000072479248,2.5759999752044678,2.5759999752044678,2.5160000324249268,2.3959999084472656,2.3959999084472656,2.359999895095825,2.319999933242798,2.2880001068115234,2.1760001182556152,2.180000066757202,2.180000066757202,2.1440000534057617,2.1440000534057617,2.1040000915527344,2.063999891281128,2.0339999198913574,2.002000093460083,1.9739999771118164,1.9500000476837158,1.9119999408721924,1.8860000371932983,1.871999979019165,1.8480000495910645,1.8320000171661377,1.8320000171661377,1.8300000429153442,1.8200000524520874,1.8079999685287476,1.7920000553131104,1.7719999551773071,1.7519999742507935,1.7300000190734863,1.7079999446868896,1.687999963760376,1.687999963760376,1.6699999570846558,1.6480000019073486,1.534000039100647,1.534000039100647,1.5099999904632568,1.4980000257492065,1.4819999933242798,1.465999960899353,inf,1.4320000410079956,1.4320000410079956,1.4320000410079956,1.4320000410079956,1.4320000410079956,1.399999976158142,1.399999976158142,1.399999976158142,1.3860000371932983,...,0.0,0.0,0.0,0.0,0.0,0.0,0.0,0.0,0.0,0.0,0.0,0.0,0.0,0.0,0.0,0.0,0.0,0.0,0.0,0.0,0.0,0.0,0.0,0.0,0.0,0.0,0.0,0.0,0.0,0.0,0.0,0.0,0.0,0.0,0.0,0.0,0.0,0.0,0.0,0.0,0.0,0.0,0.0,0.0,0.0,0.0,0.0,0.0,0.0,0.0,0.0,0.0,0.0,0.0,0.0,0.0,0.0,0.0,0.0,0.0,0.0,0.0,0.0,0.0,0.0,0.0,0.0,0.0,0.0,0.0,0.0,0.0,0.0,0.0,0.0,0.0,0.0,0.0,0.0,0.0,0.0,0.0,0.0,0.0,0.0,0.0,0.0,0.0,0.0,0.0,0.0,0.0,0.0,0.0,0.0,0.0,0.0,0.0,0.0,0.0,0.0,0.0,0.0,0.0,0.0,0.0,0.0,0.0,0.0,0.0,0.0,0.0,0.0,0.0,0.0,0.0,0.0,0.0,0.0,0.0,0.0,0.0,0.0,0.0,0.0,0.0,0.0,0.0,...
1763031575,82266034,laser,-3.1241390705108643,3.1415927410125732,0.0034828970674425364,5.7195658882847056e-05,0.10289499163627625,0.15000000596046448,16.0,inf,inf,inf,inf,inf,inf,inf,inf,inf,inf,inf,inf,inf,inf,inf,inf,inf,inf,inf,inf,inf,inf,inf,inf,inf,inf,inf,inf,inf,inf,inf,inf,inf,inf,inf,inf,inf,inf,inf,inf,inf,inf,inf,inf,inf,inf,inf,inf,inf,inf,inf,inf,inf,3.871999979019165,3.871999979019165,3.871999979019165,3.871999979019165,3.871999979019165,3.7839999198913574,3.74399995803833,3.7360000610351562,3.740000009536743,3.74399995803833,3.747999906539917,3.747999906539917,3.747999906539917,3.74399995803833,2.859999895095825,2.859999895095825,2.859999895095825,2.859999895095825,2.7920000553131104,2.7279999256134033,2.6679999828338623,2.624000072479248,2.572000026702881,2.51200008392334,2.51200008392334,2.4679999351501465,2.4119999408721924,2.359999895095825,2.328000068664551,2.2960000038146973,2.184000015258789,2.184000015258789,2.184000015258789,2.140000104904175,2.1040000915527344,2.1040000915527344,2.063999891281128,2.0339999198913574,2.0179998874664307,1.9919999837875366,1.9700000286102295,1.9539999961853027,1.9459999799728394,1.9359999895095825,1.9179999828338623,1.9179999828338623,1.8980000019073486,1.8739999532699585,1.8480000495910645,1.8279999494552612,1.7979999780654907,1.7740000486373901,1.753999948501587,1.7319999933242798,1.7079999446868896,1.687999963760376,1.687999963760376,1.6699999570846558,1.649999976158142,1.5219999551773071,1.5219999551773071,1.5099999904632568,1.5,1.4859999418258667,inf,inf,inf,inf,inf,1.4019999504089355,1.4019999504089355,1.4019999504089355,1.4019999504089355,1.4019999504089355,1.3880000114440918,...,0.0,0.0,0.0,0.0,0.0,0.0,0.0,0.0,0.0,0.0,0.0,0.0,0.0,0.0,0.0,0.0,0.0,47.0,47.0,47.0,47.0,47.0,0.0,0.0,0.0,0.0,0.0,0.0,0.0,0.0,0.0,0.0,0.0,0.0,0.0,0.0,0.0,0.0,0.0,0.0,0.0,0.0,0.0,0.0,0.0,0.0,0.0,0.0,0.0,0.0,0.0,0.0,0.0,0.0,0.0,0.0,0.0,0.0,0.0,0.0,0.0,0.0,0.0,0.0,0.0,0.0,0.0,0.0,0.0,0.0,0.0,0.0,0.0,0.0,0.0,0.0,0.0,0.0,0.0,0.0,0.0,0.0,0.0,0.0,0.0,0.0,0.0,0.0,0.0,0.0,0.0,47.0,47.0,47.0,47.0,47.0,0.0,0.0,0.0,0.0,0.0,0.0,0.0,0.0,0.0,0.0,0.0,0.0,0.0,0.0,0.0,0.0,0.0,0.0,0.0,0.0,0.0,0.0,0.0,0.0,0.0,0.0,0.0,47.0,47.0,47.0,47.0,47.0,...
1763031575,186355294,laser,-3.1241390705108643,3.1415927410125732,0.0034828970674425364,5.395673724706285e-05,0.0970681756734848,0.15000000596046448,16.0,inf,inf,inf,inf,inf,inf,inf,inf,inf,inf,inf,inf,inf,inf,inf,inf,inf,inf,inf,inf,inf,inf,inf,inf,inf,inf,10.48799991607666,10.48799991607666,10.48799991607666,10.48799991607666,10.48799991607666,inf,inf,inf,inf,inf,inf,inf,inf,inf,inf,inf,inf,inf,inf,inf,inf,inf,inf,inf,3.875999927520752,3.875999927520752,3.875999927520752,3.875999927520752,3.875999927520752,3.7839999198913574,3.7839999198913574,3.7839999198913574,3.7839999198913574,3.740000009536743,3.74399995803833,3.74399995803833,3.74399995803833,3.747999906539917,3.747999906539917,3.747999906539917,3.747999906539917,2.927999973297119,2.868000030517578,2.868000030517578,2.868000030517578,2.799999952316284,2.7279999256134033,2.6679999828338623,2.624000072479248,2.572000026702881,2.5160000324249268,2.4719998836517334,2.4159998893737793,2.364000082015991,2.328000068664551,2.328000068664551,2.2960000038146973,2.200000047683716,2.200000047683716,2.187999963760376,2.140000104904175,2.111999988555908,2.0880000591278076,2.0480000972747803,2.01200008392334,1.9859999418258667,1.9600000381469727,1.9600000381469727,1.9279999732971191,1.9079999923706055,1.8960000276565552,1.8860000371932983,1.878000020980835,1.8600000143051147,1.843999981880188,1.8279999494552612,1.8279999494552612,1.7999999523162842,1.7740000486373901,1.75600004196167,1.7319999933242798,1.7120000123977661,1.6959999799728394,1.6720000505447388,1.649999976158142,1.649999976158142,1.5099999904632568,1.5099999904632568,1.5,1.5,1.4880000352859497,inf,inf,inf,inf,inf,inf,1.4019999504089355,1.4019999504089355,1.4019999504089355,1.4019999504089355,1.4019999504089355,...,0.0,0.0,0.0,0.0,0.0,0.0,0.0,0.0,0.0,0.0,0.0,0.0,0.0,0.0,0.0,0.0,0.0,47.0,47.0,47.0,47.0,47.0,0.0,0.0,0.0,0.0,0.0,0.0,0.0,0.0,0.0,0.0,0.0,0.0,0.0,0.0,0.0,0.0,0.0,0.0,0.0,0.0,0.0,0.0,0.0,0.0,0.0,0.0,0.0,0.0,0.0,0.0,0.0,0.0,0.0,0.0,0.0,0.0,0.0,0.0,0.0,0.0,0.0,0.0,0.0,0.0,0.0,47.0,47.0,47.0,47.0,47.0,0.0,0.0,0.0,0.0,0.0,0.0,0.0,0.0,0.0,0.0,0.0,0.0,0.0,0.0,0.0,0.0,0.0,0.0,0.0,0.0,0.0,0.0,0.0,0.0,0.0,0.0,0.0,0.0,0.0,0.0,0.0,0.0,0.0,0.0,0.0,0.0,0.0,0.0,0.0,0.0,0.0,0.0,0.0,0.0,0.0,0.0,0.0,0.0,0.0,0.0,0.0,47.0,47.0,47.0,47.0,47.0,...
1763031575,284963188,laser,-3.1241390705108643,3.1415927410125732,0.0034828970674425364,5.376280751079321e-05,0.09671929478645325,0.15000000596046448,16.0,inf,inf,inf,inf,inf,inf,inf,inf,inf,inf,inf,inf,inf,inf,inf,inf,inf,inf,inf,inf,inf,inf,inf,inf,inf,inf,inf,10.456000328063965,10.456000328063965,10.456000328063965,10.456000328063965,10.456000328063965,inf,inf,inf,inf,inf,inf,inf,inf,inf,inf,inf,inf,inf,inf,inf,inf,inf,inf,inf,3.799999952316284,3.799999952316284,3.799999952316284,3.799999952316284,3.799999952316284,3.752000093460083,3.752000093460083,3.752000093460083,3.752000093460083,3.747999906539917,3.747999906539917,3.74399995803833,3.747999906539917,3.747999906539917,3.752000093460083,2.868000030517578,2.868000030517578,2.868000030517578,2.808000087738037,2.808000087738037,2.808000087738037,2.747999906539917,2.691999912261963,2.640000104904175,2.5880000591278076,2.5439999103546143,2.48799991607666,2.427999973297119,2.371999979019165,2.3320000171661377,2.3320000171661377,2.2920000553131104,2.24399995803833,2.2160000801086426,2.187999963760376,2.1480000019073486,2.119999885559082,2.0840001106262207,2.052000045776367,2.0139999389648438,1.9839999675750732,1.9600000381469727,1.9600000381469727,1.9259999990463257,1.899999976158142,1.8739999532699585,1.8559999465942383,1.850000023841858,1.8300000429153442,1.8200000524520874,1.809999942779541,1.809999942779541,1.7979999780654907,1.7799999713897705,1.75600004196167,1.7400000095367432,1.7200000286102295,1.6959999799728394,1.6779999732971191,1.6579999923706055,1.6579999923706055,1.5099999904632568,1.5099999904632568,1.496000051498413,1.496000051498413,1.4880000352859497,1.4780000448226929,inf,inf,inf,1.4119999408721924,1.4119999408721924,1.4119999408721924,1.4119999408721924,1.4119999408721924,1.3980000019073486,1.3980000019073486,...,0.0,0.0,0.0,0.0,0.0,0.0,0.0,0.0,0.0,0.0,0.0,0.0,0.0,0.0,0.0,0.0,0.0,0.0,0.0,0.0,0.0,0.0,0.0,0.0,0.0,0.0,0.0,0.0,0.0,0.0,0.0,0.0,0.0,0.0,0.0,0.0,0.0,0.0,0.0,0.0,0.0,0.0,0.0,0.0,0.0,0.0,0.0,0.0,0.0,0.0,0.0,0.0,0.0,0.0,0.0,0.0,0.0,0.0,0.0,0.0,0.0,0.0,0.0,0.0,0.0,0.0,0.0,0.0,0.0,0.0,0.0,0.0,0.0,0.0,0.0,0.0,0.0,0.0,0.0,0.0,0.0,0.0,0.0,0.0,0.0,0.0,0.0,0.0,0.0,0.0,0.0,0.0,0.0,0.0,0.0,0.0,0.0,0.0,0.0,0.0,0.0,0.0,0.0,0.0,0.0,0.0,0.0,0.0,0.0,0.0,0.0,0.0,0.0,0.0,0.0,0.0,0.0,0.0,0.0,0.0,0.0,0.0,0.0,0.0,0.0,0.0,0.0,0.0,...
1763031575,383580387,laser,-3.1241390705108643,3.1415927410125732,0.0034828970674425364,5.6949607824208215e-05,0.1024523451924324,0.15000000596046448,16.0,inf,inf,inf,inf,inf,inf,inf,inf,inf,inf,inf,inf,inf,inf,inf,inf,inf,inf,inf,inf,inf,inf,inf,inf,inf,inf,inf,inf,10.368000030517578,10.368000030517578,10.368000030517578,10.368000030517578,10.368000030517578,inf,inf,inf,inf,inf,inf,inf,inf,inf,inf,inf,inf,inf,inf,inf,inf,inf,inf,inf,inf,3.7760000228881836,3.7760000228881836,3.7760000228881836,3.7760000228881836,3.7760000228881836,3.74399995803833,3.74399995803833,3.740000009536743,3.7360000610351562,3.7360000610351562,3.74399995803833,3.747999906539917,3.747999906539917,2.9159998893737793,2.9159998893737793,2.8519999980926514,2.8519999980926514,2.8519999980926514,2.799999952316284,2.7239999771118164,2.6640000343322754,2.624000072479248,2.624000072479248,2.568000078201294,2.51200008392334,2.4600000381469727,2.3959999084472656,2.359999895095825,2.3239998817443848,2.2920000553131104,2.171999931335449,2.1760001182556152,2.1760001182556152,2.135999917984009,2.135999917984009,2.1040000915527344,2.072000026702881,2.0420000553131104,2.007999897003174,1.9780000448226929,1.9479999542236328,1.9160000085830688,1.8980000019073486,1.8980000019073486,1.8760000467300415,1.8760000467300415,1.8680000305175781,1.8580000400543213,1.8380000591278076,1.8220000267028809,1.7999999523162842,1.7719999551773071,1.75,1.7300000190734863,1.7079999446868896,1.7079999446868896,1.687999963760376,1.6679999828338623,1.6480000019073486,1.527999997138977,1.527999997138977,1.50600004196167,1.496000051498413,1.4839999675750732,1.465999960899353,inf,1.4299999475479126,1.4299999475479126,1.4299999475479126,1.4299999475479126,1.4299999475479126,1.3980000019073486,1.3980000019073486,1.3980000019073486,1.3860000371932983,...,0.0,0.0,0.0,0.0,0.0,0.0,0.0,0.0,0.0,0.0,0.0,0.0,0.0,0.0,0.0,0.0,0.0,0.0,0.0,0.0,0.0,0.0,0.0,0.0,0.0,0.0,0.0,0.0,0.0,0.0,0.0,0.0,0.0,0.0,0.0,0.0,0.0,0.0,0.0,0.0,0.0,0.0,0.0,0.0,0.0,0.0,0.0,0.0,0.0,0.0,0.0,0.0,0.0,0.0,0.0,0.0,0.0,0.0,0.0,0.0,0.0,0.0,0.0,0.0,0.0,0.0,0.0,0.0,0.0,0.0,0.0,0.0,0.0,0.0,0.0,0.0,0.0,0.0,0.0,0.0,0.0,0.0,0.0,0.0,0.0,0.0,0.0,0.0,0.0,0.0,47.0,47.0,47.0,47.0,47.0,0.0,0.0,0.0,0.0,0.0,0.0,0.0,0.0,0.0,0.0,0.0,0.0,0.0,0.0,0.0,0.0,0.0,0.0,0.0,0.0,0.0,0.0,0.0,0.0,0.0,0.0,0.0,0.0,0.0,0.0,0.0,0.0,0.0,...
1763031575,487843910,laser,-3.1241390705108643,3.1415927410125732,0.0034828970674425364,5.362656156648882e-05,0.09647417813539505,0.15000000596046448,16.0,inf,inf,inf,inf,inf,inf,inf,inf,inf,inf,inf,inf,inf,inf,inf,inf,inf,inf,inf,inf,inf,inf,inf,inf,inf,inf,inf,inf,inf,inf,inf,inf,inf,inf,inf,inf,inf,inf,inf,inf,inf,inf,inf,inf,inf,inf,inf,inf,inf,inf,inf,3.7920000553131104,3.7920000553131104,3.7920000553131104,3.7920000553131104,3.7920000553131104,3.74399995803833,3.74399995803833,3.74399995803833,3.74399995803833,3.74399995803833,3.74399995803833,3.74399995803833,3.747999906539917,3.747999906539917,3.747999906539917,2.931999921798706,2.931999921798706,2.931999921798706,2.868000030517578,2.799999952316284,2.799999952316284,2.6600000858306885,2.6600000858306885,2.619999885559082,2.568000078201294,2.51200008392334,2.4719998836517334,2.4159998893737793,2.364000082015991,2.3320000171661377,2.299999952316284,2.299999952316284,2.2039999961853027,2.2039999961853027,2.187999963760376,2.140000104904175,2.1040000915527344,2.0759999752044678,2.0480000972747803,2.0160000324249268,1.99399995803833,1.9780000448226929,1.9780000448226929,1.9620000123977661,1.9500000476837158,1.940000057220459,1.9220000505447388,1.9040000438690186,1.878000020980835,1.8519999980926514,1.8279999494552612,1.8279999494552612,1.8040000200271606,1.7799999713897705,1.75600004196167,1.7319999933242798,1.7120000123977661,1.694000005722046,1.6720000505447388,1.649999976158142,1.649999976158142,1.5080000162124634,1.5080000162124634,1.496000051498413,1.496000051498413,1.4839999675750732,1.4759999513626099,inf,inf,inf,1.406000018119812,1.406000018119812,1.406000018119812,1.406000018119812,1.406000018119812,1.3980000019073486,1.3980000019073486,...,0.0,0.0,0.0,0.0,0.0,0.0,0.0,0.0,0.0,0.0,0.0,0.0,0.0,0.0,0.0,0.0,0.0,0.0,0.0,0.0,0.0,0.0,0.0,0.0,0.0,0.0,0.0,0.0,0.0,0.0,0.0,0.0,0.0,0.0,0.0,0.0,0.0,0.0,0.0,0.0,0.0,0.0,0.0,0.0,0.0,0.0,0.0,0.0,0.0,0.0,0.0,0.0,0.0,0.0,0.0,0.0,0.0,0.0,0.0,0.0,0.0,0.0,0.0,0.0,0.0,0.0,0.0,47.0,47.0,47.0,47.0,47.0,0.0,0.0,0.0,0.0,0.0,0.0,0.0,0.0,0.0,0.0,0.0,0.0,0.0,0.0,0.0,0.0,0.0,0.0,0.0,0.0,0.0,0.0,0.0,0.0,0.0,0.0,0.0,0.0,0.0,0.0,0.0,0.0,0.0,0.0,0.0,0.0,0.0,0.0,0.0,0.0,0.0,0.0,0.0,0.0,0.0,0.0,0.0,0.0,0.0,0.0,0.0,0.0,47.0,47.0,47.0,47.0,...
1763031575,585526778,laser,-3.1241390705108643,3.1415927410125732,0.0034828970674425364,5.4022311815060675e-05,0.0971861407160759,0.15000000596046448,16.0,inf,inf,inf,inf,inf,inf,inf,inf,inf,inf,inf,inf,inf,inf,inf,inf,inf,inf,inf,inf,inf,inf,inf,inf,inf,inf,inf,inf,inf,inf,inf,inf,inf,inf,inf,inf,inf,inf,inf,inf,inf,inf,inf,inf,inf,inf,inf,inf,inf,4.019999980926514,4.019999980926514,4.019999980926514,4.019999980926514,4.019999980926514,3.803999900817871,3.803999900817871,3.803999900817871,3.752000093460083,3.752000093460083,3.74399995803833,3.74399995803833,3.74399995803833,3.74399995803833,3.747999906539917,3.747999906539917,3.752000093460083,2.871999979019165,2.871999979019165,2.871999979019165,2.871999979019165,2.812000036239624,2.812000036239624,2.752000093460083,2.691999912261963,2.640000104904175,2.5160000324249268,2.5160000324249268,2.4760000705718994,2.436000108718872,2.384000062942505,2.3320000171661377,2.2920000553131104,2.252000093460083,2.252000093460083,2.196000099182129,2.196000099182129,2.1519999504089355,2.1040000915527344,2.0799999237060547,2.052000045776367,2.0160000324249268,1.9919999837875366,1.972000002861023,1.9420000314712524,1.9420000314712524,1.9199999570846558,1.9079999923706055,1.8980000019073486,1.8860000371932983,1.8680000305175781,1.8519999980926514,1.8320000171661377,1.809999942779541,1.784000039100647,1.784000039100647,1.75600004196167,1.7359999418258667,1.718000054359436,1.6979999542236328,1.6820000410079956,1.659999966621399,1.6319999694824219,1.5160000324249268,1.5,1.5,1.4880000352859497,1.4880000352859497,inf,inf,inf,inf,inf,1.406000018119812,1.406000018119812,1.406000018119812,1.406000018119812,1.406000018119812,1.3940000534057617,...,0.0,0.0,0.0,0.0,0.0,0.0,0.0,0.0,0.0,0.0,0.0,0.0,0.0,0.0,0.0,0.0,0.0,0.0,0.0,0.0,0.0,0.0,0.0,0.0,0.0,0.0,0.0,0.0,0.0,0.0,0.0,0.0,0.0,0.0,0.0,0.0,0.0,0.0,0.0,0.0,0.0,0.0,0.0,0.0,0.0,0.0,0.0,0.0,0.0,0.0,0.0,0.0,0.0,0.0,0.0,0.0,0.0,0.0,0.0,0.0,0.0,0.0,0.0,0.0,0.0,0.0,0.0,0.0,0.0,0.0,0.0,0.0,0.0,0.0,0.0,0.0,0.0,0.0,0.0,0.0,0.0,0.0,0.0,0.0,0.0,0.0,0.0,0.0,0.0,0.0,0.0,0.0,0.0,0.0,0.0,0.0,0.0,0.0,0.0,0.0,0.0,0.0,0.0,0.0,0.0,0.0,0.0,0.0,0.0,0.0,0.0,0.0,0.0,0.0,0.0,0.0,0.0,0.0,0.0,0.0,0.0,0.0,0.0,0.0,0.0,47.0,47.0,47.0,...
1763031575,683824050,laser,-3.1241390705108643,3.1415927410125732,0.0034828970674425364,5.392948878579773e-05,0.09701915085315704,0.15000000596046448,16.0,inf,inf,inf,inf,inf,inf,inf,inf,inf,inf,inf,inf,inf,inf,inf,inf,inf,inf,inf,inf,inf,inf,inf,inf,inf,inf,inf,inf,inf,inf,inf,inf,inf,inf,inf,inf,inf,inf,inf,inf,inf,inf,inf,inf,inf,inf,inf,inf,inf,inf,inf,inf,3.75600004196167,3.75600004196167,3.75600004196167,3.75600004196167,3.75600004196167,3.74399995803833,3.74399995803833,3.74399995803833,3.740000009536743,3.7360000610351562,3.7360000610351562,3.74399995803833,3.747999906539917,3.752000093460083,2.884000062942505,2.884000062942505,2.884000062942505,2.884000062942505,2.8239998817443848,2.7720000743865967,2.6440000534057617,2.611999988555908,2.611999988555908,2.611999988555908,2.568000078201294,2.507999897003174,2.447999954223633,2.384000062942505,2.3359999656677246,2.303999900817871,2.2880001068115234,2.191999912261963,2.191999912261963,2.1600000858306885,2.1600000858306885,2.124000072479248,2.0999999046325684,2.059999942779541,2.0239999294281006,1.996000051498413,1.9700000286102295,1.9420000314712524,1.906000018119812,1.906000018119812,1.8580000400543213,1.8380000591278076,1.8380000591278076,1.8259999752044678,1.8240000009536743,1.8179999589920044,1.8040000200271606,1.784000039100647,1.7640000581741333,1.7640000581741333,1.7239999771118164,1.7239999771118164,1.7059999704360962,1.6820000410079956,1.6640000343322754,1.6460000276565552,1.5219999551773071,1.50600004196167,1.50600004196167,1.4900000095367432,1.4639999866485596,inf,1.4299999475479126,1.4299999475479126,1.4299999475479126,1.4299999475479126,1.4299999475479126,1.399999976158142,1.399999976158142,1.399999976158142,1.3860000371932983,1.3860000371932983,...,0.0,0.0,0.0,0.0,0.0,0.0,0.0,0.0,0.0,0.0,0.0,0.0,0.0,0.0,0.0,0.0,0.0,0.0,47.0,47.0,47.0,47.0,47.0,0.0,0.0,0.0,0.0,0.0,0.0,0.0,0.0,0.0,0.0,0.0,0.0,0.0,0.0,0.0,0.0,0.0,0.0,0.0,0.0,0.0,0.0,0.0,0.0,0.0,0.0,0.0,0.0,0.0,0.0,0.0,0.0,0.0,0.0,0.0,0.0,0.0,0.0,0.0,0.0,0.0,0.0,0.0,0.0,0.0,0.0,0.0,0.0,0.0,0.0,0.0,0.0,0.0,0.0,0.0,0.0,0.0,0.0,0.0,0.0,0.0,0.0,0.0,0.0,0.0,0.0,47.0,47.0,47.0,47.0,47.0,0.0,0.0,0.0,0.0,0.0,0.0,0.0,0.0,0.0,0.0,0.0,0.0,0.0,0.0,0.0,0.0,0.0,0.0,0.0,0.0,0.0,0.0,0.0,0.0,0.0,0.0,0.0,0.0,0.0,0.0,0.0,0.0,0.0,0.0,...
1763031575,781862815,laser,-3.1241390705108643,3.1415927410125732,0.0034828970674425364,5.746943497797474e-05,0.1033875122666359,0.15000000596046448,16.0,inf,inf,inf,inf,inf,inf,inf,inf,inf,inf,inf,inf,inf,inf,inf,inf,inf,inf,inf,inf,inf,inf,inf,inf,inf,inf,inf,inf,inf,10.472000122070312,10.472000122070312,10.472000122070312,10.472000122070312,10.472000122070312,inf,inf,inf,inf,inf,inf,inf,inf,inf,inf,inf,inf,inf,inf,inf,inf,inf,inf,3.75600004196167,3.75600004196167,3.75600004196167,3.75600004196167,3.75600004196167,3.747999906539917,3.747999906539917,3.747999906539917,3.740000009536743,3.740000009536743,3.7360000610351562,3.74399995803833,3.747999906539917,3.752000093460083,2.884000062942505,2.884000062942505,2.884000062942505,2.884000062942505,2.8239998817443848,2.7720000743865967,2.7720000743865967,2.6480000019073486,2.6480000019073486,2.6080000400543213,2.559999942779541,2.5,2.447999954223633,2.384000062942505,2.3399999141693115,2.303999900817871,2.2880001068115234,2.200000047683716,2.200000047683716,2.200000047683716,2.1600000858306885,2.124000072479248,2.0959999561309814,2.059999942779541,2.0239999294281006,1.996000051498413,1.9620000123977661,1.9359999895095825,1.9119999408721924,1.9119999408721924,1.8799999952316284,1.8799999952316284,1.871999979019165,1.8580000400543213,1.850000023841858,1.8339999914169312,1.812000036239624,1.7879999876022339,1.7680000066757202,1.7680000066757202,1.74399995803833,1.7239999771118164,1.7059999704360962,1.684000015258789,1.6640000343322754,1.6440000534057617,1.5160000324249268,1.50600004196167,1.50600004196167,1.49399995803833,1.468000054359436,inf,1.4299999475479126,1.4299999475479126,1.4299999475479126,1.4299999475479126,1.4299999475479126,1.399999976158142,1.399999976158142,1.399999976158142,1.3860000371932983,1.3860000371932983,...,0.0,0.0,0.0,0.0,0.0,0.0,0.0,0.0,0.0,0.0,0.0,0.0,0.0,0.0,0.0,0.0,0.0,0.0,0.0,0.0,0.0,0.0,0.0,0.0,0.0,0.0,0.0,0.0,0.0,0.0,0.0,0.0,0.0,0.0,0.0,0.0,0.0,0.0,0.0,0.0,0.0,0.0,0.0,0.0,0.0,0.0,0.0,0.0,0.0,0.0,0.0,0.0,0.0,0.0,0.0,0.0,0.0,0.0,0.0,0.0,0.0,0.0,0.0,0.0,0.0,0.0,0.0,0.0,0.0,0.0,0.0,0.0,0.0,0.0,0.0,0.0,0.0,0.0,0.0,0.0,0.0,0.0,0.0,0.0,0.0,0.0,0.0,0.0,0.0,0.0,0.0,0.0,0.0,0.0,0.0,0.0,0.0,0.0,0.0,0.0,0.0,0.0,0.0,0.0,0.0,0.0,0.0,0.0,0.0,0.0,0.0,0.0,0.0,0.0,0.0,0.0,0.0,0.0,0.0,0.0,0.0,0.0,0.0,0.0,0.0,0.0,0.0,0.0,...
1763031575,886758713,laser,-3.1241390705108643,3.1415927410125732,0.0034828970674425364,5.3797211876371875e-05,0.0967811793088913,0.15000000596046448,16.0,inf,inf,inf,inf,inf,inf,inf,inf,inf,inf,inf,inf,inf,inf,inf,inf,inf,inf,inf,inf,inf,inf,inf,inf,inf,inf,inf,inf,inf,10.479999542236328,10.479999542236328,10.479999542236328,10.479999542236328,10.479999542236328,inf,inf,inf,inf,inf,inf,inf,inf,inf,inf,inf,inf,inf,inf,inf,inf,inf,inf,inf,3.808000087738037,3.808000087738037,3.808000087738037,3.808000087738037,3.808000087738037,3.752000093460083,3.740000009536743,3.740000009536743,3.740000009536743,3.740000009536743,3.747999906539917,3.752000093460083,3.752000093460083,2.884000062942505,2.884000062942505,2.8239998817443848,2.8239998817443848,2.8239998817443848,2.7639999389648438,2.7639999389648438,2.6440000534057617,2.6440000534057617,2.5280001163482666,2.5280001163482666,2.48799991607666,2.436000108718872,2.380000114440918,2.3359999656677246,2.2920000553131104,2.25600004196167,2.25600004196167,2.200000047683716,2.200000047683716,2.1600000858306885,2.115999937057495,2.0799999237060547,2.052000045776367,2.0239999294281006,2.007999897003174,1.99399995803833,1.9739999771118164,1.9620000123977661,1.9620000123977661,1.9520000219345093,1.934000015258789,1.909999966621399,1.8860000371932983,1.8580000400543213,1.8359999656677246,1.812000036239624,1.7879999876022339,1.7879999876022339,1.7640000581741333,1.7400000095367432,1.718000054359436,1.7000000476837158,1.684000015258789,1.6619999408721924,1.6260000467300415,1.5140000581741333,1.5140000581741333,1.503999948501587,1.4900000095367432,1.4900000095367432,1.4819999933242798,1.4780000448226929,inf,inf,inf,inf,1.409999966621399,1.409999966621399,1.409999966621399,1.409999966621399,1.409999966621399,...,0.0,0.0,0.0,0.0,0.0,0.0,0.0,0.0,0.0,0.0,0.0,0.0,0.0,0.0,0.0,0.0,0.0,0.0,47.0,47.0,47.0,47.0,47.0,0.0,0.0,0.0,0.0,0.0,0.0,0.0,0.0,0.0,0.0,0.0,0.0,0.0,0.0,0.0,0.0,0.0,0.0,0.0,0.0,0.0,0.0,0.0,0.0,0.0,0.0,0.0,0.0,0.0,0.0,0.0,0.0,0.0,0.0,0.0,0.0,0.0,0.0,0.0,0.0,0.0,0.0,0.0,0.0,0.0,0.0,0.0,0.0,0.0,0.0,0.0,0.0,0.0,0.0,0.0,0.0,0.0,0.0,0.0,0.0,0.0,0.0,0.0,0.0,0.0,0.0,47.0,47.0,47.0,47.0,47.0,0.0,0.0,0.0,0.0,0.0,0.0,0.0,0.0,0.0,0.0,0.0,0.0,0.0,0.0,0.0,0.0,0.0,0.0,0.0,0.0,0.0,0.0,0.0,0.0,0.0,0.0,0.0,0.0,0.0,0.0,47.0,47.0,47.0,47.0,...
1763031575,985346109,laser,-3.1241390705108643,3.1415927410125732,0.0034828970674425364,5.3601484978571534e-05,0.09642907232046127,0.15000000596046448,16.0,inf,inf,inf,inf,inf,inf,inf,inf,inf,inf,inf,inf,inf,inf,inf,inf,inf,inf,inf,inf,inf,inf,inf,inf,inf,inf,inf,inf,inf,inf,inf,inf,inf,inf,inf,inf,inf,inf,inf,inf,inf,inf,inf,inf,inf,inf,inf,inf,inf,inf,inf,inf,inf,3.7839999198913574,3.7839999198913574,3.7839999198913574,3.7839999198913574,3.7839999198913574,3.740000009536743,3.740000009536743,3.740000009536743,3.74399995803833,3.74399995803833,3.747999906539917,3.747999906539917,3.747999906539917,2.931999921798706,2.864000082015991,2.864000082015991,2.864000082015991,2.864000082015991,2.7920000553131104,2.7279999256134033,2.6640000343322754,2.611999988555908,2.568000078201294,2.51200008392334,2.4679999351501465,2.4679999351501465,2.368000030517578,2.368000030517578,2.3320000171661377,2.303999900817871,2.200000047683716,2.184000015258789,2.184000015258789,2.131999969482422,2.0999999046325684,2.0759999752044678,2.0480000972747803,2.0199999809265137,1.99399995803833,1.99399995803833,1.9639999866485596,1.944000005722046,1.934000015258789,1.9220000505447388,1.909999966621399,1.8940000534057617,1.8700000047683716,1.850000023841858,1.850000023841858,1.8320000171661377,1.8040000200271606,1.777999997138977,1.75600004196167,1.7319999933242798,1.7120000123977661,1.694000005722046,1.6720000505447388,1.6519999504089355,1.6519999504089355,1.5099999904632568,1.5,1.5,1.5,1.4859999418258667,1.4739999771118164,inf,inf,inf,inf,1.4019999504089355,1.4019999504089355,1.4019999504089355,1.4019999504089355,1.4019999504089355,1.3899999856948853,...,0.0,0.0,0.0,0.0,0.0,0.0,0.0,0.0,0.0,0.0,0.0,0.0,0.0,0.0,0.0,0.0,0.0,0.0,0.0,0.0,47.0,47.0,47.0,47.0,47.0,0.0,0.0,0.0,0.0,0.0,0.0,0.0,0.0,0.0,0.0,0.0,0.0,0.0,0.0,0.0,0.0,0.0,0.0,0.0,0.0,0.0,0.0,0.0,0.0,0.0,0.0,0.0,0.0,0.0,0.0,0.0,0.0,0.0,0.0,0.0,0.0,0.0,0.0,0.0,0.0,0.0,0.0,0.0,0.0,0.0,0.0,0.0,0.0,0.0,0.0,0.0,0.0,0.0,0.0,0.0,0.0,0.0,0.0,0.0,0.0,0.0,0.0,0.0,0.0,0.0,0.0,0.0,0.0,0.0,0.0,0.0,0.0,0.0,0.0,0.0,0.0,0.0,0.0,0.0,0.0,0.0,0.0,0.0,0.0,0.0,0.0,0.0,0.0,0.0,0.0,0.0,0.0,0.0,0.0,0.0,0.0,0.0,0.0,0.0,0.0,0.0,0.0,0.0,...
1763031576,83046523,laser,-3.1241390705108643,3.1415927410125732,0.0034828970674425364,5.73286997678224e-05,0.10313433408737183,0.15000000596046448,16.0,inf,inf,inf,inf,inf,inf,inf,inf,inf,inf,inf,inf,inf,inf,inf,inf,inf,inf,inf,inf,inf,inf,inf,inf,inf,inf,10.520000457763672,10.520000457763672,10.520000457763672,10.520000457763672,10.520000457763672,inf,inf,inf,inf,inf,inf,inf,inf,inf,inf,inf,inf,inf,inf,inf,inf,inf,inf,inf,inf,3.808000087738037,3.808000087738037,3.808000087738037,3.808000087738037,3.808000087738037,3.752000093460083,3.752000093460083,3.752000093460083,3.74399995803833,3.74399995803833,3.740000009536743,3.740000009536743,3.74399995803833,3.747999906539917,3.752000093460083,2.880000114440918,2.880000114440918,2.880000114440918,2.8239998817443848,2.8239998817443848,2.8239998817443848,2.759999990463257,2.7039999961853027,2.6480000019073486,2.5999999046325684,2.552000045776367,2.492000102996826,2.431999921798706,2.375999927520752,2.3320000171661377,2.2920000553131104,2.2920000553131104,2.259999990463257,2.2360000610351562,2.200000047683716,2.1559998989105225,2.111999988555908,2.0799999237060547,2.052000045776367,2.0199999809265137,1.9900000095367432,1.9620000123977661,1.9320000410079956,1.9320000410079956,1.9040000438690186,1.8760000467300415,1.8580000400543213,1.8380000591278076,1.809999942779541,1.8040000200271606,1.8040000200271606,1.7960000038146973,1.7960000038146973,1.7799999713897705,1.7599999904632568,1.7380000352859497,1.718000054359436,1.7020000219345093,1.684000015258789,1.6619999408721924,1.6399999856948853,1.5199999809265137,1.5199999809265137,1.4980000257492065,1.4859999418258667,1.4859999418258667,1.4800000190734863,inf,inf,inf,inf,inf,inf,1.399999976158142,1.399999976158142,1.399999976158142,1.399999976158142,...,0.0,0.0,0.0,0.0,0.0,0.0,0.0,0.0,0.0,0.0,0.0,0.0,0.0,0.0,0.0,0.0,0.0,47.0,47.0,47.0,47.0,47.0,0.0,0.0,0.0,0.0,0.0,0.0,0.0,0.0,0.0,0.0,0.0,0.0,0.0,0.0,0.0,0.0,0.0,0.0,0.0,0.0,0.0,0.0,0.0,0.0,0.0,0.0,0.0,0.0,0.0,0.0,0.0,0.0,0.0,0.0,0.0,0.0,0.0,0.0,0.0,0.0,0.0,0.0,0.0,0.0,0.0,0.0,0.0,0.0,0.0,0.0,0.0,0.0,0.0,0.0,0.0,0.0,0.0,0.0,0.0,0.0,0.0,0.0,0.0,0.0,0.0,0.0,0.0,0.0,0.0,0.0,0.0,0.0,0.0,0.0,0.0,0.0,0.0,0.0,0.0,0.0,0.0,0.0,0.0,0.0,0.0,0.0,0.0,0.0,0.0,0.0,0.0,0.0,0.0,0.0,0.0,0.0,0.0,0.0,0.0,0.0,0.0,47.0,47.0,47.0,47.0,47.0,...
1763031576,188011992,laser,-3.1241390705108643,3.1415927410125732,0.0034828970674425364,5.3596493671648204e-05,0.09642008692026138,0.15000000596046448,16.0,inf,inf,inf,inf,inf,inf,inf,inf,inf,inf,inf,inf,inf,inf,inf,inf,inf,inf,inf,inf,inf,inf,inf,inf,inf,inf,inf,inf,10.447999954223633,10.447999954223633,10.447999954223633,10.447999954223633,10.447999954223633,inf,inf,inf,inf,inf,inf,inf,inf,inf,inf,inf,inf,inf,inf,inf,inf,inf,inf,3.8519999980926514,3.8519999980926514,3.8519999980926514,3.8519999980926514,3.8519999980926514,3.7720000743865967,3.7720000743865967,3.7720000743865967,3.740000009536743,3.74399995803833,3.74399995803833,3.74399995803833,3.747999906539917,3.747999906539917,3.747999906539917,2.931999921798706,2.931999921798706,2.931999921798706,2.868000030517578,2.868000030517578,2.799999952316284,2.7360000610351562,2.6760001182556152,2.624000072479248,2.568000078201294,2.5199999809265137,2.4639999866485596,2.4079999923706055,2.368000030517578,2.368000030517578,2.3320000171661377,2.303999900817871,2.200000047683716,2.200000047683716,2.191999912261963,2.1480000019073486,2.111999988555908,2.072000026702881,2.0360000133514404,2.002000093460083,2.002000093460083,1.972000002861023,1.9479999542236328,1.9140000343322754,1.8899999856948853,1.8700000047683716,1.8559999465942383,1.850000023841858,1.8420000076293945,1.8420000076293945,1.8300000429153442,1.8179999589920044,1.7999999523162842,1.777999997138977,1.75600004196167,1.7300000190734863,1.7100000381469727,1.6920000314712524,1.6720000505447388,1.6720000505447388,1.6519999504089355,1.496000051498413,1.496000051498413,1.496000051498413,1.496000051498413,1.4839999675750732,inf,inf,inf,inf,1.4040000438690186,1.4040000438690186,1.4040000438690186,1.4040000438690186,1.4040000438690186,1.3940000534057617,1.3940000534057617,...,0.0,0.0,0.0,0.0,0.0,0.0,0.0,0.0,0.0,0.0,0.0,0.0,0.0,0.0,0.0,0.0,0.0,0.0,0.0,0.0,0.0,0.0,0.0,0.0,0.0,0.0,0.0,0.0,0.0,0.0,0.0,0.0,0.0,0.0,0.0,0.0,0.0,0.0,0.0,0.0,0.0,0.0,0.0,0.0,0.0,0.0,0.0,0.0,0.0,0.0,0.0,0.0,0.0,0.0,0.0,0.0,0.0,0.0,0.0,0.0,0.0,0.0,0.0,0.0,0.0,0.0,0.0,0.0,0.0,0.0,0.0,0.0,0.0,0.0,0.0,0.0,0.0,0.0,0.0,0.0,0.0,0.0,0.0,0.0,0.0,0.0,0.0,0.0,0.0,0.0,0.0,0.0,0.0,0.0,0.0,0.0,0.0,0.0,0.0,0.0,0.0,0.0,0.0,0.0,0.0,0.0,0.0,0.0,0.0,0.0,0.0,0.0,0.0,0.0,0.0,0.0,0.0,0.0,0.0,0.0,0.0,0.0,0.0,0.0,0.0,0.0,0.0,0.0,...
1763031576,285991372,laser,-3.1241390705108643,3.1415927410125732,0.0034828970674425364,5.373358362703584e-05,0.09666671603918076,0.15000000596046448,16.0,inf,inf,inf,inf,inf,inf,inf,inf,inf,inf,inf,inf,inf,inf,inf,inf,inf,inf,inf,inf,inf,inf,inf,inf,inf,inf,inf,inf,10.527999877929688,10.527999877929688,10.527999877929688,10.527999877929688,10.527999877929688,inf,inf,inf,inf,inf,inf,inf,inf,inf,inf,inf,inf,inf,inf,inf,inf,inf,inf,inf,3.7720000743865967,3.7720000743865967,3.7720000743865967,3.7720000743865967,3.7720000743865967,3.74399995803833,3.74399995803833,3.74399995803833,3.740000009536743,3.740000009536743,3.7360000610351562,3.74399995803833,3.752000093460083,3.752000093460083,2.880000114440918,2.880000114440918,2.880000114440918,2.880000114440918,2.828000068664551,2.7720000743865967,2.7079999446868896,2.6480000019073486,2.5959999561309814,2.5959999561309814,2.5399999618530273,2.4839999675750732,2.447999954223633,2.3919999599456787,2.3480000495910645,2.303999900817871,2.2760000228881836,2.252000093460083,2.200000047683716,2.1600000858306885,2.1600000858306885,2.124000072479248,2.0920000076293945,2.059999942779541,2.0320000648498535,2.0199999809265137,2.003999948501587,1.9859999418258667,1.9759999513626099,1.9579999446868896,1.9579999446868896,1.937999963760376,1.9160000085830688,1.8899999856948853,1.8660000562667847,1.840000033378601,1.8140000104904175,1.7899999618530273,1.7660000324249268,1.7660000324249268,1.7280000448226929,1.7280000448226929,1.7059999704360962,1.684000015258789,1.6619999408721924,1.6399999856948853,1.5140000581741333,1.50600004196167,1.50600004196167,1.4919999837875366,1.4819999933242798,inf,1.434000015258789,1.434000015258789,1.434000015258789,1.434000015258789,1.434000015258789,1.409999966621399,1.409999966621399,1.409999966621399,1.3980000019073486,1.3980000019073486,...,0.0,0.0,0.0,0.0,0.0,0.0,0.0,0.0,0.0,0.0,0.0,0.0,0.0,0.0,0.0,0.0,0.0,0.0,47.0,47.0,47.0,47.0,47.0,0.0,0.0,0.0,0.0,0.0,0.0,0.0,0.0,0.0,0.0,0.0,0.0,0.0,0.0,0.0,0.0,0.0,0.0,0.0,0.0,0.0,0.0,0.0,0.0,0.0,0.0,0.0,0.0,0.0,0.0,0.0,0.0,0.0,0.0,0.0,0.0,0.0,0.0,0.0,0.0,0.0,0.0,0.0,0.0,0.0,47.0,47.0,47.0,47.0,47.0,0.0,0.0,0.0,0.0,0.0,0.0,0.0,0.0,0.0,0.0,0.0,0.0,0.0,0.0,0.0,0.0,0.0,0.0,0.0,0.0,0.0,0.0,0.0,0.0,0.0,0.0,0.0,0.0,0.0,0.0,0.0,0.0,0.0,47.0,47.0,47.0,47.0,47.0,0.0,0.0,0.0,0.0,0.0,0.0,0.0,0.0,0.0,0.0,0.0,0.0,0.0,0.0,47.0,47.0,47.0,...
1763031576,384282857,laser,-3.1241390705108643,3.1415927410125732,0.0034828970674425364,5.3728024795418605e-05,0.09665671736001968,0.15000000596046448,16.0,inf,inf,inf,inf,inf,inf,inf,inf,inf,inf,inf,inf,inf,inf,inf,inf,inf,inf,inf,inf,inf,inf,inf,inf,inf,inf,inf,inf,inf,10.479999542236328,10.479999542236328,10.479999542236328,10.479999542236328,10.479999542236328,inf,inf,inf,inf,inf,inf,inf,inf,inf,inf,inf,inf,inf,inf,inf,inf,inf,inf,3.7679998874664307,3.7679998874664307,3.7679998874664307,3.7679998874664307,3.7679998874664307,3.7360000610351562,3.7360000610351562,3.7360000610351562,3.7320001125335693,3.740000009536743,3.74399995803833,3.74399995803833,3.752000093460083,3.752000093460083,2.8919999599456787,2.8919999599456787,2.8919999599456787,2.8919999599456787,2.8320000171661377,2.7799999713897705,2.7200000286102295,2.6519999504089355,2.5999999046325684,2.555999994277954,2.555999994277954,2.503999948501587,2.447999954223633,2.3959999084472656,2.3480000495910645,2.315999984741211,2.2880001068115234,2.184000015258789,2.184000015258789,2.1640000343322754,2.124000072479248,2.124000072479248,2.0999999046325684,2.068000078201294,2.0320000648498535,2.0139999389648438,1.9880000352859497,1.9600000381469727,1.9359999895095825,1.9199999570846558,1.9199999570846558,1.909999966621399,1.8980000019073486,1.8799999952316284,1.8639999628067017,1.840000033378601,1.8179999589920044,1.7979999780654907,1.7699999809265137,1.746000051498413,1.7300000190734863,1.7059999704360962,1.7059999704360962,1.684000015258789,1.6619999408721924,1.6460000276565552,1.5180000066757202,1.5080000162124634,1.5080000162124634,1.49399995803833,1.4819999933242798,1.465999960899353,1.4320000410079956,1.4320000410079956,1.4320000410079956,1.4320000410079956,1.4320000410079956,1.4019999504089355,1.4019999504089355,1.4019999504089355,1.3839999437332153,1.3839999437332153,...,0.0,0.0,0.0,0.0,0.0,0.0,0.0,0.0,0.0,0.0,0.0,0.0,0.0,0.0,0.0,0.0,0.0,0.0,47.0,47.0,47.0,47.0,47.0,0.0,0.0,0.0,0.0,0.0,0.0,0.0,0.0,0.0,0.0,0.0,0.0,0.0,0.0,0.0,0.0,0.0,0.0,0.0,0.0,0.0,0.0,0.0,0.0,0.0,0.0,0.0,0.0,0.0,0.0,0.0,0.0,0.0,0.0,0.0,0.0,0.0,0.0,0.0,0.0,0.0,0.0,0.0,0.0,0.0,0.0,0.0,0.0,47.0,47.0,47.0,47.0,47.0,0.0,0.0,0.0,0.0,0.0,0.0,0.0,0.0,0.0,0.0,0.0,0.0,0.0,47.0,47.0,47.0,47.0,47.0,0.0,0.0,0.0,0.0,0.0,0.0,0.0,0.0,0.0,0.0,0.0,0.0,0.0,0.0,0.0,0.0,0.0,0.0,0.0,0.0,0.0,0.0,0.0,0.0,0.0,0.0,0.0,0.0,0.0,0.0,0.0,0.0,0.0,0.0,...
1763031576,482973375,laser,-3.1241390705108643,3.1415927410125732,0.0034828970674425364,5.687116936314851e-05,0.10231123119592667,0.15000000596046448,16.0,inf,inf,inf,inf,inf,inf,inf,inf,inf,inf,inf,inf,inf,inf,inf,inf,inf,inf,inf,inf,inf,inf,inf,inf,inf,inf,inf,inf,inf,10.520000457763672,10.520000457763672,10.520000457763672,10.520000457763672,10.520000457763672,inf,inf,inf,inf,inf,inf,inf,inf,inf,inf,inf,inf,inf,inf,inf,inf,inf,inf,inf,3.759999990463257,3.759999990463257,3.759999990463257,3.759999990463257,3.759999990463257,3.74399995803833,3.74399995803833,3.74399995803833,3.74399995803833,3.740000009536743,3.74399995803833,3.747999906539917,3.752000093460083,2.880000114440918,2.880000114440918,2.828000068664551,2.828000068664551,2.828000068664551,2.828000068664551,2.7679998874664307,2.7079999446868896,2.6519999504089355,2.5920000076293945,2.5360000133514404,2.48799991607666,2.431999921798706,2.371999979019165,2.3399999141693115,2.312000036239624,2.312000036239624,2.259999990463257,2.2279999256134033,2.187999963760376,2.1480000019073486,2.115999937057495,2.0840001106262207,2.058000087738037,2.0220000743865967,1.9880000352859497,1.9559999704360962,1.9559999704360962,1.9240000247955322,1.9019999504089355,1.8739999532699585,1.843999981880188,1.8240000009536743,1.8020000457763672,1.7920000553131104,1.7920000553131104,1.7920000553131104,1.7879999876022339,1.777999997138977,1.75600004196167,1.7319999933242798,1.718000054359436,1.7039999961853027,1.684000015258789,1.659999966621399,1.659999966621399,1.5099999904632568,1.5099999904632568,1.5019999742507935,1.5019999742507935,1.4880000352859497,1.4759999513626099,inf,inf,inf,inf,inf,1.4079999923706055,1.4079999923706055,1.4079999923706055,1.4079999923706055,1.4079999923706055,...,0.0,0.0,0.0,0.0,0.0,0.0,0.0,0.0,0.0,0.0,0.0,0.0,0.0,0.0,0.0,0.0,0.0,0.0,47.0,47.0,47.0,47.0,47.0,0.0,0.0,0.0,0.0,0.0,0.0,0.0,0.0,0.0,0.0,0.0,0.0,0.0,0.0,0.0,0.0,0.0,0.0,0.0,0.0,0.0,0.0,0.0,0.0,0.0,0.0,0.0,0.0,0.0,0.0,0.0,0.0,0.0,0.0,0.0,0.0,0.0,0.0,0.0,0.0,0.0,0.0,0.0,0.0,0.0,0.0,0.0,0.0,0.0,0.0,0.0,0.0,0.0,0.0,0.0,0.0,0.0,0.0,0.0,0.0,0.0,0.0,0.0,0.0,0.0,0.0,0.0,0.0,0.0,0.0,0.0,0.0,0.0,0.0,0.0,0.0,0.0,0.0,0.0,0.0,0.0,0.0,0.0,0.0,0.0,0.0,0.0,0.0,0.0,0.0,0.0,0.0,0.0,0.0,0.0,0.0,0.0,0.0,0.0,0.0,0.0,0.0,0.0,0.0,0.0,...
1763031576,586486881,laser,-3.1241390705108643,3.1415927410125732,0.0034828970674425364,5.397633503889665e-05,0.09710343182086945,0.15000000596046448,16.0,inf,inf,inf,inf,inf,inf,inf,inf,inf,inf,inf,inf,inf,inf,inf,inf,inf,inf,inf,inf,inf,inf,inf,inf,inf,inf,inf,inf,inf,inf,inf,inf,inf,inf,inf,inf,inf,inf,inf,inf,inf,inf,inf,inf,inf,inf,inf,inf,inf,inf,inf,3.8440001010894775,3.8440001010894775,3.8440001010894775,3.8440001010894775,3.8440001010894775,3.7679998874664307,3.7679998874664307,3.7679998874664307,3.740000009536743,3.74399995803833,3.74399995803833,3.74399995803833,3.74399995803833,3.747999906539917,3.747999906539917,2.868000030517578,2.868000030517578,2.868000030517578,2.868000030517578,2.7960000038146973,2.7960000038146973,2.7279999256134033,2.684000015258789,2.635999917984009,2.572000026702881,2.5239999294281006,2.4159998893737793,2.4159998893737793,2.375999927520752,2.375999927520752,2.3239998817443848,2.2839999198913574,2.200000047683716,2.200000047683716,2.191999912261963,2.1480000019073486,2.111999988555908,2.0840001106262207,2.0480000972747803,2.002000093460083,1.9739999771118164,1.9739999771118164,1.9500000476837158,1.9119999408721924,1.8860000371932983,1.8639999628067017,1.8480000495910645,1.8359999656677246,1.8339999914169312,1.8259999752044678,1.8259999752044678,1.8140000104904175,1.7979999780654907,1.7760000228881836,1.753999948501587,1.7300000190734863,1.7100000381469727,1.6920000314712524,1.6679999828338623,1.6679999828338623,1.649999976158142,1.496000051498413,1.496000051498413,1.496000051498413,1.496000051498413,1.4839999675750732,inf,inf,inf,inf,1.4019999504089355,1.4019999504089355,1.4019999504089355,1.4019999504089355,1.4019999504089355,1.3899999856948853,1.3899999856948853,...,0.0,0.0,0.0,0.0,0.0,0.0,0.0,0.0,0.0,0.0,0.0,0.0,0.0,0.0,0.0,0.0,0.0,0.0,0.0,0.0,0.0,0.0,0.0,0.0,0.0,0.0,0.0,0.0,0.0,0.0,0.0,0.0,0.0,0.0,0.0,0.0,0.0,0.0,0.0,0.0,0.0,0.0,0.0,0.0,0.0,0.0,0.0,0.0,0.0,0.0,0.0,0.0,0.0,0.0,0.0,0.0,0.0,0.0,0.0,0.0,0.0,0.0,0.0,0.0,0.0,0.0,0.0,0.0,0.0,0.0,0.0,0.0,0.0,0.0,0.0,0.0,0.0,0.0,0.0,0.0,0.0,0.0,0.0,0.0,0.0,0.0,0.0,0.0,0.0,0.0,0.0,47.0,47.0,47.0,47.0,47.0,0.0,0.0,0.0,0.0,0.0,0.0,0.0,0.0,0.0,0.0,0.0,0.0,0.0,0.0,0.0,0.0,0.0,0.0,0.0,0.0,0.0,0.0,0.0,0.0,0.0,0.0,0.0,47.0,47.0,47.0,47.0,47.0,...
1763031576,684755341,laser,-3.1241390705108643,3.1415927410125732,0.0034828970674425364,5.396377673605457e-05,0.09708083420991898,0.15000000596046448,16.0,inf,inf,inf,inf,inf,inf,inf,inf,inf,inf,inf,inf,inf,inf,inf,inf,inf,inf,inf,inf,inf,inf,inf,inf,inf,inf,inf,inf,10.520000457763672,10.520000457763672,10.520000457763672,10.520000457763672,10.520000457763672,inf,inf,inf,inf,inf,inf,inf,inf,inf,inf,inf,inf,inf,inf,inf,inf,inf,inf,inf,inf,3.7679998874664307,3.7679998874664307,3.7679998874664307,3.7679998874664307,3.7679998874664307,3.740000009536743,3.740000009536743,3.7320001125335693,3.740000009536743,3.74399995803833,3.74399995803833,3.752000093460083,3.752000093460083,2.8919999599456787,2.8919999599456787,2.8320000171661377,2.8320000171661377,2.8320000171661377,2.7799999713897705,2.7160000801086426,2.6519999504089355,2.611999988555908,2.611999988555908,2.568000078201294,2.503999948501587,2.447999954223633,2.3959999084472656,2.3559999465942383,2.315999984741211,2.2880001068115234,2.187999963760376,2.1679999828338623,2.1679999828338623,2.135999917984009,2.135999917984009,2.0999999046325684,2.059999942779541,2.0360000133514404,2.0220000743865967,2.003999948501587,1.9880000352859497,1.9780000448226929,1.9579999446868896,1.9579999446868896,1.937999963760376,1.9179999828338623,1.8899999856948853,1.8660000562667847,1.843999981880188,1.8200000524520874,1.7960000038146973,1.7719999551773071,1.7719999551773071,1.7300000190734863,1.7300000190734863,1.7079999446868896,1.684000015258789,1.6640000343322754,1.6419999599456787,1.5140000581741333,1.5140000581741333,1.50600004196167,1.496000051498413,1.4839999675750732,inf,inf,1.434000015258789,1.434000015258789,1.434000015258789,1.434000015258789,1.434000015258789,1.4119999408721924,1.4119999408721924,1.4119999408721924,1.399999976158142,...,0.0,0.0,0.0,0.0,0.0,0.0,0.0,0.0,0.0,0.0,0.0,0.0,0.0,0.0,0.0,0.0,0.0,0.0,0.0,47.0,47.0,47.0,47.0,47.0,0.0,0.0,0.0,0.0,0.0,0.0,0.0,0.0,0.0,0.0,0.0,0.0,0.0,0.0,0.0,0.0,0.0,0.0,0.0,0.0,0.0,0.0,0.0,0.0,0.0,0.0,0.0,0.0,0.0,0.0,0.0,0.0,0.0,0.0,0.0,0.0,0.0,0.0,0.0,0.0,0.0,0.0,0.0,0.0,0.0,0.0,0.0,0.0,0.0,0.0,0.0,0.0,0.0,0.0,0.0,0.0,0.0,0.0,0.0,0.0,0.0,0.0,0.0,0.0,0.0,0.0,0.0,0.0,0.0,0.0,0.0,0.0,0.0,0.0,0.0,0.0,0.0,0.0,0.0,0.0,0.0,0.0,0.0,0.0,0.0,0.0,0.0,0.0,0.0,0.0,0.0,0.0,0.0,0.0,0.0,0.0,0.0,0.0,0.0,0.0,0.0,0.0,0.0,0.0,...
1763031576,783107260,laser,-3.1241390705108643,3.1415927410125732,0.0034828970674425364,5.733248690376058e-05,0.10314114391803741,0.15000000596046448,16.0,inf,inf,inf,inf,inf,inf,inf,inf,inf,inf,inf,inf,inf,inf,inf,inf,inf,inf,inf,inf,inf,inf,inf,inf,inf,inf,10.51200008392334,10.51200008392334,10.51200008392334,10.51200008392334,10.51200008392334,inf,inf,inf,inf,inf,inf,inf,inf,inf,inf,inf,inf,inf,inf,inf,inf,inf,inf,inf,inf,inf,3.7679998874664307,3.7679998874664307,3.7679998874664307,3.7679998874664307,3.7679998874664307,3.7320001125335693,3.7320001125335693,3.7320001125335693,3.7320001125335693,3.7239999771118164,3.7360000610351562,3.74399995803833,3.747999906539917,3.752000093460083,2.880000114440918,2.880000114440918,2.880000114440918,2.880000114440918,2.828000068664551,2.7760000228881836,2.7760000228881836,2.6519999504089355,2.6519999504089355,2.6080000400543213,2.48799991607666,2.447999954223633,2.447999954223633,2.3959999084472656,2.3519999980926514,2.312000036239624,2.2839999198913574,2.2839999198913574,2.200000047683716,2.200000047683716,2.1640000343322754,2.131999969482422,2.0999999046325684,2.052000045776367,2.0160000324249268,1.9980000257492065,1.9739999771118164,1.9459999799728394,1.9179999828338623,1.9179999828338623,1.8960000276565552,1.8880000114440918,1.8760000467300415,1.8600000143051147,1.850000023841858,1.8320000171661377,1.8140000104904175,1.7920000553131104,1.7920000553131104,1.7660000324249268,1.746000051498413,1.7239999771118164,1.7059999704360962,1.6859999895095825,1.6640000343322754,1.6419999599456787,1.5240000486373901,1.50600004196167,1.50600004196167,1.4900000095367432,1.4800000190734863,1.468000054359436,1.468000054359436,1.468000054359436,1.4299999475479126,1.4299999475479126,1.4299999475479126,1.399999976158142,1.399999976158142,1.399999976158142,1.3839999437332153,1.3839999437332153,...,0.0,0.0,0.0,0.0,0.0,0.0,0.0,0.0,0.0,0.0,0.0,0.0,0.0,0.0,0.0,0.0,0.0,47.0,47.0,47.0,47.0,47.0,0.0,0.0,0.0,0.0,0.0,0.0,0.0,0.0,0.0,0.0,0.0,0.0,0.0,0.0,0.0,0.0,0.0,0.0,0.0,0.0,0.0,0.0,0.0,0.0,0.0,0.0,0.0,0.0,0.0,0.0,0.0,0.0,0.0,0.0,0.0,0.0,0.0,0.0,0.0,0.0,0.0,0.0,0.0,0.0,0.0,0.0,0.0,0.0,0.0,0.0,0.0,0.0,0.0,0.0,0.0,0.0,0.0,0.0,0.0,0.0,0.0,0.0,0.0,0.0,0.0,0.0,0.0,0.0,0.0,0.0,0.0,0.0,0.0,0.0,0.0,0.0,0.0,0.0,0.0,0.0,0.0,0.0,0.0,0.0,0.0,0.0,0.0,0.0,0.0,0.0,0.0,0.0,0.0,0.0,0.0,0.0,0.0,0.0,0.0,0.0,0.0,0.0,0.0,0.0,0.0,0.0,...
1763031576,888114600,laser,-3.1241390705108643,3.1415927410125732,0.0034828970674425364,5.360617797123268e-05,0.09643751382827759,0.15000000596046448,16.0,inf,inf,inf,inf,inf,inf,inf,inf,inf,inf,inf,inf,inf,inf,inf,inf,inf,inf,inf,inf,inf,inf,inf,inf,inf,inf,inf,inf,inf,10.46399974822998,10.46399974822998,10.46399974822998,10.46399974822998,10.46399974822998,inf,inf,inf,inf,inf,inf,inf,inf,inf,inf,inf,inf,inf,inf,inf,inf,inf,3.7960000038146973,3.7960000038146973,3.7960000038146973,3.7960000038146973,3.7960000038146973,3.740000009536743,3.740000009536743,3.740000009536743,3.74399995803833,3.74399995803833,3.747999906539917,3.74399995803833,3.747999906539917,3.747999906539917,3.747999906539917,2.931999921798706,2.931999921798706,2.931999921798706,2.880000114440918,2.7279999256134033,2.7279999256134033,2.684000015258789,2.684000015258789,2.635999917984009,2.568000078201294,2.5280001163482666,2.4760000705718994,2.4159998893737793,2.368000030517578,2.3320000171661377,2.2920000553131104,2.2920000553131104,2.200000047683716,2.200000047683716,2.191999912261963,2.1440000534057617,2.1080000400543213,2.0840001106262207,2.0439999103546143,2.0,1.9780000448226929,1.9539999961853027,1.9539999961853027,1.9220000505447388,1.8960000276565552,1.8680000305175781,1.843999981880188,1.8320000171661377,1.812000036239624,1.7999999523162842,1.7960000038146973,1.7960000038146973,1.7899999618530273,1.7760000228881836,1.753999948501587,1.7319999933242798,1.7139999866485596,1.6959999799728394,1.6740000247955322,1.6540000438690186,1.6540000438690186,1.5140000581741333,1.5140000581741333,1.49399995803833,1.49399995803833,1.4819999933242798,inf,inf,inf,inf,1.4040000438690186,1.4040000438690186,1.4040000438690186,1.4040000438690186,1.4040000438690186,1.3919999599456787,1.3919999599456787,...,0.0,0.0,0.0,0.0,0.0,0.0,0.0,0.0,0.0,0.0,0.0,0.0,0.0,0.0,0.0,0.0,0.0,0.0,0.0,0.0,0.0,0.0,0.0,0.0,0.0,0.0,0.0,0.0,0.0,0.0,0.0,0.0,0.0,0.0,0.0,0.0,0.0,0.0,0.0,0.0,0.0,0.0,0.0,0.0,0.0,0.0,0.0,0.0,0.0,0.0,0.0,0.0,0.0,0.0,0.0,0.0,0.0,0.0,0.0,0.0,0.0,0.0,0.0,0.0,0.0,0.0,0.0,0.0,0.0,0.0,0.0,0.0,0.0,0.0,0.0,0.0,0.0,0.0,0.0,0.0,0.0,0.0,0.0,0.0,0.0,0.0,0.0,0.0,0.0,47.0,47.0,47.0,47.0,47.0,0.0,0.0,0.0,0.0,0.0,0.0,0.0,0.0,0.0,0.0,0.0,0.0,0.0,0.0,0.0,0.0,0.0,0.0,0.0,0.0,0.0,0.0,0.0,0.0,0.0,0.0,0.0,0.0,0.0,0.0,47.0,47.0,47.0,47.0,...
1763031576,986023768,laser,-3.1241390705108643,3.1415927410125732,0.0034828970674425364,5.383808456826955e-05,0.09685471653938293,0.15000000596046448,16.0,inf,inf,inf,inf,inf,inf,inf,inf,inf,inf,inf,inf,inf,inf,inf,inf,inf,inf,inf,inf,inf,inf,inf,inf,inf,inf,inf,inf,10.336000442504883,10.336000442504883,10.336000442504883,10.336000442504883,10.336000442504883,inf,inf,inf,inf,inf,inf,inf,inf,inf,inf,inf,inf,inf,inf,inf,inf,inf,inf,3.828000068664551,3.828000068664551,3.828000068664551,3.828000068664551,3.828000068664551,3.7639999389648438,3.7639999389648438,3.7639999389648438,3.7360000610351562,3.7279999256134033,3.740000009536743,3.740000009536743,3.74399995803833,3.752000093460083,3.752000093460083,2.880000114440918,2.880000114440918,2.880000114440918,2.8239998817443848,2.8239998817443848,2.7760000228881836,2.7160000801086426,2.6480000019073486,2.6080000400543213,2.6080000400543213,2.552000045776367,2.492000102996826,2.447999954223633,2.3919999599456787,2.3359999656677246,2.299999952316284,2.2799999713897705,2.252000093460083,2.196000099182129,2.1559998989105225,2.115999937057495,2.115999937057495,2.0840001106262207,2.052000045776367,2.0220000743865967,2.002000093460083,1.9700000286102295,1.944000005722046,1.9320000410079956,1.9199999570846558,1.9199999570846558,1.9119999408721924,1.8980000019073486,1.8760000467300415,1.8580000400543213,1.8359999656677246,1.8140000104904175,1.7899999618530273,1.7640000581741333,1.7640000581741333,1.722000002861023,1.722000002861023,1.7039999961853027,1.6859999895095825,1.6640000343322754,1.6360000371932983,1.5160000324249268,1.5160000324249268,1.50600004196167,1.4900000095367432,1.4800000190734863,1.465999960899353,1.465999960899353,inf,1.4320000410079956,1.4320000410079956,1.4320000410079956,1.4320000410079956,1.4320000410079956,1.409999966621399,1.409999966621399,1.409999966621399,...,0.0,0.0,0.0,0.0,0.0,0.0,0.0,0.0,0.0,0.0,0.0,0.0,0.0,0.0,0.0,0.0,0.0,0.0,0.0,0.0,0.0,0.0,0.0,0.0,0.0,0.0,0.0,0.0,0.0,0.0,0.0,0.0,0.0,0.0,0.0,0.0,0.0,0.0,0.0,0.0,0.0,0.0,0.0,0.0,0.0,0.0,0.0,0.0,0.0,0.0,0.0,0.0,0.0,0.0,0.0,0.0,0.0,0.0,0.0,0.0,0.0,0.0,0.0,0.0,0.0,0.0,0.0,0.0,0.0,0.0,0.0,0.0,0.0,0.0,0.0,0.0,0.0,0.0,0.0,0.0,0.0,0.0,0.0,0.0,0.0,0.0,0.0,0.0,0.0,0.0,0.0,0.0,0.0,0.0,0.0,0.0,0.0,0.0,0.0,0.0,0.0,0.0,0.0,0.0,0.0,0.0,0.0,0.0,0.0,0.0,0.0,0.0,0.0,0.0,0.0,0.0,0.0,0.0,0.0,0.0,0.0,0.0,0.0,0.0,0.0,0.0,0.0,0.0,...
1763031577,84416252,laser,-3.1241390705108643,3.1415927410125732,0.0034828970674425364,5.370934013626538e-05,0.09662310779094696,0.15000000596046448,16.0,inf,inf,inf,inf,inf,inf,inf,inf,inf,inf,inf,inf,inf,inf,inf,inf,inf,inf,inf,inf,inf,inf,inf,inf,inf,inf,inf,inf,10.527999877929688,10.527999877929688,10.527999877929688,10.527999877929688,10.527999877929688,inf,inf,inf,inf,inf,inf,inf,inf,inf,inf,inf,inf,inf,inf,inf,inf,inf,inf,inf,inf,3.868000030517578,3.868000030517578,3.868000030517578,3.868000030517578,3.868000030517578,3.7839999198913574,3.7360000610351562,3.7320001125335693,3.740000009536743,3.747999906539917,3.747999906539917,3.747999906539917,3.747999906539917,2.9079999923706055,2.9079999923706055,2.8480000495910645,2.8480000495910645,2.8480000495910645,2.7799999713897705,2.7239999771118164,2.6600000858306885,2.6080000400543213,2.563999891281128,2.563999891281128,2.503999948501587,2.4519999027252197,2.4000000953674316,2.359999895095825,2.312000036239624,2.2839999198913574,2.180000066757202,2.1600000858306885,2.1600000858306885,2.128000020980835,2.128000020980835,2.1040000915527344,2.0759999752044678,2.0480000972747803,2.0280001163482666,2.00600004196167,1.9880000352859497,1.9759999513626099,1.9559999704360962,1.9559999704360962,1.940000057220459,1.9199999570846558,1.8980000019073486,1.8739999532699585,1.8480000495910645,1.8200000524520874,1.7960000038146973,1.7740000486373901,1.7519999742507935,1.7300000190734863,1.7079999446868896,1.7079999446868896,1.6859999895095825,1.6679999828338623,1.649999976158142,1.5180000066757202,1.5180000066757202,1.50600004196167,1.496000051498413,1.4839999675750732,inf,inf,inf,inf,inf,1.4019999504089355,1.4019999504089355,1.4019999504089355,1.4019999504089355,1.4019999504089355,1.3860000371932983,...,0.0,0.0,0.0,0.0,0.0,0.0,0.0,0.0,0.0,0.0,0.0,0.0,0.0,0.0,0.0,0.0,0.0,0.0,0.0,47.0,47.0,47.0,47.0,47.0,0.0,0.0,0.0,0.0,0.0,0.0,0.0,0.0,0.0,0.0,0.0,0.0,0.0,0.0,0.0,0.0,0.0,0.0,0.0,0.0,0.0,0.0,0.0,0.0,0.0,0.0,0.0,0.0,0.0,0.0,0.0,0.0,0.0,0.0,0.0,0.0,0.0,0.0,0.0,0.0,0.0,0.0,0.0,0.0,0.0,0.0,0.0,0.0,0.0,0.0,0.0,0.0,0.0,0.0,0.0,0.0,0.0,0.0,0.0,0.0,0.0,0.0,0.0,0.0,0.0,0.0,0.0,0.0,0.0,0.0,0.0,0.0,0.0,0.0,0.0,0.0,0.0,0.0,0.0,0.0,0.0,0.0,0.0,47.0,47.0,47.0,47.0,47.0,0.0,0.0,0.0,0.0,0.0,0.0,0.0,0.0,0.0,0.0,0.0,0.0,0.0,0.0,0.0,0.0,...
1763031577,182622250,laser,-3.1241390705108643,3.1415927410125732,0.0034828970674425364,5.716794476029463e-05,0.10284513235092163,0.15000000596046448,16.0,inf,inf,inf,inf,inf,inf,inf,inf,inf,inf,inf,inf,inf,inf,inf,inf,inf,inf,inf,inf,inf,inf,inf,inf,inf,inf,10.496000289916992,10.496000289916992,10.496000289916992,10.496000289916992,10.496000289916992,inf,inf,inf,inf,inf,inf,inf,inf,inf,inf,inf,inf,inf,inf,inf,inf,inf,inf,inf,inf,inf,3.752000093460083,3.752000093460083,3.752000093460083,3.752000093460083,3.752000093460083,3.74399995803833,3.74399995803833,3.74399995803833,3.74399995803833,3.74399995803833,3.740000009536743,3.74399995803833,3.747999906539917,3.752000093460083,2.884000062942505,2.884000062942505,2.884000062942505,2.884000062942505,2.8320000171661377,2.8320000171661377,2.7679998874664307,2.7079999446868896,2.6480000019073486,2.5999999046325684,2.5439999103546143,2.492000102996826,2.447999954223633,2.3359999656677246,2.299999952316284,2.299999952316284,2.299999952316284,2.2720000743865967,2.240000009536743,2.200000047683716,2.1600000858306885,2.115999937057495,2.0840001106262207,2.055999994277954,2.0199999809265137,1.9919999837875366,1.965999960899353,1.934000015258789,1.934000015258789,1.906000018119812,1.8899999856948853,1.8799999952316284,1.8680000305175781,1.850000023841858,1.840000033378601,1.8279999494552612,1.809999942779541,1.809999942779541,1.7879999876022339,1.7640000581741333,1.7400000095367432,1.718000054359436,1.7039999961853027,1.6859999895095825,1.6619999408721924,1.6360000371932983,1.5119999647140503,1.5,1.5,1.4900000095367432,1.4900000095367432,1.4819999933242798,inf,inf,inf,inf,1.399999976158142,1.399999976158142,1.399999976158142,1.399999976158142,1.399999976158142,1.3880000114440918,...,0.0,0.0,0.0,0.0,0.0,0.0,0.0,0.0,0.0,0.0,0.0,0.0,0.0,0.0,0.0,0.0,0.0,47.0,47.0,47.0,47.0,47.0,0.0,0.0,0.0,0.0,0.0,0.0,0.0,0.0,0.0,0.0,0.0,0.0,0.0,0.0,0.0,0.0,0.0,0.0,0.0,0.0,0.0,0.0,0.0,0.0,0.0,0.0,0.0,0.0,0.0,0.0,0.0,0.0,0.0,0.0,0.0,0.0,0.0,0.0,0.0,0.0,0.0,0.0,0.0,0.0,0.0,0.0,0.0,0.0,0.0,0.0,0.0,0.0,0.0,0.0,0.0,0.0,0.0,0.0,0.0,0.0,0.0,0.0,0.0,0.0,0.0,0.0,0.0,0.0,0.0,0.0,0.0,0.0,0.0,0.0,0.0,0.0,0.0,0.0,0.0,0.0,0.0,0.0,0.0,0.0,0.0,0.0,0.0,0.0,0.0,0.0,0.0,0.0,0.0,0.0,0.0,0.0,0.0,0.0,0.0,0.0,0.0,0.0,0.0,0.0,0.0,0.0,...
1763031577,286864661,laser,-3.1241390705108643,3.1415927410125732,0.0034828970674425364,5.3823954658582807e-05,0.09682929515838623,0.15000000596046448,16.0,inf,inf,inf,inf,inf,inf,inf,inf,inf,inf,inf,inf,inf,inf,inf,inf,inf,inf,inf,inf,inf,inf,inf,inf,inf,inf,inf,inf,inf,10.520000457763672,10.520000457763672,10.520000457763672,10.520000457763672,10.520000457763672,inf,inf,inf,inf,inf,inf,inf,inf,inf,inf,inf,inf,inf,inf,inf,inf,inf,3.859999895095825,3.859999895095825,3.859999895095825,3.859999895095825,3.859999895095825,3.7720000743865967,3.7720000743865967,3.7720000743865967,3.740000009536743,3.7360000610351562,3.740000009536743,3.747999906539917,3.747999906539917,3.747999906539917,3.747999906539917,2.8959999084472656,2.8959999084472656,2.8959999084472656,2.8440001010894775,2.8440001010894775,2.7880001068115234,2.7160000801086426,2.6519999504089355,2.5999999046325684,2.552000045776367,2.552000045776367,2.503999948501587,2.447999954223633,2.3959999084472656,2.3480000495910645,2.308000087738037,2.2920000553131104,2.187999963760376,2.187999963760376,2.171999931335449,2.131999969482422,2.131999969482422,2.0999999046325684,2.059999942779541,2.0239999294281006,1.9919999837875366,1.9700000286102295,1.944000005722046,1.909999966621399,1.8819999694824219,1.8660000562667847,1.8459999561309814,1.8459999561309814,1.8279999494552612,1.8259999752044678,1.8179999589920044,1.8079999685287476,1.7899999618530273,1.7660000324249268,1.7660000324249268,1.7239999771118164,1.7239999771118164,1.7079999446868896,1.6859999895095825,1.6619999408721924,1.6440000534057617,1.5219999551773071,1.5219999551773071,1.50600004196167,1.4919999837875366,1.465999960899353,inf,inf,inf,1.4299999475479126,1.4299999475479126,1.4299999475479126,1.4299999475479126,1.4299999475479126,1.399999976158142,1.399999976158142,1.399999976158142,...,0.0,0.0,0.0,0.0,0.0,0.0,0.0,0.0,0.0,0.0,0.0,0.0,0.0,0.0,0.0,0.0,0.0,0.0,0.0,0.0,0.0,0.0,0.0,0.0,0.0,0.0,0.0,0.0,0.0,0.0,0.0,0.0,0.0,0.0,0.0,0.0,0.0,0.0,0.0,0.0,0.0,0.0,0.0,0.0,0.0,0.0,0.0,0.0,0.0,0.0,0.0,0.0,0.0,0.0,0.0,0.0,0.0,0.0,0.0,0.0,0.0,0.0,0.0,0.0,0.0,0.0,0.0,0.0,0.0,0.0,0.0,0.0,0.0,0.0,0.0,0.0,0.0,0.0,0.0,0.0,0.0,0.0,0.0,0.0,0.0,0.0,0.0,0.0,0.0,47.0,47.0,47.0,47.0,47.0,0.0,0.0,0.0,0.0,0.0,0.0,0.0,0.0,0.0,0.0,0.0,0.0,0.0,0.0,0.0,0.0,0.0,0.0,0.0,0.0,0.0,0.0,0.0,0.0,0.0,0.0,0.0,0.0,0.0,0.0,47.0,47.0,47.0,47.0,...
1763031577,385197661,laser,-3.1241390705108643,3.1415927410125732,0.0034828970674425364,5.377301567932591e-05,0.09673766046762466,0.15000000596046448,16.0,inf,inf,inf,inf,inf,inf,inf,inf,inf,inf,inf,inf,inf,inf,inf,inf,inf,inf,inf,inf,inf,inf,inf,inf,inf,inf,inf,10.51200008392334,10.51200008392334,10.51200008392334,10.51200008392334,10.51200008392334,inf,inf,inf,inf,inf,inf,inf,inf,inf,inf,inf,inf,inf,inf,inf,inf,inf,inf,inf,3.864000082015991,3.864000082015991,3.864000082015991,3.864000082015991,3.864000082015991,3.7760000228881836,3.7760000228881836,3.7760000228881836,3.740000009536743,3.74399995803833,3.747999906539917,3.747999906539917,3.74399995803833,3.747999906539917,3.747999906539917,3.747999906539917,2.927999973297119,2.927999973297119,2.927999973297119,2.864000082015991,2.7880001068115234,2.7239999771118164,2.6600000858306885,2.615999937057495,2.568000078201294,2.51200008392334,2.4679999351501465,2.4679999351501465,2.364000082015991,2.364000082015991,2.3239998817443848,2.2960000038146973,2.180000066757202,2.180000066757202,2.128000020980835,2.1040000915527344,2.1040000915527344,2.0759999752044678,2.0480000972747803,2.0220000743865967,2.0220000743865967,1.9900000095367432,1.9620000123977661,1.940000057220459,1.9299999475479126,1.9220000505447388,1.906000018119812,1.906000018119812,1.8700000047683716,1.8700000047683716,1.8459999561309814,1.8240000009536743,1.7999999523162842,1.7699999809265137,1.7480000257492065,1.7300000190734863,1.7079999446868896,1.6859999895095825,1.6859999895095825,1.6619999408721924,1.6440000534057617,1.5240000486373901,1.503999948501587,1.503999948501587,1.496000051498413,1.4859999418258667,inf,inf,inf,inf,1.4019999504089355,1.4019999504089355,1.4019999504089355,1.4019999504089355,1.4019999504089355,1.3860000371932983,1.3860000371932983,...,0.0,0.0,0.0,0.0,0.0,0.0,0.0,0.0,0.0,0.0,0.0,0.0,0.0,0.0,0.0,0.0,0.0,0.0,0.0,0.0,0.0,0.0,0.0,0.0,0.0,0.0,0.0,0.0,0.0,0.0,0.0,0.0,0.0,0.0,0.0,0.0,0.0,0.0,0.0,0.0,0.0,0.0,0.0,0.0,0.0,0.0,0.0,0.0,0.0,0.0,0.0,0.0,0.0,0.0,0.0,0.0,0.0,0.0,0.0,0.0,0.0,0.0,0.0,0.0,0.0,0.0,0.0,0.0,0.0,0.0,0.0,0.0,0.0,0.0,0.0,0.0,0.0,0.0,0.0,0.0,0.0,0.0,0.0,0.0,0.0,0.0,0.0,0.0,0.0,0.0,0.0,0.0,0.0,0.0,0.0,0.0,0.0,0.0,0.0,0.0,0.0,0.0,0.0,0.0,0.0,0.0,0.0,0.0,0.0,0.0,0.0,0.0,0.0,0.0,0.0,0.0,0.0,0.0,0.0,0.0,0.0,0.0,0.0,0.0,0.0,0.0,0.0,0.0,...
1763031577,483566473,laser,-3.1241390705108643,3.1415927410125732,0.0034828970674425364,5.377142588258721e-05,0.09673479199409485,0.15000000596046448,16.0,inf,inf,inf,inf,inf,inf,inf,inf,inf,inf,inf,inf,inf,inf,inf,inf,inf,inf,inf,inf,inf,inf,inf,inf,inf,inf,inf,inf,10.319999694824219,10.319999694824219,10.319999694824219,10.319999694824219,10.319999694824219,inf,inf,inf,inf,inf,inf,inf,inf,inf,inf,inf,inf,inf,inf,inf,inf,inf,inf,3.868000030517578,3.868000030517578,3.868000030517578,3.868000030517578,3.868000030517578,3.7799999713897705,3.7799999713897705,3.7799999713897705,3.740000009536743,3.740000009536743,3.747999906539917,3.747999906539917,3.747999906539917,3.752000093460083,3.752000093460083,2.927999973297119,2.927999973297119,2.927999973297119,2.927999973297119,2.859999895095825,2.7920000553131104,2.7279999256134033,2.6640000343322754,2.615999937057495,2.568000078201294,2.51200008392334,2.4679999351501465,2.4679999351501465,2.364000082015991,2.364000082015991,2.3239998817443848,2.2960000038146973,2.187999963760376,2.187999963760376,2.180000066757202,2.131999969482422,2.1040000915527344,2.0759999752044678,2.0759999752044678,2.0480000972747803,2.0199999809265137,1.9900000095367432,1.965999960899353,1.944000005722046,1.9299999475479126,1.9220000505447388,1.906000018119812,1.906000018119812,1.8700000047683716,1.8700000047683716,1.8459999561309814,1.8240000009536743,1.7999999523162842,1.7699999809265137,1.7480000257492065,1.7300000190734863,1.7079999446868896,1.6859999895095825,1.6859999895095825,1.6640000343322754,1.6440000534057617,1.50600004196167,1.50600004196167,1.50600004196167,1.496000051498413,1.4839999675750732,1.465999960899353,1.4320000410079956,1.4320000410079956,1.4320000410079956,1.4320000410079956,1.4320000410079956,1.399999976158142,1.399999976158142,1.399999976158142,1.3839999437332153,1.3839999437332153,...,0.0,0.0,0.0,0.0,0.0,0.0,0.0,0.0,0.0,0.0,0.0,0.0,0.0,0.0,0.0,0.0,0.0,0.0,0.0,0.0,0.0,0.0,0.0,0.0,0.0,0.0,0.0,0.0,0.0,0.0,0.0,0.0,0.0,0.0,0.0,0.0,0.0,0.0,0.0,0.0,0.0,0.0,0.0,0.0,0.0,0.0,0.0,0.0,0.0,0.0,0.0,0.0,0.0,0.0,0.0,0.0,0.0,0.0,0.0,0.0,0.0,0.0,0.0,0.0,0.0,0.0,0.0,0.0,0.0,47.0,47.0,47.0,47.0,47.0,0.0,0.0,0.0,0.0,0.0,0.0,0.0,0.0,0.0,0.0,0.0,0.0,0.0,0.0,0.0,0.0,47.0,47.0,47.0,47.0,47.0,0.0,0.0,0.0,0.0,0.0,0.0,0.0,0.0,0.0,0.0,0.0,0.0,0.0,0.0,0.0,0.0,0.0,0.0,0.0,0.0,0.0,0.0,0.0,0.0,0.0,0.0,0.0,0.0,0.0,0.0,47.0,47.0,47.0,...
1763031577,581766170,laser,-3.1241390705108643,3.1415927410125732,0.0034828970674425364,5.375175896915607e-05,0.09669941663742065,0.15000000596046448,16.0,inf,inf,inf,inf,inf,inf,inf,inf,inf,inf,inf,inf,inf,inf,inf,inf,inf,inf,inf,inf,inf,inf,inf,inf,inf,inf,inf,inf,10.4399995803833,10.4399995803833,10.4399995803833,10.4399995803833,10.4399995803833,inf,inf,inf,inf,inf,inf,inf,inf,inf,inf,inf,inf,inf,inf,inf,inf,inf,inf,inf,inf,inf,3.7960000038146973,3.7960000038146973,3.7960000038146973,3.7960000038146973,3.7960000038146973,3.74399995803833,3.74399995803833,3.74399995803833,3.740000009536743,3.747999906539917,3.747999906539917,3.747999906539917,3.747999906539917,2.927999973297119,2.880000114440918,2.880000114440918,2.880000114440918,2.7279999256134033,2.684000015258789,2.684000015258789,2.640000104904175,2.572000026702881,2.5280001163482666,2.427999973297119,2.384000062942505,2.384000062942505,2.384000062942505,2.3359999656677246,2.2960000038146973,2.200000047683716,2.200000047683716,2.191999912261963,2.1440000534057617,2.1040000915527344,2.0840001106262207,2.055999994277954,2.055999994277954,2.009999990463257,1.9800000190734863,1.9520000219345093,1.9140000343322754,1.8919999599456787,1.8639999628067017,1.8420000076293945,1.8300000429153442,1.8140000104904175,1.8140000104904175,1.809999942779541,1.8040000200271606,1.7899999618530273,1.7740000486373901,1.753999948501587,1.7339999675750732,1.7139999866485596,1.690000057220459,1.6679999828338623,1.6679999828338623,1.6460000276565552,1.6160000562667847,1.5099999904632568,1.5099999904632568,1.4980000257492065,1.4819999933242798,inf,inf,inf,inf,inf,inf,1.399999976158142,1.399999976158142,1.399999976158142,1.399999976158142,1.399999976158142,...,0.0,0.0,0.0,0.0,0.0,0.0,0.0,0.0,0.0,0.0,0.0,0.0,0.0,0.0,0.0,0.0,0.0,0.0,0.0,0.0,0.0,0.0,0.0,0.0,0.0,0.0,0.0,0.0,0.0,0.0,0.0,0.0,0.0,0.0,0.0,0.0,0.0,0.0,0.0,0.0,0.0,0.0,0.0,0.0,0.0,0.0,0.0,0.0,0.0,0.0,0.0,0.0,0.0,0.0,0.0,0.0,0.0,0.0,0.0,0.0,0.0,0.0,0.0,0.0,0.0,0.0,0.0,0.0,0.0,47.0,47.0,47.0,47.0,47.0,0.0,0.0,0.0,0.0,0.0,0.0,0.0,0.0,0.0,0.0,0.0,0.0,0.0,0.0,0.0,0.0,47.0,47.0,47.0,47.0,47.0,0.0,0.0,0.0,0.0,0.0,0.0,0.0,0.0,0.0,0.0,0.0,0.0,0.0,0.0,0.0,0.0,0.0,0.0,0.0,0.0,0.0,0.0,0.0,0.0,0.0,0.0,0.0,0.0,0.0,0.0,0.0,0.0,0.0,...
1763031577,680060760,laser,-3.1241390705108643,3.1415927410125732,0.0034828970674425364,5.7195735280402005e-05,0.10289512574672699,0.15000000596046448,16.0,inf,inf,inf,inf,inf,inf,inf,inf,inf,inf,inf,inf,inf,inf,inf,inf,inf,inf,inf,inf,inf,inf,inf,inf,inf,inf,inf,10.37600040435791,10.37600040435791,10.37600040435791,10.37600040435791,10.37600040435791,inf,inf,inf,inf,inf,inf,inf,inf,inf,inf,inf,inf,inf,inf,inf,inf,inf,inf,inf,3.799999952316284,3.799999952316284,3.799999952316284,3.799999952316284,3.799999952316284,3.747999906539917,3.747999906539917,3.747999906539917,3.747999906539917,3.74399995803833,3.74399995803833,3.74399995803833,3.747999906539917,3.747999906539917,3.747999906539917,3.752000093460083,2.927999973297119,2.927999973297119,2.927999973297119,2.880000114440918,2.7320001125335693,2.7320001125335693,2.684000015258789,2.640000104904175,2.5759999752044678,2.5320000648498535,2.4159998893737793,2.4159998893737793,2.368000030517578,2.368000030517578,2.3359999656677246,2.2960000038146973,2.200000047683716,2.200000047683716,2.187999963760376,2.1440000534057617,2.1040000915527344,2.0840001106262207,2.0840001106262207,2.052000045776367,2.009999990463257,1.9800000190734863,1.9520000219345093,1.9160000085830688,1.8980000019073486,1.8880000114440918,1.878000020980835,1.8739999532699585,1.8619999885559082,1.8619999885559082,1.843999981880188,1.8259999752044678,1.7999999523162842,1.7760000228881836,1.753999948501587,1.7300000190734863,1.7100000381469727,1.690000057220459,1.690000057220459,1.6679999828338623,1.6460000276565552,1.50600004196167,1.4980000257492065,1.4980000257492065,1.4980000257492065,1.4859999418258667,inf,inf,inf,inf,1.4019999504089355,1.4019999504089355,1.4019999504089355,1.4019999504089355,1.4019999504089355,1.3899999856948853,1.3899999856948853,...,0.0,0.0,0.0,0.0,0.0,0.0,0.0,0.0,0.0,0.0,0.0,0.0,0.0,0.0,0.0,0.0,0.0,0.0,0.0,0.0,0.0,0.0,0.0,0.0,0.0,0.0,0.0,0.0,0.0,0.0,0.0,0.0,0.0,0.0,0.0,0.0,0.0,0.0,0.0,0.0,0.0,0.0,0.0,0.0,0.0,0.0,0.0,0.0,0.0,0.0,0.0,0.0,0.0,0.0,0.0,0.0,0.0,0.0,0.0,0.0,0.0,0.0,0.0,0.0,0.0,0.0,0.0,0.0,0.0,0.0,0.0,0.0,0.0,0.0,0.0,0.0,0.0,0.0,0.0,0.0,0.0,0.0,0.0,0.0,0.0,0.0,0.0,0.0,0.0,0.0,0.0,0.0,0.0,0.0,0.0,0.0,0.0,0.0,0.0,0.0,0.0,0.0,0.0,0.0,0.0,47.0,47.0,47.0,47.0,47.0,0.0,0.0,0.0,0.0,0.0,0.0,0.0,0.0,0.0,0.0,0.0,0.0,0.0,0.0,47.0,47.0,47.0,47.0,...
1763031577,784667083,laser,-3.1241390705108643,3.1415927410125732,0.0034828970674425364,5.365626566344872e-05,0.09652762115001678,0.15000000596046448,16.0,inf,inf,inf,inf,inf,inf,inf,inf,inf,inf,inf,inf,inf,inf,inf,inf,inf,inf,inf,inf,inf,inf,inf,inf,inf,inf,inf,inf,inf,inf,inf,inf,inf,inf,inf,inf,inf,inf,inf,inf,inf,inf,inf,inf,inf,inf,inf,inf,inf,inf,inf,3.9040000438690186,3.9040000438690186,3.9040000438690186,3.9040000438690186,3.9040000438690186,3.803999900817871,3.803999900817871,3.752000093460083,3.74399995803833,3.74399995803833,3.74399995803833,3.74399995803833,3.747999906539917,3.747999906539917,3.752000093460083,2.880000114440918,2.880000114440918,2.880000114440918,2.812000036239624,2.812000036239624,2.74399995803833,2.74399995803833,2.635999917984009,2.635999917984009,2.5959999561309814,2.5280001163482666,2.4639999866485596,2.4159998893737793,2.371999979019165,2.3359999656677246,2.2920000553131104,2.240000009536743,2.240000009536743,2.2119998931884766,2.187999963760376,2.1440000534057617,2.115999937057495,2.0920000076293945,2.052000045776367,2.0199999809265137,2.002000093460083,1.9900000095367432,1.9900000095367432,1.9739999771118164,1.9600000381469727,1.9459999799728394,1.9279999732971191,1.9079999923706055,1.8799999952316284,1.8519999980926514,1.8300000429153442,1.8300000429153442,1.8020000457763672,1.7760000228881836,1.753999948501587,1.7319999933242798,1.7100000381469727,1.6920000314712524,1.6740000247955322,1.6519999504089355,1.6519999504089355,1.5080000162124634,1.5080000162124634,1.5080000162124634,1.4980000257492065,1.4900000095367432,1.4819999933242798,inf,inf,inf,1.399999976158142,1.399999976158142,1.399999976158142,1.399999976158142,1.399999976158142,1.3880000114440918,1.3880000114440918,...,0.0,0.0,0.0,0.0,0.0,0.0,0.0,0.0,0.0,0.0,0.0,0.0,0.0,0.0,0.0,0.0,0.0,0.0,0.0,0.0,0.0,0.0,0.0,0.0,0.0,0.0,0.0,0.0,0.0,0.0,0.0,0.0,0.0,0.0,0.0,0.0,0.0,0.0,0.0,0.0,0.0,0.0,0.0,0.0,0.0,0.0,0.0,0.0,0.0,0.0,0.0,0.0,0.0,0.0,0.0,0.0,0.0,0.0,0.0,0.0,0.0,0.0,0.0,0.0,0.0,0.0,0.0,0.0,0.0,0.0,0.0,0.0,0.0,0.0,0.0,0.0,0.0,0.0,0.0,0.0,0.0,0.0,0.0,0.0,0.0,0.0,0.0,0.0,0.0,0.0,0.0,0.0,0.0,0.0,0.0,0.0,0.0,0.0,0.0,0.0,0.0,0.0,0.0,0.0,0.0,0.0,0.0,47.0,47.0,47.0,47.0,47.0,0.0,0.0,0.0,0.0,0.0,0.0,0.0,0.0,0.0,0.0,0.0,0.0,0.0,0.0,0.0,0.0,...
1763031577,882304213,laser,-3.1241390705108643,3.1415927410125732,0.0034828970674425364,5.4064028518041596e-05,0.09726118296384811,0.15000000596046448,16.0,inf,inf,inf,inf,inf,inf,inf,inf,inf,inf,inf,inf,inf,inf,inf,inf,inf,inf,inf,inf,inf,inf,inf,inf,inf,inf,inf,inf,10.4399995803833,10.4399995803833,10.4399995803833,10.4399995803833,10.4399995803833,inf,inf,inf,inf,inf,inf,inf,inf,inf,inf,inf,inf,inf,inf,inf,inf,inf,inf,3.9040000438690186,3.9040000438690186,3.9040000438690186,3.9040000438690186,3.9040000438690186,3.808000087738037,3.808000087738037,3.752000093460083,3.74399995803833,3.74399995803833,3.740000009536743,3.740000009536743,3.747999906539917,3.747999906539917,3.752000093460083,2.884000062942505,2.884000062942505,2.884000062942505,2.815999984741211,2.815999984741211,2.747999906539917,2.747999906539917,2.635999917984009,2.635999917984009,2.5920000076293945,2.5399999618530273,2.4760000705718994,2.427999973297119,2.380000114440918,2.3359999656677246,2.2920000553131104,2.240000009536743,2.240000009536743,2.191999912261963,2.191999912261963,2.1440000534057617,2.1040000915527344,2.0799999237060547,2.052000045776367,2.0139999389648438,1.9839999675750732,1.9579999446868896,1.9240000247955322,1.9240000247955322,1.8980000019073486,1.8760000467300415,1.8600000143051147,1.8539999723434448,1.840000033378601,1.8259999752044678,1.8140000104904175,1.8140000104904175,1.7960000038146973,1.7760000228881836,1.75600004196167,1.7319999933242798,1.7100000381469727,1.6920000314712524,1.6740000247955322,1.6519999504089355,1.6519999504089355,1.5080000162124634,1.5080000162124634,1.5080000162124634,1.4980000257492065,1.4839999675750732,inf,inf,inf,inf,1.399999976158142,1.399999976158142,1.399999976158142,1.399999976158142,1.399999976158142,1.3880000114440918,1.3880000114440918,...,0.0,0.0,0.0,0.0,0.0,0.0,0.0,0.0,0.0,0.0,0.0,0.0,0.0,0.0,0.0,0.0,0.0,0.0,0.0,47.0,47.0,47.0,47.0,47.0,0.0,0.0,0.0,0.0,0.0,0.0,0.0,0.0,0.0,0.0,0.0,0.0,0.0,0.0,0.0,0.0,0.0,0.0,0.0,0.0,0.0,0.0,0.0,0.0,0.0,0.0,0.0,0.0,0.0,0.0,0.0,0.0,0.0,0.0,0.0,0.0,0.0,0.0,0.0,0.0,0.0,0.0,0.0,0.0,0.0,0.0,0.0,0.0,0.0,0.0,0.0,0.0,0.0,0.0,0.0,0.0,0.0,0.0,0.0,0.0,0.0,0.0,0.0,0.0,0.0,0.0,0.0,0.0,0.0,0.0,0.0,0.0,0.0,0.0,0.0,0.0,0.0,0.0,0.0,0.0,0.0,0.0,0.0,0.0,0.0,0.0,0.0,0.0,0.0,0.0,0.0,0.0,0.0,0.0,0.0,0.0,0.0,0.0,0.0,0.0,0.0,0.0,0.0,0.0,...
1763031577,981122063,laser,-3.1241390705108643,3.1415927410125732,0.0034828970674425364,5.3715277317678556e-05,0.09663378447294235,0.15000000596046448,16.0,inf,inf,inf,inf,inf,inf,inf,inf,inf,inf,inf,inf,inf,inf,inf,inf,inf,inf,inf,inf,inf,inf,inf,inf,inf,inf,inf,inf,10.479999542236328,10.479999542236328,10.479999542236328,10.479999542236328,10.479999542236328,inf,inf,inf,inf,inf,inf,inf,inf,inf,inf,inf,inf,inf,inf,inf,inf,inf,inf,3.8519999980926514,3.8519999980926514,3.8519999980926514,3.8519999980926514,3.8519999980926514,3.7839999198913574,3.7839999198913574,3.7839999198913574,3.747999906539917,3.74399995803833,3.747999906539917,3.747999906539917,3.747999906539917,3.752000093460083,3.752000093460083,2.931999921798706,2.931999921798706,2.931999921798706,2.931999921798706,2.871999979019165,2.803999900817871,2.7320001125335693,2.671999931335449,2.628000020980835,2.5759999752044678,2.5239999294281006,2.4000000953674316,2.4000000953674316,2.364000082015991,2.364000082015991,2.328000068664551,2.2920000553131104,2.180000066757202,2.180000066757202,2.187999963760376,2.1440000534057617,2.1040000915527344,2.072000026702881,2.072000026702881,2.002000093460083,2.002000093460083,1.968000054359436,1.9459999799728394,1.9119999408721924,1.8860000371932983,1.8680000305175781,1.850000023841858,1.840000033378601,1.8339999914169312,1.8339999914169312,1.8240000009536743,1.812000036239624,1.7960000038146973,1.7740000486373901,1.7519999742507935,1.7300000190734863,1.7100000381469727,1.690000057220459,1.6660000085830688,1.6660000085830688,1.6460000276565552,1.496000051498413,1.496000051498413,1.496000051498413,1.496000051498413,1.4839999675750732,1.468000054359436,1.4299999475479126,1.4299999475479126,1.4299999475479126,1.4299999475479126,1.4299999475479126,1.3980000019073486,1.3980000019073486,1.3980000019073486,1.3819999694824219,1.3819999694824219,...,0.0,0.0,0.0,0.0,0.0,0.0,0.0,0.0,0.0,0.0,0.0,0.0,0.0,0.0,0.0,0.0,0.0,0.0,0.0,0.0,0.0,0.0,0.0,0.0,0.0,0.0,0.0,0.0,0.0,0.0,0.0,0.0,0.0,0.0,0.0,0.0,0.0,0.0,0.0,0.0,0.0,0.0,0.0,0.0,0.0,0.0,0.0,0.0,0.0,0.0,0.0,0.0,0.0,0.0,0.0,0.0,0.0,0.0,0.0,0.0,0.0,0.0,0.0,0.0,0.0,0.0,0.0,0.0,0.0,0.0,0.0,0.0,0.0,0.0,0.0,0.0,0.0,0.0,0.0,0.0,0.0,0.0,0.0,0.0,0.0,0.0,0.0,0.0,0.0,0.0,0.0,0.0,0.0,0.0,0.0,0.0,0.0,0.0,0.0,0.0,0.0,0.0,0.0,0.0,0.0,0.0,0.0,0.0,0.0,0.0,0.0,0.0,0.0,0.0,0.0,0.0,0.0,0.0,0.0,0.0,0.0,0.0,0.0,0.0,0.0,0.0,0.0,0.0,...
1763031578,79186716,laser,-3.1241390705108643,3.1415927410125732,0.0034828970674425364,5.3788469813298434e-05,0.09676545858383179,0.15000000596046448,16.0,inf,inf,inf,inf,inf,inf,inf,inf,inf,inf,inf,inf,inf,inf,inf,inf,inf,inf,inf,inf,inf,inf,inf,inf,inf,inf,inf,inf,10.368000030517578,10.368000030517578,10.368000030517578,10.368000030517578,10.368000030517578,inf,inf,inf,inf,inf,inf,inf,inf,inf,inf,inf,inf,inf,inf,inf,inf,inf,inf,3.7839999198913574,3.7839999198913574,3.7839999198913574,3.7839999198913574,3.7839999198913574,3.74399995803833,3.74399995803833,3.74399995803833,3.74399995803833,3.74399995803833,3.74399995803833,3.747999906539917,3.747999906539917,3.747999906539917,3.747999906539917,3.747999906539917,2.931999921798706,2.931999921798706,2.931999921798706,2.871999979019165,2.803999900817871,2.7320001125335693,2.671999931335449,2.628000020980835,2.572000026702881,2.5160000324249268,2.5160000324249268,2.4000000953674316,2.4000000953674316,2.364000082015991,2.328000068664551,2.2920000553131104,2.184000015258789,2.184000015258789,2.187999963760376,2.140000104904175,2.1040000915527344,2.1040000915527344,2.072000026702881,2.0439999103546143,2.0220000743865967,2.0,1.9839999675750732,1.972000002861023,1.9559999704360962,1.940000057220459,1.940000057220459,1.9199999570846558,1.899999976158142,1.8760000467300415,1.8480000495910645,1.8220000267028809,1.7960000038146973,1.7740000486373901,1.7519999742507935,1.7300000190734863,1.7100000381469727,1.7100000381469727,1.690000057220459,1.6660000085830688,1.6440000534057617,1.5180000066757202,1.5080000162124634,1.5080000162124634,1.496000051498413,1.4839999675750732,inf,1.4359999895095825,1.4359999895095825,1.4359999895095825,1.4359999895095825,1.4359999895095825,1.4140000343322754,1.4140000343322754,1.4140000343322754,1.3980000019073486,1.3980000019073486,...,0.0,0.0,0.0,0.0,0.0,0.0,0.0,0.0,0.0,0.0,0.0,0.0,0.0,0.0,0.0,0.0,0.0,0.0,0.0,47.0,47.0,47.0,47.0,47.0,0.0,0.0,0.0,0.0,0.0,0.0,0.0,0.0,0.0,0.0,0.0,0.0,0.0,0.0,0.0,0.0,0.0,0.0,0.0,0.0,0.0,0.0,0.0,0.0,0.0,0.0,0.0,0.0,0.0,0.0,0.0,0.0,0.0,0.0,0.0,0.0,0.0,0.0,0.0,0.0,0.0,0.0,0.0,0.0,0.0,0.0,0.0,0.0,0.0,0.0,0.0,0.0,0.0,0.0,0.0,0.0,0.0,0.0,0.0,0.0,0.0,0.0,0.0,0.0,0.0,0.0,0.0,0.0,0.0,0.0,0.0,0.0,0.0,0.0,0.0,0.0,0.0,0.0,0.0,0.0,0.0,0.0,0.0,47.0,47.0,47.0,47.0,47.0,0.0,0.0,0.0,0.0,0.0,0.0,0.0,0.0,0.0,0.0,0.0,0.0,0.0,0.0,47.0,47.0,...
1763031578,177675597,laser,-3.1241390705108643,3.1415927410125732,0.0034828970674425364,5.706953379558399e-05,0.10266809165477753,0.15000000596046448,16.0,inf,inf,inf,inf,inf,inf,inf,inf,inf,inf,inf,inf,inf,inf,inf,inf,inf,inf,inf,inf,inf,inf,inf,inf,inf,inf,inf,inf,10.295999526977539,10.295999526977539,10.295999526977539,10.295999526977539,10.295999526977539,inf,inf,inf,inf,inf,inf,inf,inf,inf,inf,inf,inf,inf,inf,inf,inf,inf,3.8959999084472656,3.8959999084472656,3.8959999084472656,3.8959999084472656,3.8959999084472656,3.803999900817871,3.803999900817871,3.803999900817871,3.803999900817871,3.747999906539917,3.740000009536743,3.740000009536743,3.740000009536743,3.747999906539917,3.747999906539917,3.747999906539917,3.747999906539917,2.931999921798706,2.880000114440918,2.880000114440918,2.880000114440918,2.812000036239624,2.7360000610351562,2.671999931335449,2.631999969482422,2.5840001106262207,2.5160000324249268,2.4679999351501465,2.4679999351501465,2.368000030517578,2.368000030517578,2.3359999656677246,2.299999952316284,2.2039999961853027,2.2039999961853027,2.187999963760376,2.1519999504089355,2.115999937057495,2.068000078201294,2.0420000553131104,2.0199999809265137,2.0199999809265137,1.9980000257492065,1.9739999771118164,1.9520000219345093,1.9420000314712524,1.934000015258789,1.9179999828338623,1.899999976158142,1.899999976158142,1.8760000467300415,1.850000023841858,1.8300000429153442,1.8020000457763672,1.7760000228881836,1.753999948501587,1.7319999933242798,1.7100000381469727,1.6920000314712524,1.6720000505447388,1.6720000505447388,1.6519999504089355,1.534000039100647,1.534000039100647,1.5080000162124634,1.4980000257492065,1.4859999418258667,1.4780000448226929,inf,inf,inf,inf,inf,1.4019999504089355,1.4019999504089355,1.4019999504089355,1.4019999504089355,1.4019999504089355,...,0.0,0.0,0.0,0.0,0.0,0.0,0.0,0.0,0.0,0.0,0.0,0.0,0.0,0.0,0.0,0.0,0.0,0.0,0.0,47.0,47.0,47.0,47.0,47.0,0.0,0.0,0.0,0.0,0.0,0.0,0.0,0.0,0.0,0.0,0.0,0.0,0.0,0.0,0.0,0.0,0.0,0.0,0.0,0.0,0.0,0.0,0.0,0.0,0.0,0.0,0.0,0.0,0.0,0.0,0.0,0.0,0.0,0.0,0.0,0.0,0.0,0.0,0.0,0.0,0.0,0.0,0.0,0.0,0.0,0.0,0.0,0.0,0.0,0.0,0.0,0.0,0.0,0.0,0.0,0.0,0.0,0.0,0.0,0.0,0.0,0.0,0.0,0.0,0.0,0.0,47.0,47.0,47.0,47.0,47.0,0.0,0.0,0.0,0.0,0.0,0.0,0.0,0.0,0.0,0.0,0.0,0.0,0.0,0.0,0.0,0.0,0.0,0.0,0.0,0.0,0.0,0.0,0.0,0.0,0.0,0.0,0.0,0.0,0.0,0.0,0.0,47.0,47.0,...
1763031578,282104961,laser,-3.1241390705108643,3.1415927410125732,0.0034828970674425364,5.366008190321736e-05,0.09653449058532715,0.15000000596046448,16.0,inf,inf,inf,inf,inf,inf,inf,inf,inf,inf,inf,inf,inf,inf,inf,inf,inf,inf,inf,inf,inf,inf,inf,inf,inf,inf,inf,10.368000030517578,10.368000030517578,10.368000030517578,10.368000030517578,10.368000030517578,inf,inf,inf,inf,inf,inf,inf,inf,inf,inf,inf,inf,inf,inf,inf,inf,inf,inf,inf,inf,inf,inf,3.759999990463257,3.759999990463257,3.759999990463257,3.759999990463257,3.759999990463257,3.747999906539917,3.740000009536743,3.740000009536743,3.74399995803833,3.74399995803833,3.752000093460083,3.752000093460083,2.880000114440918,2.880000114440918,2.880000114440918,2.828000068664551,2.828000068664551,2.7720000743865967,2.7079999446868896,2.6519999504089355,2.611999988555908,2.563999891281128,2.563999891281128,2.5,2.447999954223633,2.4000000953674316,2.3519999980926514,2.299999952316284,2.2760000228881836,2.247999906539917,2.200000047683716,2.1600000858306885,2.1600000858306885,2.115999937057495,2.0880000591278076,2.055999994277954,2.0199999809265137,1.9900000095367432,1.965999960899353,1.9420000314712524,1.909999966621399,1.909999966621399,1.8639999628067017,1.8639999628067017,1.8380000591278076,1.809999942779541,1.8040000200271606,1.805999994277954,1.7979999780654907,1.7799999713897705,1.7599999904632568,1.7599999904632568,1.7400000095367432,1.7200000286102295,1.7020000219345093,1.684000015258789,1.6640000343322754,1.6399999856948853,1.5180000066757202,1.5180000066757202,1.5,1.4880000352859497,1.4800000190734863,1.4800000190734863,inf,inf,inf,inf,inf,inf,1.3980000019073486,1.3980000019073486,1.3980000019073486,1.3980000019073486,...,0.0,0.0,0.0,0.0,0.0,0.0,0.0,0.0,0.0,0.0,0.0,0.0,0.0,0.0,0.0,0.0,0.0,0.0,0.0,0.0,47.0,47.0,47.0,47.0,47.0,0.0,0.0,0.0,0.0,0.0,0.0,0.0,0.0,0.0,0.0,0.0,0.0,0.0,0.0,0.0,0.0,0.0,0.0,0.0,0.0,0.0,0.0,0.0,0.0,0.0,0.0,0.0,0.0,0.0,0.0,0.0,0.0,0.0,0.0,0.0,0.0,0.0,0.0,0.0,0.0,0.0,0.0,0.0,0.0,0.0,0.0,0.0,0.0,0.0,0.0,0.0,0.0,0.0,0.0,0.0,0.0,0.0,0.0,0.0,0.0,0.0,0.0,0.0,0.0,0.0,0.0,47.0,47.0,47.0,47.0,47.0,0.0,0.0,0.0,0.0,0.0,0.0,0.0,0.0,0.0,0.0,0.0,0.0,0.0,0.0,0.0,0.0,0.0,0.0,0.0,0.0,0.0,0.0,0.0,0.0,0.0,0.0,0.0,47.0,47.0,47.0,47.0,47.0,...
1763031578,380070748,laser,-3.1241390705108643,3.1415927410125732,0.0034828970674425364,5.382521703722887e-05,0.09683156758546829,0.15000000596046448,16.0,inf,inf,inf,inf,inf,inf,inf,inf,inf,inf,inf,inf,inf,inf,inf,inf,inf,inf,inf,inf,inf,inf,inf,inf,inf,inf,inf,inf,inf,inf,inf,inf,inf,inf,inf,inf,inf,inf,inf,inf,inf,inf,inf,inf,inf,inf,inf,inf,inf,inf,inf,inf,inf,3.7760000228881836,3.7760000228881836,3.7760000228881836,3.7760000228881836,3.7760000228881836,3.74399995803833,3.74399995803833,3.7360000610351562,3.7360000610351562,3.74399995803833,3.74399995803833,3.747999906539917,3.747999906539917,2.9119999408721924,2.8480000495910645,2.8480000495910645,2.8480000495910645,2.8480000495910645,2.799999952316284,2.7279999256134033,2.6559998989105225,2.611999988555908,2.572000026702881,2.5199999809265137,2.4000000953674316,2.4000000953674316,2.364000082015991,2.364000082015991,2.319999933242798,2.2880001068115234,2.180000066757202,2.184000015258789,2.184000015258789,2.1440000534057617,2.111999988555908,2.072000026702881,2.072000026702881,1.99399995803833,1.99399995803833,1.9739999771118164,1.9479999542236328,1.906000018119812,1.8839999437332153,1.8739999532699585,1.8580000400543213,1.8480000495910645,1.843999981880188,1.843999981880188,1.8320000171661377,1.8179999589920044,1.7960000038146973,1.7740000486373901,1.75,1.7300000190734863,1.7079999446868896,1.687999963760376,1.687999963760376,1.6660000085830688,1.6460000276565552,1.531999945640564,1.531999945640564,1.5080000162124634,1.496000051498413,1.4839999675750732,1.465999960899353,inf,inf,inf,inf,1.3980000019073486,1.3980000019073486,1.3980000019073486,1.3980000019073486,1.3980000019073486,1.3839999437332153,...,0.0,0.0,0.0,0.0,0.0,0.0,0.0,0.0,0.0,0.0,0.0,0.0,0.0,0.0,0.0,0.0,0.0,0.0,0.0,0.0,0.0,0.0,0.0,0.0,0.0,0.0,0.0,0.0,0.0,0.0,0.0,0.0,0.0,0.0,0.0,0.0,0.0,0.0,0.0,0.0,0.0,0.0,0.0,0.0,0.0,0.0,0.0,0.0,0.0,0.0,0.0,0.0,0.0,0.0,0.0,0.0,0.0,0.0,0.0,0.0,0.0,0.0,0.0,0.0,0.0,0.0,0.0,0.0,0.0,0.0,0.0,0.0,0.0,0.0,0.0,0.0,0.0,0.0,0.0,0.0,0.0,0.0,0.0,0.0,0.0,0.0,0.0,0.0,0.0,0.0,0.0,0.0,0.0,0.0,0.0,0.0,0.0,0.0,0.0,0.0,0.0,0.0,0.0,0.0,0.0,0.0,0.0,47.0,47.0,47.0,47.0,47.0,0.0,0.0,0.0,0.0,0.0,0.0,0.0,0.0,0.0,0.0,0.0,0.0,0.0,0.0,47.0,47.0,...
1763031578,477805236,laser,-3.1241390705108643,3.1415927410125732,0.0034828970674425364,5.406381023931317e-05,0.09726079553365707,0.15000000596046448,16.0,inf,inf,inf,inf,inf,inf,inf,inf,inf,inf,inf,inf,inf,inf,inf,inf,inf,inf,inf,inf,inf,inf,inf,inf,inf,inf,10.51200008392334,10.51200008392334,10.51200008392334,10.51200008392334,10.51200008392334,inf,inf,inf,inf,inf,inf,inf,inf,inf,inf,inf,inf,inf,inf,inf,inf,inf,inf,inf,inf,inf,3.7799999713897705,3.7799999713897705,3.7799999713897705,3.7799999713897705,3.7799999713897705,3.740000009536743,3.740000009536743,3.740000009536743,3.7360000610351562,3.740000009536743,3.74399995803833,3.74399995803833,3.74399995803833,3.747999906539917,2.9240000247955322,2.9240000247955322,2.9240000247955322,2.9240000247955322,2.859999895095825,2.7960000038146973,2.7279999256134033,2.6679999828338623,2.624000072479248,2.572000026702881,2.572000026702881,2.5160000324249268,2.4719998836517334,2.4159998893737793,2.364000082015991,2.319999933242798,2.2920000553131104,2.187999963760376,2.187999963760376,2.180000066757202,2.131999969482422,2.1040000915527344,2.1040000915527344,2.0759999752044678,2.0480000972747803,2.0239999294281006,1.9980000257492065,1.9859999418258667,1.9739999771118164,1.9579999446868896,1.937999963760376,1.937999963760376,1.9179999828338623,1.8960000276565552,1.8700000047683716,1.8459999561309814,1.8220000267028809,1.7960000038146973,1.7740000486373901,1.75,1.7300000190734863,1.7079999446868896,1.7079999446868896,1.687999963760376,1.6660000085830688,1.6460000276565552,1.5199999809265137,1.5080000162124634,1.5080000162124634,1.496000051498413,1.4839999675750732,inf,inf,inf,inf,1.4140000343322754,1.4140000343322754,1.4140000343322754,1.4140000343322754,1.4140000343322754,1.4019999504089355,1.4019999504089355,...,0.0,0.0,0.0,0.0,0.0,0.0,0.0,0.0,0.0,0.0,0.0,0.0,0.0,0.0,0.0,0.0,0.0,47.0,47.0,47.0,47.0,47.0,0.0,0.0,0.0,0.0,0.0,0.0,0.0,0.0,0.0,0.0,0.0,0.0,0.0,0.0,0.0,0.0,0.0,0.0,0.0,0.0,0.0,0.0,0.0,0.0,0.0,0.0,0.0,0.0,0.0,0.0,0.0,0.0,0.0,0.0,0.0,0.0,0.0,0.0,0.0,0.0,0.0,0.0,0.0,0.0,0.0,0.0,0.0,0.0,0.0,0.0,0.0,0.0,0.0,0.0,0.0,0.0,0.0,0.0,0.0,0.0,0.0,0.0,0.0,0.0,0.0,0.0,0.0,0.0,0.0,0.0,0.0,0.0,0.0,0.0,0.0,0.0,0.0,0.0,0.0,0.0,0.0,0.0,0.0,0.0,0.0,0.0,0.0,0.0,0.0,0.0,0.0,0.0,0.0,0.0,0.0,0.0,0.0,0.0,0.0,0.0,0.0,0.0,0.0,0.0,0.0,0.0,...
1763031578,576448466,laser,-3.1241390705108643,3.1415927410125732,0.0034828970674425364,5.7289526012027636e-05,0.10306385904550552,0.15000000596046448,16.0,inf,inf,inf,inf,inf,inf,inf,inf,inf,inf,inf,inf,inf,inf,inf,inf,inf,inf,inf,inf,inf,inf,inf,inf,inf,inf,inf,inf,10.527999877929688,10.527999877929688,10.527999877929688,10.527999877929688,10.527999877929688,inf,inf,inf,inf,inf,inf,inf,inf,inf,inf,inf,inf,inf,inf,inf,inf,inf,inf,3.7799999713897705,3.7799999713897705,3.7799999713897705,3.7799999713897705,3.7799999713897705,3.740000009536743,3.740000009536743,3.740000009536743,3.740000009536743,3.740000009536743,3.74399995803833,3.74399995803833,3.74399995803833,3.747999906539917,3.747999906539917,2.9240000247955322,2.9240000247955322,2.9240000247955322,2.9240000247955322,2.859999895095825,2.7960000038146973,2.7279999256134033,2.6679999828338623,2.619999885559082,2.568000078201294,2.51200008392334,2.4679999351501465,2.4679999351501465,2.364000082015991,2.364000082015991,2.3239998817443848,2.2920000553131104,2.187999963760376,2.187999963760376,2.180000066757202,2.131999969482422,2.1040000915527344,2.0759999752044678,2.0759999752044678,2.0480000972747803,2.0179998874664307,1.9819999933242798,1.9539999961853027,1.9259999990463257,1.906000018119812,1.899999976158142,1.8899999856948853,1.878000020980835,1.8660000562667847,1.8660000562667847,1.8459999561309814,1.8220000267028809,1.7979999780654907,1.7760000228881836,1.753999948501587,1.7300000190734863,1.7100000381469727,1.687999963760376,1.687999963760376,1.6660000085830688,1.6460000276565552,1.49399995803833,1.49399995803833,1.49399995803833,1.49399995803833,1.4819999933242798,inf,inf,inf,inf,1.4040000438690186,1.4040000438690186,1.4040000438690186,1.4040000438690186,1.4040000438690186,1.3880000114440918,1.3880000114440918,...,0.0,0.0,0.0,0.0,0.0,0.0,0.0,0.0,0.0,0.0,0.0,0.0,0.0,0.0,0.0,0.0,0.0,0.0,47.0,47.0,47.0,47.0,47.0,0.0,0.0,0.0,0.0,0.0,0.0,0.0,0.0,0.0,0.0,0.0,0.0,0.0,0.0,0.0,0.0,0.0,0.0,0.0,0.0,0.0,0.0,0.0,0.0,0.0,0.0,0.0,0.0,0.0,0.0,0.0,0.0,0.0,0.0,0.0,0.0,0.0,0.0,0.0,0.0,0.0,0.0,0.0,0.0,0.0,0.0,0.0,0.0,0.0,0.0,0.0,0.0,0.0,0.0,0.0,0.0,0.0,0.0,0.0,0.0,0.0,0.0,0.0,0.0,0.0,0.0,0.0,0.0,0.0,0.0,0.0,0.0,0.0,0.0,0.0,0.0,0.0,0.0,0.0,0.0,0.0,0.0,0.0,0.0,0.0,0.0,0.0,0.0,0.0,0.0,0.0,0.0,0.0,0.0,0.0,0.0,0.0,0.0,0.0,0.0,0.0,0.0,0.0,0.0,0.0,...
1763031578,680985242,laser,-3.1241390705108643,3.1415927410125732,0.0034828970674425364,5.378555943025276e-05,0.09676022082567215,0.15000000596046448,16.0,inf,inf,inf,inf,inf,inf,inf,inf,inf,inf,inf,inf,inf,inf,inf,inf,inf,inf,inf,inf,inf,inf,inf,inf,inf,inf,inf,inf,10.343999862670898,10.343999862670898,10.343999862670898,10.343999862670898,10.343999862670898,inf,inf,inf,inf,inf,inf,inf,inf,inf,inf,inf,inf,inf,inf,inf,inf,inf,inf,inf,inf,3.8239998817443848,3.8239998817443848,3.8239998817443848,3.8239998817443848,3.8239998817443848,3.75600004196167,3.747999906539917,3.740000009536743,3.740000009536743,3.740000009536743,3.74399995803833,3.747999906539917,3.752000093460083,2.888000011444092,2.888000011444092,2.828000068664551,2.828000068664551,2.828000068664551,2.7639999389648438,2.7639999389648438,2.6600000858306885,2.6600000858306885,2.6080000400543213,2.5480000972747803,2.5,2.440000057220459,2.371999979019165,2.3320000171661377,2.299999952316284,2.2799999713897705,2.25600004196167,2.25600004196167,2.2079999446868896,2.1600000858306885,2.119999885559082,2.0920000076293945,2.055999994277954,2.0199999809265137,1.9880000352859497,1.9639999866485596,1.937999963760376,1.906000018119812,1.906000018119812,1.8799999952316284,1.8619999885559082,1.840000033378601,1.812000036239624,1.8079999685287476,1.8079999685287476,1.7999999523162842,1.7799999713897705,1.7799999713897705,1.7599999904632568,1.7419999837875366,1.722000002861023,1.7039999961853027,1.684000015258789,1.6660000085830688,1.6419999599456787,1.5240000486373901,1.5240000486373901,1.50600004196167,1.4900000095367432,1.4759999513626099,1.4759999513626099,inf,inf,inf,inf,inf,1.3960000276565552,1.3960000276565552,1.3960000276565552,1.3960000276565552,1.3960000276565552,...,0.0,0.0,0.0,0.0,0.0,0.0,0.0,0.0,0.0,0.0,0.0,0.0,0.0,0.0,0.0,0.0,47.0,47.0,47.0,47.0,47.0,47.0,47.0,0.0,0.0,0.0,0.0,0.0,0.0,0.0,0.0,0.0,0.0,0.0,0.0,0.0,0.0,0.0,0.0,0.0,0.0,0.0,0.0,0.0,0.0,0.0,0.0,0.0,0.0,0.0,0.0,0.0,0.0,0.0,0.0,0.0,0.0,0.0,0.0,0.0,0.0,0.0,0.0,0.0,0.0,0.0,0.0,0.0,0.0,0.0,0.0,0.0,0.0,0.0,0.0,0.0,0.0,0.0,0.0,0.0,0.0,0.0,0.0,0.0,0.0,0.0,0.0,0.0,0.0,0.0,0.0,0.0,0.0,0.0,0.0,0.0,0.0,0.0,0.0,0.0,0.0,0.0,0.0,0.0,0.0,0.0,0.0,0.0,0.0,0.0,0.0,0.0,0.0,0.0,0.0,0.0,0.0,0.0,0.0,0.0,0.0,0.0,0.0,0.0,0.0,0.0,0.0,0.0,...
1763031578,778933169,laser,-3.1241390705108643,3.1415927410125732,0.0034828970674425364,5.395745029090904e-05,0.09706944972276688,0.15000000596046448,16.0,inf,inf,inf,inf,inf,inf,inf,inf,inf,inf,inf,inf,inf,inf,inf,inf,inf,inf,inf,inf,inf,inf,inf,inf,inf,inf,inf,10.48799991607666,10.48799991607666,10.48799991607666,10.48799991607666,10.48799991607666,inf,inf,inf,inf,inf,inf,inf,inf,inf,inf,inf,inf,inf,inf,inf,inf,inf,inf,inf,3.996000051498413,3.996000051498413,3.996000051498413,3.996000051498413,3.996000051498413,3.875999927520752,3.7839999198913574,3.74399995803833,3.74399995803833,3.74399995803833,3.74399995803833,3.740000009536743,3.74399995803833,3.747999906539917,3.752000093460083,2.927999973297119,2.927999973297119,2.927999973297119,2.875999927520752,2.875999927520752,2.812000036239624,2.7360000610351562,2.687999963760376,2.6440000534057617,2.5759999752044678,2.5320000648498535,2.4839999675750732,2.4240000247955322,2.371999979019165,2.3320000171661377,2.299999952316284,2.299999952316284,2.2039999961853027,2.2039999961853027,2.187999963760376,2.140000104904175,2.1040000915527344,2.0799999237060547,2.0439999103546143,2.01200008392334,1.9859999418258667,1.9600000381469727,1.9600000381469727,1.9240000247955322,1.9019999504089355,1.8880000114440918,1.878000020980835,1.8739999532699585,1.8580000400543213,1.8420000076293945,1.8259999752044678,1.8259999752044678,1.8020000457763672,1.7760000228881836,1.75600004196167,1.7319999933242798,1.7120000123977661,1.6979999542236328,1.6759999990463257,1.6540000438690186,1.6540000438690186,1.4980000257492065,1.4980000257492065,1.4980000257492065,1.4980000257492065,1.4839999675750732,1.4759999513626099,inf,inf,inf,1.4040000438690186,1.4040000438690186,1.4040000438690186,1.4040000438690186,1.4040000438690186,1.3960000276565552,1.3960000276565552,...,0.0,0.0,0.0,0.0,0.0,0.0,0.0,0.0,0.0,0.0,0.0,0.0,0.0,0.0,0.0,0.0,0.0,0.0,0.0,0.0,0.0,0.0,0.0,0.0,0.0,0.0,0.0,0.0,0.0,0.0,0.0,0.0,0.0,0.0,0.0,0.0,0.0,0.0,0.0,0.0,0.0,0.0,0.0,0.0,0.0,0.0,0.0,0.0,0.0,0.0,0.0,0.0,0.0,0.0,0.0,0.0,0.0,0.0,0.0,0.0,0.0,0.0,0.0,0.0,0.0,0.0,0.0,0.0,0.0,0.0,0.0,0.0,0.0,0.0,0.0,0.0,0.0,0.0,0.0,0.0,0.0,0.0,0.0,0.0,0.0,0.0,0.0,0.0,0.0,0.0,0.0,47.0,47.0,47.0,47.0,47.0,0.0,0.0,0.0,0.0,0.0,0.0,0.0,0.0,0.0,0.0,0.0,0.0,0.0,0.0,0.0,0.0,0.0,0.0,0.0,0.0,0.0,0.0,0.0,0.0,0.0,0.0,0.0,47.0,47.0,47.0,47.0,47.0,...
1763031578,877711379,laser,-3.1241390705108643,3.1415927410125732,0.0034828970674425364,5.3636384109267965e-05,0.09649185091257095,0.15000000596046448,16.0,inf,inf,inf,inf,inf,inf,inf,inf,inf,inf,inf,inf,inf,inf,inf,inf,inf,inf,inf,inf,inf,inf,inf,inf,inf,inf,inf,inf,inf,inf,inf,inf,inf,inf,inf,inf,inf,inf,inf,inf,inf,inf,inf,inf,inf,inf,inf,inf,inf,inf,inf,inf,inf,inf,3.7720000743865967,3.7720000743865967,3.7720000743865967,3.7720000743865967,3.7720000743865967,3.740000009536743,3.7320001125335693,3.740000009536743,3.74399995803833,3.752000093460083,3.752000093460083,3.752000093460083,2.9000000953674316,2.9000000953674316,2.9000000953674316,2.8559999465942383,2.8559999465942383,2.799999952316284,2.7200000286102295,2.6559998989105225,2.615999937057495,2.563999891281128,2.507999897003174,2.507999897003174,2.4040000438690186,2.4040000438690186,2.3559999465942383,2.312000036239624,2.2799999713897705,2.196000099182129,2.196000099182129,2.1640000343322754,2.124000072479248,2.0999999046325684,2.0999999046325684,2.072000026702881,2.0439999103546143,2.0260000228881836,2.003999948501587,1.9819999933242798,1.9700000286102295,1.9539999961853027,1.937999963760376,1.937999963760376,1.9160000085830688,1.8919999599456787,1.8700000047683716,1.843999981880188,1.8200000524520874,1.7940000295639038,1.7680000066757202,1.7480000257492065,1.7319999933242798,1.7059999704360962,1.684000015258789,1.684000015258789,1.6640000343322754,1.6419999599456787,1.5180000066757202,1.5180000066757202,1.50600004196167,1.496000051498413,1.4839999675750732,inf,inf,inf,1.4119999408721924,1.4119999408721924,1.4119999408721924,1.4119999408721924,1.4119999408721924,1.399999976158142,1.399999976158142,1.399999976158142,...,0.0,0.0,0.0,0.0,0.0,0.0,0.0,0.0,0.0,0.0,0.0,0.0,0.0,0.0,0.0,0.0,0.0,0.0,0.0,47.0,47.0,47.0,47.0,47.0,0.0,0.0,0.0,0.0,0.0,0.0,0.0,0.0,0.0,0.0,0.0,0.0,0.0,0.0,0.0,0.0,0.0,0.0,0.0,0.0,0.0,0.0,0.0,0.0,0.0,0.0,0.0,0.0,0.0,0.0,0.0,0.0,0.0,0.0,0.0,0.0,0.0,0.0,0.0,0.0,0.0,0.0,0.0,0.0,0.0,0.0,0.0,0.0,0.0,0.0,0.0,0.0,0.0,0.0,0.0,0.0,0.0,0.0,0.0,0.0,0.0,0.0,0.0,0.0,0.0,0.0,47.0,47.0,47.0,47.0,47.0,0.0,0.0,0.0,0.0,0.0,0.0,0.0,0.0,0.0,0.0,0.0,0.0,0.0,0.0,0.0,0.0,0.0,0.0,0.0,0.0,0.0,0.0,0.0,0.0,0.0,0.0,0.0,0.0,0.0,0.0,47.0,47.0,47.0,...
1763031578,975497482,laser,-3.1241390705108643,3.1415927410125732,0.0034828970674425364,5.732816134695895e-05,0.10313336551189423,0.15000000596046448,16.0,inf,inf,inf,inf,inf,inf,inf,inf,inf,inf,inf,inf,inf,inf,inf,inf,inf,inf,inf,inf,inf,inf,inf,inf,inf,inf,inf,10.51200008392334,10.51200008392334,10.51200008392334,10.51200008392334,10.51200008392334,inf,inf,inf,inf,inf,inf,inf,inf,inf,inf,inf,inf,inf,inf,inf,inf,inf,inf,inf,inf,inf,3.7760000228881836,3.7760000228881836,3.7760000228881836,3.7760000228881836,3.7760000228881836,3.740000009536743,3.740000009536743,3.740000009536743,3.747999906539917,3.747999906539917,3.74399995803833,3.74399995803833,3.747999906539917,2.9240000247955322,2.864000082015991,2.864000082015991,2.864000082015991,2.864000082015991,2.7960000038146973,2.7320001125335693,2.6640000343322754,2.6080000400543213,2.563999891281128,2.51200008392334,2.51200008392334,2.4600000381469727,2.4159998893737793,2.368000030517578,2.3320000171661377,2.299999952316284,2.187999963760376,2.1760001182556152,2.1760001182556152,2.128000020980835,2.1040000915527344,2.1040000915527344,2.0799999237060547,2.0460000038146973,2.0139999389648438,1.9859999418258667,1.9559999704360962,1.9240000247955322,1.909999966621399,1.9040000438690186,1.9040000438690186,1.8919999599456787,1.878000020980835,1.8619999885559082,1.840000033378601,1.8200000524520874,1.7960000038146973,1.7740000486373901,1.7519999742507935,1.7319999933242798,1.7120000123977661,1.690000057220459,1.690000057220459,1.6660000085830688,1.6460000276565552,1.5080000162124634,1.5080000162124634,1.496000051498413,1.496000051498413,1.4839999675750732,inf,inf,inf,inf,inf,1.4019999504089355,1.4019999504089355,1.4019999504089355,1.4019999504089355,1.4019999504089355,1.3860000371932983,...,0.0,0.0,0.0,0.0,0.0,0.0,0.0,0.0,0.0,0.0,0.0,0.0,0.0,0.0,0.0,0.0,0.0,0.0,0.0,0.0,47.0,47.0,47.0,47.0,47.0,0.0,0.0,0.0,0.0,0.0,0.0,0.0,0.0,0.0,0.0,0.0,0.0,0.0,0.0,0.0,0.0,0.0,0.0,0.0,0.0,0.0,0.0,0.0,0.0,0.0,0.0,0.0,0.0,0.0,0.0,0.0,0.0,0.0,0.0,0.0,0.0,0.0,0.0,0.0,0.0,0.0,0.0,0.0,0.0,0.0,0.0,0.0,0.0,0.0,0.0,0.0,0.0,0.0,0.0,0.0,0.0,0.0,0.0,0.0,0.0,0.0,0.0,0.0,0.0,0.0,0.0,0.0,0.0,0.0,0.0,0.0,0.0,0.0,0.0,0.0,0.0,0.0,0.0,0.0,0.0,0.0,0.0,0.0,0.0,0.0,0.0,0.0,0.0,0.0,0.0,0.0,0.0,0.0,0.0,0.0,0.0,0.0,0.0,0.0,0.0,0.0,0.0,0.0,...
1763031579,80332969,laser,-3.1241390705108643,3.1415927410125732,0.0034828970674425364,5.368997881305404e-05,0.09658827632665634,0.15000000596046448,16.0,inf,inf,inf,inf,inf,inf,inf,inf,inf,inf,inf,inf,inf,inf,inf,inf,inf,inf,inf,inf,inf,inf,inf,inf,inf,inf,inf,inf,inf,inf,inf,inf,inf,inf,inf,inf,inf,inf,inf,inf,inf,inf,inf,inf,inf,inf,inf,inf,inf,3.992000102996826,3.992000102996826,3.992000102996826,3.992000102996826,3.992000102996826,3.7760000228881836,3.7760000228881836,3.7760000228881836,3.7760000228881836,3.740000009536743,3.740000009536743,3.740000009536743,3.74399995803833,3.74399995803833,3.747999906539917,3.747999906539917,3.747999906539917,2.9240000247955322,2.859999895095825,2.859999895095825,2.859999895095825,2.859999895095825,2.7960000038146973,2.7320001125335693,2.6679999828338623,2.615999937057495,2.563999891281128,2.5160000324249268,2.5160000324249268,2.3919999599456787,2.3919999599456787,2.3559999465942383,2.319999933242798,2.2920000553131104,2.180000066757202,2.1679999828338623,2.1679999828338623,2.128000020980835,2.1040000915527344,2.1040000915527344,2.0759999752044678,2.0339999198913574,1.99399995803833,1.968000054359436,1.944000005722046,1.9079999923706055,1.8799999952316284,1.8600000143051147,1.8380000591278076,1.8220000267028809,1.8220000267028809,1.815999984741211,1.805999994277954,1.7979999780654907,1.7860000133514404,1.7660000324249268,1.7480000257492065,1.7300000190734863,1.7079999446868896,1.7079999446868896,1.687999963760376,1.6660000085830688,1.6460000276565552,1.50600004196167,1.50600004196167,1.4919999837875366,1.4919999837875366,1.465999960899353,inf,inf,1.4320000410079956,1.4320000410079956,1.4320000410079956,1.4320000410079956,1.4320000410079956,1.4019999504089355,1.4019999504089355,1.4019999504089355,1.4019999504089355,...,0.0,0.0,0.0,0.0,0.0,0.0,0.0,0.0,0.0,0.0,0.0,0.0,0.0,0.0,0.0,0.0,0.0,0.0,0.0,0.0,0.0,0.0,0.0,0.0,0.0,0.0,0.0,0.0,0.0,0.0,0.0,0.0,0.0,0.0,0.0,0.0,0.0,0.0,0.0,0.0,0.0,0.0,0.0,0.0,0.0,0.0,0.0,0.0,0.0,0.0,0.0,0.0,0.0,0.0,0.0,0.0,0.0,0.0,0.0,0.0,0.0,0.0,0.0,0.0,0.0,0.0,0.0,0.0,0.0,0.0,0.0,47.0,47.0,47.0,47.0,47.0,0.0,0.0,0.0,0.0,0.0,0.0,0.0,0.0,0.0,0.0,0.0,0.0,0.0,47.0,47.0,47.0,47.0,47.0,0.0,0.0,0.0,0.0,0.0,0.0,0.0,0.0,0.0,0.0,0.0,0.0,0.0,0.0,0.0,0.0,0.0,0.0,0.0,0.0,0.0,0.0,0.0,0.0,0.0,0.0,0.0,0.0,0.0,0.0,0.0,0.0,0.0,0.0,...
1763031579,178029486,laser,-3.1241390705108643,3.1415927410125732,0.0034828970674425364,5.401919042924419e-05,0.09718052297830582,0.15000000596046448,16.0,inf,inf,inf,inf,inf,inf,inf,inf,inf,inf,inf,inf,inf,inf,inf,inf,inf,inf,inf,inf,inf,inf,inf,inf,inf,inf,inf,inf,inf,inf,10.37600040435791,10.37600040435791,10.37600040435791,10.37600040435791,10.37600040435791,inf,inf,inf,inf,inf,inf,inf,inf,inf,inf,inf,inf,inf,inf,inf,inf,inf,3.799999952316284,3.799999952316284,3.799999952316284,3.799999952316284,3.799999952316284,3.752000093460083,3.752000093460083,3.74399995803833,3.74399995803833,3.74399995803833,3.740000009536743,3.74399995803833,3.747999906539917,3.752000093460083,2.888000011444092,2.888000011444092,2.888000011444092,2.888000011444092,2.8399999141693115,2.696000099182129,2.696000099182129,2.640000104904175,2.5880000591278076,2.5880000591278076,2.5399999618530273,2.4839999675750732,2.431999921798706,2.380000114440918,2.3320000171661377,2.2920000553131104,2.25600004196167,2.2279999256134033,2.200000047683716,2.1559998989105225,2.1559998989105225,2.1080000400543213,2.0799999237060547,2.0480000972747803,2.01200008392334,1.9880000352859497,1.965999960899353,1.940000057220459,1.9220000505447388,1.9220000505447388,1.909999966621399,1.9040000438690186,1.8960000276565552,1.8760000467300415,1.8539999723434448,1.8339999914169312,1.809999942779541,1.7860000133514404,1.7860000133514404,1.7599999904632568,1.7380000352859497,1.715999960899353,1.7000000476837158,1.684000015258789,1.659999966621399,1.5140000581741333,1.5140000581741333,1.5019999742507935,1.5019999742507935,1.4880000352859497,1.4880000352859497,1.4759999513626099,inf,inf,inf,inf,1.4079999923706055,1.4079999923706055,1.4079999923706055,1.4079999923706055,1.4079999923706055,1.399999976158142,...,0.0,0.0,0.0,0.0,0.0,0.0,0.0,0.0,0.0,0.0,0.0,0.0,0.0,0.0,0.0,0.0,0.0,0.0,47.0,47.0,47.0,47.0,47.0,0.0,0.0,0.0,0.0,0.0,0.0,0.0,0.0,0.0,0.0,0.0,0.0,0.0,0.0,0.0,0.0,0.0,0.0,0.0,0.0,0.0,0.0,0.0,0.0,0.0,0.0,0.0,0.0,0.0,0.0,0.0,0.0,0.0,0.0,0.0,0.0,0.0,0.0,0.0,0.0,0.0,0.0,0.0,0.0,0.0,0.0,0.0,0.0,0.0,0.0,0.0,0.0,0.0,0.0,0.0,0.0,0.0,0.0,0.0,0.0,0.0,0.0,0.0,0.0,0.0,0.0,47.0,47.0,47.0,47.0,47.0,0.0,0.0,0.0,0.0,0.0,0.0,0.0,0.0,0.0,0.0,0.0,0.0,0.0,0.0,0.0,0.0,0.0,0.0,0.0,0.0,0.0,0.0,0.0,0.0,0.0,0.0,0.0,0.0,0.0,0.0,47.0,47.0,47.0,47.0,...
1763031579,276925677,laser,-3.1241390705108643,3.1415927410125732,0.0034828970674425364,5.36038278369233e-05,0.09643328934907913,0.15000000596046448,16.0,inf,inf,inf,inf,inf,inf,inf,inf,inf,inf,inf,inf,inf,inf,inf,inf,inf,inf,inf,inf,inf,inf,inf,inf,inf,inf,inf,inf,inf,10.416000366210938,10.416000366210938,10.416000366210938,10.416000366210938,10.416000366210938,inf,inf,inf,inf,inf,inf,inf,inf,inf,inf,inf,inf,inf,inf,inf,inf,inf,3.9159998893737793,3.9159998893737793,3.9159998893737793,3.9159998893737793,3.9159998893737793,3.812000036239624,3.812000036239624,3.752000093460083,3.74399995803833,3.74399995803833,3.74399995803833,3.740000009536743,3.74399995803833,3.747999906539917,3.752000093460083,2.888000011444092,2.888000011444092,2.888000011444092,2.819999933242798,2.819999933242798,2.819999933242798,2.75600004196167,2.696000099182129,2.640000104904175,2.5920000076293945,2.5399999618530273,2.4839999675750732,2.431999921798706,2.380000114440918,2.3320000171661377,2.2920000553131104,2.252000093460083,2.252000093460083,2.200000047683716,2.200000047683716,2.1559998989105225,2.111999988555908,2.0799999237060547,2.0480000972747803,2.0260000228881836,2.0179998874664307,2.007999897003174,1.9900000095367432,1.9900000095367432,1.9739999771118164,1.9579999446868896,1.9359999895095825,1.909999966621399,1.8839999437332153,1.8580000400543213,1.8339999914169312,1.809999942779541,1.809999942779541,1.7860000133514404,1.7599999904632568,1.7380000352859497,1.718000054359436,1.7000000476837158,1.6820000410079956,1.659999966621399,1.5119999647140503,1.503999948501587,1.503999948501587,1.503999948501587,1.4880000352859497,1.4880000352859497,1.4759999513626099,1.4739999771118164,inf,inf,1.4079999923706055,1.4079999923706055,1.4079999923706055,1.4079999923706055,1.4079999923706055,1.399999976158142,1.399999976158142,...,0.0,0.0,0.0,0.0,0.0,0.0,0.0,0.0,0.0,0.0,0.0,0.0,0.0,0.0,0.0,0.0,0.0,0.0,0.0,0.0,0.0,0.0,0.0,0.0,0.0,0.0,0.0,0.0,0.0,0.0,0.0,0.0,0.0,0.0,0.0,0.0,0.0,0.0,0.0,0.0,0.0,0.0,0.0,0.0,0.0,0.0,0.0,0.0,0.0,0.0,0.0,0.0,0.0,0.0,0.0,0.0,0.0,0.0,0.0,0.0,0.0,0.0,0.0,0.0,0.0,0.0,0.0,0.0,0.0,0.0,0.0,0.0,0.0,0.0,0.0,0.0,0.0,0.0,0.0,0.0,0.0,0.0,0.0,0.0,0.0,0.0,0.0,0.0,0.0,0.0,0.0,0.0,0.0,0.0,0.0,0.0,0.0,0.0,0.0,0.0,0.0,0.0,0.0,0.0,0.0,0.0,0.0,0.0,0.0,0.0,0.0,0.0,0.0,0.0,0.0,0.0,0.0,0.0,0.0,0.0,0.0,0.0,0.0,0.0,0.0,47.0,47.0,47.0,...
1763031579,375003618,laser,-3.1241390705108643,3.1415927410125732,0.0034828970674425364,5.377117850002833e-05,0.09673435240983963,0.15000000596046448,16.0,inf,inf,inf,inf,inf,inf,inf,inf,inf,inf,inf,inf,inf,inf,inf,inf,inf,inf,inf,inf,inf,inf,inf,inf,inf,inf,inf,inf,10.46399974822998,10.46399974822998,10.46399974822998,10.46399974822998,10.46399974822998,inf,inf,inf,inf,inf,inf,inf,inf,inf,inf,inf,inf,inf,inf,inf,inf,inf,inf,inf,inf,inf,3.759999990463257,3.759999990463257,3.759999990463257,3.759999990463257,3.759999990463257,3.74399995803833,3.740000009536743,3.740000009536743,3.740000009536743,3.747999906539917,3.752000093460083,3.752000093460083,2.8959999084472656,2.8959999084472656,2.8959999084472656,2.8239998817443848,2.8239998817443848,2.7720000743865967,2.6440000534057617,2.6440000534057617,2.6080000400543213,2.6080000400543213,2.496000051498413,2.496000051498413,2.447999954223633,2.3919999599456787,2.3440001010894775,2.2960000038146973,2.2799999713897705,2.191999912261963,2.191999912261963,2.1559998989105225,2.1559998989105225,2.119999885559082,2.0999999046325684,2.063999891281128,2.0239999294281006,1.9980000257492065,1.9739999771118164,1.9459999799728394,1.9140000343322754,1.9140000343322754,1.878000020980835,1.878000020980835,1.8660000562667847,1.8519999980926514,1.8480000495910645,1.8320000171661377,1.812000036239624,1.7899999618530273,1.7660000324249268,1.7660000324249268,1.7239999771118164,1.7239999771118164,1.7059999704360962,1.6859999895095825,1.6660000085830688,1.6440000534057617,1.527999997138977,1.527999997138977,1.5080000162124634,1.49399995803833,1.4839999675750732,1.468000054359436,1.468000054359436,inf,inf,inf,inf,inf,1.399999976158142,1.399999976158142,1.399999976158142,1.399999976158142,...,0.0,0.0,0.0,0.0,0.0,0.0,0.0,0.0,0.0,0.0,0.0,0.0,0.0,0.0,0.0,0.0,0.0,0.0,0.0,47.0,47.0,47.0,47.0,47.0,0.0,0.0,0.0,0.0,0.0,0.0,0.0,0.0,0.0,0.0,0.0,0.0,0.0,0.0,0.0,0.0,0.0,0.0,0.0,0.0,0.0,0.0,0.0,0.0,0.0,0.0,0.0,0.0,0.0,0.0,0.0,0.0,0.0,0.0,0.0,0.0,0.0,0.0,0.0,0.0,0.0,0.0,0.0,0.0,0.0,0.0,0.0,0.0,0.0,0.0,0.0,0.0,0.0,0.0,0.0,0.0,0.0,0.0,0.0,0.0,0.0,0.0,0.0,0.0,0.0,0.0,47.0,47.0,47.0,47.0,47.0,0.0,0.0,0.0,0.0,0.0,0.0,0.0,0.0,0.0,0.0,0.0,0.0,0.0,0.0,0.0,0.0,0.0,0.0,0.0,0.0,0.0,0.0,0.0,0.0,0.0,0.0,0.0,0.0,0.0,0.0,0.0,0.0,0.0,...
1763031579,473308266,laser,-3.1241390705108643,3.1415927410125732,0.0034828970674425364,5.716546002076939e-05,0.10284066200256348,0.15000000596046448,16.0,inf,inf,inf,inf,inf,inf,inf,inf,inf,inf,inf,inf,inf,inf,inf,inf,inf,inf,inf,inf,inf,inf,inf,inf,inf,inf,inf,inf,10.46399974822998,10.46399974822998,10.46399974822998,10.46399974822998,10.46399974822998,inf,inf,inf,inf,inf,inf,inf,inf,inf,inf,inf,inf,inf,inf,inf,inf,inf,inf,inf,3.815999984741211,3.815999984741211,3.815999984741211,3.815999984741211,3.815999984741211,3.75600004196167,3.75600004196167,3.74399995803833,3.74399995803833,3.740000009536743,3.740000009536743,3.74399995803833,3.747999906539917,3.752000093460083,2.884000062942505,2.884000062942505,2.884000062942505,2.884000062942505,2.8239998817443848,2.8239998817443848,2.75600004196167,2.700000047683716,2.6480000019073486,2.6040000915527344,2.552000045776367,2.496000051498413,2.444000005722046,2.380000114440918,2.3359999656677246,2.2960000038146973,2.2960000038146973,2.2639999389648438,2.2360000610351562,2.191999912261963,2.1480000019073486,2.111999988555908,2.0840001106262207,2.052000045776367,2.0239999294281006,1.9919999837875366,1.9579999446868896,1.934000015258789,1.934000015258789,1.9079999923706055,1.8760000467300415,1.8559999465942383,1.8320000171661377,1.7979999780654907,1.781999945640564,1.784000039100647,1.781999945640564,1.781999945640564,1.7719999551773071,1.7519999742507935,1.7339999675750732,1.715999960899353,1.7000000476837158,1.6859999895095825,1.6619999408721924,1.6380000114440918,1.5260000228881836,1.5019999742507935,1.5019999742507935,1.4859999418258667,1.4859999418258667,1.4800000190734863,inf,inf,inf,inf,1.3980000019073486,1.3980000019073486,1.3980000019073486,1.3980000019073486,1.3980000019073486,1.3839999437332153,...,0.0,0.0,0.0,0.0,0.0,0.0,0.0,0.0,0.0,0.0,0.0,0.0,0.0,0.0,0.0,0.0,0.0,0.0,0.0,0.0,0.0,0.0,0.0,0.0,0.0,0.0,0.0,0.0,0.0,0.0,0.0,0.0,0.0,0.0,0.0,0.0,0.0,0.0,0.0,0.0,0.0,0.0,0.0,0.0,0.0,0.0,0.0,0.0,0.0,0.0,0.0,0.0,0.0,0.0,0.0,0.0,0.0,0.0,0.0,0.0,0.0,0.0,0.0,0.0,0.0,0.0,0.0,0.0,0.0,0.0,0.0,0.0,0.0,0.0,0.0,0.0,0.0,0.0,0.0,0.0,0.0,0.0,0.0,0.0,0.0,0.0,0.0,0.0,0.0,0.0,0.0,0.0,0.0,0.0,0.0,0.0,0.0,0.0,0.0,0.0,0.0,0.0,0.0,0.0,0.0,0.0,0.0,0.0,0.0,0.0,0.0,0.0,0.0,0.0,0.0,0.0,0.0,0.0,0.0,0.0,0.0,0.0,0.0,0.0,0.0,0.0,47.0,47.0,...
1763031579,577819983,laser,-3.1241390705108643,3.1415927410125732,0.0034828970674425364,5.366679761209525e-05,0.09654656797647476,0.15000000596046448,16.0,inf,inf,inf,inf,inf,inf,inf,inf,inf,inf,inf,inf,inf,inf,inf,inf,inf,inf,inf,inf,inf,inf,inf,inf,inf,inf,inf,inf,inf,10.472000122070312,10.472000122070312,10.472000122070312,10.472000122070312,10.472000122070312,inf,inf,inf,inf,inf,inf,inf,inf,inf,inf,inf,inf,inf,inf,inf,inf,inf,inf,inf,3.812000036239624,3.812000036239624,3.812000036239624,3.812000036239624,3.812000036239624,3.75600004196167,3.747999906539917,3.747999906539917,3.74399995803833,3.740000009536743,3.74399995803833,3.747999906539917,3.752000093460083,2.944000005722046,2.944000005722046,2.884000062942505,2.884000062942505,2.819999933242798,2.819999933242798,2.75600004196167,2.700000047683716,2.6440000534057617,2.5880000591278076,2.5360000133514404,2.4839999675750732,2.431999921798706,2.380000114440918,2.3359999656677246,2.2960000038146973,2.24399995803833,2.24399995803833,2.191999912261963,2.191999912261963,2.140000104904175,2.1040000915527344,2.0840001106262207,2.053999900817871,2.0160000324249268,1.9839999675750732,1.9620000123977661,1.937999963760376,1.937999963760376,1.9199999570846558,1.9119999408721924,1.9019999504089355,1.8899999856948853,1.8700000047683716,1.8519999980926514,1.8320000171661377,1.8079999685287476,1.8079999685287476,1.784000039100647,1.7580000162124634,1.7359999418258667,1.715999960899353,1.6959999799728394,1.6779999732971191,1.659999966621399,1.5099999904632568,1.5099999904632568,1.5099999904632568,1.5,1.5,1.4859999418258667,1.4739999771118164,inf,inf,inf,inf,inf,1.4079999923706055,1.4079999923706055,1.4079999923706055,1.4079999923706055,1.4079999923706055,...,0.0,0.0,0.0,0.0,0.0,0.0,0.0,0.0,0.0,0.0,0.0,0.0,0.0,0.0,0.0,0.0,0.0,0.0,0.0,0.0,0.0,0.0,0.0,0.0,0.0,0.0,0.0,0.0,0.0,0.0,0.0,0.0,0.0,0.0,0.0,0.0,0.0,0.0,0.0,0.0,0.0,0.0,0.0,0.0,0.0,0.0,0.0,0.0,0.0,0.0,0.0,0.0,0.0,0.0,0.0,0.0,0.0,0.0,0.0,0.0,0.0,0.0,0.0,0.0,0.0,0.0,0.0,0.0,0.0,0.0,0.0,0.0,0.0,0.0,0.0,0.0,0.0,0.0,0.0,0.0,0.0,0.0,0.0,0.0,0.0,0.0,0.0,0.0,0.0,47.0,47.0,47.0,47.0,47.0,0.0,0.0,0.0,0.0,0.0,0.0,0.0,0.0,0.0,0.0,0.0,0.0,0.0,0.0,0.0,0.0,0.0,0.0,0.0,0.0,0.0,0.0,0.0,0.0,0.0,0.0,0.0,0.0,0.0,0.0,47.0,47.0,47.0,47.0,...
1763031579,676119937,laser,-3.1241390705108643,3.1415927410125732,0.0034828970674425364,5.3676063544116914e-05,0.09656324237585068,0.15000000596046448,16.0,inf,inf,inf,inf,inf,inf,inf,inf,inf,inf,inf,inf,inf,inf,inf,inf,inf,inf,inf,inf,inf,inf,inf,inf,inf,inf,inf,10.359999656677246,10.359999656677246,10.359999656677246,10.359999656677246,10.359999656677246,inf,inf,inf,inf,inf,inf,inf,inf,inf,inf,inf,inf,inf,inf,inf,inf,inf,inf,inf,inf,3.759999990463257,3.759999990463257,3.759999990463257,3.759999990463257,3.759999990463257,3.740000009536743,3.740000009536743,3.740000009536743,3.7360000610351562,3.74399995803833,3.752000093460083,3.747999906539917,3.747999906539917,3.747999906539917,2.9119999408721924,2.9119999408721924,2.9119999408721924,2.9119999408721924,2.868000030517578,2.7960000038146973,2.740000009536743,2.6040000915527344,2.6040000915527344,2.572000026702881,2.4600000381469727,2.4600000381469727,2.4600000381469727,2.4079999923706055,2.3559999465942383,2.315999984741211,2.2880001068115234,2.187999963760376,2.187999963760376,2.184000015258789,2.1440000534057617,2.1080000400543213,2.0840001106262207,2.0840001106262207,2.059999942779541,2.0439999103546143,2.0280001163482666,2.0160000324249268,1.9980000257492065,1.972000002861023,1.9500000476837158,1.9279999732971191,1.9279999732971191,1.9040000438690186,1.8760000467300415,1.8480000495910645,1.8220000267028809,1.7979999780654907,1.7799999713897705,1.75600004196167,1.7300000190734863,1.7120000123977661,1.6920000314712524,1.6660000085830688,1.6660000085830688,1.6460000276565552,1.50600004196167,1.50600004196167,1.50600004196167,1.5,1.4880000352859497,1.4780000448226929,inf,inf,inf,1.4019999504089355,1.4019999504089355,1.4019999504089355,1.4019999504089355,1.4019999504089355,1.3880000114440918,1.3880000114440918,...,0.0,0.0,0.0,0.0,0.0,0.0,0.0,0.0,0.0,0.0,0.0,0.0,0.0,0.0,0.0,0.0,0.0,0.0,0.0,0.0,0.0,0.0,0.0,0.0,0.0,0.0,0.0,0.0,0.0,0.0,0.0,0.0,0.0,0.0,0.0,0.0,0.0,0.0,0.0,0.0,0.0,0.0,0.0,0.0,0.0,0.0,0.0,0.0,0.0,0.0,0.0,0.0,0.0,0.0,0.0,0.0,0.0,0.0,0.0,0.0,0.0,0.0,0.0,0.0,0.0,0.0,0.0,0.0,0.0,0.0,0.0,0.0,0.0,0.0,0.0,0.0,0.0,0.0,0.0,0.0,0.0,0.0,0.0,0.0,0.0,0.0,0.0,0.0,0.0,0.0,0.0,47.0,47.0,47.0,47.0,47.0,0.0,0.0,0.0,0.0,0.0,0.0,0.0,0.0,0.0,0.0,0.0,0.0,0.0,0.0,0.0,0.0,0.0,0.0,0.0,0.0,0.0,0.0,0.0,0.0,0.0,0.0,0.0,0.0,0.0,0.0,0.0,0.0,...
1763031579,774311659,laser,-3.1241390705108643,3.1415927410125732,0.0034828970674425364,5.7038607337744907e-05,0.1026124507188797,0.15000000596046448,16.0,inf,inf,inf,inf,inf,inf,inf,inf,inf,inf,inf,inf,inf,inf,inf,inf,inf,inf,inf,inf,inf,inf,inf,inf,inf,inf,inf,inf,inf,inf,inf,inf,inf,inf,inf,inf,inf,inf,inf,inf,inf,inf,inf,inf,inf,inf,inf,inf,inf,inf,inf,inf,inf,3.880000114440918,3.880000114440918,3.880000114440918,3.880000114440918,3.880000114440918,3.7880001068115234,3.740000009536743,3.74399995803833,3.752000093460083,3.752000093460083,3.747999906539917,3.747999906539917,3.747999906539917,2.936000108718872,2.936000108718872,2.868000030517578,2.868000030517578,2.868000030517578,2.7960000038146973,2.7360000610351562,2.680000066757202,2.619999885559082,2.572000026702881,2.5239999294281006,2.5239999294281006,2.4719998836517334,2.4200000762939453,2.368000030517578,2.3320000171661377,2.303999900817871,2.187999963760376,2.184000015258789,2.184000015258789,2.140000104904175,2.1040000915527344,2.1040000915527344,2.0840001106262207,2.0480000972747803,2.01200008392334,1.9839999675750732,1.9539999961853027,1.9220000505447388,1.906000018119812,1.8960000276565552,1.8839999437332153,1.8739999532699585,1.8600000143051147,1.8600000143051147,1.840000033378601,1.8220000267028809,1.8020000457763672,1.777999997138977,1.75600004196167,1.7319999933242798,1.7120000123977661,1.694000005722046,1.6699999570846558,1.6699999570846558,1.6460000276565552,1.5080000162124634,1.5080000162124634,1.496000051498413,1.496000051498413,1.4839999675750732,inf,inf,inf,inf,inf,1.4040000438690186,1.4040000438690186,1.4040000438690186,1.4040000438690186,1.4040000438690186,1.3899999856948853,...,0.0,0.0,0.0,0.0,0.0,0.0,0.0,0.0,0.0,0.0,0.0,0.0,0.0,0.0,0.0,0.0,0.0,0.0,0.0,0.0,0.0,0.0,0.0,0.0,0.0,0.0,0.0,0.0,0.0,0.0,0.0,0.0,0.0,0.0,0.0,0.0,0.0,0.0,0.0,0.0,0.0,0.0,0.0,0.0,0.0,0.0,0.0,0.0,0.0,0.0,0.0,0.0,0.0,0.0,0.0,0.0,0.0,0.0,0.0,0.0,0.0,0.0,0.0,0.0,0.0,0.0,0.0,0.0,0.0,0.0,0.0,0.0,0.0,0.0,0.0,0.0,0.0,0.0,0.0,0.0,0.0,0.0,0.0,0.0,0.0,0.0,0.0,0.0,0.0,0.0,0.0,0.0,0.0,0.0,0.0,0.0,0.0,0.0,0.0,0.0,0.0,0.0,0.0,0.0,0.0,0.0,0.0,0.0,0.0,0.0,0.0,0.0,0.0,0.0,0.0,0.0,0.0,0.0,0.0,0.0,0.0,0.0,0.0,0.0,0.0,47.0,47.0,47.0,...
1763031579,877941004,laser,-3.1241390705108643,3.1415927410125732,0.0034828970674425364,5.4114403610583395e-05,0.0973518118262291,0.15000000596046448,16.0,inf,inf,inf,inf,inf,inf,inf,inf,inf,inf,inf,inf,inf,inf,inf,inf,inf,inf,inf,inf,inf,inf,inf,inf,inf,inf,10.576000213623047,10.576000213623047,10.576000213623047,10.576000213623047,10.576000213623047,inf,inf,inf,inf,inf,inf,inf,inf,inf,inf,inf,inf,inf,inf,inf,inf,inf,inf,inf,inf,inf,3.871999979019165,3.871999979019165,3.871999979019165,3.871999979019165,3.871999979019165,3.7920000553131104,3.752000093460083,3.74399995803833,3.74399995803833,3.747999906539917,3.74399995803833,3.747999906539917,3.747999906539917,3.752000093460083,2.936000108718872,2.875999927520752,2.875999927520752,2.875999927520752,2.808000087738037,2.808000087738037,2.740000009536743,2.696000099182129,2.6480000019073486,2.5880000591278076,2.5360000133514404,2.4839999675750732,2.4240000247955322,2.371999979019165,2.3320000171661377,2.2920000553131104,2.2920000553131104,2.2360000610351562,2.2039999961853027,2.184000015258789,2.1480000019073486,2.111999988555908,2.0799999237060547,2.0480000972747803,2.01200008392334,1.9819999933242798,1.9539999961853027,1.9220000505447388,1.9220000505447388,1.8980000019073486,1.8680000305175781,1.8480000495910645,1.8320000171661377,1.8040000200271606,1.7960000038146973,1.7960000038146973,1.7899999618530273,1.7899999618530273,1.777999997138977,1.75600004196167,1.7319999933242798,1.7120000123977661,1.694000005722046,1.6759999990463257,1.6579999923706055,1.6319999694824219,1.5160000324249268,1.496000051498413,1.496000051498413,1.496000051498413,1.4819999933242798,1.4759999513626099,inf,inf,inf,inf,1.4019999504089355,1.4019999504089355,1.4019999504089355,1.4019999504089355,1.4019999504089355,1.3940000534057617,...,0.0,0.0,0.0,0.0,0.0,0.0,0.0,0.0,0.0,0.0,0.0,0.0,0.0,0.0,0.0,0.0,0.0,0.0,0.0,0.0,0.0,0.0,0.0,0.0,0.0,0.0,0.0,0.0,0.0,0.0,0.0,0.0,0.0,0.0,0.0,0.0,0.0,0.0,0.0,0.0,0.0,0.0,0.0,0.0,0.0,0.0,0.0,0.0,0.0,0.0,0.0,0.0,0.0,0.0,0.0,0.0,0.0,0.0,0.0,0.0,0.0,0.0,0.0,0.0,0.0,0.0,0.0,0.0,0.0,0.0,0.0,0.0,0.0,0.0,0.0,0.0,0.0,0.0,0.0,0.0,0.0,0.0,0.0,0.0,0.0,0.0,0.0,0.0,0.0,0.0,0.0,0.0,0.0,0.0,0.0,0.0,0.0,0.0,0.0,0.0,0.0,0.0,0.0,0.0,0.0,0.0,0.0,0.0,0.0,0.0,0.0,0.0,0.0,0.0,0.0,0.0,0.0,0.0,0.0,0.0,0.0,0.0,0.0,47.0,47.0,47.0,47.0,47.0,...
1763031579,976861007,laser,-3.1241390705108643,3.1415927410125732,0.0034828970674425364,5.3742609452456236e-05,0.09668295085430145,0.15000000596046448,16.0,inf,inf,inf,inf,inf,inf,inf,inf,inf,inf,inf,inf,inf,inf,inf,inf,inf,inf,inf,inf,inf,inf,inf,inf,inf,inf,inf,inf,inf,10.35200023651123,10.35200023651123,10.35200023651123,10.35200023651123,10.35200023651123,inf,inf,inf,inf,inf,inf,inf,inf,inf,inf,inf,inf,inf,inf,inf,inf,inf,3.828000068664551,3.828000068664551,3.828000068664551,3.828000068664551,3.828000068664551,3.75600004196167,3.75600004196167,3.75600004196167,3.747999906539917,3.74399995803833,3.740000009536743,3.747999906539917,3.747999906539917,3.752000093460083,3.752000093460083,2.8919999599456787,2.8919999599456787,2.8919999599456787,2.8399999141693115,2.8399999141693115,2.7960000038146973,2.6480000019073486,2.6480000019073486,2.6080000400543213,2.555999994277954,2.555999994277954,2.5,2.447999954223633,2.388000011444092,2.3440001010894775,2.303999900817871,2.2880001068115234,2.184000015258789,2.184000015258789,2.1640000343322754,2.119999885559082,2.119999885559082,2.0959999561309814,2.068000078201294,2.0320000648498535,2.002000093460083,1.9819999933242798,1.9520000219345093,1.9279999732971191,1.9160000085830688,1.909999966621399,1.909999966621399,1.899999976158142,1.8839999437332153,1.8639999628067017,1.8420000076293945,1.8220000267028809,1.7940000295639038,1.7699999809265137,1.75,1.7300000190734863,1.7079999446868896,1.7079999446868896,1.687999963760376,1.6640000343322754,1.6440000534057617,1.5199999809265137,1.5199999809265137,1.5080000162124634,1.496000051498413,1.4839999675750732,inf,inf,inf,1.4359999895095825,1.4359999895095825,1.4359999895095825,1.4359999895095825,1.4359999895095825,1.4140000343322754,1.4140000343322754,1.4019999504089355,...,0.0,0.0,0.0,0.0,0.0,0.0,0.0,0.0,0.0,0.0,0.0,0.0,0.0,0.0,0.0,0.0,0.0,0.0,0.0,0.0,0.0,0.0,0.0,0.0,0.0,0.0,0.0,0.0,0.0,0.0,0.0,0.0,0.0,0.0,0.0,0.0,0.0,0.0,0.0,0.0,0.0,0.0,0.0,0.0,0.0,0.0,0.0,0.0,0.0,0.0,0.0,0.0,0.0,0.0,0.0,0.0,0.0,0.0,0.0,0.0,0.0,0.0,0.0,0.0,0.0,0.0,0.0,0.0,0.0,0.0,0.0,0.0,0.0,0.0,0.0,0.0,0.0,0.0,0.0,0.0,0.0,0.0,0.0,0.0,0.0,0.0,0.0,0.0,0.0,47.0,47.0,47.0,47.0,47.0,0.0,0.0,0.0,0.0,0.0,0.0,0.0,0.0,0.0,0.0,0.0,0.0,0.0,0.0,0.0,0.0,0.0,0.0,0.0,0.0,0.0,0.0,0.0,0.0,0.0,0.0,0.0,0.0,0.0,0.0,0.0,0.0,0.0,0.0,...
1763031580,74907391,laser,-3.1241390705108643,3.1415927410125732,0.0034828970674425364,5.3830863180337474e-05,0.0968417227268219,0.15000000596046448,16.0,inf,inf,inf,inf,inf,inf,inf,inf,inf,inf,inf,inf,inf,inf,inf,inf,inf,inf,inf,inf,inf,inf,inf,inf,inf,inf,inf,10.472000122070312,10.472000122070312,10.472000122070312,10.472000122070312,10.472000122070312,inf,inf,inf,inf,inf,inf,inf,inf,inf,inf,inf,inf,inf,inf,inf,inf,inf,inf,inf,inf,3.9240000247955322,3.9240000247955322,3.9240000247955322,3.9240000247955322,3.9240000247955322,3.8239998817443848,3.752000093460083,3.74399995803833,3.74399995803833,3.74399995803833,3.740000009536743,3.74399995803833,3.747999906539917,3.752000093460083,2.880000114440918,2.880000114440918,2.880000114440918,2.880000114440918,2.880000114440918,2.819999933242798,2.752000093460083,2.696000099182129,2.6480000019073486,2.5840001106262207,2.5199999809265137,2.4719998836517334,2.431999921798706,2.380000114440918,2.3359999656677246,2.2920000553131104,2.2920000553131104,2.25600004196167,2.2279999256134033,2.196000099182129,2.1600000858306885,2.119999885559082,2.0799999237060547,2.055999994277954,2.0320000648498535,2.0160000324249268,2.007999897003174,2.007999897003174,1.9900000095367432,1.9780000448226929,1.9620000123977661,1.940000057220459,1.9140000343322754,1.8860000371932983,1.8600000143051147,1.8339999914169312,1.8339999914169312,1.8079999685287476,1.7879999876022339,1.7640000581741333,1.7400000095367432,1.718000054359436,1.7020000219345093,1.6820000410079956,1.6579999923706055,1.6579999923706055,1.5119999647140503,1.5019999742507935,1.5019999742507935,1.5019999742507935,1.4859999418258667,1.4759999513626099,1.4739999771118164,1.4739999771118164,inf,inf,1.409999966621399,1.409999966621399,1.409999966621399,1.409999966621399,1.409999966621399,1.4019999504089355,...,0.0,0.0,0.0,0.0,0.0,0.0,0.0,0.0,0.0,0.0,0.0,0.0,0.0,0.0,0.0,0.0,0.0,0.0,0.0,47.0,47.0,47.0,47.0,47.0,0.0,0.0,0.0,0.0,0.0,0.0,0.0,0.0,0.0,0.0,0.0,0.0,0.0,0.0,0.0,0.0,0.0,0.0,0.0,0.0,0.0,0.0,0.0,0.0,0.0,0.0,0.0,0.0,0.0,0.0,0.0,0.0,0.0,0.0,0.0,0.0,0.0,0.0,0.0,0.0,0.0,0.0,0.0,0.0,0.0,0.0,0.0,0.0,0.0,0.0,0.0,0.0,0.0,0.0,0.0,0.0,0.0,0.0,0.0,0.0,0.0,0.0,0.0,0.0,0.0,0.0,47.0,47.0,47.0,47.0,47.0,0.0,0.0,0.0,0.0,0.0,0.0,0.0,0.0,0.0,0.0,0.0,0.0,0.0,0.0,0.0,0.0,0.0,0.0,0.0,0.0,0.0,0.0,0.0,0.0,0.0,0.0,0.0,0.0,0.0,0.0,0.0,0.0,0.0,...
1763031580,173015298,laser,-3.1241390705108643,3.1415927410125732,0.0034828970674425364,5.7413504691794515e-05,0.10328689217567444,0.15000000596046448,16.0,inf,inf,inf,inf,inf,inf,inf,inf,inf,inf,inf,inf,inf,inf,inf,inf,inf,inf,inf,inf,inf,inf,inf,inf,inf,inf,inf,inf,inf,10.407999992370605,10.407999992370605,10.407999992370605,10.407999992370605,10.407999992370605,inf,inf,inf,inf,inf,inf,inf,inf,inf,inf,inf,inf,inf,inf,inf,inf,inf,inf,3.9200000762939453,3.9200000762939453,3.9200000762939453,3.9200000762939453,3.9200000762939453,3.819999933242798,3.819999933242798,3.752000093460083,3.74399995803833,3.74399995803833,3.74399995803833,3.74399995803833,3.747999906539917,3.747999906539917,3.747999906539917,2.880000114440918,2.880000114440918,2.880000114440918,2.880000114440918,2.812000036239624,2.74399995803833,2.696000099182129,2.6440000534057617,2.5840001106262207,2.5199999809265137,2.4719998836517334,2.431999921798706,2.380000114440918,2.380000114440918,2.3359999656677246,2.2920000553131104,2.240000009536743,2.2160000801086426,2.196000099182129,2.0999999046325684,2.0799999237060547,2.0799999237060547,2.052000045776367,2.052000045776367,1.9900000095367432,1.9900000095367432,1.9600000381469727,1.9299999475479126,1.9119999408721924,1.8960000276565552,1.8839999437332153,1.878000020980835,1.8619999885559082,1.8420000076293945,1.8420000076293945,1.8259999752044678,1.805999994277954,1.784000039100647,1.7599999904632568,1.7359999418258667,1.7139999866485596,1.6959999799728394,1.6759999990463257,1.6759999990463257,1.656000018119812,1.6260000467300415,1.4980000257492065,1.4980000257492065,1.4980000257492065,1.4859999418258667,1.4759999513626099,inf,inf,inf,inf,1.4040000438690186,1.4040000438690186,1.4040000438690186,1.4040000438690186,1.4040000438690186,1.3940000534057617,...,0.0,0.0,0.0,0.0,0.0,0.0,0.0,0.0,0.0,0.0,0.0,0.0,0.0,0.0,0.0,0.0,0.0,0.0,47.0,47.0,47.0,47.0,47.0,0.0,0.0,0.0,0.0,0.0,0.0,0.0,0.0,0.0,0.0,0.0,0.0,0.0,0.0,0.0,0.0,0.0,0.0,0.0,0.0,0.0,0.0,0.0,0.0,0.0,0.0,0.0,0.0,0.0,0.0,0.0,0.0,0.0,0.0,0.0,0.0,0.0,0.0,0.0,0.0,0.0,0.0,0.0,0.0,0.0,0.0,0.0,0.0,0.0,0.0,0.0,0.0,0.0,0.0,0.0,0.0,0.0,0.0,0.0,0.0,0.0,0.0,0.0,0.0,0.0,0.0,47.0,47.0,47.0,47.0,47.0,0.0,0.0,0.0,0.0,0.0,0.0,0.0,0.0,0.0,0.0,0.0,0.0,0.0,0.0,0.0,0.0,0.0,0.0,0.0,0.0,0.0,0.0,0.0,0.0,0.0,0.0,0.0,0.0,0.0,0.0,47.0,47.0,47.0,47.0,...
1763031580,278008435,laser,-3.1241390705108643,3.1415927410125732,0.0034828970674425364,5.3551710152532905e-05,0.09633953124284744,0.15000000596046448,16.0,inf,inf,inf,inf,inf,inf,inf,inf,inf,inf,inf,inf,inf,inf,inf,inf,inf,inf,inf,inf,inf,inf,inf,inf,inf,inf,inf,inf,inf,10.399999618530273,10.399999618530273,10.399999618530273,10.399999618530273,10.399999618530273,inf,inf,inf,inf,inf,inf,inf,inf,inf,inf,inf,inf,inf,inf,inf,inf,inf,3.7799999713897705,3.7799999713897705,3.7799999713897705,3.7799999713897705,3.7799999713897705,3.740000009536743,3.740000009536743,3.740000009536743,3.740000009536743,3.7360000610351562,3.740000009536743,3.747999906539917,3.74399995803833,3.74399995803833,3.74399995803833,2.8919999599456787,2.8919999599456787,2.8919999599456787,2.8919999599456787,2.8399999141693115,2.7920000553131104,2.7279999256134033,2.6600000858306885,2.5959999561309814,2.555999994277954,2.5160000324249268,2.5160000324249268,2.384000062942505,2.384000062942505,2.3519999980926514,2.315999984741211,2.2880001068115234,2.171999931335449,2.171999931335449,2.1640000343322754,2.124000072479248,2.0999999046325684,2.0999999046325684,2.068000078201294,2.0280001163482666,1.9900000095367432,1.965999960899353,1.9420000314712524,1.9079999923706055,1.8819999694824219,1.8600000143051147,1.8359999656677246,1.8140000104904175,1.8140000104904175,1.8040000200271606,1.7999999523162842,1.7960000038146973,1.7879999876022339,1.7640000581741333,1.746000051498413,1.7280000448226929,1.7059999704360962,1.7059999704360962,1.6859999895095825,1.6660000085830688,1.6440000534057617,1.5080000162124634,1.4919999837875366,1.4919999837875366,1.4919999837875366,1.4800000190734863,1.468000054359436,1.4320000410079956,1.4320000410079956,1.4320000410079956,1.4320000410079956,1.4320000410079956,1.4019999504089355,1.4019999504089355,1.4019999504089355,1.3839999437332153,1.3839999437332153,...,0.0,0.0,0.0,0.0,0.0,0.0,0.0,0.0,0.0,0.0,0.0,0.0,0.0,0.0,0.0,0.0,0.0,0.0,0.0,0.0,0.0,0.0,0.0,0.0,0.0,0.0,0.0,0.0,0.0,0.0,0.0,0.0,0.0,0.0,0.0,0.0,0.0,0.0,0.0,0.0,0.0,0.0,0.0,0.0,0.0,0.0,0.0,0.0,0.0,0.0,0.0,0.0,0.0,0.0,0.0,0.0,0.0,0.0,0.0,0.0,0.0,0.0,0.0,0.0,0.0,0.0,0.0,0.0,0.0,0.0,0.0,0.0,0.0,0.0,0.0,0.0,0.0,0.0,0.0,0.0,0.0,0.0,0.0,0.0,0.0,0.0,0.0,0.0,0.0,47.0,47.0,47.0,47.0,47.0,0.0,0.0,0.0,0.0,0.0,0.0,0.0,0.0,0.0,0.0,0.0,0.0,0.0,0.0,0.0,0.0,0.0,0.0,0.0,0.0,0.0,0.0,0.0,0.0,0.0,0.0,0.0,0.0,0.0,0.0,47.0,47.0,47.0,47.0,...
1763031580,375440222,laser,-3.1241390705108643,3.1415927410125732,0.0034828970674425364,5.4087297030491754e-05,0.09730304777622223,0.15000000596046448,16.0,inf,inf,inf,inf,inf,inf,inf,inf,inf,inf,inf,inf,inf,inf,inf,inf,inf,inf,inf,inf,inf,inf,inf,inf,inf,inf,inf,inf,inf,inf,inf,inf,inf,inf,inf,inf,inf,inf,inf,inf,inf,inf,inf,inf,inf,inf,inf,inf,inf,inf,3.859999895095825,3.859999895095825,3.859999895095825,3.859999895095825,3.859999895095825,3.7799999713897705,3.7799999713897705,3.7799999713897705,3.7799999713897705,3.74399995803833,3.7360000610351562,3.740000009536743,3.74399995803833,3.74399995803833,3.74399995803833,3.747999906539917,2.9079999923706055,2.9079999923706055,2.9079999923706055,2.8519999980926514,2.8519999980926514,2.7920000553131104,2.7279999256134033,2.6600000858306885,2.615999937057495,2.503999948501587,2.503999948501587,2.503999948501587,2.4000000953674316,2.4000000953674316,2.368000030517578,2.319999933242798,2.2920000553131104,2.171999931335449,2.171999931335449,2.1640000343322754,2.124000072479248,2.0999999046325684,2.068000078201294,2.068000078201294,2.0399999618530273,2.0179998874664307,1.9900000095367432,1.9639999866485596,1.9459999799728394,1.934000015258789,1.9240000247955322,1.909999966621399,1.909999966621399,1.8919999599456787,1.871999979019165,1.8459999561309814,1.8220000267028809,1.7940000295639038,1.7699999809265137,1.75,1.7280000448226929,1.7059999704360962,1.6859999895095825,1.6859999895095825,1.6660000085830688,1.6440000534057617,1.5180000066757202,1.5180000066757202,1.5080000162124634,1.496000051498413,1.4859999418258667,inf,inf,inf,1.4140000343322754,1.4140000343322754,1.4140000343322754,1.4140000343322754,1.4140000343322754,1.4019999504089355,1.4019999504089355,1.4019999504089355,...,0.0,0.0,0.0,0.0,0.0,0.0,0.0,0.0,0.0,0.0,0.0,0.0,0.0,0.0,0.0,0.0,0.0,0.0,0.0,0.0,0.0,0.0,0.0,0.0,0.0,0.0,0.0,0.0,0.0,0.0,0.0,0.0,0.0,0.0,0.0,0.0,0.0,0.0,0.0,0.0,0.0,0.0,0.0,0.0,0.0,0.0,0.0,0.0,0.0,0.0,0.0,0.0,0.0,0.0,0.0,0.0,0.0,0.0,0.0,0.0,0.0,0.0,0.0,0.0,0.0,0.0,0.0,0.0,0.0,0.0,0.0,0.0,0.0,0.0,0.0,0.0,0.0,0.0,0.0,0.0,0.0,0.0,0.0,0.0,0.0,0.0,0.0,0.0,0.0,0.0,0.0,0.0,0.0,0.0,0.0,0.0,0.0,0.0,0.0,0.0,0.0,0.0,0.0,0.0,0.0,0.0,0.0,0.0,0.0,0.0,0.0,0.0,0.0,0.0,0.0,0.0,0.0,0.0,0.0,0.0,0.0,0.0,0.0,0.0,0.0,0.0,0.0,0.0,...
1763031580,473915704,laser,-3.1241390705108643,3.1415927410125732,0.0034828970674425364,5.396020787884481e-05,0.09707441926002502,0.15000000596046448,16.0,inf,inf,inf,inf,inf,inf,inf,inf,inf,inf,inf,inf,inf,inf,inf,inf,inf,inf,inf,inf,inf,inf,inf,inf,inf,inf,inf,inf,inf,inf,inf,inf,inf,inf,inf,inf,inf,inf,inf,inf,inf,inf,inf,inf,inf,inf,inf,inf,inf,inf,inf,inf,inf,inf,3.74399995803833,3.74399995803833,3.74399995803833,3.74399995803833,3.74399995803833,3.74399995803833,3.74399995803833,3.74399995803833,3.74399995803833,3.747999906539917,3.747999906539917,3.747999906539917,2.940000057220459,2.940000057220459,2.868000030517578,2.868000030517578,2.868000030517578,2.7960000038146973,2.7279999256134033,2.6600000858306885,2.615999937057495,2.5759999752044678,2.5199999809265137,2.4639999866485596,2.4119999408721924,2.368000030517578,2.368000030517578,2.3320000171661377,2.303999900817871,2.200000047683716,2.200000047683716,2.1760001182556152,2.128000020980835,2.0999999046325684,2.0799999237060547,2.049999952316284,2.049999952316284,2.0,2.0,1.9880000352859497,1.9739999771118164,1.9579999446868896,1.944000005722046,1.9259999990463257,1.9040000438690186,1.878000020980835,1.8519999980926514,1.8519999980926514,1.8259999752044678,1.7979999780654907,1.777999997138977,1.75600004196167,1.7300000190734863,1.7120000123977661,1.6920000314712524,1.6660000085830688,1.6480000019073486,1.6480000019073486,1.5299999713897705,1.5080000162124634,1.5080000162124634,1.5,1.4880000352859497,1.4780000448226929,inf,inf,inf,inf,inf,1.4019999504089355,1.4019999504089355,1.4019999504089355,1.4019999504089355,1.4019999504089355,...,0.0,0.0,0.0,0.0,0.0,0.0,0.0,0.0,0.0,0.0,0.0,0.0,0.0,0.0,0.0,0.0,0.0,0.0,0.0,0.0,0.0,0.0,0.0,0.0,0.0,0.0,0.0,0.0,0.0,0.0,0.0,0.0,0.0,0.0,0.0,0.0,0.0,0.0,0.0,0.0,0.0,0.0,0.0,0.0,0.0,0.0,0.0,0.0,0.0,0.0,0.0,0.0,0.0,0.0,0.0,0.0,0.0,0.0,0.0,0.0,0.0,0.0,0.0,0.0,0.0,0.0,0.0,0.0,0.0,0.0,0.0,0.0,0.0,0.0,0.0,0.0,0.0,0.0,0.0,0.0,0.0,0.0,0.0,0.0,0.0,0.0,0.0,0.0,0.0,0.0,0.0,0.0,0.0,0.0,0.0,0.0,0.0,0.0,0.0,0.0,0.0,0.0,0.0,0.0,0.0,0.0,0.0,0.0,0.0,0.0,0.0,0.0,0.0,0.0,0.0,0.0,0.0,0.0,0.0,0.0,0.0,0.0,0.0,0.0,0.0,0.0,0.0,0.0,...
1763031580,572883206,laser,-3.1241390705108643,3.1415927410125732,0.0034828970674425364,5.6890952691901475e-05,0.10234683007001877,0.15000000596046448,16.0,inf,inf,inf,inf,inf,inf,inf,inf,inf,inf,inf,inf,inf,inf,inf,inf,inf,inf,inf,inf,inf,inf,inf,inf,inf,inf,inf,inf,inf,inf,inf,inf,inf,inf,inf,inf,inf,inf,inf,inf,inf,inf,inf,inf,inf,inf,inf,inf,inf,inf,inf,3.871999979019165,3.871999979019165,3.871999979019165,3.871999979019165,3.871999979019165,3.7799999713897705,3.7799999713897705,3.7799999713897705,3.740000009536743,3.7360000610351562,3.740000009536743,3.74399995803833,3.74399995803833,3.747999906539917,3.747999906539917,3.747999906539917,2.931999921798706,2.931999921798706,2.864000082015991,2.864000082015991,2.7960000038146973,2.7279999256134033,2.6600000858306885,2.615999937057495,2.563999891281128,2.563999891281128,2.51200008392334,2.4639999866485596,2.4119999408721924,2.364000082015991,2.319999933242798,2.2920000553131104,2.180000066757202,2.180000066757202,2.180000066757202,2.131999969482422,2.1040000915527344,2.1040000915527344,2.072000026702881,2.0399999618530273,2.00600004196167,1.968000054359436,1.940000057220459,1.9079999923706055,1.8839999437332153,1.8700000047683716,1.8539999723434448,1.843999981880188,1.843999981880188,1.8359999656677246,1.8240000009536743,1.809999942779541,1.7940000295639038,1.7760000228881836,1.753999948501587,1.7300000190734863,1.7120000123977661,1.6920000314712524,1.6920000314712524,1.6679999828338623,1.6480000019073486,1.6180000305175781,1.5080000162124634,1.5080000162124634,1.496000051498413,1.4839999675750732,inf,inf,inf,inf,inf,inf,1.4019999504089355,1.4019999504089355,1.4019999504089355,1.4019999504089355,1.4019999504089355,...,0.0,0.0,0.0,0.0,0.0,0.0,0.0,0.0,0.0,0.0,0.0,0.0,0.0,0.0,0.0,0.0,0.0,0.0,0.0,0.0,0.0,0.0,0.0,0.0,0.0,0.0,0.0,0.0,0.0,0.0,0.0,0.0,0.0,0.0,0.0,0.0,0.0,0.0,0.0,0.0,0.0,0.0,0.0,0.0,0.0,0.0,0.0,0.0,0.0,0.0,0.0,0.0,0.0,0.0,0.0,0.0,0.0,0.0,0.0,0.0,0.0,0.0,0.0,0.0,0.0,0.0,0.0,0.0,0.0,0.0,0.0,0.0,0.0,0.0,0.0,0.0,0.0,0.0,0.0,0.0,0.0,0.0,0.0,0.0,0.0,0.0,0.0,0.0,0.0,0.0,0.0,0.0,0.0,0.0,0.0,0.0,0.0,0.0,0.0,0.0,0.0,0.0,0.0,0.0,0.0,0.0,0.0,0.0,0.0,0.0,0.0,0.0,0.0,0.0,0.0,0.0,0.0,0.0,0.0,0.0,0.0,0.0,0.0,0.0,0.0,0.0,0.0,0.0,...
1763031580,676274197,laser,-3.1241390705108643,3.1415927410125732,0.0034828970674425364,5.407450953498483e-05,0.09728004038333893,0.15000000596046448,16.0,inf,inf,inf,inf,inf,inf,inf,inf,inf,inf,inf,inf,inf,inf,inf,inf,inf,inf,inf,inf,inf,inf,inf,inf,inf,inf,inf,inf,10.567999839782715,10.567999839782715,10.567999839782715,10.567999839782715,10.567999839782715,inf,inf,inf,inf,inf,inf,inf,inf,inf,inf,inf,inf,inf,inf,inf,inf,inf,inf,inf,3.875999927520752,3.875999927520752,3.875999927520752,3.875999927520752,3.875999927520752,3.7920000553131104,3.74399995803833,3.74399995803833,3.74399995803833,3.74399995803833,3.74399995803833,3.747999906539917,3.752000093460083,3.752000093460083,2.931999921798706,2.875999927520752,2.875999927520752,2.875999927520752,2.808000087738037,2.808000087738037,2.684000015258789,2.684000015258789,2.6519999504089355,2.5920000076293945,2.5360000133514404,2.4800000190734863,2.427999973297119,2.384000062942505,2.3320000171661377,2.2920000553131104,2.2360000610351562,2.2360000610351562,2.187999963760376,2.187999963760376,2.140000104904175,2.1040000915527344,2.0799999237060547,2.0480000972747803,2.007999897003174,1.9800000190734863,1.9520000219345093,1.9179999828338623,1.9179999828338623,1.8899999856948853,1.8639999628067017,1.8480000495910645,1.8300000429153442,1.8040000200271606,1.7920000553131104,1.7899999618530273,1.7879999876022339,1.7879999876022339,1.7760000228881836,1.753999948501587,1.7300000190734863,1.7120000123977661,1.694000005722046,1.6759999990463257,1.6540000438690186,1.6299999952316284,1.5160000324249268,1.5,1.5,1.5,1.4859999418258667,1.4759999513626099,inf,inf,inf,inf,1.4019999504089355,1.4019999504089355,1.4019999504089355,1.4019999504089355,1.4019999504089355,1.3940000534057617,...,0.0,0.0,0.0,0.0,0.0,0.0,0.0,0.0,0.0,0.0,0.0,0.0,0.0,0.0,0.0,0.0,0.0,0.0,0.0,0.0,0.0,0.0,0.0,0.0,0.0,0.0,0.0,0.0,0.0,0.0,0.0,0.0,0.0,0.0,0.0,0.0,0.0,0.0,0.0,0.0,0.0,0.0,0.0,0.0,0.0,0.0,0.0,0.0,0.0,0.0,0.0,0.0,0.0,0.0,0.0,0.0,0.0,0.0,0.0,0.0,0.0,0.0,0.0,0.0,0.0,0.0,0.0,0.0,0.0,0.0,0.0,0.0,0.0,0.0,0.0,0.0,0.0,0.0,0.0,0.0,0.0,0.0,0.0,0.0,0.0,0.0,0.0,0.0,0.0,0.0,47.0,47.0,47.0,47.0,47.0,0.0,0.0,0.0,0.0,0.0,0.0,0.0,0.0,0.0,0.0,0.0,0.0,0.0,0.0,0.0,0.0,0.0,0.0,0.0,0.0,0.0,0.0,0.0,0.0,0.0,0.0,0.0,0.0,0.0,0.0,0.0,47.0,47.0,...
1763031580,774942849,laser,-3.1241390705108643,3.1415927410125732,0.0034828970674425364,5.391298691392876e-05,0.0969894677400589,0.15000000596046448,16.0,inf,inf,inf,inf,inf,inf,inf,inf,inf,inf,inf,inf,inf,inf,inf,inf,inf,inf,inf,inf,inf,inf,inf,inf,inf,inf,inf,inf,inf,10.343999862670898,10.343999862670898,10.343999862670898,10.343999862670898,10.343999862670898,inf,inf,inf,inf,inf,inf,inf,inf,inf,inf,inf,inf,inf,inf,inf,inf,inf,inf,3.815999984741211,3.815999984741211,3.815999984741211,3.815999984741211,3.815999984741211,3.75600004196167,3.75600004196167,3.747999906539917,3.74399995803833,3.74399995803833,3.740000009536743,3.74399995803833,3.747999906539917,3.752000093460083,2.888000011444092,2.888000011444092,2.888000011444092,2.888000011444092,2.828000068664551,2.7639999389648438,2.7119998931884766,2.6519999504089355,2.5999999046325684,2.5999999046325684,2.5480000972747803,2.492000102996826,2.447999954223633,2.3919999599456787,2.3480000495910645,2.2760000228881836,2.2760000228881836,2.25600004196167,2.2039999961853027,2.1640000343322754,2.124000072479248,2.124000072479248,2.0840001106262207,2.055999994277954,2.0280001163482666,2.002000093460083,1.9819999933242798,1.9639999866485596,1.9520000219345093,1.940000057220459,1.940000057220459,1.9279999732971191,1.909999966621399,1.8880000114440918,1.8619999885559082,1.840000033378601,1.8179999589920044,1.7920000553131104,1.7680000066757202,1.7480000257492065,1.7300000190734863,1.7079999446868896,1.7079999446868896,1.6859999895095825,1.6640000343322754,1.6440000534057617,1.5180000066757202,1.50600004196167,1.50600004196167,1.496000051498413,1.4859999418258667,inf,1.4359999895095825,1.4359999895095825,1.4359999895095825,1.4359999895095825,1.4359999895095825,1.4140000343322754,1.4140000343322754,1.4140000343322754,1.4019999504089355,1.4019999504089355,...,0.0,0.0,0.0,0.0,0.0,0.0,0.0,0.0,0.0,0.0,0.0,0.0,0.0,0.0,0.0,0.0,0.0,0.0,0.0,0.0,0.0,0.0,0.0,0.0,0.0,0.0,0.0,0.0,0.0,0.0,0.0,0.0,0.0,0.0,0.0,0.0,0.0,0.0,0.0,0.0,0.0,0.0,0.0,0.0,0.0,0.0,0.0,0.0,0.0,0.0,0.0,0.0,0.0,0.0,0.0,0.0,0.0,0.0,0.0,0.0,0.0,0.0,0.0,0.0,0.0,0.0,0.0,0.0,0.0,0.0,0.0,0.0,0.0,0.0,0.0,0.0,0.0,0.0,0.0,0.0,0.0,0.0,0.0,0.0,0.0,0.0,0.0,0.0,0.0,0.0,0.0,0.0,0.0,0.0,0.0,0.0,0.0,0.0,0.0,0.0,0.0,0.0,0.0,0.0,0.0,0.0,0.0,0.0,0.0,0.0,0.0,0.0,0.0,0.0,0.0,0.0,0.0,0.0,0.0,0.0,0.0,0.0,0.0,0.0,0.0,0.0,0.0,0.0,...
1763031580,873604689,laser,-3.1241390705108643,3.1415927410125732,0.0034828970674425364,5.700168912881054e-05,0.10254604369401932,0.15000000596046448,16.0,inf,inf,inf,inf,inf,inf,inf,inf,inf,inf,inf,inf,inf,inf,inf,inf,inf,inf,inf,inf,inf,inf,inf,inf,inf,inf,inf,inf,inf,10.359999656677246,10.359999656677246,10.359999656677246,10.359999656677246,10.359999656677246,inf,inf,inf,inf,inf,inf,inf,inf,inf,inf,inf,inf,inf,inf,inf,inf,inf,3.992000102996826,3.992000102996826,3.992000102996826,3.992000102996826,3.992000102996826,3.8959999084472656,3.8959999084472656,3.803999900817871,3.74399995803833,3.74399995803833,3.74399995803833,3.740000009536743,3.747999906539917,3.747999906539917,3.747999906539917,3.747999906539917,2.931999921798706,2.931999921798706,2.931999921798706,2.875999927520752,2.808000087738037,2.74399995803833,2.680000066757202,2.631999969482422,2.5920000076293945,2.5239999294281006,2.4760000705718994,2.427999973297119,2.371999979019165,2.371999979019165,2.3320000171661377,2.2920000553131104,2.24399995803833,2.2160000801086426,2.187999963760376,2.1440000534057617,2.1080000400543213,2.0799999237060547,2.055999994277954,2.055999994277954,2.003999948501587,2.003999948501587,1.9900000095367432,1.9800000190734863,1.965999960899353,1.9520000219345093,1.934000015258789,1.9119999408721924,1.8839999437332153,1.8580000400543213,1.8339999914169312,1.8339999914169312,1.809999942779541,1.7879999876022339,1.7660000324249268,1.7400000095367432,1.718000054359436,1.6959999799728394,1.6779999732971191,1.6579999923706055,1.5099999904632568,1.5,1.5,1.5,1.4859999418258667,1.4859999418258667,1.4759999513626099,inf,inf,inf,inf,inf,inf,1.3980000019073486,1.3980000019073486,1.3980000019073486,1.3980000019073486,...,0.0,0.0,0.0,0.0,0.0,0.0,0.0,0.0,0.0,0.0,0.0,0.0,0.0,0.0,0.0,0.0,0.0,0.0,0.0,0.0,0.0,0.0,0.0,0.0,0.0,0.0,0.0,0.0,0.0,0.0,0.0,0.0,0.0,0.0,0.0,0.0,0.0,0.0,0.0,0.0,0.0,0.0,0.0,0.0,0.0,0.0,0.0,0.0,0.0,0.0,0.0,0.0,0.0,0.0,0.0,0.0,0.0,0.0,0.0,0.0,0.0,0.0,0.0,0.0,0.0,0.0,0.0,0.0,0.0,0.0,0.0,0.0,0.0,0.0,0.0,0.0,0.0,0.0,0.0,0.0,0.0,0.0,0.0,0.0,0.0,0.0,0.0,0.0,0.0,0.0,0.0,0.0,0.0,0.0,0.0,0.0,0.0,0.0,0.0,0.0,0.0,0.0,0.0,0.0,0.0,0.0,0.0,0.0,0.0,0.0,0.0,0.0,0.0,0.0,0.0,0.0,0.0,0.0,0.0,0.0,0.0,0.0,0.0,0.0,47.0,47.0,47.0,47.0,...
1763031580,977402817,laser,-3.1241390705108643,3.1415927410125732,0.0034828970674425364,5.395275366026908e-05,0.09706100076436996,0.15000000596046448,16.0,inf,inf,inf,inf,inf,inf,inf,inf,inf,inf,inf,inf,inf,inf,inf,inf,inf,inf,inf,inf,inf,inf,inf,inf,inf,inf,inf,inf,10.423999786376953,10.423999786376953,10.423999786376953,10.423999786376953,10.423999786376953,inf,inf,inf,inf,inf,inf,inf,inf,inf,inf,inf,inf,inf,inf,inf,inf,inf,3.8959999084472656,3.8959999084472656,3.8959999084472656,3.8959999084472656,3.8959999084472656,3.808000087738037,3.808000087738037,3.808000087738037,3.747999906539917,3.74399995803833,3.74399995803833,3.74399995803833,3.74399995803833,3.747999906539917,3.747999906539917,3.752000093460083,2.875999927520752,2.875999927520752,2.815999984741211,2.815999984741211,2.815999984741211,2.752000093460083,2.752000093460083,2.6440000534057617,2.6440000534057617,2.5920000076293945,2.5399999618530273,2.492000102996826,2.431999921798706,2.375999927520752,2.3320000171661377,2.2920000553131104,2.252000093460083,2.252000093460083,2.196000099182129,2.196000099182129,2.1640000343322754,2.119999885559082,2.0799999237060547,2.055999994277954,2.0199999809265137,1.9859999418258667,1.9559999704360962,1.9259999990463257,1.9019999504089355,1.9019999504089355,1.8739999532699585,1.8580000400543213,1.843999981880188,1.8179999589920044,1.809999942779541,1.805999994277954,1.7979999780654907,1.784000039100647,1.784000039100647,1.7619999647140503,1.7380000352859497,1.715999960899353,1.6979999542236328,1.6799999475479126,1.6619999408721924,1.6399999856948853,1.5260000228881836,1.5260000228881836,1.50600004196167,1.4900000095367432,1.4900000095367432,1.4800000190734863,inf,inf,inf,inf,inf,1.399999976158142,1.399999976158142,1.399999976158142,1.399999976158142,1.399999976158142,...,0.0,0.0,0.0,0.0,0.0,0.0,0.0,0.0,0.0,0.0,0.0,0.0,0.0,0.0,0.0,0.0,0.0,0.0,47.0,47.0,47.0,47.0,47.0,0.0,0.0,0.0,0.0,0.0,0.0,0.0,0.0,0.0,0.0,0.0,0.0,0.0,0.0,0.0,0.0,0.0,0.0,0.0,0.0,0.0,0.0,0.0,0.0,0.0,0.0,0.0,0.0,0.0,0.0,0.0,0.0,0.0,0.0,0.0,0.0,0.0,0.0,0.0,0.0,0.0,0.0,0.0,0.0,0.0,0.0,0.0,0.0,0.0,0.0,0.0,0.0,0.0,0.0,0.0,0.0,0.0,0.0,0.0,0.0,0.0,0.0,0.0,0.0,0.0,0.0,0.0,0.0,0.0,0.0,0.0,0.0,0.0,0.0,0.0,0.0,0.0,0.0,0.0,0.0,0.0,0.0,0.0,0.0,0.0,0.0,0.0,0.0,0.0,0.0,0.0,0.0,0.0,0.0,0.0,0.0,0.0,0.0,0.0,0.0,0.0,47.0,47.0,47.0,47.0,...
1763031581,76090400,laser,-3.1241390705108643,3.1415927410125732,0.0034828970674425364,5.370614962885156e-05,0.09661736339330673,0.15000000596046448,16.0,inf,inf,inf,inf,inf,inf,inf,inf,inf,inf,inf,inf,inf,inf,inf,inf,inf,inf,inf,inf,inf,inf,inf,inf,inf,inf,inf,10.359999656677246,10.359999656677246,10.359999656677246,10.359999656677246,10.359999656677246,inf,inf,inf,inf,inf,inf,inf,inf,inf,inf,inf,inf,inf,inf,inf,inf,inf,inf,inf,inf,inf,inf,3.759999990463257,3.759999990463257,3.759999990463257,3.759999990463257,3.759999990463257,3.74399995803833,3.7360000610351562,3.7360000610351562,3.74399995803833,3.74399995803833,3.752000093460083,3.747999906539917,2.8919999599456787,2.8919999599456787,2.8919999599456787,2.8320000171661377,2.8320000171661377,2.7799999713897705,2.7200000286102295,2.671999931335449,2.615999937057495,2.555999994277954,2.555999994277954,2.507999897003174,2.384000062942505,2.384000062942505,2.3559999465942383,2.319999933242798,2.2920000553131104,2.171999931335449,2.171999931335449,2.1640000343322754,2.135999917984009,2.1080000400543213,2.1080000400543213,2.068000078201294,2.0280001163482666,1.996000051498413,1.968000054359436,1.940000057220459,1.909999966621399,1.8819999694824219,1.8580000400543213,1.8320000171661377,1.809999942779541,1.7979999780654907,1.7979999780654907,1.7879999876022339,1.784000039100647,1.7799999713897705,1.7640000581741333,1.746000051498413,1.7280000448226929,1.7120000123977661,1.694000005722046,1.6679999828338623,1.6679999828338623,1.6460000276565552,1.6139999628067017,1.5080000162124634,1.5080000162124634,1.49399995803833,1.4819999933242798,inf,inf,inf,inf,inf,inf,1.4019999504089355,1.4019999504089355,1.4019999504089355,1.4019999504089355,1.4019999504089355,...,0.0,0.0,0.0,0.0,0.0,0.0,0.0,0.0,0.0,0.0,0.0,0.0,0.0,0.0,0.0,0.0,0.0,0.0,0.0,0.0,0.0,0.0,0.0,0.0,0.0,0.0,0.0,0.0,0.0,0.0,0.0,0.0,0.0,0.0,0.0,0.0,0.0,0.0,0.0,0.0,0.0,0.0,0.0,0.0,0.0,0.0,0.0,0.0,0.0,0.0,0.0,0.0,0.0,0.0,0.0,0.0,0.0,0.0,0.0,0.0,0.0,0.0,0.0,0.0,0.0,0.0,0.0,0.0,0.0,47.0,47.0,47.0,47.0,47.0,0.0,0.0,0.0,0.0,0.0,0.0,0.0,0.0,0.0,0.0,0.0,0.0,0.0,0.0,0.0,0.0,0.0,0.0,0.0,0.0,0.0,0.0,0.0,0.0,0.0,0.0,0.0,0.0,0.0,0.0,0.0,0.0,0.0,47.0,47.0,47.0,47.0,47.0,0.0,0.0,0.0,0.0,0.0,0.0,0.0,0.0,0.0,0.0,0.0,0.0,0.0,0.0,47.0,47.0,...
1763031581,174486626,laser,-3.1241390705108643,3.1415927410125732,0.0034828970674425364,5.7031167671084404e-05,0.10259906947612762,0.15000000596046448,16.0,inf,inf,inf,inf,inf,inf,inf,inf,inf,inf,inf,inf,inf,inf,inf,inf,inf,inf,inf,inf,inf,inf,inf,inf,inf,inf,inf,inf,10.496000289916992,10.496000289916992,10.496000289916992,10.496000289916992,10.496000289916992,inf,inf,inf,inf,inf,inf,inf,inf,inf,inf,inf,inf,inf,inf,inf,inf,inf,inf,inf,inf,3.803999900817871,3.803999900817871,3.803999900817871,3.803999900817871,3.803999900817871,3.752000093460083,3.752000093460083,3.747999906539917,3.74399995803833,3.740000009536743,3.74399995803833,3.747999906539917,3.752000093460083,3.752000093460083,2.875999927520752,2.815999984741211,2.815999984741211,2.815999984741211,2.815999984741211,2.747999906539917,2.691999912261963,2.640000104904175,2.5880000591278076,2.5439999103546143,2.48799991607666,2.431999921798706,2.375999927520752,2.3320000171661377,2.2920000553131104,2.2920000553131104,2.25600004196167,2.2320001125335693,2.200000047683716,2.1519999504089355,2.1080000400543213,2.0799999237060547,2.055999994277954,2.0260000228881836,2.0,1.9739999771118164,1.9459999799728394,1.9459999799728394,1.9299999475479126,1.9220000505447388,1.9140000343322754,1.899999976158142,1.8799999952316284,1.8580000400543213,1.8380000591278076,1.8140000104904175,1.7899999618530273,1.7899999618530273,1.7660000324249268,1.74399995803833,1.7259999513626099,1.7059999704360962,1.684000015258789,1.6640000343322754,1.6399999856948853,1.5140000581741333,1.5140000581741333,1.50600004196167,1.4919999837875366,1.4819999933242798,1.4819999933242798,inf,1.4359999895095825,1.4359999895095825,1.4359999895095825,1.4359999895095825,1.4359999895095825,1.4119999408721924,1.4119999408721924,1.4119999408721924,1.4119999408721924,...,0.0,0.0,0.0,0.0,0.0,0.0,0.0,0.0,0.0,0.0,0.0,0.0,0.0,0.0,0.0,0.0,0.0,0.0,0.0,0.0,0.0,0.0,0.0,0.0,0.0,0.0,0.0,0.0,0.0,0.0,0.0,0.0,0.0,0.0,0.0,0.0,0.0,0.0,0.0,0.0,0.0,0.0,0.0,0.0,0.0,0.0,0.0,0.0,0.0,0.0,0.0,0.0,0.0,0.0,0.0,0.0,0.0,0.0,0.0,0.0,0.0,0.0,0.0,0.0,0.0,0.0,0.0,0.0,0.0,0.0,0.0,0.0,0.0,0.0,0.0,0.0,0.0,0.0,0.0,0.0,0.0,0.0,0.0,0.0,0.0,0.0,0.0,0.0,0.0,0.0,47.0,47.0,47.0,47.0,47.0,0.0,0.0,0.0,0.0,0.0,0.0,0.0,0.0,0.0,0.0,0.0,0.0,0.0,0.0,0.0,0.0,0.0,0.0,0.0,0.0,0.0,0.0,0.0,0.0,0.0,0.0,0.0,0.0,0.0,0.0,0.0,0.0,0.0,...
1763031581,278188737,laser,-3.1241390705108643,3.1415927410125732,0.0034828970674425364,5.404650073614903e-05,0.09722965210676193,0.15000000596046448,16.0,inf,inf,inf,inf,inf,inf,inf,inf,inf,inf,inf,inf,inf,inf,inf,inf,inf,inf,inf,inf,inf,inf,inf,inf,inf,inf,inf,10.336000442504883,10.336000442504883,10.336000442504883,10.336000442504883,10.336000442504883,inf,inf,inf,inf,inf,inf,inf,inf,inf,inf,inf,inf,inf,inf,inf,inf,inf,inf,inf,inf,inf,3.7760000228881836,3.7760000228881836,3.7760000228881836,3.7760000228881836,3.7760000228881836,3.7360000610351562,3.7360000610351562,3.7279999256134033,3.740000009536743,3.747999906539917,3.752000093460083,3.752000093460083,3.752000093460083,2.9040000438690186,2.8480000495910645,2.8480000495910645,2.8480000495910645,2.8480000495910645,2.7839999198913574,2.7200000286102295,2.6559998989105225,2.5999999046325684,2.552000045776367,2.48799991607666,2.447999954223633,2.4040000438690186,2.3559999465942383,2.3559999465942383,2.315999984741211,2.2920000553131104,2.184000015258789,2.1679999828338623,2.1679999828338623,2.135999917984009,2.1080000400543213,2.0759999752044678,2.0759999752044678,2.0199999809265137,2.0199999809265137,1.996000051498413,1.9880000352859497,1.9780000448226929,1.9600000381469727,1.9420000314712524,1.9220000505447388,1.9220000505447388,1.899999976158142,1.8739999532699585,1.8480000495910645,1.8240000009536743,1.7979999780654907,1.7740000486373901,1.75,1.7280000448226929,1.7079999446868896,1.6859999895095825,1.6640000343322754,1.6640000343322754,1.6460000276565552,1.5219999551773071,1.5219999551773071,1.5080000162124634,1.4980000257492065,1.4859999418258667,inf,inf,inf,inf,inf,1.4019999504089355,1.4019999504089355,1.4019999504089355,1.4019999504089355,1.4019999504089355,1.3899999856948853,...,0.0,0.0,0.0,0.0,0.0,0.0,0.0,0.0,0.0,0.0,0.0,0.0,0.0,0.0,0.0,0.0,0.0,0.0,0.0,0.0,0.0,0.0,0.0,0.0,0.0,0.0,0.0,0.0,0.0,0.0,0.0,0.0,0.0,0.0,0.0,0.0,0.0,0.0,0.0,0.0,0.0,0.0,0.0,0.0,0.0,0.0,0.0,0.0,0.0,0.0,0.0,0.0,0.0,0.0,0.0,0.0,0.0,0.0,0.0,0.0,0.0,0.0,0.0,0.0,0.0,0.0,0.0,0.0,0.0,0.0,0.0,0.0,0.0,0.0,0.0,0.0,0.0,0.0,0.0,0.0,0.0,0.0,0.0,0.0,0.0,0.0,0.0,0.0,0.0,0.0,0.0,0.0,0.0,0.0,0.0,0.0,0.0,0.0,0.0,0.0,0.0,0.0,0.0,0.0,0.0,0.0,0.0,0.0,0.0,0.0,0.0,0.0,0.0,0.0,0.0,0.0,0.0,0.0,0.0,0.0,0.0,0.0,0.0,0.0,0.0,0.0,47.0,47.0,...
1763031581,377025596,laser,-3.1241390705108643,3.1415927410125732,0.0034828970674425364,5.372903251554817e-05,0.09665852785110474,0.15000000596046448,16.0,inf,inf,inf,inf,inf,inf,inf,inf,inf,inf,inf,inf,inf,inf,inf,inf,inf,inf,inf,inf,inf,inf,inf,inf,inf,inf,10.552000045776367,10.552000045776367,10.552000045776367,10.552000045776367,10.552000045776367,inf,inf,inf,inf,inf,inf,inf,inf,inf,inf,inf,inf,inf,inf,inf,inf,inf,inf,3.996000051498413,3.996000051498413,3.996000051498413,3.996000051498413,3.996000051498413,3.884000062942505,3.884000062942505,3.884000062942505,3.7920000553131104,3.74399995803833,3.74399995803833,3.7320001125335693,3.7320001125335693,3.74399995803833,3.74399995803833,3.747999906539917,3.747999906539917,3.747999906539917,2.880000114440918,2.880000114440918,2.880000114440918,2.880000114440918,2.812000036239624,2.7360000610351562,2.680000066757202,2.640000104904175,2.5880000591278076,2.5360000133514404,2.48799991607666,2.431999921798706,2.375999927520752,2.3320000171661377,2.2960000038146973,2.2960000038146973,2.2360000610351562,2.2119998931884766,2.191999912261963,2.1440000534057617,2.1040000915527344,2.0799999237060547,2.052000045776367,2.01200008392334,1.9839999675750732,1.9620000123977661,1.9299999475479126,1.9299999475479126,1.9040000438690186,1.8839999437332153,1.8700000047683716,1.8619999885559082,1.8480000495910645,1.8339999914169312,1.8200000524520874,1.7979999780654907,1.7979999780654907,1.7799999713897705,1.7599999904632568,1.7339999675750732,1.7139999866485596,1.6979999542236328,1.6799999475479126,1.659999966621399,1.6339999437332153,1.5119999647140503,1.4980000257492065,1.4980000257492065,1.4839999675750732,1.4839999675750732,1.4759999513626099,inf,inf,inf,inf,1.4119999408721924,1.4119999408721924,1.4119999408721924,1.4119999408721924,1.4119999408721924,1.399999976158142,...,0.0,0.0,0.0,0.0,0.0,0.0,0.0,0.0,0.0,0.0,0.0,0.0,0.0,0.0,0.0,0.0,0.0,0.0,0.0,0.0,47.0,47.0,47.0,47.0,47.0,0.0,0.0,0.0,0.0,0.0,0.0,0.0,0.0,0.0,0.0,0.0,0.0,0.0,0.0,0.0,0.0,0.0,0.0,0.0,0.0,0.0,0.0,0.0,0.0,0.0,0.0,0.0,0.0,0.0,0.0,0.0,0.0,0.0,0.0,0.0,0.0,0.0,0.0,0.0,0.0,0.0,0.0,0.0,0.0,0.0,0.0,0.0,0.0,0.0,0.0,0.0,0.0,0.0,0.0,0.0,0.0,0.0,0.0,0.0,0.0,0.0,0.0,0.0,0.0,0.0,0.0,0.0,0.0,0.0,0.0,0.0,0.0,0.0,0.0,0.0,0.0,0.0,0.0,0.0,0.0,0.0,0.0,0.0,0.0,0.0,0.0,0.0,0.0,0.0,0.0,0.0,0.0,0.0,0.0,0.0,0.0,0.0,0.0,0.0,0.0,0.0,0.0,0.0,...
1763031581,475459206,laser,-3.1241390705108643,3.1415927410125732,0.0034828970674425364,5.701046029571444e-05,0.102561816573143,0.15000000596046448,16.0,inf,inf,inf,inf,inf,inf,inf,inf,inf,inf,inf,inf,inf,inf,inf,inf,inf,inf,inf,inf,inf,inf,inf,inf,inf,inf,inf,inf,inf,inf,inf,inf,inf,inf,inf,inf,inf,inf,inf,inf,inf,inf,inf,inf,inf,inf,inf,inf,inf,inf,inf,3.7799999713897705,3.7799999713897705,3.7799999713897705,3.7799999713897705,3.7799999713897705,3.74399995803833,3.74399995803833,3.74399995803833,3.74399995803833,3.7360000610351562,3.740000009536743,3.747999906539917,3.747999906539917,3.747999906539917,3.747999906539917,3.747999906539917,2.940000057220459,2.940000057220459,2.940000057220459,2.864000082015991,2.799999952316284,2.7360000610351562,2.680000066757202,2.635999917984009,2.5840001106262207,2.5360000133514404,2.4079999923706055,2.4079999923706055,2.364000082015991,2.364000082015991,2.3320000171661377,2.303999900817871,2.200000047683716,2.200000047683716,2.184000015258789,2.135999917984009,2.1040000915527344,2.0799999237060547,2.052000045776367,2.052000045776367,2.009999990463257,1.9759999513626099,1.9500000476837158,1.9160000085830688,1.8899999856948853,1.8600000143051147,1.8359999656677246,1.8220000267028809,1.7960000038146973,1.7799999713897705,1.7799999713897705,1.7760000228881836,1.7760000228881836,1.7660000324249268,1.746000051498413,1.7319999933242798,1.718000054359436,1.6979999542236328,1.6720000505447388,1.6720000505447388,1.6480000019073486,1.6260000467300415,1.5199999809265137,1.5199999809265137,1.5019999742507935,1.4839999675750732,inf,inf,inf,inf,1.406000018119812,1.406000018119812,1.406000018119812,1.406000018119812,1.406000018119812,1.3899999856948853,1.3899999856948853,...,0.0,0.0,0.0,0.0,0.0,0.0,0.0,0.0,0.0,0.0,0.0,0.0,0.0,0.0,0.0,0.0,0.0,0.0,0.0,0.0,0.0,0.0,0.0,0.0,0.0,0.0,0.0,0.0,0.0,0.0,0.0,0.0,0.0,0.0,0.0,0.0,0.0,0.0,0.0,0.0,0.0,0.0,0.0,0.0,0.0,0.0,0.0,0.0,0.0,0.0,0.0,0.0,0.0,0.0,0.0,0.0,0.0,0.0,0.0,0.0,0.0,0.0,0.0,0.0,0.0,0.0,0.0,0.0,0.0,0.0,0.0,0.0,0.0,0.0,0.0,0.0,0.0,0.0,0.0,0.0,0.0,0.0,0.0,0.0,0.0,0.0,0.0,0.0,0.0,0.0,0.0,0.0,0.0,0.0,0.0,0.0,0.0,0.0,0.0,0.0,0.0,0.0,0.0,0.0,0.0,0.0,0.0,0.0,0.0,0.0,0.0,0.0,0.0,0.0,0.0,0.0,0.0,0.0,0.0,0.0,0.0,0.0,0.0,47.0,47.0,47.0,47.0,47.0,...
1763031581,579354484,laser,-3.1241390705108643,3.1415927410125732,0.0034828970674425364,5.3893632866675034e-05,0.09695465117692947,0.15000000596046448,16.0,inf,inf,inf,inf,inf,inf,inf,inf,inf,inf,inf,inf,inf,inf,inf,inf,inf,inf,inf,inf,inf,inf,inf,inf,inf,inf,inf,inf,10.303999900817871,10.303999900817871,10.303999900817871,10.303999900817871,10.303999900817871,inf,inf,inf,inf,inf,inf,inf,inf,inf,inf,inf,inf,inf,inf,inf,inf,inf,inf,inf,inf,3.759999990463257,3.759999990463257,3.759999990463257,3.759999990463257,3.759999990463257,3.74399995803833,3.74399995803833,3.7360000610351562,3.7360000610351562,3.74399995803833,3.752000093460083,3.752000093460083,3.752000093460083,2.8919999599456787,2.8919999599456787,2.8359999656677246,2.8359999656677246,2.8359999656677246,2.7920000553131104,2.6440000534057617,2.6440000534057617,2.615999937057495,2.5,2.5,2.5,2.3959999084472656,2.3959999084472656,2.3519999980926514,2.2960000038146973,2.2799999713897705,2.187999963760376,2.171999931335449,2.171999931335449,2.128000020980835,2.0959999561309814,2.0959999561309814,2.062000036239624,2.0339999198913574,2.007999897003174,1.9780000448226929,1.9500000476837158,1.9240000247955322,1.9079999923706055,1.899999976158142,1.899999976158142,1.8919999599456787,1.8799999952316284,1.8660000562667847,1.8420000076293945,1.8220000267028809,1.7940000295639038,1.7680000066757202,1.7480000257492065,1.7280000448226929,1.7079999446868896,1.7079999446868896,1.6859999895095825,1.6640000343322754,1.6460000276565552,1.5160000324249268,1.5160000324249268,1.5119999647140503,1.5,1.4859999418258667,inf,inf,inf,inf,inf,1.4160000085830688,1.4160000085830688,1.4160000085830688,1.4160000085830688,1.4160000085830688,1.4040000438690186,...,0.0,0.0,0.0,0.0,0.0,0.0,0.0,0.0,0.0,0.0,0.0,0.0,0.0,0.0,0.0,0.0,0.0,0.0,0.0,0.0,0.0,0.0,0.0,0.0,0.0,0.0,0.0,0.0,0.0,0.0,0.0,0.0,0.0,0.0,0.0,0.0,0.0,0.0,0.0,0.0,0.0,0.0,0.0,0.0,0.0,0.0,0.0,0.0,0.0,0.0,0.0,0.0,0.0,0.0,0.0,0.0,0.0,0.0,0.0,0.0,0.0,0.0,0.0,0.0,0.0,0.0,0.0,0.0,0.0,0.0,0.0,0.0,0.0,0.0,0.0,0.0,0.0,0.0,0.0,0.0,0.0,0.0,0.0,0.0,0.0,0.0,0.0,0.0,0.0,0.0,0.0,0.0,0.0,0.0,0.0,0.0,0.0,0.0,0.0,0.0,0.0,0.0,0.0,0.0,0.0,0.0,0.0,0.0,0.0,0.0,0.0,0.0,0.0,0.0,0.0,0.0,0.0,0.0,0.0,0.0,0.0,0.0,0.0,0.0,0.0,47.0,47.0,47.0,...
1763031581,677726648,laser,-3.1241390705108643,3.1415927410125732,0.0034828970674425364,5.3829160606255755e-05,0.09683866053819656,0.15000000596046448,16.0,inf,inf,inf,inf,inf,inf,inf,inf,inf,inf,inf,inf,inf,inf,inf,inf,inf,inf,inf,inf,inf,inf,inf,inf,inf,inf,10.527999877929688,10.527999877929688,10.527999877929688,10.527999877929688,10.527999877929688,inf,inf,inf,inf,inf,inf,inf,inf,inf,inf,inf,inf,inf,inf,inf,inf,inf,inf,inf,inf,inf,inf,inf,3.752000093460083,3.752000093460083,3.752000093460083,3.752000093460083,3.752000093460083,3.740000009536743,3.740000009536743,3.7360000610351562,3.7360000610351562,3.74399995803833,3.747999906539917,3.752000093460083,2.880000114440918,2.880000114440918,2.880000114440918,2.819999933242798,2.819999933242798,2.75600004196167,2.75600004196167,2.6440000534057617,2.6440000534057617,2.5959999561309814,2.5399999618530273,2.4800000190734863,2.431999921798706,2.380000114440918,2.3359999656677246,2.2960000038146973,2.259999990463257,2.259999990463257,2.2360000610351562,2.2039999961853027,2.1600000858306885,2.124000072479248,2.0920000076293945,2.052000045776367,2.0339999198913574,2.0299999713897705,2.0220000743865967,2.003999948501587,1.9859999418258667,1.9859999418258667,1.9600000381469727,1.9359999895095825,1.9160000085830688,1.8880000114440918,1.8619999885559082,1.8359999656677246,1.809999942779541,1.7899999618530273,1.7899999618530273,1.7680000066757202,1.7480000257492065,1.7239999771118164,1.7039999961853027,1.684000015258789,1.6640000343322754,1.5160000324249268,1.5019999742507935,1.5019999742507935,1.5019999742507935,1.4880000352859497,1.4819999933242798,1.4819999933242798,1.4780000448226929,1.4739999771118164,1.4119999408721924,1.4119999408721924,1.4119999408721924,1.4119999408721924,1.4119999408721924,1.399999976158142,1.399999976158142,1.399999976158142,...,0.0,0.0,0.0,0.0,0.0,0.0,0.0,0.0,0.0,0.0,0.0,0.0,0.0,0.0,0.0,0.0,0.0,0.0,0.0,0.0,0.0,0.0,0.0,0.0,0.0,0.0,0.0,0.0,0.0,0.0,0.0,0.0,0.0,0.0,0.0,0.0,0.0,0.0,0.0,0.0,0.0,0.0,0.0,0.0,0.0,0.0,0.0,0.0,0.0,0.0,0.0,0.0,0.0,0.0,0.0,0.0,0.0,0.0,0.0,0.0,0.0,0.0,0.0,0.0,0.0,0.0,0.0,0.0,0.0,0.0,0.0,0.0,0.0,0.0,0.0,0.0,0.0,0.0,0.0,0.0,0.0,0.0,0.0,0.0,0.0,0.0,0.0,0.0,0.0,0.0,0.0,47.0,47.0,47.0,47.0,47.0,0.0,0.0,0.0,0.0,0.0,0.0,0.0,0.0,0.0,0.0,0.0,0.0,0.0,0.0,0.0,0.0,0.0,0.0,0.0,0.0,0.0,0.0,0.0,0.0,0.0,0.0,0.0,47.0,47.0,47.0,47.0,47.0,...
1763031581,776272550,laser,-3.1241390705108643,3.1415927410125732,0.0034828970674425364,5.3672134527005255e-05,0.0965561643242836,0.15000000596046448,16.0,inf,inf,inf,inf,inf,inf,inf,inf,inf,inf,inf,inf,inf,inf,inf,inf,inf,inf,inf,inf,inf,inf,inf,inf,inf,inf,inf,inf,inf,inf,inf,inf,inf,inf,inf,inf,inf,inf,inf,inf,inf,inf,inf,inf,inf,inf,inf,inf,inf,inf,inf,inf,3.759999990463257,3.759999990463257,3.759999990463257,3.759999990463257,3.759999990463257,3.740000009536743,3.740000009536743,3.740000009536743,3.7360000610351562,3.7360000610351562,3.74399995803833,3.74399995803833,3.752000093460083,3.752000093460083,2.8959999084472656,2.8959999084472656,2.8959999084472656,2.8959999084472656,2.8399999141693115,2.7920000553131104,2.6480000019073486,2.615999937057495,2.615999937057495,2.503999948501587,2.503999948501587,2.4519999027252197,2.4519999027252197,2.3959999084472656,2.3519999980926514,2.312000036239624,2.299999952316284,2.184000015258789,2.184000015258789,2.1640000343322754,2.119999885559082,2.119999885559082,2.0959999561309814,2.063999891281128,2.0320000648498535,2.00600004196167,1.9759999513626099,1.944000005722046,1.9040000438690186,1.8819999694824219,1.8700000047683716,1.8559999465942383,1.843999981880188,1.843999981880188,1.8380000591278076,1.8259999752044678,1.8140000104904175,1.7940000295639038,1.7680000066757202,1.7480000257492065,1.7280000448226929,1.7079999446868896,1.7079999446868896,1.6859999895095825,1.6640000343322754,1.6460000276565552,1.5119999647140503,1.496000051498413,1.496000051498413,1.496000051498413,1.4819999933242798,1.468000054359436,inf,inf,inf,1.3980000019073486,1.3980000019073486,1.3980000019073486,1.3980000019073486,1.3980000019073486,1.3839999437332153,1.3839999437332153,...,0.0,0.0,0.0,0.0,0.0,0.0,0.0,0.0,0.0,0.0,0.0,0.0,0.0,0.0,0.0,0.0,0.0,0.0,0.0,47.0,47.0,47.0,47.0,47.0,0.0,0.0,0.0,0.0,0.0,0.0,0.0,0.0,0.0,0.0,0.0,0.0,0.0,0.0,0.0,0.0,0.0,0.0,0.0,0.0,0.0,0.0,0.0,0.0,0.0,0.0,0.0,0.0,0.0,0.0,0.0,0.0,0.0,0.0,0.0,0.0,0.0,0.0,0.0,0.0,0.0,0.0,0.0,0.0,0.0,0.0,0.0,0.0,0.0,0.0,0.0,0.0,0.0,0.0,0.0,0.0,0.0,0.0,0.0,0.0,0.0,0.0,0.0,0.0,0.0,0.0,47.0,47.0,47.0,47.0,47.0,0.0,0.0,0.0,0.0,0.0,0.0,0.0,0.0,0.0,0.0,0.0,0.0,0.0,0.0,0.0,0.0,0.0,0.0,0.0,0.0,0.0,0.0,0.0,0.0,0.0,0.0,0.0,0.0,0.0,0.0,0.0,0.0,0.0,...
1763031581,874172981,laser,-3.1241390705108643,3.1415927410125732,0.0034828970674425364,5.7276381994597614e-05,0.10304021090269089,0.15000000596046448,16.0,inf,inf,inf,inf,inf,inf,inf,inf,inf,inf,inf,inf,inf,inf,inf,inf,inf,inf,inf,inf,inf,inf,inf,inf,inf,inf,inf,inf,inf,inf,inf,inf,inf,inf,inf,inf,inf,inf,inf,inf,inf,inf,inf,inf,inf,inf,inf,inf,inf,inf,inf,inf,inf,3.759999990463257,3.759999990463257,3.759999990463257,3.759999990463257,3.759999990463257,3.740000009536743,3.740000009536743,3.7360000610351562,3.740000009536743,3.74399995803833,3.74399995803833,3.74399995803833,3.747999906539917,3.74399995803833,2.9000000953674316,2.8399999141693115,2.8399999141693115,2.8399999141693115,2.7920000553131104,2.7279999256134033,2.6600000858306885,2.615999937057495,2.563999891281128,2.563999891281128,2.503999948501587,2.4519999027252197,2.3959999084472656,2.359999895095825,2.3239998817443848,2.2960000038146973,2.171999931335449,2.171999931335449,2.171999931335449,2.131999969482422,2.131999969482422,2.0999999046325684,2.068000078201294,2.0339999198913574,2.003999948501587,1.9700000286102295,1.9420000314712524,1.909999966621399,1.8819999694824219,1.8600000143051147,1.8320000171661377,1.8079999685287476,1.8079999685287476,1.7940000295639038,1.784000039100647,1.777999997138977,1.7760000228881836,1.7640000581741333,1.7480000257492065,1.7280000448226929,1.7100000381469727,1.7100000381469727,1.690000057220459,1.6679999828338623,1.6460000276565552,1.5099999904632568,1.5099999904632568,1.496000051498413,1.496000051498413,1.4819999933242798,inf,inf,inf,inf,inf,1.3980000019073486,1.3980000019073486,1.3980000019073486,1.3980000019073486,1.3980000019073486,1.3860000371932983,...,0.0,0.0,0.0,0.0,0.0,0.0,0.0,0.0,0.0,0.0,0.0,0.0,0.0,0.0,0.0,0.0,0.0,0.0,0.0,0.0,0.0,0.0,0.0,0.0,0.0,0.0,0.0,0.0,0.0,0.0,0.0,0.0,0.0,0.0,0.0,0.0,0.0,0.0,0.0,0.0,0.0,0.0,0.0,0.0,0.0,0.0,0.0,0.0,0.0,0.0,0.0,0.0,0.0,0.0,0.0,0.0,0.0,0.0,0.0,0.0,0.0,0.0,0.0,0.0,0.0,0.0,0.0,0.0,0.0,0.0,0.0,0.0,0.0,0.0,0.0,0.0,0.0,0.0,0.0,0.0,0.0,0.0,0.0,0.0,0.0,0.0,0.0,0.0,0.0,0.0,0.0,0.0,0.0,0.0,0.0,0.0,0.0,0.0,0.0,0.0,0.0,0.0,0.0,0.0,0.0,0.0,0.0,0.0,0.0,0.0,0.0,0.0,0.0,0.0,0.0,0.0,0.0,0.0,0.0,0.0,0.0,0.0,0.0,0.0,47.0,47.0,47.0,47.0,...
1763031581,978254200,laser,-3.1241390705108643,3.1415927410125732,0.0034828970674425364,5.404327384894714e-05,0.09722384810447693,0.15000000596046448,16.0,inf,inf,inf,inf,inf,inf,inf,inf,inf,inf,inf,inf,inf,inf,inf,inf,inf,inf,inf,inf,inf,inf,inf,inf,inf,inf,inf,inf,inf,inf,inf,inf,inf,inf,inf,inf,inf,inf,inf,inf,inf,inf,inf,inf,inf,inf,4.679999828338623,4.679999828338623,4.679999828338623,4.679999828338623,4.679999828338623,inf,inf,3.7839999198913574,3.7839999198913574,3.7839999198913574,3.7839999198913574,3.7839999198913574,3.740000009536743,3.740000009536743,3.7360000610351562,3.740000009536743,3.74399995803833,3.747999906539917,3.747999906539917,3.747999906539917,2.9159998893737793,2.859999895095825,2.859999895095825,2.859999895095825,2.859999895095825,2.7920000553131104,2.7279999256134033,2.6600000858306885,2.615999937057495,2.563999891281128,2.507999897003174,2.4639999866485596,2.4639999866485596,2.359999895095825,2.359999895095825,2.3239998817443848,2.299999952316284,2.184000015258789,2.184000015258789,2.184000015258789,2.131999969482422,2.1040000915527344,2.068000078201294,2.068000078201294,2.0139999389648438,2.0139999389648438,1.9880000352859497,1.9579999446868896,1.9359999895095825,1.9240000247955322,1.9160000085830688,1.9040000438690186,1.9040000438690186,1.8700000047683716,1.8700000047683716,1.8459999561309814,1.8240000009536743,1.7999999523162842,1.7719999551773071,1.7480000257492065,1.7280000448226929,1.7100000381469727,1.690000057220459,1.690000057220459,1.6679999828338623,1.6460000276565552,1.5219999551773071,1.5219999551773071,1.5099999904632568,1.5,1.4859999418258667,inf,inf,inf,inf,inf,1.3980000019073486,1.3980000019073486,1.3980000019073486,1.3980000019073486,1.3980000019073486,1.3860000371932983,...,0.0,0.0,0.0,0.0,0.0,0.0,0.0,0.0,0.0,0.0,0.0,0.0,0.0,0.0,0.0,0.0,0.0,0.0,0.0,0.0,0.0,0.0,0.0,0.0,0.0,0.0,0.0,0.0,0.0,0.0,0.0,0.0,0.0,0.0,0.0,0.0,0.0,0.0,0.0,0.0,0.0,0.0,0.0,0.0,0.0,0.0,0.0,0.0,0.0,0.0,0.0,0.0,0.0,0.0,0.0,0.0,0.0,0.0,0.0,0.0,0.0,0.0,0.0,0.0,0.0,0.0,0.0,0.0,0.0,0.0,0.0,0.0,0.0,0.0,0.0,0.0,0.0,0.0,0.0,0.0,0.0,0.0,0.0,0.0,0.0,0.0,0.0,0.0,0.0,0.0,0.0,47.0,47.0,47.0,47.0,47.0,0.0,0.0,0.0,0.0,0.0,0.0,0.0,0.0,0.0,0.0,0.0,0.0,0.0,0.0,0.0,0.0,0.0,0.0,0.0,0.0,0.0,0.0,0.0,0.0,0.0,0.0,0.0,47.0,47.0,47.0,47.0,47.0,...
1763031582,76457499,laser,-3.1241390705108643,3.1415927410125732,0.0034828970674425364,5.405460251495242e-05,0.09724423289299011,0.15000000596046448,16.0,inf,inf,inf,inf,inf,inf,inf,inf,inf,inf,inf,inf,inf,inf,inf,inf,inf,inf,inf,inf,inf,inf,inf,inf,inf,inf,inf,inf,inf,inf,inf,inf,inf,inf,inf,inf,inf,inf,inf,inf,inf,inf,inf,inf,inf,inf,inf,inf,inf,inf,inf,inf,inf,3.7799999713897705,3.7799999713897705,3.7799999713897705,3.7799999713897705,3.7799999713897705,3.740000009536743,3.740000009536743,3.7360000610351562,3.7360000610351562,3.74399995803833,3.74399995803833,3.747999906539917,3.752000093460083,2.8959999084472656,2.8959999084472656,2.8399999141693115,2.8399999141693115,2.8399999141693115,2.7880001068115234,2.7239999771118164,2.6600000858306885,2.615999937057495,2.563999891281128,2.563999891281128,2.503999948501587,2.4519999027252197,2.3959999084472656,2.359999895095825,2.312000036239624,2.2880001068115234,2.187999963760376,2.171999931335449,2.171999931335449,2.131999969482422,2.131999969482422,2.1040000915527344,2.0759999752044678,2.0439999103546143,2.0179998874664307,1.996000051498413,1.9839999675750732,1.972000002861023,1.9520000219345093,1.937999963760376,1.937999963760376,1.9179999828338623,1.8940000534057617,1.8700000047683716,1.8459999561309814,1.8240000009536743,1.7979999780654907,1.7719999551773071,1.7480000257492065,1.7280000448226929,1.7079999446868896,1.7079999446868896,1.687999963760376,1.6660000085830688,1.6440000534057617,1.5219999551773071,1.5219999551773071,1.50600004196167,1.49399995803833,1.4859999418258667,1.468000054359436,inf,inf,inf,inf,1.399999976158142,1.399999976158142,1.399999976158142,1.399999976158142,1.399999976158142,1.3860000371932983,...,0.0,0.0,0.0,0.0,0.0,0.0,0.0,0.0,0.0,0.0,0.0,0.0,0.0,0.0,0.0,0.0,0.0,0.0,0.0,0.0,0.0,0.0,0.0,0.0,0.0,0.0,0.0,0.0,0.0,0.0,0.0,0.0,0.0,0.0,0.0,0.0,0.0,0.0,0.0,0.0,0.0,0.0,0.0,0.0,0.0,0.0,0.0,0.0,0.0,0.0,0.0,0.0,0.0,0.0,0.0,0.0,0.0,0.0,0.0,0.0,0.0,0.0,0.0,0.0,0.0,0.0,0.0,0.0,0.0,0.0,0.0,0.0,0.0,0.0,0.0,0.0,0.0,0.0,0.0,0.0,0.0,0.0,0.0,0.0,0.0,0.0,0.0,0.0,0.0,0.0,0.0,0.0,0.0,0.0,0.0,0.0,0.0,0.0,0.0,0.0,0.0,0.0,0.0,0.0,0.0,0.0,0.0,0.0,0.0,0.0,0.0,0.0,0.0,0.0,0.0,0.0,0.0,0.0,0.0,0.0,0.0,0.0,0.0,0.0,47.0,47.0,47.0,47.0,...
1763031582,174794296,laser,-3.1241390705108643,3.1415927410125732,0.0034828970674425364,5.751514254370704e-05,0.10346974432468414,0.15000000596046448,16.0,inf,inf,inf,inf,inf,inf,inf,inf,inf,inf,inf,inf,inf,inf,inf,inf,inf,inf,inf,inf,inf,inf,inf,inf,inf,inf,10.447999954223633,10.447999954223633,10.447999954223633,10.447999954223633,10.447999954223633,inf,inf,inf,inf,inf,inf,inf,inf,inf,inf,inf,inf,inf,inf,inf,inf,inf,inf,inf,inf,inf,inf,inf,3.7920000553131104,3.7920000553131104,3.7920000553131104,3.7920000553131104,3.7920000553131104,3.74399995803833,3.7360000610351562,3.740000009536743,3.74399995803833,3.747999906539917,3.747999906539917,3.747999906539917,3.747999906539917,2.936000108718872,2.880000114440918,2.880000114440918,2.880000114440918,2.819999933242798,2.680000066757202,2.680000066757202,2.635999917984009,2.5759999752044678,2.5280001163482666,2.4760000705718994,2.4760000705718994,2.368000030517578,2.368000030517578,2.3359999656677246,2.299999952316284,2.196000099182129,2.196000099182129,2.187999963760376,2.140000104904175,2.1040000915527344,2.0799999237060547,2.0480000972747803,2.009999990463257,2.009999990463257,1.9819999933242798,1.9559999704360962,1.9220000505447388,1.8960000276565552,1.8799999952316284,1.8660000562667847,1.8539999723434448,1.8420000076293945,1.8420000076293945,1.8300000429153442,1.8179999589920044,1.7979999780654907,1.7760000228881836,1.753999948501587,1.7300000190734863,1.7100000381469727,1.694000005722046,1.6740000247955322,1.6740000247955322,1.6540000438690186,1.621999979019165,1.50600004196167,1.50600004196167,1.496000051498413,1.4839999675750732,inf,inf,inf,inf,inf,inf,1.406000018119812,1.406000018119812,1.406000018119812,1.406000018119812,1.406000018119812,...,0.0,0.0,0.0,0.0,0.0,0.0,0.0,0.0,0.0,0.0,0.0,0.0,0.0,0.0,0.0,0.0,0.0,47.0,47.0,47.0,47.0,47.0,0.0,0.0,0.0,0.0,0.0,0.0,0.0,0.0,0.0,0.0,0.0,0.0,0.0,0.0,0.0,0.0,0.0,0.0,0.0,0.0,0.0,0.0,0.0,0.0,0.0,0.0,0.0,0.0,0.0,0.0,0.0,0.0,0.0,0.0,0.0,0.0,0.0,0.0,0.0,0.0,0.0,0.0,0.0,0.0,0.0,0.0,0.0,0.0,0.0,0.0,0.0,0.0,0.0,0.0,0.0,0.0,0.0,0.0,0.0,0.0,0.0,0.0,0.0,0.0,0.0,0.0,0.0,0.0,0.0,47.0,47.0,47.0,47.0,47.0,0.0,0.0,0.0,0.0,0.0,0.0,0.0,0.0,0.0,0.0,0.0,0.0,0.0,0.0,0.0,0.0,0.0,0.0,0.0,0.0,0.0,0.0,0.0,0.0,0.0,0.0,0.0,47.0,47.0,47.0,47.0,47.0,...
1763031582,279643379,laser,-3.1241390705108643,3.1415927410125732,0.0034828970674425364,5.3783063776791096e-05,0.0967557355761528,0.15000000596046448,16.0,inf,inf,inf,inf,inf,inf,inf,inf,inf,inf,inf,inf,inf,inf,inf,inf,inf,inf,inf,inf,inf,inf,inf,inf,inf,inf,inf,10.303999900817871,10.303999900817871,10.303999900817871,10.303999900817871,10.303999900817871,inf,inf,inf,inf,inf,inf,inf,inf,inf,inf,inf,inf,inf,inf,inf,inf,inf,inf,inf,3.871999979019165,3.871999979019165,3.871999979019165,3.871999979019165,3.871999979019165,3.7920000553131104,3.7920000553131104,3.74399995803833,3.740000009536743,3.740000009536743,3.7360000610351562,3.740000009536743,3.747999906539917,3.752000093460083,3.752000093460083,2.936000108718872,2.936000108718872,2.936000108718872,2.875999927520752,2.875999927520752,2.815999984741211,2.747999906539917,2.687999963760376,2.631999969482422,2.5759999752044678,2.5280001163482666,2.4760000705718994,2.4159998893737793,2.368000030517578,2.3359999656677246,2.3359999656677246,2.2960000038146973,2.200000047683716,2.200000047683716,2.187999963760376,2.140000104904175,2.1040000915527344,2.0799999237060547,2.0480000972747803,2.007999897003174,1.9819999933242798,1.9819999933242798,1.9559999704360962,1.9220000505447388,1.8960000276565552,1.871999979019165,1.8580000400543213,1.8580000400543213,1.8459999561309814,1.8300000429153442,1.8179999589920044,1.8179999589920044,1.7979999780654907,1.7760000228881836,1.753999948501587,1.7300000190734863,1.7100000381469727,1.694000005722046,1.6740000247955322,1.6540000438690186,1.6540000438690186,1.5019999742507935,1.5019999742507935,1.5019999742507935,1.5019999742507935,1.4839999675750732,inf,inf,inf,inf,1.4040000438690186,1.4040000438690186,1.4040000438690186,1.4040000438690186,1.4040000438690186,1.3940000534057617,1.3940000534057617,...,0.0,0.0,0.0,0.0,0.0,0.0,0.0,0.0,0.0,0.0,0.0,0.0,0.0,0.0,0.0,0.0,0.0,0.0,0.0,0.0,47.0,47.0,47.0,47.0,47.0,0.0,0.0,0.0,0.0,0.0,0.0,0.0,0.0,0.0,0.0,0.0,0.0,0.0,0.0,0.0,0.0,0.0,0.0,0.0,0.0,0.0,0.0,0.0,0.0,0.0,0.0,0.0,0.0,0.0,0.0,0.0,0.0,0.0,0.0,0.0,0.0,0.0,0.0,0.0,0.0,0.0,0.0,0.0,0.0,0.0,0.0,0.0,0.0,0.0,0.0,0.0,0.0,0.0,0.0,0.0,0.0,0.0,0.0,0.0,0.0,0.0,0.0,0.0,0.0,0.0,0.0,0.0,0.0,0.0,0.0,0.0,0.0,0.0,0.0,0.0,0.0,0.0,0.0,0.0,0.0,0.0,0.0,0.0,0.0,0.0,0.0,0.0,0.0,0.0,0.0,0.0,0.0,0.0,0.0,0.0,0.0,0.0,0.0,0.0,0.0,0.0,0.0,0.0,...
1763031582,377959618,laser,-3.1241390705108643,3.1415927410125732,0.0034828970674425364,5.383060488384217e-05,0.0968412533402443,0.15000000596046448,16.0,inf,inf,inf,inf,inf,inf,inf,inf,inf,inf,inf,inf,inf,inf,inf,inf,inf,inf,inf,inf,inf,inf,inf,inf,inf,inf,inf,inf,10.319999694824219,10.319999694824219,10.319999694824219,10.319999694824219,10.319999694824219,inf,inf,inf,inf,inf,inf,inf,inf,inf,inf,inf,inf,inf,inf,inf,inf,inf,inf,3.7839999198913574,3.7839999198913574,3.7839999198913574,3.7839999198913574,3.7839999198913574,3.74399995803833,3.74399995803833,3.74399995803833,3.74399995803833,3.740000009536743,3.740000009536743,3.74399995803833,3.747999906539917,3.747999906539917,3.747999906539917,3.747999906539917,2.931999921798706,2.931999921798706,2.931999921798706,2.859999895095825,2.799999952316284,2.74399995803833,2.671999931335449,2.619999885559082,2.5759999752044678,2.5199999809265137,2.4679999351501465,2.4679999351501465,2.368000030517578,2.368000030517578,2.3320000171661377,2.303999900817871,2.196000099182129,2.196000099182129,2.180000066757202,2.135999917984009,2.1040000915527344,2.0799999237060547,2.0480000972747803,2.01200008392334,2.01200008392334,1.9839999675750732,1.9700000286102295,1.9600000381469727,1.9479999542236328,1.937999963760376,1.9220000505447388,1.899999976158142,1.899999976158142,1.8480000495910645,1.8480000495910645,1.8240000009536743,1.7979999780654907,1.7760000228881836,1.753999948501587,1.7300000190734863,1.7100000381469727,1.690000057220459,1.6699999570846558,1.6699999570846558,1.6519999504089355,1.5099999904632568,1.5099999904632568,1.5099999904632568,1.4980000257492065,1.4859999418258667,1.4800000190734863,inf,inf,inf,1.4040000438690186,1.4040000438690186,1.4040000438690186,1.4040000438690186,1.4040000438690186,1.3899999856948853,1.3899999856948853,...,0.0,0.0,0.0,0.0,0.0,0.0,0.0,0.0,0.0,0.0,0.0,0.0,0.0,0.0,0.0,0.0,0.0,0.0,0.0,47.0,47.0,47.0,47.0,47.0,0.0,0.0,0.0,0.0,0.0,0.0,0.0,0.0,0.0,0.0,0.0,0.0,0.0,0.0,0.0,0.0,0.0,0.0,0.0,0.0,0.0,0.0,0.0,0.0,0.0,0.0,0.0,0.0,0.0,0.0,0.0,0.0,0.0,0.0,0.0,0.0,0.0,0.0,0.0,0.0,0.0,0.0,0.0,0.0,0.0,0.0,0.0,0.0,0.0,0.0,0.0,0.0,0.0,0.0,0.0,0.0,0.0,0.0,0.0,0.0,0.0,0.0,0.0,0.0,0.0,0.0,0.0,0.0,0.0,0.0,0.0,0.0,0.0,0.0,0.0,0.0,0.0,0.0,0.0,0.0,0.0,0.0,0.0,0.0,0.0,0.0,0.0,0.0,0.0,0.0,0.0,0.0,0.0,0.0,0.0,0.0,0.0,0.0,0.0,0.0,0.0,0.0,0.0,0.0,...
1763031582,476180865,laser,-3.1241390705108643,3.1415927410125732,0.0034828970674425364,5.382960443967022e-05,0.09683945775032043,0.15000000596046448,16.0,inf,inf,inf,inf,inf,inf,inf,inf,inf,inf,inf,inf,inf,inf,inf,inf,inf,inf,inf,inf,inf,inf,inf,inf,inf,inf,inf,inf,10.496000289916992,10.496000289916992,10.496000289916992,10.496000289916992,10.496000289916992,10.319999694824219,10.319999694824219,inf,inf,inf,inf,inf,inf,inf,inf,inf,inf,inf,inf,inf,inf,inf,inf,inf,3.7679998874664307,3.7679998874664307,3.7679998874664307,3.7679998874664307,3.7679998874664307,3.740000009536743,3.740000009536743,3.740000009536743,3.7360000610351562,3.740000009536743,3.74399995803833,3.752000093460083,3.752000093460083,3.752000093460083,2.8959999084472656,2.8959999084472656,2.8959999084472656,2.8959999084472656,2.8399999141693115,2.7799999713897705,2.7119998931884766,2.6600000858306885,2.6080000400543213,2.563999891281128,2.563999891281128,2.507999897003174,2.4560000896453857,2.4079999923706055,2.3559999465942383,2.312000036239624,2.2880001068115234,2.187999963760376,2.187999963760376,2.171999931335449,2.135999917984009,2.1040000915527344,2.1040000915527344,2.0759999752044678,2.0439999103546143,2.0239999294281006,2.007999897003174,1.9919999837875366,1.9780000448226929,1.9559999704360962,1.937999963760376,1.937999963760376,1.9199999570846558,1.8919999599456787,1.8660000562667847,1.8459999561309814,1.8220000267028809,1.7979999780654907,1.7719999551773071,1.75,1.7300000190734863,1.7100000381469727,1.7100000381469727,1.687999963760376,1.6660000085830688,1.6419999599456787,1.5219999551773071,1.5080000162124634,1.5080000162124634,1.496000051498413,1.4839999675750732,inf,inf,inf,inf,1.399999976158142,1.399999976158142,1.399999976158142,1.399999976158142,1.399999976158142,1.3839999437332153,1.3839999437332153,...,0.0,0.0,0.0,0.0,0.0,0.0,0.0,0.0,0.0,0.0,0.0,0.0,0.0,0.0,0.0,0.0,0.0,0.0,47.0,47.0,47.0,47.0,47.0,0.0,0.0,0.0,0.0,0.0,0.0,0.0,0.0,0.0,0.0,0.0,0.0,0.0,0.0,0.0,0.0,0.0,0.0,0.0,0.0,0.0,0.0,0.0,0.0,0.0,0.0,0.0,0.0,0.0,0.0,0.0,0.0,0.0,0.0,0.0,0.0,0.0,0.0,0.0,0.0,0.0,0.0,0.0,0.0,0.0,0.0,0.0,0.0,0.0,0.0,0.0,0.0,0.0,0.0,0.0,0.0,0.0,0.0,0.0,0.0,0.0,0.0,0.0,0.0,0.0,0.0,0.0,0.0,0.0,0.0,0.0,0.0,0.0,0.0,0.0,0.0,0.0,0.0,0.0,0.0,0.0,0.0,0.0,0.0,0.0,0.0,0.0,0.0,0.0,0.0,0.0,0.0,0.0,0.0,0.0,0.0,0.0,0.0,0.0,0.0,0.0,0.0,0.0,0.0,0.0,...
1763031582,574479489,laser,-3.1241390705108643,3.1415927410125732,0.0034828970674425364,5.713965947506949e-05,0.10279424488544464,0.15000000596046448,16.0,inf,inf,inf,inf,inf,inf,inf,inf,inf,inf,inf,inf,inf,inf,inf,inf,inf,inf,inf,inf,inf,inf,inf,inf,inf,inf,inf,inf,inf,10.46399974822998,10.46399974822998,10.46399974822998,10.46399974822998,10.46399974822998,inf,inf,inf,inf,inf,inf,inf,inf,inf,inf,inf,inf,inf,inf,inf,inf,inf,inf,3.871999979019165,3.871999979019165,3.871999979019165,3.871999979019165,3.871999979019165,3.7880001068115234,3.7880001068115234,3.740000009536743,3.7360000610351562,3.740000009536743,3.747999906539917,3.747999906539917,3.747999906539917,3.747999906539917,3.747999906539917,2.9159998893737793,2.9159998893737793,2.9159998893737793,2.868000030517578,2.803999900817871,2.7239999771118164,2.6600000858306885,2.619999885559082,2.572000026702881,2.572000026702881,2.51200008392334,2.3919999599456787,2.3919999599456787,2.359999895095825,2.3239998817443848,2.299999952316284,2.171999931335449,2.171999931335449,2.171999931335449,2.135999917984009,2.135999917984009,2.1040000915527344,2.072000026702881,2.0439999103546143,2.003999948501587,1.972000002861023,1.9479999542236328,1.909999966621399,1.8819999694824219,1.8639999628067017,1.843999981880188,1.8279999494552612,1.8279999494552612,1.8200000524520874,1.812000036239624,1.8020000457763672,1.7879999876022339,1.7680000066757202,1.7480000257492065,1.7300000190734863,1.7100000381469727,1.7100000381469727,1.690000057220459,1.6660000085830688,1.6460000276565552,1.5080000162124634,1.49399995803833,1.49399995803833,1.49399995803833,1.4800000190734863,1.465999960899353,inf,inf,inf,1.399999976158142,1.399999976158142,1.399999976158142,1.399999976158142,1.399999976158142,1.3880000114440918,1.3880000114440918,...,0.0,0.0,0.0,0.0,0.0,0.0,0.0,0.0,0.0,0.0,0.0,0.0,0.0,0.0,0.0,0.0,0.0,0.0,0.0,0.0,0.0,0.0,0.0,0.0,0.0,0.0,0.0,0.0,0.0,0.0,0.0,0.0,0.0,0.0,0.0,0.0,0.0,0.0,0.0,0.0,0.0,0.0,0.0,0.0,0.0,0.0,0.0,0.0,0.0,0.0,0.0,0.0,0.0,0.0,0.0,0.0,0.0,0.0,0.0,0.0,0.0,0.0,0.0,0.0,0.0,0.0,0.0,0.0,0.0,0.0,0.0,0.0,0.0,0.0,0.0,0.0,0.0,0.0,0.0,0.0,0.0,0.0,0.0,0.0,0.0,0.0,0.0,0.0,0.0,0.0,0.0,0.0,0.0,0.0,0.0,0.0,0.0,0.0,0.0,0.0,0.0,0.0,0.0,0.0,0.0,0.0,0.0,0.0,0.0,0.0,0.0,0.0,0.0,0.0,0.0,0.0,0.0,0.0,0.0,0.0,0.0,0.0,0.0,0.0,0.0,47.0,47.0,47.0,...
1763031582,678900105,laser,-3.1241390705108643,3.1415927410125732,0.0034828970674425364,5.3715342801297083e-05,0.0966339036822319,0.15000000596046448,16.0,inf,inf,inf,inf,inf,inf,inf,inf,inf,inf,inf,inf,inf,inf,inf,inf,inf,inf,inf,inf,inf,inf,inf,inf,inf,inf,inf,inf,inf,10.520000457763672,10.520000457763672,10.520000457763672,10.520000457763672,10.520000457763672,inf,inf,inf,inf,inf,inf,inf,inf,inf,inf,inf,inf,inf,inf,inf,inf,inf,inf,3.7839999198913574,3.7839999198913574,3.7839999198913574,3.7839999198913574,3.7839999198913574,3.74399995803833,3.74399995803833,3.74399995803833,3.7360000610351562,3.740000009536743,3.74399995803833,3.747999906539917,3.747999906539917,3.747999906539917,2.9000000953674316,2.8519999980926514,2.8519999980926514,2.8519999980926514,2.8519999980926514,2.799999952316284,2.7239999771118164,2.6600000858306885,2.619999885559082,2.572000026702881,2.5160000324249268,2.3919999599456787,2.3919999599456787,2.3559999465942383,2.3559999465942383,2.3239998817443848,2.299999952316284,2.1760001182556152,2.180000066757202,2.180000066757202,2.135999917984009,2.1040000915527344,2.072000026702881,2.072000026702881,2.002000093460083,2.002000093460083,1.972000002861023,1.9420000314712524,1.9040000438690186,1.8819999694824219,1.8639999628067017,1.850000023841858,1.8420000076293945,1.8359999656677246,1.8359999656677246,1.8279999494552612,1.8140000104904175,1.7920000553131104,1.7680000066757202,1.7480000257492065,1.7300000190734863,1.7100000381469727,1.690000057220459,1.690000057220459,1.6660000085830688,1.6440000534057617,1.5080000162124634,1.5080000162124634,1.49399995803833,1.49399995803833,1.4800000190734863,1.465999960899353,inf,inf,inf,inf,1.399999976158142,1.399999976158142,1.399999976158142,1.399999976158142,1.399999976158142,1.3860000371932983,...,0.0,0.0,0.0,0.0,0.0,0.0,0.0,0.0,0.0,0.0,0.0,0.0,0.0,0.0,0.0,0.0,0.0,0.0,0.0,0.0,0.0,0.0,0.0,0.0,0.0,0.0,0.0,0.0,0.0,0.0,0.0,0.0,0.0,0.0,0.0,0.0,0.0,0.0,0.0,0.0,0.0,0.0,0.0,0.0,0.0,0.0,0.0,0.0,0.0,0.0,0.0,0.0,0.0,0.0,0.0,0.0,0.0,0.0,0.0,0.0,0.0,0.0,0.0,0.0,0.0,0.0,0.0,0.0,0.0,0.0,0.0,0.0,0.0,0.0,0.0,0.0,0.0,0.0,0.0,0.0,0.0,0.0,0.0,0.0,0.0,0.0,0.0,0.0,0.0,0.0,0.0,0.0,0.0,0.0,0.0,0.0,0.0,0.0,0.0,0.0,0.0,0.0,0.0,0.0,0.0,0.0,0.0,0.0,0.0,0.0,0.0,0.0,0.0,0.0,0.0,0.0,0.0,0.0,0.0,0.0,0.0,0.0,0.0,0.0,0.0,0.0,0.0,0.0,...
1763031582,776808522,laser,-3.1241390705108643,3.1415927410125732,0.0034828970674425364,5.3974788897903636e-05,0.0971006453037262,0.15000000596046448,16.0,inf,inf,inf,inf,inf,inf,inf,inf,inf,inf,inf,inf,inf,inf,inf,inf,inf,inf,inf,inf,inf,inf,inf,inf,inf,inf,inf,inf,inf,inf,inf,inf,inf,inf,inf,inf,inf,inf,inf,inf,inf,inf,inf,inf,inf,inf,inf,inf,inf,inf,inf,inf,inf,3.747999906539917,3.747999906539917,3.747999906539917,3.747999906539917,3.747999906539917,3.740000009536743,3.740000009536743,3.740000009536743,3.740000009536743,3.74399995803833,3.747999906539917,3.752000093460083,3.752000093460083,2.880000114440918,2.880000114440918,2.740000009536743,2.740000009536743,2.740000009536743,2.740000009536743,2.687999963760376,2.687999963760376,2.6440000534057617,2.5999999046325684,2.5280001163482666,2.4719998836517334,2.431999921798706,2.375999927520752,2.3320000171661377,2.2920000553131104,2.24399995803833,2.24399995803833,2.200000047683716,2.200000047683716,2.1559998989105225,2.1080000400543213,2.0799999237060547,2.052000045776367,2.0280001163482666,2.0139999389648438,2.0,1.9819999933242798,1.9819999933242798,1.9700000286102295,1.9579999446868896,1.9359999895095825,1.9119999408721924,1.8860000371932983,1.8580000400543213,1.8320000171661377,1.8079999685287476,1.8079999685287476,1.7860000133514404,1.7599999904632568,1.7380000352859497,1.715999960899353,1.6959999799728394,1.6799999475479126,1.6579999923706055,1.5379999876022339,1.5379999876022339,1.5099999904632568,1.4980000257492065,1.4980000257492065,1.4859999418258667,1.4780000448226929,1.4739999771118164,1.4739999771118164,inf,inf,inf,1.4079999923706055,1.4079999923706055,1.4079999923706055,1.4079999923706055,1.4079999923706055,...,0.0,0.0,0.0,0.0,0.0,0.0,0.0,0.0,0.0,0.0,0.0,0.0,0.0,0.0,0.0,0.0,0.0,0.0,0.0,0.0,0.0,0.0,0.0,0.0,0.0,0.0,0.0,0.0,0.0,0.0,0.0,0.0,0.0,0.0,0.0,0.0,0.0,0.0,0.0,0.0,0.0,0.0,0.0,0.0,0.0,0.0,0.0,0.0,0.0,0.0,0.0,0.0,0.0,0.0,0.0,0.0,0.0,0.0,0.0,0.0,0.0,0.0,0.0,0.0,0.0,0.0,0.0,47.0,47.0,47.0,47.0,47.0,0.0,0.0,0.0,0.0,0.0,0.0,0.0,0.0,0.0,0.0,0.0,0.0,0.0,0.0,0.0,0.0,0.0,0.0,0.0,0.0,0.0,0.0,0.0,0.0,0.0,0.0,0.0,0.0,0.0,0.0,0.0,0.0,0.0,0.0,0.0,0.0,0.0,0.0,0.0,0.0,0.0,0.0,0.0,0.0,0.0,0.0,0.0,0.0,0.0,0.0,0.0,0.0,47.0,47.0,47.0,47.0,...
1763031582,874926672,laser,-3.1241390705108643,3.1415927410125732,0.0034828970674425364,5.4040112445363775e-05,0.09721816331148148,0.15000000596046448,16.0,inf,inf,inf,inf,inf,inf,inf,inf,inf,inf,inf,inf,inf,inf,inf,inf,inf,inf,inf,inf,inf,inf,inf,inf,inf,inf,inf,10.319999694824219,10.319999694824219,10.319999694824219,10.319999694824219,10.319999694824219,inf,inf,inf,inf,inf,inf,inf,inf,inf,inf,inf,inf,inf,inf,inf,inf,inf,inf,3.875999927520752,3.875999927520752,3.875999927520752,3.875999927520752,3.875999927520752,3.7920000553131104,3.7920000553131104,3.7920000553131104,3.7920000553131104,3.74399995803833,3.740000009536743,3.740000009536743,3.74399995803833,3.747999906539917,3.752000093460083,3.747999906539917,3.747999906539917,2.9200000762939453,2.868000030517578,2.868000030517578,2.868000030517578,2.803999900817871,2.740000009536743,2.687999963760376,2.631999969482422,2.572000026702881,2.5160000324249268,2.4679999351501465,2.4240000247955322,2.375999927520752,2.3320000171661377,2.3320000171661377,2.303999900817871,2.200000047683716,2.200000047683716,2.180000066757202,2.135999917984009,2.1040000915527344,2.0759999752044678,2.0460000038146973,2.0139999389648438,1.9780000448226929,1.9780000448226929,1.9479999542236328,1.9320000410079956,1.9160000085830688,1.9079999923706055,1.8980000019073486,1.8839999437332153,1.8660000562667847,1.8420000076293945,1.8240000009536743,1.8240000009536743,1.8020000457763672,1.7760000228881836,1.7519999742507935,1.7300000190734863,1.7100000381469727,1.6920000314712524,1.6679999828338623,1.6480000019073486,1.6480000019073486,1.5080000162124634,1.5080000162124634,1.5080000162124634,1.4980000257492065,1.4839999675750732,inf,inf,inf,inf,inf,inf,1.4019999504089355,1.4019999504089355,1.4019999504089355,1.4019999504089355,1.4019999504089355,...,0.0,0.0,0.0,0.0,0.0,0.0,0.0,0.0,0.0,0.0,0.0,0.0,0.0,0.0,0.0,0.0,0.0,0.0,0.0,0.0,47.0,47.0,47.0,47.0,47.0,0.0,0.0,0.0,0.0,0.0,0.0,0.0,0.0,0.0,0.0,0.0,0.0,0.0,0.0,0.0,0.0,0.0,0.0,0.0,0.0,0.0,0.0,0.0,0.0,0.0,0.0,0.0,0.0,0.0,0.0,0.0,0.0,0.0,0.0,0.0,0.0,0.0,0.0,0.0,0.0,0.0,0.0,0.0,0.0,0.0,47.0,47.0,47.0,47.0,47.0,0.0,0.0,0.0,0.0,0.0,0.0,0.0,0.0,0.0,0.0,0.0,0.0,0.0,0.0,0.0,0.0,47.0,47.0,47.0,47.0,47.0,0.0,0.0,0.0,0.0,0.0,0.0,0.0,0.0,0.0,0.0,0.0,0.0,0.0,0.0,0.0,0.0,0.0,0.0,0.0,0.0,0.0,0.0,0.0,0.0,0.0,0.0,0.0,0.0,0.0,0.0,0.0,0.0,...
1763031582,973563667,laser,-3.1241390705108643,3.1415927410125732,0.0034828970674425364,5.7224868214689195e-05,0.10294754058122635,0.15000000596046448,16.0,inf,inf,inf,inf,inf,inf,inf,inf,inf,inf,inf,inf,inf,inf,inf,inf,inf,inf,inf,inf,inf,inf,inf,inf,inf,inf,inf,10.32800006866455,10.32800006866455,10.32800006866455,10.32800006866455,10.32800006866455,inf,inf,inf,inf,inf,inf,inf,inf,inf,inf,inf,inf,inf,inf,inf,inf,inf,inf,inf,inf,inf,inf,3.7880001068115234,3.7880001068115234,3.7880001068115234,3.7880001068115234,3.7880001068115234,3.74399995803833,3.740000009536743,3.740000009536743,3.74399995803833,3.747999906539917,3.747999906539917,3.752000093460083,3.752000093460083,2.9200000762939453,2.9200000762939453,2.868000030517578,2.868000030517578,2.803999900817871,2.740000009536743,2.684000015258789,2.631999969482422,2.572000026702881,2.5160000324249268,2.5160000324249268,2.4679999351501465,2.4119999408721924,2.364000082015991,2.3320000171661377,2.299999952316284,2.200000047683716,2.200000047683716,2.184000015258789,2.135999917984009,2.1040000915527344,2.0759999752044678,2.0759999752044678,2.0439999103546143,2.002000093460083,1.968000054359436,1.944000005722046,1.9160000085830688,1.8880000114440918,1.8580000400543213,1.8300000429153442,1.812000036239624,1.7940000295639038,1.7940000295639038,1.7760000228881836,1.7740000486373901,1.7760000228881836,1.7640000581741333,1.7480000257492065,1.7300000190734863,1.7100000381469727,1.6920000314712524,1.6920000314712524,1.6679999828338623,1.6480000019073486,1.6239999532699585,1.5180000066757202,1.5180000066757202,1.5019999742507935,1.4839999675750732,inf,inf,inf,inf,inf,inf,1.4019999504089355,1.4019999504089355,1.4019999504089355,1.4019999504089355,1.4019999504089355,...,0.0,0.0,0.0,0.0,0.0,0.0,0.0,0.0,0.0,0.0,0.0,0.0,0.0,0.0,0.0,0.0,0.0,0.0,0.0,0.0,0.0,0.0,0.0,0.0,0.0,0.0,0.0,0.0,0.0,0.0,0.0,0.0,0.0,0.0,0.0,0.0,0.0,0.0,0.0,0.0,0.0,0.0,0.0,0.0,0.0,0.0,0.0,0.0,0.0,0.0,0.0,0.0,0.0,0.0,0.0,0.0,0.0,0.0,0.0,0.0,0.0,0.0,0.0,0.0,0.0,0.0,0.0,0.0,0.0,0.0,0.0,0.0,0.0,0.0,0.0,0.0,0.0,0.0,0.0,0.0,0.0,0.0,0.0,0.0,0.0,0.0,0.0,0.0,0.0,0.0,0.0,47.0,47.0,47.0,47.0,47.0,0.0,0.0,0.0,0.0,0.0,0.0,0.0,0.0,0.0,0.0,0.0,0.0,0.0,0.0,0.0,0.0,0.0,0.0,0.0,0.0,0.0,0.0,0.0,0.0,0.0,0.0,0.0,0.0,0.0,0.0,0.0,0.0,...
1763031583,77989098,laser,-3.1241390705108643,3.1415927410125732,0.0034828970674425364,5.380897709983401e-05,0.09680234640836716,0.15000000596046448,16.0,inf,inf,inf,inf,inf,inf,inf,inf,inf,inf,inf,inf,inf,inf,inf,inf,inf,inf,inf,inf,inf,inf,inf,inf,inf,inf,inf,10.343999862670898,10.343999862670898,10.343999862670898,10.343999862670898,10.343999862670898,inf,inf,inf,inf,inf,inf,inf,inf,inf,inf,inf,inf,inf,inf,inf,inf,inf,inf,3.871999979019165,3.871999979019165,3.871999979019165,3.871999979019165,3.871999979019165,3.7920000553131104,3.7920000553131104,3.7920000553131104,3.74399995803833,3.740000009536743,3.740000009536743,3.74399995803833,3.74399995803833,3.747999906539917,3.752000093460083,3.752000093460083,2.9240000247955322,2.9240000247955322,2.880000114440918,2.880000114440918,2.815999984741211,2.815999984741211,2.740000009536743,2.680000066757202,2.631999969482422,2.572000026702881,2.5280001163482666,2.4839999675750732,2.4159998893737793,2.364000082015991,2.3320000171661377,2.299999952316284,2.299999952316284,2.200000047683716,2.200000047683716,2.187999963760376,2.1440000534057617,2.1040000915527344,2.0759999752044678,2.0460000038146973,2.007999897003174,1.9819999933242798,1.9559999704360962,1.9559999704360962,1.9240000247955322,1.9040000438690186,1.8899999856948853,1.8839999437332153,1.8760000467300415,1.8619999885559082,1.840000033378601,1.8259999752044678,1.8259999752044678,1.8040000200271606,1.7760000228881836,1.7519999742507935,1.7300000190734863,1.7120000123977661,1.6920000314712524,1.6679999828338623,1.6480000019073486,1.6480000019073486,1.5379999876022339,1.5379999876022339,1.5080000162124634,1.496000051498413,1.4859999418258667,1.4800000190734863,inf,inf,inf,inf,inf,1.4019999504089355,1.4019999504089355,1.4019999504089355,1.4019999504089355,1.4019999504089355,...,0.0,0.0,0.0,0.0,0.0,0.0,0.0,0.0,0.0,0.0,0.0,0.0,0.0,0.0,0.0,0.0,0.0,0.0,0.0,0.0,0.0,0.0,0.0,0.0,0.0,0.0,0.0,0.0,0.0,0.0,0.0,0.0,0.0,0.0,0.0,0.0,0.0,0.0,0.0,0.0,0.0,0.0,0.0,0.0,0.0,0.0,0.0,0.0,0.0,0.0,0.0,0.0,0.0,0.0,0.0,0.0,0.0,0.0,0.0,0.0,0.0,0.0,0.0,0.0,0.0,0.0,0.0,0.0,0.0,0.0,0.0,0.0,0.0,0.0,0.0,0.0,0.0,0.0,0.0,0.0,0.0,0.0,0.0,0.0,0.0,0.0,0.0,0.0,0.0,0.0,0.0,47.0,47.0,47.0,47.0,47.0,0.0,0.0,0.0,0.0,0.0,0.0,0.0,0.0,0.0,0.0,0.0,0.0,0.0,0.0,0.0,0.0,0.0,0.0,0.0,0.0,0.0,0.0,0.0,0.0,0.0,0.0,0.0,0.0,0.0,0.0,0.0,0.0,...
1763031583,176278376,laser,-3.1241390705108643,3.1415927410125732,0.0034828970674425364,5.377244087867439e-05,0.09673662483692169,0.15000000596046448,16.0,inf,inf,inf,inf,inf,inf,inf,inf,inf,inf,inf,inf,inf,inf,inf,inf,inf,inf,inf,inf,inf,inf,inf,inf,inf,inf,inf,inf,inf,inf,inf,inf,inf,inf,inf,inf,inf,inf,inf,inf,inf,inf,inf,inf,inf,inf,inf,inf,inf,inf,inf,inf,inf,inf,inf,3.74399995803833,3.74399995803833,3.74399995803833,3.74399995803833,3.74399995803833,3.7360000610351562,3.740000009536743,3.74399995803833,3.747999906539917,3.747999906539917,3.747999906539917,2.9200000762939453,2.9200000762939453,2.9200000762939453,2.9200000762939453,2.864000082015991,2.803999900817871,2.7360000610351562,2.6679999828338623,2.615999937057495,2.572000026702881,2.507999897003174,2.4560000896453857,2.4119999408721924,2.364000082015991,2.364000082015991,2.315999984741211,2.2839999198913574,2.196000099182129,2.196000099182129,2.180000066757202,2.140000104904175,2.1080000400543213,2.0799999237060547,2.059999942779541,2.059999942779541,2.0480000972747803,2.0320000648498535,2.0199999809265137,2.002000093460083,1.9739999771118164,1.9520000219345093,1.9299999475479126,1.9019999504089355,1.8739999532699585,1.850000023841858,1.850000023841858,1.8240000009536743,1.7999999523162842,1.777999997138977,1.753999948501587,1.7300000190734863,1.7100000381469727,1.690000057220459,1.6679999828338623,1.6679999828338623,1.6480000019073486,1.5080000162124634,1.5080000162124634,1.5080000162124634,1.4980000257492065,1.4839999675750732,1.4759999513626099,1.4739999771118164,inf,inf,1.4019999504089355,1.4019999504089355,1.4019999504089355,1.4019999504089355,1.4019999504089355,1.3839999437332153,1.3839999437332153,...,0.0,0.0,0.0,0.0,0.0,0.0,0.0,0.0,0.0,0.0,0.0,0.0,0.0,0.0,0.0,0.0,0.0,0.0,0.0,0.0,0.0,0.0,0.0,0.0,0.0,0.0,0.0,0.0,0.0,0.0,0.0,0.0,0.0,0.0,0.0,0.0,0.0,0.0,0.0,0.0,0.0,0.0,0.0,0.0,0.0,0.0,0.0,0.0,0.0,0.0,0.0,0.0,0.0,0.0,0.0,0.0,0.0,0.0,0.0,0.0,0.0,0.0,0.0,0.0,0.0,0.0,0.0,0.0,0.0,0.0,0.0,0.0,0.0,0.0,0.0,0.0,0.0,0.0,0.0,0.0,0.0,0.0,0.0,0.0,0.0,0.0,0.0,0.0,0.0,0.0,0.0,0.0,0.0,0.0,0.0,0.0,0.0,0.0,0.0,0.0,0.0,0.0,0.0,0.0,0.0,0.0,0.0,0.0,0.0,0.0,0.0,0.0,0.0,0.0,0.0,0.0,0.0,0.0,0.0,0.0,0.0,0.0,0.0,0.0,0.0,0.0,0.0,0.0,...
1763031583,274148555,laser,-3.1241390705108643,3.1415927410125732,0.0034828970674425364,5.39475804544054e-05,0.097051702439785,0.15000000596046448,16.0,inf,inf,inf,inf,inf,inf,inf,inf,inf,inf,inf,inf,inf,inf,inf,inf,inf,inf,inf,inf,inf,inf,inf,inf,inf,inf,inf,inf,inf,inf,inf,inf,inf,inf,inf,inf,inf,inf,inf,inf,inf,inf,inf,inf,inf,inf,inf,inf,inf,inf,inf,inf,inf,3.75600004196167,3.75600004196167,3.75600004196167,3.75600004196167,3.75600004196167,3.740000009536743,3.740000009536743,3.7320001125335693,3.740000009536743,3.740000009536743,3.74399995803833,3.752000093460083,3.752000093460083,2.8919999599456787,2.8919999599456787,2.8480000495910645,2.8480000495910645,2.8480000495910645,2.799999952316284,2.7279999256134033,2.6600000858306885,2.615999937057495,2.615999937057495,2.568000078201294,2.507999897003174,2.4600000381469727,2.4079999923706055,2.3559999465942383,2.312000036239624,2.2839999198913574,2.191999912261963,2.1760001182556152,2.1760001182556152,2.1760001182556152,2.128000020980835,2.0959999561309814,2.065999984741211,2.0280001163482666,2.0,1.9759999513626099,1.9459999799728394,1.9199999570846558,1.9199999570846558,1.8980000019073486,1.8899999856948853,1.878000020980835,1.8619999885559082,1.8519999980926514,1.8339999914169312,1.815999984741211,1.7940000295639038,1.7680000066757202,1.7680000066757202,1.7300000190734863,1.7300000190734863,1.7079999446868896,1.687999963760376,1.6679999828338623,1.6460000276565552,1.5260000228881836,1.5260000228881836,1.50600004196167,1.4919999837875366,1.468000054359436,inf,inf,inf,inf,inf,inf,1.399999976158142,1.399999976158142,1.399999976158142,1.399999976158142,1.399999976158142,...,0.0,0.0,0.0,0.0,0.0,0.0,0.0,0.0,0.0,0.0,0.0,0.0,0.0,0.0,0.0,0.0,0.0,0.0,0.0,0.0,0.0,0.0,0.0,0.0,0.0,0.0,0.0,0.0,0.0,0.0,0.0,0.0,0.0,0.0,0.0,0.0,0.0,0.0,0.0,0.0,0.0,0.0,0.0,0.0,0.0,0.0,0.0,0.0,0.0,0.0,0.0,0.0,0.0,0.0,0.0,0.0,0.0,0.0,0.0,0.0,0.0,0.0,0.0,0.0,0.0,0.0,0.0,0.0,0.0,0.0,0.0,0.0,0.0,0.0,0.0,0.0,0.0,0.0,0.0,0.0,0.0,0.0,0.0,0.0,0.0,0.0,0.0,0.0,0.0,0.0,0.0,0.0,0.0,0.0,0.0,0.0,0.0,0.0,0.0,0.0,0.0,0.0,0.0,0.0,0.0,0.0,0.0,0.0,0.0,0.0,0.0,0.0,0.0,0.0,0.0,0.0,0.0,0.0,0.0,0.0,0.0,0.0,0.0,0.0,0.0,47.0,47.0,47.0,...
1763031583,372270144,laser,-3.1241390705108643,3.1415927410125732,0.0034828970674425364,5.748173134634271e-05,0.10340963304042816,0.15000000596046448,16.0,inf,inf,inf,inf,inf,inf,inf,inf,inf,inf,inf,inf,inf,inf,inf,inf,inf,inf,inf,inf,inf,inf,inf,inf,inf,inf,inf,inf,inf,inf,inf,inf,inf,inf,inf,inf,inf,inf,inf,inf,inf,inf,inf,inf,inf,inf,inf,inf,inf,inf,inf,inf,3.799999952316284,3.799999952316284,3.799999952316284,3.799999952316284,3.799999952316284,3.747999906539917,3.747999906539917,3.740000009536743,3.740000009536743,3.74399995803833,3.740000009536743,3.74399995803833,3.747999906539917,3.752000093460083,2.880000114440918,2.880000114440918,2.880000114440918,2.880000114440918,2.880000114440918,2.8239998817443848,2.747999906539917,2.696000099182129,2.6559998989105225,2.5999999046325684,2.5480000972747803,2.5,2.4560000896453857,2.3399999141693115,2.308000087738037,2.308000087738037,2.308000087738037,2.2639999389648438,2.2320001125335693,2.2079999446868896,2.1640000343322754,2.111999988555908,2.0880000591278076,2.059999942779541,2.0160000324249268,1.9859999418258667,1.9620000123977661,1.9620000123977661,1.9299999475479126,1.899999976158142,1.8799999952316284,1.8660000562667847,1.8519999980926514,1.8359999656677246,1.8320000171661377,1.8200000524520874,1.7999999523162842,1.7999999523162842,1.781999945640564,1.7619999647140503,1.7380000352859497,1.718000054359436,1.7039999961853027,1.6820000410079956,1.659999966621399,1.628000020980835,1.5180000066757202,1.5,1.5,1.5,1.4900000095367432,1.4780000448226929,inf,inf,inf,inf,1.3960000276565552,1.3960000276565552,1.3960000276565552,1.3960000276565552,1.3960000276565552,1.3839999437332153,...,0.0,0.0,0.0,0.0,0.0,0.0,0.0,0.0,0.0,0.0,0.0,0.0,0.0,0.0,0.0,0.0,0.0,47.0,47.0,47.0,47.0,47.0,0.0,0.0,0.0,0.0,0.0,0.0,0.0,0.0,0.0,0.0,0.0,0.0,0.0,0.0,0.0,0.0,0.0,0.0,0.0,0.0,0.0,0.0,0.0,0.0,0.0,0.0,0.0,0.0,0.0,0.0,0.0,0.0,0.0,0.0,0.0,0.0,0.0,0.0,0.0,0.0,0.0,0.0,0.0,0.0,0.0,47.0,47.0,47.0,47.0,47.0,0.0,0.0,0.0,0.0,0.0,0.0,0.0,0.0,0.0,0.0,0.0,0.0,0.0,0.0,0.0,0.0,0.0,0.0,0.0,0.0,0.0,0.0,0.0,0.0,0.0,0.0,0.0,0.0,0.0,0.0,0.0,0.0,0.0,0.0,0.0,0.0,0.0,0.0,0.0,0.0,0.0,0.0,0.0,0.0,0.0,0.0,0.0,0.0,0.0,0.0,0.0,0.0,0.0,0.0,0.0,0.0,...
1763031583,476812565,laser,-3.1241390705108643,3.1415927410125732,0.0034828970674425364,5.3997133363736793e-05,0.0971408411860466,0.15000000596046448,16.0,inf,inf,inf,inf,inf,inf,inf,inf,inf,inf,inf,inf,inf,inf,inf,inf,inf,inf,inf,inf,inf,inf,inf,inf,inf,inf,inf,inf,inf,10.432000160217285,10.432000160217285,10.432000160217285,10.432000160217285,10.432000160217285,inf,inf,inf,inf,inf,inf,inf,inf,inf,inf,inf,inf,inf,inf,inf,inf,inf,inf,inf,3.75600004196167,3.75600004196167,3.75600004196167,3.75600004196167,3.75600004196167,3.752000093460083,3.752000093460083,3.74399995803833,3.740000009536743,3.740000009536743,3.74399995803833,3.747999906539917,3.752000093460083,2.880000114440918,2.880000114440918,2.8239998817443848,2.8239998817443848,2.8239998817443848,2.7639999389648438,2.7160000801086426,2.6559998989105225,2.5999999046325684,2.5999999046325684,2.5480000972747803,2.496000051498413,2.4519999027252197,2.4000000953674316,2.3480000495910645,2.303999900817871,2.2799999713897705,2.252000093460083,2.2079999446868896,2.1600000858306885,2.1600000858306885,2.115999937057495,2.0920000076293945,2.053999900817871,2.0179998874664307,2.00600004196167,1.9859999418258667,1.9639999866485596,1.9520000219345093,1.9520000219345093,1.9420000314712524,1.9259999990463257,1.9079999923706055,1.8839999437332153,1.8619999885559082,1.8380000591278076,1.8140000104904175,1.7899999618530273,1.7660000324249268,1.7660000324249268,1.7419999837875366,1.722000002861023,1.7039999961853027,1.6820000410079956,1.6619999408721924,1.6360000371932983,1.5140000581741333,1.5140000581741333,1.503999948501587,1.4900000095367432,1.4800000190734863,1.4800000190734863,1.4620000123977661,1.4299999475479126,1.4299999475479126,1.4299999475479126,1.4299999475479126,1.4299999475479126,1.409999966621399,1.409999966621399,1.409999966621399,1.409999966621399,...,0.0,0.0,0.0,0.0,0.0,0.0,0.0,0.0,0.0,0.0,0.0,0.0,0.0,0.0,0.0,0.0,0.0,0.0,0.0,0.0,0.0,0.0,0.0,0.0,0.0,0.0,0.0,0.0,0.0,0.0,0.0,0.0,0.0,0.0,0.0,0.0,0.0,0.0,0.0,0.0,0.0,0.0,0.0,0.0,0.0,0.0,0.0,0.0,0.0,0.0,0.0,0.0,0.0,0.0,0.0,0.0,0.0,0.0,0.0,0.0,0.0,0.0,0.0,0.0,0.0,0.0,0.0,0.0,0.0,0.0,0.0,0.0,0.0,0.0,0.0,0.0,0.0,0.0,0.0,0.0,0.0,0.0,0.0,0.0,0.0,0.0,0.0,0.0,0.0,47.0,47.0,47.0,47.0,47.0,0.0,0.0,0.0,0.0,0.0,0.0,0.0,0.0,0.0,0.0,0.0,0.0,0.0,0.0,0.0,0.0,0.0,0.0,0.0,0.0,0.0,0.0,0.0,0.0,0.0,0.0,0.0,0.0,0.0,0.0,47.0,47.0,47.0,47.0,...
1763031583,575774120,laser,-3.1241390705108643,3.1415927410125732,0.0034828970674425364,5.36695915798191e-05,0.09655158966779709,0.15000000596046448,16.0,inf,inf,inf,inf,inf,inf,inf,inf,inf,inf,inf,inf,inf,inf,inf,inf,inf,inf,inf,inf,inf,inf,inf,inf,inf,inf,10.496000289916992,10.496000289916992,10.496000289916992,10.496000289916992,10.496000289916992,inf,inf,inf,inf,inf,inf,inf,inf,inf,inf,inf,inf,inf,inf,inf,inf,inf,inf,inf,inf,inf,3.7720000743865967,3.7720000743865967,3.7720000743865967,3.7720000743865967,3.7720000743865967,3.7360000610351562,3.7360000610351562,3.7360000610351562,3.7320001125335693,3.740000009536743,3.747999906539917,3.747999906539917,3.747999906539917,3.747999906539917,3.747999906539917,2.9040000438690186,2.9040000438690186,2.9040000438690186,2.8519999980926514,2.7880001068115234,2.7239999771118164,2.6559998989105225,2.611999988555908,2.563999891281128,2.5,2.5,2.4040000438690186,2.4040000438690186,2.359999895095825,2.312000036239624,2.2880001068115234,2.180000066757202,2.180000066757202,2.171999931335449,2.128000020980835,2.0959999561309814,2.0959999561309814,2.072000026702881,2.0399999618530273,2.0139999389648438,1.9859999418258667,1.9520000219345093,1.9279999732971191,1.9119999408721924,1.899999976158142,1.8899999856948853,1.8760000467300415,1.8619999885559082,1.8619999885559082,1.840000033378601,1.8179999589920044,1.7960000038146973,1.7719999551773071,1.7480000257492065,1.7280000448226929,1.7079999446868896,1.687999963760376,1.687999963760376,1.6660000085830688,1.6440000534057617,1.5260000228881836,1.50600004196167,1.50600004196167,1.4919999837875366,1.4800000190734863,1.465999960899353,1.4320000410079956,1.4320000410079956,1.4320000410079956,1.4320000410079956,1.4320000410079956,1.4019999504089355,1.4019999504089355,1.4019999504089355,1.3839999437332153,1.3839999437332153,...,0.0,0.0,0.0,0.0,0.0,0.0,0.0,0.0,0.0,0.0,0.0,0.0,0.0,0.0,0.0,0.0,0.0,0.0,0.0,0.0,0.0,0.0,0.0,0.0,0.0,0.0,0.0,0.0,0.0,0.0,0.0,0.0,0.0,0.0,0.0,0.0,0.0,0.0,0.0,0.0,0.0,0.0,0.0,0.0,0.0,0.0,0.0,0.0,0.0,0.0,0.0,0.0,0.0,0.0,0.0,0.0,0.0,0.0,0.0,0.0,0.0,0.0,0.0,0.0,0.0,0.0,0.0,0.0,0.0,0.0,0.0,0.0,0.0,0.0,0.0,0.0,0.0,0.0,0.0,0.0,0.0,0.0,0.0,0.0,0.0,0.0,0.0,0.0,0.0,0.0,0.0,47.0,47.0,47.0,47.0,47.0,0.0,0.0,0.0,0.0,0.0,0.0,0.0,0.0,0.0,0.0,0.0,0.0,0.0,0.0,0.0,0.0,0.0,0.0,0.0,0.0,0.0,0.0,0.0,0.0,0.0,0.0,0.0,47.0,47.0,47.0,47.0,47.0,...
1763031583,673683083,laser,-3.1241390705108643,3.1415927410125732,0.0034828970674425364,5.378075366024859e-05,0.09675157070159912,0.15000000596046448,16.0,inf,inf,inf,inf,inf,inf,inf,inf,inf,inf,inf,inf,inf,inf,inf,inf,inf,inf,inf,inf,inf,inf,inf,inf,inf,inf,inf,inf,10.552000045776367,10.552000045776367,10.552000045776367,10.552000045776367,10.552000045776367,inf,inf,inf,inf,inf,inf,inf,inf,inf,inf,inf,inf,inf,inf,inf,inf,inf,inf,3.799999952316284,3.799999952316284,3.799999952316284,3.799999952316284,3.799999952316284,3.747999906539917,3.747999906539917,3.747999906539917,3.74399995803833,3.74399995803833,3.74399995803833,3.740000009536743,3.74399995803833,3.747999906539917,3.752000093460083,2.880000114440918,2.880000114440918,2.880000114440918,2.8359999656677246,2.8359999656677246,2.8359999656677246,2.7720000743865967,2.7039999961853027,2.6519999504089355,2.5959999561309814,2.5480000972747803,2.496000051498413,2.440000057220459,2.375999927520752,2.3359999656677246,2.303999900817871,2.2639999389648438,2.2639999389648438,2.2360000610351562,2.2039999961853027,2.1679999828338623,2.119999885559082,2.0880000591278076,2.052000045776367,2.0139999389648438,1.9880000352859497,1.9620000123977661,1.934000015258789,1.934000015258789,1.9040000438690186,1.8799999952316284,1.8639999628067017,1.8459999561309814,1.8240000009536743,1.8179999589920044,1.8140000104904175,1.8020000457763672,1.781999945640564,1.781999945640564,1.7599999904632568,1.7380000352859497,1.718000054359436,1.7020000219345093,1.6859999895095825,1.6619999408721924,1.6380000114440918,1.5180000066757202,1.5180000066757202,1.4980000257492065,1.4900000095367432,1.4819999933242798,1.4819999933242798,inf,inf,inf,inf,inf,inf,1.399999976158142,1.399999976158142,1.399999976158142,1.399999976158142,...,0.0,0.0,0.0,0.0,0.0,0.0,0.0,0.0,0.0,0.0,0.0,0.0,0.0,0.0,0.0,0.0,0.0,0.0,0.0,0.0,0.0,0.0,0.0,0.0,0.0,0.0,0.0,0.0,0.0,0.0,0.0,0.0,0.0,0.0,0.0,0.0,0.0,0.0,0.0,0.0,0.0,0.0,0.0,0.0,0.0,0.0,0.0,0.0,0.0,0.0,0.0,0.0,0.0,0.0,0.0,0.0,0.0,0.0,0.0,0.0,0.0,0.0,0.0,0.0,0.0,0.0,0.0,0.0,0.0,0.0,0.0,0.0,0.0,0.0,0.0,0.0,0.0,0.0,0.0,0.0,0.0,0.0,0.0,0.0,0.0,0.0,0.0,0.0,0.0,0.0,0.0,0.0,0.0,0.0,0.0,0.0,0.0,0.0,0.0,0.0,0.0,0.0,0.0,0.0,0.0,0.0,0.0,0.0,0.0,0.0,0.0,0.0,0.0,0.0,0.0,0.0,0.0,0.0,0.0,0.0,0.0,0.0,0.0,0.0,0.0,0.0,0.0,0.0,...
1763031583,772224957,laser,-3.1241390705108643,3.1415927410125732,0.0034828970674425364,5.701040572603233e-05,0.10256171971559525,0.15000000596046448,16.0,inf,inf,inf,inf,inf,inf,inf,inf,inf,inf,inf,inf,inf,inf,inf,inf,inf,inf,inf,inf,inf,inf,inf,inf,inf,inf,inf,inf,10.4399995803833,10.4399995803833,10.4399995803833,10.4399995803833,10.4399995803833,inf,inf,inf,inf,inf,inf,inf,inf,inf,inf,inf,inf,inf,inf,inf,inf,inf,inf,inf,3.871999979019165,3.871999979019165,3.871999979019165,3.871999979019165,3.871999979019165,3.7839999198913574,3.7839999198913574,3.740000009536743,3.74399995803833,3.747999906539917,3.747999906539917,3.747999906539917,3.747999906539917,3.747999906539917,3.747999906539917,2.9240000247955322,2.9240000247955322,2.9240000247955322,2.868000030517578,2.799999952316284,2.7279999256134033,2.6559998989105225,2.615999937057495,2.563999891281128,2.51200008392334,2.51200008392334,2.4639999866485596,2.4079999923706055,2.364000082015991,2.328000068664551,2.299999952316284,2.184000015258789,2.184000015258789,2.1760001182556152,2.128000020980835,2.0999999046325684,2.0999999046325684,2.0759999752044678,2.0439999103546143,2.009999990463257,1.9780000448226929,1.9459999799728394,1.9160000085830688,1.899999976158142,1.8960000276565552,1.8960000276565552,1.8760000467300415,1.8619999885559082,1.8619999885559082,1.840000033378601,1.8220000267028809,1.7979999780654907,1.7760000228881836,1.75600004196167,1.7319999933242798,1.7100000381469727,1.687999963760376,1.687999963760376,1.6660000085830688,1.6480000019073486,1.5379999876022339,1.5080000162124634,1.5080000162124634,1.4980000257492065,1.4859999418258667,inf,inf,inf,inf,1.399999976158142,1.399999976158142,1.399999976158142,1.399999976158142,1.399999976158142,1.3880000114440918,1.3880000114440918,...,0.0,0.0,0.0,0.0,0.0,0.0,0.0,0.0,0.0,0.0,0.0,0.0,0.0,0.0,0.0,0.0,0.0,0.0,0.0,0.0,0.0,0.0,0.0,0.0,0.0,0.0,0.0,0.0,0.0,0.0,0.0,0.0,0.0,0.0,0.0,0.0,0.0,0.0,0.0,0.0,0.0,0.0,0.0,0.0,0.0,0.0,0.0,0.0,0.0,0.0,0.0,0.0,0.0,0.0,0.0,0.0,0.0,0.0,0.0,0.0,0.0,0.0,0.0,0.0,0.0,0.0,0.0,0.0,0.0,0.0,0.0,0.0,0.0,0.0,0.0,0.0,0.0,0.0,0.0,0.0,0.0,0.0,0.0,0.0,0.0,0.0,0.0,0.0,0.0,0.0,0.0,0.0,0.0,0.0,0.0,0.0,0.0,0.0,0.0,0.0,0.0,0.0,0.0,0.0,0.0,0.0,0.0,0.0,0.0,0.0,0.0,0.0,0.0,0.0,0.0,0.0,0.0,0.0,0.0,0.0,0.0,0.0,0.0,0.0,0.0,0.0,0.0,0.0,...
1763031583,875685161,laser,-3.1241390705108643,3.1415927410125732,0.0034828970674425364,5.4127474868437275e-05,0.09737532585859299,0.15000000596046448,16.0,inf,inf,inf,inf,inf,inf,inf,inf,inf,inf,inf,inf,inf,inf,inf,inf,inf,inf,inf,inf,inf,inf,inf,inf,inf,inf,inf,inf,inf,10.552000045776367,10.552000045776367,10.552000045776367,10.552000045776367,10.552000045776367,inf,inf,inf,inf,inf,inf,inf,inf,inf,inf,inf,inf,inf,inf,inf,inf,inf,inf,3.9040000438690186,3.9040000438690186,3.9040000438690186,3.9040000438690186,3.9040000438690186,3.803999900817871,3.752000093460083,3.74399995803833,3.74399995803833,3.740000009536743,3.740000009536743,3.747999906539917,3.747999906539917,3.752000093460083,2.880000114440918,2.880000114440918,2.880000114440918,2.880000114440918,2.819999933242798,2.752000093460083,2.752000093460083,2.6480000019073486,2.6480000019073486,2.5880000591278076,2.5280001163482666,2.4719998836517334,2.436000108718872,2.3359999656677246,2.2960000038146973,2.2960000038146973,2.252000093460083,2.252000093460083,2.2039999961853027,2.2039999961853027,2.1679999828338623,2.119999885559082,2.078000068664551,2.0439999103546143,2.01200008392334,1.9880000352859497,1.968000054359436,1.9459999799728394,1.9359999895095825,1.9359999895095825,1.9279999732971191,1.9179999828338623,1.899999976158142,1.8760000467300415,1.8539999723434448,1.8320000171661377,1.812000036239624,1.7860000133514404,1.7860000133514404,1.7599999904632568,1.7400000095367432,1.7200000286102295,1.7020000219345093,1.6859999895095825,1.6640000343322754,1.628000020980835,1.5140000581741333,1.5019999742507935,1.5019999742507935,1.4900000095367432,1.4900000095367432,1.4759999513626099,inf,inf,inf,inf,1.4079999923706055,1.4079999923706055,1.4079999923706055,1.4079999923706055,1.4079999923706055,1.3980000019073486,...,0.0,0.0,0.0,0.0,0.0,0.0,0.0,0.0,0.0,0.0,0.0,0.0,0.0,0.0,0.0,0.0,0.0,0.0,0.0,0.0,0.0,0.0,0.0,0.0,0.0,0.0,0.0,0.0,0.0,0.0,0.0,0.0,0.0,0.0,0.0,0.0,0.0,0.0,0.0,0.0,0.0,0.0,0.0,0.0,0.0,0.0,0.0,0.0,0.0,0.0,0.0,0.0,0.0,0.0,0.0,0.0,0.0,0.0,0.0,0.0,0.0,0.0,0.0,0.0,0.0,0.0,0.0,0.0,0.0,0.0,0.0,0.0,0.0,0.0,0.0,0.0,0.0,0.0,0.0,0.0,0.0,0.0,0.0,0.0,0.0,0.0,0.0,0.0,0.0,0.0,0.0,0.0,0.0,0.0,0.0,0.0,0.0,0.0,0.0,0.0,0.0,0.0,0.0,0.0,0.0,0.0,47.0,47.0,47.0,47.0,47.0,0.0,0.0,0.0,0.0,0.0,0.0,0.0,0.0,0.0,0.0,0.0,0.0,0.0,0.0,47.0,47.0,47.0,...
1763031583,974421103,laser,-3.1241390705108643,3.1415927410125732,0.0034828970674425364,5.386327757150866e-05,0.09690003842115402,0.15000000596046448,16.0,inf,inf,inf,inf,inf,inf,inf,inf,inf,inf,inf,inf,inf,inf,inf,inf,inf,inf,inf,inf,inf,inf,inf,inf,inf,inf,inf,inf,inf,10.368000030517578,10.368000030517578,10.368000030517578,10.368000030517578,10.368000030517578,inf,inf,inf,inf,inf,inf,inf,inf,inf,inf,inf,inf,inf,inf,inf,inf,inf,inf,inf,3.868000030517578,3.868000030517578,3.868000030517578,3.868000030517578,3.868000030517578,3.7799999713897705,3.740000009536743,3.7360000610351562,3.740000009536743,3.747999906539917,3.747999906539917,3.747999906539917,3.747999906539917,3.747999906539917,2.8559999465942383,2.8559999465942383,2.8559999465942383,2.8559999465942383,2.7920000553131104,2.740000009536743,2.615999937057495,2.563999891281128,2.563999891281128,2.51200008392334,2.51200008392334,2.4639999866485596,2.4079999923706055,2.364000082015991,2.328000068664551,2.299999952316284,2.187999963760376,2.128000020980835,2.128000020980835,2.128000020980835,2.0999999046325684,2.0759999752044678,2.0759999752044678,2.0439999103546143,2.01200008392334,1.9780000448226929,1.9459999799728394,1.9199999570846558,1.906000018119812,1.8960000276565552,1.8860000371932983,1.8739999532699585,1.8639999628067017,1.8639999628067017,1.8420000076293945,1.8220000267028809,1.7999999523162842,1.7760000228881836,1.753999948501587,1.7300000190734863,1.7100000381469727,1.687999963760376,1.6660000085830688,1.6660000085830688,1.6480000019073486,1.5080000162124634,1.5080000162124634,1.496000051498413,1.496000051498413,1.4839999675750732,inf,inf,inf,inf,inf,1.4019999504089355,1.4019999504089355,1.4019999504089355,1.4019999504089355,1.4019999504089355,1.3880000114440918,...,0.0,0.0,0.0,0.0,0.0,0.0,0.0,0.0,0.0,0.0,0.0,0.0,0.0,0.0,0.0,0.0,0.0,0.0,0.0,0.0,0.0,0.0,0.0,0.0,0.0,0.0,0.0,0.0,0.0,0.0,0.0,0.0,0.0,0.0,0.0,0.0,0.0,0.0,0.0,0.0,0.0,0.0,0.0,0.0,0.0,0.0,0.0,0.0,0.0,0.0,0.0,0.0,0.0,0.0,0.0,0.0,0.0,0.0,0.0,0.0,0.0,0.0,0.0,0.0,0.0,0.0,0.0,0.0,0.0,0.0,0.0,47.0,47.0,47.0,47.0,47.0,0.0,0.0,0.0,0.0,0.0,0.0,0.0,0.0,0.0,0.0,0.0,0.0,0.0,0.0,0.0,0.0,0.0,0.0,0.0,0.0,0.0,0.0,0.0,0.0,0.0,0.0,0.0,0.0,0.0,0.0,0.0,0.0,0.0,0.0,0.0,0.0,0.0,0.0,0.0,0.0,0.0,0.0,0.0,0.0,0.0,0.0,0.0,0.0,0.0,0.0,0.0,0.0,...
1763031584,72866748,laser,-3.1241390705108643,3.1415927410125732,0.0034828970674425364,5.7151279179379344e-05,0.10281515121459961,0.15000000596046448,16.0,inf,inf,inf,inf,inf,inf,inf,inf,inf,inf,inf,inf,inf,inf,inf,inf,inf,inf,inf,inf,inf,inf,inf,inf,inf,inf,inf,inf,inf,inf,inf,inf,inf,inf,inf,inf,inf,inf,inf,inf,inf,inf,inf,inf,inf,inf,inf,inf,inf,inf,inf,inf,3.803999900817871,3.803999900817871,3.803999900817871,3.803999900817871,3.803999900817871,3.752000093460083,3.752000093460083,3.747999906539917,3.747999906539917,3.74399995803833,3.740000009536743,3.74399995803833,3.747999906539917,3.752000093460083,2.880000114440918,2.880000114440918,2.880000114440918,2.880000114440918,2.8239998817443848,2.8239998817443848,2.75600004196167,2.700000047683716,2.6519999504089355,2.6040000915527344,2.5480000972747803,2.496000051498413,2.440000057220459,2.384000062942505,2.3440001010894775,2.299999952316284,2.2760000228881836,2.2760000228881836,2.252000093460083,2.200000047683716,2.1640000343322754,2.119999885559082,2.0880000591278076,2.055999994277954,2.0160000324249268,1.9900000095367432,1.9639999866485596,1.937999963760376,1.937999963760376,1.906000018119812,1.878000020980835,1.8660000562667847,1.8480000495910645,1.8279999494552612,1.8240000009536743,1.815999984741211,1.8020000457763672,1.8020000457763672,1.7860000133514404,1.7640000581741333,1.7380000352859497,1.718000054359436,1.7039999961853027,1.6859999895095825,1.6619999408721924,1.6380000114440918,1.5240000486373901,1.50600004196167,1.50600004196167,1.4900000095367432,1.4900000095367432,1.4819999933242798,inf,inf,inf,inf,1.3980000019073486,1.3980000019073486,1.3980000019073486,1.3980000019073486,1.3980000019073486,1.3819999694824219,...,0.0,0.0,0.0,0.0,0.0,0.0,0.0,0.0,0.0,0.0,0.0,0.0,0.0,0.0,0.0,0.0,0.0,0.0,0.0,0.0,0.0,0.0,0.0,0.0,0.0,0.0,0.0,0.0,0.0,0.0,0.0,0.0,0.0,0.0,0.0,0.0,0.0,0.0,0.0,0.0,0.0,0.0,0.0,0.0,0.0,0.0,0.0,0.0,0.0,0.0,0.0,0.0,0.0,0.0,0.0,0.0,0.0,0.0,0.0,0.0,0.0,0.0,0.0,0.0,0.0,0.0,0.0,0.0,0.0,0.0,0.0,0.0,0.0,0.0,0.0,0.0,0.0,0.0,0.0,0.0,0.0,0.0,0.0,0.0,0.0,0.0,0.0,0.0,0.0,0.0,0.0,0.0,0.0,0.0,0.0,0.0,0.0,0.0,0.0,0.0,0.0,0.0,0.0,0.0,0.0,0.0,0.0,0.0,0.0,0.0,0.0,0.0,0.0,0.0,0.0,0.0,0.0,0.0,0.0,0.0,0.0,0.0,0.0,0.0,0.0,0.0,0.0,0.0,...
1763031584,177250737,laser,-3.1241390705108643,3.1415927410125732,0.0034828970674425364,5.3756408306071535e-05,0.0967077761888504,0.15000000596046448,16.0,inf,inf,inf,inf,inf,inf,inf,inf,inf,inf,inf,inf,inf,inf,inf,inf,inf,inf,inf,inf,inf,inf,inf,inf,inf,inf,inf,inf,inf,10.53600025177002,10.53600025177002,10.53600025177002,10.53600025177002,10.53600025177002,inf,inf,inf,inf,inf,inf,inf,inf,inf,inf,inf,inf,inf,inf,inf,inf,inf,inf,3.880000114440918,3.880000114440918,3.880000114440918,3.880000114440918,3.880000114440918,3.7960000038146973,3.7960000038146973,3.740000009536743,3.74399995803833,3.74399995803833,3.74399995803833,3.747999906539917,3.747999906539917,3.747999906539917,3.752000093460083,2.880000114440918,2.880000114440918,2.880000114440918,2.880000114440918,2.74399995803833,2.74399995803833,2.696000099182129,2.555999994277954,2.555999994277954,2.5239999294281006,2.4800000190734863,2.4800000190734863,2.371999979019165,2.371999979019165,2.3440001010894775,2.303999900817871,2.2039999961853027,2.196000099182129,2.196000099182129,2.1040000915527344,2.0739998817443848,2.0739998817443848,2.0739998817443848,2.01200008392334,2.01200008392334,1.9839999675750732,1.9559999704360962,1.9220000505447388,1.9019999504089355,1.8899999856948853,1.8799999952316284,1.8739999532699585,1.8600000143051147,1.8600000143051147,1.840000033378601,1.8240000009536743,1.8020000457763672,1.7760000228881836,1.75600004196167,1.7319999933242798,1.7100000381469727,1.6920000314712524,1.6699999570846558,1.6699999570846558,1.6519999504089355,1.5080000162124634,1.5080000162124634,1.4980000257492065,1.4980000257492065,1.4839999675750732,1.4780000448226929,inf,inf,inf,inf,1.4019999504089355,1.4019999504089355,1.4019999504089355,1.4019999504089355,1.4019999504089355,1.3919999599456787,...,0.0,0.0,0.0,0.0,0.0,0.0,0.0,0.0,0.0,0.0,0.0,0.0,0.0,0.0,0.0,0.0,0.0,0.0,0.0,0.0,0.0,0.0,0.0,0.0,0.0,0.0,0.0,0.0,0.0,0.0,0.0,0.0,0.0,0.0,0.0,0.0,0.0,0.0,0.0,0.0,0.0,0.0,0.0,0.0,0.0,0.0,0.0,0.0,0.0,0.0,0.0,0.0,0.0,0.0,0.0,0.0,0.0,0.0,0.0,0.0,0.0,0.0,0.0,0.0,0.0,0.0,0.0,0.0,0.0,0.0,0.0,0.0,0.0,0.0,0.0,0.0,0.0,0.0,0.0,0.0,0.0,0.0,0.0,0.0,0.0,0.0,0.0,0.0,0.0,0.0,0.0,0.0,0.0,0.0,0.0,0.0,0.0,0.0,0.0,0.0,0.0,0.0,0.0,0.0,0.0,0.0,0.0,0.0,0.0,0.0,0.0,0.0,0.0,0.0,0.0,0.0,0.0,0.0,0.0,0.0,0.0,0.0,0.0,0.0,0.0,0.0,0.0,0.0,...
1763031584,275585450,laser,-3.1241390705108643,3.1415927410125732,0.0034828970674425364,5.376979606808163e-05,0.09673185646533966,0.15000000596046448,16.0,inf,inf,inf,inf,inf,inf,inf,inf,inf,inf,inf,inf,inf,inf,inf,inf,inf,inf,inf,inf,inf,inf,inf,inf,inf,inf,inf,inf,inf,inf,inf,inf,inf,inf,inf,inf,inf,inf,inf,inf,inf,inf,inf,inf,inf,inf,inf,inf,inf,inf,inf,inf,3.808000087738037,3.808000087738037,3.808000087738037,3.808000087738037,3.808000087738037,3.752000093460083,3.752000093460083,3.74399995803833,3.74399995803833,3.74399995803833,3.74399995803833,3.747999906539917,3.747999906539917,3.752000093460083,2.880000114440918,2.880000114440918,2.880000114440918,2.880000114440918,2.828000068664551,2.828000068664551,2.7639999389648438,2.696000099182129,2.6480000019073486,2.5959999561309814,2.5280001163482666,2.4679999351501465,2.431999921798706,2.388000011444092,2.3440001010894775,2.2960000038146973,2.247999906539917,2.247999906539917,2.196000099182129,2.196000099182129,2.1440000534057617,2.111999988555908,2.0840001106262207,2.0439999103546143,2.01200008392334,1.9919999837875366,1.9739999771118164,1.9520000219345093,1.9520000219345093,1.9420000314712524,1.934000015258789,1.9220000505447388,1.9040000438690186,1.8799999952316284,1.8559999465942383,1.8320000171661377,1.805999994277954,1.805999994277954,1.781999945640564,1.7580000162124634,1.7380000352859497,1.715999960899353,1.6959999799728394,1.6779999732971191,1.6579999923706055,1.5099999904632568,1.5099999904632568,1.4980000257492065,1.4980000257492065,1.4980000257492065,1.4859999418258667,1.4780000448226929,inf,inf,inf,inf,1.406000018119812,1.406000018119812,1.406000018119812,1.406000018119812,1.406000018119812,1.3980000019073486,...,0.0,0.0,0.0,0.0,0.0,0.0,0.0,0.0,0.0,0.0,0.0,0.0,0.0,0.0,0.0,0.0,0.0,0.0,0.0,0.0,0.0,0.0,0.0,0.0,0.0,0.0,0.0,0.0,0.0,0.0,0.0,0.0,0.0,0.0,0.0,0.0,0.0,0.0,0.0,0.0,0.0,0.0,0.0,0.0,0.0,0.0,0.0,0.0,0.0,0.0,0.0,0.0,0.0,0.0,0.0,0.0,0.0,0.0,0.0,0.0,0.0,0.0,0.0,0.0,0.0,0.0,0.0,0.0,0.0,0.0,0.0,0.0,0.0,0.0,0.0,0.0,0.0,0.0,0.0,0.0,0.0,0.0,0.0,0.0,0.0,0.0,0.0,0.0,0.0,47.0,47.0,47.0,47.0,47.0,0.0,0.0,0.0,0.0,0.0,0.0,0.0,0.0,0.0,0.0,0.0,0.0,0.0,0.0,0.0,0.0,0.0,0.0,0.0,0.0,0.0,0.0,0.0,0.0,0.0,0.0,0.0,0.0,0.0,0.0,47.0,47.0,47.0,47.0,...
