1763031620,870447019,laser,-3.1241390705108643,3.1415927410125732,0.0034828970674425364,5.36685147380922e-05,0.09654965996742249,0.15000000596046448,16.0,inf,inf,inf,inf,inf,inf,inf,inf,inf,inf,inf,inf,inf,inf,inf,inf,inf,inf,inf,inf,inf,inf,inf,inf,inf,inf,10.479999542236328,10.479999542236328,10.479999542236328,10.479999542236328,10.479999542236328,inf,inf,inf,inf,inf,inf,inf,inf,inf,inf,inf,inf,inf,inf,inf,inf,inf,inf,inf,3.8959999084472656,3.8959999084472656,3.8959999084472656,3.8959999084472656,3.8959999084472656,3.808000087738037,3.808000087738037,3.808000087738037,3.752000093460083,3.74399995803833,3.74399995803833,3.740000009536743,3.74399995803833,3.747999906539917,3.747999906539917,3.752000093460083,2.9000000953674316,2.9000000953674316,2.8239998817443848,2.8239998817443848,2.8239998817443848,2.74399995803833,2.74399995803833,2.6440000534057617,2.6440000534057617,2.5920000076293945,2.5239999294281006,2.4679999351501465,2.427999973297119,2.375999927520752,2.3320000171661377,2.2960000038146973,2.247999906539917,2.247999906539917,2.191999912261963,2.191999912261963,2.1440000534057617,2.1080000400543213,2.0799999237060547,2.052000045776367,2.0280001163482666,2.0239999294281006,2.0139999389648438,2.0139999389648438,1.996000051498413,1.9780000448226929,1.9600000381469727,1.9359999895095825,1.9079999923706055,1.8819999694824219,1.8539999723434448,1.8279999494552612,1.8279999494552612,1.8040000200271606,1.7860000133514404,1.7619999647140503,1.7339999675750732,1.715999960899353,1.6979999542236328,1.6779999732971191,1.656000018119812,1.656000018119812,1.5299999713897705,1.5160000324249268,1.5160000324249268,1.503999948501587,1.4880000352859497,1.4819999933242798,1.4780000448226929,1.4739999771118164,inf,inf,inf,1.406000018119812,1.406000018119812,1.406000018119812,1.406000018119812,1.406000018119812,...,0.0,0.0,0.0,0.0,0.0,0.0,0.0,0.0,0.0,0.0,0.0,0.0,0.0,0.0,0.0,0.0,0.0,47.0,47.0,47.0,47.0,47.0,0.0,0.0,0.0,0.0,0.0,0.0,0.0,0.0,0.0,0.0,0.0,0.0,0.0,0.0,0.0,0.0,0.0,0.0,0.0,0.0,0.0,0.0,0.0,0.0,0.0,0.0,0.0,0.0,0.0,0.0,0.0,0.0,0.0,0.0,0.0,0.0,0.0,0.0,0.0,0.0,0.0,0.0,0.0,0.0,0.0,0.0,0.0,0.0,0.0,0.0,0.0,0.0,0.0,0.0,0.0,0.0,0.0,0.0,0.0,0.0,0.0,0.0,0.0,0.0,0.0,0.0,0.0,0.0,0.0,0.0,0.0,0.0,0.0,0.0,0.0,0.0,0.0,0.0,0.0,0.0,0.0,0.0,0.0,0.0,0.0,0.0,0.0,0.0,0.0,0.0,0.0,0.0,0.0,0.0,0.0,0.0,0.0,0.0,0.0,0.0,0.0,0.0,0.0,0.0,0.0,0.0,...
1763031620,968306154,laser,-3.1241390705108643,3.1415927410125732,0.0034828970674425364,5.39240354555659e-05,0.0970093384385109,0.15000000596046448,16.0,inf,inf,inf,inf,inf,inf,inf,inf,inf,inf,inf,inf,inf,inf,inf,inf,inf,inf,inf,inf,inf,inf,inf,inf,inf,inf,inf,inf,inf,inf,inf,inf,inf,inf,inf,inf,inf,inf,inf,inf,inf,inf,inf,inf,inf,inf,inf,inf,inf,inf,inf,inf,inf,inf,3.7799999713897705,3.7799999713897705,3.7799999713897705,3.7799999713897705,3.7799999713897705,3.740000009536743,3.740000009536743,3.747999906539917,3.747999906539917,3.747999906539917,3.747999906539917,3.747999906539917,2.9119999408721924,2.9119999408721924,2.859999895095825,2.859999895095825,2.859999895095825,2.7960000038146973,2.7320001125335693,2.6679999828338623,2.6080000400543213,2.555999994277954,2.503999948501587,2.4679999351501465,2.4679999351501465,2.359999895095825,2.359999895095825,2.308000087738037,2.2839999198913574,2.191999912261963,2.191999912261963,2.1760001182556152,2.131999969482422,2.1080000400543213,2.0799999237060547,2.0799999237060547,2.049999952316284,2.0199999809265137,1.9919999837875366,1.965999960899353,1.9500000476837158,1.934000015258789,1.9240000247955322,1.9079999923706055,1.8899999856948853,1.8700000047683716,1.8700000047683716,1.843999981880188,1.8240000009536743,1.7979999780654907,1.7719999551773071,1.75,1.7300000190734863,1.7100000381469727,1.6859999895095825,1.6859999895095825,1.6679999828338623,1.6480000019073486,1.527999997138977,1.527999997138977,1.50600004196167,1.49399995803833,1.4819999933242798,1.468000054359436,inf,inf,1.434000015258789,1.434000015258789,1.434000015258789,1.434000015258789,1.434000015258789,1.4019999504089355,1.4019999504089355,1.4019999504089355,...,0.0,0.0,0.0,0.0,0.0,0.0,0.0,0.0,0.0,0.0,0.0,0.0,0.0,0.0,0.0,0.0,0.0,0.0,0.0,0.0,0.0,0.0,0.0,0.0,0.0,0.0,0.0,0.0,0.0,0.0,0.0,0.0,0.0,0.0,0.0,0.0,0.0,0.0,0.0,0.0,0.0,0.0,0.0,0.0,0.0,0.0,0.0,0.0,0.0,0.0,0.0,0.0,0.0,0.0,0.0,0.0,0.0,0.0,0.0,0.0,0.0,0.0,0.0,0.0,0.0,0.0,0.0,0.0,0.0,0.0,0.0,0.0,0.0,0.0,0.0,0.0,0.0,0.0,0.0,0.0,0.0,0.0,0.0,0.0,0.0,0.0,0.0,0.0,0.0,0.0,0.0,47.0,47.0,47.0,47.0,47.0,0.0,0.0,0.0,0.0,0.0,0.0,0.0,0.0,0.0,0.0,0.0,0.0,0.0,0.0,0.0,0.0,0.0,0.0,0.0,0.0,0.0,0.0,0.0,0.0,0.0,0.0,0.0,47.0,47.0,47.0,47.0,47.0,...
1763031621,66661498,laser,-3.1241390705108643,3.1415927410125732,0.0034828970674425364,5.384013638831675e-05,0.09685840457677841,0.15000000596046448,16.0,inf,inf,inf,inf,inf,inf,inf,inf,inf,inf,inf,inf,inf,inf,inf,inf,inf,inf,inf,inf,inf,inf,inf,inf,inf,inf,inf,inf,inf,inf,inf,inf,inf,inf,inf,inf,inf,inf,inf,inf,inf,inf,inf,inf,inf,inf,inf,inf,inf,inf,inf,inf,inf,3.799999952316284,3.799999952316284,3.799999952316284,3.799999952316284,3.799999952316284,3.74399995803833,3.74399995803833,3.74399995803833,3.740000009536743,3.74399995803833,3.747999906539917,3.752000093460083,3.752000093460083,3.752000093460083,2.927999973297119,2.875999927520752,2.875999927520752,2.875999927520752,2.684000015258789,2.684000015258789,2.684000015258789,2.635999917984009,2.5799999237060547,2.5320000648498535,2.4800000190734863,2.4119999408721924,2.364000082015991,2.3320000171661377,2.3320000171661377,2.2960000038146973,2.191999912261963,2.191999912261963,2.187999963760376,2.1519999504089355,2.111999988555908,2.0799999237060547,2.0480000972747803,2.003999948501587,1.972000002861023,1.972000002861023,1.9479999542236328,1.9199999570846558,1.8919999599456787,1.8580000400543213,1.8320000171661377,1.8140000104904175,1.7920000553131104,1.7740000486373901,1.7680000066757202,1.7680000066757202,1.7719999551773071,1.7640000581741333,1.7480000257492065,1.7300000190734863,1.7100000381469727,1.687999963760376,1.6679999828338623,1.6480000019073486,1.6480000019073486,1.5180000066757202,1.5180000066757202,1.4980000257492065,1.4980000257492065,1.4819999933242798,inf,inf,inf,inf,inf,inf,1.4019999504089355,1.4019999504089355,1.4019999504089355,1.4019999504089355,1.4019999504089355,...,0.0,0.0,0.0,0.0,0.0,0.0,0.0,0.0,0.0,0.0,0.0,0.0,0.0,0.0,0.0,0.0,0.0,0.0,0.0,0.0,0.0,0.0,0.0,0.0,0.0,0.0,0.0,0.0,0.0,0.0,0.0,0.0,0.0,0.0,0.0,0.0,0.0,0.0,0.0,0.0,0.0,0.0,0.0,0.0,0.0,0.0,0.0,0.0,0.0,0.0,0.0,0.0,0.0,0.0,0.0,0.0,0.0,0.0,0.0,0.0,0.0,0.0,0.0,0.0,0.0,0.0,0.0,0.0,0.0,0.0,47.0,47.0,47.0,47.0,47.0,0.0,0.0,0.0,0.0,0.0,0.0,0.0,0.0,0.0,0.0,0.0,0.0,0.0,0.0,0.0,0.0,47.0,47.0,47.0,47.0,47.0,0.0,0.0,0.0,0.0,0.0,0.0,0.0,0.0,0.0,0.0,0.0,0.0,0.0,0.0,0.0,0.0,0.0,0.0,0.0,0.0,0.0,0.0,0.0,0.0,0.0,0.0,0.0,0.0,0.0,0.0,0.0,0.0,...
1763031621,164408027,laser,-3.1241390705108643,3.1415927410125732,0.0034828970674425364,5.756932660005987e-05,0.1035672202706337,0.15000000596046448,16.0,inf,inf,inf,inf,inf,inf,inf,inf,inf,inf,inf,inf,inf,inf,inf,inf,inf,inf,inf,inf,inf,inf,inf,inf,inf,inf,inf,inf,inf,inf,inf,inf,inf,inf,inf,inf,inf,inf,inf,inf,inf,inf,inf,inf,inf,inf,inf,inf,inf,inf,inf,inf,inf,inf,3.75600004196167,3.75600004196167,3.75600004196167,3.75600004196167,3.75600004196167,3.747999906539917,3.747999906539917,3.740000009536743,3.740000009536743,3.74399995803833,3.747999906539917,3.752000093460083,2.875999927520752,2.875999927520752,2.875999927520752,2.828000068664551,2.828000068664551,2.7679998874664307,2.7679998874664307,2.6440000534057617,2.6440000534057617,2.5999999046325684,2.5439999103546143,2.496000051498413,2.447999954223633,2.384000062942505,2.3359999656677246,2.2960000038146973,2.2720000743865967,2.2720000743865967,2.24399995803833,2.200000047683716,2.1640000343322754,2.119999885559082,2.0840001106262207,2.055999994277954,2.0239999294281006,1.996000051498413,1.9759999513626099,1.9479999542236328,1.9479999542236328,1.9240000247955322,1.9119999408721924,1.906000018119812,1.8940000534057617,1.8739999532699585,1.8559999465942383,1.8359999656677246,1.8140000104904175,1.7899999618530273,1.7899999618530273,1.7640000581741333,1.746000051498413,1.7259999513626099,1.7039999961853027,1.6859999895095825,1.6640000343322754,1.6339999437332153,1.5160000324249268,1.5160000324249268,1.50600004196167,1.4919999837875366,inf,inf,inf,inf,1.409999966621399,1.409999966621399,1.409999966621399,1.409999966621399,1.409999966621399,1.399999976158142,1.399999976158142,1.399999976158142,...,0.0,0.0,0.0,0.0,0.0,0.0,0.0,0.0,0.0,0.0,0.0,0.0,0.0,0.0,0.0,0.0,0.0,0.0,0.0,0.0,0.0,0.0,0.0,0.0,0.0,0.0,0.0,0.0,0.0,0.0,0.0,0.0,0.0,0.0,0.0,0.0,0.0,0.0,0.0,0.0,0.0,0.0,0.0,0.0,0.0,0.0,0.0,0.0,0.0,0.0,0.0,0.0,0.0,0.0,0.0,0.0,0.0,0.0,0.0,0.0,0.0,0.0,0.0,0.0,0.0,0.0,0.0,0.0,0.0,0.0,0.0,0.0,0.0,0.0,0.0,0.0,0.0,0.0,0.0,0.0,0.0,0.0,0.0,0.0,0.0,0.0,0.0,0.0,0.0,0.0,0.0,47.0,47.0,47.0,47.0,47.0,0.0,0.0,0.0,0.0,0.0,0.0,0.0,0.0,0.0,0.0,0.0,0.0,0.0,0.0,0.0,0.0,0.0,0.0,0.0,0.0,0.0,0.0,0.0,0.0,0.0,0.0,0.0,0.0,0.0,0.0,0.0,0.0,...
1763031621,269450335,laser,-3.1241390705108643,3.1415927410125732,0.0034828970674425364,5.383244206313975e-05,0.09684456139802933,0.15000000596046448,16.0,inf,inf,inf,inf,inf,inf,inf,inf,inf,inf,inf,inf,inf,inf,inf,inf,inf,inf,inf,inf,inf,inf,inf,inf,inf,inf,inf,inf,10.552000045776367,10.552000045776367,10.552000045776367,10.552000045776367,10.552000045776367,inf,inf,inf,inf,inf,inf,inf,inf,inf,inf,inf,inf,inf,inf,inf,inf,inf,inf,inf,inf,3.759999990463257,3.759999990463257,3.759999990463257,3.759999990463257,3.759999990463257,3.7320001125335693,3.7320001125335693,3.7239999771118164,3.740000009536743,3.740000009536743,3.747999906539917,3.752000093460083,3.752000093460083,2.8919999599456787,2.8919999599456787,2.828000068664551,2.828000068664551,2.828000068664551,2.7679998874664307,2.7039999961853027,2.6480000019073486,2.5999999046325684,2.5999999046325684,2.5439999103546143,2.492000102996826,2.444000005722046,2.3919999599456787,2.3440001010894775,2.299999952316284,2.2720000743865967,2.24399995803833,2.24399995803833,2.200000047683716,2.1640000343322754,2.119999885559082,2.0840001106262207,2.055999994277954,2.0260000228881836,2.0199999809265137,2.009999990463257,1.9900000095367432,1.9780000448226929,1.9780000448226929,1.9620000123977661,1.940000057220459,1.9140000343322754,1.8880000114440918,1.8619999885559082,1.8359999656677246,1.8140000104904175,1.7899999618530273,1.7899999618530273,1.7640000581741333,1.74399995803833,1.7239999771118164,1.7039999961853027,1.684000015258789,1.6640000343322754,1.6319999694824219,1.5160000324249268,1.5160000324249268,1.50600004196167,1.4919999837875366,1.4919999837875366,1.4800000190734863,1.4759999513626099,inf,inf,inf,inf,1.409999966621399,1.409999966621399,1.409999966621399,1.409999966621399,1.409999966621399,...,0.0,0.0,0.0,0.0,0.0,0.0,0.0,0.0,0.0,0.0,0.0,0.0,0.0,0.0,0.0,0.0,0.0,0.0,0.0,0.0,0.0,0.0,0.0,0.0,0.0,0.0,0.0,0.0,0.0,0.0,0.0,0.0,0.0,0.0,0.0,0.0,0.0,0.0,0.0,0.0,0.0,0.0,0.0,0.0,0.0,0.0,0.0,0.0,0.0,0.0,0.0,0.0,0.0,0.0,0.0,0.0,0.0,0.0,0.0,0.0,0.0,0.0,0.0,0.0,0.0,0.0,0.0,0.0,0.0,0.0,0.0,0.0,0.0,0.0,0.0,0.0,0.0,0.0,0.0,0.0,0.0,0.0,0.0,0.0,0.0,0.0,0.0,0.0,0.0,0.0,0.0,0.0,0.0,0.0,0.0,0.0,0.0,0.0,0.0,0.0,0.0,0.0,0.0,0.0,0.0,0.0,0.0,47.0,47.0,47.0,47.0,47.0,0.0,0.0,0.0,0.0,0.0,0.0,0.0,0.0,0.0,0.0,0.0,0.0,0.0,0.0,47.0,47.0,...
1763031621,367885372,laser,-3.1241390705108643,3.1415927410125732,0.0034828970674425364,5.372917075874284e-05,0.09665878117084503,0.15000000596046448,16.0,inf,inf,inf,inf,inf,inf,inf,inf,inf,inf,inf,inf,inf,inf,inf,inf,inf,inf,inf,inf,inf,inf,inf,inf,inf,inf,inf,inf,inf,inf,inf,inf,inf,inf,inf,inf,inf,inf,inf,inf,inf,inf,inf,inf,inf,inf,inf,inf,inf,inf,inf,inf,inf,inf,3.759999990463257,3.759999990463257,3.759999990463257,3.759999990463257,3.759999990463257,3.7320001125335693,3.7239999771118164,3.740000009536743,3.747999906539917,3.747999906539917,3.752000093460083,3.752000093460083,2.888000011444092,2.888000011444092,2.888000011444092,2.828000068664551,2.828000068664551,2.7679998874664307,2.7079999446868896,2.6480000019073486,2.5999999046325684,2.5999999046325684,2.5480000972747803,2.492000102996826,2.444000005722046,2.388000011444092,2.3399999141693115,2.299999952316284,2.2760000228881836,2.24399995803833,2.200000047683716,2.1640000343322754,2.119999885559082,2.119999885559082,2.0880000591278076,2.055999994277954,2.0260000228881836,1.99399995803833,1.9700000286102295,1.9459999799728394,1.909999966621399,1.8819999694824219,1.871999979019165,1.8559999465942383,1.8559999465942383,1.8380000591278076,1.8339999914169312,1.8240000009536743,1.8079999685287476,1.7899999618530273,1.7640000581741333,1.7640000581741333,1.7419999837875366,1.722000002861023,1.7039999961853027,1.6859999895095825,1.6619999408721924,1.6399999856948853,1.5219999551773071,1.5219999551773071,1.50600004196167,1.4900000095367432,1.4780000448226929,1.4780000448226929,inf,inf,inf,inf,inf,inf,1.399999976158142,1.399999976158142,1.399999976158142,1.399999976158142,...,0.0,0.0,0.0,0.0,0.0,0.0,0.0,0.0,0.0,0.0,0.0,0.0,0.0,0.0,0.0,0.0,0.0,47.0,47.0,47.0,47.0,47.0,0.0,0.0,0.0,0.0,0.0,0.0,0.0,0.0,0.0,0.0,0.0,0.0,0.0,0.0,0.0,0.0,0.0,0.0,0.0,0.0,0.0,0.0,0.0,0.0,0.0,0.0,0.0,0.0,0.0,0.0,0.0,0.0,0.0,0.0,0.0,0.0,0.0,0.0,0.0,0.0,0.0,0.0,0.0,0.0,0.0,47.0,47.0,47.0,47.0,47.0,0.0,0.0,0.0,0.0,0.0,0.0,0.0,0.0,0.0,0.0,0.0,0.0,0.0,0.0,0.0,0.0,0.0,0.0,0.0,0.0,0.0,0.0,0.0,0.0,0.0,0.0,0.0,0.0,0.0,0.0,0.0,0.0,0.0,0.0,0.0,0.0,0.0,0.0,0.0,0.0,0.0,0.0,0.0,0.0,0.0,0.0,0.0,0.0,0.0,0.0,0.0,0.0,0.0,0.0,0.0,0.0,...
1763031621,465721103,laser,-3.1241390705108643,3.1415927410125732,0.0034828970674425364,5.396160122472793e-05,0.09707692265510559,0.15000000596046448,16.0,inf,inf,inf,inf,inf,inf,inf,inf,inf,inf,inf,inf,inf,inf,inf,inf,inf,inf,inf,inf,inf,inf,inf,inf,inf,inf,inf,inf,inf,inf,inf,inf,inf,inf,inf,inf,inf,inf,inf,inf,inf,inf,inf,inf,inf,inf,inf,inf,inf,inf,inf,inf,3.812000036239624,3.812000036239624,3.812000036239624,3.812000036239624,3.812000036239624,3.759999990463257,3.759999990463257,3.752000093460083,3.74399995803833,3.74399995803833,3.7360000610351562,3.74399995803833,3.747999906539917,3.752000093460083,2.888000011444092,2.888000011444092,2.888000011444092,2.888000011444092,2.828000068664551,2.7679998874664307,2.7679998874664307,2.6480000019073486,2.6480000019073486,2.5999999046325684,2.5480000972747803,2.496000051498413,2.444000005722046,2.388000011444092,2.3440001010894775,2.299999952316284,2.2760000228881836,2.2760000228881836,2.24399995803833,2.200000047683716,2.1600000858306885,2.115999937057495,2.0840001106262207,2.055999994277954,2.0239999294281006,1.9919999837875366,1.9620000123977661,1.9359999895095825,1.909999966621399,1.909999966621399,1.8760000467300415,1.8580000400543213,1.8359999656677246,1.8020000457763672,1.7920000553131104,1.7920000553131104,1.7899999618530273,1.777999997138977,1.777999997138977,1.7599999904632568,1.7400000095367432,1.7200000286102295,1.7039999961853027,1.684000015258789,1.6640000343322754,1.6399999856948853,1.5180000066757202,1.5,1.5,1.4900000095367432,1.4819999933242798,1.4819999933242798,inf,inf,inf,inf,1.406000018119812,1.406000018119812,1.406000018119812,1.406000018119812,1.406000018119812,1.3960000276565552,...,0.0,0.0,0.0,0.0,0.0,0.0,0.0,0.0,0.0,0.0,0.0,0.0,0.0,0.0,0.0,0.0,0.0,0.0,0.0,0.0,0.0,0.0,0.0,0.0,0.0,0.0,0.0,0.0,0.0,0.0,0.0,0.0,0.0,0.0,0.0,0.0,0.0,0.0,0.0,0.0,0.0,0.0,0.0,0.0,0.0,0.0,0.0,0.0,0.0,0.0,0.0,0.0,0.0,0.0,0.0,0.0,0.0,0.0,0.0,0.0,0.0,0.0,0.0,0.0,0.0,0.0,0.0,0.0,0.0,0.0,0.0,0.0,0.0,0.0,0.0,0.0,0.0,0.0,0.0,0.0,0.0,0.0,0.0,0.0,0.0,0.0,0.0,0.0,0.0,0.0,0.0,0.0,0.0,0.0,0.0,0.0,0.0,0.0,0.0,0.0,0.0,0.0,0.0,0.0,0.0,0.0,0.0,0.0,0.0,0.0,0.0,0.0,0.0,0.0,0.0,0.0,0.0,0.0,0.0,0.0,0.0,0.0,0.0,0.0,0.0,0.0,0.0,0.0,...
1763031621,564235837,laser,-3.1241390705108643,3.1415927410125732,0.0034828970674425364,5.387492274167016e-05,0.09692098945379257,0.15000000596046448,16.0,inf,inf,inf,inf,inf,inf,inf,inf,inf,inf,inf,inf,inf,inf,inf,inf,inf,inf,inf,inf,inf,inf,inf,inf,inf,inf,inf,inf,inf,10.51200008392334,10.51200008392334,10.51200008392334,10.51200008392334,10.51200008392334,inf,inf,inf,inf,inf,inf,inf,inf,inf,inf,inf,inf,inf,inf,inf,inf,inf,inf,inf,3.759999990463257,3.759999990463257,3.759999990463257,3.759999990463257,3.759999990463257,3.740000009536743,3.740000009536743,3.7320001125335693,3.740000009536743,3.747999906539917,3.747999906539917,3.752000093460083,3.752000093460083,2.888000011444092,2.888000011444092,2.8399999141693115,2.8399999141693115,2.8399999141693115,2.7839999198913574,2.7119998931884766,2.6519999504089355,2.611999988555908,2.611999988555908,2.559999942779541,2.496000051498413,2.444000005722046,2.388000011444092,2.3440001010894775,2.303999900817871,2.2880001068115234,2.184000015258789,2.1640000343322754,2.1640000343322754,2.131999969482422,2.131999969482422,2.0999999046325684,2.059999942779541,2.0280001163482666,2.003999948501587,1.9839999675750732,1.9559999704360962,1.9299999475479126,1.9160000085830688,1.9160000085830688,1.9079999923706055,1.8960000276565552,1.8799999952316284,1.8639999628067017,1.8420000076293945,1.8200000524520874,1.7960000038146973,1.7660000324249268,1.7660000324249268,1.7300000190734863,1.7300000190734863,1.7079999446868896,1.684000015258789,1.6619999408721924,1.6399999856948853,1.5219999551773071,1.5219999551773071,1.503999948501587,1.49399995803833,1.4839999675750732,1.4639999866485596,1.4639999866485596,1.434000015258789,1.434000015258789,1.434000015258789,1.434000015258789,1.434000015258789,1.4160000085830688,1.4160000085830688,1.4160000085830688,1.4019999504089355,...,0.0,0.0,0.0,0.0,0.0,0.0,0.0,0.0,0.0,0.0,0.0,0.0,0.0,0.0,0.0,0.0,0.0,0.0,0.0,0.0,0.0,0.0,0.0,0.0,0.0,0.0,0.0,0.0,0.0,0.0,0.0,0.0,0.0,0.0,0.0,0.0,0.0,0.0,0.0,0.0,0.0,0.0,0.0,0.0,0.0,0.0,0.0,0.0,0.0,0.0,0.0,0.0,0.0,0.0,0.0,0.0,0.0,0.0,0.0,0.0,0.0,0.0,0.0,0.0,0.0,0.0,0.0,0.0,0.0,0.0,0.0,0.0,0.0,0.0,0.0,0.0,0.0,0.0,0.0,0.0,0.0,0.0,0.0,0.0,0.0,0.0,0.0,0.0,0.0,0.0,0.0,0.0,0.0,0.0,0.0,0.0,0.0,0.0,0.0,0.0,0.0,0.0,0.0,0.0,0.0,0.0,0.0,0.0,0.0,0.0,0.0,0.0,0.0,0.0,0.0,0.0,0.0,0.0,0.0,0.0,0.0,0.0,0.0,0.0,0.0,0.0,0.0,0.0,...
1763031621,662519956,laser,-3.1241390705108643,3.1415927410125732,0.0034828970674425364,5.7234250562032685e-05,0.10296441614627838,0.15000000596046448,16.0,inf,inf,inf,inf,inf,inf,inf,inf,inf,inf,inf,inf,inf,inf,inf,inf,inf,inf,inf,inf,inf,inf,inf,inf,inf,inf,10.46399974822998,10.46399974822998,10.46399974822998,10.46399974822998,10.46399974822998,inf,inf,inf,inf,inf,inf,inf,inf,inf,inf,inf,inf,inf,inf,inf,inf,inf,inf,inf,inf,inf,inf,inf,3.7639999389648438,3.7639999389648438,3.7639999389648438,3.7639999389648438,3.7639999389648438,3.7360000610351562,3.7320001125335693,3.740000009536743,3.740000009536743,3.747999906539917,3.747999906539917,3.752000093460083,2.8919999599456787,2.8919999599456787,2.8919999599456787,2.8399999141693115,2.8399999141693115,2.7799999713897705,2.7119998931884766,2.6519999504089355,2.611999988555908,2.611999988555908,2.559999942779541,2.496000051498413,2.444000005722046,2.388000011444092,2.3440001010894775,2.303999900817871,2.2880001068115234,2.196000099182129,2.196000099182129,2.171999931335449,2.171999931335449,2.140000104904175,2.1080000400543213,2.068000078201294,2.0399999618530273,2.0299999713897705,2.0199999809265137,2.003999948501587,1.99399995803833,1.99399995803833,1.972000002861023,1.944000005722046,1.9220000505447388,1.8960000276565552,1.8680000305175781,1.8420000076293945,1.8179999589920044,1.7940000295639038,1.7680000066757202,1.7680000066757202,1.7280000448226929,1.7280000448226929,1.7059999704360962,1.684000015258789,1.6619999408721924,1.6399999856948853,1.5180000066757202,1.5180000066757202,1.50600004196167,1.49399995803833,1.4839999675750732,inf,inf,inf,1.4299999475479126,1.4299999475479126,1.4299999475479126,1.4299999475479126,1.4299999475479126,1.4119999408721924,1.4119999408721924,1.4119999408721924,...,0.0,0.0,0.0,0.0,0.0,0.0,0.0,0.0,0.0,0.0,0.0,0.0,0.0,0.0,0.0,0.0,0.0,0.0,0.0,0.0,0.0,0.0,0.0,0.0,0.0,0.0,0.0,0.0,0.0,0.0,0.0,0.0,0.0,0.0,0.0,0.0,0.0,0.0,0.0,0.0,0.0,0.0,0.0,0.0,0.0,0.0,0.0,0.0,0.0,0.0,0.0,0.0,0.0,0.0,0.0,0.0,0.0,0.0,0.0,0.0,0.0,0.0,0.0,0.0,0.0,0.0,0.0,0.0,0.0,0.0,0.0,0.0,0.0,0.0,0.0,0.0,0.0,0.0,0.0,0.0,0.0,0.0,0.0,0.0,0.0,0.0,0.0,0.0,0.0,0.0,0.0,0.0,0.0,0.0,0.0,0.0,0.0,0.0,0.0,0.0,0.0,0.0,0.0,0.0,0.0,0.0,0.0,0.0,0.0,0.0,0.0,0.0,0.0,0.0,0.0,0.0,0.0,0.0,0.0,0.0,0.0,0.0,0.0,0.0,0.0,0.0,0.0,0.0,...
1763031621,766779862,laser,-3.1241390705108643,3.1415927410125732,0.0034828970674425364,5.3807958465768024e-05,0.09680051356554031,0.15000000596046448,16.0,inf,inf,inf,inf,inf,inf,inf,inf,inf,inf,inf,inf,inf,inf,inf,inf,inf,inf,inf,inf,inf,inf,inf,inf,inf,inf,inf,inf,10.520000457763672,10.520000457763672,10.520000457763672,10.520000457763672,10.520000457763672,inf,inf,inf,inf,inf,inf,inf,inf,inf,inf,inf,inf,inf,inf,inf,inf,inf,3.8959999084472656,3.8959999084472656,3.8959999084472656,3.8959999084472656,3.8959999084472656,3.799999952316284,3.799999952316284,3.799999952316284,3.740000009536743,3.74399995803833,3.74399995803833,3.74399995803833,3.740000009536743,3.74399995803833,3.747999906539917,3.747999906539917,2.947999954223633,2.947999954223633,2.888000011444092,2.888000011444092,2.815999984741211,2.74399995803833,2.74399995803833,2.640000104904175,2.640000104904175,2.5920000076293945,2.5360000133514404,2.4839999675750732,2.427999973297119,2.384000062942505,2.3440001010894775,2.303999900817871,2.2119998931884766,2.2119998931884766,2.187999963760376,2.187999963760376,2.140000104904175,2.1080000400543213,2.0759999752044678,2.049999952316284,2.0160000324249268,1.9819999933242798,1.9600000381469727,1.9279999732971191,1.9279999732971191,1.9040000438690186,1.8880000114440918,1.8760000467300415,1.8660000562667847,1.8519999980926514,1.8380000591278076,1.8200000524520874,1.7999999523162842,1.7999999523162842,1.777999997138977,1.75600004196167,1.7380000352859497,1.7200000286102295,1.6979999542236328,1.6759999990463257,1.6540000438690186,1.6239999532699585,1.5119999647140503,1.5119999647140503,1.4980000257492065,1.4980000257492065,1.4859999418258667,inf,inf,inf,inf,inf,inf,1.4019999504089355,1.4019999504089355,1.4019999504089355,1.4019999504089355,1.4019999504089355,...,0.0,0.0,0.0,0.0,0.0,0.0,0.0,0.0,0.0,0.0,0.0,0.0,0.0,0.0,0.0,0.0,0.0,0.0,0.0,0.0,0.0,0.0,0.0,0.0,0.0,0.0,0.0,0.0,0.0,0.0,0.0,0.0,0.0,0.0,0.0,0.0,0.0,0.0,0.0,0.0,0.0,0.0,0.0,0.0,0.0,0.0,0.0,0.0,0.0,0.0,0.0,0.0,0.0,0.0,0.0,0.0,0.0,0.0,0.0,0.0,0.0,0.0,0.0,0.0,0.0,0.0,0.0,0.0,0.0,0.0,0.0,0.0,0.0,0.0,0.0,0.0,0.0,0.0,0.0,0.0,0.0,0.0,0.0,0.0,0.0,0.0,0.0,0.0,0.0,0.0,0.0,0.0,0.0,0.0,0.0,0.0,0.0,0.0,0.0,0.0,0.0,0.0,0.0,0.0,0.0,0.0,0.0,0.0,0.0,0.0,0.0,0.0,0.0,0.0,0.0,0.0,0.0,0.0,0.0,0.0,0.0,0.0,0.0,0.0,0.0,0.0,0.0,0.0,...
1763031621,865181543,laser,-3.1241390705108643,3.1415927410125732,0.0034828970674425364,5.382371091400273e-05,0.09682885557413101,0.15000000596046448,16.0,inf,inf,inf,inf,inf,inf,inf,inf,inf,inf,inf,inf,inf,inf,inf,inf,inf,inf,inf,inf,inf,inf,inf,inf,inf,inf,inf,10.343999862670898,10.343999862670898,10.343999862670898,10.343999862670898,10.343999862670898,inf,inf,inf,inf,inf,inf,inf,inf,inf,inf,inf,inf,inf,inf,inf,inf,inf,inf,inf,3.8519999980926514,3.8519999980926514,3.8519999980926514,3.8519999980926514,3.8519999980926514,3.7799999713897705,3.7799999713897705,3.7799999713897705,3.740000009536743,3.74399995803833,3.747999906539917,3.74399995803833,3.74399995803833,3.747999906539917,3.747999906539917,3.747999906539917,2.931999921798706,2.931999921798706,2.931999921798706,2.7960000038146973,2.7960000038146973,2.74399995803833,2.684000015258789,2.624000072479248,2.572000026702881,2.5360000133514404,2.4040000438690186,2.4040000438690186,2.371999979019165,2.371999979019165,2.3399999141693115,2.2960000038146973,2.2360000610351562,2.2079999446868896,2.187999963760376,2.140000104904175,2.1080000400543213,2.0759999752044678,2.0439999103546143,2.007999897003174,1.9800000190734863,1.9800000190734863,1.9539999961853027,1.9160000085830688,1.8919999599456787,1.8680000305175781,1.8459999561309814,1.8359999656677246,1.8279999494552612,1.8179999589920044,1.8179999589920044,1.809999942779541,1.7979999780654907,1.777999997138977,1.753999948501587,1.7300000190734863,1.7139999866485596,1.6979999542236328,1.6740000247955322,1.6540000438690186,1.6540000438690186,1.4980000257492065,1.4980000257492065,1.4980000257492065,1.4980000257492065,1.4839999675750732,inf,inf,inf,inf,1.399999976158142,1.399999976158142,1.399999976158142,1.399999976158142,1.399999976158142,1.3919999599456787,1.3919999599456787,...,0.0,0.0,0.0,0.0,0.0,0.0,0.0,0.0,0.0,0.0,0.0,0.0,0.0,0.0,0.0,0.0,0.0,0.0,0.0,0.0,0.0,0.0,0.0,0.0,0.0,0.0,0.0,0.0,0.0,0.0,0.0,0.0,0.0,0.0,0.0,0.0,0.0,0.0,0.0,0.0,0.0,0.0,0.0,0.0,0.0,0.0,0.0,0.0,0.0,0.0,0.0,0.0,0.0,0.0,0.0,0.0,0.0,0.0,0.0,0.0,0.0,0.0,0.0,0.0,0.0,0.0,0.0,0.0,0.0,0.0,0.0,0.0,0.0,0.0,0.0,0.0,0.0,0.0,0.0,0.0,0.0,0.0,0.0,0.0,0.0,0.0,0.0,0.0,0.0,0.0,0.0,47.0,47.0,47.0,47.0,47.0,0.0,0.0,0.0,0.0,0.0,0.0,0.0,0.0,0.0,0.0,0.0,0.0,0.0,0.0,0.0,0.0,0.0,0.0,0.0,0.0,0.0,0.0,0.0,0.0,0.0,0.0,0.0,47.0,47.0,47.0,47.0,47.0,...
1763031621,963929248,laser,-3.1241390705108643,3.1415927410125732,0.0034828970674425364,5.3559389925794676e-05,0.09635334461927414,0.15000000596046448,16.0,inf,inf,inf,inf,inf,inf,inf,inf,inf,inf,inf,inf,inf,inf,inf,inf,inf,inf,inf,inf,inf,inf,inf,inf,inf,inf,inf,inf,10.32800006866455,10.32800006866455,10.32800006866455,10.32800006866455,10.32800006866455,inf,inf,inf,inf,inf,inf,inf,inf,inf,inf,inf,inf,inf,inf,inf,inf,inf,inf,inf,inf,inf,3.7679998874664307,3.7679998874664307,3.7679998874664307,3.7679998874664307,3.7679998874664307,3.740000009536743,3.7320001125335693,3.740000009536743,3.740000009536743,3.747999906539917,3.74399995803833,3.747999906539917,2.8919999599456787,2.8919999599456787,2.8919999599456787,2.8440001010894775,2.8440001010894775,2.7960000038146973,2.7279999256134033,2.6600000858306885,2.611999988555908,2.611999988555908,2.559999942779541,2.503999948501587,2.4560000896453857,2.4040000438690186,2.368000030517578,2.328000068664551,2.299999952316284,2.184000015258789,2.184000015258789,2.180000066757202,2.131999969482422,2.131999969482422,2.0959999561309814,2.068000078201294,2.0380001068115234,2.0179998874664307,1.9919999837875366,1.965999960899353,1.9479999542236328,1.937999963760376,1.937999963760376,1.9279999732971191,1.9119999408721924,1.8919999599456787,1.8700000047683716,1.843999981880188,1.8179999589920044,1.7979999780654907,1.7740000486373901,1.7740000486373901,1.7300000190734863,1.7100000381469727,1.7100000381469727,1.6859999895095825,1.6640000343322754,1.6440000534057617,1.5180000066757202,1.5180000066757202,1.5080000162124634,1.4980000257492065,1.4839999675750732,inf,inf,inf,1.4160000085830688,1.4160000085830688,1.4160000085830688,1.4160000085830688,1.4160000085830688,1.399999976158142,1.399999976158142,1.399999976158142,...,0.0,0.0,0.0,0.0,0.0,0.0,0.0,0.0,0.0,0.0,0.0,0.0,0.0,0.0,0.0,0.0,0.0,0.0,0.0,0.0,0.0,0.0,0.0,0.0,0.0,0.0,0.0,0.0,0.0,0.0,0.0,0.0,0.0,0.0,0.0,0.0,0.0,0.0,0.0,0.0,0.0,0.0,0.0,0.0,0.0,0.0,0.0,0.0,0.0,0.0,0.0,0.0,0.0,0.0,0.0,0.0,0.0,0.0,0.0,0.0,0.0,0.0,0.0,0.0,0.0,0.0,0.0,0.0,0.0,0.0,0.0,0.0,0.0,0.0,0.0,0.0,0.0,0.0,0.0,0.0,0.0,0.0,0.0,0.0,0.0,0.0,0.0,0.0,0.0,0.0,0.0,0.0,0.0,0.0,0.0,0.0,0.0,0.0,0.0,0.0,0.0,0.0,0.0,0.0,0.0,0.0,0.0,0.0,0.0,0.0,0.0,0.0,0.0,0.0,0.0,0.0,0.0,0.0,0.0,0.0,0.0,0.0,0.0,0.0,0.0,0.0,0.0,0.0,...
1763031622,61776668,laser,-3.1241390705108643,3.1415927410125732,0.0034828970674425364,5.71356104046572e-05,0.10278696566820145,0.15000000596046448,16.0,inf,inf,inf,inf,inf,inf,inf,inf,inf,inf,inf,inf,inf,inf,inf,inf,inf,inf,inf,inf,inf,inf,inf,inf,inf,inf,inf,inf,10.472000122070312,10.472000122070312,10.472000122070312,10.472000122070312,10.472000122070312,inf,inf,inf,inf,inf,inf,inf,inf,inf,inf,inf,inf,inf,inf,inf,inf,inf,inf,inf,3.871999979019165,3.871999979019165,3.871999979019165,3.871999979019165,3.871999979019165,3.7839999198913574,3.7839999198913574,3.7360000610351562,3.7320001125335693,3.740000009536743,3.74399995803833,3.747999906539917,3.747999906539917,3.747999906539917,2.9040000438690186,2.9040000438690186,2.9040000438690186,2.9040000438690186,2.8559999465942383,2.7920000553131104,2.7279999256134033,2.6600000858306885,2.611999988555908,2.559999942779541,2.559999942779541,2.503999948501587,2.4560000896453857,2.4040000438690186,2.364000082015991,2.3239998817443848,2.299999952316284,2.184000015258789,2.184000015258789,2.180000066757202,2.131999969482422,2.0999999046325684,2.0999999046325684,2.0759999752044678,2.0439999103546143,2.0199999809265137,1.99399995803833,1.9739999771118164,1.9559999704360962,1.937999963760376,1.9279999732971191,1.9279999732971191,1.9119999408721924,1.8919999599456787,1.8700000047683716,1.843999981880188,1.8200000524520874,1.7979999780654907,1.7740000486373901,1.75,1.7300000190734863,1.7079999446868896,1.7079999446868896,1.6859999895095825,1.6640000343322754,1.6440000534057617,1.5260000228881836,1.5080000162124634,1.5080000162124634,1.496000051498413,1.4839999675750732,inf,inf,inf,inf,1.3980000019073486,1.3980000019073486,1.3980000019073486,1.3980000019073486,1.3980000019073486,1.3819999694824219,1.3819999694824219,...,0.0,0.0,0.0,0.0,0.0,0.0,0.0,0.0,0.0,0.0,0.0,0.0,0.0,0.0,0.0,0.0,0.0,0.0,0.0,0.0,0.0,0.0,0.0,0.0,0.0,0.0,0.0,0.0,0.0,0.0,0.0,0.0,0.0,0.0,0.0,0.0,0.0,0.0,0.0,0.0,0.0,0.0,0.0,0.0,0.0,0.0,0.0,0.0,0.0,0.0,0.0,0.0,0.0,0.0,0.0,0.0,0.0,0.0,0.0,0.0,0.0,0.0,0.0,0.0,0.0,0.0,0.0,0.0,0.0,0.0,0.0,0.0,0.0,0.0,0.0,0.0,0.0,0.0,0.0,0.0,0.0,0.0,0.0,0.0,0.0,0.0,0.0,0.0,0.0,0.0,0.0,0.0,0.0,0.0,0.0,0.0,0.0,0.0,0.0,0.0,0.0,0.0,0.0,0.0,0.0,0.0,0.0,47.0,47.0,47.0,47.0,47.0,0.0,0.0,0.0,0.0,0.0,0.0,0.0,0.0,0.0,0.0,0.0,0.0,0.0,0.0,47.0,47.0,...
1763031622,166159396,laser,-3.1241390705108643,3.1415927410125732,0.0034828970674425364,5.3767354984302074e-05,0.09672746807336807,0.15000000596046448,16.0,inf,inf,inf,inf,inf,inf,inf,inf,inf,inf,inf,inf,inf,inf,inf,inf,inf,inf,inf,inf,inf,inf,inf,inf,inf,inf,inf,inf,10.51200008392334,10.51200008392334,10.51200008392334,10.51200008392334,10.51200008392334,inf,inf,inf,inf,inf,inf,inf,inf,inf,inf,inf,inf,inf,inf,inf,inf,inf,inf,inf,3.740000009536743,3.740000009536743,3.740000009536743,3.740000009536743,3.740000009536743,3.740000009536743,3.740000009536743,3.740000009536743,3.740000009536743,3.747999906539917,3.74399995803833,3.747999906539917,3.747999906539917,2.931999921798706,2.931999921798706,2.868000030517578,2.868000030517578,2.868000030517578,2.868000030517578,2.7960000038146973,2.7279999256134033,2.6679999828338623,2.619999885559082,2.563999891281128,2.5199999809265137,2.4040000438690186,2.4040000438690186,2.364000082015991,2.3359999656677246,2.3359999656677246,2.299999952316284,2.200000047683716,2.184000015258789,2.184000015258789,2.135999917984009,2.0999999046325684,2.0759999752044678,2.0460000038146973,2.007999897003174,1.9739999771118164,1.9739999771118164,1.9459999799728394,1.9119999408721924,1.8899999856948853,1.8700000047683716,1.8519999980926514,1.8420000076293945,1.8320000171661377,1.8200000524520874,1.8200000524520874,1.8079999685287476,1.7940000295639038,1.7760000228881836,1.753999948501587,1.7300000190734863,1.7139999866485596,1.6959999799728394,1.6679999828338623,1.6679999828338623,1.6480000019073486,1.6200000047683716,1.496000051498413,1.496000051498413,1.496000051498413,1.4800000190734863,inf,inf,inf,inf,inf,1.4019999504089355,1.4019999504089355,1.4019999504089355,1.4019999504089355,1.4019999504089355,1.3899999856948853,...,0.0,0.0,0.0,0.0,0.0,0.0,0.0,0.0,0.0,0.0,0.0,0.0,0.0,0.0,0.0,0.0,0.0,0.0,0.0,0.0,0.0,0.0,0.0,0.0,0.0,0.0,0.0,0.0,0.0,0.0,0.0,0.0,0.0,0.0,0.0,0.0,0.0,0.0,0.0,0.0,0.0,0.0,0.0,0.0,0.0,0.0,0.0,0.0,0.0,0.0,0.0,0.0,0.0,0.0,0.0,0.0,0.0,0.0,0.0,0.0,0.0,0.0,0.0,0.0,0.0,0.0,0.0,0.0,0.0,0.0,0.0,0.0,0.0,0.0,0.0,0.0,0.0,0.0,0.0,0.0,0.0,0.0,0.0,0.0,0.0,0.0,0.0,0.0,0.0,0.0,0.0,0.0,0.0,0.0,0.0,0.0,0.0,0.0,0.0,0.0,0.0,0.0,0.0,0.0,0.0,0.0,0.0,0.0,0.0,0.0,0.0,0.0,0.0,0.0,0.0,0.0,0.0,0.0,0.0,0.0,0.0,0.0,0.0,0.0,0.0,0.0,0.0,0.0,...
1763031622,264390195,laser,-3.1241390705108643,3.1415927410125732,0.0034828970674425364,5.3722760640084743e-05,0.096647247672081,0.15000000596046448,16.0,inf,inf,inf,inf,inf,inf,inf,inf,inf,inf,inf,inf,inf,inf,inf,inf,inf,inf,inf,inf,inf,inf,inf,inf,inf,inf,inf,inf,inf,10.37600040435791,10.37600040435791,10.37600040435791,10.37600040435791,10.37600040435791,inf,inf,inf,inf,inf,inf,inf,inf,inf,inf,inf,inf,inf,inf,inf,inf,inf,inf,inf,3.7839999198913574,3.7839999198913574,3.7839999198913574,3.7839999198913574,3.7839999198913574,3.740000009536743,3.740000009536743,3.7360000610351562,3.740000009536743,3.74399995803833,3.74399995803833,3.747999906539917,3.747999906539917,2.9200000762939453,2.9200000762939453,2.8559999465942383,2.8559999465942383,2.8559999465942383,2.7960000038146973,2.7279999256134033,2.6640000343322754,2.615999937057495,2.563999891281128,2.563999891281128,2.507999897003174,2.380000114440918,2.380000114440918,2.3519999980926514,2.319999933242798,2.2880001068115234,2.1760001182556152,2.1760001182556152,2.1760001182556152,2.135999917984009,2.135999917984009,2.0999999046325684,2.0739998817443848,2.0339999198913574,1.99399995803833,1.9700000286102295,1.9459999799728394,1.9119999408721924,1.8839999437332153,1.8639999628067017,1.843999981880188,1.8300000429153442,1.8300000429153442,1.8259999752044678,1.8200000524520874,1.8079999685287476,1.7899999618530273,1.7680000066757202,1.746000051498413,1.7259999513626099,1.7079999446868896,1.7079999446868896,1.6859999895095825,1.6640000343322754,1.6460000276565552,1.5299999713897705,1.5299999713897705,1.5080000162124634,1.49399995803833,1.4800000190734863,1.468000054359436,inf,inf,inf,inf,1.3980000019073486,1.3980000019073486,1.3980000019073486,1.3980000019073486,1.3980000019073486,1.3819999694824219,...,0.0,0.0,0.0,0.0,0.0,0.0,0.0,0.0,0.0,0.0,0.0,0.0,0.0,0.0,0.0,0.0,0.0,0.0,0.0,0.0,0.0,0.0,0.0,0.0,0.0,0.0,0.0,0.0,0.0,0.0,0.0,0.0,0.0,0.0,0.0,0.0,0.0,0.0,0.0,0.0,0.0,0.0,0.0,0.0,0.0,0.0,0.0,0.0,0.0,0.0,0.0,0.0,0.0,0.0,0.0,0.0,0.0,0.0,0.0,0.0,0.0,0.0,0.0,0.0,0.0,0.0,0.0,0.0,0.0,0.0,0.0,0.0,0.0,0.0,0.0,0.0,0.0,0.0,0.0,0.0,0.0,0.0,0.0,0.0,0.0,0.0,0.0,0.0,0.0,47.0,47.0,47.0,47.0,47.0,0.0,0.0,0.0,0.0,0.0,0.0,0.0,0.0,0.0,0.0,0.0,0.0,0.0,0.0,0.0,0.0,0.0,0.0,0.0,0.0,0.0,0.0,0.0,0.0,0.0,0.0,0.0,0.0,0.0,0.0,0.0,0.0,0.0,0.0,...
1763031622,362409209,laser,-3.1241390705108643,3.1415927410125732,0.0034828970674425364,5.388244244386442e-05,0.09693451970815659,0.15000000596046448,16.0,inf,inf,inf,inf,inf,inf,inf,inf,inf,inf,inf,inf,inf,inf,inf,inf,inf,inf,inf,inf,inf,inf,inf,inf,inf,inf,10.520000457763672,10.520000457763672,10.520000457763672,10.520000457763672,10.520000457763672,inf,inf,inf,inf,inf,inf,inf,inf,inf,inf,inf,inf,inf,inf,inf,inf,inf,inf,inf,inf,3.880000114440918,3.880000114440918,3.880000114440918,3.880000114440918,3.880000114440918,3.7960000038146973,3.7960000038146973,3.7960000038146973,3.740000009536743,3.740000009536743,3.74399995803833,3.74399995803833,3.747999906539917,3.752000093460083,3.752000093460083,3.747999906539917,2.944000005722046,2.944000005722046,2.944000005722046,2.880000114440918,2.808000087738037,2.74399995803833,2.684000015258789,2.624000072479248,2.5759999752044678,2.5320000648498535,2.4159998893737793,2.4159998893737793,2.375999927520752,2.375999927520752,2.3359999656677246,2.299999952316284,2.2039999961853027,2.2039999961853027,2.187999963760376,2.140000104904175,2.1040000915527344,2.0759999752044678,2.0480000972747803,2.0179998874664307,2.0179998874664307,1.9919999837875366,1.972000002861023,1.9559999704360962,1.944000005722046,1.9359999895095825,1.9199999570846558,1.9019999504089355,1.9019999504089355,1.878000020980835,1.8519999980926514,1.8300000429153442,1.8040000200271606,1.777999997138977,1.75600004196167,1.7319999933242798,1.7139999866485596,1.6959999799728394,1.6740000247955322,1.6740000247955322,1.6519999504089355,1.5099999904632568,1.5099999904632568,1.5099999904632568,1.5,1.4859999418258667,1.4780000448226929,inf,inf,inf,1.4040000438690186,1.4040000438690186,1.4040000438690186,1.4040000438690186,1.4040000438690186,1.3940000534057617,1.3940000534057617,...,0.0,0.0,0.0,0.0,0.0,0.0,0.0,0.0,0.0,0.0,0.0,0.0,0.0,0.0,0.0,0.0,0.0,0.0,0.0,0.0,0.0,0.0,0.0,0.0,0.0,0.0,0.0,0.0,0.0,0.0,0.0,0.0,0.0,0.0,0.0,0.0,0.0,0.0,0.0,0.0,0.0,0.0,0.0,0.0,0.0,0.0,0.0,0.0,0.0,0.0,0.0,0.0,0.0,0.0,0.0,0.0,0.0,0.0,0.0,0.0,0.0,0.0,0.0,0.0,0.0,0.0,0.0,0.0,0.0,0.0,0.0,0.0,0.0,0.0,0.0,0.0,0.0,0.0,0.0,0.0,0.0,0.0,0.0,0.0,0.0,0.0,0.0,0.0,0.0,0.0,0.0,0.0,0.0,0.0,0.0,0.0,0.0,0.0,0.0,0.0,0.0,0.0,0.0,0.0,0.0,0.0,0.0,0.0,0.0,0.0,0.0,0.0,0.0,0.0,0.0,0.0,0.0,0.0,0.0,0.0,0.0,0.0,0.0,0.0,0.0,0.0,0.0,0.0,...
1763031622,460753215,laser,-3.1241390705108643,3.1415927410125732,0.0034828970674425364,5.724227230530232e-05,0.10297884792089462,0.15000000596046448,16.0,inf,inf,inf,inf,inf,inf,inf,inf,inf,inf,inf,inf,inf,inf,inf,inf,inf,inf,inf,inf,inf,inf,inf,inf,inf,inf,inf,inf,inf,inf,inf,inf,inf,inf,inf,inf,inf,inf,inf,inf,inf,inf,inf,inf,inf,inf,inf,inf,inf,inf,inf,inf,inf,3.75600004196167,3.75600004196167,3.75600004196167,3.75600004196167,3.75600004196167,3.74399995803833,3.74399995803833,3.74399995803833,3.740000009536743,3.7360000610351562,3.74399995803833,3.752000093460083,3.752000093460083,2.880000114440918,2.880000114440918,2.819999933242798,2.819999933242798,2.819999933242798,2.819999933242798,2.75600004196167,2.687999963760376,2.640000104904175,2.5999999046325684,2.5399999618530273,2.4800000190734863,2.436000108718872,2.384000062942505,2.3359999656677246,2.2960000038146973,2.2960000038146973,2.2639999389648438,2.2360000610351562,2.200000047683716,2.1559998989105225,2.111999988555908,2.0799999237060547,2.0480000972747803,2.0220000743865967,2.00600004196167,1.9819999933242798,1.9559999704360962,1.9559999704360962,1.944000005722046,1.9359999895095825,1.9220000505447388,1.9040000438690186,1.878000020980835,1.8519999980926514,1.8339999914169312,1.812000036239624,1.812000036239624,1.7879999876022339,1.7619999647140503,1.7400000095367432,1.7200000286102295,1.7020000219345093,1.684000015258789,1.6619999408721924,1.6299999952316284,1.5140000581741333,1.5140000581741333,1.4980000257492065,1.4880000352859497,1.4880000352859497,1.4780000448226929,inf,inf,inf,inf,inf,1.3940000534057617,1.3940000534057617,1.3940000534057617,1.3940000534057617,1.3940000534057617,...,0.0,0.0,0.0,0.0,0.0,0.0,0.0,0.0,0.0,0.0,0.0,0.0,0.0,0.0,0.0,0.0,0.0,0.0,0.0,47.0,47.0,47.0,47.0,47.0,0.0,0.0,0.0,0.0,0.0,0.0,0.0,0.0,0.0,0.0,0.0,0.0,0.0,0.0,0.0,0.0,0.0,0.0,0.0,0.0,0.0,0.0,0.0,0.0,0.0,0.0,0.0,0.0,0.0,0.0,0.0,0.0,0.0,0.0,0.0,0.0,0.0,0.0,0.0,0.0,0.0,0.0,0.0,0.0,0.0,0.0,0.0,0.0,0.0,0.0,0.0,0.0,0.0,0.0,0.0,0.0,0.0,0.0,0.0,0.0,0.0,0.0,0.0,0.0,0.0,0.0,0.0,0.0,0.0,0.0,0.0,0.0,0.0,0.0,0.0,0.0,0.0,0.0,0.0,0.0,0.0,0.0,0.0,0.0,0.0,0.0,0.0,0.0,0.0,0.0,0.0,0.0,0.0,0.0,0.0,0.0,0.0,0.0,0.0,0.0,0.0,0.0,0.0,0.0,...
1763031622,564709051,laser,-3.1241390705108643,3.1415927410125732,0.0034828970674425364,5.403067552833818e-05,0.09720118343830109,0.15000000596046448,16.0,inf,inf,inf,inf,inf,inf,inf,inf,inf,inf,inf,inf,inf,inf,inf,inf,inf,inf,inf,inf,inf,inf,inf,inf,inf,inf,inf,10.456000328063965,10.456000328063965,10.456000328063965,10.456000328063965,10.456000328063965,inf,inf,inf,inf,inf,inf,inf,inf,inf,inf,inf,inf,inf,inf,inf,inf,inf,inf,inf,inf,inf,3.808000087738037,3.808000087738037,3.808000087738037,3.808000087738037,3.808000087738037,3.75600004196167,3.740000009536743,3.740000009536743,3.740000009536743,3.740000009536743,3.747999906539917,3.747999906539917,3.752000093460083,2.884000062942505,2.884000062942505,2.812000036239624,2.812000036239624,2.812000036239624,2.812000036239624,2.747999906539917,2.687999963760376,2.640000104904175,2.5920000076293945,2.5280001163482666,2.4760000705718994,2.427999973297119,2.375999927520752,2.3359999656677246,2.2960000038146973,2.24399995803833,2.24399995803833,2.196000099182129,2.196000099182129,2.1480000019073486,2.1040000915527344,2.0799999237060547,2.0480000972747803,2.01200008392334,1.9839999675750732,1.9600000381469727,1.9279999732971191,1.9279999732971191,1.899999976158142,1.878000020980835,1.8619999885559082,1.8519999980926514,1.8359999656677246,1.8279999494552612,1.815999984741211,1.7999999523162842,1.7999999523162842,1.784000039100647,1.7619999647140503,1.7339999675750732,1.7139999866485596,1.6979999542236328,1.6759999990463257,1.6579999923706055,1.6299999952316284,1.5160000324249268,1.5160000324249268,1.5,1.5,1.4859999418258667,1.4780000448226929,inf,inf,inf,inf,inf,1.4040000438690186,1.4040000438690186,1.4040000438690186,1.4040000438690186,1.4040000438690186,...,0.0,0.0,0.0,0.0,0.0,0.0,0.0,0.0,0.0,0.0,0.0,0.0,0.0,0.0,0.0,0.0,0.0,0.0,0.0,0.0,0.0,0.0,0.0,0.0,0.0,0.0,0.0,0.0,0.0,0.0,0.0,0.0,0.0,0.0,0.0,0.0,0.0,0.0,0.0,0.0,0.0,0.0,0.0,0.0,0.0,0.0,0.0,0.0,0.0,0.0,0.0,0.0,0.0,0.0,0.0,0.0,0.0,0.0,0.0,0.0,0.0,0.0,0.0,0.0,0.0,0.0,0.0,0.0,0.0,0.0,0.0,0.0,0.0,0.0,0.0,0.0,0.0,0.0,0.0,0.0,0.0,0.0,0.0,0.0,0.0,0.0,0.0,0.0,0.0,0.0,0.0,47.0,47.0,47.0,47.0,47.0,0.0,0.0,0.0,0.0,0.0,0.0,0.0,0.0,0.0,0.0,0.0,0.0,0.0,0.0,0.0,0.0,0.0,0.0,0.0,0.0,0.0,0.0,0.0,0.0,0.0,0.0,0.0,47.0,47.0,47.0,47.0,47.0,...
1763031622,663373309,laser,-3.1241390705108643,3.1415927410125732,0.0034828970674425364,5.388605495681986e-05,0.0969410091638565,0.15000000596046448,16.0,inf,inf,inf,inf,inf,inf,inf,inf,inf,inf,inf,inf,inf,inf,inf,inf,inf,inf,inf,inf,inf,inf,inf,inf,inf,inf,inf,10.35200023651123,10.35200023651123,10.35200023651123,10.35200023651123,10.35200023651123,inf,inf,inf,inf,inf,inf,inf,inf,inf,inf,inf,inf,inf,inf,inf,inf,inf,inf,inf,inf,inf,3.808000087738037,3.808000087738037,3.808000087738037,3.808000087738037,3.808000087738037,3.75600004196167,3.74399995803833,3.74399995803833,3.74399995803833,3.74399995803833,3.747999906539917,3.747999906539917,3.752000093460083,2.884000062942505,2.884000062942505,2.819999933242798,2.819999933242798,2.819999933242798,2.819999933242798,2.75600004196167,2.691999912261963,2.640000104904175,2.5920000076293945,2.5399999618530273,2.48799991607666,2.436000108718872,2.384000062942505,2.3359999656677246,2.2960000038146973,2.2960000038146973,2.24399995803833,2.2200000286102295,2.196000099182129,2.1559998989105225,2.111999988555908,2.0799999237060547,2.049999952316284,2.01200008392334,1.9839999675750732,1.9600000381469727,1.9279999732971191,1.9279999732971191,1.899999976158142,1.8760000467300415,1.8619999885559082,1.8519999980926514,1.8359999656677246,1.8279999494552612,1.815999984741211,1.7999999523162842,1.7999999523162842,1.784000039100647,1.7599999904632568,1.7339999675750732,1.7139999866485596,1.6979999542236328,1.6799999475479126,1.659999966621399,1.628000020980835,1.5160000324249268,1.5160000324249268,1.5,1.4859999418258667,1.4859999418258667,1.4759999513626099,inf,inf,inf,inf,inf,1.4040000438690186,1.4040000438690186,1.4040000438690186,1.4040000438690186,1.4040000438690186,...,0.0,0.0,0.0,0.0,0.0,0.0,0.0,0.0,0.0,0.0,0.0,0.0,0.0,0.0,0.0,0.0,0.0,0.0,0.0,0.0,0.0,0.0,0.0,0.0,0.0,0.0,0.0,0.0,0.0,0.0,0.0,0.0,0.0,0.0,0.0,0.0,0.0,0.0,0.0,0.0,0.0,0.0,0.0,0.0,0.0,0.0,0.0,0.0,0.0,0.0,0.0,0.0,0.0,0.0,0.0,0.0,0.0,0.0,0.0,0.0,0.0,0.0,0.0,0.0,0.0,0.0,0.0,0.0,0.0,0.0,0.0,0.0,0.0,0.0,0.0,0.0,0.0,0.0,0.0,0.0,0.0,0.0,0.0,0.0,0.0,0.0,0.0,0.0,0.0,0.0,0.0,47.0,47.0,47.0,47.0,47.0,0.0,0.0,0.0,0.0,0.0,0.0,0.0,0.0,0.0,0.0,0.0,0.0,0.0,0.0,0.0,0.0,0.0,0.0,0.0,0.0,0.0,0.0,0.0,0.0,0.0,0.0,0.0,47.0,47.0,47.0,47.0,47.0,...
1763031622,761612488,laser,-3.1241390705108643,3.1415927410125732,0.0034828970674425364,5.387218334362842e-05,0.09691605716943741,0.15000000596046448,16.0,inf,inf,inf,inf,inf,inf,inf,inf,inf,inf,inf,inf,inf,inf,inf,inf,inf,inf,inf,inf,inf,inf,inf,inf,inf,inf,inf,10.359999656677246,10.359999656677246,10.359999656677246,10.359999656677246,10.359999656677246,inf,inf,inf,inf,inf,inf,inf,inf,inf,inf,inf,inf,inf,inf,inf,inf,inf,inf,inf,3.808000087738037,3.808000087738037,3.808000087738037,3.808000087738037,3.808000087738037,3.75600004196167,3.75600004196167,3.75600004196167,3.75600004196167,3.74399995803833,3.740000009536743,3.7360000610351562,3.74399995803833,3.747999906539917,3.752000093460083,3.752000093460083,2.884000062942505,2.884000062942505,2.819999933242798,2.819999933242798,2.819999933242798,2.752000093460083,2.691999912261963,2.640000104904175,2.5920000076293945,2.5320000648498535,2.4760000705718994,2.431999921798706,2.384000062942505,2.3359999656677246,2.3359999656677246,2.2960000038146973,2.247999906539917,2.2200000286102295,2.196000099182129,2.1519999504089355,2.111999988555908,2.0799999237060547,2.0480000972747803,2.0139999389648438,2.0,1.9880000352859497,1.9880000352859497,1.968000054359436,1.9559999704360962,1.944000005722046,1.9279999732971191,1.9079999923706055,1.8819999694824219,1.8559999465942383,1.8320000171661377,1.8320000171661377,1.8079999685287476,1.784000039100647,1.7619999647140503,1.7400000095367432,1.718000054359436,1.6979999542236328,1.6799999475479126,1.659999966621399,1.5119999647140503,1.5,1.5,1.5,1.5,1.4880000352859497,1.4759999513626099,inf,inf,inf,1.409999966621399,1.409999966621399,1.409999966621399,1.409999966621399,1.409999966621399,1.399999976158142,1.399999976158142,...,0.0,0.0,0.0,0.0,0.0,0.0,0.0,0.0,0.0,0.0,0.0,0.0,0.0,0.0,0.0,0.0,0.0,0.0,0.0,0.0,47.0,47.0,47.0,47.0,47.0,0.0,0.0,0.0,0.0,0.0,0.0,0.0,0.0,0.0,0.0,0.0,0.0,0.0,0.0,0.0,0.0,0.0,0.0,0.0,0.0,0.0,0.0,0.0,0.0,0.0,0.0,0.0,0.0,0.0,0.0,0.0,0.0,0.0,0.0,0.0,0.0,0.0,0.0,0.0,0.0,0.0,0.0,0.0,0.0,0.0,0.0,0.0,0.0,0.0,0.0,0.0,0.0,0.0,0.0,0.0,0.0,0.0,0.0,0.0,0.0,0.0,0.0,0.0,0.0,0.0,0.0,47.0,47.0,47.0,47.0,47.0,0.0,0.0,0.0,0.0,0.0,0.0,0.0,0.0,0.0,0.0,0.0,0.0,0.0,0.0,0.0,0.0,0.0,0.0,0.0,0.0,0.0,0.0,0.0,0.0,0.0,0.0,0.0,0.0,0.0,0.0,0.0,0.0,...
1763031622,859796210,laser,-3.1241390705108643,3.1415927410125732,0.0034828970674425364,5.730251723434776e-05,0.10308723151683807,0.15000000596046448,16.0,inf,inf,inf,inf,inf,inf,inf,inf,inf,inf,inf,inf,inf,inf,inf,inf,inf,inf,inf,inf,inf,inf,inf,inf,inf,inf,inf,inf,inf,inf,inf,inf,inf,inf,inf,inf,inf,inf,inf,inf,inf,inf,inf,inf,inf,inf,inf,inf,inf,inf,inf,inf,inf,3.759999990463257,3.759999990463257,3.759999990463257,3.759999990463257,3.759999990463257,3.7320001125335693,3.7320001125335693,3.7239999771118164,3.7239999771118164,3.740000009536743,3.74399995803833,3.747999906539917,3.752000093460083,2.888000011444092,2.888000011444092,2.8239998817443848,2.8239998817443848,2.8239998817443848,2.7639999389648438,2.7639999389648438,2.6519999504089355,2.6519999504089355,2.5999999046325684,2.5399999618530273,2.4800000190734863,2.431999921798706,2.388000011444092,2.3480000495910645,2.299999952316284,2.2799999713897705,2.2799999713897705,2.252000093460083,2.200000047683716,2.1640000343322754,2.124000072479248,2.0840001106262207,2.059999942779541,2.0299999713897705,2.003999948501587,1.9739999771118164,1.9479999542236328,1.9359999895095825,1.9359999895095825,1.9220000505447388,1.9119999408721924,1.899999976158142,1.8799999952316284,1.8559999465942383,1.8339999914169312,1.812000036239624,1.7879999876022339,1.7879999876022339,1.7619999647140503,1.7400000095367432,1.7200000286102295,1.7020000219345093,1.684000015258789,1.6619999408721924,1.6399999856948853,1.5219999551773071,1.5219999551773071,1.503999948501587,1.4880000352859497,1.465999960899353,1.465999960899353,inf,inf,inf,inf,inf,1.399999976158142,1.399999976158142,1.399999976158142,1.399999976158142,1.399999976158142,...,0.0,0.0,0.0,0.0,0.0,0.0,0.0,0.0,0.0,0.0,0.0,0.0,0.0,0.0,0.0,0.0,0.0,0.0,0.0,47.0,47.0,47.0,47.0,47.0,0.0,0.0,0.0,0.0,0.0,0.0,0.0,0.0,0.0,0.0,0.0,0.0,0.0,0.0,0.0,0.0,0.0,0.0,0.0,0.0,0.0,0.0,0.0,0.0,0.0,0.0,0.0,0.0,0.0,0.0,0.0,0.0,0.0,0.0,0.0,0.0,0.0,0.0,0.0,0.0,0.0,0.0,0.0,0.0,0.0,47.0,47.0,47.0,47.0,47.0,0.0,0.0,0.0,0.0,0.0,0.0,0.0,0.0,0.0,0.0,0.0,0.0,0.0,0.0,0.0,0.0,47.0,47.0,47.0,47.0,47.0,0.0,0.0,0.0,0.0,0.0,0.0,0.0,0.0,0.0,0.0,0.0,0.0,0.0,0.0,0.0,0.0,0.0,0.0,0.0,0.0,0.0,0.0,0.0,0.0,0.0,0.0,0.0,0.0,0.0,0.0,47.0,47.0,47.0,...
1763031622,964081288,laser,-3.1241390705108643,3.1415927410125732,0.0034828970674425364,5.395126936491579e-05,0.09705833345651627,0.15000000596046448,16.0,inf,inf,inf,inf,inf,inf,inf,inf,inf,inf,inf,inf,inf,inf,inf,inf,inf,inf,inf,inf,inf,inf,inf,inf,inf,inf,inf,10.520000457763672,10.520000457763672,10.520000457763672,10.520000457763672,10.520000457763672,inf,inf,inf,inf,inf,inf,inf,inf,inf,inf,inf,inf,inf,inf,inf,inf,inf,inf,inf,inf,3.808000087738037,3.808000087738037,3.808000087738037,3.808000087738037,3.808000087738037,3.75600004196167,3.75600004196167,3.75600004196167,3.75600004196167,3.752000093460083,3.740000009536743,3.74399995803833,3.747999906539917,3.752000093460083,2.875999927520752,2.875999927520752,2.875999927520752,2.875999927520752,2.812000036239624,2.75600004196167,2.75600004196167,2.6480000019073486,2.6480000019073486,2.5920000076293945,2.5360000133514404,2.4800000190734863,2.431999921798706,2.380000114440918,2.3399999141693115,2.299999952316284,2.247999906539917,2.247999906539917,2.200000047683716,2.200000047683716,2.1559998989105225,2.111999988555908,2.0840001106262207,2.052000045776367,2.01200008392334,1.9839999675750732,1.9600000381469727,1.9299999475479126,1.899999976158142,1.899999976158142,1.871999979019165,1.8539999723434448,1.840000033378601,1.8220000267028809,1.8140000104904175,1.8040000200271606,1.7960000038146973,1.784000039100647,1.784000039100647,1.7619999647140503,1.7380000352859497,1.718000054359436,1.7020000219345093,1.6820000410079956,1.659999966621399,1.6380000114440918,1.5099999904632568,1.4980000257492065,1.4980000257492065,1.4880000352859497,1.4880000352859497,1.4759999513626099,inf,inf,inf,inf,1.406000018119812,1.406000018119812,1.406000018119812,1.406000018119812,1.406000018119812,1.3960000276565552,...,0.0,0.0,0.0,0.0,0.0,0.0,0.0,0.0,0.0,0.0,0.0,0.0,0.0,0.0,0.0,0.0,0.0,0.0,0.0,0.0,0.0,0.0,0.0,0.0,0.0,0.0,0.0,0.0,0.0,0.0,0.0,0.0,0.0,0.0,0.0,0.0,0.0,0.0,0.0,0.0,0.0,0.0,0.0,0.0,0.0,0.0,0.0,0.0,0.0,0.0,0.0,0.0,0.0,0.0,0.0,0.0,0.0,0.0,0.0,0.0,0.0,0.0,0.0,0.0,0.0,0.0,0.0,0.0,0.0,0.0,0.0,0.0,0.0,0.0,0.0,0.0,0.0,0.0,0.0,0.0,0.0,0.0,0.0,0.0,0.0,0.0,0.0,0.0,0.0,0.0,0.0,47.0,47.0,47.0,47.0,47.0,0.0,0.0,0.0,0.0,0.0,0.0,0.0,0.0,0.0,0.0,0.0,0.0,0.0,0.0,0.0,0.0,0.0,0.0,0.0,0.0,0.0,0.0,0.0,0.0,0.0,0.0,0.0,47.0,47.0,47.0,47.0,47.0,...
1763031623,63000116,laser,-3.1241390705108643,3.1415927410125732,0.0034828970674425364,5.3613992349710315e-05,0.09645157307386398,0.15000000596046448,16.0,inf,inf,inf,inf,inf,inf,inf,inf,inf,inf,inf,inf,inf,inf,inf,inf,inf,inf,inf,inf,inf,inf,inf,inf,inf,inf,inf,inf,inf,10.383999824523926,10.383999824523926,10.383999824523926,10.383999824523926,10.383999824523926,inf,inf,inf,inf,inf,inf,inf,inf,inf,inf,inf,inf,inf,inf,inf,inf,inf,inf,3.880000114440918,3.880000114440918,3.880000114440918,3.880000114440918,3.880000114440918,3.7960000038146973,3.74399995803833,3.74399995803833,3.75600004196167,3.752000093460083,3.74399995803833,3.747999906539917,3.747999906539917,3.752000093460083,3.752000093460083,2.875999927520752,2.875999927520752,2.875999927520752,2.875999927520752,2.812000036239624,2.752000093460083,2.696000099182129,2.6440000534057617,2.5880000591278076,2.5360000133514404,2.4800000190734863,2.4240000247955322,2.375999927520752,2.3359999656677246,2.3359999656677246,2.2960000038146973,2.2360000610351562,2.2079999446868896,2.196000099182129,2.1480000019073486,2.1080000400543213,2.0840001106262207,2.052000045776367,2.01200008392334,1.9839999675750732,1.9579999446868896,1.9579999446868896,1.9240000247955322,1.8980000019073486,1.8799999952316284,1.8700000047683716,1.8639999628067017,1.850000023841858,1.8380000591278076,1.8259999752044678,1.8259999752044678,1.8040000200271606,1.784000039100647,1.7599999904632568,1.7380000352859497,1.718000054359436,1.6959999799728394,1.6759999990463257,1.6579999923706055,1.5080000162124634,1.5080000162124634,1.4980000257492065,1.4980000257492065,1.4980000257492065,1.4859999418258667,1.4759999513626099,inf,inf,inf,inf,1.406000018119812,1.406000018119812,1.406000018119812,1.406000018119812,1.406000018119812,1.3960000276565552,...,0.0,0.0,0.0,0.0,0.0,0.0,0.0,0.0,0.0,0.0,0.0,0.0,0.0,0.0,0.0,0.0,0.0,0.0,0.0,0.0,0.0,0.0,0.0,0.0,0.0,0.0,0.0,0.0,0.0,0.0,0.0,0.0,0.0,0.0,0.0,0.0,0.0,0.0,0.0,0.0,0.0,0.0,0.0,0.0,0.0,0.0,0.0,0.0,0.0,0.0,0.0,0.0,0.0,0.0,0.0,0.0,0.0,0.0,0.0,0.0,0.0,0.0,0.0,0.0,0.0,0.0,0.0,0.0,0.0,0.0,0.0,0.0,0.0,0.0,0.0,0.0,0.0,0.0,0.0,0.0,0.0,0.0,0.0,0.0,0.0,0.0,0.0,0.0,0.0,47.0,47.0,47.0,47.0,47.0,0.0,0.0,0.0,0.0,0.0,0.0,0.0,0.0,0.0,0.0,0.0,0.0,0.0,0.0,0.0,0.0,0.0,0.0,0.0,0.0,0.0,0.0,0.0,0.0,0.0,0.0,0.0,0.0,0.0,0.0,0.0,0.0,0.0,0.0,...
1763031623,160988206,laser,-3.1241390705108643,3.1415927410125732,0.0034828970674425364,5.714989310945384e-05,0.10281265527009964,0.15000000596046448,16.0,inf,inf,inf,inf,inf,inf,inf,inf,inf,inf,inf,inf,inf,inf,inf,inf,inf,inf,inf,inf,inf,inf,inf,inf,inf,inf,inf,inf,inf,inf,inf,inf,inf,inf,inf,inf,inf,inf,inf,inf,inf,inf,inf,inf,inf,inf,inf,inf,inf,inf,inf,inf,3.7639999389648438,3.7639999389648438,3.7639999389648438,3.7639999389648438,3.7639999389648438,3.740000009536743,3.740000009536743,3.740000009536743,3.7279999256134033,3.7279999256134033,3.740000009536743,3.747999906539917,3.75600004196167,3.752000093460083,2.888000011444092,2.888000011444092,2.888000011444092,2.888000011444092,2.828000068664551,2.7639999389648438,2.7639999389648438,2.6519999504089355,2.6519999504089355,2.6040000915527344,2.5480000972747803,2.496000051498413,2.447999954223633,2.384000062942505,2.3399999141693115,2.299999952316284,2.2720000743865967,2.24399995803833,2.24399995803833,2.196000099182129,2.1559998989105225,2.115999937057495,2.0880000591278076,2.059999942779541,2.0280001163482666,2.009999990463257,1.9919999837875366,1.968000054359436,1.9579999446868896,1.9579999446868896,1.9459999799728394,1.9299999475479126,1.9079999923706055,1.8819999694824219,1.8619999885559082,1.8380000591278076,1.8140000104904175,1.7920000553131104,1.7920000553131104,1.7640000581741333,1.7400000095367432,1.7200000286102295,1.6979999542236328,1.6799999475479126,1.6619999408721924,1.6380000114440918,1.5180000066757202,1.503999948501587,1.503999948501587,1.4880000352859497,inf,inf,inf,inf,inf,inf,1.409999966621399,1.409999966621399,1.409999966621399,1.409999966621399,1.409999966621399,1.399999976158142,...,0.0,0.0,0.0,0.0,0.0,0.0,0.0,0.0,0.0,0.0,0.0,0.0,0.0,0.0,0.0,0.0,0.0,47.0,47.0,47.0,47.0,47.0,0.0,0.0,0.0,0.0,0.0,0.0,0.0,0.0,0.0,0.0,0.0,0.0,0.0,0.0,0.0,0.0,0.0,0.0,0.0,0.0,0.0,0.0,0.0,0.0,0.0,0.0,0.0,0.0,0.0,0.0,0.0,0.0,0.0,0.0,0.0,0.0,0.0,0.0,0.0,0.0,0.0,0.0,0.0,0.0,0.0,0.0,0.0,0.0,0.0,0.0,0.0,0.0,0.0,0.0,0.0,0.0,0.0,0.0,0.0,0.0,0.0,0.0,0.0,0.0,0.0,0.0,0.0,0.0,0.0,0.0,0.0,0.0,0.0,0.0,0.0,0.0,0.0,0.0,0.0,0.0,0.0,0.0,0.0,0.0,0.0,0.0,0.0,0.0,0.0,0.0,0.0,0.0,0.0,0.0,0.0,0.0,0.0,0.0,0.0,0.0,0.0,0.0,0.0,0.0,0.0,0.0,...
1763031623,265001935,laser,-3.1241390705108643,3.1415927410125732,0.0034828970674425364,5.398040229920298e-05,0.09711074084043503,0.15000000596046448,16.0,inf,inf,inf,inf,inf,inf,inf,inf,inf,inf,inf,inf,inf,inf,inf,inf,inf,inf,inf,inf,inf,inf,inf,inf,inf,inf,inf,inf,inf,inf,inf,inf,inf,inf,inf,inf,inf,inf,inf,inf,inf,inf,inf,inf,inf,inf,inf,inf,inf,inf,inf,inf,inf,3.7920000553131104,3.7920000553131104,3.7920000553131104,3.7920000553131104,3.7920000553131104,3.74399995803833,3.74399995803833,3.7360000610351562,3.7360000610351562,3.747999906539917,3.747999906539917,3.747999906539917,3.747999906539917,2.940000057220459,2.868000030517578,2.868000030517578,2.868000030517578,2.868000030517578,2.799999952316284,2.740000009536743,2.680000066757202,2.628000020980835,2.572000026702881,2.5199999809265137,2.5199999809265137,2.4760000705718994,2.4200000762939453,2.371999979019165,2.3359999656677246,2.299999952316284,2.196000099182129,2.187999963760376,2.187999963760376,2.131999969482422,2.0999999046325684,2.0999999046325684,2.0759999752044678,2.0460000038146973,2.009999990463257,1.9780000448226929,1.9500000476837158,1.9140000343322754,1.8899999856948853,1.878000020980835,1.8700000047683716,1.8600000143051147,1.8600000143051147,1.8519999980926514,1.8359999656677246,1.8140000104904175,1.7940000295639038,1.7740000486373901,1.7519999742507935,1.7280000448226929,1.7079999446868896,1.6920000314712524,1.6920000314712524,1.6679999828338623,1.6460000276565552,1.5099999904632568,1.5099999904632568,1.49399995803833,1.49399995803833,1.4800000190734863,inf,inf,inf,inf,inf,1.399999976158142,1.399999976158142,1.399999976158142,1.399999976158142,1.399999976158142,1.3860000371932983,...,0.0,0.0,0.0,0.0,0.0,0.0,0.0,0.0,0.0,0.0,0.0,0.0,0.0,0.0,0.0,0.0,0.0,0.0,0.0,0.0,0.0,0.0,0.0,0.0,0.0,0.0,0.0,0.0,0.0,0.0,0.0,0.0,0.0,0.0,0.0,0.0,0.0,0.0,0.0,0.0,0.0,0.0,0.0,0.0,0.0,0.0,0.0,0.0,0.0,0.0,0.0,0.0,0.0,0.0,0.0,0.0,0.0,0.0,0.0,0.0,0.0,0.0,0.0,0.0,0.0,0.0,0.0,0.0,0.0,0.0,0.0,0.0,0.0,0.0,0.0,0.0,0.0,0.0,0.0,0.0,0.0,0.0,0.0,0.0,0.0,0.0,0.0,0.0,0.0,0.0,0.0,0.0,0.0,0.0,0.0,0.0,0.0,0.0,0.0,0.0,0.0,0.0,0.0,0.0,0.0,0.0,0.0,0.0,0.0,0.0,0.0,0.0,0.0,0.0,0.0,0.0,0.0,0.0,0.0,0.0,0.0,0.0,0.0,0.0,0.0,0.0,0.0,0.0,...
1763031623,363308653,laser,-3.1241390705108643,3.1415927410125732,0.0034828970674425364,5.392677485360764e-05,0.09701426327228546,0.15000000596046448,16.0,inf,inf,inf,inf,inf,inf,inf,inf,inf,inf,inf,inf,inf,inf,inf,inf,inf,inf,inf,inf,inf,inf,inf,inf,inf,inf,inf,inf,inf,inf,10.416000366210938,10.416000366210938,10.416000366210938,10.416000366210938,10.416000366210938,inf,inf,inf,inf,inf,inf,inf,inf,inf,inf,inf,inf,inf,inf,inf,inf,3.875999927520752,3.875999927520752,3.875999927520752,3.875999927520752,3.875999927520752,3.7960000038146973,3.7960000038146973,3.747999906539917,3.747999906539917,3.747999906539917,3.747999906539917,3.740000009536743,3.74399995803833,3.747999906539917,3.752000093460083,2.936000108718872,2.936000108718872,2.936000108718872,2.884000062942505,2.884000062942505,2.740000009536743,2.740000009536743,2.680000066757202,2.631999969482422,2.5840001106262207,2.5320000648498535,2.4760000705718994,2.4159998893737793,2.371999979019165,2.3359999656677246,2.2960000038146973,2.2960000038146973,2.196000099182129,2.196000099182129,2.196000099182129,2.1519999504089355,2.1080000400543213,2.0759999752044678,2.0439999103546143,2.009999990463257,1.9780000448226929,1.9520000219345093,1.9520000219345093,1.9179999828338623,1.8899999856948853,1.8639999628067017,1.8480000495910645,1.8380000591278076,1.8240000009536743,1.8140000104904175,1.805999994277954,1.805999994277954,1.7940000295639038,1.7740000486373901,1.7519999742507935,1.7300000190734863,1.7100000381469727,1.694000005722046,1.6740000247955322,1.649999976158142,1.649999976158142,1.5099999904632568,1.5099999904632568,1.5099999904632568,1.4980000257492065,1.4819999933242798,inf,inf,inf,inf,1.399999976158142,1.399999976158142,1.399999976158142,1.399999976158142,1.399999976158142,1.3899999856948853,1.3899999856948853,...,0.0,0.0,0.0,0.0,0.0,0.0,0.0,0.0,0.0,0.0,0.0,0.0,0.0,0.0,0.0,0.0,0.0,0.0,0.0,0.0,0.0,0.0,0.0,0.0,0.0,0.0,0.0,0.0,0.0,0.0,0.0,0.0,0.0,0.0,0.0,0.0,0.0,0.0,0.0,0.0,0.0,0.0,0.0,0.0,0.0,0.0,0.0,0.0,0.0,0.0,0.0,0.0,0.0,0.0,0.0,0.0,0.0,0.0,0.0,0.0,0.0,0.0,0.0,0.0,0.0,0.0,0.0,0.0,0.0,0.0,0.0,0.0,0.0,0.0,0.0,0.0,0.0,0.0,0.0,0.0,0.0,0.0,0.0,0.0,0.0,0.0,0.0,0.0,0.0,47.0,47.0,47.0,47.0,47.0,0.0,0.0,0.0,0.0,0.0,0.0,0.0,0.0,0.0,0.0,0.0,0.0,0.0,0.0,0.0,0.0,0.0,0.0,0.0,0.0,0.0,0.0,0.0,0.0,0.0,0.0,0.0,0.0,0.0,0.0,0.0,0.0,0.0,0.0,...
1763031623,461863692,laser,-3.1241390705108643,3.1415927410125732,0.0034828970674425364,5.378032074077055e-05,0.09675079584121704,0.15000000596046448,16.0,inf,inf,inf,inf,inf,inf,inf,inf,inf,inf,inf,inf,inf,inf,inf,inf,inf,inf,inf,inf,inf,inf,inf,inf,inf,inf,inf,inf,inf,inf,inf,inf,inf,inf,inf,inf,inf,inf,inf,inf,inf,inf,inf,inf,inf,inf,inf,inf,inf,inf,inf,inf,3.803999900817871,3.803999900817871,3.803999900817871,3.803999900817871,3.803999900817871,3.752000093460083,3.752000093460083,3.752000093460083,3.752000093460083,3.747999906539917,3.740000009536743,3.747999906539917,3.747999906539917,3.752000093460083,2.884000062942505,2.884000062942505,2.884000062942505,2.884000062942505,2.819999933242798,2.819999933242798,2.74399995803833,2.684000015258789,2.635999917984009,2.5880000591278076,2.5360000133514404,2.4760000705718994,2.436000108718872,2.388000011444092,2.3359999656677246,2.2960000038146973,2.2960000038146973,2.24399995803833,2.2160000801086426,2.196000099182129,2.1480000019073486,2.1080000400543213,2.0759999752044678,2.052000045776367,2.0199999809265137,1.9839999675750732,1.9620000123977661,1.9620000123977661,1.937999963760376,1.9160000085830688,1.906000018119812,1.9019999504089355,1.8919999599456787,1.8700000047683716,1.850000023841858,1.8320000171661377,1.8320000171661377,1.8079999685287476,1.7799999713897705,1.7580000162124634,1.7380000352859497,1.7139999866485596,1.694000005722046,1.6759999990463257,1.6579999923706055,1.5119999647140503,1.5119999647140503,1.5019999742507935,1.5019999742507935,1.5019999742507935,1.4880000352859497,1.4759999513626099,inf,inf,inf,inf,1.4079999923706055,1.4079999923706055,1.4079999923706055,1.4079999923706055,1.4079999923706055,1.3980000019073486,...,0.0,0.0,0.0,0.0,0.0,0.0,0.0,0.0,0.0,0.0,0.0,0.0,0.0,0.0,0.0,0.0,0.0,0.0,0.0,47.0,47.0,47.0,47.0,47.0,0.0,0.0,0.0,0.0,0.0,0.0,0.0,0.0,0.0,0.0,0.0,0.0,0.0,0.0,0.0,0.0,0.0,0.0,0.0,0.0,0.0,0.0,0.0,0.0,0.0,0.0,0.0,0.0,0.0,0.0,0.0,0.0,0.0,0.0,0.0,0.0,0.0,0.0,0.0,0.0,0.0,0.0,0.0,0.0,0.0,0.0,0.0,0.0,0.0,0.0,0.0,0.0,0.0,0.0,0.0,0.0,0.0,0.0,0.0,0.0,0.0,0.0,0.0,0.0,0.0,0.0,47.0,47.0,47.0,47.0,47.0,0.0,0.0,0.0,0.0,0.0,0.0,0.0,0.0,0.0,0.0,0.0,0.0,0.0,0.0,0.0,0.0,0.0,0.0,0.0,0.0,0.0,0.0,0.0,0.0,0.0,0.0,0.0,0.0,0.0,0.0,0.0,47.0,47.0,...
1763031623,559867458,laser,-3.1241390705108643,3.1415927410125732,0.0034828970674425364,5.3906089306110516e-05,0.09697705507278442,0.15000000596046448,16.0,inf,inf,inf,inf,inf,inf,inf,inf,inf,inf,inf,inf,inf,inf,inf,inf,inf,inf,inf,inf,inf,inf,inf,inf,inf,inf,inf,inf,inf,inf,inf,inf,inf,inf,inf,inf,inf,inf,inf,inf,inf,inf,inf,inf,inf,inf,inf,inf,inf,inf,inf,inf,3.8959999084472656,3.8959999084472656,3.8959999084472656,3.8959999084472656,3.8959999084472656,3.803999900817871,3.752000093460083,3.752000093460083,3.747999906539917,3.74399995803833,3.740000009536743,3.747999906539917,3.747999906539917,3.747999906539917,3.747999906539917,2.880000114440918,2.880000114440918,2.880000114440918,2.880000114440918,2.815999984741211,2.740000009536743,2.684000015258789,2.635999917984009,2.5880000591278076,2.5320000648498535,2.48799991607666,2.431999921798706,2.375999927520752,2.3359999656677246,2.3359999656677246,2.2960000038146973,2.24399995803833,2.2160000801086426,2.191999912261963,2.1480000019073486,2.1080000400543213,2.0759999752044678,2.0480000972747803,2.0160000324249268,1.99399995803833,1.99399995803833,1.9819999933242798,1.9639999866485596,1.9520000219345093,1.940000057220459,1.9220000505447388,1.9040000438690186,1.878000020980835,1.850000023841858,1.850000023841858,1.8320000171661377,1.805999994277954,1.7799999713897705,1.75600004196167,1.7359999418258667,1.7139999866485596,1.694000005722046,1.6720000505447388,1.6720000505447388,1.6540000438690186,1.527999997138977,1.5099999904632568,1.5099999904632568,1.5019999742507935,1.4880000352859497,1.4759999513626099,inf,inf,inf,inf,1.406000018119812,1.406000018119812,1.406000018119812,1.406000018119812,1.406000018119812,1.3960000276565552,...,0.0,0.0,0.0,0.0,0.0,0.0,0.0,0.0,0.0,0.0,0.0,0.0,0.0,0.0,0.0,0.0,0.0,0.0,0.0,0.0,0.0,0.0,0.0,0.0,0.0,0.0,0.0,0.0,0.0,0.0,0.0,0.0,0.0,0.0,0.0,0.0,0.0,0.0,0.0,0.0,0.0,0.0,0.0,0.0,0.0,0.0,0.0,0.0,0.0,0.0,0.0,0.0,0.0,0.0,0.0,0.0,0.0,0.0,0.0,0.0,0.0,0.0,0.0,0.0,0.0,0.0,0.0,0.0,0.0,0.0,0.0,0.0,0.0,0.0,0.0,0.0,0.0,0.0,0.0,0.0,0.0,0.0,0.0,0.0,0.0,0.0,0.0,0.0,0.0,47.0,47.0,47.0,47.0,47.0,0.0,0.0,0.0,0.0,0.0,0.0,0.0,0.0,0.0,0.0,0.0,0.0,0.0,0.0,0.0,0.0,0.0,0.0,0.0,0.0,0.0,0.0,0.0,0.0,0.0,0.0,0.0,0.0,0.0,0.0,0.0,0.0,0.0,0.0,...
1763031623,658031300,laser,-3.1241390705108643,3.1415927410125732,0.0034828970674425364,5.736710227211006e-05,0.1032034158706665,0.15000000596046448,16.0,inf,inf,inf,inf,inf,inf,inf,inf,inf,inf,inf,inf,inf,inf,inf,inf,inf,inf,inf,inf,inf,inf,inf,inf,inf,inf,inf,inf,inf,10.392000198364258,10.392000198364258,10.392000198364258,10.392000198364258,10.392000198364258,inf,inf,inf,inf,inf,inf,inf,inf,inf,inf,inf,inf,inf,inf,inf,inf,inf,inf,inf,inf,3.759999990463257,3.759999990463257,3.759999990463257,3.759999990463257,3.759999990463257,3.740000009536743,3.7279999256134033,3.7279999256134033,3.740000009536743,3.747999906539917,3.752000093460083,3.752000093460083,2.888000011444092,2.888000011444092,2.888000011444092,2.8320000171661377,2.8320000171661377,2.7839999198913574,2.7839999198913574,2.6559998989105225,2.6559998989105225,2.615999937057495,2.496000051498413,2.496000051498413,2.447999954223633,2.4040000438690186,2.3519999980926514,2.2960000038146973,2.2799999713897705,2.187999963760376,2.187999963760376,2.187999963760376,2.1559998989105225,2.128000020980835,2.0999999046325684,2.059999942779541,2.0239999294281006,1.99399995803833,1.9739999771118164,1.9479999542236328,1.9119999408721924,1.9119999408721924,1.8860000371932983,1.8760000467300415,1.8619999885559082,1.843999981880188,1.8380000591278076,1.8259999752044678,1.8079999685287476,1.7879999876022339,1.7879999876022339,1.7640000581741333,1.7419999837875366,1.722000002861023,1.7000000476837158,1.6799999475479126,1.659999966621399,1.6399999856948853,1.5160000324249268,1.5160000324249268,1.4980000257492065,1.4900000095367432,1.4900000095367432,1.4819999933242798,1.4639999866485596,inf,1.4259999990463257,1.4259999990463257,1.4259999990463257,1.4259999990463257,1.4259999990463257,1.399999976158142,1.399999976158142,1.399999976158142,...,0.0,0.0,0.0,0.0,0.0,0.0,0.0,0.0,0.0,0.0,0.0,0.0,0.0,0.0,0.0,0.0,0.0,0.0,47.0,47.0,47.0,47.0,47.0,0.0,0.0,0.0,0.0,0.0,0.0,0.0,0.0,0.0,0.0,0.0,0.0,0.0,0.0,0.0,0.0,0.0,0.0,0.0,0.0,0.0,0.0,0.0,0.0,0.0,0.0,0.0,0.0,0.0,0.0,0.0,0.0,0.0,0.0,0.0,0.0,0.0,0.0,0.0,0.0,0.0,0.0,0.0,0.0,0.0,0.0,0.0,0.0,0.0,0.0,0.0,0.0,0.0,0.0,0.0,0.0,0.0,0.0,0.0,0.0,0.0,0.0,0.0,0.0,0.0,0.0,47.0,47.0,47.0,47.0,47.0,0.0,0.0,0.0,0.0,0.0,0.0,0.0,0.0,0.0,0.0,0.0,0.0,0.0,0.0,0.0,0.0,0.0,0.0,0.0,0.0,0.0,0.0,0.0,0.0,0.0,0.0,0.0,0.0,0.0,0.0,0.0,47.0,47.0,47.0,...
1763031623,762770145,laser,-3.1241390705108643,3.1415927410125732,0.0034828970674425364,5.381310620578006e-05,0.09680978208780289,0.15000000596046448,16.0,inf,inf,inf,inf,inf,inf,inf,inf,inf,inf,inf,inf,inf,inf,inf,inf,inf,inf,inf,inf,inf,inf,inf,inf,inf,inf,inf,inf,10.48799991607666,10.48799991607666,10.48799991607666,10.48799991607666,10.48799991607666,inf,inf,inf,inf,inf,inf,inf,inf,inf,inf,inf,inf,inf,inf,inf,inf,inf,inf,inf,inf,inf,3.752000093460083,3.752000093460083,3.752000093460083,3.752000093460083,3.752000093460083,3.75600004196167,3.75600004196167,3.752000093460083,3.74399995803833,3.747999906539917,3.747999906539917,3.752000093460083,2.940000057220459,2.940000057220459,2.940000057220459,2.884000062942505,2.740000009536743,2.740000009536743,2.740000009536743,2.687999963760376,2.6440000534057617,2.5880000591278076,2.5320000648498535,2.4760000705718994,2.4119999408721924,2.364000082015991,2.3359999656677246,2.2960000038146973,2.2960000038146973,2.2360000610351562,2.2079999446868896,2.191999912261963,2.1480000019073486,2.1040000915527344,2.0759999752044678,2.0480000972747803,2.01200008392334,1.9800000190734863,1.9559999704360962,1.9559999704360962,1.9179999828338623,1.8919999599456787,1.8700000047683716,1.850000023841858,1.8380000591278076,1.8279999494552612,1.8240000009536743,1.809999942779541,1.809999942779541,1.7960000038146973,1.7760000228881836,1.753999948501587,1.7339999675750732,1.7139999866485596,1.6959999799728394,1.6740000247955322,1.6740000247955322,1.6519999504089355,1.6200000047683716,1.5099999904632568,1.5099999904632568,1.496000051498413,1.4819999933242798,inf,inf,inf,inf,1.4019999504089355,1.4019999504089355,1.4019999504089355,1.4019999504089355,1.4019999504089355,1.3899999856948853,1.3899999856948853,...,0.0,0.0,0.0,0.0,0.0,0.0,0.0,0.0,0.0,0.0,0.0,0.0,0.0,0.0,0.0,0.0,0.0,0.0,0.0,0.0,0.0,0.0,0.0,0.0,0.0,0.0,0.0,0.0,0.0,0.0,0.0,0.0,0.0,0.0,0.0,0.0,0.0,0.0,0.0,0.0,0.0,0.0,0.0,0.0,0.0,0.0,0.0,0.0,0.0,0.0,0.0,0.0,0.0,0.0,0.0,0.0,0.0,0.0,0.0,0.0,0.0,0.0,0.0,0.0,0.0,0.0,0.0,0.0,0.0,0.0,0.0,0.0,0.0,0.0,0.0,0.0,0.0,0.0,0.0,0.0,0.0,0.0,0.0,0.0,0.0,0.0,0.0,0.0,0.0,0.0,0.0,47.0,47.0,47.0,47.0,47.0,0.0,0.0,0.0,0.0,0.0,0.0,0.0,0.0,0.0,0.0,0.0,0.0,0.0,0.0,0.0,0.0,0.0,0.0,0.0,0.0,0.0,0.0,0.0,0.0,0.0,0.0,0.0,47.0,47.0,47.0,47.0,47.0,...
1763031623,861072862,laser,-3.1241390705108643,3.1415927410125732,0.0034828970674425364,5.379676804295741e-05,0.09678038209676743,0.15000000596046448,16.0,inf,inf,inf,inf,inf,inf,inf,inf,inf,inf,inf,inf,inf,inf,inf,inf,inf,inf,inf,inf,inf,inf,inf,inf,inf,inf,inf,inf,10.46399974822998,10.46399974822998,10.46399974822998,10.46399974822998,10.46399974822998,inf,inf,inf,inf,inf,inf,inf,inf,inf,inf,inf,inf,inf,inf,inf,inf,inf,3.8559999465942383,3.8559999465942383,3.8559999465942383,3.8559999465942383,3.8559999465942383,3.7760000228881836,3.7760000228881836,3.7760000228881836,3.7760000228881836,3.740000009536743,3.7360000610351562,3.740000009536743,3.747999906539917,3.752000093460083,3.752000093460083,3.752000093460083,2.8919999599456787,2.8919999599456787,2.8919999599456787,2.8320000171661377,2.8320000171661377,2.7839999198913574,2.7279999256134033,2.6559998989105225,2.6040000915527344,2.555999994277954,2.555999994277954,2.496000051498413,2.447999954223633,2.4040000438690186,2.3519999980926514,2.299999952316284,2.2799999713897705,2.187999963760376,2.187999963760376,2.1600000858306885,2.119999885559082,2.119999885559082,2.0920000076293945,2.059999942779541,2.0260000228881836,2.0,1.9819999933242798,1.9639999866485596,1.9500000476837158,1.940000057220459,1.940000057220459,1.9259999990463257,1.909999966621399,1.8860000371932983,1.8639999628067017,1.8420000076293945,1.815999984741211,1.7899999618530273,1.7660000324249268,1.7660000324249268,1.74399995803833,1.7239999771118164,1.7000000476837158,1.6799999475479126,1.6619999408721924,1.6360000371932983,1.5160000324249268,1.5160000324249268,1.50600004196167,1.4900000095367432,1.4800000190734863,1.4800000190734863,inf,inf,1.409999966621399,1.409999966621399,1.409999966621399,1.409999966621399,1.409999966621399,1.399999976158142,1.399999976158142,1.399999976158142,...,0.0,0.0,0.0,0.0,0.0,0.0,0.0,0.0,0.0,0.0,0.0,0.0,0.0,0.0,0.0,0.0,0.0,0.0,0.0,47.0,47.0,47.0,47.0,47.0,0.0,0.0,0.0,0.0,0.0,0.0,0.0,0.0,0.0,0.0,0.0,0.0,0.0,0.0,0.0,0.0,0.0,0.0,0.0,0.0,0.0,0.0,0.0,0.0,0.0,0.0,0.0,0.0,0.0,0.0,0.0,0.0,0.0,0.0,0.0,0.0,0.0,0.0,0.0,0.0,0.0,0.0,0.0,0.0,0.0,47.0,47.0,47.0,47.0,47.0,0.0,0.0,0.0,0.0,0.0,0.0,0.0,0.0,0.0,0.0,0.0,0.0,0.0,0.0,0.0,0.0,0.0,0.0,0.0,0.0,0.0,0.0,0.0,0.0,0.0,0.0,0.0,0.0,0.0,0.0,0.0,0.0,0.0,0.0,0.0,0.0,0.0,0.0,0.0,0.0,0.0,0.0,0.0,0.0,0.0,0.0,0.0,0.0,0.0,0.0,0.0,0.0,0.0,0.0,...
1763031623,959419881,laser,-3.1241390705108643,3.1415927410125732,0.0034828970674425364,5.367970879888162e-05,0.09656979143619537,0.15000000596046448,16.0,inf,inf,inf,inf,inf,inf,inf,inf,inf,inf,inf,inf,inf,inf,inf,inf,inf,inf,inf,inf,inf,inf,inf,inf,inf,inf,inf,10.503999710083008,10.503999710083008,10.503999710083008,10.503999710083008,10.503999710083008,inf,inf,inf,inf,inf,inf,inf,inf,inf,inf,inf,inf,inf,inf,inf,inf,inf,inf,inf,3.9000000953674316,3.9000000953674316,3.9000000953674316,3.9000000953674316,3.9000000953674316,3.808000087738037,3.808000087738037,3.752000093460083,3.752000093460083,3.7360000610351562,3.7360000610351562,3.740000009536743,3.74399995803833,3.747999906539917,3.747999906539917,2.944000005722046,2.944000005722046,2.944000005722046,2.884000062942505,2.884000062942505,2.740000009536743,2.740000009536743,2.6760001182556152,2.631999969482422,2.5920000076293945,2.5320000648498535,2.4719998836517334,2.4200000762939453,2.375999927520752,2.3399999141693115,2.3399999141693115,2.299999952316284,2.2039999961853027,2.2039999961853027,2.191999912261963,2.1080000400543213,2.1080000400543213,2.0880000591278076,2.0480000972747803,2.0139999389648438,1.9859999418258667,1.9859999418258667,1.9639999866485596,1.937999963760376,1.9220000505447388,1.9160000085830688,1.906000018119812,1.8919999599456787,1.8919999599456787,1.8459999561309814,1.8459999561309814,1.8259999752044678,1.8040000200271606,1.777999997138977,1.753999948501587,1.7339999675750732,1.7120000123977661,1.6920000314712524,1.6699999570846558,1.6699999570846558,1.6460000276565552,1.4980000257492065,1.4980000257492065,1.4980000257492065,1.4980000257492065,1.4839999675750732,inf,inf,inf,inf,1.399999976158142,1.399999976158142,1.399999976158142,1.399999976158142,1.399999976158142,1.3880000114440918,1.3880000114440918,...,0.0,0.0,0.0,0.0,0.0,0.0,0.0,0.0,0.0,0.0,0.0,0.0,0.0,0.0,0.0,0.0,0.0,0.0,0.0,0.0,47.0,47.0,47.0,47.0,47.0,0.0,0.0,0.0,0.0,0.0,0.0,0.0,0.0,0.0,0.0,0.0,0.0,0.0,0.0,0.0,0.0,0.0,0.0,0.0,0.0,0.0,0.0,0.0,0.0,0.0,0.0,0.0,0.0,0.0,0.0,0.0,0.0,0.0,0.0,0.0,0.0,0.0,0.0,0.0,0.0,0.0,0.0,0.0,0.0,0.0,47.0,47.0,47.0,47.0,47.0,0.0,0.0,0.0,0.0,0.0,0.0,0.0,0.0,0.0,0.0,0.0,0.0,0.0,0.0,0.0,0.0,47.0,47.0,47.0,47.0,47.0,0.0,0.0,0.0,0.0,0.0,0.0,0.0,0.0,0.0,0.0,0.0,0.0,0.0,0.0,0.0,0.0,0.0,0.0,0.0,0.0,0.0,0.0,0.0,0.0,0.0,0.0,0.0,47.0,47.0,47.0,47.0,47.0,...
1763031624,57555563,laser,-3.1241390705108643,3.1415927410125732,0.0034828970674425364,5.382124800235033e-05,0.09682442992925644,0.15000000596046448,16.0,inf,inf,inf,inf,inf,inf,inf,inf,inf,inf,inf,inf,inf,inf,inf,inf,inf,inf,inf,inf,inf,inf,inf,inf,inf,inf,inf,inf,10.399999618530273,10.399999618530273,10.399999618530273,10.399999618530273,10.399999618530273,inf,inf,inf,inf,inf,inf,inf,inf,inf,inf,inf,inf,inf,4.104000091552734,4.104000091552734,4.104000091552734,4.104000091552734,4.104000091552734,inf,inf,3.7880001068115234,3.7880001068115234,3.7880001068115234,3.7880001068115234,3.7880001068115234,3.740000009536743,3.740000009536743,3.740000009536743,3.740000009536743,3.74399995803833,3.74399995803833,3.74399995803833,3.74399995803833,2.9200000762939453,2.8559999465942383,2.8559999465942383,2.8559999465942383,2.8559999465942383,2.803999900817871,2.7279999256134033,2.6640000343322754,2.615999937057495,2.563999891281128,2.5199999809265137,2.5199999809265137,2.4639999866485596,2.4000000953674316,2.359999895095825,2.3239998817443848,2.2960000038146973,2.1760001182556152,2.131999969482422,2.131999969482422,2.131999969482422,2.0999999046325684,2.0999999046325684,2.062000036239624,2.0299999713897705,1.9980000257492065,1.9700000286102295,1.944000005722046,1.9079999923706055,1.8819999694824219,1.8639999628067017,1.840000033378601,1.815999984741211,1.815999984741211,1.809999942779541,1.8040000200271606,1.7960000038146973,1.7860000133514404,1.7640000581741333,1.74399995803833,1.7280000448226929,1.7100000381469727,1.7100000381469727,1.6859999895095825,1.6640000343322754,1.6460000276565552,1.5099999904632568,1.5099999904632568,1.4919999837875366,1.4919999837875366,1.465999960899353,inf,inf,inf,inf,inf,1.399999976158142,1.399999976158142,1.399999976158142,1.399999976158142,1.399999976158142,1.3839999437332153,...,0.0,0.0,0.0,0.0,0.0,0.0,0.0,0.0,0.0,0.0,0.0,0.0,0.0,0.0,0.0,0.0,0.0,0.0,0.0,0.0,0.0,0.0,0.0,0.0,0.0,0.0,0.0,0.0,0.0,0.0,0.0,0.0,0.0,0.0,0.0,0.0,0.0,0.0,0.0,0.0,0.0,0.0,0.0,0.0,0.0,0.0,0.0,0.0,0.0,0.0,0.0,0.0,0.0,0.0,0.0,0.0,0.0,0.0,0.0,0.0,0.0,0.0,0.0,0.0,0.0,0.0,0.0,0.0,0.0,47.0,47.0,47.0,47.0,47.0,0.0,0.0,0.0,0.0,0.0,0.0,0.0,0.0,0.0,0.0,0.0,0.0,0.0,0.0,0.0,0.0,0.0,0.0,0.0,0.0,0.0,0.0,0.0,0.0,0.0,0.0,0.0,0.0,0.0,0.0,0.0,0.0,0.0,0.0,0.0,0.0,0.0,0.0,0.0,0.0,0.0,0.0,0.0,0.0,0.0,0.0,0.0,0.0,0.0,0.0,0.0,0.0,0.0,0.0,...
1763031624,156111900,laser,-3.1241390705108643,3.1415927410125732,0.0034828970674425364,5.704493014491163e-05,0.1026238277554512,0.15000000596046448,16.0,inf,inf,inf,inf,inf,inf,inf,inf,inf,inf,inf,inf,inf,inf,inf,inf,inf,inf,inf,inf,inf,inf,inf,inf,inf,inf,inf,inf,inf,10.336000442504883,10.336000442504883,10.336000442504883,10.336000442504883,10.336000442504883,inf,inf,inf,inf,inf,inf,inf,inf,inf,inf,inf,inf,inf,inf,inf,inf,inf,3.808000087738037,3.808000087738037,3.808000087738037,3.808000087738037,3.808000087738037,3.752000093460083,3.752000093460083,3.752000093460083,3.752000093460083,3.740000009536743,3.740000009536743,3.74399995803833,3.747999906539917,3.747999906539917,3.747999906539917,3.747999906539917,2.888000011444092,2.888000011444092,2.740000009536743,2.740000009536743,2.740000009536743,2.740000009536743,2.680000066757202,2.631999969482422,2.5799999237060547,2.5199999809265137,2.4719998836517334,2.4240000247955322,2.380000114440918,2.380000114440918,2.3359999656677246,2.299999952316284,2.2360000610351562,2.2039999961853027,2.191999912261963,2.1440000534057617,2.0999999046325684,2.072000026702881,2.0480000972747803,2.01200008392334,2.01200008392334,1.9859999418258667,1.9620000123977661,1.9320000410079956,1.9119999408721924,1.9040000438690186,1.8960000276565552,1.8860000371932983,1.8700000047683716,1.8700000047683716,1.8459999561309814,1.8279999494552612,1.8040000200271606,1.7760000228881836,1.753999948501587,1.7339999675750732,1.7100000381469727,1.690000057220459,1.6699999570846558,1.6699999570846558,1.649999976158142,1.5099999904632568,1.5099999904632568,1.5099999904632568,1.4980000257492065,1.4859999418258667,1.4780000448226929,inf,inf,inf,1.399999976158142,1.399999976158142,1.399999976158142,1.399999976158142,1.399999976158142,1.3839999437332153,1.3839999437332153,...,0.0,0.0,0.0,0.0,0.0,0.0,0.0,0.0,0.0,0.0,0.0,0.0,0.0,0.0,0.0,0.0,0.0,0.0,0.0,0.0,0.0,0.0,0.0,0.0,0.0,0.0,0.0,0.0,0.0,0.0,0.0,0.0,0.0,0.0,0.0,0.0,0.0,0.0,0.0,0.0,0.0,0.0,0.0,0.0,0.0,0.0,0.0,0.0,0.0,0.0,0.0,0.0,0.0,0.0,0.0,0.0,0.0,0.0,0.0,0.0,0.0,0.0,0.0,0.0,0.0,0.0,0.0,0.0,0.0,0.0,0.0,0.0,0.0,0.0,0.0,0.0,0.0,0.0,0.0,0.0,0.0,0.0,0.0,0.0,0.0,0.0,0.0,0.0,0.0,0.0,0.0,0.0,0.0,0.0,0.0,0.0,0.0,0.0,0.0,0.0,0.0,0.0,0.0,0.0,0.0,0.0,47.0,47.0,47.0,47.0,47.0,0.0,0.0,0.0,0.0,0.0,0.0,0.0,0.0,0.0,0.0,0.0,0.0,0.0,0.0,47.0,47.0,47.0,...
1763031624,259950554,laser,-3.1241390705108643,3.1415927410125732,0.0034828970674425364,5.394126856117509e-05,0.0970403403043747,0.15000000596046448,16.0,inf,inf,inf,inf,inf,inf,inf,inf,inf,inf,inf,inf,inf,inf,inf,inf,inf,inf,inf,inf,inf,inf,inf,inf,inf,inf,inf,inf,10.479999542236328,10.479999542236328,10.479999542236328,10.479999542236328,10.479999542236328,inf,inf,inf,inf,inf,inf,inf,inf,inf,inf,inf,inf,inf,inf,inf,inf,inf,inf,inf,3.75600004196167,3.75600004196167,3.75600004196167,3.75600004196167,3.75600004196167,3.74399995803833,3.74399995803833,3.74399995803833,3.740000009536743,3.740000009536743,3.740000009536743,3.74399995803833,3.747999906539917,3.752000093460083,2.888000011444092,2.888000011444092,2.888000011444092,2.888000011444092,2.8320000171661377,2.7720000743865967,2.7720000743865967,2.635999917984009,2.635999917984009,2.5959999561309814,2.5360000133514404,2.4719998836517334,2.431999921798706,2.384000062942505,2.3359999656677246,2.299999952316284,2.299999952316284,2.2639999389648438,2.2360000610351562,2.191999912261963,2.1559998989105225,2.124000072479248,2.0880000591278076,2.052000045776367,2.0360000133514404,2.0199999809265137,1.996000051498413,1.996000051498413,1.9759999513626099,1.9639999866485596,1.9500000476837158,1.9320000410079956,1.909999966621399,1.8839999437332153,1.8580000400543213,1.8339999914169312,1.8339999914169312,1.809999942779541,1.7860000133514404,1.7599999904632568,1.7380000352859497,1.7139999866485596,1.6959999799728394,1.6820000410079956,1.659999966621399,1.659999966621399,1.5099999904632568,1.4980000257492065,1.4980000257492065,1.4980000257492065,1.4839999675750732,1.4780000448226929,inf,inf,inf,inf,1.4019999504089355,1.4019999504089355,1.4019999504089355,1.4019999504089355,1.4019999504089355,1.3940000534057617,...,0.0,0.0,0.0,0.0,0.0,0.0,0.0,0.0,0.0,0.0,0.0,0.0,0.0,0.0,0.0,0.0,0.0,0.0,0.0,0.0,0.0,0.0,0.0,0.0,0.0,0.0,0.0,0.0,0.0,0.0,0.0,0.0,0.0,0.0,0.0,0.0,0.0,0.0,0.0,0.0,0.0,0.0,0.0,0.0,0.0,0.0,0.0,0.0,0.0,0.0,0.0,0.0,0.0,0.0,0.0,0.0,0.0,0.0,0.0,0.0,0.0,0.0,0.0,0.0,0.0,0.0,0.0,0.0,0.0,0.0,0.0,0.0,0.0,0.0,0.0,0.0,0.0,0.0,0.0,0.0,0.0,0.0,0.0,0.0,0.0,0.0,0.0,0.0,0.0,0.0,0.0,0.0,0.0,0.0,0.0,0.0,0.0,0.0,0.0,0.0,0.0,0.0,0.0,0.0,0.0,0.0,0.0,0.0,0.0,0.0,0.0,0.0,0.0,0.0,0.0,0.0,0.0,0.0,0.0,0.0,0.0,0.0,0.0,0.0,0.0,0.0,0.0,0.0,...
1763031624,358562411,laser,-3.1241390705108643,3.1415927410125732,0.0034828970674425364,5.375585169531405e-05,0.09670677781105042,0.15000000596046448,16.0,inf,inf,inf,inf,inf,inf,inf,inf,inf,inf,inf,inf,inf,inf,inf,inf,inf,inf,inf,inf,inf,inf,inf,inf,inf,inf,inf,inf,inf,inf,inf,inf,inf,inf,inf,inf,inf,inf,inf,inf,inf,inf,inf,inf,inf,inf,inf,inf,inf,inf,inf,inf,inf,3.75600004196167,3.75600004196167,3.75600004196167,3.75600004196167,3.75600004196167,3.74399995803833,3.74399995803833,3.740000009536743,3.740000009536743,3.740000009536743,3.74399995803833,3.747999906539917,3.752000093460083,2.888000011444092,2.888000011444092,2.8320000171661377,2.8320000171661377,2.8320000171661377,2.7679998874664307,2.7119998931884766,2.6519999504089355,2.5959999561309814,2.5959999561309814,2.5360000133514404,2.4760000705718994,2.436000108718872,2.384000062942505,2.3359999656677246,2.2960000038146973,2.2639999389648438,2.2360000610351562,2.196000099182129,2.1559998989105225,2.1559998989105225,2.119999885559082,2.0880000591278076,2.053999900817871,2.0220000743865967,1.9919999837875366,1.968000054359436,1.934000015258789,1.9040000438690186,1.9040000438690186,1.871999979019165,1.871999979019165,1.8660000562667847,1.850000023841858,1.8359999656677246,1.8259999752044678,1.8079999685287476,1.784000039100647,1.784000039100647,1.7599999904632568,1.7359999418258667,1.718000054359436,1.7000000476837158,1.6799999475479126,1.659999966621399,1.6319999694824219,1.5099999904632568,1.5099999904632568,1.4980000257492065,1.4839999675750732,1.4839999675750732,1.4759999513626099,inf,inf,inf,inf,inf,1.4079999923706055,1.4079999923706055,1.4079999923706055,1.4079999923706055,1.4079999923706055,...,0.0,0.0,0.0,0.0,0.0,0.0,0.0,0.0,0.0,0.0,0.0,0.0,0.0,0.0,0.0,0.0,0.0,0.0,47.0,47.0,47.0,47.0,47.0,0.0,0.0,0.0,0.0,0.0,0.0,0.0,0.0,0.0,0.0,0.0,0.0,0.0,0.0,0.0,0.0,0.0,0.0,0.0,0.0,0.0,0.0,0.0,0.0,0.0,0.0,0.0,0.0,0.0,0.0,0.0,0.0,0.0,0.0,0.0,0.0,0.0,0.0,0.0,0.0,0.0,0.0,0.0,0.0,0.0,0.0,0.0,0.0,0.0,0.0,0.0,0.0,0.0,0.0,0.0,0.0,0.0,0.0,0.0,0.0,0.0,0.0,0.0,0.0,0.0,0.0,0.0,47.0,47.0,47.0,47.0,47.0,0.0,0.0,0.0,0.0,0.0,0.0,0.0,0.0,0.0,0.0,0.0,0.0,0.0,0.0,0.0,0.0,0.0,0.0,0.0,0.0,0.0,0.0,0.0,0.0,0.0,0.0,0.0,0.0,0.0,0.0,47.0,47.0,47.0,...
1763031624,456183373,laser,-3.1241390705108643,3.1415927410125732,0.0034828970674425364,5.4105221352074295e-05,0.09733529388904572,0.15000000596046448,16.0,inf,inf,inf,inf,inf,inf,inf,inf,inf,inf,inf,inf,inf,inf,inf,inf,inf,inf,inf,inf,inf,inf,inf,inf,inf,inf,10.479999542236328,10.479999542236328,10.479999542236328,10.479999542236328,10.479999542236328,inf,inf,inf,inf,inf,inf,inf,inf,inf,inf,inf,inf,inf,inf,inf,inf,inf,inf,inf,inf,inf,3.812000036239624,3.812000036239624,3.812000036239624,3.812000036239624,3.812000036239624,3.75600004196167,3.75600004196167,3.759999990463257,3.75600004196167,3.75600004196167,3.740000009536743,3.74399995803833,3.747999906539917,3.752000093460083,2.884000062942505,2.884000062942505,2.884000062942505,2.884000062942505,2.828000068664551,2.7679998874664307,2.7679998874664307,2.6519999504089355,2.5959999561309814,2.5959999561309814,2.5480000972747803,2.48799991607666,2.436000108718872,2.384000062942505,2.3359999656677246,2.2960000038146973,2.2639999389648438,2.2360000610351562,2.2360000610351562,2.196000099182129,2.1559998989105225,2.119999885559082,2.0880000591278076,2.052000045776367,2.0199999809265137,1.9919999837875366,1.968000054359436,1.934000015258789,1.9040000438690186,1.9040000438690186,1.871999979019165,1.871999979019165,1.8619999885559082,1.8459999561309814,1.8380000591278076,1.8259999752044678,1.8079999685287476,1.784000039100647,1.784000039100647,1.7599999904632568,1.7380000352859497,1.718000054359436,1.7000000476837158,1.6799999475479126,1.659999966621399,1.6319999694824219,1.5140000581741333,1.5,1.5,1.4880000352859497,1.4880000352859497,1.4759999513626099,inf,inf,inf,inf,1.4079999923706055,1.4079999923706055,1.4079999923706055,1.4079999923706055,1.4079999923706055,1.3940000534057617,...,0.0,0.0,0.0,0.0,0.0,0.0,0.0,0.0,0.0,0.0,0.0,0.0,0.0,0.0,0.0,0.0,0.0,47.0,47.0,47.0,47.0,47.0,0.0,0.0,0.0,0.0,0.0,0.0,0.0,0.0,0.0,0.0,0.0,0.0,0.0,0.0,0.0,0.0,0.0,0.0,0.0,0.0,0.0,0.0,0.0,0.0,0.0,0.0,0.0,0.0,0.0,0.0,0.0,0.0,0.0,0.0,0.0,0.0,0.0,0.0,0.0,0.0,0.0,0.0,0.0,0.0,0.0,47.0,47.0,47.0,47.0,47.0,0.0,0.0,0.0,0.0,0.0,0.0,0.0,0.0,0.0,0.0,0.0,0.0,0.0,0.0,0.0,0.0,0.0,0.0,0.0,0.0,0.0,0.0,0.0,0.0,0.0,0.0,0.0,0.0,0.0,0.0,0.0,0.0,0.0,0.0,0.0,0.0,0.0,0.0,0.0,0.0,0.0,0.0,0.0,0.0,0.0,0.0,0.0,0.0,0.0,0.0,0.0,0.0,0.0,0.0,0.0,0.0,...
1763031624,554785035,laser,-3.1241390705108643,3.1415927410125732,0.0034828970674425364,5.3895597375230864e-05,0.09695817530155182,0.15000000596046448,16.0,inf,inf,inf,inf,inf,inf,inf,inf,inf,inf,inf,inf,inf,inf,inf,inf,inf,inf,inf,inf,inf,inf,inf,inf,inf,inf,inf,inf,inf,10.53600025177002,10.53600025177002,10.53600025177002,10.53600025177002,10.53600025177002,inf,inf,inf,inf,inf,inf,inf,inf,inf,inf,inf,inf,inf,inf,inf,inf,inf,inf,3.815999984741211,3.815999984741211,3.815999984741211,3.815999984741211,3.815999984741211,3.75600004196167,3.75600004196167,3.740000009536743,3.7320001125335693,3.7320001125335693,3.740000009536743,3.747999906539917,3.752000093460083,3.752000093460083,2.888000011444092,2.888000011444092,2.888000011444092,2.888000011444092,2.828000068664551,2.7799999713897705,2.7799999713897705,2.6519999504089355,2.6519999504089355,2.5959999561309814,2.5480000972747803,2.48799991607666,2.436000108718872,2.3919999599456787,2.3480000495910645,2.299999952316284,2.2760000228881836,2.2760000228881836,2.247999906539917,2.196000099182129,2.1559998989105225,2.119999885559082,2.0880000591278076,2.055999994277954,2.0199999809265137,2.007999897003174,1.996000051498413,1.972000002861023,1.972000002861023,1.9639999866485596,1.9539999961853027,1.934000015258789,1.9119999408721924,1.8880000114440918,1.8639999628067017,1.840000033378601,1.8140000104904175,1.7899999618530273,1.7899999618530273,1.7660000324249268,1.7419999837875366,1.7239999771118164,1.7020000219345093,1.6820000410079956,1.6640000343322754,1.6380000114440918,1.5160000324249268,1.50600004196167,1.50600004196167,1.4880000352859497,1.4880000352859497,1.4800000190734863,1.4780000448226929,inf,inf,inf,1.4119999408721924,1.4119999408721924,1.4119999408721924,1.4119999408721924,1.4119999408721924,1.399999976158142,...,0.0,0.0,0.0,0.0,0.0,0.0,0.0,0.0,0.0,0.0,0.0,0.0,0.0,0.0,0.0,0.0,0.0,0.0,0.0,0.0,0.0,0.0,0.0,0.0,0.0,0.0,0.0,0.0,0.0,0.0,0.0,0.0,0.0,0.0,0.0,0.0,0.0,0.0,0.0,0.0,0.0,0.0,0.0,0.0,0.0,0.0,0.0,0.0,0.0,0.0,0.0,0.0,0.0,0.0,0.0,0.0,0.0,0.0,0.0,0.0,0.0,0.0,0.0,0.0,0.0,0.0,0.0,0.0,47.0,47.0,47.0,47.0,47.0,0.0,0.0,0.0,0.0,0.0,0.0,0.0,0.0,0.0,0.0,0.0,0.0,0.0,0.0,0.0,0.0,0.0,0.0,0.0,0.0,0.0,0.0,0.0,0.0,0.0,0.0,0.0,0.0,0.0,0.0,0.0,0.0,0.0,0.0,0.0,0.0,0.0,0.0,0.0,0.0,0.0,0.0,0.0,0.0,0.0,0.0,0.0,0.0,0.0,0.0,0.0,0.0,0.0,0.0,0.0,...
1763031624,653041811,laser,-3.1241390705108643,3.1415927410125732,0.0034828970674425364,5.730146949645132e-05,0.10308534651994705,0.15000000596046448,16.0,inf,inf,inf,inf,inf,inf,inf,inf,inf,inf,inf,inf,inf,inf,inf,inf,inf,inf,inf,inf,inf,inf,inf,inf,inf,inf,inf,inf,inf,10.53600025177002,10.53600025177002,10.53600025177002,10.53600025177002,10.53600025177002,inf,inf,inf,inf,inf,inf,inf,inf,inf,inf,inf,inf,inf,inf,inf,inf,4.007999897003174,4.007999897003174,4.007999897003174,4.007999897003174,4.007999897003174,3.9079999923706055,3.9079999923706055,3.815999984741211,3.815999984741211,3.752000093460083,3.7360000610351562,3.7360000610351562,3.740000009536743,3.74399995803833,3.747999906539917,3.747999906539917,3.752000093460083,2.888000011444092,2.747999906539917,2.747999906539917,2.747999906539917,2.747999906539917,2.687999963760376,2.687999963760376,2.631999969482422,2.5799999237060547,2.5160000324249268,2.4719998836517334,2.427999973297119,2.375999927520752,2.375999927520752,2.3399999141693115,2.2960000038146973,2.24399995803833,2.2200000286102295,2.196000099182129,2.1480000019073486,2.111999988555908,2.0880000591278076,2.053999900817871,2.053999900817871,1.996000051498413,1.996000051498413,1.9819999933242798,1.9620000123977661,1.9500000476837158,1.937999963760376,1.9199999570846558,1.9019999504089355,1.9019999504089355,1.8559999465942383,1.8559999465942383,1.8339999914169312,1.8079999685287476,1.781999945640564,1.7580000162124634,1.7380000352859497,1.718000054359436,1.7000000476837158,1.6759999990463257,1.6759999990463257,1.6540000438690186,1.5080000162124634,1.5080000162124634,1.5080000162124634,1.5,1.4880000352859497,1.4759999513626099,inf,inf,inf,inf,inf,1.406000018119812,1.406000018119812,1.406000018119812,1.406000018119812,1.406000018119812,...,0.0,0.0,0.0,0.0,0.0,0.0,0.0,0.0,0.0,0.0,0.0,0.0,0.0,0.0,0.0,0.0,0.0,0.0,47.0,47.0,47.0,47.0,47.0,0.0,0.0,0.0,0.0,0.0,0.0,0.0,0.0,0.0,0.0,0.0,0.0,0.0,0.0,0.0,0.0,0.0,0.0,0.0,0.0,0.0,0.0,0.0,0.0,0.0,0.0,0.0,0.0,0.0,0.0,0.0,0.0,0.0,0.0,0.0,0.0,0.0,0.0,0.0,0.0,0.0,0.0,0.0,0.0,0.0,47.0,47.0,47.0,47.0,47.0,0.0,0.0,0.0,0.0,0.0,0.0,0.0,0.0,0.0,0.0,0.0,0.0,0.0,0.0,0.0,0.0,0.0,0.0,0.0,0.0,0.0,0.0,0.0,0.0,0.0,0.0,0.0,0.0,0.0,0.0,0.0,0.0,0.0,0.0,0.0,0.0,0.0,0.0,0.0,0.0,0.0,0.0,0.0,0.0,0.0,0.0,0.0,0.0,0.0,0.0,0.0,0.0,0.0,0.0,0.0,...
1763031624,757726927,laser,-3.1241390705108643,3.1415927410125732,0.0034828970674425364,5.370489816414192e-05,0.09661511331796646,0.15000000596046448,16.0,inf,inf,inf,inf,inf,inf,inf,inf,inf,inf,inf,inf,inf,inf,inf,inf,inf,inf,inf,inf,inf,inf,inf,inf,inf,inf,inf,10.407999992370605,10.407999992370605,10.407999992370605,10.407999992370605,10.407999992370605,inf,inf,inf,inf,inf,inf,inf,inf,inf,inf,inf,inf,inf,inf,inf,inf,inf,inf,inf,inf,3.9040000438690186,3.9040000438690186,3.9040000438690186,3.9040000438690186,3.9040000438690186,3.803999900817871,3.74399995803833,3.7360000610351562,3.7360000610351562,3.7360000610351562,3.74399995803833,3.747999906539917,3.747999906539917,3.752000093460083,2.940000057220459,2.884000062942505,2.884000062942505,2.884000062942505,2.812000036239624,2.812000036239624,2.7360000610351562,2.680000066757202,2.631999969482422,2.5799999237060547,2.5280001163482666,2.4839999675750732,2.4240000247955322,2.375999927520752,2.3359999656677246,2.299999952316284,2.299999952316284,2.196000099182129,2.196000099182129,2.196000099182129,2.1480000019073486,2.1040000915527344,2.0799999237060547,2.0480000972747803,2.007999897003174,1.9839999675750732,1.9559999704360962,1.9559999704360962,1.9199999570846558,1.8940000534057617,1.8680000305175781,1.850000023841858,1.8339999914169312,1.815999984741211,1.805999994277954,1.7999999523162842,1.7999999523162842,1.7899999618530273,1.7760000228881836,1.7519999742507935,1.7319999933242798,1.715999960899353,1.6959999799728394,1.6720000505447388,1.6540000438690186,1.6540000438690186,1.5180000066757202,1.5,1.5,1.5,1.4839999675750732,inf,inf,inf,inf,inf,1.4040000438690186,1.4040000438690186,1.4040000438690186,1.4040000438690186,1.4040000438690186,1.3919999599456787,...,0.0,0.0,0.0,0.0,0.0,0.0,0.0,0.0,0.0,0.0,0.0,0.0,0.0,0.0,0.0,0.0,0.0,0.0,0.0,0.0,0.0,0.0,0.0,0.0,0.0,0.0,0.0,0.0,0.0,0.0,0.0,0.0,0.0,0.0,0.0,0.0,0.0,0.0,0.0,0.0,0.0,0.0,0.0,0.0,0.0,0.0,0.0,0.0,0.0,0.0,0.0,0.0,0.0,0.0,0.0,0.0,0.0,0.0,0.0,0.0,0.0,0.0,0.0,0.0,0.0,0.0,0.0,0.0,0.0,0.0,47.0,47.0,47.0,47.0,47.0,0.0,0.0,0.0,0.0,0.0,0.0,0.0,0.0,0.0,0.0,0.0,0.0,0.0,0.0,0.0,0.0,47.0,47.0,47.0,47.0,47.0,0.0,0.0,0.0,0.0,0.0,0.0,0.0,0.0,0.0,0.0,0.0,0.0,0.0,0.0,0.0,0.0,0.0,0.0,0.0,0.0,0.0,0.0,0.0,0.0,0.0,0.0,0.0,47.0,47.0,47.0,47.0,47.0,...
1763031624,855903236,laser,-3.1241390705108643,3.1415927410125732,0.0034828970674425364,5.3842020861338824e-05,0.09686179459095001,0.15000000596046448,16.0,inf,inf,inf,inf,inf,inf,inf,inf,inf,inf,inf,inf,inf,inf,inf,inf,inf,inf,inf,inf,inf,inf,inf,inf,inf,inf,inf,inf,inf,10.407999992370605,10.407999992370605,10.407999992370605,10.407999992370605,10.407999992370605,inf,inf,inf,inf,inf,inf,inf,inf,inf,inf,inf,inf,inf,inf,inf,inf,inf,inf,inf,3.812000036239624,3.812000036239624,3.812000036239624,3.812000036239624,3.812000036239624,3.752000093460083,3.752000093460083,3.752000093460083,3.752000093460083,3.740000009536743,3.74399995803833,3.747999906539917,3.752000093460083,2.884000062942505,2.884000062942505,2.8239998817443848,2.8239998817443848,2.8239998817443848,2.752000093460083,2.691999912261963,2.6480000019073486,2.5959999561309814,2.5959999561309814,2.5439999103546143,2.4839999675750732,2.436000108718872,2.384000062942505,2.3359999656677246,2.2960000038146973,2.2720000743865967,2.247999906539917,2.196000099182129,2.1559998989105225,2.1559998989105225,2.124000072479248,2.0880000591278076,2.053999900817871,2.0199999809265137,1.9880000352859497,1.9559999704360962,1.9279999732971191,1.909999966621399,1.8819999694824219,1.8680000305175781,1.8580000400543213,1.8580000400543213,1.8420000076293945,1.8359999656677246,1.8220000267028809,1.8040000200271606,1.781999945640564,1.7599999904632568,1.7599999904632568,1.718000054359436,1.718000054359436,1.7020000219345093,1.684000015258789,1.659999966621399,1.6380000114440918,1.5140000581741333,1.5140000581741333,1.503999948501587,1.4880000352859497,1.4800000190734863,inf,inf,inf,inf,inf,inf,1.399999976158142,1.399999976158142,1.399999976158142,1.399999976158142,1.399999976158142,...,0.0,0.0,0.0,0.0,0.0,0.0,0.0,0.0,0.0,0.0,0.0,0.0,0.0,0.0,0.0,0.0,0.0,0.0,0.0,0.0,0.0,0.0,0.0,0.0,0.0,0.0,0.0,0.0,0.0,0.0,0.0,0.0,0.0,0.0,0.0,0.0,0.0,0.0,0.0,0.0,0.0,0.0,0.0,0.0,0.0,0.0,0.0,0.0,0.0,0.0,0.0,0.0,0.0,0.0,0.0,0.0,0.0,0.0,0.0,0.0,0.0,0.0,0.0,0.0,0.0,0.0,0.0,0.0,0.0,0.0,0.0,0.0,0.0,0.0,0.0,0.0,0.0,0.0,0.0,0.0,0.0,0.0,0.0,0.0,0.0,0.0,0.0,0.0,0.0,47.0,47.0,47.0,47.0,47.0,0.0,0.0,0.0,0.0,0.0,0.0,0.0,0.0,0.0,0.0,0.0,0.0,0.0,0.0,0.0,0.0,0.0,0.0,0.0,0.0,0.0,0.0,0.0,0.0,0.0,0.0,0.0,0.0,0.0,0.0,47.0,47.0,47.0,47.0,...
1763031624,954355379,laser,-3.1241390705108643,3.1415927410125732,0.0034828970674425364,5.369068821892142e-05,0.09658954292535782,0.15000000596046448,16.0,inf,inf,inf,inf,inf,inf,inf,inf,inf,inf,inf,inf,inf,inf,inf,inf,inf,inf,inf,inf,inf,inf,inf,inf,inf,inf,inf,10.46399974822998,10.46399974822998,10.46399974822998,10.46399974822998,10.46399974822998,inf,inf,inf,inf,inf,inf,inf,inf,inf,inf,inf,inf,inf,inf,inf,inf,inf,inf,inf,inf,3.9040000438690186,3.9040000438690186,3.9040000438690186,3.9040000438690186,3.9040000438690186,3.803999900817871,3.74399995803833,3.74399995803833,3.747999906539917,3.747999906539917,3.74399995803833,3.747999906539917,3.747999906539917,3.752000093460083,3.752000093460083,2.884000062942505,2.884000062942505,2.884000062942505,2.884000062942505,2.8239998817443848,2.752000093460083,2.680000066757202,2.631999969482422,2.5840001106262207,2.5320000648498535,2.4839999675750732,2.427999973297119,2.375999927520752,2.3359999656677246,2.3359999656677246,2.2960000038146973,2.2360000610351562,2.2079999446868896,2.196000099182129,2.1480000019073486,2.111999988555908,2.0880000591278076,2.052000045776367,2.052000045776367,2.0,2.0,1.9900000095367432,1.9739999771118164,1.9620000123977661,1.9500000476837158,1.9279999732971191,1.906000018119812,1.8819999694824219,1.8559999465942383,1.8559999465942383,1.8300000429153442,1.805999994277954,1.781999945640564,1.7580000162124634,1.7380000352859497,1.715999960899353,1.6959999799728394,1.6759999990463257,1.656000018119812,1.656000018119812,1.534000039100647,1.5140000581741333,1.5140000581741333,1.503999948501587,1.4880000352859497,1.4780000448226929,inf,inf,inf,inf,1.409999966621399,1.409999966621399,1.409999966621399,1.409999966621399,1.409999966621399,1.3980000019073486,...,0.0,0.0,0.0,0.0,0.0,0.0,0.0,0.0,0.0,0.0,0.0,0.0,0.0,0.0,0.0,0.0,0.0,0.0,0.0,0.0,47.0,47.0,47.0,47.0,47.0,0.0,0.0,0.0,0.0,0.0,0.0,0.0,0.0,0.0,0.0,0.0,0.0,0.0,0.0,0.0,0.0,0.0,0.0,0.0,0.0,0.0,0.0,0.0,0.0,0.0,0.0,0.0,0.0,0.0,0.0,0.0,0.0,0.0,0.0,0.0,0.0,0.0,0.0,0.0,0.0,0.0,0.0,0.0,0.0,0.0,0.0,0.0,0.0,0.0,0.0,0.0,0.0,0.0,0.0,0.0,0.0,0.0,0.0,0.0,0.0,0.0,0.0,0.0,0.0,0.0,0.0,47.0,47.0,47.0,47.0,47.0,0.0,0.0,0.0,0.0,0.0,0.0,0.0,0.0,0.0,0.0,0.0,0.0,0.0,0.0,0.0,0.0,0.0,0.0,0.0,0.0,0.0,0.0,0.0,0.0,0.0,0.0,0.0,47.0,47.0,47.0,47.0,47.0,...
1763031625,52492153,laser,-3.1241390705108643,3.1415927410125732,0.0034828970674425364,5.715048246202059e-05,0.102813720703125,0.15000000596046448,16.0,inf,inf,inf,inf,inf,inf,inf,inf,inf,inf,inf,inf,inf,inf,inf,inf,inf,inf,inf,inf,inf,inf,inf,inf,inf,inf,inf,inf,inf,inf,inf,inf,inf,inf,inf,inf,inf,inf,inf,inf,inf,inf,inf,inf,inf,inf,inf,inf,inf,inf,inf,4.015999794006348,4.015999794006348,4.015999794006348,4.015999794006348,4.015999794006348,3.9079999923706055,3.812000036239624,3.75600004196167,3.75600004196167,3.747999906539917,3.747999906539917,3.740000009536743,3.74399995803833,3.747999906539917,3.752000093460083,3.752000093460083,2.884000062942505,2.884000062942505,2.8239998817443848,2.8239998817443848,2.8239998817443848,2.752000093460083,2.684000015258789,2.635999917984009,2.5840001106262207,2.5320000648498535,2.4800000190734863,2.436000108718872,2.384000062942505,2.3359999656677246,2.3359999656677246,2.2960000038146973,2.25600004196167,2.2279999256134033,2.196000099182129,2.1519999504089355,2.115999937057495,2.0880000591278076,2.052000045776367,2.052000045776367,1.9880000352859497,1.9739999771118164,1.9739999771118164,1.9620000123977661,1.9479999542236328,1.9420000314712524,1.9259999990463257,1.906000018119812,1.8819999694824219,1.8559999465942383,1.8339999914169312,1.8339999914169312,1.8079999685287476,1.781999945640564,1.7599999904632568,1.7380000352859497,1.715999960899353,1.6959999799728394,1.6779999732971191,1.6579999923706055,1.6579999923706055,1.503999948501587,1.503999948501587,1.503999948501587,1.503999948501587,1.4859999418258667,1.4759999513626099,inf,inf,inf,1.4040000438690186,1.4040000438690186,1.4040000438690186,1.4040000438690186,1.4040000438690186,1.3940000534057617,1.3940000534057617,...,0.0,0.0,0.0,0.0,0.0,0.0,0.0,0.0,0.0,0.0,0.0,0.0,0.0,0.0,0.0,0.0,0.0,0.0,47.0,47.0,47.0,47.0,47.0,0.0,0.0,0.0,0.0,0.0,0.0,0.0,0.0,0.0,0.0,0.0,0.0,0.0,0.0,0.0,0.0,0.0,0.0,0.0,0.0,0.0,0.0,0.0,0.0,0.0,0.0,0.0,0.0,0.0,0.0,0.0,0.0,0.0,0.0,0.0,0.0,0.0,0.0,0.0,0.0,0.0,0.0,0.0,0.0,0.0,0.0,0.0,0.0,47.0,47.0,47.0,47.0,47.0,0.0,0.0,0.0,0.0,0.0,0.0,0.0,0.0,0.0,0.0,0.0,0.0,0.0,47.0,47.0,47.0,47.0,47.0,0.0,0.0,0.0,0.0,0.0,0.0,0.0,0.0,0.0,0.0,0.0,0.0,0.0,0.0,0.0,0.0,0.0,0.0,0.0,0.0,0.0,0.0,0.0,0.0,0.0,0.0,0.0,0.0,0.0,0.0,0.0,0.0,0.0,0.0,...
1763031625,156281484,laser,-3.1241390705108643,3.1415927410125732,0.0034828970674425364,5.4064494179328904e-05,0.09726202487945557,0.15000000596046448,16.0,inf,inf,inf,inf,inf,inf,inf,inf,inf,inf,inf,inf,inf,inf,inf,inf,inf,inf,inf,inf,inf,inf,inf,inf,inf,inf,inf,inf,10.447999954223633,10.447999954223633,10.447999954223633,10.447999954223633,10.447999954223633,inf,inf,inf,inf,inf,inf,inf,inf,inf,inf,inf,inf,inf,inf,inf,inf,inf,inf,inf,inf,3.812000036239624,3.812000036239624,3.812000036239624,3.812000036239624,3.812000036239624,3.752000093460083,3.747999906539917,3.74399995803833,3.74399995803833,3.740000009536743,3.74399995803833,3.747999906539917,3.752000093460083,2.884000062942505,2.884000062942505,2.828000068664551,2.828000068664551,2.828000068664551,2.759999990463257,2.687999963760376,2.635999917984009,2.5959999561309814,2.5959999561309814,2.5439999103546143,2.4839999675750732,2.436000108718872,2.380000114440918,2.3359999656677246,2.2960000038146973,2.2679998874664307,2.24399995803833,2.24399995803833,2.1519999504089355,2.1519999504089355,2.115999937057495,2.0880000591278076,2.052000045776367,2.0179998874664307,1.9900000095367432,1.9579999446868896,1.9299999475479126,1.9019999504089355,1.9019999504089355,1.8539999723434448,1.8539999723434448,1.8320000171661377,1.8179999589920044,1.8140000104904175,1.805999994277954,1.7960000038146973,1.7799999713897705,1.7599999904632568,1.7599999904632568,1.7380000352859497,1.718000054359436,1.6979999542236328,1.6799999475479126,1.659999966621399,1.6399999856948853,1.5240000486373901,1.5240000486373901,1.503999948501587,1.4880000352859497,1.4759999513626099,1.4759999513626099,inf,inf,inf,inf,inf,1.399999976158142,1.399999976158142,1.399999976158142,1.399999976158142,1.399999976158142,...,0.0,0.0,0.0,0.0,0.0,0.0,0.0,0.0,0.0,0.0,0.0,0.0,0.0,0.0,0.0,0.0,0.0,0.0,0.0,0.0,0.0,0.0,0.0,0.0,0.0,0.0,0.0,0.0,0.0,0.0,0.0,0.0,0.0,0.0,0.0,0.0,0.0,0.0,0.0,0.0,0.0,0.0,0.0,0.0,0.0,0.0,0.0,0.0,0.0,0.0,0.0,0.0,0.0,0.0,0.0,0.0,0.0,0.0,0.0,0.0,0.0,0.0,0.0,0.0,0.0,0.0,0.0,0.0,0.0,0.0,0.0,0.0,0.0,0.0,0.0,0.0,0.0,0.0,0.0,0.0,0.0,0.0,0.0,0.0,0.0,0.0,0.0,0.0,0.0,0.0,0.0,0.0,0.0,0.0,0.0,0.0,0.0,0.0,0.0,0.0,0.0,0.0,0.0,0.0,0.0,0.0,0.0,0.0,0.0,0.0,0.0,0.0,0.0,0.0,0.0,0.0,0.0,0.0,0.0,0.0,0.0,0.0,0.0,0.0,0.0,0.0,47.0,47.0,...
1763031625,254959155,laser,-3.1241390705108643,3.1415927410125732,0.0034828970674425364,5.387140845414251e-05,0.09691466391086578,0.15000000596046448,16.0,inf,inf,inf,inf,inf,inf,inf,inf,inf,inf,inf,inf,inf,inf,inf,inf,inf,inf,inf,inf,inf,inf,inf,inf,inf,inf,inf,10.407999992370605,10.407999992370605,10.407999992370605,10.407999992370605,10.407999992370605,inf,inf,inf,inf,inf,inf,inf,inf,inf,inf,inf,inf,inf,inf,inf,inf,inf,inf,inf,3.812000036239624,3.812000036239624,3.812000036239624,3.812000036239624,3.812000036239624,3.759999990463257,3.759999990463257,3.759999990463257,3.752000093460083,3.74399995803833,3.740000009536743,3.740000009536743,3.747999906539917,3.752000093460083,3.747999906539917,2.888000011444092,2.888000011444092,2.888000011444092,2.828000068664551,2.828000068664551,2.7679998874664307,2.7119998931884766,2.6640000343322754,2.611999988555908,2.555999994277954,2.555999994277954,2.503999948501587,2.444000005722046,2.384000062942505,2.3399999141693115,2.308000087738037,2.2880001068115234,2.184000015258789,2.184000015258789,2.1640000343322754,2.128000020980835,2.0999999046325684,2.0999999046325684,2.055999994277954,2.0199999809265137,1.9900000095367432,1.965999960899353,1.940000057220459,1.906000018119812,1.8819999694824219,1.8639999628067017,1.8420000076293945,1.8279999494552612,1.8279999494552612,1.8259999752044678,1.8179999589920044,1.8079999685287476,1.7899999618530273,1.7699999809265137,1.7480000257492065,1.7259999513626099,1.7079999446868896,1.6859999895095825,1.6859999895095825,1.6619999408721924,1.6460000276565552,1.534000039100647,1.534000039100647,1.5099999904632568,1.496000051498413,1.4819999933242798,inf,inf,inf,inf,inf,inf,1.399999976158142,1.399999976158142,1.399999976158142,1.399999976158142,1.399999976158142,...,0.0,0.0,0.0,0.0,0.0,0.0,0.0,0.0,0.0,0.0,0.0,0.0,0.0,0.0,0.0,0.0,0.0,0.0,0.0,0.0,0.0,0.0,0.0,0.0,0.0,0.0,0.0,0.0,0.0,0.0,0.0,0.0,0.0,0.0,0.0,0.0,0.0,0.0,0.0,0.0,0.0,0.0,0.0,0.0,0.0,0.0,0.0,0.0,0.0,0.0,0.0,0.0,0.0,0.0,0.0,0.0,0.0,0.0,0.0,0.0,0.0,0.0,0.0,0.0,0.0,0.0,0.0,0.0,0.0,0.0,0.0,0.0,0.0,0.0,0.0,0.0,0.0,0.0,0.0,0.0,0.0,0.0,0.0,0.0,0.0,0.0,0.0,0.0,0.0,0.0,0.0,0.0,0.0,0.0,0.0,0.0,0.0,0.0,0.0,0.0,0.0,0.0,0.0,0.0,0.0,0.0,0.0,0.0,0.0,0.0,0.0,0.0,0.0,0.0,0.0,0.0,0.0,0.0,0.0,0.0,0.0,0.0,0.0,0.0,0.0,0.0,0.0,0.0,...
1763031625,353421124,laser,-3.1241390705108643,3.1415927410125732,0.0034828970674425364,5.376583430916071e-05,0.096724733710289,0.15000000596046448,16.0,inf,inf,inf,inf,inf,inf,inf,inf,inf,inf,inf,inf,inf,inf,inf,inf,inf,inf,inf,inf,inf,inf,inf,inf,inf,inf,inf,inf,10.527999877929688,10.527999877929688,10.527999877929688,10.527999877929688,10.527999877929688,inf,inf,inf,inf,inf,inf,inf,inf,inf,inf,inf,inf,inf,inf,inf,inf,inf,4.01200008392334,4.01200008392334,4.01200008392334,4.01200008392334,4.01200008392334,3.9040000438690186,3.9040000438690186,3.812000036239624,3.812000036239624,3.752000093460083,3.74399995803833,3.74399995803833,3.74399995803833,3.747999906539917,3.747999906539917,3.747999906539917,3.747999906539917,2.888000011444092,2.819999933242798,2.819999933242798,2.819999933242798,2.819999933242798,2.747999906539917,2.691999912261963,2.640000104904175,2.5959999561309814,2.5399999618530273,2.4839999675750732,2.436000108718872,2.384000062942505,2.3399999141693115,2.308000087738037,2.308000087738037,2.2720000743865967,2.240000009536743,2.2039999961853027,2.1640000343322754,2.119999885559082,2.0880000591278076,2.053999900817871,2.0220000743865967,1.996000051498413,1.9880000352859497,1.9800000190734863,1.9800000190734863,1.968000054359436,1.9559999704360962,1.9359999895095825,1.9119999408721924,1.8860000371932983,1.8639999628067017,1.840000033378601,1.8140000104904175,1.7920000553131104,1.7920000553131104,1.7660000324249268,1.74399995803833,1.722000002861023,1.7039999961853027,1.684000015258789,1.6619999408721924,1.6399999856948853,1.5140000581741333,1.5140000581741333,1.503999948501587,1.4900000095367432,1.4819999933242798,1.4819999933242798,inf,1.434000015258789,1.434000015258789,1.434000015258789,1.434000015258789,1.434000015258789,1.4119999408721924,1.4119999408721924,1.4119999408721924,1.4119999408721924,...,0.0,0.0,0.0,0.0,0.0,0.0,0.0,0.0,0.0,0.0,0.0,0.0,0.0,0.0,0.0,0.0,0.0,0.0,0.0,47.0,47.0,47.0,47.0,47.0,0.0,0.0,0.0,0.0,0.0,0.0,0.0,0.0,0.0,0.0,0.0,0.0,0.0,0.0,0.0,0.0,0.0,0.0,0.0,0.0,0.0,0.0,0.0,0.0,0.0,0.0,0.0,0.0,0.0,0.0,0.0,0.0,0.0,0.0,0.0,0.0,0.0,0.0,0.0,0.0,0.0,0.0,0.0,0.0,0.0,0.0,0.0,0.0,0.0,0.0,0.0,0.0,0.0,0.0,0.0,0.0,0.0,0.0,0.0,0.0,0.0,0.0,0.0,0.0,0.0,0.0,0.0,0.0,0.0,0.0,0.0,0.0,0.0,0.0,0.0,0.0,0.0,0.0,0.0,0.0,0.0,0.0,0.0,0.0,0.0,0.0,0.0,0.0,0.0,0.0,0.0,0.0,0.0,0.0,0.0,0.0,0.0,0.0,0.0,0.0,0.0,0.0,0.0,0.0,...
1763031625,451474170,laser,-3.1241390705108643,3.1415927410125732,0.0034828970674425364,5.7222099712817e-05,0.102942556142807,0.15000000596046448,16.0,inf,inf,inf,inf,inf,inf,inf,inf,inf,inf,inf,inf,inf,inf,inf,inf,inf,inf,inf,inf,inf,inf,inf,inf,inf,inf,inf,inf,inf,inf,inf,inf,inf,inf,inf,inf,inf,inf,inf,inf,inf,inf,inf,inf,inf,inf,inf,inf,inf,inf,inf,3.888000011444092,3.888000011444092,3.888000011444092,3.888000011444092,3.888000011444092,3.7880001068115234,3.7880001068115234,3.7880001068115234,3.740000009536743,3.74399995803833,3.747999906539917,3.747999906539917,3.747999906539917,3.74399995803833,3.74399995803833,2.9240000247955322,2.9240000247955322,2.9240000247955322,2.8559999465942383,2.8559999465942383,2.799999952316284,2.740000009536743,2.687999963760376,2.631999969482422,2.5759999752044678,2.5239999294281006,2.4800000190734863,2.4240000247955322,2.371999979019165,2.3359999656677246,2.3359999656677246,2.2920000553131104,2.2279999256134033,2.2079999446868896,2.191999912261963,2.140000104904175,2.1080000400543213,2.0840001106262207,2.052000045776367,2.052000045776367,1.99399995803833,1.972000002861023,1.972000002861023,1.9459999799728394,1.9320000410079956,1.9240000247955322,1.9079999923706055,1.8940000534057617,1.871999979019165,1.850000023841858,1.8320000171661377,1.8320000171661377,1.805999994277954,1.7799999713897705,1.7580000162124634,1.7319999933242798,1.7139999866485596,1.6979999542236328,1.6759999990463257,1.656000018119812,1.656000018119812,1.4980000257492065,1.4980000257492065,1.4980000257492065,1.4980000257492065,1.4859999418258667,1.4739999771118164,inf,inf,inf,1.4079999923706055,1.4079999923706055,1.4079999923706055,1.4079999923706055,1.4079999923706055,1.3940000534057617,1.3940000534057617,...,0.0,0.0,0.0,0.0,0.0,0.0,0.0,0.0,0.0,0.0,0.0,0.0,0.0,0.0,0.0,0.0,0.0,0.0,0.0,47.0,47.0,47.0,47.0,47.0,0.0,0.0,0.0,0.0,0.0,0.0,0.0,0.0,0.0,0.0,0.0,0.0,0.0,0.0,0.0,0.0,0.0,0.0,0.0,0.0,0.0,0.0,0.0,0.0,0.0,0.0,0.0,0.0,0.0,0.0,0.0,0.0,0.0,0.0,0.0,0.0,0.0,0.0,0.0,0.0,0.0,0.0,0.0,0.0,0.0,0.0,0.0,0.0,0.0,0.0,0.0,0.0,0.0,0.0,0.0,0.0,0.0,0.0,0.0,0.0,0.0,0.0,0.0,0.0,0.0,0.0,47.0,47.0,47.0,47.0,47.0,0.0,0.0,0.0,0.0,0.0,0.0,0.0,0.0,0.0,0.0,0.0,0.0,0.0,0.0,0.0,0.0,0.0,0.0,0.0,0.0,0.0,0.0,0.0,0.0,0.0,0.0,0.0,0.0,0.0,0.0,47.0,47.0,47.0,...
1763031625,555447067,laser,-3.1241390705108643,3.1415927410125732,0.0034828970674425364,5.414490442490205e-05,0.09740668535232544,0.15000000596046448,16.0,inf,inf,inf,inf,inf,inf,inf,inf,inf,inf,inf,inf,inf,inf,inf,inf,inf,inf,inf,inf,inf,inf,inf,inf,inf,inf,inf,inf,inf,inf,inf,inf,inf,inf,inf,inf,inf,inf,inf,inf,inf,inf,inf,inf,inf,inf,inf,inf,inf,inf,inf,3.884000062942505,3.884000062942505,3.884000062942505,3.884000062942505,3.884000062942505,3.7880001068115234,3.7880001068115234,3.7880001068115234,3.740000009536743,3.74399995803833,3.74399995803833,3.74399995803833,3.74399995803833,3.74399995803833,3.74399995803833,2.9240000247955322,2.9240000247955322,2.9240000247955322,2.9240000247955322,2.859999895095825,2.799999952316284,2.7279999256134033,2.671999931335449,2.631999969482422,2.5759999752044678,2.5239999294281006,2.4079999923706055,2.4079999923706055,2.368000030517578,2.368000030517578,2.3239998817443848,2.2839999198913574,2.196000099182129,2.196000099182129,2.187999963760376,2.140000104904175,2.0999999046325684,2.0759999752044678,2.0480000972747803,2.00600004196167,1.9739999771118164,1.9739999771118164,1.9479999542236328,1.9140000343322754,1.8899999856948853,1.8619999885559082,1.840000033378601,1.8240000009536743,1.7979999780654907,1.7879999876022339,1.7879999876022339,1.7879999876022339,1.781999945640564,1.7680000066757202,1.7480000257492065,1.7280000448226929,1.7120000123977661,1.6959999799728394,1.6740000247955322,1.6540000438690186,1.6260000467300415,1.5140000581741333,1.5140000581741333,1.503999948501587,1.503999948501587,1.4859999418258667,inf,inf,inf,inf,1.4079999923706055,1.4079999923706055,1.4079999923706055,1.4079999923706055,1.4079999923706055,1.3940000534057617,1.3940000534057617,...,0.0,0.0,0.0,0.0,0.0,0.0,0.0,0.0,0.0,0.0,0.0,0.0,0.0,0.0,0.0,0.0,0.0,0.0,0.0,0.0,0.0,0.0,0.0,0.0,0.0,0.0,0.0,0.0,0.0,0.0,0.0,0.0,0.0,0.0,0.0,0.0,0.0,0.0,0.0,0.0,0.0,0.0,0.0,0.0,0.0,0.0,0.0,0.0,0.0,0.0,0.0,0.0,0.0,0.0,0.0,0.0,0.0,0.0,0.0,0.0,0.0,0.0,0.0,0.0,0.0,0.0,0.0,0.0,0.0,0.0,0.0,0.0,0.0,0.0,0.0,0.0,0.0,0.0,0.0,0.0,0.0,0.0,0.0,0.0,0.0,0.0,0.0,0.0,0.0,47.0,47.0,47.0,47.0,47.0,0.0,0.0,0.0,0.0,0.0,0.0,0.0,0.0,0.0,0.0,0.0,0.0,0.0,0.0,0.0,0.0,0.0,0.0,0.0,0.0,0.0,0.0,0.0,0.0,0.0,0.0,0.0,0.0,0.0,0.0,0.0,0.0,0.0,0.0,...
1763031625,653967441,laser,-3.1241390705108643,3.1415927410125732,0.0034828970674425364,5.7349534472450614e-05,0.10317181050777435,0.15000000596046448,16.0,inf,inf,inf,inf,inf,inf,inf,inf,inf,inf,inf,inf,inf,inf,inf,inf,inf,inf,inf,inf,inf,inf,inf,inf,inf,inf,inf,inf,inf,inf,inf,inf,inf,inf,inf,inf,inf,inf,inf,inf,inf,inf,inf,inf,inf,inf,inf,inf,inf,inf,inf,3.812000036239624,3.812000036239624,3.812000036239624,3.812000036239624,3.812000036239624,3.752000093460083,3.752000093460083,3.752000093460083,3.752000093460083,3.74399995803833,3.74399995803833,3.7360000610351562,3.74399995803833,3.747999906539917,3.752000093460083,3.752000093460083,2.871999979019165,2.871999979019165,2.8239998817443848,2.8239998817443848,2.8239998817443848,2.75600004196167,2.691999912261963,2.640000104904175,2.5959999561309814,2.5439999103546143,2.4839999675750732,2.431999921798706,2.375999927520752,2.3359999656677246,2.303999900817871,2.303999900817871,2.2720000743865967,2.240000009536743,2.200000047683716,2.1600000858306885,2.119999885559082,2.0840001106262207,2.052000045776367,2.0199999809265137,1.9900000095367432,1.965999960899353,1.934000015258789,1.934000015258789,1.8960000276565552,1.8739999532699585,1.8600000143051147,1.8459999561309814,1.8339999914169312,1.8320000171661377,1.8220000267028809,1.805999994277954,1.805999994277954,1.7860000133514404,1.7640000581741333,1.74399995803833,1.7239999771118164,1.7039999961853027,1.684000015258789,1.6619999408721924,1.6399999856948853,1.5219999551773071,1.5219999551773071,1.50600004196167,1.4900000095367432,1.4639999866485596,1.4639999866485596,inf,inf,1.4299999475479126,1.4299999475479126,1.4299999475479126,1.4299999475479126,1.4299999475479126,1.399999976158142,1.399999976158142,1.399999976158142,...,0.0,0.0,0.0,0.0,0.0,0.0,0.0,0.0,0.0,0.0,0.0,0.0,0.0,0.0,0.0,0.0,0.0,0.0,0.0,0.0,0.0,0.0,0.0,0.0,0.0,0.0,0.0,0.0,0.0,0.0,0.0,0.0,0.0,0.0,0.0,0.0,0.0,0.0,0.0,0.0,0.0,0.0,0.0,0.0,0.0,0.0,0.0,0.0,0.0,0.0,0.0,0.0,0.0,0.0,0.0,0.0,0.0,0.0,0.0,0.0,0.0,0.0,0.0,0.0,0.0,0.0,0.0,0.0,0.0,0.0,0.0,0.0,0.0,0.0,0.0,0.0,0.0,0.0,0.0,0.0,0.0,0.0,0.0,0.0,0.0,0.0,0.0,0.0,0.0,47.0,47.0,47.0,47.0,47.0,0.0,0.0,0.0,0.0,0.0,0.0,0.0,0.0,0.0,0.0,0.0,0.0,0.0,0.0,0.0,0.0,0.0,0.0,0.0,0.0,0.0,0.0,0.0,0.0,0.0,0.0,0.0,0.0,0.0,0.0,0.0,0.0,0.0,0.0,...
1763031625,758230823,laser,-3.1241390705108643,3.1415927410125732,0.0034828970674425364,5.40349938091822e-05,0.09720895439386368,0.15000000596046448,16.0,inf,inf,inf,inf,inf,inf,inf,inf,inf,inf,inf,inf,inf,inf,inf,inf,inf,inf,inf,inf,inf,inf,inf,inf,inf,inf,inf,inf,inf,inf,inf,inf,inf,inf,inf,inf,inf,inf,inf,inf,inf,inf,inf,inf,inf,inf,inf,inf,inf,inf,inf,inf,3.9000000953674316,3.9000000953674316,3.9000000953674316,3.9000000953674316,3.9000000953674316,3.812000036239624,3.752000093460083,3.74399995803833,3.74399995803833,3.740000009536743,3.740000009536743,3.74399995803833,3.747999906539917,3.752000093460083,2.888000011444092,2.888000011444092,2.888000011444092,2.888000011444092,2.8239998817443848,2.75600004196167,2.75600004196167,2.640000104904175,2.640000104904175,2.5959999561309814,2.5399999618530273,2.4800000190734863,2.431999921798706,2.375999927520752,2.3359999656677246,2.2920000553131104,2.259999990463257,2.240000009536743,2.240000009536743,2.200000047683716,2.1600000858306885,2.119999885559082,2.0840001106262207,2.052000045776367,2.0199999809265137,2.007999897003174,1.9980000257492065,1.9800000190734863,1.965999960899353,1.965999960899353,1.9539999961853027,1.934000015258789,1.909999966621399,1.8860000371932983,1.8600000143051147,1.8359999656677246,1.812000036239624,1.7879999876022339,1.7879999876022339,1.7640000581741333,1.74399995803833,1.7239999771118164,1.7039999961853027,1.684000015258789,1.6619999408721924,1.6299999952316284,1.5140000581741333,1.50600004196167,1.50600004196167,1.4900000095367432,1.4780000448226929,1.4780000448226929,inf,inf,inf,inf,1.4119999408721924,1.4119999408721924,1.4119999408721924,1.4119999408721924,1.4119999408721924,1.399999976158142,...,0.0,0.0,0.0,0.0,0.0,0.0,0.0,0.0,0.0,0.0,0.0,0.0,0.0,0.0,0.0,0.0,0.0,0.0,0.0,0.0,0.0,0.0,0.0,0.0,0.0,0.0,0.0,0.0,0.0,0.0,0.0,0.0,0.0,0.0,0.0,0.0,0.0,0.0,0.0,0.0,0.0,0.0,0.0,0.0,0.0,0.0,0.0,0.0,0.0,0.0,0.0,0.0,0.0,0.0,0.0,0.0,0.0,0.0,0.0,0.0,0.0,0.0,0.0,0.0,0.0,0.0,0.0,0.0,47.0,47.0,47.0,47.0,47.0,0.0,0.0,0.0,0.0,0.0,0.0,0.0,0.0,0.0,0.0,0.0,0.0,0.0,0.0,0.0,0.0,0.0,0.0,0.0,0.0,0.0,0.0,0.0,0.0,0.0,0.0,0.0,0.0,0.0,0.0,0.0,0.0,0.0,47.0,47.0,47.0,47.0,47.0,0.0,0.0,0.0,0.0,0.0,0.0,0.0,0.0,0.0,0.0,0.0,0.0,0.0,47.0,47.0,47.0,47.0,...
1763031625,856616306,laser,-3.1241390705108643,3.1415927410125732,0.0034828970674425364,5.390614387579262e-05,0.09697715193033218,0.15000000596046448,16.0,inf,inf,inf,inf,inf,inf,inf,inf,inf,inf,inf,inf,inf,inf,inf,inf,inf,inf,inf,inf,inf,inf,inf,inf,inf,inf,inf,inf,inf,10.35200023651123,10.35200023651123,10.35200023651123,10.35200023651123,10.35200023651123,inf,inf,inf,inf,inf,inf,inf,inf,inf,inf,inf,inf,inf,inf,inf,inf,3.812000036239624,3.812000036239624,3.812000036239624,3.812000036239624,3.812000036239624,3.759999990463257,3.759999990463257,3.759999990463257,3.759999990463257,3.740000009536743,3.7320001125335693,3.740000009536743,3.747999906539917,3.747999906539917,3.752000093460083,3.752000093460083,2.9040000438690186,2.9040000438690186,2.9040000438690186,2.8480000495910645,2.8480000495910645,2.7880001068115234,2.7279999256134033,2.6559998989105225,2.611999988555908,2.568000078201294,2.496000051498413,2.496000051498413,2.4119999408721924,2.4119999408721924,2.368000030517578,2.319999933242798,2.2960000038146973,2.180000066757202,2.180000066757202,2.1600000858306885,2.128000020980835,2.1080000400543213,2.1080000400543213,2.0799999237060547,2.0439999103546143,2.0199999809265137,1.9980000257492065,1.9739999771118164,1.9620000123977661,1.9459999799728394,1.9279999732971191,1.909999966621399,1.909999966621399,1.8919999599456787,1.8700000047683716,1.843999981880188,1.8220000267028809,1.7979999780654907,1.7699999809265137,1.7480000257492065,1.7300000190734863,1.7079999446868896,1.6859999895095825,1.6859999895095825,1.6619999408721924,1.6440000534057617,1.527999997138977,1.527999997138977,1.50600004196167,1.496000051498413,1.4839999675750732,inf,inf,inf,inf,inf,inf,1.399999976158142,1.399999976158142,1.399999976158142,1.399999976158142,1.399999976158142,...,0.0,0.0,0.0,0.0,0.0,0.0,0.0,0.0,0.0,0.0,0.0,0.0,0.0,0.0,0.0,0.0,0.0,47.0,47.0,47.0,47.0,47.0,0.0,0.0,0.0,0.0,0.0,0.0,0.0,0.0,0.0,0.0,0.0,0.0,0.0,0.0,0.0,0.0,0.0,0.0,0.0,0.0,0.0,0.0,0.0,0.0,0.0,0.0,0.0,0.0,0.0,0.0,0.0,0.0,0.0,0.0,0.0,0.0,0.0,0.0,0.0,0.0,0.0,0.0,0.0,0.0,0.0,0.0,0.0,0.0,0.0,0.0,0.0,0.0,0.0,0.0,0.0,0.0,0.0,0.0,0.0,0.0,0.0,0.0,0.0,0.0,0.0,0.0,0.0,0.0,0.0,0.0,0.0,0.0,0.0,0.0,0.0,0.0,0.0,0.0,0.0,0.0,0.0,0.0,0.0,0.0,0.0,0.0,0.0,0.0,0.0,0.0,0.0,0.0,0.0,0.0,0.0,0.0,0.0,0.0,0.0,0.0,0.0,0.0,0.0,0.0,0.0,0.0,...
1763031625,954894094,laser,-3.1241390705108643,3.1415927410125732,0.0034828970674425364,5.390730075305328e-05,0.09697923809289932,0.15000000596046448,16.0,inf,inf,inf,inf,inf,inf,inf,inf,inf,inf,inf,inf,inf,inf,inf,inf,inf,inf,inf,inf,inf,inf,inf,inf,inf,inf,inf,10.48799991607666,10.48799991607666,10.48799991607666,10.48799991607666,10.48799991607666,inf,inf,inf,inf,inf,inf,inf,inf,inf,inf,inf,inf,inf,inf,inf,inf,inf,inf,inf,inf,inf,inf,3.75600004196167,3.75600004196167,3.75600004196167,3.75600004196167,3.75600004196167,3.747999906539917,3.740000009536743,3.740000009536743,3.740000009536743,3.74399995803833,3.752000093460083,3.752000093460083,2.8959999084472656,2.8959999084472656,2.8959999084472656,2.8440001010894775,2.8440001010894775,2.7760000228881836,2.700000047683716,2.6440000534057617,2.5959999561309814,2.5959999561309814,2.5399999618530273,2.48799991607666,2.440000057220459,2.3959999084472656,2.3519999980926514,2.308000087738037,2.2920000553131104,2.200000047683716,2.200000047683716,2.1600000858306885,2.1600000858306885,2.128000020980835,2.0920000076293945,2.052000045776367,2.0220000743865967,1.9919999837875366,1.965999960899353,1.934000015258789,1.9019999504089355,1.9019999504089355,1.8639999628067017,1.8639999628067017,1.8420000076293945,1.8179999589920044,1.815999984741211,1.812000036239624,1.7999999523162842,1.7860000133514404,1.7660000324249268,1.7660000324249268,1.7239999771118164,1.7239999771118164,1.7059999704360962,1.684000015258789,1.6619999408721924,1.6419999599456787,1.527999997138977,1.527999997138977,1.50600004196167,1.4900000095367432,1.4800000190734863,1.468000054359436,1.468000054359436,inf,1.4299999475479126,1.4299999475479126,1.4299999475479126,1.4299999475479126,1.4299999475479126,1.399999976158142,1.399999976158142,1.399999976158142,...,0.0,0.0,0.0,0.0,0.0,0.0,0.0,0.0,0.0,0.0,0.0,0.0,0.0,0.0,0.0,0.0,0.0,0.0,0.0,0.0,0.0,0.0,0.0,0.0,0.0,0.0,0.0,0.0,0.0,0.0,0.0,0.0,0.0,0.0,0.0,0.0,0.0,0.0,0.0,0.0,0.0,0.0,0.0,0.0,0.0,0.0,0.0,0.0,0.0,0.0,0.0,0.0,0.0,0.0,0.0,0.0,0.0,0.0,0.0,0.0,0.0,0.0,0.0,0.0,0.0,0.0,0.0,0.0,0.0,0.0,0.0,0.0,0.0,0.0,0.0,0.0,0.0,0.0,0.0,0.0,0.0,0.0,0.0,0.0,0.0,0.0,0.0,0.0,0.0,0.0,0.0,0.0,0.0,0.0,0.0,0.0,0.0,0.0,0.0,0.0,0.0,0.0,0.0,0.0,0.0,0.0,0.0,0.0,0.0,0.0,0.0,0.0,0.0,0.0,0.0,0.0,0.0,0.0,0.0,0.0,0.0,0.0,0.0,0.0,0.0,0.0,0.0,0.0,...
1763031626,53065343,laser,-3.1241390705108643,3.1415927410125732,0.0034828970674425364,5.739590778830461e-05,0.10325523465871811,0.15000000596046448,16.0,inf,inf,inf,inf,inf,inf,inf,inf,inf,inf,inf,inf,inf,inf,inf,inf,inf,inf,inf,inf,inf,inf,inf,inf,inf,inf,inf,inf,10.48799991607666,10.48799991607666,10.48799991607666,10.48799991607666,10.48799991607666,inf,inf,inf,inf,inf,inf,inf,inf,inf,inf,inf,inf,inf,inf,inf,inf,inf,inf,inf,inf,3.75600004196167,3.75600004196167,3.75600004196167,3.75600004196167,3.75600004196167,3.747999906539917,3.747999906539917,3.74399995803833,3.74399995803833,3.740000009536743,3.74399995803833,3.747999906539917,3.752000093460083,2.8959999084472656,2.8959999084472656,2.8399999141693115,2.8399999141693115,2.8399999141693115,2.7679998874664307,2.7679998874664307,2.6440000534057617,2.6440000534057617,2.5959999561309814,2.5439999103546143,2.492000102996826,2.436000108718872,2.380000114440918,2.3359999656677246,2.303999900817871,2.2760000228881836,2.2760000228881836,2.24399995803833,2.200000047683716,2.1600000858306885,2.115999937057495,2.0880000591278076,2.053999900817871,2.0199999809265137,1.9919999837875366,1.965999960899353,1.934000015258789,1.934000015258789,1.9019999504089355,1.878000020980835,1.8639999628067017,1.8519999980926514,1.8380000591278076,1.8339999914169312,1.8200000524520874,1.8020000457763672,1.7860000133514404,1.7860000133514404,1.7640000581741333,1.7419999837875366,1.7200000286102295,1.7020000219345093,1.684000015258789,1.6619999408721924,1.6380000114440918,1.5199999809265137,1.5199999809265137,1.50600004196167,1.4900000095367432,1.4900000095367432,1.4800000190734863,inf,inf,inf,inf,inf,1.399999976158142,1.399999976158142,1.399999976158142,1.399999976158142,1.399999976158142,...,0.0,0.0,0.0,0.0,0.0,0.0,0.0,0.0,0.0,0.0,0.0,0.0,0.0,0.0,0.0,0.0,0.0,0.0,0.0,0.0,0.0,0.0,0.0,0.0,0.0,0.0,0.0,0.0,0.0,0.0,0.0,0.0,0.0,0.0,0.0,0.0,0.0,0.0,0.0,0.0,0.0,0.0,0.0,0.0,0.0,0.0,0.0,0.0,0.0,0.0,0.0,0.0,0.0,0.0,0.0,0.0,0.0,0.0,0.0,0.0,0.0,0.0,0.0,0.0,0.0,0.0,0.0,0.0,0.0,0.0,0.0,0.0,0.0,0.0,0.0,0.0,0.0,0.0,0.0,0.0,0.0,0.0,0.0,0.0,0.0,0.0,0.0,0.0,0.0,0.0,47.0,47.0,47.0,47.0,47.0,0.0,0.0,0.0,0.0,0.0,0.0,0.0,0.0,0.0,0.0,0.0,0.0,0.0,0.0,0.0,0.0,0.0,0.0,0.0,0.0,0.0,0.0,0.0,0.0,0.0,0.0,0.0,0.0,0.0,0.0,47.0,47.0,47.0,...
1763031626,157888193,laser,-3.1241390705108643,3.1415927410125732,0.0034828970674425364,5.380863512982614e-05,0.09680173546075821,0.15000000596046448,16.0,inf,inf,inf,inf,inf,inf,inf,inf,inf,inf,inf,inf,inf,inf,inf,inf,inf,inf,inf,inf,inf,inf,inf,inf,inf,inf,inf,10.496000289916992,10.496000289916992,10.496000289916992,10.496000289916992,10.496000289916992,inf,inf,inf,inf,inf,inf,inf,inf,inf,inf,inf,inf,inf,inf,inf,inf,inf,inf,3.868000030517578,3.868000030517578,3.868000030517578,3.868000030517578,3.868000030517578,3.7839999198913574,3.7839999198913574,3.7839999198913574,3.7839999198913574,3.7360000610351562,3.7320001125335693,3.740000009536743,3.74399995803833,3.74399995803833,3.74399995803833,3.74399995803833,3.747999906539917,2.9079999923706055,2.9079999923706055,2.8480000495910645,2.8480000495910645,2.7880001068115234,2.7279999256134033,2.6600000858306885,2.611999988555908,2.563999891281128,2.503999948501587,2.4639999866485596,2.4639999866485596,2.364000082015991,2.364000082015991,2.315999984741211,2.2920000553131104,2.187999963760376,2.187999963760376,2.171999931335449,2.128000020980835,2.1080000400543213,2.068000078201294,2.068000078201294,2.0260000228881836,2.0260000228881836,2.003999948501587,1.9900000095367432,1.9759999513626099,1.9600000381469727,1.9420000314712524,1.9220000505447388,1.9220000505447388,1.8980000019073486,1.871999979019165,1.8480000495910645,1.8220000267028809,1.7960000038146973,1.7740000486373901,1.753999948501587,1.7300000190734863,1.7079999446868896,1.6859999895095825,1.6859999895095825,1.6619999408721924,1.6440000534057617,1.5199999809265137,1.5199999809265137,1.50600004196167,1.496000051498413,1.4859999418258667,inf,inf,inf,1.4140000343322754,1.4140000343322754,1.4140000343322754,1.4140000343322754,1.4140000343322754,1.399999976158142,1.399999976158142,1.399999976158142,...,0.0,0.0,0.0,0.0,0.0,0.0,0.0,0.0,0.0,0.0,0.0,0.0,0.0,0.0,0.0,0.0,0.0,0.0,0.0,0.0,0.0,0.0,0.0,0.0,0.0,0.0,0.0,0.0,0.0,0.0,0.0,0.0,0.0,0.0,0.0,0.0,0.0,0.0,0.0,0.0,0.0,0.0,0.0,0.0,0.0,0.0,0.0,0.0,0.0,0.0,0.0,0.0,0.0,0.0,0.0,0.0,0.0,0.0,0.0,0.0,0.0,0.0,0.0,0.0,0.0,0.0,0.0,0.0,0.0,0.0,0.0,0.0,0.0,0.0,0.0,0.0,0.0,0.0,0.0,0.0,0.0,0.0,0.0,0.0,0.0,0.0,0.0,0.0,0.0,0.0,0.0,47.0,47.0,47.0,47.0,47.0,0.0,0.0,0.0,0.0,0.0,0.0,0.0,0.0,0.0,0.0,0.0,0.0,0.0,0.0,0.0,0.0,0.0,0.0,0.0,0.0,0.0,0.0,0.0,0.0,0.0,0.0,0.0,47.0,47.0,47.0,47.0,47.0,...
1763031626,255981564,laser,-3.1241390705108643,3.1415927410125732,0.0034828970674425364,5.3805106290383264e-05,0.09679538756608963,0.15000000596046448,16.0,inf,inf,inf,inf,inf,inf,inf,inf,inf,inf,inf,inf,inf,inf,inf,inf,inf,inf,inf,inf,inf,inf,inf,inf,inf,inf,inf,inf,inf,inf,inf,inf,inf,inf,inf,inf,inf,inf,inf,inf,inf,inf,inf,inf,inf,inf,inf,inf,inf,inf,inf,inf,inf,inf,3.7799999713897705,3.7799999713897705,3.7799999713897705,3.7799999713897705,3.7799999713897705,3.7360000610351562,3.7320001125335693,3.740000009536743,3.74399995803833,3.74399995803833,3.74399995803833,3.747999906539917,2.9000000953674316,2.9000000953674316,2.9000000953674316,2.8399999141693115,2.8399999141693115,2.7839999198913574,2.7279999256134033,2.6600000858306885,2.611999988555908,2.563999891281128,2.563999891281128,2.5,2.4560000896453857,2.4119999408721924,2.359999895095825,2.315999984741211,2.2920000553131104,2.180000066757202,2.180000066757202,2.1640000343322754,2.128000020980835,2.1040000915527344,2.1040000915527344,2.063999891281128,2.0360000133514404,2.0239999294281006,1.99399995803833,1.9620000123977661,1.9359999895095825,1.9160000085830688,1.909999966621399,1.909999966621399,1.8960000276565552,1.8799999952316284,1.8639999628067017,1.840000033378601,1.8179999589920044,1.7960000038146973,1.7740000486373901,1.7519999742507935,1.7300000190734863,1.7059999704360962,1.7059999704360962,1.684000015258789,1.6640000343322754,1.6440000534057617,1.5180000066757202,1.5180000066757202,1.50600004196167,1.4919999837875366,1.4800000190734863,inf,inf,inf,inf,inf,inf,inf,1.399999976158142,1.399999976158142,1.399999976158142,1.399999976158142,...,0.0,0.0,0.0,0.0,0.0,0.0,0.0,0.0,0.0,0.0,0.0,0.0,0.0,0.0,0.0,0.0,0.0,0.0,0.0,47.0,47.0,47.0,47.0,47.0,0.0,0.0,0.0,0.0,0.0,0.0,0.0,0.0,0.0,0.0,0.0,0.0,0.0,0.0,0.0,0.0,0.0,0.0,0.0,0.0,0.0,0.0,0.0,0.0,0.0,0.0,0.0,0.0,0.0,0.0,0.0,0.0,0.0,0.0,0.0,0.0,0.0,0.0,0.0,0.0,0.0,0.0,0.0,0.0,0.0,0.0,47.0,47.0,47.0,47.0,47.0,0.0,0.0,0.0,0.0,0.0,0.0,0.0,0.0,0.0,0.0,0.0,0.0,0.0,0.0,0.0,0.0,0.0,0.0,0.0,0.0,0.0,0.0,0.0,0.0,0.0,0.0,0.0,0.0,0.0,0.0,0.0,0.0,0.0,0.0,0.0,0.0,0.0,0.0,0.0,0.0,0.0,0.0,0.0,0.0,0.0,0.0,0.0,0.0,0.0,0.0,0.0,0.0,0.0,...
1763031626,353943689,laser,-3.1241390705108643,3.1415927410125732,0.0034828970674425364,5.39805660082493e-05,0.09711103141307831,0.15000000596046448,16.0,inf,inf,inf,inf,inf,inf,inf,inf,inf,inf,inf,inf,inf,inf,inf,inf,inf,inf,inf,inf,inf,inf,inf,inf,inf,inf,inf,10.567999839782715,10.567999839782715,10.567999839782715,10.567999839782715,10.567999839782715,inf,inf,inf,inf,inf,inf,inf,inf,inf,inf,inf,inf,inf,inf,4.144000053405762,4.144000053405762,4.144000053405762,4.144000053405762,4.144000053405762,4.0879998207092285,4.0879998207092285,4.0879998207092285,3.9719998836517334,3.9719998836517334,3.9719998836517334,3.868000030517578,3.7799999713897705,3.7360000610351562,3.7320001125335693,3.740000009536743,3.74399995803833,3.74399995803833,3.74399995803833,3.747999906539917,2.9200000762939453,2.9200000762939453,2.859999895095825,2.859999895095825,2.859999895095825,2.799999952316284,2.7279999256134033,2.6600000858306885,2.615999937057495,2.563999891281128,2.507999897003174,2.507999897003174,2.4000000953674316,2.4000000953674316,2.359999895095825,2.315999984741211,2.2920000553131104,2.180000066757202,2.180000066757202,2.180000066757202,2.140000104904175,2.1040000915527344,2.1040000915527344,2.065999984741211,2.0280001163482666,1.996000051498413,1.965999960899353,1.944000005722046,1.909999966621399,1.8839999437332153,1.8619999885559082,1.840000033378601,1.8200000524520874,1.8200000524520874,1.809999942779541,1.8020000457763672,1.7960000038146973,1.7899999618530273,1.7719999551773071,1.75,1.7300000190734863,1.7079999446868896,1.687999963760376,1.687999963760376,1.6640000343322754,1.6460000276565552,1.6139999628067017,1.5080000162124634,1.49399995803833,1.49399995803833,1.4800000190734863,1.468000054359436,inf,inf,inf,inf,1.399999976158142,1.399999976158142,1.399999976158142,1.399999976158142,1.399999976158142,1.3860000371932983,...,0.0,0.0,0.0,0.0,0.0,0.0,0.0,0.0,0.0,0.0,0.0,0.0,0.0,0.0,0.0,0.0,0.0,0.0,0.0,0.0,0.0,0.0,0.0,0.0,0.0,0.0,0.0,0.0,0.0,0.0,0.0,0.0,0.0,0.0,0.0,0.0,0.0,0.0,0.0,0.0,0.0,0.0,0.0,0.0,0.0,0.0,0.0,0.0,0.0,0.0,0.0,0.0,0.0,0.0,0.0,0.0,0.0,0.0,0.0,0.0,0.0,0.0,0.0,0.0,0.0,0.0,0.0,0.0,0.0,0.0,0.0,0.0,0.0,0.0,0.0,0.0,0.0,0.0,0.0,0.0,0.0,0.0,0.0,0.0,0.0,0.0,0.0,0.0,0.0,0.0,0.0,0.0,0.0,0.0,0.0,0.0,0.0,0.0,0.0,0.0,0.0,0.0,0.0,0.0,0.0,0.0,0.0,0.0,0.0,0.0,0.0,0.0,0.0,0.0,0.0,0.0,0.0,0.0,0.0,0.0,0.0,0.0,0.0,0.0,0.0,0.0,0.0,0.0,...
1763031626,452636664,laser,-3.1241390705108643,3.1415927410125732,0.0034828970674425364,5.719882028643042e-05,0.1029006764292717,0.15000000596046448,16.0,inf,inf,inf,inf,inf,inf,inf,inf,inf,inf,inf,inf,inf,inf,inf,inf,inf,inf,inf,inf,inf,inf,inf,inf,inf,inf,inf,inf,inf,inf,inf,inf,inf,inf,inf,inf,inf,inf,inf,inf,inf,inf,inf,inf,inf,inf,inf,inf,inf,inf,inf,3.9719998836517334,3.9719998836517334,3.9719998836517334,3.9719998836517334,3.9719998836517334,3.859999895095825,3.7799999713897705,3.740000009536743,3.740000009536743,3.74399995803833,3.747999906539917,3.74399995803833,3.74399995803833,3.747999906539917,3.752000093460083,3.752000093460083,2.9240000247955322,2.9240000247955322,2.868000030517578,2.868000030517578,2.803999900817871,2.740000009536743,2.691999912261963,2.635999917984009,2.5799999237060547,2.5399999618530273,2.4200000762939453,2.4200000762939453,2.375999927520752,2.375999927520752,2.3359999656677246,2.2960000038146973,2.196000099182129,2.196000099182129,2.191999912261963,2.1519999504089355,2.1040000915527344,2.0840001106262207,2.0480000972747803,2.003999948501587,1.9819999933242798,1.9819999933242798,1.9520000219345093,1.9160000085830688,1.8960000276565552,1.8760000467300415,1.8660000562667847,1.8660000562667847,1.8559999465942383,1.840000033378601,1.840000033378601,1.8240000009536743,1.8040000200271606,1.781999945640564,1.7580000162124634,1.7319999933242798,1.7120000123977661,1.6959999799728394,1.6740000247955322,1.6740000247955322,1.6519999504089355,1.4980000257492065,1.4980000257492065,1.4980000257492065,1.4980000257492065,1.4859999418258667,1.4780000448226929,inf,inf,inf,1.4019999504089355,1.4019999504089355,1.4019999504089355,1.4019999504089355,1.4019999504089355,1.3960000276565552,1.3960000276565552,...,0.0,0.0,0.0,0.0,0.0,0.0,0.0,0.0,0.0,0.0,0.0,0.0,0.0,0.0,0.0,0.0,0.0,0.0,0.0,0.0,0.0,0.0,0.0,0.0,0.0,0.0,0.0,0.0,0.0,0.0,0.0,0.0,0.0,0.0,0.0,0.0,0.0,0.0,0.0,0.0,0.0,0.0,0.0,0.0,0.0,0.0,0.0,0.0,0.0,0.0,0.0,0.0,0.0,0.0,0.0,0.0,0.0,0.0,0.0,0.0,0.0,0.0,0.0,0.0,0.0,0.0,0.0,0.0,0.0,0.0,0.0,0.0,0.0,0.0,0.0,0.0,0.0,0.0,0.0,0.0,0.0,0.0,0.0,0.0,0.0,0.0,0.0,0.0,0.0,47.0,47.0,47.0,47.0,47.0,0.0,0.0,0.0,0.0,0.0,0.0,0.0,0.0,0.0,0.0,0.0,0.0,0.0,0.0,0.0,0.0,0.0,0.0,0.0,0.0,0.0,0.0,0.0,0.0,0.0,0.0,0.0,0.0,0.0,0.0,0.0,0.0,0.0,0.0,...
1763031626,556753617,laser,-3.1241390705108643,3.1415927410125732,0.0034828970674425364,5.388275894802064e-05,0.09693508595228195,0.15000000596046448,16.0,inf,inf,inf,inf,inf,inf,inf,inf,inf,inf,inf,inf,inf,inf,inf,inf,inf,inf,inf,inf,inf,inf,inf,inf,inf,inf,inf,inf,10.336000442504883,10.336000442504883,10.336000442504883,10.336000442504883,10.336000442504883,inf,inf,inf,inf,inf,inf,inf,inf,inf,inf,inf,inf,inf,inf,inf,inf,inf,inf,inf,3.871999979019165,3.871999979019165,3.871999979019165,3.871999979019165,3.871999979019165,3.7880001068115234,3.740000009536743,3.740000009536743,3.740000009536743,3.74399995803833,3.74399995803833,3.747999906539917,3.747999906539917,2.927999973297119,2.927999973297119,2.864000082015991,2.864000082015991,2.864000082015991,2.864000082015991,2.799999952316284,2.740000009536743,2.615999937057495,2.5759999752044678,2.5759999752044678,2.5199999809265137,2.4679999351501465,2.4240000247955322,2.371999979019165,2.3320000171661377,2.3320000171661377,2.2960000038146973,2.200000047683716,2.180000066757202,2.180000066757202,2.140000104904175,2.1080000400543213,2.0840001106262207,2.055999994277954,2.055999994277954,2.00600004196167,2.00600004196167,1.99399995803833,1.9859999418258667,1.968000054359436,1.9500000476837158,1.9279999732971191,1.9040000438690186,1.9040000438690186,1.850000023841858,1.850000023841858,1.8259999752044678,1.8020000457763672,1.777999997138977,1.7519999742507935,1.7300000190734863,1.7079999446868896,1.687999963760376,1.6699999570846558,1.6699999570846558,1.6519999504089355,1.5219999551773071,1.5219999551773071,1.5080000162124634,1.4980000257492065,1.4859999418258667,1.4780000448226929,1.4759999513626099,1.4759999513626099,1.4759999513626099,inf,1.4140000343322754,1.4140000343322754,1.4140000343322754,1.4140000343322754,1.4140000343322754,1.4019999504089355,...,0.0,0.0,0.0,0.0,0.0,0.0,0.0,0.0,0.0,0.0,0.0,0.0,0.0,0.0,0.0,0.0,0.0,0.0,0.0,0.0,0.0,0.0,0.0,0.0,0.0,0.0,0.0,0.0,0.0,0.0,0.0,0.0,0.0,0.0,0.0,0.0,0.0,0.0,0.0,0.0,0.0,0.0,0.0,0.0,0.0,0.0,0.0,0.0,0.0,0.0,0.0,0.0,0.0,0.0,0.0,0.0,0.0,0.0,0.0,0.0,0.0,0.0,0.0,0.0,0.0,0.0,0.0,0.0,0.0,0.0,0.0,0.0,0.0,0.0,0.0,0.0,0.0,0.0,0.0,0.0,0.0,0.0,0.0,0.0,0.0,0.0,0.0,0.0,0.0,0.0,47.0,47.0,47.0,47.0,47.0,0.0,0.0,0.0,0.0,0.0,0.0,0.0,0.0,0.0,0.0,0.0,0.0,0.0,0.0,0.0,0.0,0.0,0.0,0.0,0.0,0.0,0.0,0.0,0.0,0.0,0.0,0.0,0.0,0.0,0.0,47.0,47.0,47.0,...
1763031626,655182108,laser,-3.1241390705108643,3.1415927410125732,0.0034828970674425364,5.3765252232551575e-05,0.09672369062900543,0.15000000596046448,16.0,inf,inf,inf,inf,inf,inf,inf,inf,inf,inf,inf,inf,inf,inf,inf,inf,inf,inf,inf,inf,inf,inf,inf,inf,inf,inf,inf,inf,inf,10.383999824523926,10.383999824523926,10.383999824523926,10.383999824523926,10.383999824523926,inf,inf,inf,inf,inf,inf,inf,inf,inf,inf,inf,inf,inf,inf,inf,inf,inf,inf,inf,inf,3.7839999198913574,3.7839999198913574,3.7839999198913574,3.7839999198913574,3.7839999198913574,3.747999906539917,3.740000009536743,3.740000009536743,3.74399995803833,3.74399995803833,3.752000093460083,3.752000093460083,2.888000011444092,2.888000011444092,2.888000011444092,2.8359999656677246,2.8359999656677246,2.7760000228881836,2.7239999771118164,2.6559998989105225,2.615999937057495,2.559999942779541,2.559999942779541,2.496000051498413,2.440000057220459,2.388000011444092,2.3440001010894775,2.303999900817871,2.2880001068115234,2.187999963760376,2.187999963760376,2.1600000858306885,2.115999937057495,2.115999937057495,2.0880000591278076,2.055999994277954,2.0239999294281006,2.002000093460083,1.9780000448226929,1.9479999542236328,1.9179999828338623,1.8960000276565552,1.8960000276565552,1.8760000467300415,1.8760000467300415,1.8600000143051147,1.850000023841858,1.8320000171661377,1.812000036239624,1.7920000553131104,1.7680000066757202,1.7680000066757202,1.7239999771118164,1.7239999771118164,1.7039999961853027,1.6859999895095825,1.6619999408721924,1.6399999856948853,1.5180000066757202,1.5180000066757202,1.5080000162124634,1.4900000095367432,1.4800000190734863,inf,inf,inf,inf,inf,inf,inf,1.399999976158142,1.399999976158142,1.399999976158142,1.399999976158142,...,0.0,0.0,0.0,0.0,0.0,0.0,0.0,0.0,0.0,0.0,0.0,0.0,0.0,0.0,0.0,0.0,0.0,0.0,47.0,47.0,47.0,47.0,47.0,0.0,0.0,0.0,0.0,0.0,0.0,0.0,0.0,0.0,0.0,0.0,0.0,0.0,0.0,0.0,0.0,0.0,0.0,0.0,0.0,0.0,0.0,0.0,0.0,0.0,0.0,0.0,0.0,0.0,0.0,0.0,0.0,0.0,0.0,0.0,0.0,0.0,0.0,0.0,0.0,0.0,0.0,0.0,0.0,0.0,0.0,0.0,0.0,47.0,47.0,47.0,47.0,47.0,0.0,0.0,0.0,0.0,0.0,0.0,0.0,0.0,0.0,0.0,0.0,0.0,0.0,47.0,47.0,47.0,47.0,47.0,0.0,0.0,0.0,0.0,0.0,0.0,0.0,0.0,0.0,0.0,0.0,0.0,0.0,0.0,0.0,0.0,0.0,0.0,0.0,0.0,0.0,0.0,0.0,0.0,0.0,0.0,0.0,0.0,0.0,0.0,47.0,47.0,47.0,47.0,...
1763031626,753491567,laser,-3.1241390705108643,3.1415927410125732,0.0034828970674425364,5.3743548050988466e-05,0.09668464213609695,0.15000000596046448,16.0,inf,inf,inf,inf,inf,inf,inf,inf,inf,inf,inf,inf,inf,inf,inf,inf,inf,inf,inf,inf,inf,inf,inf,inf,inf,inf,inf,10.4399995803833,10.4399995803833,10.4399995803833,10.4399995803833,10.4399995803833,inf,inf,inf,inf,inf,inf,inf,inf,inf,inf,inf,inf,inf,inf,inf,inf,inf,inf,inf,inf,inf,3.7839999198913574,3.7839999198913574,3.7839999198913574,3.7839999198913574,3.7839999198913574,3.740000009536743,3.740000009536743,3.740000009536743,3.74399995803833,3.74399995803833,3.747999906539917,3.747999906539917,3.747999906539917,3.752000093460083,2.868000030517578,2.868000030517578,2.868000030517578,2.868000030517578,2.803999900817871,2.7279999256134033,2.6679999828338623,2.624000072479248,2.563999891281128,2.507999897003174,2.4519999027252197,2.3919999599456787,2.3559999465942383,2.3559999465942383,2.3239998817443848,2.2960000038146973,2.187999963760376,2.187999963760376,2.187999963760376,2.1480000019073486,2.111999988555908,2.0759999752044678,2.0759999752044678,1.99399995803833,1.99399995803833,1.968000054359436,1.9459999799728394,1.9119999408721924,1.8860000371932983,1.8639999628067017,1.843999981880188,1.8259999752044678,1.8179999589920044,1.8179999589920044,1.809999942779541,1.8020000457763672,1.7899999618530273,1.7699999809265137,1.7519999742507935,1.7300000190734863,1.7100000381469727,1.690000057220459,1.6640000343322754,1.6640000343322754,1.6460000276565552,1.6180000305175781,1.5099999904632568,1.496000051498413,1.496000051498413,1.4800000190734863,inf,inf,inf,inf,inf,1.399999976158142,1.399999976158142,1.399999976158142,1.399999976158142,1.399999976158142,1.3880000114440918,...,0.0,0.0,0.0,0.0,0.0,0.0,0.0,0.0,0.0,0.0,0.0,0.0,0.0,0.0,0.0,0.0,0.0,0.0,0.0,0.0,0.0,0.0,0.0,0.0,0.0,0.0,0.0,0.0,0.0,0.0,0.0,0.0,0.0,0.0,0.0,0.0,0.0,0.0,0.0,0.0,0.0,0.0,0.0,0.0,0.0,0.0,0.0,0.0,0.0,0.0,0.0,0.0,0.0,0.0,0.0,0.0,0.0,0.0,0.0,0.0,0.0,0.0,0.0,0.0,0.0,0.0,0.0,0.0,0.0,47.0,47.0,47.0,47.0,47.0,0.0,0.0,0.0,0.0,0.0,0.0,0.0,0.0,0.0,0.0,0.0,0.0,0.0,0.0,0.0,0.0,0.0,0.0,0.0,0.0,0.0,0.0,0.0,0.0,0.0,0.0,0.0,0.0,0.0,0.0,0.0,0.0,0.0,0.0,0.0,0.0,0.0,0.0,0.0,0.0,0.0,0.0,0.0,0.0,0.0,0.0,0.0,0.0,0.0,0.0,0.0,0.0,0.0,0.0,...
1763031626,851578078,laser,-3.1241390705108643,3.1415927410125732,0.0034828970674425364,5.7300308981211856e-05,0.10308326035737991,0.15000000596046448,16.0,inf,inf,inf,inf,inf,inf,inf,inf,inf,inf,inf,inf,inf,inf,inf,inf,inf,inf,inf,inf,inf,inf,inf,inf,inf,inf,inf,inf,inf,10.312000274658203,10.312000274658203,10.312000274658203,10.312000274658203,10.312000274658203,inf,inf,inf,inf,inf,inf,inf,inf,inf,inf,inf,inf,inf,inf,inf,inf,inf,inf,3.828000068664551,3.828000068664551,3.828000068664551,3.828000068664551,3.828000068664551,3.759999990463257,3.759999990463257,3.74399995803833,3.740000009536743,3.740000009536743,3.7360000610351562,3.74399995803833,3.752000093460083,3.752000093460083,2.884000062942505,2.884000062942505,2.884000062942505,2.884000062942505,2.8320000171661377,2.7679998874664307,2.7679998874664307,2.6519999504089355,2.6519999504089355,2.611999988555908,2.4800000190734863,2.444000005722046,2.444000005722046,2.3919999599456787,2.3480000495910645,2.2960000038146973,2.2799999713897705,2.2799999713897705,2.196000099182129,2.196000099182129,2.1559998989105225,2.111999988555908,2.0840001106262207,2.055999994277954,2.0239999294281006,2.0,1.9780000448226929,1.9479999542236328,1.9479999542236328,1.9240000247955322,1.9140000343322754,1.9040000438690186,1.8919999599456787,1.8739999532699585,1.8539999723434448,1.8339999914169312,1.812000036239624,1.812000036239624,1.7879999876022339,1.7640000581741333,1.74399995803833,1.722000002861023,1.7020000219345093,1.6820000410079956,1.659999966621399,1.6299999952316284,1.5160000324249268,1.503999948501587,1.503999948501587,1.503999948501587,1.4900000095367432,1.4800000190734863,inf,inf,inf,inf,1.4119999408721924,1.4119999408721924,1.4119999408721924,1.4119999408721924,1.4119999408721924,1.399999976158142,...,0.0,0.0,0.0,0.0,0.0,0.0,0.0,0.0,0.0,0.0,0.0,0.0,0.0,0.0,0.0,0.0,0.0,0.0,0.0,0.0,0.0,0.0,0.0,0.0,0.0,0.0,0.0,0.0,0.0,0.0,0.0,0.0,0.0,0.0,0.0,0.0,0.0,0.0,0.0,0.0,0.0,0.0,0.0,0.0,0.0,0.0,0.0,0.0,0.0,0.0,0.0,0.0,0.0,0.0,0.0,0.0,0.0,0.0,0.0,0.0,47.0,47.0,47.0,47.0,47.0,0.0,0.0,0.0,0.0,0.0,0.0,0.0,0.0,0.0,0.0,0.0,0.0,0.0,0.0,0.0,0.0,0.0,0.0,0.0,0.0,0.0,0.0,0.0,0.0,0.0,0.0,0.0,0.0,0.0,0.0,0.0,0.0,0.0,0.0,0.0,0.0,0.0,0.0,0.0,0.0,0.0,0.0,0.0,0.0,0.0,0.0,0.0,0.0,0.0,0.0,0.0,0.0,0.0,0.0,0.0,0.0,0.0,0.0,0.0,0.0,0.0,0.0,0.0,...
1763031626,955914201,laser,-3.1241390705108643,3.1415927410125732,0.0034828970674425364,5.392510865931399e-05,0.0970112681388855,0.15000000596046448,16.0,inf,inf,inf,inf,inf,inf,inf,inf,inf,inf,inf,inf,inf,inf,inf,inf,inf,inf,inf,inf,inf,inf,inf,inf,inf,inf,inf,inf,inf,inf,inf,inf,inf,inf,inf,inf,inf,inf,inf,inf,inf,inf,inf,inf,inf,inf,inf,inf,inf,inf,inf,inf,inf,3.8320000171661377,3.8320000171661377,3.8320000171661377,3.8320000171661377,3.8320000171661377,3.759999990463257,3.7360000610351562,3.7320001125335693,3.7360000610351562,3.74399995803833,3.752000093460083,3.752000093460083,3.752000093460083,2.9000000953674316,2.8359999656677246,2.8359999656677246,2.8359999656677246,2.8359999656677246,2.7679998874664307,2.7119998931884766,2.6559998989105225,2.611999988555908,2.559999942779541,2.5,2.5,2.3919999599456787,2.3919999599456787,2.3480000495910645,2.299999952316284,2.2799999713897705,2.191999912261963,2.1679999828338623,2.1679999828338623,2.135999917984009,2.1040000915527344,2.1040000915527344,2.072000026702881,2.0480000972747803,2.0320000648498535,2.0260000228881836,2.007999897003174,1.9880000352859497,1.968000054359436,1.9459999799728394,1.9459999799728394,1.9240000247955322,1.8960000276565552,1.8700000047683716,1.8420000076293945,1.815999984741211,1.7920000553131104,1.7699999809265137,1.7699999809265137,1.7259999513626099,1.7259999513626099,1.7059999704360962,1.6820000410079956,1.6660000085830688,1.6460000276565552,1.5160000324249268,1.5160000324249268,1.50600004196167,1.4900000095367432,1.4800000190734863,1.4759999513626099,1.4759999513626099,1.4759999513626099,1.4320000410079956,1.4320000410079956,1.4320000410079956,1.4320000410079956,1.409999966621399,1.409999966621399,1.409999966621399,1.409999966621399,...,0.0,0.0,0.0,0.0,0.0,0.0,0.0,0.0,0.0,0.0,0.0,0.0,0.0,0.0,0.0,0.0,0.0,0.0,0.0,0.0,0.0,0.0,0.0,0.0,0.0,0.0,0.0,0.0,0.0,0.0,0.0,0.0,0.0,0.0,0.0,0.0,0.0,0.0,0.0,0.0,0.0,0.0,0.0,0.0,0.0,0.0,0.0,0.0,0.0,0.0,0.0,0.0,0.0,0.0,0.0,0.0,0.0,0.0,0.0,0.0,0.0,0.0,0.0,0.0,0.0,0.0,0.0,0.0,0.0,0.0,0.0,0.0,0.0,0.0,0.0,0.0,0.0,0.0,0.0,0.0,0.0,0.0,0.0,0.0,0.0,0.0,0.0,0.0,0.0,0.0,0.0,0.0,0.0,0.0,0.0,0.0,0.0,0.0,0.0,0.0,0.0,0.0,0.0,0.0,0.0,0.0,0.0,0.0,0.0,0.0,0.0,0.0,0.0,0.0,0.0,0.0,0.0,0.0,0.0,0.0,0.0,0.0,0.0,0.0,0.0,47.0,47.0,47.0,...
1763031627,54141810,laser,-3.1241390705108643,3.1415927410125732,0.0034828970674425364,5.3973915782989934e-05,0.09709907323122025,0.15000000596046448,16.0,inf,inf,inf,inf,inf,inf,inf,inf,inf,inf,inf,inf,inf,inf,inf,inf,inf,inf,inf,inf,inf,inf,inf,inf,inf,inf,inf,inf,inf,inf,inf,inf,inf,inf,inf,inf,inf,inf,inf,inf,inf,inf,inf,inf,inf,inf,inf,inf,inf,inf,inf,inf,3.759999990463257,3.759999990463257,3.759999990463257,3.759999990463257,3.759999990463257,3.74399995803833,3.74399995803833,3.74399995803833,3.740000009536743,3.740000009536743,3.7360000610351562,3.74399995803833,3.747999906539917,3.752000093460083,2.888000011444092,2.888000011444092,2.888000011444092,2.888000011444092,2.8320000171661377,2.7679998874664307,2.7079999446868896,2.6519999504089355,2.6080000400543213,2.6080000400543213,2.4800000190734863,2.444000005722046,2.444000005722046,2.384000062942505,2.3399999141693115,2.299999952316284,2.2639999389648438,2.2360000610351562,2.2360000610351562,2.196000099182129,2.1519999504089355,2.1080000400543213,2.0840001106262207,2.059999942779541,2.0199999809265137,1.9919999837875366,1.9739999771118164,1.944000005722046,1.9220000505447388,1.9220000505447388,1.9119999408721924,1.9019999504089355,1.8899999856948853,1.8700000047683716,1.850000023841858,1.8320000171661377,1.809999942779541,1.7879999876022339,1.7879999876022339,1.7640000581741333,1.7400000095367432,1.7200000286102295,1.7020000219345093,1.6820000410079956,1.659999966621399,1.6299999952316284,1.5180000066757202,1.503999948501587,1.503999948501587,1.4880000352859497,1.4880000352859497,1.4759999513626099,inf,inf,inf,inf,1.406000018119812,1.406000018119812,1.406000018119812,1.406000018119812,1.406000018119812,1.3940000534057617,...,0.0,0.0,0.0,0.0,0.0,0.0,0.0,0.0,0.0,0.0,0.0,0.0,0.0,0.0,0.0,0.0,0.0,0.0,0.0,0.0,0.0,0.0,0.0,0.0,0.0,0.0,0.0,0.0,0.0,0.0,0.0,0.0,0.0,0.0,0.0,0.0,0.0,0.0,0.0,0.0,0.0,0.0,0.0,0.0,0.0,0.0,0.0,0.0,0.0,0.0,0.0,0.0,0.0,0.0,0.0,0.0,0.0,0.0,0.0,0.0,0.0,0.0,0.0,0.0,0.0,0.0,0.0,0.0,0.0,0.0,0.0,47.0,47.0,47.0,47.0,47.0,0.0,0.0,0.0,0.0,0.0,0.0,0.0,0.0,0.0,0.0,0.0,0.0,0.0,47.0,47.0,47.0,47.0,47.0,0.0,0.0,0.0,0.0,0.0,0.0,0.0,0.0,0.0,0.0,0.0,0.0,0.0,0.0,0.0,0.0,0.0,0.0,0.0,0.0,0.0,0.0,0.0,0.0,0.0,0.0,0.0,0.0,0.0,0.0,47.0,47.0,47.0,47.0,...
1763031627,152319150,laser,-3.1241390705108643,3.1415927410125732,0.0034828970674425364,5.4024239943828434e-05,0.09718960523605347,0.15000000596046448,16.0,inf,inf,inf,inf,inf,inf,inf,inf,inf,inf,inf,inf,inf,inf,inf,inf,inf,inf,inf,inf,inf,inf,inf,inf,inf,inf,inf,inf,inf,10.520000457763672,10.520000457763672,10.520000457763672,10.520000457763672,10.520000457763672,inf,inf,inf,inf,inf,inf,inf,inf,inf,inf,inf,inf,inf,inf,inf,inf,inf,inf,3.8320000171661377,3.8320000171661377,3.8320000171661377,3.8320000171661377,3.8320000171661377,3.759999990463257,3.759999990463257,3.74399995803833,3.7360000610351562,3.7360000610351562,3.7360000610351562,3.74399995803833,3.747999906539917,3.747999906539917,2.888000011444092,2.888000011444092,2.888000011444092,2.888000011444092,2.8320000171661377,2.7679998874664307,2.7079999446868896,2.6519999504089355,2.6080000400543213,2.6080000400543213,2.559999942779541,2.5,2.440000057220459,2.3919999599456787,2.3480000495910645,2.299999952316284,2.2799999713897705,2.247999906539917,2.247999906539917,2.1559998989105225,2.1559998989105225,2.124000072479248,2.0999999046325684,2.059999942779541,2.0239999294281006,1.9900000095367432,1.9639999866485596,1.9420000314712524,1.909999966621399,1.909999966621399,1.8619999885559082,1.8619999885559082,1.8380000591278076,1.809999942779541,1.805999994277954,1.805999994277954,1.7960000038146973,1.784000039100647,1.7640000581741333,1.7640000581741333,1.7419999837875366,1.722000002861023,1.7020000219345093,1.6820000410079956,1.659999966621399,1.6399999856948853,1.5240000486373901,1.503999948501587,1.503999948501587,1.4880000352859497,1.4800000190734863,1.4800000190734863,inf,inf,inf,inf,1.399999976158142,1.399999976158142,1.399999976158142,1.399999976158142,1.399999976158142,1.3839999437332153,...,0.0,0.0,0.0,0.0,0.0,0.0,0.0,0.0,0.0,0.0,0.0,0.0,0.0,0.0,0.0,0.0,0.0,0.0,0.0,0.0,0.0,0.0,0.0,0.0,0.0,0.0,0.0,0.0,0.0,0.0,0.0,0.0,0.0,0.0,0.0,0.0,0.0,0.0,0.0,0.0,0.0,0.0,0.0,0.0,0.0,0.0,0.0,0.0,0.0,0.0,0.0,0.0,0.0,0.0,0.0,0.0,0.0,0.0,0.0,0.0,0.0,0.0,0.0,0.0,0.0,0.0,0.0,0.0,47.0,47.0,47.0,47.0,47.0,0.0,0.0,0.0,0.0,0.0,0.0,0.0,0.0,0.0,0.0,0.0,0.0,0.0,0.0,0.0,0.0,0.0,0.0,0.0,0.0,0.0,0.0,0.0,0.0,0.0,0.0,0.0,0.0,0.0,0.0,0.0,0.0,0.0,0.0,0.0,0.0,0.0,0.0,0.0,0.0,0.0,0.0,0.0,0.0,0.0,0.0,0.0,0.0,0.0,0.0,0.0,0.0,0.0,0.0,0.0,...
1763031627,250813968,laser,-3.1241390705108643,3.1415927410125732,0.0034828970674425364,5.389402213040739e-05,0.09695535153150558,0.15000000596046448,16.0,inf,inf,inf,inf,inf,inf,inf,inf,inf,inf,inf,inf,inf,inf,inf,inf,inf,inf,inf,inf,inf,inf,inf,inf,inf,inf,inf,inf,inf,10.567999839782715,10.567999839782715,10.567999839782715,10.567999839782715,10.567999839782715,inf,inf,inf,inf,inf,inf,inf,inf,inf,inf,inf,inf,inf,inf,inf,inf,inf,inf,inf,3.75600004196167,3.75600004196167,3.75600004196167,3.75600004196167,3.75600004196167,3.74399995803833,3.74399995803833,3.7360000610351562,3.7360000610351562,3.7360000610351562,3.74399995803833,3.747999906539917,3.752000093460083,2.888000011444092,2.888000011444092,2.8440001010894775,2.8440001010894775,2.8440001010894775,2.7799999713897705,2.7799999713897705,2.6519999504089355,2.6519999504089355,2.6040000915527344,2.555999994277954,2.496000051498413,2.444000005722046,2.388000011444092,2.3480000495910645,2.299999952316284,2.2760000228881836,2.2760000228881836,2.252000093460083,2.200000047683716,2.1559998989105225,2.111999988555908,2.0880000591278076,2.059999942779541,2.0260000228881836,2.002000093460083,1.9819999933242798,1.9559999704360962,1.937999963760376,1.937999963760376,1.9259999990463257,1.9179999828338623,1.9040000438690186,1.8819999694824219,1.8580000400543213,1.8359999656677246,1.812000036239624,1.7899999618530273,1.7899999618530273,1.7640000581741333,1.7419999837875366,1.722000002861023,1.7020000219345093,1.6820000410079956,1.659999966621399,1.6339999437332153,1.5160000324249268,1.5160000324249268,1.503999948501587,1.4900000095367432,1.4800000190734863,1.4800000190734863,inf,inf,inf,inf,inf,1.409999966621399,1.409999966621399,1.409999966621399,1.409999966621399,1.409999966621399,...,0.0,0.0,0.0,0.0,0.0,0.0,0.0,0.0,0.0,0.0,0.0,0.0,0.0,0.0,0.0,0.0,0.0,0.0,0.0,0.0,0.0,0.0,0.0,0.0,0.0,0.0,0.0,0.0,0.0,0.0,0.0,0.0,0.0,0.0,0.0,0.0,0.0,0.0,0.0,0.0,0.0,0.0,0.0,0.0,0.0,0.0,0.0,0.0,0.0,0.0,0.0,0.0,0.0,0.0,0.0,0.0,0.0,0.0,0.0,0.0,0.0,0.0,0.0,0.0,0.0,0.0,0.0,0.0,0.0,0.0,0.0,0.0,0.0,0.0,0.0,0.0,0.0,0.0,0.0,0.0,0.0,0.0,0.0,0.0,0.0,0.0,0.0,0.0,0.0,0.0,0.0,0.0,0.0,0.0,0.0,0.0,0.0,0.0,0.0,0.0,0.0,0.0,0.0,0.0,0.0,0.0,0.0,0.0,0.0,0.0,0.0,0.0,0.0,0.0,0.0,0.0,0.0,0.0,0.0,0.0,0.0,0.0,0.0,0.0,0.0,0.0,0.0,0.0,...
1763031627,349467842,laser,-3.1241390705108643,3.1415927410125732,0.0034828970674425364,5.7060362451011315e-05,0.10265159606933594,0.15000000596046448,16.0,inf,inf,inf,inf,inf,inf,inf,inf,inf,inf,inf,inf,inf,inf,inf,inf,inf,inf,inf,inf,inf,inf,inf,inf,inf,inf,inf,10.51200008392334,10.51200008392334,10.51200008392334,10.51200008392334,10.51200008392334,inf,inf,inf,inf,inf,inf,inf,inf,inf,inf,inf,inf,inf,inf,inf,inf,inf,inf,inf,inf,3.7720000743865967,3.7720000743865967,3.7720000743865967,3.7720000743865967,3.7720000743865967,3.740000009536743,3.740000009536743,3.740000009536743,3.7320001125335693,3.7360000610351562,3.7360000610351562,3.74399995803833,3.747999906539917,3.752000093460083,2.8959999084472656,2.8959999084472656,2.8959999084472656,2.8959999084472656,2.8399999141693115,2.7799999713897705,2.7119998931884766,2.6559998989105225,2.6040000915527344,2.6040000915527344,2.555999994277954,2.496000051498413,2.444000005722046,2.3919999599456787,2.3480000495910645,2.299999952316284,2.2760000228881836,2.196000099182129,2.196000099182129,2.1640000343322754,2.1640000343322754,2.124000072479248,2.0920000076293945,2.068000078201294,2.0439999103546143,2.0220000743865967,2.01200008392334,1.99399995803833,1.9800000190734863,1.9800000190734863,1.9620000123977661,1.944000005722046,1.9220000505447388,1.8940000534057617,1.8700000047683716,1.840000033378601,1.8140000104904175,1.7920000553131104,1.7680000066757202,1.7680000066757202,1.74399995803833,1.7259999513626099,1.7059999704360962,1.684000015258789,1.6619999408721924,1.6399999856948853,1.5140000581741333,1.50600004196167,1.50600004196167,1.4900000095367432,1.4800000190734863,1.4800000190734863,1.465999960899353,1.4320000410079956,1.4320000410079956,1.4320000410079956,1.4320000410079956,1.409999966621399,1.409999966621399,1.409999966621399,1.399999976158142,1.399999976158142,...,0.0,0.0,0.0,0.0,0.0,0.0,0.0,0.0,0.0,0.0,0.0,0.0,0.0,0.0,0.0,0.0,0.0,0.0,0.0,0.0,0.0,0.0,0.0,0.0,0.0,0.0,0.0,0.0,0.0,0.0,0.0,0.0,0.0,0.0,0.0,0.0,0.0,0.0,0.0,0.0,0.0,0.0,0.0,0.0,0.0,0.0,0.0,0.0,0.0,0.0,0.0,0.0,0.0,0.0,0.0,0.0,0.0,0.0,0.0,0.0,0.0,0.0,0.0,0.0,0.0,0.0,0.0,0.0,0.0,0.0,0.0,0.0,0.0,0.0,0.0,0.0,0.0,0.0,0.0,0.0,0.0,0.0,0.0,0.0,0.0,0.0,0.0,0.0,0.0,0.0,0.0,0.0,0.0,0.0,0.0,0.0,0.0,0.0,0.0,0.0,0.0,0.0,0.0,0.0,0.0,0.0,0.0,0.0,0.0,0.0,0.0,0.0,0.0,0.0,0.0,0.0,0.0,0.0,0.0,0.0,0.0,0.0,0.0,0.0,0.0,0.0,0.0,0.0,...
1763031627,453509353,laser,-3.1241390705108643,3.1415927410125732,0.0034828970674425364,5.38454951310996e-05,0.09686804562807083,0.15000000596046448,16.0,inf,inf,inf,inf,inf,inf,inf,inf,inf,inf,inf,inf,inf,inf,inf,inf,inf,inf,inf,inf,inf,inf,inf,inf,inf,inf,inf,inf,inf,10.472000122070312,10.472000122070312,10.472000122070312,10.472000122070312,10.472000122070312,inf,inf,inf,inf,inf,inf,inf,inf,inf,inf,inf,inf,inf,inf,inf,inf,inf,inf,inf,3.747999906539917,3.747999906539917,3.747999906539917,3.747999906539917,3.747999906539917,3.7360000610351562,3.7360000610351562,3.7360000610351562,3.7360000610351562,3.7360000610351562,3.74399995803833,3.747999906539917,3.752000093460083,2.884000062942505,2.884000062942505,2.8239998817443848,2.8239998817443848,2.8239998817443848,2.759999990463257,2.7079999446868896,2.6519999504089355,2.6040000915527344,2.6040000915527344,2.552000045776367,2.496000051498413,2.444000005722046,2.384000062942505,2.3399999141693115,2.299999952316284,2.2639999389648438,2.2360000610351562,2.200000047683716,2.1640000343322754,2.1640000343322754,2.119999885559082,2.0880000591278076,2.053999900817871,2.0139999389648438,1.9859999418258667,1.9620000123977661,1.9299999475479126,1.899999976158142,1.899999976158142,1.8539999723434448,1.8539999723434448,1.840000033378601,1.8240000009536743,1.8200000524520874,1.812000036239624,1.7979999780654907,1.781999945640564,1.781999945640564,1.7619999647140503,1.7380000352859497,1.718000054359436,1.7020000219345093,1.6820000410079956,1.659999966621399,1.6360000371932983,1.5180000066757202,1.5180000066757202,1.4980000257492065,1.4880000352859497,1.4759999513626099,1.4759999513626099,inf,inf,inf,inf,inf,1.399999976158142,1.399999976158142,1.399999976158142,1.399999976158142,1.399999976158142,...,0.0,0.0,0.0,0.0,0.0,0.0,0.0,0.0,0.0,0.0,0.0,0.0,0.0,0.0,0.0,0.0,0.0,0.0,47.0,47.0,47.0,47.0,47.0,0.0,0.0,0.0,0.0,0.0,0.0,0.0,0.0,0.0,0.0,0.0,0.0,0.0,0.0,0.0,0.0,0.0,0.0,0.0,0.0,0.0,0.0,0.0,0.0,0.0,0.0,0.0,0.0,0.0,0.0,0.0,0.0,0.0,0.0,0.0,0.0,0.0,0.0,0.0,0.0,0.0,0.0,0.0,0.0,0.0,0.0,0.0,0.0,0.0,0.0,0.0,0.0,0.0,0.0,0.0,0.0,0.0,0.0,0.0,0.0,0.0,0.0,0.0,0.0,0.0,0.0,0.0,0.0,0.0,0.0,0.0,0.0,0.0,0.0,0.0,0.0,0.0,0.0,0.0,0.0,0.0,0.0,0.0,0.0,0.0,0.0,0.0,0.0,0.0,0.0,0.0,0.0,0.0,0.0,0.0,0.0,0.0,0.0,0.0,0.0,0.0,0.0,0.0,0.0,0.0,...
1763031627,551991094,laser,-3.1241390705108643,3.1415927410125732,0.0034828970674425364,5.3680727432947606e-05,0.09657162427902222,0.15000000596046448,16.0,inf,inf,inf,inf,inf,inf,inf,inf,inf,inf,inf,inf,inf,inf,inf,inf,inf,inf,inf,inf,inf,inf,inf,inf,inf,inf,inf,10.496000289916992,10.496000289916992,10.496000289916992,10.496000289916992,10.496000289916992,inf,inf,inf,inf,inf,inf,inf,inf,inf,inf,inf,inf,inf,inf,inf,inf,inf,inf,inf,3.9800000190734863,3.9800000190734863,3.9800000190734863,3.9800000190734863,3.9800000190734863,3.875999927520752,3.7960000038146973,3.747999906539917,3.740000009536743,3.740000009536743,3.740000009536743,3.7360000610351562,3.74399995803833,3.747999906539917,3.752000093460083,2.940000057220459,2.940000057220459,2.940000057220459,2.880000114440918,2.819999933242798,2.819999933242798,2.759999990463257,2.7079999446868896,2.6480000019073486,2.5920000076293945,2.5439999103546143,2.492000102996826,2.431999921798706,2.375999927520752,2.3399999141693115,2.299999952316284,2.299999952316284,2.240000009536743,2.2119998931884766,2.200000047683716,2.1559998989105225,2.111999988555908,2.0840001106262207,2.052000045776367,2.009999990463257,1.9839999675750732,1.9620000123977661,1.9279999732971191,1.9279999732971191,1.8980000019073486,1.8739999532699585,1.8600000143051147,1.8539999723434448,1.840000033378601,1.8320000171661377,1.8200000524520874,1.8020000457763672,1.8020000457763672,1.781999945640564,1.7599999904632568,1.7380000352859497,1.718000054359436,1.7020000219345093,1.6820000410079956,1.659999966621399,1.628000020980835,1.5140000581741333,1.5140000581741333,1.5,1.4880000352859497,1.4880000352859497,1.4759999513626099,inf,inf,inf,1.406000018119812,1.406000018119812,1.406000018119812,1.406000018119812,1.406000018119812,1.3940000534057617,1.3940000534057617,...,0.0,0.0,0.0,0.0,0.0,0.0,0.0,0.0,0.0,0.0,0.0,0.0,0.0,0.0,0.0,0.0,0.0,0.0,0.0,0.0,0.0,0.0,0.0,0.0,0.0,0.0,0.0,0.0,0.0,0.0,0.0,0.0,0.0,0.0,0.0,0.0,0.0,0.0,0.0,0.0,0.0,0.0,0.0,0.0,0.0,0.0,0.0,0.0,0.0,0.0,0.0,0.0,0.0,0.0,0.0,0.0,0.0,0.0,0.0,0.0,0.0,0.0,0.0,0.0,0.0,0.0,0.0,0.0,0.0,0.0,0.0,0.0,0.0,0.0,0.0,0.0,0.0,0.0,0.0,0.0,0.0,0.0,0.0,0.0,0.0,0.0,0.0,0.0,0.0,0.0,0.0,47.0,47.0,47.0,47.0,47.0,0.0,0.0,0.0,0.0,0.0,0.0,0.0,0.0,0.0,0.0,0.0,0.0,0.0,0.0,0.0,0.0,0.0,0.0,0.0,0.0,0.0,0.0,0.0,0.0,0.0,0.0,0.0,47.0,47.0,47.0,47.0,47.0,...
1763031627,650038180,laser,-3.1241390705108643,3.1415927410125732,0.0034828970674425364,5.385266194934957e-05,0.09688093513250351,0.15000000596046448,16.0,inf,inf,inf,inf,inf,inf,inf,inf,inf,inf,inf,inf,inf,inf,inf,inf,inf,inf,inf,inf,inf,inf,inf,inf,inf,inf,inf,inf,inf,inf,inf,inf,inf,inf,inf,inf,inf,inf,inf,inf,inf,inf,inf,inf,inf,inf,inf,inf,inf,3.9839999675750732,3.9839999675750732,3.9839999675750732,3.9839999675750732,3.9839999675750732,3.880000114440918,3.880000114440918,3.880000114440918,3.7920000553131104,3.740000009536743,3.740000009536743,3.740000009536743,3.740000009536743,3.740000009536743,3.74399995803833,3.747999906539917,3.752000093460083,3.752000093460083,2.880000114440918,2.880000114440918,2.880000114440918,2.880000114440918,2.815999984741211,2.75600004196167,2.700000047683716,2.6480000019073486,2.5920000076293945,2.5399999618530273,2.48799991607666,2.431999921798706,2.380000114440918,2.3399999141693115,2.3399999141693115,2.2960000038146973,2.240000009536743,2.2119998931884766,2.196000099182129,2.1559998989105225,2.111999988555908,2.078000068664551,2.0460000038146973,2.01200008392334,1.9900000095367432,1.9900000095367432,1.972000002861023,1.9500000476837158,1.940000057220459,1.9299999475479126,1.9160000085830688,1.9040000438690186,1.8799999952316284,1.850000023841858,1.850000023841858,1.8300000429153442,1.8079999685287476,1.781999945640564,1.7599999904632568,1.7380000352859497,1.715999960899353,1.7000000476837158,1.6779999732971191,1.656000018119812,1.656000018119812,1.5080000162124634,1.5,1.5,1.5,1.4880000352859497,1.4759999513626099,inf,inf,inf,inf,1.406000018119812,1.406000018119812,1.406000018119812,1.406000018119812,1.406000018119812,1.3960000276565552,...,0.0,0.0,0.0,0.0,0.0,0.0,0.0,0.0,0.0,0.0,0.0,0.0,0.0,0.0,0.0,0.0,0.0,0.0,0.0,0.0,0.0,0.0,0.0,0.0,0.0,0.0,0.0,0.0,0.0,0.0,0.0,0.0,0.0,0.0,0.0,0.0,0.0,0.0,0.0,0.0,0.0,0.0,0.0,0.0,0.0,0.0,0.0,0.0,0.0,0.0,0.0,0.0,0.0,0.0,0.0,0.0,0.0,0.0,0.0,0.0,0.0,0.0,0.0,0.0,0.0,0.0,0.0,0.0,0.0,0.0,0.0,0.0,0.0,0.0,0.0,0.0,0.0,0.0,0.0,0.0,0.0,0.0,0.0,0.0,0.0,0.0,0.0,0.0,0.0,0.0,47.0,47.0,47.0,47.0,47.0,0.0,0.0,0.0,0.0,0.0,0.0,0.0,0.0,0.0,0.0,0.0,0.0,0.0,0.0,0.0,0.0,0.0,0.0,0.0,0.0,0.0,0.0,0.0,0.0,0.0,0.0,0.0,0.0,0.0,0.0,0.0,0.0,0.0,...
1763031627,747891568,laser,-3.1241390705108643,3.1415927410125732,0.0034828970674425364,5.749064439442009e-05,0.10342566668987274,0.15000000596046448,16.0,inf,inf,inf,inf,inf,inf,inf,inf,inf,inf,inf,inf,inf,inf,inf,inf,inf,inf,inf,inf,inf,inf,inf,inf,inf,inf,inf,inf,inf,10.336000442504883,10.336000442504883,10.336000442504883,10.336000442504883,10.336000442504883,inf,inf,inf,inf,inf,inf,inf,inf,inf,inf,inf,inf,inf,inf,inf,inf,inf,inf,inf,inf,3.75600004196167,3.75600004196167,3.75600004196167,3.75600004196167,3.75600004196167,3.740000009536743,3.7320001125335693,3.740000009536743,3.740000009536743,3.747999906539917,3.752000093460083,3.752000093460083,2.9000000953674316,2.9000000953674316,2.9000000953674316,2.8440001010894775,2.8440001010894775,2.7839999198913574,2.7160000801086426,2.6480000019073486,2.6040000915527344,2.6040000915527344,2.555999994277954,2.496000051498413,2.440000057220459,2.3919999599456787,2.359999895095825,2.319999933242798,2.2920000553131104,2.180000066757202,2.180000066757202,2.1640000343322754,2.1640000343322754,2.124000072479248,2.0999999046325684,2.072000026702881,2.0420000553131104,2.01200008392334,1.9859999418258667,1.9600000381469727,1.934000015258789,1.9140000343322754,1.9140000343322754,1.9079999923706055,1.8940000534057617,1.8799999952316284,1.8639999628067017,1.840000033378601,1.8200000524520874,1.7960000038146973,1.7699999809265137,1.7699999809265137,1.7280000448226929,1.7280000448226929,1.7079999446868896,1.6859999895095825,1.6619999408721924,1.6440000534057617,1.5160000324249268,1.5160000324249268,1.503999948501587,1.49399995803833,1.4819999933242798,1.465999960899353,inf,inf,1.4299999475479126,1.4299999475479126,1.4299999475479126,1.4299999475479126,1.4299999475479126,1.399999976158142,1.399999976158142,1.399999976158142,...,0.0,0.0,0.0,0.0,0.0,0.0,0.0,0.0,0.0,0.0,0.0,0.0,0.0,0.0,0.0,0.0,0.0,0.0,0.0,0.0,0.0,0.0,0.0,0.0,0.0,0.0,0.0,0.0,0.0,0.0,0.0,0.0,0.0,0.0,0.0,0.0,0.0,0.0,0.0,0.0,0.0,0.0,0.0,0.0,0.0,0.0,0.0,0.0,0.0,0.0,0.0,0.0,0.0,0.0,0.0,0.0,0.0,0.0,0.0,0.0,0.0,0.0,0.0,0.0,0.0,0.0,0.0,0.0,0.0,0.0,0.0,0.0,0.0,0.0,0.0,0.0,0.0,0.0,0.0,0.0,0.0,0.0,0.0,0.0,0.0,0.0,0.0,0.0,0.0,0.0,0.0,0.0,0.0,0.0,0.0,0.0,0.0,0.0,0.0,0.0,0.0,0.0,0.0,0.0,0.0,0.0,0.0,0.0,0.0,0.0,0.0,0.0,0.0,0.0,0.0,0.0,0.0,0.0,0.0,0.0,0.0,0.0,0.0,0.0,0.0,0.0,0.0,0.0,...
1763031627,852737664,laser,-3.1241390705108643,3.1415927410125732,0.0034828970674425364,5.380683433031663e-05,0.09679849445819855,0.15000000596046448,16.0,inf,inf,inf,inf,inf,inf,inf,inf,inf,inf,inf,inf,inf,inf,inf,inf,inf,inf,inf,inf,inf,inf,inf,inf,inf,inf,inf,inf,10.423999786376953,10.423999786376953,10.423999786376953,10.423999786376953,10.423999786376953,inf,inf,inf,inf,inf,inf,inf,inf,inf,inf,inf,inf,inf,inf,inf,inf,inf,inf,inf,3.871999979019165,3.871999979019165,3.871999979019165,3.871999979019165,3.871999979019165,3.7839999198913574,3.7839999198913574,3.740000009536743,3.740000009536743,3.74399995803833,3.747999906539917,3.74399995803833,3.74399995803833,3.74399995803833,2.931999921798706,2.871999979019165,2.871999979019165,2.871999979019165,2.871999979019165,2.808000087738037,2.74399995803833,2.6679999828338623,2.6080000400543213,2.559999942779541,2.5239999294281006,2.3959999084472656,2.3959999084472656,2.359999895095825,2.359999895095825,2.328000068664551,2.299999952316284,2.196000099182129,2.191999912261963,2.191999912261963,2.1519999504089355,2.111999988555908,2.0759999752044678,2.0439999103546143,2.0,1.9700000286102295,1.9700000286102295,1.9459999799728394,1.909999966621399,1.8860000371932983,1.8680000305175781,1.8480000495910645,1.8300000429153442,1.8179999589920044,1.8179999589920044,1.809999942779541,1.8020000457763672,1.7879999876022339,1.7740000486373901,1.753999948501587,1.7280000448226929,1.7120000123977661,1.694000005722046,1.6679999828338623,1.6679999828338623,1.6460000276565552,1.6180000305175781,1.5080000162124634,1.496000051498413,1.496000051498413,1.4800000190734863,inf,inf,inf,inf,inf,1.4019999504089355,1.4019999504089355,1.4019999504089355,1.4019999504089355,1.4019999504089355,1.3880000114440918,...,0.0,0.0,0.0,0.0,0.0,0.0,0.0,0.0,0.0,0.0,0.0,0.0,0.0,0.0,0.0,0.0,0.0,0.0,0.0,0.0,0.0,0.0,0.0,0.0,0.0,0.0,0.0,0.0,0.0,0.0,0.0,0.0,0.0,0.0,0.0,0.0,0.0,0.0,0.0,0.0,0.0,0.0,0.0,0.0,0.0,0.0,0.0,0.0,0.0,0.0,0.0,0.0,0.0,0.0,0.0,0.0,0.0,0.0,0.0,0.0,0.0,0.0,0.0,0.0,0.0,0.0,0.0,0.0,0.0,0.0,0.0,0.0,0.0,0.0,0.0,0.0,0.0,0.0,0.0,0.0,0.0,0.0,0.0,0.0,0.0,0.0,0.0,0.0,0.0,0.0,0.0,0.0,0.0,0.0,0.0,0.0,0.0,0.0,0.0,0.0,0.0,0.0,0.0,0.0,0.0,0.0,0.0,0.0,0.0,0.0,0.0,0.0,0.0,0.0,0.0,0.0,0.0,0.0,0.0,0.0,0.0,0.0,0.0,0.0,0.0,0.0,47.0,47.0,...
1763031627,951065433,laser,-3.1241390705108643,3.1415927410125732,0.0034828970674425364,5.37852210982237e-05,0.0967596173286438,0.15000000596046448,16.0,inf,inf,inf,inf,inf,inf,inf,inf,inf,inf,inf,inf,inf,inf,inf,inf,inf,inf,inf,inf,inf,inf,inf,inf,inf,inf,10.53600025177002,10.53600025177002,10.53600025177002,10.53600025177002,10.53600025177002,10.336000442504883,10.336000442504883,10.336000442504883,10.336000442504883,inf,inf,inf,inf,inf,inf,inf,inf,inf,inf,inf,inf,inf,inf,inf,inf,inf,inf,3.75600004196167,3.75600004196167,3.75600004196167,3.75600004196167,3.75600004196167,3.740000009536743,3.740000009536743,3.7320001125335693,3.7360000610351562,3.74399995803833,3.74399995803833,3.747999906539917,3.752000093460083,2.8959999084472656,2.8959999084472656,2.8440001010894775,2.8440001010894775,2.8440001010894775,2.7920000553131104,2.6519999504089355,2.6519999504089355,2.6080000400543213,2.559999942779541,2.559999942779541,2.5,2.444000005722046,2.3959999084472656,2.3480000495910645,2.308000087738037,2.2920000553131104,2.180000066757202,2.1640000343322754,2.1640000343322754,2.124000072479248,2.124000072479248,2.0959999561309814,2.072000026702881,2.0399999618530273,2.00600004196167,1.9700000286102295,1.940000057220459,1.9179999828338623,1.9019999504089355,1.9019999504089355,1.9019999504089355,1.8919999599456787,1.871999979019165,1.8580000400543213,1.8380000591278076,1.8179999589920044,1.7960000038146973,1.7699999809265137,1.7480000257492065,1.7280000448226929,1.7079999446868896,1.7079999446868896,1.687999963760376,1.6660000085830688,1.6460000276565552,1.5219999551773071,1.5219999551773071,1.503999948501587,1.49399995803833,1.4819999933242798,inf,inf,inf,inf,inf,1.4160000085830688,1.4160000085830688,1.4160000085830688,1.4160000085830688,1.4160000085830688,1.4019999504089355,...,0.0,0.0,0.0,0.0,0.0,0.0,0.0,0.0,0.0,0.0,0.0,0.0,0.0,0.0,0.0,0.0,0.0,0.0,0.0,0.0,0.0,0.0,0.0,0.0,0.0,0.0,0.0,0.0,0.0,0.0,0.0,0.0,0.0,0.0,0.0,0.0,0.0,0.0,0.0,0.0,0.0,0.0,0.0,0.0,0.0,0.0,0.0,0.0,0.0,0.0,0.0,0.0,0.0,0.0,0.0,0.0,0.0,0.0,0.0,0.0,0.0,0.0,0.0,0.0,0.0,0.0,0.0,0.0,0.0,0.0,0.0,0.0,0.0,0.0,0.0,0.0,0.0,0.0,0.0,0.0,0.0,0.0,0.0,0.0,0.0,0.0,0.0,0.0,0.0,0.0,0.0,0.0,0.0,0.0,0.0,0.0,0.0,0.0,0.0,0.0,0.0,0.0,0.0,0.0,0.0,0.0,0.0,0.0,0.0,0.0,0.0,0.0,0.0,0.0,0.0,0.0,0.0,0.0,0.0,0.0,0.0,0.0,0.0,0.0,0.0,0.0,0.0,0.0,...
1763031628,49380391,laser,-3.1241390705108643,3.1415927410125732,0.0034828970674425364,5.376449917093851e-05,0.09672233462333679,0.15000000596046448,16.0,inf,inf,inf,inf,inf,inf,inf,inf,inf,inf,inf,inf,inf,inf,inf,inf,inf,inf,inf,inf,inf,inf,inf,inf,inf,inf,inf,inf,inf,inf,inf,inf,inf,inf,inf,inf,inf,inf,inf,inf,inf,inf,inf,inf,inf,inf,inf,inf,inf,inf,inf,inf,inf,3.75600004196167,3.75600004196167,3.75600004196167,3.75600004196167,3.75600004196167,3.74399995803833,3.74399995803833,3.74399995803833,3.7360000610351562,3.7360000610351562,3.74399995803833,3.747999906539917,3.747999906539917,2.888000011444092,2.888000011444092,2.8399999141693115,2.8399999141693115,2.8399999141693115,2.8399999141693115,2.7720000743865967,2.7039999961853027,2.6519999504089355,2.5959999561309814,2.5399999618530273,2.48799991607666,2.440000057220459,2.3919999599456787,2.3480000495910645,2.299999952316284,2.2799999713897705,2.2799999713897705,2.1640000343322754,2.1640000343322754,2.1640000343322754,2.124000072479248,2.0959999561309814,2.069999933242798,2.0399999618530273,2.0339999198913574,2.0280001163482666,2.009999990463257,2.009999990463257,1.9900000095367432,1.968000054359436,1.944000005722046,1.9179999828338623,1.8899999856948853,1.8639999628067017,1.8380000591278076,1.8140000104904175,1.7920000553131104,1.7920000553131104,1.7699999809265137,1.7480000257492065,1.722000002861023,1.7020000219345093,1.687999963760376,1.6660000085830688,1.6339999437332153,1.5140000581741333,1.5140000581741333,1.503999948501587,1.4919999837875366,1.4819999933242798,1.4819999933242798,1.4759999513626099,1.4739999771118164,inf,inf,inf,1.409999966621399,1.409999966621399,1.409999966621399,1.409999966621399,1.409999966621399,...,0.0,0.0,0.0,0.0,0.0,0.0,0.0,0.0,0.0,0.0,0.0,0.0,0.0,0.0,0.0,0.0,0.0,0.0,0.0,0.0,0.0,0.0,0.0,0.0,0.0,0.0,0.0,0.0,0.0,0.0,0.0,0.0,0.0,0.0,0.0,0.0,0.0,0.0,0.0,0.0,0.0,0.0,0.0,0.0,0.0,0.0,0.0,0.0,0.0,0.0,0.0,0.0,0.0,0.0,0.0,0.0,0.0,0.0,0.0,0.0,0.0,0.0,0.0,0.0,0.0,0.0,0.0,0.0,0.0,0.0,0.0,0.0,0.0,0.0,0.0,0.0,0.0,0.0,0.0,0.0,0.0,0.0,0.0,0.0,0.0,0.0,0.0,0.0,0.0,0.0,0.0,0.0,0.0,0.0,0.0,0.0,0.0,0.0,0.0,0.0,0.0,0.0,0.0,0.0,0.0,47.0,47.0,47.0,47.0,47.0,0.0,0.0,0.0,0.0,0.0,0.0,0.0,0.0,0.0,0.0,0.0,0.0,0.0,0.0,47.0,47.0,47.0,47.0,...
1763031628,147268877,laser,-3.1241390705108643,3.1415927410125732,0.0034828970674425364,5.7387598644709215e-05,0.10324028879404068,0.15000000596046448,16.0,inf,inf,inf,inf,inf,inf,inf,inf,inf,inf,inf,inf,inf,inf,inf,inf,inf,inf,inf,inf,inf,inf,inf,inf,inf,inf,inf,10.543999671936035,10.543999671936035,10.543999671936035,10.543999671936035,10.543999671936035,inf,inf,inf,inf,inf,inf,inf,inf,inf,inf,inf,inf,inf,inf,inf,inf,inf,inf,inf,inf,3.875999927520752,3.875999927520752,3.875999927520752,3.875999927520752,3.875999927520752,3.7839999198913574,3.7839999198913574,3.740000009536743,3.7360000610351562,3.74399995803833,3.747999906539917,3.747999906539917,3.747999906539917,3.74399995803833,2.9159998893737793,2.9159998893737793,2.9159998893737793,2.9159998893737793,2.8480000495910645,2.7920000553131104,2.7320001125335693,2.6640000343322754,2.615999937057495,2.568000078201294,2.507999897003174,2.507999897003174,2.4639999866485596,2.4159998893737793,2.368000030517578,2.328000068664551,2.299999952316284,2.184000015258789,2.184000015258789,2.180000066757202,2.128000020980835,2.0999999046325684,2.0999999046325684,2.072000026702881,2.0399999618530273,2.007999897003174,1.972000002861023,1.944000005722046,1.9240000247955322,1.9079999923706055,1.8980000019073486,1.8880000114440918,1.8760000467300415,1.8619999885559082,1.8619999885559082,1.840000033378601,1.8220000267028809,1.7999999523162842,1.7719999551773071,1.75,1.7280000448226929,1.7079999446868896,1.687999963760376,1.687999963760376,1.6660000085830688,1.6460000276565552,1.50600004196167,1.49399995803833,1.49399995803833,1.49399995803833,1.4819999933242798,inf,inf,inf,inf,1.399999976158142,1.399999976158142,1.399999976158142,1.399999976158142,1.399999976158142,1.3880000114440918,1.3880000114440918,...,0.0,0.0,0.0,0.0,0.0,0.0,0.0,0.0,0.0,0.0,0.0,0.0,0.0,0.0,0.0,0.0,0.0,0.0,0.0,0.0,0.0,0.0,0.0,0.0,0.0,0.0,0.0,0.0,0.0,0.0,0.0,0.0,0.0,0.0,0.0,0.0,0.0,0.0,0.0,0.0,0.0,0.0,0.0,0.0,0.0,0.0,0.0,0.0,0.0,0.0,0.0,0.0,0.0,0.0,0.0,0.0,0.0,0.0,0.0,0.0,0.0,0.0,0.0,0.0,0.0,0.0,0.0,0.0,0.0,0.0,0.0,0.0,0.0,0.0,0.0,0.0,0.0,0.0,0.0,0.0,0.0,0.0,0.0,0.0,0.0,0.0,0.0,0.0,0.0,0.0,0.0,47.0,47.0,47.0,47.0,47.0,0.0,0.0,0.0,0.0,0.0,0.0,0.0,0.0,0.0,0.0,0.0,0.0,0.0,0.0,0.0,0.0,0.0,0.0,0.0,0.0,0.0,0.0,0.0,0.0,0.0,0.0,0.0,47.0,47.0,47.0,47.0,47.0,...
1763031628,251907653,laser,-3.1241390705108643,3.1415927410125732,0.0034828970674425364,5.3745025070384145e-05,0.09668730199337006,0.15000000596046448,16.0,inf,inf,inf,inf,inf,inf,inf,inf,inf,inf,inf,inf,inf,inf,inf,inf,inf,inf,inf,inf,inf,inf,inf,inf,inf,inf,inf,inf,inf,inf,inf,inf,inf,inf,inf,inf,inf,inf,inf,inf,inf,inf,inf,inf,inf,inf,inf,inf,inf,inf,inf,inf,inf,inf,3.747999906539917,3.747999906539917,3.747999906539917,3.747999906539917,3.747999906539917,3.740000009536743,3.740000009536743,3.740000009536743,3.7360000610351562,3.74399995803833,3.747999906539917,3.752000093460083,2.8919999599456787,2.8919999599456787,2.8919999599456787,2.828000068664551,2.828000068664551,2.759999990463257,2.759999990463257,2.6519999504089355,2.6519999504089355,2.5999999046325684,2.5439999103546143,2.492000102996826,2.436000108718872,2.375999927520752,2.3359999656677246,2.299999952316284,2.2679998874664307,2.2360000610351562,2.2360000610351562,2.196000099182129,2.1640000343322754,2.119999885559082,2.0880000591278076,2.055999994277954,2.0179998874664307,1.9859999418258667,1.9579999446868896,1.9320000410079956,1.906000018119812,1.906000018119812,1.8580000400543213,1.8580000400543213,1.8359999656677246,1.8079999685287476,1.7999999523162842,1.7940000295639038,1.7899999618530273,1.777999997138977,1.75600004196167,1.7419999837875366,1.7419999837875366,1.7239999771118164,1.7039999961853027,1.6859999895095825,1.6640000343322754,1.6380000114440918,1.5080000162124634,1.5080000162124634,1.5,1.4880000352859497,1.4800000190734863,1.4800000190734863,inf,inf,inf,inf,inf,inf,1.3980000019073486,1.3980000019073486,1.3980000019073486,1.3980000019073486,...,0.0,0.0,0.0,0.0,0.0,0.0,0.0,0.0,0.0,0.0,0.0,0.0,0.0,0.0,0.0,0.0,0.0,0.0,0.0,0.0,0.0,0.0,0.0,0.0,0.0,0.0,0.0,0.0,0.0,0.0,0.0,0.0,0.0,0.0,0.0,0.0,0.0,0.0,0.0,0.0,0.0,0.0,0.0,0.0,0.0,0.0,0.0,0.0,0.0,0.0,0.0,0.0,0.0,0.0,0.0,0.0,0.0,0.0,0.0,0.0,0.0,0.0,0.0,0.0,0.0,0.0,0.0,0.0,47.0,47.0,47.0,47.0,47.0,0.0,0.0,0.0,0.0,0.0,0.0,0.0,0.0,0.0,0.0,0.0,0.0,0.0,0.0,0.0,0.0,0.0,0.0,0.0,0.0,0.0,0.0,0.0,0.0,0.0,0.0,0.0,0.0,0.0,0.0,0.0,0.0,0.0,0.0,0.0,0.0,0.0,0.0,0.0,0.0,0.0,0.0,0.0,0.0,0.0,0.0,0.0,0.0,0.0,0.0,0.0,0.0,47.0,47.0,47.0,...
1763031628,349650039,laser,-3.1241390705108643,3.1415927410125732,0.0034828970674425364,5.404420517152175e-05,0.09722552448511124,0.15000000596046448,16.0,inf,inf,inf,inf,inf,inf,inf,inf,inf,inf,inf,inf,inf,inf,inf,inf,inf,inf,inf,inf,inf,inf,inf,inf,inf,inf,inf,inf,inf,inf,inf,inf,inf,inf,inf,inf,inf,inf,inf,inf,inf,inf,inf,inf,inf,inf,inf,inf,inf,inf,inf,3.7839999198913574,3.7839999198913574,3.7839999198913574,3.7839999198913574,3.7839999198913574,3.740000009536743,3.740000009536743,3.740000009536743,3.740000009536743,3.740000009536743,3.747999906539917,3.747999906539917,3.74399995803833,3.747999906539917,3.747999906539917,3.752000093460083,2.9240000247955322,2.9240000247955322,2.9240000247955322,2.875999927520752,2.7279999256134033,2.7279999256134033,2.6679999828338623,2.6080000400543213,2.552000045776367,2.51200008392334,2.4600000381469727,2.4600000381469727,2.368000030517578,2.368000030517578,2.3359999656677246,2.2920000553131104,2.200000047683716,2.200000047683716,2.196000099182129,2.0999999046325684,2.0999999046325684,2.0840001106262207,2.055999994277954,2.055999994277954,2.009999990463257,1.9800000190734863,1.9520000219345093,1.9199999570846558,1.899999976158142,1.8839999437332153,1.8739999532699585,1.871999979019165,1.8600000143051147,1.8600000143051147,1.840000033378601,1.8240000009536743,1.8040000200271606,1.777999997138977,1.753999948501587,1.7319999933242798,1.7139999866485596,1.6979999542236328,1.6720000505447388,1.6720000505447388,1.6540000438690186,1.5,1.5,1.5,1.5,1.4880000352859497,1.4759999513626099,inf,inf,inf,1.4040000438690186,1.4040000438690186,1.4040000438690186,1.4040000438690186,1.4040000438690186,1.3940000534057617,1.3940000534057617,...,0.0,0.0,0.0,0.0,0.0,0.0,0.0,0.0,0.0,0.0,0.0,0.0,0.0,0.0,0.0,0.0,0.0,0.0,0.0,0.0,0.0,0.0,0.0,0.0,0.0,0.0,0.0,0.0,0.0,0.0,0.0,0.0,0.0,0.0,0.0,0.0,0.0,0.0,0.0,0.0,0.0,0.0,0.0,0.0,0.0,0.0,0.0,0.0,0.0,0.0,0.0,0.0,0.0,0.0,0.0,0.0,0.0,0.0,0.0,0.0,0.0,0.0,0.0,0.0,0.0,0.0,0.0,0.0,0.0,0.0,0.0,0.0,0.0,0.0,0.0,0.0,0.0,0.0,0.0,0.0,0.0,0.0,0.0,0.0,0.0,0.0,0.0,0.0,0.0,0.0,47.0,47.0,47.0,47.0,47.0,0.0,0.0,0.0,0.0,0.0,0.0,0.0,0.0,0.0,0.0,0.0,0.0,0.0,0.0,0.0,0.0,0.0,0.0,0.0,0.0,0.0,0.0,0.0,0.0,0.0,0.0,0.0,0.0,0.0,0.0,0.0,0.0,0.0,...
1763031628,448061072,laser,-3.1241390705108643,3.1415927410125732,0.0034828970674425364,5.737906394642778e-05,0.10322494059801102,0.15000000596046448,16.0,inf,inf,inf,inf,inf,inf,inf,inf,inf,inf,inf,inf,inf,inf,inf,inf,inf,inf,inf,inf,inf,inf,inf,inf,inf,inf,inf,inf,10.336000442504883,10.336000442504883,10.336000442504883,10.336000442504883,10.336000442504883,inf,inf,inf,inf,inf,inf,inf,inf,inf,inf,inf,inf,inf,inf,inf,inf,inf,inf,inf,inf,3.875999927520752,3.875999927520752,3.875999927520752,3.875999927520752,3.875999927520752,3.7839999198913574,3.7360000610351562,3.7320001125335693,3.740000009536743,3.74399995803833,3.74399995803833,3.747999906539917,3.747999906539917,2.9200000762939453,2.9200000762939453,2.8559999465942383,2.8559999465942383,2.8559999465942383,2.7960000038146973,2.7279999256134033,2.6600000858306885,2.611999988555908,2.563999891281128,2.563999891281128,2.51200008392334,2.4679999351501465,2.4159998893737793,2.368000030517578,2.319999933242798,2.2960000038146973,2.187999963760376,2.1760001182556152,2.1760001182556152,2.128000020980835,2.128000020980835,2.0999999046325684,2.0759999752044678,2.0480000972747803,2.0239999294281006,2.00600004196167,1.9880000352859497,1.9739999771118164,1.9559999704360962,1.940000057220459,1.940000057220459,1.9179999828338623,1.8960000276565552,1.8739999532699585,1.8480000495910645,1.8259999752044678,1.8020000457763672,1.7760000228881836,1.753999948501587,1.7319999933242798,1.7079999446868896,1.7079999446868896,1.687999963760376,1.6679999828338623,1.6480000019073486,1.5199999809265137,1.5199999809265137,1.50600004196167,1.4980000257492065,1.4859999418258667,inf,inf,inf,inf,inf,1.399999976158142,1.399999976158142,1.399999976158142,1.399999976158142,1.399999976158142,1.3860000371932983,...,0.0,0.0,0.0,0.0,0.0,0.0,0.0,0.0,0.0,0.0,0.0,0.0,0.0,0.0,0.0,0.0,0.0,0.0,0.0,0.0,0.0,0.0,0.0,0.0,0.0,0.0,0.0,0.0,0.0,0.0,0.0,0.0,0.0,0.0,0.0,0.0,0.0,0.0,0.0,0.0,0.0,0.0,0.0,0.0,0.0,0.0,0.0,0.0,0.0,0.0,0.0,0.0,0.0,0.0,0.0,0.0,0.0,0.0,0.0,0.0,0.0,0.0,0.0,0.0,0.0,0.0,0.0,0.0,0.0,0.0,0.0,0.0,0.0,0.0,0.0,0.0,0.0,0.0,0.0,0.0,0.0,0.0,0.0,0.0,0.0,0.0,0.0,0.0,0.0,0.0,0.0,0.0,0.0,0.0,0.0,0.0,0.0,0.0,0.0,0.0,0.0,0.0,0.0,0.0,0.0,0.0,0.0,0.0,0.0,0.0,0.0,0.0,0.0,0.0,0.0,0.0,0.0,0.0,0.0,0.0,0.0,0.0,0.0,0.0,0.0,0.0,0.0,0.0,...
1763031628,553123417,laser,-3.1241390705108643,3.1415927410125732,0.0034828970674425364,5.36324005224742e-05,0.09648469090461731,0.15000000596046448,16.0,inf,inf,inf,inf,inf,inf,inf,inf,inf,inf,inf,inf,inf,inf,inf,inf,inf,inf,inf,inf,inf,inf,inf,inf,inf,inf,inf,inf,inf,inf,inf,inf,inf,inf,inf,inf,inf,inf,inf,inf,inf,inf,inf,inf,inf,inf,inf,inf,inf,inf,3.880000114440918,3.880000114440918,3.880000114440918,3.880000114440918,3.880000114440918,3.7880001068115234,3.7880001068115234,3.7880001068115234,3.740000009536743,3.740000009536743,3.740000009536743,3.74399995803833,3.747999906539917,3.747999906539917,3.747999906539917,3.747999906539917,2.936000108718872,2.936000108718872,2.868000030517578,2.868000030517578,2.868000030517578,2.799999952316284,2.7320001125335693,2.6679999828338623,2.628000020980835,2.5759999752044678,2.51200008392334,2.4600000381469727,2.4079999923706055,2.368000030517578,2.3359999656677246,2.3359999656677246,2.299999952316284,2.200000047683716,2.200000047683716,2.191999912261963,2.1440000534057617,2.0999999046325684,2.0840001106262207,2.055999994277954,2.0139999389648438,1.9800000190734863,1.9500000476837158,1.9500000476837158,1.9220000505447388,1.9040000438690186,1.8860000371932983,1.8739999532699585,1.8700000047683716,1.8559999465942383,1.8380000591278076,1.8240000009536743,1.8240000009536743,1.8020000457763672,1.777999997138977,1.753999948501587,1.7319999933242798,1.7100000381469727,1.6920000314712524,1.6720000505447388,1.6519999504089355,1.6519999504089355,1.5080000162124634,1.5080000162124634,1.5080000162124634,1.4980000257492065,1.4839999675750732,1.4759999513626099,inf,inf,inf,inf,inf,1.4019999504089355,1.4019999504089355,1.4019999504089355,1.4019999504089355,1.4019999504089355,...,0.0,0.0,0.0,0.0,0.0,0.0,0.0,0.0,0.0,0.0,0.0,0.0,0.0,0.0,0.0,0.0,0.0,0.0,0.0,0.0,0.0,0.0,0.0,0.0,0.0,0.0,0.0,0.0,0.0,0.0,0.0,0.0,0.0,0.0,0.0,0.0,0.0,0.0,0.0,0.0,0.0,0.0,0.0,0.0,0.0,0.0,0.0,0.0,0.0,0.0,0.0,0.0,0.0,0.0,0.0,0.0,0.0,0.0,0.0,0.0,0.0,0.0,0.0,0.0,0.0,0.0,0.0,0.0,0.0,0.0,0.0,0.0,0.0,0.0,0.0,0.0,0.0,0.0,0.0,0.0,0.0,0.0,0.0,0.0,0.0,0.0,0.0,0.0,0.0,0.0,0.0,0.0,0.0,0.0,0.0,0.0,0.0,0.0,0.0,0.0,0.0,0.0,0.0,0.0,0.0,0.0,0.0,0.0,0.0,0.0,0.0,0.0,0.0,0.0,0.0,0.0,0.0,0.0,0.0,0.0,0.0,0.0,0.0,0.0,47.0,47.0,47.0,47.0,...
1763031628,650838446,laser,-3.1241390705108643,3.1415927410125732,0.0034828970674425364,5.3873278375249356e-05,0.096918024122715,0.15000000596046448,16.0,inf,inf,inf,inf,inf,inf,inf,inf,inf,inf,inf,inf,inf,inf,inf,inf,inf,inf,inf,inf,inf,inf,inf,inf,inf,inf,inf,10.343999862670898,10.343999862670898,10.343999862670898,10.343999862670898,10.343999862670898,inf,inf,inf,inf,inf,inf,inf,inf,inf,inf,inf,inf,inf,inf,inf,inf,inf,inf,inf,inf,inf,inf,3.7839999198913574,3.7839999198913574,3.7839999198913574,3.7839999198913574,3.7839999198913574,3.740000009536743,3.7360000610351562,3.740000009536743,3.74399995803833,3.747999906539917,3.747999906539917,3.747999906539917,2.9079999923706055,2.9079999923706055,2.9079999923706055,2.8480000495910645,2.8480000495910645,2.7960000038146973,2.7279999256134033,2.6640000343322754,2.619999885559082,2.572000026702881,2.5160000324249268,2.5160000324249268,2.3559999465942383,2.3559999465942383,2.3559999465942383,2.319999933242798,2.2880001068115234,2.180000066757202,2.180000066757202,2.1760001182556152,2.128000020980835,2.0999999046325684,2.072000026702881,2.072000026702881,2.0360000133514404,1.99399995803833,1.9700000286102295,1.9459999799728394,1.909999966621399,1.8819999694824219,1.8619999885559082,1.840000033378601,1.8240000009536743,1.8200000524520874,1.8200000524520874,1.8140000104904175,1.805999994277954,1.7879999876022339,1.7699999809265137,1.7480000257492065,1.7280000448226929,1.7079999446868896,1.687999963760376,1.687999963760376,1.6640000343322754,1.6440000534057617,1.5080000162124634,1.5080000162124634,1.5080000162124634,1.4919999837875366,1.4800000190734863,1.468000054359436,inf,inf,1.4320000410079956,1.4320000410079956,1.4320000410079956,1.4320000410079956,1.4320000410079956,1.399999976158142,1.399999976158142,1.399999976158142,...,0.0,0.0,0.0,0.0,0.0,0.0,0.0,0.0,0.0,0.0,0.0,0.0,0.0,0.0,0.0,0.0,0.0,0.0,0.0,0.0,0.0,0.0,0.0,0.0,0.0,0.0,0.0,0.0,0.0,0.0,0.0,0.0,0.0,0.0,0.0,0.0,0.0,0.0,0.0,0.0,0.0,0.0,0.0,0.0,0.0,0.0,0.0,0.0,0.0,0.0,0.0,0.0,0.0,0.0,0.0,0.0,0.0,0.0,0.0,0.0,0.0,0.0,0.0,0.0,0.0,0.0,0.0,0.0,0.0,0.0,0.0,0.0,0.0,0.0,0.0,0.0,0.0,0.0,0.0,0.0,0.0,0.0,0.0,0.0,0.0,0.0,0.0,0.0,0.0,0.0,0.0,0.0,0.0,0.0,0.0,0.0,0.0,0.0,0.0,0.0,0.0,0.0,0.0,0.0,0.0,0.0,0.0,0.0,0.0,0.0,0.0,0.0,0.0,0.0,0.0,0.0,0.0,0.0,0.0,0.0,0.0,0.0,0.0,0.0,0.0,0.0,0.0,0.0,...
1763031628,749479705,laser,-3.1241390705108643,3.1415927410125732,0.0034828970674425364,5.374228931032121e-05,0.09668237715959549,0.15000000596046448,16.0,inf,inf,inf,inf,inf,inf,inf,inf,inf,inf,inf,inf,inf,inf,inf,inf,inf,inf,inf,inf,inf,inf,inf,inf,inf,inf,inf,inf,inf,inf,inf,inf,inf,inf,inf,inf,inf,inf,inf,inf,inf,inf,inf,inf,inf,inf,inf,inf,inf,inf,inf,inf,inf,3.815999984741211,3.815999984741211,3.815999984741211,3.815999984741211,3.815999984741211,3.75600004196167,3.747999906539917,3.740000009536743,3.740000009536743,3.740000009536743,3.74399995803833,3.747999906539917,3.752000093460083,2.884000062942505,2.884000062942505,2.828000068664551,2.828000068664551,2.828000068664551,2.7679998874664307,2.7679998874664307,2.6519999504089355,2.6519999504089355,2.5999999046325684,2.5439999103546143,2.492000102996826,2.440000057220459,2.380000114440918,2.3359999656677246,2.2960000038146973,2.2720000743865967,2.2720000743865967,2.24399995803833,2.196000099182129,2.1559998989105225,2.1080000400543213,2.0840001106262207,2.058000087738037,2.0239999294281006,1.9980000257492065,1.972000002861023,1.9459999799728394,1.9160000085830688,1.9160000085830688,1.8980000019073486,1.8899999856948853,1.8799999952316284,1.8660000562667847,1.8539999723434448,1.8320000171661377,1.809999942779541,1.7879999876022339,1.7879999876022339,1.7640000581741333,1.74399995803833,1.7239999771118164,1.7039999961853027,1.687999963760376,1.6640000343322754,1.6339999437332153,1.5180000066757202,1.5180000066757202,1.50600004196167,1.4900000095367432,1.4759999513626099,1.4759999513626099,inf,inf,inf,inf,inf,1.4079999923706055,1.4079999923706055,1.4079999923706055,1.4079999923706055,1.4079999923706055,...,0.0,0.0,0.0,0.0,0.0,0.0,0.0,0.0,0.0,0.0,0.0,0.0,0.0,0.0,0.0,0.0,0.0,0.0,0.0,0.0,0.0,0.0,0.0,0.0,0.0,0.0,0.0,0.0,0.0,0.0,0.0,0.0,0.0,0.0,0.0,0.0,0.0,0.0,0.0,0.0,0.0,0.0,0.0,0.0,0.0,0.0,0.0,0.0,0.0,0.0,0.0,0.0,0.0,0.0,0.0,0.0,0.0,0.0,0.0,0.0,0.0,0.0,0.0,0.0,0.0,0.0,0.0,0.0,0.0,0.0,0.0,0.0,0.0,0.0,0.0,0.0,0.0,0.0,0.0,0.0,0.0,0.0,0.0,0.0,0.0,0.0,0.0,0.0,0.0,0.0,0.0,0.0,0.0,0.0,0.0,0.0,0.0,0.0,0.0,0.0,0.0,0.0,0.0,0.0,0.0,0.0,0.0,0.0,0.0,0.0,0.0,0.0,0.0,0.0,0.0,0.0,0.0,0.0,0.0,0.0,0.0,0.0,0.0,0.0,0.0,0.0,0.0,0.0,...
1763031628,847860098,laser,-3.1241390705108643,3.1415927410125732,0.0034828970674425364,5.707247328246012e-05,0.10267338156700134,0.15000000596046448,16.0,inf,inf,inf,inf,inf,inf,inf,inf,inf,inf,inf,inf,inf,inf,inf,inf,inf,inf,inf,inf,inf,inf,inf,inf,inf,inf,inf,10.51200008392334,10.51200008392334,10.51200008392334,10.51200008392334,10.51200008392334,inf,inf,inf,inf,inf,inf,inf,inf,inf,inf,inf,inf,inf,inf,inf,inf,inf,inf,inf,inf,3.75600004196167,3.75600004196167,3.75600004196167,3.75600004196167,3.75600004196167,3.7320001125335693,3.7320001125335693,3.7320001125335693,3.7320001125335693,3.7239999771118164,3.740000009536743,3.74399995803833,3.752000093460083,3.752000093460083,2.884000062942505,2.884000062942505,2.884000062942505,2.884000062942505,2.8440001010894775,2.8440001010894775,2.7799999713897705,2.7079999446868896,2.6519999504089355,2.5999999046325684,2.5439999103546143,2.492000102996826,2.440000057220459,2.388000011444092,2.3440001010894775,2.2960000038146973,2.2720000743865967,2.2720000743865967,2.24399995803833,2.196000099182129,2.1559998989105225,2.119999885559082,2.0920000076293945,2.055999994277954,2.0239999294281006,2.007999897003174,1.9900000095367432,1.9639999866485596,1.9639999866485596,1.9500000476837158,1.944000005722046,1.9279999732971191,1.9079999923706055,1.8839999437332153,1.8619999885559082,1.8359999656677246,1.809999942779541,1.809999942779541,1.7879999876022339,1.7640000581741333,1.74399995803833,1.7239999771118164,1.7039999961853027,1.6859999895095825,1.6640000343322754,1.6339999437332153,1.5140000581741333,1.50600004196167,1.50600004196167,1.4900000095367432,1.4900000095367432,1.4800000190734863,inf,inf,inf,inf,1.4119999408721924,1.4119999408721924,1.4119999408721924,1.4119999408721924,1.4119999408721924,1.399999976158142,...,0.0,0.0,0.0,0.0,0.0,0.0,0.0,0.0,0.0,0.0,0.0,0.0,0.0,0.0,0.0,0.0,0.0,47.0,47.0,47.0,47.0,47.0,0.0,0.0,0.0,0.0,0.0,0.0,0.0,0.0,0.0,0.0,0.0,0.0,0.0,0.0,0.0,0.0,0.0,0.0,0.0,0.0,0.0,0.0,0.0,0.0,0.0,0.0,0.0,0.0,0.0,0.0,0.0,0.0,0.0,0.0,0.0,0.0,0.0,0.0,0.0,0.0,0.0,0.0,0.0,0.0,0.0,0.0,0.0,0.0,0.0,0.0,0.0,0.0,0.0,0.0,0.0,0.0,0.0,0.0,0.0,0.0,0.0,0.0,0.0,0.0,0.0,0.0,0.0,0.0,0.0,0.0,0.0,0.0,0.0,0.0,0.0,0.0,0.0,0.0,0.0,0.0,0.0,0.0,0.0,47.0,47.0,47.0,47.0,47.0,0.0,0.0,0.0,0.0,0.0,0.0,0.0,0.0,0.0,0.0,0.0,0.0,0.0,47.0,47.0,47.0,47.0,47.0,...
1763031628,952154799,laser,-3.1241390705108643,3.1415927410125732,0.0034828970674425364,5.373896783567034e-05,0.09667640179395676,0.15000000596046448,16.0,inf,inf,inf,inf,inf,inf,inf,inf,inf,inf,inf,inf,inf,inf,inf,inf,inf,inf,inf,inf,inf,inf,inf,inf,inf,inf,inf,inf,inf,10.51200008392334,10.51200008392334,10.51200008392334,10.51200008392334,10.51200008392334,inf,inf,inf,inf,inf,inf,inf,inf,inf,inf,inf,inf,inf,inf,inf,inf,inf,inf,3.880000114440918,3.880000114440918,3.880000114440918,3.880000114440918,3.880000114440918,3.7880001068115234,3.7880001068115234,3.740000009536743,3.7279999256134033,3.7320001125335693,3.74399995803833,3.74399995803833,3.747999906539917,2.927999973297119,2.927999973297119,2.859999895095825,2.859999895095825,2.859999895095825,2.859999895095825,2.7960000038146973,2.7320001125335693,2.6640000343322754,2.619999885559082,2.568000078201294,2.503999948501587,2.447999954223633,2.4040000438690186,2.368000030517578,2.368000030517578,2.328000068664551,2.2960000038146973,2.180000066757202,2.184000015258789,2.184000015258789,2.131999969482422,2.0999999046325684,2.0759999752044678,2.0460000038146973,2.01200008392334,2.01200008392334,1.9800000190734863,1.9479999542236328,1.9119999408721924,1.8919999599456787,1.8839999437332153,1.871999979019165,1.8619999885559082,1.8519999980926514,1.8519999980926514,1.8320000171661377,1.815999984741211,1.7960000038146973,1.7680000066757202,1.74399995803833,1.7280000448226929,1.7079999446868896,1.687999963760376,1.687999963760376,1.6640000343322754,1.6460000276565552,1.5080000162124634,1.5080000162124634,1.49399995803833,1.49399995803833,1.4819999933242798,1.468000054359436,inf,1.434000015258789,1.434000015258789,1.434000015258789,1.434000015258789,1.434000015258789,1.4019999504089355,1.4019999504089355,1.4019999504089355,1.3839999437332153,...,0.0,0.0,0.0,0.0,0.0,0.0,0.0,0.0,0.0,0.0,0.0,0.0,0.0,0.0,0.0,0.0,0.0,0.0,47.0,47.0,47.0,47.0,47.0,0.0,0.0,0.0,0.0,0.0,0.0,0.0,0.0,0.0,0.0,0.0,0.0,0.0,0.0,0.0,0.0,0.0,0.0,0.0,0.0,0.0,0.0,0.0,0.0,0.0,0.0,0.0,0.0,0.0,0.0,0.0,0.0,0.0,0.0,0.0,0.0,0.0,0.0,0.0,0.0,0.0,0.0,0.0,0.0,0.0,0.0,0.0,0.0,0.0,0.0,0.0,0.0,0.0,0.0,0.0,0.0,0.0,0.0,0.0,0.0,0.0,0.0,0.0,0.0,0.0,0.0,0.0,0.0,0.0,0.0,0.0,0.0,0.0,0.0,0.0,0.0,0.0,0.0,0.0,0.0,0.0,0.0,0.0,0.0,0.0,0.0,0.0,0.0,0.0,0.0,0.0,0.0,0.0,0.0,0.0,0.0,0.0,0.0,0.0,0.0,0.0,0.0,47.0,47.0,47.0,...
1763031629,50282888,laser,-3.1241390705108643,3.1415927410125732,0.0034828970674425364,5.374913234845735e-05,0.0966946929693222,0.15000000596046448,16.0,inf,inf,inf,inf,inf,inf,inf,inf,inf,inf,inf,inf,inf,inf,inf,inf,inf,inf,inf,inf,inf,inf,inf,inf,inf,inf,inf,inf,inf,10.35200023651123,10.35200023651123,10.35200023651123,10.35200023651123,10.35200023651123,inf,inf,inf,inf,inf,inf,inf,inf,inf,inf,inf,inf,inf,inf,inf,inf,inf,3.875999927520752,3.875999927520752,3.875999927520752,3.875999927520752,3.875999927520752,3.7880001068115234,3.7880001068115234,3.7880001068115234,3.740000009536743,3.7320001125335693,3.7360000610351562,3.74399995803833,3.74399995803833,3.747999906539917,3.747999906539917,2.9240000247955322,2.9240000247955322,2.9240000247955322,2.9240000247955322,2.859999895095825,2.7960000038146973,2.7320001125335693,2.6760001182556152,2.628000020980835,2.572000026702881,2.5160000324249268,2.4040000438690186,2.4040000438690186,2.368000030517578,2.368000030517578,2.328000068664551,2.2960000038146973,2.191999912261963,2.191999912261963,2.184000015258789,2.135999917984009,2.0999999046325684,2.072000026702881,2.072000026702881,2.0,2.0,1.965999960899353,1.944000005722046,1.909999966621399,1.8860000371932983,1.8619999885559082,1.8420000076293945,1.8279999494552612,1.8179999589920044,1.8179999589920044,1.812000036239624,1.8020000457763672,1.7899999618530273,1.7719999551773071,1.7480000257492065,1.7280000448226929,1.7079999446868896,1.687999963760376,1.687999963760376,1.6640000343322754,1.6460000276565552,1.5080000162124634,1.4980000257492065,1.4980000257492065,1.4980000257492065,1.4859999418258667,1.468000054359436,1.4320000410079956,1.4320000410079956,1.4320000410079956,1.4320000410079956,1.4320000410079956,1.399999976158142,1.399999976158142,1.399999976158142,1.3860000371932983,1.3860000371932983,...,0.0,0.0,0.0,0.0,0.0,0.0,0.0,0.0,0.0,0.0,0.0,0.0,0.0,0.0,0.0,0.0,0.0,0.0,0.0,0.0,0.0,0.0,0.0,0.0,0.0,0.0,0.0,0.0,0.0,0.0,0.0,0.0,0.0,0.0,0.0,0.0,0.0,0.0,0.0,0.0,0.0,0.0,0.0,0.0,0.0,0.0,0.0,0.0,0.0,0.0,0.0,0.0,0.0,0.0,0.0,0.0,0.0,0.0,0.0,0.0,0.0,0.0,0.0,0.0,0.0,0.0,0.0,0.0,0.0,0.0,0.0,0.0,0.0,0.0,0.0,0.0,0.0,0.0,0.0,0.0,0.0,0.0,0.0,0.0,0.0,0.0,0.0,0.0,0.0,47.0,47.0,47.0,47.0,47.0,0.0,0.0,0.0,0.0,0.0,0.0,0.0,0.0,0.0,0.0,0.0,0.0,0.0,0.0,0.0,0.0,0.0,0.0,0.0,0.0,0.0,0.0,0.0,0.0,0.0,0.0,0.0,0.0,0.0,0.0,47.0,47.0,47.0,47.0,...
1763031629,148505669,laser,-3.1241390705108643,3.1415927410125732,0.0034828970674425364,5.376404806156643e-05,0.09672152251005173,0.15000000596046448,16.0,inf,inf,inf,inf,inf,inf,inf,inf,inf,inf,inf,inf,inf,inf,inf,inf,inf,inf,inf,inf,inf,inf,inf,inf,inf,inf,inf,inf,inf,inf,inf,inf,inf,inf,inf,inf,inf,inf,inf,inf,inf,inf,inf,inf,inf,inf,inf,inf,inf,inf,inf,inf,3.752000093460083,3.752000093460083,3.752000093460083,3.752000093460083,3.752000093460083,3.747999906539917,3.747999906539917,3.747999906539917,3.747999906539917,3.747999906539917,3.7360000610351562,3.74399995803833,3.747999906539917,3.752000093460083,2.880000114440918,2.880000114440918,2.880000114440918,2.880000114440918,2.819999933242798,2.819999933242798,2.747999906539917,2.687999963760376,2.640000104904175,2.5920000076293945,2.5320000648498535,2.4839999675750732,2.440000057220459,2.384000062942505,2.3359999656677246,2.2960000038146973,2.2960000038146973,2.24399995803833,2.2160000801086426,2.196000099182129,2.1480000019073486,2.0999999046325684,2.0799999237060547,2.052000045776367,2.0160000324249268,1.9880000352859497,1.965999960899353,1.965999960899353,1.9479999542236328,1.9359999895095825,1.9320000410079956,1.9179999828338623,1.9040000438690186,1.8819999694824219,1.8559999465942383,1.8339999914169312,1.8339999914169312,1.805999994277954,1.784000039100647,1.7599999904632568,1.7339999675750732,1.7100000381469727,1.694000005722046,1.6740000247955322,1.6519999504089355,1.6519999504089355,1.531999945640564,1.5080000162124634,1.4980000257492065,1.4980000257492065,1.4839999675750732,1.4759999513626099,inf,inf,inf,inf,1.4040000438690186,1.4040000438690186,1.4040000438690186,1.4040000438690186,1.4040000438690186,1.3960000276565552,...,0.0,0.0,0.0,0.0,0.0,0.0,0.0,0.0,0.0,0.0,0.0,0.0,0.0,0.0,0.0,0.0,0.0,0.0,0.0,47.0,47.0,47.0,47.0,47.0,0.0,0.0,0.0,0.0,0.0,0.0,0.0,0.0,0.0,0.0,0.0,0.0,0.0,0.0,0.0,0.0,0.0,0.0,0.0,0.0,0.0,0.0,0.0,0.0,0.0,0.0,0.0,0.0,0.0,0.0,0.0,0.0,0.0,0.0,0.0,0.0,0.0,0.0,0.0,0.0,0.0,0.0,0.0,0.0,0.0,0.0,0.0,0.0,0.0,0.0,0.0,0.0,0.0,0.0,0.0,0.0,0.0,0.0,0.0,0.0,0.0,0.0,0.0,0.0,0.0,0.0,47.0,47.0,47.0,47.0,47.0,0.0,0.0,0.0,0.0,0.0,0.0,0.0,0.0,0.0,0.0,0.0,0.0,0.0,0.0,0.0,0.0,0.0,0.0,0.0,0.0,0.0,0.0,0.0,0.0,0.0,0.0,0.0,0.0,0.0,0.0,0.0,47.0,47.0,...
1763031629,246474645,laser,-3.1241390705108643,3.1415927410125732,0.0034828970674425364,5.3983960242476314e-05,0.09711714088916779,0.15000000596046448,16.0,inf,inf,inf,inf,inf,inf,inf,inf,inf,inf,inf,inf,inf,inf,inf,inf,inf,inf,inf,inf,inf,inf,inf,inf,inf,inf,inf,inf,inf,10.496000289916992,10.496000289916992,10.496000289916992,10.496000289916992,10.496000289916992,inf,inf,inf,inf,inf,inf,inf,inf,inf,inf,inf,inf,inf,inf,inf,inf,inf,inf,inf,3.859999895095825,3.859999895095825,3.859999895095825,3.859999895095825,3.859999895095825,3.7760000228881836,3.740000009536743,3.7320001125335693,3.740000009536743,3.747999906539917,3.747999906539917,3.74399995803833,3.747999906539917,2.8959999084472656,2.8959999084472656,2.8519999980926514,2.8519999980926514,2.8519999980926514,2.799999952316284,2.7279999256134033,2.6600000858306885,2.615999937057495,2.568000078201294,2.568000078201294,2.5,2.444000005722046,2.3959999084472656,2.3559999465942383,2.2760000228881836,2.2760000228881836,2.191999912261963,2.1679999828338623,2.1679999828338623,2.131999969482422,2.131999969482422,2.0959999561309814,2.068000078201294,2.0439999103546143,2.0139999389648438,1.99399995803833,1.9780000448226929,1.9639999866485596,1.9479999542236328,1.9479999542236328,1.9299999475479126,1.9119999408721924,1.8899999856948853,1.8660000562667847,1.840000033378601,1.8179999589920044,1.7899999618530273,1.7640000581741333,1.7640000581741333,1.7280000448226929,1.7280000448226929,1.7059999704360962,1.6859999895095825,1.6640000343322754,1.6399999856948853,1.5180000066757202,1.5180000066757202,1.50600004196167,1.4900000095367432,1.4800000190734863,1.4620000123977661,1.4620000123977661,1.4259999990463257,1.4259999990463257,1.4259999990463257,1.4259999990463257,1.4259999990463257,1.399999976158142,1.399999976158142,1.399999976158142,1.399999976158142,...,0.0,0.0,0.0,0.0,0.0,0.0,0.0,0.0,0.0,0.0,0.0,0.0,0.0,0.0,0.0,0.0,0.0,0.0,47.0,47.0,47.0,47.0,47.0,0.0,0.0,0.0,0.0,0.0,0.0,0.0,0.0,0.0,0.0,0.0,0.0,0.0,0.0,0.0,0.0,0.0,0.0,0.0,0.0,0.0,0.0,0.0,0.0,0.0,0.0,0.0,0.0,0.0,0.0,0.0,0.0,0.0,0.0,0.0,0.0,0.0,0.0,0.0,0.0,0.0,0.0,0.0,0.0,0.0,0.0,0.0,0.0,0.0,0.0,0.0,0.0,0.0,0.0,0.0,0.0,0.0,0.0,0.0,0.0,0.0,0.0,0.0,0.0,0.0,0.0,0.0,0.0,0.0,0.0,0.0,0.0,0.0,0.0,0.0,0.0,0.0,0.0,0.0,0.0,0.0,0.0,0.0,0.0,0.0,0.0,0.0,0.0,0.0,0.0,0.0,0.0,0.0,0.0,0.0,0.0,0.0,0.0,0.0,0.0,0.0,0.0,0.0,0.0,0.0,...
1763031629,345281257,laser,-3.1241390705108643,3.1415927410125732,0.0034828970674425364,5.70188021811191e-05,0.10257682204246521,0.15000000596046448,16.0,inf,inf,inf,inf,inf,inf,inf,inf,inf,inf,inf,inf,inf,inf,inf,inf,inf,inf,inf,inf,inf,inf,inf,inf,inf,inf,10.527999877929688,10.527999877929688,10.527999877929688,10.527999877929688,10.527999877929688,inf,inf,inf,inf,inf,inf,inf,inf,inf,inf,inf,inf,inf,inf,inf,inf,inf,inf,inf,inf,3.868000030517578,3.868000030517578,3.868000030517578,3.868000030517578,3.868000030517578,3.7760000228881836,3.7760000228881836,3.7760000228881836,3.740000009536743,3.7320001125335693,3.740000009536743,3.74399995803833,3.74399995803833,3.747999906539917,3.747999906539917,3.747999906539917,2.9000000953674316,2.9000000953674316,2.8519999980926514,2.8519999980926514,2.799999952316284,2.7239999771118164,2.6600000858306885,2.615999937057495,2.615999937057495,2.568000078201294,2.51200008392334,2.4600000381469727,2.4079999923706055,2.368000030517578,2.319999933242798,2.2880001068115234,2.171999931335449,2.171999931335449,2.1679999828338623,2.131999969482422,2.131999969482422,2.0999999046325684,2.072000026702881,2.0399999618530273,2.002000093460083,1.972000002861023,1.944000005722046,1.9079999923706055,1.8799999952316284,1.8619999885559082,1.8420000076293945,1.8420000076293945,1.8240000009536743,1.8200000524520874,1.812000036239624,1.8040000200271606,1.7899999618530273,1.7640000581741333,1.7640000581741333,1.7280000448226929,1.7280000448226929,1.7059999704360962,1.6859999895095825,1.6640000343322754,1.6440000534057617,1.5260000228881836,1.5260000228881836,1.5080000162124634,1.4919999837875366,1.4780000448226929,1.4639999866485596,1.4639999866485596,inf,1.437999963760376,1.437999963760376,1.437999963760376,1.437999963760376,1.437999963760376,1.4140000343322754,1.4140000343322754,1.4140000343322754,...,0.0,0.0,0.0,0.0,0.0,0.0,0.0,0.0,0.0,0.0,0.0,0.0,0.0,0.0,0.0,0.0,0.0,0.0,0.0,0.0,0.0,0.0,0.0,0.0,0.0,0.0,0.0,0.0,0.0,0.0,0.0,0.0,0.0,0.0,0.0,0.0,0.0,0.0,0.0,0.0,0.0,0.0,0.0,0.0,0.0,0.0,0.0,0.0,0.0,0.0,0.0,0.0,0.0,0.0,0.0,0.0,0.0,0.0,0.0,0.0,0.0,0.0,0.0,0.0,0.0,0.0,0.0,0.0,0.0,0.0,0.0,47.0,47.0,47.0,47.0,47.0,0.0,0.0,0.0,0.0,0.0,0.0,0.0,0.0,0.0,0.0,0.0,0.0,0.0,0.0,0.0,0.0,0.0,0.0,0.0,0.0,0.0,0.0,0.0,0.0,0.0,0.0,0.0,0.0,0.0,0.0,0.0,0.0,0.0,0.0,0.0,0.0,0.0,0.0,0.0,0.0,0.0,0.0,0.0,0.0,0.0,0.0,0.0,0.0,0.0,0.0,0.0,0.0,...
1763031629,449188959,laser,-3.1241390705108643,3.1415927410125732,0.0034828970674425364,5.3890606068307534e-05,0.09694919735193253,0.15000000596046448,16.0,inf,inf,inf,inf,inf,inf,inf,inf,inf,inf,inf,inf,inf,inf,inf,inf,inf,inf,inf,inf,inf,inf,inf,inf,inf,inf,inf,inf,inf,inf,inf,inf,inf,inf,inf,inf,inf,inf,inf,inf,inf,inf,inf,inf,inf,inf,inf,inf,inf,inf,inf,inf,3.815999984741211,3.815999984741211,3.815999984741211,3.815999984741211,3.815999984741211,3.752000093460083,3.752000093460083,3.752000093460083,3.747999906539917,3.740000009536743,3.740000009536743,3.74399995803833,3.747999906539917,3.752000093460083,2.884000062942505,2.884000062942505,2.884000062942505,2.884000062942505,2.8320000171661377,2.7679998874664307,2.700000047683716,2.6440000534057617,2.6040000915527344,2.6040000915527344,2.552000045776367,2.496000051498413,2.444000005722046,2.3919999599456787,2.3480000495910645,2.299999952316284,2.2679998874664307,2.240000009536743,2.240000009536743,2.1679999828338623,2.1679999828338623,2.128000020980835,2.0920000076293945,2.052000045776367,2.0160000324249268,1.9880000352859497,1.9559999704360962,1.9279999732971191,1.9040000438690186,1.9040000438690186,1.8639999628067017,1.8639999628067017,1.8519999980926514,1.840000033378601,1.8380000591278076,1.8179999589920044,1.8020000457763672,1.7860000133514404,1.7860000133514404,1.7640000581741333,1.7400000095367432,1.718000054359436,1.6979999542236328,1.6799999475479126,1.6619999408721924,1.6299999952316284,1.5160000324249268,1.5,1.5,1.4900000095367432,1.4900000095367432,1.4759999513626099,inf,inf,inf,inf,1.3960000276565552,1.3960000276565552,1.3960000276565552,1.3960000276565552,1.3960000276565552,1.3819999694824219,...,0.0,0.0,0.0,0.0,0.0,0.0,0.0,0.0,0.0,0.0,0.0,0.0,0.0,0.0,0.0,0.0,0.0,0.0,0.0,0.0,0.0,0.0,0.0,0.0,0.0,0.0,0.0,0.0,0.0,0.0,0.0,0.0,0.0,0.0,0.0,0.0,0.0,0.0,0.0,0.0,0.0,0.0,0.0,0.0,0.0,0.0,0.0,0.0,0.0,0.0,0.0,0.0,0.0,0.0,0.0,0.0,0.0,0.0,0.0,0.0,0.0,0.0,0.0,0.0,0.0,0.0,0.0,0.0,0.0,0.0,0.0,0.0,0.0,0.0,0.0,0.0,0.0,0.0,0.0,0.0,0.0,0.0,0.0,0.0,0.0,0.0,0.0,0.0,0.0,0.0,0.0,47.0,47.0,47.0,47.0,47.0,0.0,0.0,0.0,0.0,0.0,0.0,0.0,0.0,0.0,0.0,0.0,0.0,0.0,0.0,0.0,0.0,0.0,0.0,0.0,0.0,0.0,0.0,0.0,0.0,0.0,0.0,0.0,47.0,47.0,47.0,47.0,47.0,...
1763031629,547375294,laser,-3.1241390705108643,3.1415927410125732,0.0034828970674425364,5.394258914748207e-05,0.09704271703958511,0.15000000596046448,16.0,inf,inf,inf,inf,inf,inf,inf,inf,inf,inf,inf,inf,inf,inf,inf,inf,inf,inf,inf,inf,inf,inf,inf,inf,inf,inf,inf,inf,inf,10.527999877929688,10.527999877929688,10.527999877929688,10.527999877929688,10.527999877929688,inf,inf,inf,inf,inf,inf,inf,inf,inf,inf,inf,inf,inf,inf,inf,inf,inf,inf,inf,3.747999906539917,3.747999906539917,3.747999906539917,3.747999906539917,3.747999906539917,3.747999906539917,3.747999906539917,3.747999906539917,3.747999906539917,3.740000009536743,3.74399995803833,3.747999906539917,3.752000093460083,2.888000011444092,2.888000011444092,2.828000068664551,2.828000068664551,2.828000068664551,2.7639999389648438,2.7639999389648438,2.6440000534057617,2.6440000534057617,2.5920000076293945,2.5360000133514404,2.492000102996826,2.440000057220459,2.384000062942505,2.3399999141693115,2.2960000038146973,2.25600004196167,2.2320001125335693,2.200000047683716,2.200000047683716,2.1559998989105225,2.115999937057495,2.0920000076293945,2.053999900817871,2.0199999809265137,2.003999948501587,1.9880000352859497,1.972000002861023,1.9579999446868896,1.9579999446868896,1.9459999799728394,1.9320000410079956,1.909999966621399,1.8839999437332153,1.8580000400543213,1.8339999914169312,1.8079999685287476,1.8079999685287476,1.7860000133514404,1.7619999647140503,1.7400000095367432,1.718000054359436,1.6979999542236328,1.6779999732971191,1.6579999923706055,1.5379999876022339,1.5379999876022339,1.5099999904632568,1.5019999742507935,1.5019999742507935,1.4880000352859497,1.4759999513626099,inf,inf,inf,inf,inf,1.4040000438690186,1.4040000438690186,1.4040000438690186,1.4040000438690186,1.4040000438690186,...,0.0,0.0,0.0,0.0,0.0,0.0,0.0,0.0,0.0,0.0,0.0,0.0,0.0,0.0,0.0,0.0,0.0,0.0,0.0,0.0,0.0,0.0,0.0,0.0,0.0,0.0,0.0,0.0,0.0,0.0,0.0,0.0,0.0,0.0,0.0,0.0,0.0,0.0,0.0,0.0,0.0,0.0,0.0,0.0,0.0,0.0,0.0,0.0,0.0,0.0,0.0,0.0,0.0,0.0,0.0,0.0,0.0,0.0,0.0,0.0,0.0,0.0,0.0,0.0,0.0,0.0,0.0,0.0,0.0,0.0,0.0,0.0,0.0,0.0,0.0,0.0,0.0,0.0,0.0,0.0,0.0,0.0,0.0,0.0,0.0,0.0,0.0,0.0,0.0,0.0,0.0,0.0,0.0,0.0,0.0,0.0,0.0,0.0,0.0,0.0,0.0,0.0,0.0,0.0,0.0,0.0,0.0,0.0,0.0,0.0,0.0,0.0,0.0,0.0,0.0,0.0,0.0,0.0,0.0,0.0,0.0,0.0,0.0,0.0,0.0,0.0,0.0,0.0,...
1763031629,646204169,laser,-3.1241390705108643,3.1415927410125732,0.0034828970674425364,5.363222589949146e-05,0.09648437798023224,0.15000000596046448,16.0,inf,inf,inf,inf,inf,inf,inf,inf,inf,inf,inf,inf,inf,inf,inf,inf,inf,inf,inf,inf,inf,inf,inf,inf,inf,inf,10.520000457763672,10.520000457763672,10.520000457763672,10.520000457763672,10.520000457763672,inf,inf,inf,inf,inf,inf,inf,inf,inf,inf,inf,inf,inf,inf,inf,inf,inf,inf,inf,inf,3.9839999675750732,3.9839999675750732,3.9839999675750732,3.9839999675750732,3.9839999675750732,3.880000114440918,3.7880001068115234,3.7880001068115234,3.740000009536743,3.747999906539917,3.752000093460083,3.74399995803833,3.74399995803833,3.747999906539917,3.747999906539917,2.940000057220459,2.940000057220459,2.940000057220459,2.940000057220459,2.868000030517578,2.7960000038146973,2.7320001125335693,2.6640000343322754,2.615999937057495,2.5759999752044678,2.5199999809265137,2.4719998836517334,2.4719998836517334,2.371999979019165,2.371999979019165,2.319999933242798,2.2880001068115234,2.187999963760376,2.187999963760376,2.184000015258789,2.131999969482422,2.1080000400543213,2.0840001106262207,2.0840001106262207,2.0199999809265137,2.0199999809265137,1.9919999837875366,1.9600000381469727,1.934000015258789,1.9199999570846558,1.9160000085830688,1.9040000438690186,1.8880000114440918,1.8700000047683716,1.8700000047683716,1.843999981880188,1.8240000009536743,1.7999999523162842,1.7740000486373901,1.75,1.7300000190734863,1.7079999446868896,1.687999963760376,1.6640000343322754,1.6640000343322754,1.6460000276565552,1.5080000162124634,1.5080000162124634,1.5080000162124634,1.4980000257492065,1.4839999675750732,inf,inf,inf,inf,1.4019999504089355,1.4019999504089355,1.4019999504089355,1.4019999504089355,1.4019999504089355,1.3860000371932983,1.3860000371932983,...,0.0,0.0,0.0,0.0,0.0,0.0,0.0,0.0,0.0,0.0,0.0,0.0,0.0,0.0,0.0,0.0,0.0,47.0,47.0,47.0,47.0,47.0,0.0,0.0,0.0,0.0,0.0,0.0,0.0,0.0,0.0,0.0,0.0,0.0,0.0,0.0,0.0,0.0,0.0,0.0,0.0,0.0,0.0,0.0,0.0,0.0,0.0,0.0,0.0,0.0,0.0,0.0,0.0,0.0,0.0,0.0,0.0,0.0,0.0,0.0,0.0,0.0,0.0,0.0,0.0,0.0,0.0,0.0,0.0,0.0,0.0,0.0,0.0,0.0,0.0,0.0,0.0,0.0,0.0,0.0,0.0,0.0,0.0,0.0,0.0,0.0,0.0,0.0,0.0,0.0,0.0,0.0,0.0,0.0,0.0,0.0,0.0,0.0,0.0,0.0,0.0,0.0,0.0,0.0,0.0,0.0,0.0,0.0,0.0,0.0,0.0,0.0,0.0,0.0,0.0,0.0,0.0,0.0,0.0,0.0,0.0,0.0,0.0,0.0,0.0,0.0,0.0,0.0,...
1763031629,744493906,laser,-3.1241390705108643,3.1415927410125732,0.0034828970674425364,5.360111754271202e-05,0.09642840921878815,0.15000000596046448,16.0,inf,inf,inf,inf,inf,inf,inf,inf,inf,inf,inf,inf,inf,inf,inf,inf,inf,inf,inf,inf,inf,inf,inf,inf,inf,inf,inf,inf,10.368000030517578,10.368000030517578,10.368000030517578,10.368000030517578,10.368000030517578,inf,inf,inf,inf,inf,inf,inf,inf,inf,inf,inf,inf,inf,inf,inf,inf,inf,inf,inf,inf,3.7880001068115234,3.7880001068115234,3.7880001068115234,3.7880001068115234,3.7880001068115234,3.740000009536743,3.740000009536743,3.74399995803833,3.752000093460083,3.74399995803833,3.74399995803833,3.747999906539917,3.747999906539917,2.931999921798706,2.864000082015991,2.864000082015991,2.864000082015991,2.864000082015991,2.7960000038146973,2.7320001125335693,2.6640000343322754,2.615999937057495,2.572000026702881,2.5199999809265137,2.5199999809265137,2.3959999084472656,2.3959999084472656,2.359999895095825,2.319999933242798,2.2920000553131104,2.184000015258789,2.184000015258789,2.184000015258789,2.135999917984009,2.1080000400543213,2.1080000400543213,2.0799999237060547,2.0380001068115234,1.996000051498413,1.968000054359436,1.9420000314712524,1.906000018119812,1.8819999694824219,1.8680000305175781,1.8459999561309814,1.8259999752044678,1.8259999752044678,1.8200000524520874,1.812000036239624,1.8040000200271606,1.7879999876022339,1.7660000324249268,1.746000051498413,1.7280000448226929,1.7079999446868896,1.7079999446868896,1.687999963760376,1.6660000085830688,1.6460000276565552,1.503999948501587,1.503999948501587,1.4919999837875366,1.4919999837875366,1.4800000190734863,1.468000054359436,inf,inf,inf,inf,1.399999976158142,1.399999976158142,1.399999976158142,1.399999976158142,1.399999976158142,1.3860000371932983,...,0.0,0.0,0.0,0.0,0.0,0.0,0.0,0.0,0.0,0.0,0.0,0.0,0.0,0.0,0.0,0.0,0.0,0.0,0.0,47.0,47.0,47.0,47.0,47.0,0.0,0.0,0.0,0.0,0.0,0.0,0.0,0.0,0.0,0.0,0.0,0.0,0.0,0.0,0.0,0.0,0.0,0.0,0.0,0.0,0.0,0.0,0.0,0.0,0.0,0.0,0.0,0.0,0.0,0.0,0.0,0.0,0.0,0.0,0.0,0.0,0.0,0.0,0.0,0.0,0.0,0.0,0.0,0.0,0.0,0.0,0.0,0.0,0.0,0.0,0.0,0.0,0.0,0.0,0.0,0.0,0.0,0.0,0.0,0.0,0.0,0.0,0.0,0.0,0.0,0.0,47.0,47.0,47.0,47.0,47.0,0.0,0.0,0.0,0.0,0.0,0.0,0.0,0.0,0.0,0.0,0.0,0.0,0.0,0.0,0.0,0.0,0.0,0.0,0.0,0.0,0.0,0.0,0.0,0.0,0.0,0.0,0.0,0.0,0.0,0.0,0.0,0.0,0.0,...
1763031629,842694430,laser,-3.1241390705108643,3.1415927410125732,0.0034828970674425364,5.70899028389249e-05,0.1027047336101532,0.15000000596046448,16.0,inf,inf,inf,inf,inf,inf,inf,inf,inf,inf,inf,inf,inf,inf,inf,inf,inf,inf,inf,inf,inf,inf,inf,inf,inf,inf,inf,inf,inf,10.319999694824219,10.319999694824219,10.319999694824219,10.319999694824219,10.319999694824219,inf,inf,inf,inf,inf,inf,inf,inf,inf,inf,inf,inf,inf,inf,inf,inf,inf,3.803999900817871,3.803999900817871,3.803999900817871,3.803999900817871,3.803999900817871,3.752000093460083,3.752000093460083,3.752000093460083,3.747999906539917,3.747999906539917,3.74399995803833,3.7360000610351562,3.74399995803833,3.747999906539917,3.752000093460083,2.884000062942505,2.884000062942505,2.884000062942505,2.8239998817443848,2.8239998817443848,2.8239998817443848,2.75600004196167,2.696000099182129,2.6440000534057617,2.5999999046325684,2.5480000972747803,2.496000051498413,2.444000005722046,2.384000062942505,2.3359999656677246,2.3359999656677246,2.2960000038146973,2.25600004196167,2.2239999771118164,2.196000099182129,2.1559998989105225,2.111999988555908,2.0880000591278076,2.052000045776367,2.01200008392334,1.9859999418258667,1.9620000123977661,1.9620000123977661,1.9320000410079956,1.9040000438690186,1.8819999694824219,1.8680000305175781,1.8600000143051147,1.8459999561309814,1.8380000591278076,1.8220000267028809,1.8220000267028809,1.8020000457763672,1.7860000133514404,1.7619999647140503,1.7359999418258667,1.7139999866485596,1.6979999542236328,1.6779999732971191,1.6579999923706055,1.6579999923706055,1.5080000162124634,1.5080000162124634,1.5080000162124634,1.5,1.4859999418258667,1.4759999513626099,inf,inf,inf,1.4040000438690186,1.4040000438690186,1.4040000438690186,1.4040000438690186,1.4040000438690186,1.3940000534057617,1.3940000534057617,...,0.0,0.0,0.0,0.0,0.0,0.0,0.0,0.0,0.0,0.0,0.0,0.0,0.0,0.0,0.0,0.0,0.0,0.0,0.0,0.0,0.0,0.0,0.0,0.0,0.0,0.0,0.0,0.0,0.0,0.0,0.0,0.0,0.0,0.0,0.0,0.0,0.0,0.0,0.0,0.0,0.0,0.0,0.0,0.0,0.0,0.0,0.0,0.0,0.0,0.0,0.0,0.0,0.0,0.0,0.0,0.0,0.0,0.0,0.0,0.0,0.0,0.0,0.0,0.0,0.0,0.0,0.0,0.0,0.0,0.0,0.0,0.0,0.0,0.0,0.0,0.0,0.0,0.0,0.0,0.0,0.0,0.0,0.0,0.0,0.0,0.0,0.0,0.0,0.0,47.0,47.0,47.0,47.0,47.0,0.0,0.0,0.0,0.0,0.0,0.0,0.0,0.0,0.0,0.0,0.0,0.0,0.0,0.0,0.0,0.0,0.0,0.0,0.0,0.0,0.0,0.0,0.0,0.0,0.0,0.0,0.0,0.0,0.0,0.0,47.0,47.0,47.0,47.0,...
1763031629,947176825,laser,-3.1241390705108643,3.1415927410125732,0.0034828970674425364,5.3615982324117795e-05,0.0964551568031311,0.15000000596046448,16.0,inf,inf,inf,inf,inf,inf,inf,inf,inf,inf,inf,inf,inf,inf,inf,inf,inf,inf,inf,inf,inf,inf,inf,inf,inf,inf,inf,inf,10.51200008392334,10.51200008392334,10.51200008392334,10.51200008392334,10.51200008392334,inf,inf,inf,inf,inf,inf,inf,inf,inf,inf,inf,inf,inf,inf,inf,inf,inf,inf,3.803999900817871,3.803999900817871,3.803999900817871,3.803999900817871,3.803999900817871,3.747999906539917,3.747999906539917,3.747999906539917,3.74399995803833,3.74399995803833,3.74399995803833,3.740000009536743,3.74399995803833,3.747999906539917,3.752000093460083,2.884000062942505,2.884000062942505,2.884000062942505,2.8239998817443848,2.8239998817443848,2.75600004196167,2.75600004196167,2.6440000534057617,2.6440000534057617,2.5959999561309814,2.5360000133514404,2.4800000190734863,2.436000108718872,2.380000114440918,2.3359999656677246,2.2960000038146973,2.24399995803833,2.24399995803833,2.196000099182129,2.196000099182129,2.1480000019073486,2.1080000400543213,2.0840001106262207,2.052000045776367,2.0160000324249268,1.9880000352859497,1.972000002861023,1.9600000381469727,1.9600000381469727,1.9479999542236328,1.937999963760376,1.9240000247955322,1.9040000438690186,1.878000020980835,1.8559999465942383,1.8320000171661377,1.8079999685287476,1.8079999685287476,1.784000039100647,1.7619999647140503,1.7359999418258667,1.7139999866485596,1.6979999542236328,1.6759999990463257,1.656000018119812,1.5080000162124634,1.5,1.5,1.5,1.5,1.4859999418258667,1.4759999513626099,inf,inf,inf,1.4040000438690186,1.4040000438690186,1.4040000438690186,1.4040000438690186,1.4040000438690186,1.3940000534057617,1.3940000534057617,...,0.0,0.0,0.0,0.0,0.0,0.0,0.0,0.0,0.0,0.0,0.0,0.0,0.0,0.0,0.0,0.0,0.0,0.0,0.0,47.0,47.0,47.0,47.0,47.0,0.0,0.0,0.0,0.0,0.0,0.0,0.0,0.0,0.0,0.0,0.0,0.0,0.0,0.0,0.0,0.0,0.0,0.0,0.0,0.0,0.0,0.0,0.0,0.0,0.0,0.0,0.0,0.0,0.0,0.0,0.0,0.0,0.0,0.0,0.0,0.0,0.0,0.0,0.0,0.0,0.0,0.0,0.0,0.0,0.0,0.0,0.0,0.0,0.0,0.0,0.0,0.0,0.0,0.0,0.0,0.0,0.0,0.0,0.0,0.0,0.0,0.0,0.0,0.0,0.0,0.0,0.0,0.0,0.0,0.0,0.0,0.0,0.0,0.0,0.0,0.0,0.0,0.0,0.0,0.0,0.0,0.0,0.0,0.0,0.0,0.0,0.0,0.0,0.0,0.0,0.0,0.0,0.0,0.0,0.0,0.0,0.0,0.0,0.0,0.0,0.0,0.0,0.0,0.0,...
1763031630,45176893,laser,-3.1241390705108643,3.1415927410125732,0.0034828970674425364,5.374196553020738e-05,0.09668179601430893,0.15000000596046448,16.0,inf,inf,inf,inf,inf,inf,inf,inf,inf,inf,inf,inf,inf,inf,inf,inf,inf,inf,inf,inf,inf,inf,inf,inf,inf,inf,inf,inf,inf,inf,inf,inf,inf,inf,inf,inf,inf,inf,inf,inf,inf,inf,inf,inf,inf,inf,inf,inf,inf,inf,inf,inf,inf,3.875999927520752,3.875999927520752,3.875999927520752,3.875999927520752,3.875999927520752,3.7839999198913574,3.740000009536743,3.7320001125335693,3.740000009536743,3.74399995803833,3.74399995803833,3.747999906539917,3.747999906539917,3.747999906539917,2.864000082015991,2.864000082015991,2.864000082015991,2.864000082015991,2.7920000553131104,2.7239999771118164,2.6559998989105225,2.615999937057495,2.563999891281128,2.51200008392334,2.51200008392334,2.4679999351501465,2.4119999408721924,2.368000030517578,2.315999984741211,2.2920000553131104,2.180000066757202,2.180000066757202,2.180000066757202,2.135999917984009,2.1080000400543213,2.0759999752044678,2.0759999752044678,2.0380001068115234,2.00600004196167,1.9839999675750732,1.9520000219345093,1.9160000085830688,1.8960000276565552,1.8860000371932983,1.8760000467300415,1.8660000562667847,1.8539999723434448,1.8539999723434448,1.8359999656677246,1.8179999589920044,1.7960000038146973,1.7719999551773071,1.75,1.7300000190734863,1.7100000381469727,1.687999963760376,1.687999963760376,1.6660000085830688,1.6440000534057617,1.503999948501587,1.503999948501587,1.4919999837875366,1.4919999837875366,1.4800000190734863,1.468000054359436,inf,1.4320000410079956,1.4320000410079956,1.4320000410079956,1.4320000410079956,1.4320000410079956,1.399999976158142,1.399999976158142,1.399999976158142,1.3860000371932983,...,0.0,0.0,0.0,0.0,0.0,0.0,0.0,0.0,0.0,0.0,0.0,0.0,0.0,0.0,0.0,0.0,47.0,47.0,47.0,47.0,47.0,0.0,0.0,0.0,0.0,0.0,0.0,0.0,0.0,0.0,0.0,0.0,0.0,0.0,0.0,0.0,0.0,0.0,0.0,0.0,0.0,0.0,0.0,0.0,0.0,0.0,0.0,0.0,0.0,0.0,0.0,0.0,0.0,0.0,0.0,0.0,0.0,0.0,0.0,0.0,0.0,0.0,0.0,0.0,0.0,0.0,0.0,0.0,0.0,0.0,0.0,0.0,0.0,0.0,0.0,0.0,0.0,0.0,0.0,0.0,0.0,0.0,0.0,0.0,0.0,0.0,0.0,0.0,0.0,0.0,47.0,47.0,47.0,47.0,47.0,0.0,0.0,0.0,0.0,0.0,0.0,0.0,0.0,0.0,0.0,0.0,0.0,0.0,0.0,0.0,0.0,0.0,0.0,0.0,0.0,0.0,0.0,0.0,0.0,0.0,0.0,0.0,0.0,0.0,0.0,0.0,47.0,47.0,...
1763031630,143180427,laser,-3.1241390705108643,3.1415927410125732,0.0034828970674425364,5.39103893970605e-05,0.09698478877544403,0.15000000596046448,16.0,inf,inf,inf,inf,inf,inf,inf,inf,inf,inf,inf,inf,inf,inf,inf,inf,inf,inf,inf,inf,inf,inf,inf,inf,inf,inf,10.5600004196167,10.5600004196167,10.5600004196167,10.5600004196167,10.5600004196167,inf,inf,inf,inf,inf,inf,inf,inf,inf,inf,inf,inf,inf,inf,inf,inf,inf,inf,inf,inf,inf,inf,3.759999990463257,3.759999990463257,3.759999990463257,3.759999990463257,3.759999990463257,3.74399995803833,3.74399995803833,3.740000009536743,3.740000009536743,3.74399995803833,3.74399995803833,3.747999906539917,3.752000093460083,2.8919999599456787,2.8919999599456787,2.8399999141693115,2.8399999141693115,2.8399999141693115,2.7920000553131104,2.6480000019073486,2.6480000019073486,2.615999937057495,2.563999891281128,2.563999891281128,2.496000051498413,2.440000057220459,2.384000062942505,2.3399999141693115,2.308000087738037,2.2920000553131104,2.1760001182556152,2.1640000343322754,2.1640000343322754,2.131999969482422,2.131999969482422,2.1040000915527344,2.0739998817443848,2.0360000133514404,2.0,1.9739999771118164,1.9479999542236328,1.9119999408721924,1.8860000371932983,1.8760000467300415,1.8639999628067017,1.8519999980926514,1.8519999980926514,1.8480000495910645,1.8339999914169312,1.815999984741211,1.7920000553131104,1.7680000066757202,1.7480000257492065,1.7280000448226929,1.7079999446868896,1.7079999446868896,1.687999963760376,1.6660000085830688,1.6440000534057617,1.5140000581741333,1.5140000581741333,1.503999948501587,1.4919999837875366,1.4800000190734863,1.468000054359436,inf,inf,inf,inf,1.399999976158142,1.399999976158142,1.399999976158142,1.399999976158142,1.399999976158142,1.3839999437332153,...,0.0,0.0,0.0,0.0,0.0,0.0,0.0,0.0,0.0,0.0,0.0,0.0,0.0,0.0,0.0,0.0,0.0,47.0,47.0,47.0,47.0,47.0,0.0,0.0,0.0,0.0,0.0,0.0,0.0,0.0,0.0,0.0,0.0,0.0,0.0,0.0,0.0,0.0,0.0,0.0,0.0,0.0,0.0,0.0,0.0,0.0,0.0,0.0,0.0,0.0,0.0,0.0,0.0,0.0,0.0,0.0,0.0,0.0,0.0,0.0,0.0,0.0,0.0,0.0,0.0,0.0,0.0,0.0,0.0,0.0,0.0,0.0,0.0,0.0,0.0,0.0,0.0,0.0,0.0,0.0,0.0,0.0,0.0,0.0,0.0,0.0,0.0,0.0,0.0,0.0,0.0,0.0,0.0,0.0,0.0,0.0,0.0,0.0,0.0,0.0,0.0,0.0,0.0,0.0,0.0,0.0,0.0,0.0,0.0,0.0,0.0,0.0,0.0,0.0,0.0,0.0,0.0,0.0,0.0,0.0,0.0,0.0,0.0,0.0,0.0,0.0,0.0,0.0,...
1763031630,241803200,laser,-3.1241390705108643,3.1415927410125732,0.0034828970674425364,5.705948206014e-05,0.10265000909566879,0.15000000596046448,16.0,inf,inf,inf,inf,inf,inf,inf,inf,inf,inf,inf,inf,inf,inf,inf,inf,inf,inf,inf,inf,inf,inf,inf,inf,inf,inf,10.472000122070312,10.472000122070312,10.472000122070312,10.472000122070312,10.472000122070312,inf,inf,inf,inf,inf,inf,inf,inf,inf,inf,inf,inf,inf,inf,inf,inf,inf,inf,inf,inf,inf,3.75600004196167,3.75600004196167,3.75600004196167,3.75600004196167,3.75600004196167,3.74399995803833,3.74399995803833,3.74399995803833,3.7360000610351562,3.7360000610351562,3.7360000610351562,3.74399995803833,3.747999906539917,3.752000093460083,2.880000114440918,2.880000114440918,2.880000114440918,2.880000114440918,2.8320000171661377,2.7760000228881836,2.7760000228881836,2.611999988555908,2.611999988555908,2.611999988555908,2.4839999675750732,2.440000057220459,2.440000057220459,2.388000011444092,2.3440001010894775,2.303999900817871,2.2880001068115234,2.196000099182129,2.196000099182129,2.196000099182129,2.1640000343322754,2.124000072479248,2.0959999561309814,2.0220000743865967,2.003999948501587,2.003999948501587,1.9800000190734863,1.9539999961853027,1.9299999475479126,1.9299999475479126,1.9160000085830688,1.909999966621399,1.8980000019073486,1.8799999952316284,1.8600000143051147,1.8359999656677246,1.815999984741211,1.7940000295639038,1.7699999809265137,1.7699999809265137,1.7480000257492065,1.7280000448226929,1.7079999446868896,1.687999963760376,1.6660000085830688,1.6419999599456787,1.5160000324249268,1.503999948501587,1.503999948501587,1.496000051498413,1.4839999675750732,1.4839999675750732,1.465999960899353,1.434000015258789,1.434000015258789,1.434000015258789,1.434000015258789,1.409999966621399,1.409999966621399,1.409999966621399,1.3980000019073486,1.3980000019073486,...,0.0,0.0,0.0,0.0,0.0,0.0,0.0,0.0,0.0,0.0,0.0,0.0,0.0,0.0,0.0,0.0,0.0,47.0,47.0,47.0,47.0,47.0,0.0,0.0,0.0,0.0,0.0,0.0,0.0,0.0,0.0,0.0,0.0,0.0,0.0,0.0,0.0,0.0,0.0,0.0,0.0,0.0,0.0,0.0,0.0,0.0,0.0,0.0,0.0,0.0,0.0,0.0,0.0,0.0,0.0,0.0,0.0,0.0,0.0,0.0,0.0,0.0,0.0,0.0,0.0,0.0,0.0,0.0,0.0,0.0,0.0,0.0,0.0,0.0,0.0,0.0,0.0,0.0,0.0,0.0,0.0,0.0,0.0,0.0,0.0,0.0,0.0,0.0,0.0,0.0,0.0,0.0,0.0,0.0,0.0,0.0,0.0,0.0,0.0,0.0,0.0,0.0,0.0,0.0,0.0,47.0,47.0,47.0,47.0,47.0,0.0,0.0,0.0,0.0,0.0,0.0,0.0,0.0,0.0,0.0,0.0,0.0,0.0,47.0,47.0,47.0,47.0,47.0,...
1763031630,346147987,laser,-3.1241390705108643,3.1415927410125732,0.0034828970674425364,5.366513505578041e-05,0.0965435802936554,0.15000000596046448,16.0,inf,inf,inf,inf,inf,inf,inf,inf,inf,inf,inf,inf,inf,inf,inf,inf,inf,inf,inf,inf,inf,inf,inf,inf,inf,inf,inf,inf,inf,inf,inf,inf,inf,inf,inf,inf,inf,inf,inf,inf,inf,inf,inf,inf,inf,inf,inf,inf,inf,inf,inf,inf,3.9119999408721924,3.9119999408721924,3.9119999408721924,3.9119999408721924,3.9119999408721924,3.812000036239624,3.752000093460083,3.740000009536743,3.740000009536743,3.740000009536743,3.7360000610351562,3.74399995803833,3.747999906539917,3.752000093460083,2.884000062942505,2.884000062942505,2.884000062942505,2.884000062942505,2.828000068664551,2.759999990463257,2.700000047683716,2.6480000019073486,2.5959999561309814,2.5959999561309814,2.5360000133514404,2.4839999675750732,2.440000057220459,2.384000062942505,2.3359999656677246,2.2920000553131104,2.252000093460083,2.2279999256134033,2.200000047683716,2.200000047683716,2.1519999504089355,2.1080000400543213,2.0840001106262207,2.0480000972747803,2.01200008392334,1.9919999837875366,1.968000054359436,1.9359999895095825,1.9220000505447388,1.9220000505447388,1.9119999408721924,1.9040000438690186,1.8940000534057617,1.871999979019165,1.8519999980926514,1.8339999914169312,1.812000036239624,1.7860000133514404,1.7860000133514404,1.7619999647140503,1.7400000095367432,1.7200000286102295,1.6979999542236328,1.6799999475479126,1.659999966621399,1.6299999952316284,1.5119999647140503,1.4980000257492065,1.4980000257492065,1.4859999418258667,1.4859999418258667,1.4759999513626099,inf,inf,inf,inf,1.4040000438690186,1.4040000438690186,1.4040000438690186,1.4040000438690186,1.4040000438690186,1.3960000276565552,...,0.0,0.0,0.0,0.0,0.0,0.0,0.0,0.0,0.0,0.0,0.0,0.0,0.0,0.0,0.0,0.0,0.0,0.0,47.0,47.0,47.0,47.0,47.0,0.0,0.0,0.0,0.0,0.0,0.0,0.0,0.0,0.0,0.0,0.0,0.0,0.0,0.0,0.0,0.0,0.0,0.0,0.0,0.0,0.0,0.0,0.0,0.0,0.0,0.0,0.0,0.0,0.0,0.0,0.0,0.0,0.0,0.0,0.0,0.0,0.0,0.0,0.0,0.0,0.0,0.0,0.0,0.0,0.0,0.0,0.0,0.0,0.0,0.0,0.0,0.0,0.0,0.0,0.0,0.0,0.0,0.0,0.0,0.0,0.0,0.0,0.0,0.0,0.0,0.0,47.0,47.0,47.0,47.0,47.0,0.0,0.0,0.0,0.0,0.0,0.0,0.0,0.0,0.0,0.0,0.0,0.0,0.0,0.0,0.0,0.0,0.0,0.0,0.0,0.0,0.0,0.0,0.0,0.0,0.0,0.0,0.0,0.0,0.0,0.0,47.0,47.0,47.0,47.0,...
1763031630,443446490,laser,-3.1241390705108643,3.1415927410125732,0.0034828970674425364,5.423219408839941e-05,0.0975637137889862,0.15000000596046448,16.0,inf,inf,inf,inf,inf,inf,inf,inf,inf,inf,inf,inf,inf,inf,inf,inf,inf,inf,inf,inf,inf,inf,inf,inf,inf,inf,inf,inf,inf,10.407999992370605,10.407999992370605,10.407999992370605,10.407999992370605,10.407999992370605,inf,inf,inf,inf,inf,inf,inf,inf,inf,inf,inf,inf,inf,inf,inf,inf,inf,inf,3.815999984741211,3.815999984741211,3.815999984741211,3.815999984741211,3.815999984741211,3.75600004196167,3.75600004196167,3.747999906539917,3.740000009536743,3.740000009536743,3.7360000610351562,3.74399995803833,3.747999906539917,3.752000093460083,2.880000114440918,2.880000114440918,2.880000114440918,2.880000114440918,2.8359999656677246,2.7720000743865967,2.700000047683716,2.6480000019073486,2.5959999561309814,2.5959999561309814,2.5360000133514404,2.4839999675750732,2.440000057220459,2.384000062942505,2.3359999656677246,2.2920000553131104,2.2679998874664307,2.24399995803833,2.24399995803833,2.1519999504089355,2.1519999504089355,2.1080000400543213,2.0840001106262207,2.052000045776367,2.0199999809265137,1.99399995803833,1.965999960899353,1.9420000314712524,1.909999966621399,1.909999966621399,1.8700000047683716,1.8559999465942383,1.8559999465942383,1.8380000591278076,1.8320000171661377,1.8220000267028809,1.805999994277954,1.7860000133514404,1.7619999647140503,1.7619999647140503,1.7200000286102295,1.7200000286102295,1.7020000219345093,1.6820000410079956,1.6619999408721924,1.6399999856948853,1.5240000486373901,1.50600004196167,1.50600004196167,1.4900000095367432,1.4800000190734863,inf,inf,inf,inf,1.4140000343322754,1.4140000343322754,1.4140000343322754,1.4140000343322754,1.4140000343322754,1.399999976158142,1.399999976158142,...,0.0,0.0,0.0,0.0,0.0,0.0,0.0,0.0,0.0,0.0,0.0,0.0,0.0,0.0,0.0,0.0,0.0,0.0,47.0,47.0,47.0,47.0,47.0,0.0,0.0,0.0,0.0,0.0,0.0,0.0,0.0,0.0,0.0,0.0,0.0,0.0,0.0,0.0,0.0,0.0,0.0,0.0,0.0,0.0,0.0,0.0,0.0,0.0,0.0,0.0,0.0,0.0,0.0,0.0,0.0,0.0,0.0,0.0,0.0,0.0,0.0,0.0,0.0,0.0,0.0,0.0,0.0,0.0,0.0,0.0,0.0,0.0,0.0,0.0,0.0,0.0,0.0,0.0,0.0,0.0,0.0,0.0,0.0,0.0,0.0,0.0,0.0,0.0,0.0,47.0,47.0,47.0,47.0,47.0,0.0,0.0,0.0,0.0,0.0,0.0,0.0,0.0,0.0,0.0,0.0,0.0,0.0,0.0,0.0,0.0,0.0,0.0,0.0,0.0,0.0,0.0,0.0,0.0,0.0,0.0,0.0,0.0,0.0,0.0,47.0,47.0,47.0,47.0,...
1763031630,542757323,laser,-3.1241390705108643,3.1415927410125732,0.0034828970674425364,5.3648029279429466e-05,0.0965128019452095,0.15000000596046448,16.0,inf,inf,inf,inf,inf,inf,inf,inf,inf,inf,inf,inf,inf,inf,inf,inf,inf,inf,inf,inf,inf,inf,inf,inf,inf,inf,inf,inf,inf,10.407999992370605,10.407999992370605,10.407999992370605,10.407999992370605,10.407999992370605,inf,inf,inf,inf,inf,inf,inf,inf,inf,inf,inf,inf,inf,inf,inf,inf,inf,3.8519999980926514,3.8519999980926514,3.8519999980926514,3.8519999980926514,3.8519999980926514,3.7720000743865967,3.7720000743865967,3.7720000743865967,3.7360000610351562,3.7320001125335693,3.7360000610351562,3.74399995803833,3.74399995803833,3.74399995803833,3.747999906539917,2.8919999599456787,2.8919999599456787,2.8919999599456787,2.8399999141693115,2.8399999141693115,2.7880001068115234,2.7160000801086426,2.6519999504089355,2.615999937057495,2.563999891281128,2.563999891281128,2.51200008392334,2.384000062942505,2.3440001010894775,2.3440001010894775,2.312000036239624,2.2880001068115234,2.180000066757202,2.180000066757202,2.1679999828338623,2.135999917984009,2.135999917984009,2.111999988555908,2.068000078201294,2.0299999713897705,1.9980000257492065,1.9700000286102295,1.9420000314712524,1.909999966621399,1.8839999437332153,1.8700000047683716,1.8580000400543213,1.8580000400543213,1.8420000076293945,1.8339999914169312,1.8220000267028809,1.8079999685287476,1.7899999618530273,1.7699999809265137,1.746000051498413,1.7239999771118164,1.7059999704360962,1.7059999704360962,1.6859999895095825,1.6660000085830688,1.6440000534057617,1.527999997138977,1.527999997138977,1.5080000162124634,1.4919999837875366,1.4800000190734863,1.465999960899353,inf,inf,inf,inf,inf,inf,1.399999976158142,1.399999976158142,1.399999976158142,1.399999976158142,...,0.0,0.0,0.0,0.0,0.0,0.0,0.0,0.0,0.0,0.0,0.0,0.0,0.0,0.0,0.0,0.0,0.0,0.0,0.0,0.0,0.0,0.0,0.0,0.0,0.0,0.0,0.0,0.0,0.0,0.0,0.0,0.0,0.0,0.0,0.0,0.0,0.0,0.0,0.0,0.0,0.0,0.0,0.0,0.0,0.0,0.0,0.0,0.0,0.0,0.0,0.0,0.0,0.0,0.0,0.0,0.0,0.0,0.0,0.0,0.0,0.0,0.0,0.0,0.0,0.0,0.0,0.0,0.0,0.0,0.0,0.0,0.0,0.0,0.0,0.0,0.0,0.0,0.0,0.0,0.0,0.0,0.0,0.0,0.0,0.0,0.0,0.0,0.0,0.0,47.0,47.0,47.0,47.0,47.0,0.0,0.0,0.0,0.0,0.0,0.0,0.0,0.0,0.0,0.0,0.0,0.0,0.0,0.0,0.0,0.0,0.0,0.0,0.0,0.0,0.0,0.0,0.0,0.0,0.0,0.0,0.0,0.0,0.0,0.0,0.0,0.0,0.0,0.0,...
1763031630,640877482,laser,-3.1241390705108643,3.1415927410125732,0.0034828970674425364,5.7122433645417914e-05,0.10276325792074203,0.15000000596046448,16.0,inf,inf,inf,inf,inf,inf,inf,inf,inf,inf,inf,inf,inf,inf,inf,inf,inf,inf,inf,inf,inf,inf,inf,inf,inf,inf,inf,inf,inf,inf,inf,inf,inf,inf,inf,inf,inf,inf,inf,inf,inf,inf,inf,inf,inf,inf,inf,inf,inf,inf,3.9040000438690186,3.9040000438690186,3.9040000438690186,3.9040000438690186,3.9040000438690186,3.7960000038146973,3.7960000038146973,3.7960000038146973,3.7960000038146973,3.740000009536743,3.74399995803833,3.74399995803833,3.740000009536743,3.74399995803833,3.747999906539917,3.747999906539917,3.747999906539917,2.944000005722046,2.884000062942505,2.884000062942505,2.884000062942505,2.819999933242798,2.752000093460083,2.684000015258789,2.635999917984009,2.5920000076293945,2.5320000648498535,2.4800000190734863,2.427999973297119,2.375999927520752,2.375999927520752,2.3399999141693115,2.299999952316284,2.240000009536743,2.2119998931884766,2.191999912261963,2.1480000019073486,2.111999988555908,2.0840001106262207,2.058000087738037,2.058000087738037,1.9900000095367432,1.9900000095367432,1.968000054359436,1.9559999704360962,1.9459999799728394,1.9359999895095825,1.9199999570846558,1.9019999504089355,1.9019999504089355,1.8539999723434448,1.8539999723434448,1.8339999914169312,1.805999994277954,1.781999945640564,1.7580000162124634,1.7319999933242798,1.7139999866485596,1.6979999542236328,1.6740000247955322,1.6740000247955322,1.6519999504089355,1.534000039100647,1.5080000162124634,1.5080000162124634,1.5,1.4859999418258667,1.4759999513626099,inf,inf,inf,inf,inf,1.4040000438690186,1.4040000438690186,1.4040000438690186,1.4040000438690186,1.4040000438690186,...,0.0,0.0,0.0,0.0,0.0,0.0,0.0,0.0,0.0,0.0,0.0,0.0,0.0,0.0,0.0,0.0,0.0,0.0,0.0,47.0,47.0,47.0,47.0,47.0,0.0,0.0,0.0,0.0,0.0,0.0,0.0,0.0,0.0,0.0,0.0,0.0,0.0,0.0,0.0,0.0,0.0,0.0,0.0,0.0,0.0,0.0,0.0,0.0,0.0,0.0,0.0,0.0,0.0,0.0,0.0,0.0,0.0,0.0,0.0,0.0,0.0,0.0,0.0,0.0,0.0,0.0,0.0,0.0,0.0,0.0,0.0,0.0,0.0,0.0,0.0,0.0,0.0,0.0,0.0,0.0,0.0,0.0,0.0,0.0,0.0,0.0,0.0,0.0,0.0,0.0,0.0,0.0,0.0,0.0,0.0,0.0,0.0,0.0,0.0,0.0,0.0,0.0,0.0,0.0,0.0,0.0,0.0,0.0,0.0,0.0,0.0,0.0,0.0,0.0,0.0,0.0,0.0,0.0,0.0,0.0,0.0,0.0,0.0,0.0,0.0,0.0,0.0,0.0,...
1763031630,745133638,laser,-3.1241390705108643,3.1415927410125732,0.0034828970674425364,5.3826723160455e-05,0.09683427959680557,0.15000000596046448,16.0,inf,inf,inf,inf,inf,inf,inf,inf,inf,inf,inf,inf,inf,inf,inf,inf,inf,inf,inf,inf,inf,inf,inf,inf,inf,inf,inf,10.319999694824219,10.319999694824219,10.319999694824219,10.319999694824219,10.319999694824219,inf,inf,inf,inf,inf,inf,inf,inf,inf,inf,inf,inf,inf,inf,inf,inf,inf,inf,inf,3.7760000228881836,3.7760000228881836,3.7760000228881836,3.7760000228881836,3.7760000228881836,3.740000009536743,3.740000009536743,3.740000009536743,3.740000009536743,3.7320001125335693,3.740000009536743,3.74399995803833,3.74399995803833,3.747999906539917,3.747999906539917,2.9159998893737793,2.9159998893737793,2.9159998893737793,2.9159998893737793,2.8519999980926514,2.7960000038146973,2.740000009536743,2.6640000343322754,2.611999988555908,2.563999891281128,2.507999897003174,2.4679999351501465,2.4679999351501465,2.371999979019165,2.371999979019165,2.328000068664551,2.2960000038146973,2.191999912261963,2.191999912261963,2.180000066757202,2.128000020980835,2.0999999046325684,2.0759999752044678,2.0759999752044678,2.0199999809265137,2.0199999809265137,1.9900000095367432,1.9600000381469727,1.940000057220459,1.9259999990463257,1.9199999570846558,1.906000018119812,1.906000018119812,1.8739999532699585,1.8739999532699585,1.8459999561309814,1.8259999752044678,1.8020000457763672,1.7740000486373901,1.7519999742507935,1.7300000190734863,1.7079999446868896,1.687999963760376,1.687999963760376,1.6660000085830688,1.6480000019073486,1.5080000162124634,1.5080000162124634,1.5080000162124634,1.5,1.4859999418258667,inf,inf,inf,inf,1.3980000019073486,1.3980000019073486,1.3980000019073486,1.3980000019073486,1.3980000019073486,1.3860000371932983,1.3860000371932983,...,0.0,0.0,0.0,0.0,0.0,0.0,0.0,0.0,0.0,0.0,0.0,0.0,0.0,0.0,0.0,0.0,0.0,0.0,0.0,0.0,0.0,0.0,0.0,0.0,0.0,0.0,0.0,0.0,0.0,0.0,0.0,0.0,0.0,0.0,0.0,0.0,0.0,0.0,0.0,0.0,0.0,0.0,0.0,0.0,0.0,0.0,0.0,0.0,0.0,0.0,0.0,0.0,0.0,0.0,0.0,0.0,0.0,0.0,0.0,0.0,0.0,0.0,0.0,0.0,0.0,0.0,0.0,0.0,0.0,0.0,47.0,47.0,47.0,47.0,47.0,0.0,0.0,0.0,0.0,0.0,0.0,0.0,0.0,0.0,0.0,0.0,0.0,0.0,0.0,0.0,0.0,47.0,47.0,47.0,47.0,47.0,0.0,0.0,0.0,0.0,0.0,0.0,0.0,0.0,0.0,0.0,0.0,0.0,0.0,0.0,0.0,0.0,0.0,0.0,0.0,0.0,0.0,0.0,0.0,0.0,0.0,0.0,0.0,0.0,0.0,0.0,0.0,0.0,...
1763031630,843614651,laser,-3.1241390705108643,3.1415927410125732,0.0034828970674425364,5.366811092244461e-05,0.09654892981052399,0.15000000596046448,16.0,inf,inf,inf,inf,inf,inf,inf,inf,inf,inf,inf,inf,inf,inf,inf,inf,inf,inf,inf,inf,inf,inf,inf,inf,inf,inf,inf,inf,inf,inf,inf,inf,inf,inf,inf,inf,inf,inf,inf,inf,inf,inf,inf,inf,inf,inf,inf,inf,inf,inf,3.8559999465942383,3.8559999465942383,3.8559999465942383,3.8559999465942383,3.8559999465942383,3.7760000228881836,3.7760000228881836,3.7760000228881836,3.7760000228881836,3.740000009536743,3.7320001125335693,3.740000009536743,3.74399995803833,3.747999906539917,3.747999906539917,3.747999906539917,2.8959999084472656,2.8959999084472656,2.8959999084472656,2.8399999141693115,2.8399999141693115,2.7960000038146973,2.6559998989105225,2.6559998989105225,2.615999937057495,2.563999891281128,2.563999891281128,2.507999897003174,2.380000114440918,2.3440001010894775,2.3440001010894775,2.315999984741211,2.2920000553131104,2.184000015258789,2.184000015258789,2.171999931335449,2.128000020980835,2.0999999046325684,2.0999999046325684,2.063999891281128,2.0239999294281006,1.99399995803833,1.968000054359436,1.9420000314712524,1.9079999923706055,1.8819999694824219,1.8660000562667847,1.843999981880188,1.8220000267028809,1.8220000267028809,1.8179999589920044,1.812000036239624,1.8040000200271606,1.7879999876022339,1.7660000324249268,1.74399995803833,1.7259999513626099,1.7079999446868896,1.7079999446868896,1.687999963760376,1.6660000085830688,1.6460000276565552,1.5299999713897705,1.5299999713897705,1.5080000162124634,1.4919999837875366,1.465999960899353,inf,inf,inf,1.4320000410079956,1.4320000410079956,1.4320000410079956,1.4320000410079956,1.4320000410079956,1.399999976158142,1.399999976158142,1.399999976158142,...,0.0,0.0,0.0,0.0,0.0,0.0,0.0,0.0,0.0,0.0,0.0,0.0,0.0,0.0,0.0,0.0,0.0,0.0,0.0,0.0,0.0,0.0,0.0,0.0,0.0,0.0,0.0,0.0,0.0,0.0,0.0,0.0,0.0,0.0,0.0,0.0,0.0,0.0,0.0,0.0,0.0,0.0,0.0,0.0,0.0,0.0,0.0,0.0,0.0,0.0,0.0,0.0,0.0,0.0,0.0,0.0,0.0,0.0,0.0,0.0,0.0,0.0,0.0,0.0,0.0,0.0,0.0,0.0,0.0,0.0,0.0,0.0,0.0,0.0,0.0,0.0,0.0,0.0,0.0,0.0,0.0,0.0,0.0,0.0,0.0,0.0,0.0,0.0,0.0,0.0,0.0,0.0,0.0,0.0,0.0,0.0,0.0,0.0,0.0,0.0,0.0,0.0,0.0,0.0,0.0,0.0,0.0,0.0,0.0,0.0,0.0,0.0,0.0,0.0,0.0,0.0,0.0,0.0,0.0,0.0,0.0,0.0,0.0,0.0,0.0,0.0,0.0,0.0,...
1763031630,941437157,laser,-3.1241390705108643,3.1415927410125732,0.0034828970674425364,5.397457061917521e-05,0.09710025042295456,0.15000000596046448,16.0,inf,inf,inf,inf,inf,inf,inf,inf,inf,inf,inf,inf,inf,inf,inf,inf,inf,inf,inf,inf,inf,inf,inf,inf,inf,inf,inf,inf,inf,inf,inf,inf,inf,inf,inf,inf,inf,inf,inf,inf,inf,inf,inf,inf,inf,inf,inf,inf,inf,inf,inf,inf,3.8919999599456787,3.8919999599456787,3.8919999599456787,3.8919999599456787,3.8919999599456787,3.803999900817871,3.752000093460083,3.74399995803833,3.74399995803833,3.74399995803833,3.740000009536743,3.74399995803833,3.74399995803833,3.747999906539917,2.871999979019165,2.871999979019165,2.871999979019165,2.871999979019165,2.871999979019165,2.812000036239624,2.747999906539917,2.691999912261963,2.6519999504089355,2.5959999561309814,2.5399999618530273,2.4839999675750732,2.440000057220459,2.3359999656677246,2.2960000038146973,2.2960000038146973,2.2960000038146973,2.247999906539917,2.2200000286102295,2.196000099182129,2.1600000858306885,2.115999937057495,2.0799999237060547,2.052000045776367,2.01200008392334,1.9839999675750732,1.9600000381469727,1.9600000381469727,1.9279999732971191,1.899999976158142,1.8739999532699585,1.8519999980926514,1.8420000076293945,1.8300000429153442,1.8200000524520874,1.812000036239624,1.7999999523162842,1.7999999523162842,1.781999945640564,1.7599999904632568,1.7339999675750732,1.7139999866485596,1.7020000219345093,1.6820000410079956,1.659999966621399,1.6339999437332153,1.5099999904632568,1.503999948501587,1.503999948501587,1.4900000095367432,1.4900000095367432,1.4759999513626099,inf,inf,inf,inf,1.3940000534057617,1.3940000534057617,1.3940000534057617,1.3940000534057617,1.3940000534057617,1.3839999437332153,...,0.0,0.0,0.0,0.0,0.0,0.0,0.0,0.0,0.0,0.0,0.0,0.0,0.0,0.0,0.0,0.0,0.0,0.0,0.0,0.0,0.0,0.0,0.0,0.0,0.0,0.0,0.0,0.0,0.0,0.0,0.0,0.0,0.0,0.0,0.0,0.0,0.0,0.0,0.0,0.0,0.0,0.0,0.0,0.0,0.0,0.0,0.0,0.0,0.0,0.0,0.0,0.0,0.0,0.0,0.0,0.0,0.0,0.0,0.0,0.0,0.0,0.0,0.0,0.0,0.0,0.0,0.0,0.0,0.0,0.0,47.0,47.0,47.0,47.0,47.0,0.0,0.0,0.0,0.0,0.0,0.0,0.0,0.0,0.0,0.0,0.0,0.0,0.0,0.0,0.0,0.0,0.0,0.0,0.0,0.0,0.0,0.0,0.0,0.0,0.0,0.0,0.0,0.0,0.0,0.0,0.0,0.0,0.0,0.0,0.0,0.0,0.0,0.0,0.0,0.0,0.0,0.0,0.0,0.0,0.0,0.0,0.0,0.0,0.0,0.0,0.0,0.0,0.0,...
1763031631,39717989,laser,-3.1241390705108643,3.1415927410125732,0.0034828970674425364,5.734201113227755e-05,0.10315828025341034,0.15000000596046448,16.0,inf,inf,inf,inf,inf,inf,inf,inf,inf,inf,inf,inf,inf,inf,inf,inf,inf,inf,inf,inf,inf,inf,inf,inf,inf,inf,inf,inf,inf,10.359999656677246,10.359999656677246,10.359999656677246,10.359999656677246,10.359999656677246,inf,inf,inf,inf,inf,inf,inf,inf,inf,inf,inf,inf,inf,inf,inf,inf,inf,inf,3.8919999599456787,3.8919999599456787,3.8919999599456787,3.8919999599456787,3.8919999599456787,3.7920000553131104,3.7920000553131104,3.74399995803833,3.74399995803833,3.74399995803833,3.740000009536743,3.74399995803833,3.747999906539917,3.747999906539917,3.747999906539917,2.871999979019165,2.871999979019165,2.871999979019165,2.871999979019165,2.808000087738037,2.752000093460083,2.687999963760376,2.631999969482422,2.5920000076293945,2.5360000133514404,2.4800000190734863,2.4240000247955322,2.371999979019165,2.371999979019165,2.3359999656677246,2.2960000038146973,2.2360000610351562,2.2119998931884766,2.196000099182129,2.1440000534057617,2.0999999046325684,2.0799999237060547,2.052000045776367,2.052000045776367,1.9919999837875366,1.9919999837875366,1.9759999513626099,1.9559999704360962,1.944000005722046,1.9359999895095825,1.9220000505447388,1.906000018119812,1.906000018119812,1.8539999723434448,1.8539999723434448,1.8320000171661377,1.805999994277954,1.781999945640564,1.7580000162124634,1.7339999675750732,1.7139999866485596,1.6979999542236328,1.6740000247955322,1.6740000247955322,1.656000018119812,1.5379999876022339,1.5379999876022339,1.5099999904632568,1.4980000257492065,1.4859999418258667,1.4759999513626099,inf,inf,inf,inf,1.406000018119812,1.406000018119812,1.406000018119812,1.406000018119812,1.406000018119812,1.3940000534057617,...,0.0,0.0,0.0,0.0,0.0,0.0,0.0,0.0,0.0,0.0,0.0,0.0,0.0,0.0,0.0,0.0,0.0,0.0,0.0,0.0,0.0,0.0,0.0,0.0,0.0,0.0,0.0,0.0,0.0,0.0,0.0,0.0,0.0,0.0,0.0,0.0,0.0,0.0,0.0,0.0,0.0,0.0,0.0,0.0,0.0,0.0,0.0,0.0,0.0,0.0,0.0,0.0,0.0,0.0,0.0,0.0,0.0,0.0,0.0,0.0,0.0,0.0,0.0,0.0,0.0,0.0,0.0,0.0,0.0,0.0,0.0,0.0,0.0,0.0,0.0,0.0,0.0,0.0,0.0,0.0,0.0,0.0,0.0,0.0,0.0,0.0,0.0,0.0,0.0,0.0,0.0,0.0,0.0,0.0,0.0,0.0,0.0,0.0,0.0,0.0,0.0,0.0,0.0,0.0,0.0,0.0,0.0,0.0,0.0,0.0,0.0,0.0,0.0,0.0,0.0,0.0,0.0,0.0,0.0,0.0,0.0,0.0,0.0,0.0,0.0,0.0,0.0,0.0,...
1763031631,144265310,laser,-3.1241390705108643,3.1415927410125732,0.0034828970674425364,5.39071588718798e-05,0.09697897732257843,0.15000000596046448,16.0,inf,inf,inf,inf,inf,inf,inf,inf,inf,inf,inf,inf,inf,inf,inf,inf,inf,inf,inf,inf,inf,inf,inf,inf,inf,inf,inf,inf,inf,10.359999656677246,10.359999656677246,10.359999656677246,10.359999656677246,10.359999656677246,inf,inf,inf,inf,inf,inf,inf,inf,inf,inf,inf,inf,inf,inf,inf,inf,inf,3.884000062942505,3.884000062942505,3.884000062942505,3.884000062942505,3.884000062942505,3.7880001068115234,3.7880001068115234,3.7880001068115234,3.740000009536743,3.740000009536743,3.747999906539917,3.74399995803833,3.74399995803833,3.747999906539917,2.940000057220459,2.940000057220459,2.940000057220459,2.940000057220459,2.871999979019165,2.871999979019165,2.803999900817871,2.7360000610351562,2.671999931335449,2.619999885559082,2.5799999237060547,2.5239999294281006,2.4679999351501465,2.4240000247955322,2.371999979019165,2.3359999656677246,2.3359999656677246,2.299999952316284,2.2079999446868896,2.2079999446868896,2.191999912261963,2.140000104904175,2.1040000915527344,2.0799999237060547,2.052000045776367,2.0179998874664307,1.99399995803833,1.972000002861023,1.972000002861023,1.9520000219345093,1.937999963760376,1.9259999990463257,1.9140000343322754,1.8960000276565552,1.8739999532699585,1.8519999980926514,1.8300000429153442,1.8300000429153442,1.8040000200271606,1.7799999713897705,1.7580000162124634,1.7339999675750732,1.7139999866485596,1.6959999799728394,1.6740000247955322,1.656000018119812,1.656000018119812,1.4980000257492065,1.4980000257492065,1.4980000257492065,1.4980000257492065,1.4859999418258667,1.4759999513626099,inf,inf,inf,1.406000018119812,1.406000018119812,1.406000018119812,1.406000018119812,1.406000018119812,1.3940000534057617,1.3940000534057617,...,0.0,0.0,0.0,0.0,0.0,0.0,0.0,0.0,0.0,0.0,0.0,0.0,0.0,0.0,0.0,0.0,0.0,47.0,47.0,47.0,47.0,47.0,0.0,0.0,0.0,0.0,0.0,0.0,0.0,0.0,0.0,0.0,0.0,0.0,0.0,0.0,0.0,0.0,0.0,0.0,0.0,0.0,0.0,0.0,0.0,0.0,0.0,0.0,0.0,0.0,0.0,0.0,0.0,0.0,0.0,0.0,0.0,0.0,0.0,0.0,0.0,0.0,0.0,0.0,0.0,0.0,0.0,0.0,0.0,0.0,0.0,0.0,0.0,0.0,0.0,0.0,0.0,0.0,0.0,0.0,0.0,0.0,0.0,0.0,0.0,0.0,0.0,0.0,0.0,0.0,0.0,0.0,0.0,0.0,0.0,0.0,0.0,0.0,0.0,0.0,0.0,0.0,0.0,0.0,0.0,0.0,0.0,0.0,0.0,0.0,0.0,0.0,0.0,0.0,0.0,0.0,0.0,0.0,0.0,0.0,0.0,0.0,0.0,0.0,0.0,0.0,0.0,0.0,...
1763031631,242563172,laser,-3.1241390705108643,3.1415927410125732,0.0034828970674425364,5.388142744777724e-05,0.09693268686532974,0.15000000596046448,16.0,inf,inf,inf,inf,inf,inf,inf,inf,inf,inf,inf,inf,inf,inf,inf,inf,inf,inf,inf,inf,inf,inf,inf,inf,inf,inf,inf,inf,10.527999877929688,10.527999877929688,10.527999877929688,10.527999877929688,10.527999877929688,inf,inf,inf,inf,inf,inf,inf,inf,inf,inf,inf,inf,inf,inf,inf,inf,inf,inf,inf,inf,3.7639999389648438,3.7639999389648438,3.7639999389648438,3.7639999389648438,3.7639999389648438,3.7320001125335693,3.7320001125335693,3.7239999771118164,3.740000009536743,3.740000009536743,3.747999906539917,3.747999906539917,3.752000093460083,2.9000000953674316,2.9000000953674316,2.828000068664551,2.828000068664551,2.828000068664551,2.7799999713897705,2.7279999256134033,2.6559998989105225,2.611999988555908,2.559999942779541,2.559999942779541,2.5,2.4519999027252197,2.3919999599456787,2.3440001010894775,2.299999952316284,2.2799999713897705,2.180000066757202,2.1679999828338623,2.1679999828338623,2.128000020980835,2.128000020980835,2.0999999046325684,2.063999891281128,2.0280001163482666,1.996000051498413,1.972000002861023,1.9459999799728394,1.9079999923706055,1.8819999694824219,1.871999979019165,1.8580000400543213,1.843999981880188,1.843999981880188,1.840000033378601,1.8300000429153442,1.8140000104904175,1.7920000553131104,1.7699999809265137,1.746000051498413,1.7280000448226929,1.7079999446868896,1.687999963760376,1.687999963760376,1.6660000085830688,1.6460000276565552,1.5080000162124634,1.5080000162124634,1.4919999837875366,1.4919999837875366,1.4800000190734863,1.468000054359436,inf,inf,inf,inf,1.399999976158142,1.399999976158142,1.399999976158142,1.399999976158142,1.399999976158142,1.3860000371932983,...,0.0,0.0,0.0,0.0,0.0,0.0,0.0,0.0,0.0,0.0,0.0,0.0,0.0,0.0,0.0,0.0,0.0,0.0,0.0,0.0,0.0,0.0,0.0,0.0,0.0,0.0,0.0,0.0,0.0,0.0,0.0,0.0,0.0,0.0,0.0,0.0,0.0,0.0,0.0,0.0,0.0,0.0,0.0,0.0,0.0,0.0,0.0,0.0,0.0,0.0,0.0,0.0,0.0,0.0,0.0,0.0,0.0,0.0,0.0,0.0,0.0,0.0,0.0,0.0,0.0,0.0,0.0,0.0,0.0,0.0,0.0,0.0,0.0,0.0,0.0,0.0,0.0,0.0,0.0,0.0,0.0,0.0,0.0,0.0,0.0,0.0,0.0,0.0,0.0,47.0,47.0,47.0,47.0,47.0,0.0,0.0,0.0,0.0,0.0,0.0,0.0,0.0,0.0,0.0,0.0,0.0,0.0,0.0,0.0,0.0,0.0,0.0,0.0,0.0,0.0,0.0,0.0,0.0,0.0,0.0,0.0,0.0,0.0,0.0,47.0,47.0,47.0,47.0,...
1763031631,341077821,laser,-3.1241390705108643,3.1415927410125732,0.0034828970674425364,5.704423165298067e-05,0.10262257605791092,0.15000000596046448,16.0,inf,inf,inf,inf,inf,inf,inf,inf,inf,inf,inf,inf,inf,inf,inf,inf,inf,inf,inf,inf,inf,inf,inf,inf,inf,inf,inf,inf,inf,inf,inf,inf,inf,inf,inf,inf,inf,inf,inf,inf,inf,inf,inf,inf,inf,inf,inf,inf,inf,inf,inf,inf,3.8239998817443848,3.8239998817443848,3.8239998817443848,3.8239998817443848,3.8239998817443848,3.759999990463257,3.759999990463257,3.74399995803833,3.74399995803833,3.740000009536743,3.740000009536743,3.747999906539917,3.747999906539917,3.752000093460083,2.8959999084472656,2.8959999084472656,2.8959999084472656,2.8959999084472656,2.828000068664551,2.7679998874664307,2.7679998874664307,2.6559998989105225,2.6559998989105225,2.611999988555908,2.559999942779541,2.503999948501587,2.447999954223633,2.388000011444092,2.3440001010894775,2.299999952316284,2.2799999713897705,2.2799999713897705,2.252000093460083,2.2039999961853027,2.1640000343322754,2.128000020980835,2.0999999046325684,2.063999891281128,2.0239999294281006,1.996000051498413,1.972000002861023,1.940000057220459,1.9040000438690186,1.9040000438690186,1.8819999694824219,1.871999979019165,1.8580000400543213,1.843999981880188,1.840000033378601,1.8279999494552612,1.8140000104904175,1.7899999618530273,1.7899999618530273,1.7680000066757202,1.746000051498413,1.7239999771118164,1.7059999704360962,1.687999963760376,1.6640000343322754,1.6419999599456787,1.5260000228881836,1.50600004196167,1.50600004196167,1.4900000095367432,1.4639999866485596,1.4639999866485596,1.4279999732971191,1.4279999732971191,1.4279999732971191,1.4279999732971191,1.4279999732971191,1.399999976158142,1.399999976158142,1.399999976158142,1.3819999694824219,1.3819999694824219,...,0.0,0.0,0.0,0.0,0.0,0.0,0.0,0.0,0.0,0.0,0.0,0.0,0.0,0.0,0.0,0.0,0.0,0.0,0.0,0.0,47.0,47.0,47.0,47.0,47.0,0.0,0.0,0.0,0.0,0.0,0.0,0.0,0.0,0.0,0.0,0.0,0.0,0.0,0.0,0.0,0.0,0.0,0.0,0.0,0.0,0.0,0.0,0.0,0.0,0.0,0.0,0.0,0.0,0.0,0.0,0.0,0.0,0.0,0.0,0.0,0.0,0.0,0.0,0.0,0.0,0.0,0.0,0.0,0.0,0.0,0.0,0.0,0.0,0.0,0.0,0.0,0.0,0.0,0.0,0.0,0.0,0.0,0.0,0.0,0.0,0.0,0.0,0.0,0.0,0.0,0.0,0.0,0.0,0.0,0.0,0.0,0.0,0.0,0.0,0.0,0.0,0.0,0.0,0.0,0.0,0.0,0.0,0.0,0.0,0.0,0.0,0.0,0.0,0.0,0.0,0.0,0.0,0.0,0.0,0.0,0.0,0.0,0.0,0.0,0.0,0.0,0.0,0.0,...
1763031631,444930799,laser,-3.1241390705108643,3.1415927410125732,0.0034828970674425364,5.4009389714337885e-05,0.0971628949046135,0.15000000596046448,16.0,inf,inf,inf,inf,inf,inf,inf,inf,inf,inf,inf,inf,inf,inf,inf,inf,inf,inf,inf,inf,inf,inf,inf,inf,inf,inf,inf,inf,inf,inf,inf,inf,inf,inf,inf,inf,inf,inf,inf,inf,inf,inf,inf,inf,inf,inf,inf,inf,inf,inf,inf,3.808000087738037,3.808000087738037,3.808000087738037,3.808000087738037,3.808000087738037,3.74399995803833,3.74399995803833,3.74399995803833,3.740000009536743,3.740000009536743,3.740000009536743,3.740000009536743,3.74399995803833,3.747999906539917,3.752000093460083,2.9519999027252197,2.9519999027252197,2.9519999027252197,2.8919999599456787,2.819999933242798,2.819999933242798,2.740000009536743,2.684000015258789,2.6440000534057617,2.5920000076293945,2.5399999618530273,2.4839999675750732,2.427999973297119,2.380000114440918,2.3359999656677246,2.299999952316284,2.24399995803833,2.24399995803833,2.196000099182129,2.196000099182129,2.1519999504089355,2.119999885559082,2.0840001106262207,2.0480000972747803,2.0199999809265137,1.9919999837875366,1.9739999771118164,1.9520000219345093,1.9520000219345093,1.937999963760376,1.9279999732971191,1.9160000085830688,1.9040000438690186,1.8799999952316284,1.8559999465942383,1.8339999914169312,1.8079999685287476,1.8079999685287476,1.7860000133514404,1.7619999647140503,1.7339999675750732,1.715999960899353,1.7000000476837158,1.6779999732971191,1.656000018119812,1.5099999904632568,1.5,1.5,1.5,1.5,1.4859999418258667,1.4759999513626099,inf,inf,inf,1.406000018119812,1.406000018119812,1.406000018119812,1.406000018119812,1.406000018119812,1.3980000019073486,1.3980000019073486,...,0.0,0.0,0.0,0.0,0.0,0.0,0.0,0.0,0.0,0.0,0.0,0.0,0.0,0.0,0.0,0.0,0.0,0.0,0.0,0.0,0.0,0.0,0.0,0.0,0.0,0.0,0.0,0.0,0.0,0.0,0.0,0.0,0.0,0.0,0.0,0.0,0.0,0.0,0.0,0.0,0.0,0.0,0.0,0.0,0.0,0.0,0.0,0.0,0.0,0.0,0.0,0.0,0.0,0.0,0.0,0.0,0.0,0.0,0.0,0.0,0.0,0.0,0.0,0.0,0.0,0.0,0.0,0.0,0.0,0.0,0.0,0.0,0.0,0.0,0.0,0.0,0.0,0.0,0.0,0.0,0.0,0.0,0.0,0.0,0.0,0.0,0.0,0.0,0.0,47.0,47.0,47.0,47.0,47.0,0.0,0.0,0.0,0.0,0.0,0.0,0.0,0.0,0.0,0.0,0.0,0.0,0.0,0.0,0.0,0.0,0.0,0.0,0.0,0.0,0.0,0.0,0.0,0.0,0.0,0.0,0.0,0.0,0.0,0.0,47.0,47.0,47.0,47.0,...
1763031631,543321372,laser,-3.1241390705108643,3.1415927410125732,0.0034828970674425364,5.390498336055316e-05,0.09697506576776505,0.15000000596046448,16.0,inf,inf,inf,inf,inf,inf,inf,inf,inf,inf,inf,inf,inf,inf,inf,inf,inf,inf,inf,inf,inf,inf,inf,inf,inf,inf,inf,inf,10.312000274658203,10.312000274658203,10.312000274658203,10.312000274658203,10.312000274658203,inf,inf,inf,inf,inf,inf,inf,inf,inf,inf,inf,inf,inf,inf,inf,inf,inf,inf,inf,inf,inf,3.75600004196167,3.75600004196167,3.75600004196167,3.75600004196167,3.75600004196167,3.740000009536743,3.740000009536743,3.740000009536743,3.740000009536743,3.74399995803833,3.747999906539917,3.752000093460083,2.8919999599456787,2.8919999599456787,2.8919999599456787,2.8239998817443848,2.8239998817443848,2.7639999389648438,2.7639999389648438,2.6440000534057617,2.6440000534057617,2.5920000076293945,2.5399999618530273,2.4839999675750732,2.436000108718872,2.384000062942505,2.3359999656677246,2.299999952316284,2.2679998874664307,2.24399995803833,2.24399995803833,2.196000099182129,2.1559998989105225,2.124000072479248,2.0840001106262207,2.052000045776367,2.0280001163482666,2.009999990463257,1.9839999675750732,1.9579999446868896,1.9500000476837158,1.9500000476837158,1.9420000314712524,1.9240000247955322,1.9040000438690186,1.8819999694824219,1.8580000400543213,1.8339999914169312,1.8140000104904175,1.7899999618530273,1.7619999647140503,1.7619999647140503,1.7419999837875366,1.722000002861023,1.7039999961853027,1.6820000410079956,1.6579999923706055,1.6319999694824219,1.5160000324249268,1.5160000324249268,1.50600004196167,1.4900000095367432,inf,inf,inf,inf,1.406000018119812,1.406000018119812,1.406000018119812,1.406000018119812,1.406000018119812,1.3980000019073486,1.3980000019073486,1.3980000019073486,...,0.0,0.0,0.0,0.0,0.0,0.0,0.0,0.0,0.0,0.0,0.0,0.0,0.0,0.0,0.0,0.0,0.0,0.0,0.0,0.0,0.0,0.0,0.0,0.0,0.0,0.0,0.0,0.0,0.0,0.0,0.0,0.0,0.0,0.0,0.0,0.0,0.0,0.0,0.0,0.0,0.0,0.0,0.0,0.0,0.0,0.0,0.0,0.0,0.0,0.0,0.0,0.0,0.0,0.0,0.0,0.0,0.0,0.0,0.0,0.0,0.0,0.0,0.0,0.0,0.0,0.0,0.0,0.0,0.0,0.0,0.0,0.0,0.0,0.0,0.0,0.0,0.0,0.0,0.0,0.0,0.0,0.0,0.0,0.0,0.0,0.0,0.0,0.0,0.0,0.0,0.0,0.0,0.0,0.0,0.0,0.0,0.0,0.0,0.0,0.0,0.0,0.0,0.0,0.0,0.0,0.0,0.0,0.0,0.0,0.0,0.0,0.0,0.0,0.0,0.0,0.0,0.0,0.0,0.0,0.0,0.0,0.0,0.0,0.0,0.0,0.0,0.0,0.0,...
1763031631,641455162,laser,-3.1241390705108643,3.1415927410125732,0.0034828970674425364,5.396940832724795e-05,0.09709096699953079,0.15000000596046448,16.0,inf,inf,inf,inf,inf,inf,inf,inf,inf,inf,inf,inf,inf,inf,inf,inf,inf,inf,inf,inf,inf,inf,inf,inf,inf,inf,inf,inf,inf,inf,inf,inf,inf,inf,inf,inf,inf,inf,inf,inf,inf,inf,inf,inf,inf,inf,inf,inf,inf,inf,inf,inf,inf,3.864000082015991,3.864000082015991,3.864000082015991,3.864000082015991,3.864000082015991,3.7799999713897705,3.740000009536743,3.7320001125335693,3.740000009536743,3.747999906539917,3.747999906539917,3.74399995803833,3.74399995803833,2.9000000953674316,2.9000000953674316,2.8480000495910645,2.8480000495910645,2.8480000495910645,2.803999900817871,2.6519999504089355,2.6519999504089355,2.611999988555908,2.559999942779541,2.559999942779541,2.507999897003174,2.4519999027252197,2.3919999599456787,2.3559999465942383,2.3239998817443848,2.299999952316284,2.1760001182556152,2.1679999828338623,2.1679999828338623,2.135999917984009,2.135999917984009,2.1080000400543213,2.063999891281128,2.0280001163482666,2.0,1.9739999771118164,1.9459999799728394,1.9079999923706055,1.8819999694824219,1.8660000562667847,1.8459999561309814,1.8300000429153442,1.8300000429153442,1.8240000009536743,1.815999984741211,1.805999994277954,1.7879999876022339,1.7680000066757202,1.746000051498413,1.7259999513626099,1.7079999446868896,1.7079999446868896,1.687999963760376,1.6660000085830688,1.6440000534057617,1.5080000162124634,1.5080000162124634,1.4919999837875366,1.4919999837875366,1.4800000190734863,1.468000054359436,inf,1.4320000410079956,1.4320000410079956,1.4320000410079956,1.4320000410079956,1.4320000410079956,1.399999976158142,1.399999976158142,1.399999976158142,1.3839999437332153,...,0.0,0.0,0.0,0.0,0.0,0.0,0.0,0.0,0.0,0.0,0.0,0.0,0.0,0.0,0.0,0.0,0.0,0.0,0.0,47.0,47.0,47.0,47.0,47.0,0.0,0.0,0.0,0.0,0.0,0.0,0.0,0.0,0.0,0.0,0.0,0.0,0.0,0.0,0.0,0.0,0.0,0.0,0.0,0.0,0.0,0.0,0.0,0.0,0.0,0.0,0.0,0.0,0.0,0.0,0.0,0.0,0.0,0.0,0.0,0.0,0.0,0.0,0.0,0.0,0.0,0.0,0.0,0.0,0.0,0.0,0.0,0.0,0.0,0.0,0.0,0.0,0.0,0.0,0.0,0.0,0.0,0.0,0.0,0.0,0.0,0.0,0.0,0.0,0.0,0.0,47.0,47.0,47.0,47.0,47.0,0.0,0.0,0.0,0.0,0.0,0.0,0.0,0.0,0.0,0.0,0.0,0.0,0.0,0.0,0.0,0.0,0.0,0.0,0.0,0.0,0.0,0.0,0.0,0.0,0.0,0.0,0.0,0.0,0.0,0.0,0.0,0.0,0.0,...
1763031631,739735481,laser,-3.1241390705108643,3.1415927410125732,0.0034828970674425364,5.7401557569392025e-05,0.10326540470123291,0.15000000596046448,16.0,inf,inf,inf,inf,inf,inf,inf,inf,inf,inf,inf,inf,inf,inf,inf,inf,inf,inf,inf,inf,inf,inf,inf,inf,inf,inf,inf,inf,inf,inf,inf,inf,inf,inf,inf,inf,inf,inf,inf,inf,inf,inf,inf,inf,inf,inf,inf,inf,inf,inf,inf,inf,inf,inf,3.752000093460083,3.752000093460083,3.752000093460083,3.752000093460083,3.752000093460083,3.74399995803833,3.74399995803833,3.74399995803833,3.740000009536743,3.74399995803833,3.747999906539917,3.752000093460083,2.888000011444092,2.888000011444092,2.888000011444092,2.819999933242798,2.819999933242798,2.819999933242798,2.75600004196167,2.696000099182129,2.6440000534057617,2.5999999046325684,2.5439999103546143,2.492000102996826,2.440000057220459,2.380000114440918,2.3359999656677246,2.299999952316284,2.299999952316284,2.259999990463257,2.2320001125335693,2.2039999961853027,2.1640000343322754,2.111999988555908,2.0759999752044678,2.052000045776367,2.0179998874664307,1.9880000352859497,1.9639999866485596,1.9639999866485596,1.934000015258789,1.899999976158142,1.8760000467300415,1.8639999628067017,1.850000023841858,1.8359999656677246,1.8320000171661377,1.8200000524520874,1.8040000200271606,1.8040000200271606,1.7860000133514404,1.7619999647140503,1.7380000352859497,1.718000054359436,1.7020000219345093,1.6820000410079956,1.659999966621399,1.6319999694824219,1.50600004196167,1.50600004196167,1.4980000257492065,1.4900000095367432,1.4900000095367432,1.4819999933242798,inf,inf,inf,1.4079999923706055,1.4079999923706055,1.4079999923706055,1.4079999923706055,1.4079999923706055,1.3980000019073486,1.3980000019073486,...,0.0,0.0,0.0,0.0,0.0,0.0,0.0,0.0,0.0,0.0,0.0,0.0,0.0,0.0,0.0,0.0,0.0,0.0,0.0,0.0,0.0,0.0,0.0,0.0,0.0,0.0,0.0,0.0,0.0,0.0,0.0,0.0,0.0,0.0,0.0,0.0,0.0,0.0,0.0,0.0,0.0,0.0,0.0,0.0,0.0,0.0,0.0,0.0,0.0,0.0,0.0,0.0,0.0,0.0,0.0,0.0,0.0,0.0,0.0,0.0,0.0,0.0,0.0,0.0,0.0,0.0,0.0,0.0,0.0,0.0,0.0,0.0,0.0,0.0,0.0,0.0,0.0,0.0,0.0,0.0,0.0,0.0,0.0,0.0,0.0,0.0,0.0,0.0,0.0,0.0,0.0,0.0,0.0,0.0,0.0,0.0,0.0,0.0,0.0,0.0,0.0,0.0,0.0,0.0,0.0,0.0,0.0,0.0,0.0,0.0,0.0,0.0,0.0,0.0,0.0,0.0,0.0,0.0,0.0,0.0,0.0,0.0,0.0,47.0,47.0,47.0,47.0,47.0,...
1763031631,844069198,laser,-3.1241390705108643,3.1415927410125732,0.0034828970674425364,5.397274435381405e-05,0.09709697216749191,0.15000000596046448,16.0,inf,inf,inf,inf,inf,inf,inf,inf,inf,inf,inf,inf,inf,inf,inf,inf,inf,inf,inf,inf,inf,inf,inf,inf,inf,inf,inf,inf,10.368000030517578,10.368000030517578,10.368000030517578,10.368000030517578,10.368000030517578,inf,inf,inf,inf,inf,inf,inf,inf,inf,inf,inf,inf,inf,inf,inf,4.039999961853027,4.039999961853027,4.039999961853027,4.039999961853027,4.039999961853027,3.75600004196167,3.75600004196167,3.75600004196167,3.75600004196167,3.747999906539917,3.747999906539917,3.747999906539917,3.740000009536743,3.740000009536743,3.740000009536743,3.747999906539917,3.747999906539917,3.752000093460083,2.888000011444092,2.888000011444092,2.888000011444092,2.888000011444092,2.8239998817443848,2.75600004196167,2.700000047683716,2.6480000019073486,2.5999999046325684,2.5999999046325684,2.5439999103546143,2.48799991607666,2.440000057220459,2.380000114440918,2.3359999656677246,2.299999952316284,2.2760000228881836,2.247999906539917,2.2039999961853027,2.1640000343322754,2.1640000343322754,2.111999988555908,2.0799999237060547,2.055999994277954,2.0199999809265137,2.00600004196167,1.996000051498413,1.9759999513626099,1.965999960899353,1.965999960899353,1.9539999961853027,1.934000015258789,1.909999966621399,1.8860000371932983,1.8619999885559082,1.8380000591278076,1.812000036239624,1.7879999876022339,1.7640000581741333,1.7640000581741333,1.74399995803833,1.7239999771118164,1.7020000219345093,1.6820000410079956,1.6619999408721924,1.6339999437332153,1.5160000324249268,1.503999948501587,1.503999948501587,1.4900000095367432,1.4800000190734863,1.4800000190734863,1.468000054359436,1.4320000410079956,1.4320000410079956,1.4320000410079956,1.4320000410079956,1.4079999923706055,1.4079999923706055,1.4079999923706055,1.4079999923706055,1.3980000019073486,...,0.0,0.0,0.0,0.0,0.0,0.0,0.0,0.0,0.0,0.0,0.0,0.0,0.0,0.0,0.0,0.0,0.0,0.0,0.0,47.0,47.0,47.0,47.0,47.0,0.0,0.0,0.0,0.0,0.0,0.0,0.0,0.0,0.0,0.0,0.0,0.0,0.0,0.0,0.0,0.0,0.0,0.0,0.0,0.0,0.0,0.0,0.0,0.0,0.0,0.0,0.0,0.0,0.0,0.0,0.0,0.0,0.0,0.0,0.0,0.0,0.0,0.0,0.0,0.0,0.0,0.0,0.0,0.0,0.0,0.0,0.0,0.0,0.0,0.0,0.0,0.0,0.0,0.0,0.0,0.0,0.0,0.0,0.0,0.0,0.0,0.0,0.0,0.0,0.0,0.0,47.0,47.0,47.0,47.0,47.0,0.0,0.0,0.0,0.0,0.0,0.0,0.0,0.0,0.0,0.0,0.0,0.0,0.0,0.0,0.0,0.0,0.0,0.0,0.0,0.0,0.0,0.0,0.0,0.0,0.0,0.0,0.0,0.0,0.0,0.0,47.0,47.0,47.0,...
1763031631,942606966,laser,-3.1241390705108643,3.1415927410125732,0.0034828970674425364,5.388046338339336e-05,0.09693095088005066,0.15000000596046448,16.0,inf,inf,inf,inf,inf,inf,inf,inf,inf,inf,inf,inf,inf,inf,inf,inf,inf,inf,inf,inf,inf,inf,inf,inf,inf,inf,inf,inf,inf,10.479999542236328,10.479999542236328,10.479999542236328,10.479999542236328,10.479999542236328,inf,inf,inf,inf,inf,inf,inf,inf,inf,inf,inf,inf,inf,inf,inf,inf,inf,inf,3.759999990463257,3.759999990463257,3.759999990463257,3.759999990463257,3.759999990463257,3.747999906539917,3.747999906539917,3.747999906539917,3.740000009536743,3.740000009536743,3.740000009536743,3.74399995803833,3.747999906539917,3.752000093460083,2.888000011444092,2.888000011444092,2.888000011444092,2.888000011444092,2.8239998817443848,2.7639999389648438,2.7079999446868896,2.6480000019073486,2.5999999046325684,2.5999999046325684,2.5439999103546143,2.48799991607666,2.440000057220459,2.3919999599456787,2.3480000495910645,2.299999952316284,2.2760000228881836,2.247999906539917,2.247999906539917,2.1600000858306885,2.1600000858306885,2.115999937057495,2.0840001106262207,2.055999994277954,2.0199999809265137,1.99399995803833,1.9759999513626099,1.9520000219345093,1.9320000410079956,1.9320000410079956,1.9240000247955322,1.9140000343322754,1.8980000019073486,1.8799999952316284,1.8600000143051147,1.8380000591278076,1.8140000104904175,1.7879999876022339,1.7640000581741333,1.7640000581741333,1.74399995803833,1.7239999771118164,1.7020000219345093,1.6820000410079956,1.6619999408721924,1.6339999437332153,1.5140000581741333,1.50600004196167,1.50600004196167,1.4900000095367432,1.4819999933242798,1.4819999933242798,inf,inf,inf,inf,1.399999976158142,1.399999976158142,1.399999976158142,1.399999976158142,1.399999976158142,1.3860000371932983,...,0.0,0.0,0.0,0.0,0.0,0.0,0.0,0.0,0.0,0.0,0.0,0.0,0.0,0.0,0.0,0.0,0.0,0.0,0.0,0.0,0.0,0.0,0.0,0.0,0.0,0.0,0.0,0.0,0.0,0.0,0.0,0.0,0.0,0.0,0.0,0.0,0.0,0.0,0.0,0.0,0.0,0.0,0.0,0.0,0.0,0.0,0.0,0.0,0.0,0.0,0.0,0.0,0.0,0.0,0.0,0.0,0.0,0.0,0.0,0.0,0.0,0.0,0.0,0.0,0.0,0.0,0.0,0.0,0.0,0.0,0.0,0.0,0.0,0.0,0.0,0.0,0.0,0.0,0.0,0.0,0.0,0.0,0.0,0.0,0.0,0.0,0.0,0.0,0.0,47.0,47.0,47.0,47.0,47.0,0.0,0.0,0.0,0.0,0.0,0.0,0.0,0.0,0.0,0.0,0.0,0.0,0.0,0.0,0.0,0.0,0.0,0.0,0.0,0.0,0.0,0.0,0.0,0.0,0.0,0.0,0.0,0.0,0.0,0.0,47.0,47.0,47.0,47.0,...
1763031632,41167952,laser,-3.1241390705108643,3.1415927410125732,0.0034828970674425364,5.364265598473139e-05,0.09650313854217529,0.15000000596046448,16.0,inf,inf,inf,inf,inf,inf,inf,inf,inf,inf,inf,inf,inf,inf,inf,inf,inf,inf,inf,inf,inf,inf,inf,inf,inf,inf,inf,inf,inf,10.48799991607666,10.48799991607666,10.48799991607666,10.48799991607666,10.48799991607666,inf,inf,inf,inf,inf,inf,inf,inf,inf,inf,inf,inf,inf,inf,inf,inf,inf,inf,3.75600004196167,3.75600004196167,3.75600004196167,3.75600004196167,3.75600004196167,3.74399995803833,3.74399995803833,3.74399995803833,3.7360000610351562,3.7360000610351562,3.7360000610351562,3.747999906539917,3.747999906539917,3.752000093460083,2.8959999084472656,2.8959999084472656,2.8959999084472656,2.8959999084472656,2.8359999656677246,2.7760000228881836,2.7079999446868896,2.6519999504089355,2.6080000400543213,2.6080000400543213,2.559999942779541,2.496000051498413,2.440000057220459,2.3919999599456787,2.3480000495910645,2.303999900817871,2.2760000228881836,2.196000099182129,2.196000099182129,2.1640000343322754,2.1640000343322754,2.119999885559082,2.0880000591278076,2.055999994277954,2.0199999809265137,1.9900000095367432,1.965999960899353,1.944000005722046,1.9119999408721924,1.9119999408721924,1.8639999628067017,1.8639999628067017,1.8420000076293945,1.8200000524520874,1.8179999589920044,1.812000036239624,1.8040000200271606,1.7879999876022339,1.7640000581741333,1.7640000581741333,1.74399995803833,1.7259999513626099,1.7059999704360962,1.6859999895095825,1.6640000343322754,1.6419999599456787,1.5260000228881836,1.50600004196167,1.50600004196167,1.4900000095367432,1.4819999933242798,1.468000054359436,1.468000054359436,1.468000054359436,inf,1.399999976158142,1.399999976158142,1.399999976158142,1.399999976158142,1.399999976158142,1.3860000371932983,1.3860000371932983,...,0.0,0.0,0.0,0.0,0.0,0.0,0.0,0.0,0.0,0.0,0.0,0.0,0.0,0.0,0.0,0.0,0.0,0.0,0.0,0.0,0.0,0.0,0.0,0.0,0.0,0.0,0.0,0.0,0.0,0.0,0.0,0.0,0.0,0.0,0.0,0.0,0.0,0.0,0.0,0.0,0.0,0.0,0.0,0.0,0.0,0.0,0.0,0.0,0.0,0.0,0.0,0.0,0.0,0.0,0.0,0.0,0.0,0.0,0.0,0.0,0.0,0.0,0.0,0.0,0.0,0.0,0.0,0.0,0.0,0.0,0.0,0.0,0.0,0.0,0.0,0.0,0.0,0.0,0.0,0.0,0.0,0.0,0.0,0.0,0.0,0.0,0.0,0.0,0.0,0.0,0.0,0.0,0.0,0.0,0.0,0.0,0.0,0.0,0.0,0.0,0.0,0.0,0.0,0.0,0.0,0.0,0.0,0.0,0.0,0.0,0.0,0.0,0.0,0.0,0.0,0.0,0.0,0.0,0.0,0.0,0.0,0.0,0.0,0.0,0.0,0.0,0.0,0.0,...
1763031632,139284425,laser,-3.1241390705108643,3.1415927410125732,0.0034828970674425364,5.7167762861354277e-05,0.10284480452537537,0.15000000596046448,16.0,inf,inf,inf,inf,inf,inf,inf,inf,inf,inf,inf,inf,inf,inf,inf,inf,inf,inf,inf,inf,inf,inf,inf,inf,inf,inf,inf,inf,inf,inf,inf,inf,inf,inf,inf,inf,inf,inf,inf,inf,inf,inf,inf,inf,inf,inf,inf,inf,inf,inf,inf,inf,inf,inf,3.75600004196167,3.75600004196167,3.75600004196167,3.75600004196167,3.75600004196167,3.74399995803833,3.7360000610351562,3.7360000610351562,3.7360000610351562,3.74399995803833,3.747999906539917,3.752000093460083,2.8919999599456787,2.8919999599456787,2.8919999599456787,2.8320000171661377,2.8320000171661377,2.7720000743865967,2.7720000743865967,2.6519999504089355,2.6519999504089355,2.5959999561309814,2.5439999103546143,2.492000102996826,2.440000057220459,2.380000114440918,2.3359999656677246,2.299999952316284,2.2760000228881836,2.2760000228881836,2.247999906539917,2.196000099182129,2.1519999504089355,2.111999988555908,2.0840001106262207,2.055999994277954,2.0199999809265137,1.9919999837875366,1.9600000381469727,1.9600000381469727,1.9259999990463257,1.9040000438690186,1.8799999952316284,1.8700000047683716,1.8600000143051147,1.850000023841858,1.8420000076293945,1.8220000267028809,1.8220000267028809,1.8020000457763672,1.7860000133514404,1.7640000581741333,1.7419999837875366,1.722000002861023,1.7020000219345093,1.6820000410079956,1.659999966621399,1.659999966621399,1.5160000324249268,1.5160000324249268,1.5019999742507935,1.5019999742507935,1.4900000095367432,1.4739999771118164,inf,inf,inf,1.4040000438690186,1.4040000438690186,1.4040000438690186,1.4040000438690186,1.4040000438690186,1.3940000534057617,1.3940000534057617,...,0.0,0.0,0.0,0.0,0.0,0.0,0.0,0.0,0.0,0.0,0.0,0.0,0.0,0.0,0.0,0.0,0.0,0.0,0.0,0.0,0.0,0.0,0.0,0.0,0.0,0.0,0.0,0.0,0.0,0.0,0.0,0.0,0.0,0.0,0.0,0.0,0.0,0.0,0.0,0.0,0.0,0.0,0.0,0.0,0.0,0.0,0.0,0.0,0.0,0.0,0.0,0.0,0.0,0.0,0.0,0.0,0.0,0.0,0.0,0.0,0.0,0.0,0.0,0.0,0.0,0.0,0.0,0.0,47.0,47.0,47.0,47.0,47.0,0.0,0.0,0.0,0.0,0.0,0.0,0.0,0.0,0.0,0.0,0.0,0.0,0.0,0.0,0.0,0.0,0.0,0.0,0.0,0.0,0.0,0.0,0.0,0.0,0.0,0.0,0.0,0.0,0.0,0.0,0.0,0.0,0.0,0.0,0.0,0.0,0.0,0.0,0.0,0.0,0.0,0.0,0.0,0.0,0.0,0.0,0.0,0.0,0.0,0.0,0.0,0.0,0.0,0.0,0.0,...
1763031632,243306157,laser,-3.1241390705108643,3.1415927410125732,0.0034828970674425364,5.392229650169611e-05,0.09700620919466019,0.15000000596046448,16.0,inf,inf,inf,inf,inf,inf,inf,inf,inf,inf,inf,inf,inf,inf,inf,inf,inf,inf,inf,inf,inf,inf,inf,inf,inf,inf,inf,inf,inf,inf,inf,inf,inf,inf,inf,inf,inf,inf,inf,inf,inf,inf,inf,inf,inf,inf,inf,inf,inf,inf,inf,inf,3.75600004196167,3.75600004196167,3.75600004196167,3.75600004196167,3.75600004196167,3.740000009536743,3.740000009536743,3.740000009536743,3.7360000610351562,3.740000009536743,3.747999906539917,3.752000093460083,3.752000093460083,3.752000093460083,2.8959999084472656,2.8959999084472656,2.8959999084472656,2.8959999084472656,2.8320000171661377,2.7720000743865967,2.7119998931884766,2.6519999504089355,2.5999999046325684,2.5480000972747803,2.496000051498413,2.496000051498413,2.3919999599456787,2.3919999599456787,2.3480000495910645,2.299999952316284,2.2760000228881836,2.187999963760376,2.187999963760376,2.1559998989105225,2.119999885559082,2.119999885559082,2.0880000591278076,2.055999994277954,2.0239999294281006,2.009999990463257,2.0,1.9819999933242798,1.972000002861023,1.9559999704360962,1.9559999704360962,1.937999963760376,1.9179999828338623,1.8899999856948853,1.8660000562667847,1.8420000076293945,1.815999984741211,1.7879999876022339,1.7640000581741333,1.7640000581741333,1.7259999513626099,1.7259999513626099,1.7059999704360962,1.6820000410079956,1.6619999408721924,1.6380000114440918,1.5199999809265137,1.50600004196167,1.50600004196167,1.4900000095367432,1.4800000190734863,1.4620000123977661,1.4620000123977661,1.4259999990463257,1.4259999990463257,1.4259999990463257,1.4259999990463257,1.399999976158142,1.399999976158142,1.399999976158142,1.399999976158142,1.3860000371932983,...,0.0,0.0,0.0,0.0,0.0,0.0,0.0,0.0,0.0,0.0,0.0,0.0,0.0,0.0,0.0,0.0,0.0,0.0,0.0,0.0,0.0,0.0,0.0,0.0,0.0,0.0,0.0,0.0,0.0,0.0,0.0,0.0,0.0,0.0,0.0,0.0,0.0,0.0,0.0,0.0,0.0,0.0,0.0,0.0,0.0,0.0,0.0,0.0,0.0,0.0,0.0,0.0,0.0,0.0,0.0,0.0,0.0,0.0,0.0,0.0,0.0,0.0,0.0,0.0,0.0,0.0,0.0,0.0,0.0,0.0,0.0,0.0,0.0,0.0,0.0,0.0,0.0,0.0,0.0,0.0,0.0,0.0,0.0,0.0,0.0,0.0,0.0,0.0,0.0,0.0,0.0,0.0,0.0,0.0,0.0,0.0,0.0,0.0,0.0,0.0,0.0,0.0,0.0,0.0,0.0,0.0,0.0,0.0,0.0,0.0,0.0,0.0,0.0,0.0,0.0,0.0,0.0,0.0,0.0,0.0,0.0,0.0,0.0,0.0,0.0,0.0,0.0,0.0,...
1763031632,341297640,laser,-3.1241390705108643,3.1415927410125732,0.0034828970674425364,5.406446143751964e-05,0.09726196527481079,0.15000000596046448,16.0,inf,inf,inf,inf,inf,inf,inf,inf,inf,inf,inf,inf,inf,inf,inf,inf,inf,inf,inf,inf,inf,inf,inf,inf,inf,inf,inf,inf,inf,inf,inf,inf,inf,inf,inf,inf,inf,inf,inf,inf,inf,inf,inf,inf,inf,inf,inf,inf,inf,inf,inf,inf,inf,3.864000082015991,3.864000082015991,3.864000082015991,3.864000082015991,3.864000082015991,3.7760000228881836,3.7360000610351562,3.7320001125335693,3.740000009536743,3.747999906539917,3.747999906539917,3.747999906539917,3.747999906539917,2.9000000953674316,2.9000000953674316,2.8359999656677246,2.8359999656677246,2.8359999656677246,2.7760000228881836,2.7239999771118164,2.6640000343322754,2.611999988555908,2.559999942779541,2.496000051498413,2.496000051498413,2.3919999599456787,2.3919999599456787,2.3559999465942383,2.312000036239624,2.2799999713897705,2.187999963760376,2.1679999828338623,2.1679999828338623,2.119999885559082,2.0959999561309814,2.0959999561309814,2.0739998817443848,2.0320000648498535,2.009999990463257,1.99399995803833,1.9639999866485596,1.944000005722046,1.9279999732971191,1.9179999828338623,1.9179999828338623,1.906000018119812,1.8839999437332153,1.8660000562667847,1.8420000076293945,1.815999984741211,1.7899999618530273,1.7660000324249268,1.74399995803833,1.7259999513626099,1.7059999704360962,1.7059999704360962,1.684000015258789,1.6619999408721924,1.6380000114440918,1.5140000581741333,1.5140000581741333,1.50600004196167,1.4919999837875366,1.4620000123977661,inf,inf,1.4259999990463257,1.4259999990463257,1.4259999990463257,1.4259999990463257,1.4259999990463257,1.399999976158142,1.399999976158142,1.399999976158142,1.399999976158142,...,0.0,0.0,0.0,0.0,0.0,0.0,0.0,0.0,0.0,0.0,0.0,0.0,0.0,0.0,0.0,0.0,0.0,0.0,47.0,47.0,47.0,47.0,47.0,0.0,0.0,0.0,0.0,0.0,0.0,0.0,0.0,0.0,0.0,0.0,0.0,0.0,0.0,0.0,0.0,0.0,0.0,0.0,0.0,0.0,0.0,0.0,0.0,0.0,0.0,0.0,0.0,0.0,0.0,0.0,0.0,0.0,0.0,0.0,0.0,0.0,0.0,0.0,0.0,0.0,0.0,0.0,0.0,0.0,0.0,47.0,47.0,47.0,47.0,47.0,0.0,0.0,0.0,0.0,0.0,0.0,0.0,0.0,0.0,0.0,0.0,0.0,0.0,0.0,0.0,0.0,47.0,47.0,47.0,47.0,47.0,0.0,0.0,0.0,0.0,0.0,0.0,0.0,0.0,0.0,0.0,0.0,0.0,0.0,0.0,0.0,0.0,0.0,0.0,0.0,0.0,0.0,0.0,0.0,0.0,0.0,0.0,0.0,0.0,0.0,0.0,0.0,0.0,0.0,...
1763031632,439824667,laser,-3.1241390705108643,3.1415927410125732,0.0034828970674425364,5.397786298999563e-05,0.09710617363452911,0.15000000596046448,16.0,inf,inf,inf,inf,inf,inf,inf,inf,inf,inf,inf,inf,inf,inf,inf,inf,inf,inf,inf,inf,inf,inf,inf,inf,inf,inf,10.46399974822998,10.46399974822998,10.46399974822998,10.46399974822998,10.46399974822998,inf,inf,inf,inf,inf,inf,inf,inf,inf,inf,inf,inf,inf,inf,inf,inf,inf,inf,inf,inf,inf,inf,3.75600004196167,3.75600004196167,3.75600004196167,3.75600004196167,3.75600004196167,3.740000009536743,3.740000009536743,3.7360000610351562,3.740000009536743,3.740000009536743,3.74399995803833,3.752000093460083,3.752000093460083,2.8959999084472656,2.8959999084472656,2.8359999656677246,2.8359999656677246,2.8359999656677246,2.7760000228881836,2.7119998931884766,2.6559998989105225,2.611999988555908,2.611999988555908,2.555999994277954,2.492000102996826,2.440000057220459,2.380000114440918,2.3359999656677246,2.303999900817871,2.2799999713897705,2.252000093460083,2.252000093460083,2.1640000343322754,2.1640000343322754,2.119999885559082,2.0920000076293945,2.058000087738037,2.0239999294281006,1.9900000095367432,1.9600000381469727,1.940000057220459,1.9119999408721924,1.9119999408721924,1.8619999885559082,1.8619999885559082,1.8359999656677246,1.8020000457763672,1.7960000038146973,1.7960000038146973,1.7899999618530273,1.777999997138977,1.777999997138977,1.7599999904632568,1.74399995803833,1.722000002861023,1.7020000219345093,1.6820000410079956,1.659999966621399,1.6380000114440918,1.5180000066757202,1.5180000066757202,1.5,1.4900000095367432,1.4759999513626099,1.4759999513626099,inf,inf,inf,inf,inf,1.409999966621399,1.409999966621399,1.409999966621399,1.409999966621399,1.409999966621399,...,0.0,0.0,0.0,0.0,0.0,0.0,0.0,0.0,0.0,0.0,0.0,0.0,0.0,0.0,0.0,0.0,0.0,0.0,0.0,0.0,0.0,0.0,0.0,0.0,0.0,0.0,0.0,0.0,0.0,0.0,0.0,0.0,0.0,0.0,0.0,0.0,0.0,0.0,0.0,0.0,0.0,0.0,0.0,0.0,0.0,0.0,0.0,0.0,0.0,0.0,0.0,0.0,0.0,0.0,0.0,0.0,0.0,0.0,0.0,0.0,0.0,0.0,0.0,0.0,0.0,0.0,0.0,0.0,0.0,0.0,0.0,0.0,0.0,0.0,0.0,0.0,0.0,0.0,0.0,0.0,0.0,0.0,0.0,0.0,0.0,0.0,0.0,0.0,0.0,47.0,47.0,47.0,47.0,47.0,0.0,0.0,0.0,0.0,0.0,0.0,0.0,0.0,0.0,0.0,0.0,0.0,0.0,0.0,0.0,0.0,0.0,0.0,0.0,0.0,0.0,0.0,0.0,0.0,0.0,0.0,0.0,0.0,0.0,0.0,0.0,0.0,0.0,0.0,...
1763031632,538465509,laser,-3.1241390705108643,3.1415927410125732,0.0034828970674425364,5.3743824537377805e-05,0.09668514132499695,0.15000000596046448,16.0,inf,inf,inf,inf,inf,inf,inf,inf,inf,inf,inf,inf,inf,inf,inf,inf,inf,inf,inf,inf,inf,inf,inf,inf,inf,inf,inf,inf,inf,inf,inf,inf,inf,inf,inf,inf,inf,inf,inf,inf,inf,inf,inf,inf,inf,4.639999866485596,4.639999866485596,4.639999866485596,4.639999866485596,4.639999866485596,inf,inf,3.815999984741211,3.815999984741211,3.815999984741211,3.815999984741211,3.815999984741211,3.75600004196167,3.75600004196167,3.740000009536743,3.7360000610351562,3.7360000610351562,3.740000009536743,3.74399995803833,3.747999906539917,3.752000093460083,2.8919999599456787,2.8919999599456787,2.8919999599456787,2.8919999599456787,2.8320000171661377,2.7679998874664307,2.7679998874664307,2.6519999504089355,2.6519999504089355,2.6080000400543213,2.555999994277954,2.496000051498413,2.440000057220459,2.380000114440918,2.3359999656677246,2.299999952316284,2.2760000228881836,2.2760000228881836,2.247999906539917,2.2039999961853027,2.1600000858306885,2.111999988555908,2.0840001106262207,2.055999994277954,2.0199999809265137,1.99399995803833,1.9620000123977661,1.934000015258789,1.934000015258789,1.9160000085830688,1.9040000438690186,1.8980000019073486,1.8880000114440918,1.8700000047683716,1.8519999980926514,1.8320000171661377,1.809999942779541,1.809999942779541,1.784000039100647,1.7599999904632568,1.7400000095367432,1.7200000286102295,1.7020000219345093,1.6820000410079956,1.659999966621399,1.5099999904632568,1.5099999904632568,1.5019999742507935,1.5019999742507935,1.5019999742507935,1.4880000352859497,1.4739999771118164,inf,inf,inf,inf,1.406000018119812,1.406000018119812,1.406000018119812,1.406000018119812,1.406000018119812,1.3960000276565552,...,0.0,0.0,0.0,0.0,0.0,0.0,0.0,0.0,0.0,0.0,0.0,0.0,0.0,0.0,0.0,0.0,0.0,0.0,0.0,0.0,0.0,0.0,0.0,0.0,0.0,0.0,0.0,0.0,0.0,0.0,0.0,0.0,0.0,0.0,0.0,0.0,0.0,0.0,0.0,0.0,0.0,0.0,0.0,0.0,0.0,0.0,0.0,0.0,0.0,0.0,0.0,0.0,0.0,0.0,0.0,0.0,0.0,0.0,0.0,0.0,0.0,0.0,0.0,0.0,0.0,0.0,0.0,0.0,0.0,0.0,0.0,0.0,0.0,0.0,0.0,0.0,0.0,0.0,0.0,0.0,0.0,0.0,0.0,0.0,0.0,0.0,0.0,0.0,0.0,47.0,47.0,47.0,47.0,47.0,0.0,0.0,0.0,0.0,0.0,0.0,0.0,0.0,0.0,0.0,0.0,0.0,0.0,0.0,0.0,0.0,0.0,0.0,0.0,0.0,0.0,0.0,0.0,0.0,0.0,0.0,0.0,0.0,0.0,0.0,47.0,47.0,47.0,47.0,...
1763031632,636354841,laser,-3.1241390705108643,3.1415927410125732,0.0034828970674425364,5.734263322665356e-05,0.10315939784049988,0.15000000596046448,16.0,inf,inf,inf,inf,inf,inf,inf,inf,inf,inf,inf,inf,inf,inf,inf,inf,inf,inf,inf,inf,inf,inf,inf,inf,inf,inf,inf,inf,inf,10.456000328063965,10.456000328063965,10.456000328063965,10.456000328063965,10.456000328063965,inf,inf,inf,inf,inf,inf,inf,inf,inf,inf,inf,inf,inf,inf,inf,inf,inf,inf,3.75600004196167,3.75600004196167,3.75600004196167,3.75600004196167,3.75600004196167,3.74399995803833,3.74399995803833,3.74399995803833,3.74399995803833,3.7360000610351562,3.7360000610351562,3.74399995803833,3.747999906539917,3.752000093460083,2.8919999599456787,2.8919999599456787,2.8919999599456787,2.8919999599456787,2.8919999599456787,2.8320000171661377,2.7639999389648438,2.7039999961853027,2.6519999504089355,2.5999999046325684,2.5320000648498535,2.4800000190734863,2.436000108718872,2.380000114440918,2.3359999656677246,2.3359999656677246,2.299999952316284,2.25600004196167,2.2279999256134033,2.196000099182129,2.1519999504089355,2.111999988555908,2.0759999752044678,2.0480000972747803,2.0239999294281006,1.9980000257492065,1.9980000257492065,1.9859999418258667,1.9800000190734863,1.965999960899353,1.9539999961853027,1.934000015258789,1.909999966621399,1.8799999952316284,1.8519999980926514,1.8519999980926514,1.8300000429153442,1.805999994277954,1.784000039100647,1.7599999904632568,1.7400000095367432,1.718000054359436,1.6959999799728394,1.6740000247955322,1.6740000247955322,1.656000018119812,1.531999945640564,1.5099999904632568,1.5099999904632568,1.5019999742507935,1.4880000352859497,1.4759999513626099,inf,inf,inf,inf,1.406000018119812,1.406000018119812,1.406000018119812,1.406000018119812,1.406000018119812,1.3940000534057617,...,0.0,0.0,0.0,0.0,0.0,0.0,0.0,0.0,0.0,0.0,0.0,0.0,0.0,0.0,0.0,0.0,0.0,0.0,0.0,0.0,0.0,0.0,0.0,0.0,0.0,0.0,0.0,0.0,0.0,0.0,0.0,0.0,0.0,0.0,0.0,0.0,0.0,0.0,0.0,0.0,0.0,0.0,0.0,0.0,0.0,0.0,0.0,0.0,0.0,0.0,0.0,0.0,0.0,0.0,0.0,0.0,0.0,0.0,0.0,0.0,0.0,0.0,0.0,0.0,0.0,0.0,0.0,0.0,0.0,0.0,0.0,0.0,0.0,0.0,0.0,0.0,0.0,0.0,0.0,0.0,0.0,0.0,0.0,0.0,0.0,0.0,0.0,0.0,0.0,0.0,47.0,47.0,47.0,47.0,47.0,0.0,0.0,0.0,0.0,0.0,0.0,0.0,0.0,0.0,0.0,0.0,0.0,0.0,0.0,0.0,0.0,0.0,0.0,0.0,0.0,0.0,0.0,0.0,0.0,0.0,0.0,0.0,0.0,0.0,0.0,0.0,47.0,47.0,...
1763031632,741126922,laser,-3.1241390705108643,3.1415927410125732,0.0034828970674425364,5.3724736062576994e-05,0.09665080159902573,0.15000000596046448,16.0,inf,inf,inf,inf,inf,inf,inf,inf,inf,inf,inf,inf,inf,inf,inf,inf,inf,inf,inf,inf,inf,inf,inf,inf,inf,inf,inf,inf,inf,10.456000328063965,10.456000328063965,10.456000328063965,10.456000328063965,10.456000328063965,inf,inf,inf,inf,inf,inf,inf,inf,inf,inf,inf,inf,inf,inf,inf,inf,inf,inf,inf,inf,3.75600004196167,3.75600004196167,3.75600004196167,3.75600004196167,3.75600004196167,3.74399995803833,3.7360000610351562,3.7360000610351562,3.7360000610351562,3.74399995803833,3.747999906539917,3.752000093460083,2.8919999599456787,2.8919999599456787,2.8919999599456787,2.828000068664551,2.828000068664551,2.828000068664551,2.7639999389648438,2.7039999961853027,2.6480000019073486,2.6080000400543213,2.4800000190734863,2.4800000190734863,2.436000108718872,2.380000114440918,2.3359999656677246,2.2960000038146973,2.2960000038146973,2.252000093460083,2.2279999256134033,2.196000099182129,2.1519999504089355,2.111999988555908,2.0799999237060547,2.0480000972747803,2.0160000324249268,1.9839999675750732,1.9600000381469727,1.9600000381469727,1.9279999732971191,1.8980000019073486,1.8760000467300415,1.8619999885559082,1.8580000400543213,1.843999981880188,1.8279999494552612,1.8279999494552612,1.8140000104904175,1.7979999780654907,1.7799999713897705,1.7580000162124634,1.7380000352859497,1.718000054359436,1.6959999799728394,1.6740000247955322,1.6740000247955322,1.6540000438690186,1.6260000467300415,1.5099999904632568,1.5099999904632568,1.496000051498413,1.4839999675750732,inf,inf,inf,inf,1.406000018119812,1.406000018119812,1.406000018119812,1.406000018119812,1.406000018119812,1.3899999856948853,1.3899999856948853,...,0.0,0.0,0.0,0.0,0.0,0.0,0.0,0.0,0.0,0.0,0.0,0.0,0.0,0.0,0.0,0.0,0.0,0.0,0.0,0.0,0.0,0.0,0.0,0.0,0.0,0.0,0.0,0.0,0.0,0.0,0.0,0.0,0.0,0.0,0.0,0.0,0.0,0.0,0.0,0.0,0.0,0.0,0.0,0.0,0.0,0.0,0.0,0.0,0.0,0.0,0.0,0.0,0.0,0.0,0.0,0.0,0.0,0.0,0.0,0.0,0.0,0.0,0.0,0.0,0.0,0.0,0.0,0.0,0.0,0.0,0.0,0.0,0.0,0.0,0.0,0.0,0.0,0.0,0.0,0.0,0.0,0.0,0.0,0.0,0.0,0.0,0.0,0.0,0.0,0.0,0.0,0.0,0.0,0.0,0.0,0.0,0.0,0.0,0.0,0.0,0.0,0.0,0.0,0.0,0.0,0.0,0.0,0.0,0.0,0.0,0.0,0.0,0.0,0.0,0.0,0.0,0.0,0.0,0.0,0.0,0.0,0.0,0.0,0.0,0.0,0.0,0.0,0.0,...
1763031632,839157890,laser,-3.1241390705108643,3.1415927410125732,0.0034828970674425364,5.3858682804275304e-05,0.09689177572727203,0.15000000596046448,16.0,inf,inf,inf,inf,inf,inf,inf,inf,inf,inf,inf,inf,inf,inf,inf,inf,inf,inf,inf,inf,inf,inf,inf,inf,inf,inf,inf,inf,10.46399974822998,10.46399974822998,10.46399974822998,10.46399974822998,10.46399974822998,inf,inf,inf,inf,inf,inf,inf,inf,inf,inf,inf,inf,inf,inf,inf,inf,inf,inf,inf,3.9000000953674316,3.9000000953674316,3.9000000953674316,3.9000000953674316,3.9000000953674316,3.815999984741211,3.752000093460083,3.740000009536743,3.740000009536743,3.740000009536743,3.7360000610351562,3.74399995803833,3.747999906539917,3.752000093460083,2.888000011444092,2.888000011444092,2.888000011444092,2.888000011444092,2.8239998817443848,2.759999990463257,2.759999990463257,2.6480000019073486,2.6480000019073486,2.5959999561309814,2.5480000972747803,2.492000102996826,2.431999921798706,2.380000114440918,2.3359999656677246,2.2960000038146973,2.2360000610351562,2.2360000610351562,2.2119998931884766,2.191999912261963,2.1480000019073486,2.1080000400543213,2.0799999237060547,2.0480000972747803,2.007999897003174,1.9759999513626099,1.9559999704360962,1.9559999704360962,1.9179999828338623,1.8940000534057617,1.871999979019165,1.8519999980926514,1.8459999561309814,1.8359999656677246,1.8259999752044678,1.8259999752044678,1.8140000104904175,1.7979999780654907,1.777999997138977,1.75600004196167,1.7319999933242798,1.7139999866485596,1.6959999799728394,1.6720000505447388,1.6720000505447388,1.6540000438690186,1.5099999904632568,1.5099999904632568,1.496000051498413,1.496000051498413,1.4839999675750732,inf,inf,inf,inf,inf,1.399999976158142,1.399999976158142,1.399999976158142,1.399999976158142,1.399999976158142,1.3880000114440918,...,0.0,0.0,0.0,0.0,0.0,0.0,0.0,0.0,0.0,0.0,0.0,0.0,0.0,0.0,0.0,0.0,0.0,0.0,0.0,0.0,0.0,0.0,0.0,0.0,0.0,0.0,0.0,0.0,0.0,0.0,0.0,0.0,0.0,0.0,0.0,0.0,0.0,0.0,0.0,0.0,0.0,0.0,0.0,0.0,0.0,0.0,0.0,0.0,0.0,0.0,0.0,0.0,0.0,0.0,0.0,0.0,0.0,0.0,0.0,0.0,0.0,0.0,0.0,0.0,0.0,0.0,0.0,0.0,0.0,0.0,0.0,0.0,0.0,0.0,0.0,0.0,0.0,0.0,0.0,0.0,0.0,0.0,0.0,0.0,0.0,0.0,0.0,0.0,0.0,0.0,0.0,47.0,47.0,47.0,47.0,47.0,0.0,0.0,0.0,0.0,0.0,0.0,0.0,0.0,0.0,0.0,0.0,0.0,0.0,0.0,0.0,0.0,0.0,0.0,0.0,0.0,0.0,0.0,0.0,0.0,0.0,0.0,0.0,47.0,47.0,47.0,47.0,47.0,...
1763031632,937679575,laser,-3.1241390705108643,3.1415927410125732,0.0034828970674425364,5.370502913137898e-05,0.09661534428596497,0.15000000596046448,16.0,inf,inf,inf,inf,inf,inf,inf,inf,inf,inf,inf,inf,inf,inf,inf,inf,inf,inf,inf,inf,inf,inf,inf,inf,inf,inf,inf,inf,inf,10.51200008392334,10.51200008392334,10.51200008392334,10.51200008392334,10.51200008392334,inf,inf,inf,inf,inf,inf,inf,inf,inf,inf,inf,inf,inf,inf,inf,inf,inf,inf,3.9040000438690186,3.9040000438690186,3.9040000438690186,3.9040000438690186,3.9040000438690186,3.815999984741211,3.752000093460083,3.740000009536743,3.740000009536743,3.740000009536743,3.740000009536743,3.74399995803833,3.747999906539917,3.752000093460083,2.947999954223633,2.884000062942505,2.884000062942505,2.884000062942505,2.815999984741211,2.815999984741211,2.752000093460083,2.687999963760376,2.631999969482422,2.5920000076293945,2.5320000648498535,2.4760000705718994,2.4240000247955322,2.371999979019165,2.3359999656677246,2.2960000038146973,2.2960000038146973,2.2360000610351562,2.2079999446868896,2.191999912261963,2.1480000019073486,2.111999988555908,2.0759999752044678,2.0480000972747803,2.0280001163482666,2.01200008392334,1.9980000257492065,1.9980000257492065,1.9859999418258667,1.9700000286102295,1.9520000219345093,1.9299999475479126,1.906000018119812,1.8799999952316284,1.8519999980926514,1.8519999980926514,1.8220000267028809,1.7979999780654907,1.777999997138977,1.75600004196167,1.7319999933242798,1.7100000381469727,1.687999963760376,1.6699999570846558,1.6699999570846558,1.6480000019073486,1.5199999809265137,1.5199999809265137,1.5080000162124634,1.496000051498413,1.4839999675750732,1.4780000448226929,inf,inf,inf,inf,1.4160000085830688,1.4160000085830688,1.4160000085830688,1.4160000085830688,1.4160000085830688,1.4040000438690186,...,0.0,0.0,0.0,0.0,0.0,0.0,0.0,0.0,0.0,0.0,0.0,0.0,0.0,0.0,0.0,0.0,0.0,0.0,0.0,0.0,0.0,0.0,0.0,0.0,0.0,0.0,0.0,0.0,0.0,0.0,0.0,0.0,0.0,0.0,0.0,0.0,0.0,0.0,0.0,0.0,0.0,0.0,0.0,0.0,0.0,0.0,0.0,0.0,0.0,0.0,0.0,0.0,0.0,0.0,0.0,0.0,0.0,0.0,0.0,0.0,0.0,0.0,0.0,0.0,0.0,0.0,0.0,0.0,0.0,0.0,0.0,0.0,0.0,0.0,0.0,0.0,0.0,0.0,0.0,0.0,0.0,0.0,0.0,0.0,0.0,0.0,0.0,0.0,0.0,0.0,47.0,47.0,47.0,47.0,47.0,0.0,0.0,0.0,0.0,0.0,0.0,0.0,0.0,0.0,0.0,0.0,0.0,0.0,0.0,0.0,0.0,0.0,0.0,0.0,0.0,0.0,0.0,0.0,0.0,0.0,0.0,0.0,0.0,0.0,0.0,0.0,47.0,47.0,...
1763031633,36294674,laser,-3.1241390705108643,3.1415927410125732,0.0034828970674425364,5.352890366339125e-05,0.09629850089550018,0.15000000596046448,16.0,inf,inf,inf,inf,inf,inf,inf,inf,inf,inf,inf,inf,inf,inf,inf,inf,inf,inf,inf,inf,inf,inf,inf,inf,inf,inf,inf,inf,inf,10.503999710083008,10.503999710083008,10.503999710083008,10.503999710083008,10.503999710083008,inf,inf,inf,inf,inf,inf,inf,inf,inf,inf,inf,inf,inf,inf,inf,inf,inf,inf,inf,3.740000009536743,3.740000009536743,3.740000009536743,3.740000009536743,3.740000009536743,3.740000009536743,3.740000009536743,3.740000009536743,3.74399995803833,3.74399995803833,3.74399995803833,3.74399995803833,3.74399995803833,2.9159998893737793,2.8559999465942383,2.8559999465942383,2.8559999465942383,2.8559999465942383,2.7960000038146973,2.740000009536743,2.6640000343322754,2.6040000915527344,2.559999942779541,2.503999948501587,2.503999948501587,2.4600000381469727,2.4040000438690186,2.3480000495910645,2.312000036239624,2.2960000038146973,2.180000066757202,2.1640000343322754,2.1640000343322754,2.119999885559082,2.0959999561309814,2.0959999561309814,2.069999933242798,2.0439999103546143,2.0160000324249268,1.9839999675750732,1.9559999704360962,1.9279999732971191,1.9079999923706055,1.9019999504089355,1.9019999504089355,1.8940000534057617,1.8760000467300415,1.8580000400543213,1.8359999656677246,1.815999984741211,1.7920000553131104,1.7640000581741333,1.7419999837875366,1.7259999513626099,1.7059999704360962,1.7059999704360962,1.6859999895095825,1.6640000343322754,1.6399999856948853,1.5199999809265137,1.5199999809265137,1.5080000162124634,1.4919999837875366,1.4800000190734863,inf,inf,inf,inf,inf,inf,1.399999976158142,1.399999976158142,1.399999976158142,1.399999976158142,1.399999976158142,...,0.0,0.0,0.0,0.0,0.0,0.0,0.0,0.0,0.0,0.0,0.0,0.0,0.0,0.0,0.0,0.0,0.0,0.0,0.0,0.0,0.0,0.0,0.0,0.0,0.0,0.0,0.0,0.0,0.0,0.0,0.0,0.0,0.0,0.0,0.0,0.0,0.0,0.0,0.0,0.0,0.0,0.0,0.0,0.0,0.0,0.0,0.0,0.0,0.0,0.0,0.0,0.0,0.0,0.0,0.0,0.0,0.0,0.0,0.0,0.0,0.0,0.0,0.0,0.0,0.0,0.0,0.0,0.0,0.0,47.0,47.0,47.0,47.0,47.0,0.0,0.0,0.0,0.0,0.0,0.0,0.0,0.0,0.0,0.0,0.0,0.0,0.0,0.0,0.0,0.0,47.0,47.0,47.0,47.0,47.0,0.0,0.0,0.0,0.0,0.0,0.0,0.0,0.0,0.0,0.0,0.0,0.0,0.0,0.0,0.0,0.0,0.0,0.0,0.0,0.0,0.0,0.0,0.0,0.0,0.0,0.0,0.0,0.0,0.0,0.0,0.0,47.0,47.0,...
1763031633,134358407,laser,-3.1241390705108643,3.1415927410125732,0.0034828970674425364,5.362161391531117e-05,0.09646528214216232,0.15000000596046448,16.0,inf,inf,inf,inf,inf,inf,inf,inf,inf,inf,inf,inf,inf,inf,inf,inf,inf,inf,inf,inf,inf,inf,inf,inf,inf,inf,inf,inf,inf,10.383999824523926,10.383999824523926,10.383999824523926,10.383999824523926,10.383999824523926,inf,inf,inf,inf,inf,inf,inf,inf,inf,inf,inf,inf,inf,inf,inf,inf,inf,inf,3.859999895095825,3.859999895095825,3.859999895095825,3.859999895095825,3.859999895095825,3.7799999713897705,3.7799999713897705,3.740000009536743,3.740000009536743,3.74399995803833,3.74399995803833,3.74399995803833,3.74399995803833,3.74399995803833,2.9240000247955322,2.864000082015991,2.864000082015991,2.864000082015991,2.864000082015991,2.7960000038146973,2.7360000610351562,2.680000066757202,2.624000072479248,2.563999891281128,2.5160000324249268,2.4639999866485596,2.4639999866485596,2.4040000438690186,2.359999895095825,2.319999933242798,2.2960000038146973,2.171999931335449,2.1679999828338623,2.1679999828338623,2.131999969482422,2.0999999046325684,2.0999999046325684,2.065999984741211,2.0320000648498535,1.9919999837875366,1.965999960899353,1.9420000314712524,1.909999966621399,1.8799999952316284,1.8580000400543213,1.8300000429153442,1.7999999523162842,1.7999999523162842,1.784000039100647,1.7740000486373901,1.7680000066757202,1.7640000581741333,1.753999948501587,1.7419999837875366,1.7259999513626099,1.7059999704360962,1.7059999704360962,1.6859999895095825,1.6640000343322754,1.6399999856948853,1.5260000228881836,1.5260000228881836,1.5080000162124634,1.4919999837875366,1.4800000190734863,1.4620000123977661,1.4620000123977661,1.4620000123977661,1.4620000123977661,1.434000015258789,1.434000015258789,1.434000015258789,1.4140000343322754,1.4140000343322754,1.4140000343322754,1.4140000343322754,...,0.0,0.0,0.0,0.0,0.0,0.0,0.0,0.0,0.0,0.0,0.0,0.0,0.0,0.0,0.0,0.0,0.0,0.0,0.0,0.0,0.0,0.0,0.0,0.0,0.0,0.0,0.0,0.0,0.0,0.0,0.0,0.0,0.0,0.0,0.0,0.0,0.0,0.0,0.0,0.0,0.0,0.0,0.0,0.0,0.0,0.0,0.0,0.0,0.0,0.0,0.0,0.0,0.0,0.0,0.0,0.0,0.0,0.0,0.0,0.0,0.0,0.0,0.0,0.0,0.0,0.0,0.0,0.0,47.0,47.0,47.0,47.0,47.0,0.0,0.0,0.0,0.0,0.0,0.0,0.0,0.0,0.0,0.0,0.0,0.0,0.0,0.0,0.0,0.0,0.0,0.0,0.0,0.0,0.0,0.0,0.0,0.0,0.0,0.0,0.0,0.0,0.0,0.0,0.0,0.0,0.0,0.0,0.0,0.0,0.0,0.0,0.0,0.0,0.0,0.0,0.0,0.0,0.0,0.0,0.0,0.0,0.0,0.0,0.0,0.0,0.0,0.0,0.0,...
1763031633,232427753,laser,-3.1241390705108643,3.1415927410125732,0.0034828970674425364,5.371405495679937e-05,0.09663157910108566,0.15000000596046448,16.0,inf,inf,inf,inf,inf,inf,inf,inf,inf,inf,inf,inf,inf,inf,inf,inf,inf,inf,inf,inf,inf,inf,inf,inf,inf,inf,inf,inf,inf,10.336000442504883,10.336000442504883,10.336000442504883,10.336000442504883,10.336000442504883,inf,inf,inf,inf,inf,inf,inf,inf,inf,inf,inf,inf,inf,inf,inf,inf,inf,inf,3.7720000743865967,3.7720000743865967,3.7720000743865967,3.7720000743865967,3.7720000743865967,3.740000009536743,3.740000009536743,3.740000009536743,3.7320001125335693,3.7360000610351562,3.74399995803833,3.74399995803833,3.747999906539917,3.752000093460083,2.9040000438690186,2.9040000438690186,2.9040000438690186,2.9040000438690186,2.8440001010894775,2.7920000553131104,2.7239999771118164,2.6559998989105225,2.6080000400543213,2.6080000400543213,2.559999942779541,2.503999948501587,2.447999954223633,2.3919999599456787,2.3480000495910645,2.308000087738037,2.2920000553131104,2.2039999961853027,2.2039999961853027,2.1640000343322754,2.1640000343322754,2.115999937057495,2.0920000076293945,2.068000078201294,2.0280001163482666,1.9980000257492065,1.9759999513626099,1.9479999542236328,1.9240000247955322,1.9240000247955322,1.9119999408721924,1.906000018119812,1.8960000276565552,1.8739999532699585,1.8559999465942383,1.8339999914169312,1.812000036239624,1.7879999876022339,1.7879999876022339,1.7619999647140503,1.7419999837875366,1.722000002861023,1.7020000219345093,1.6859999895095825,1.6640000343322754,1.5140000581741333,1.5140000581741333,1.5,1.5,1.4880000352859497,1.4880000352859497,1.4739999771118164,inf,inf,inf,inf,1.409999966621399,1.409999966621399,1.409999966621399,1.409999966621399,1.409999966621399,1.3980000019073486,...,0.0,0.0,0.0,0.0,0.0,0.0,0.0,0.0,0.0,0.0,0.0,0.0,0.0,0.0,0.0,0.0,0.0,0.0,0.0,0.0,0.0,0.0,0.0,0.0,0.0,0.0,0.0,0.0,0.0,0.0,0.0,0.0,0.0,0.0,0.0,0.0,0.0,0.0,0.0,0.0,0.0,0.0,0.0,0.0,0.0,0.0,0.0,0.0,0.0,0.0,0.0,0.0,0.0,0.0,0.0,0.0,0.0,0.0,0.0,0.0,0.0,0.0,0.0,0.0,0.0,0.0,0.0,0.0,0.0,0.0,0.0,0.0,0.0,0.0,0.0,0.0,0.0,0.0,0.0,0.0,0.0,0.0,0.0,0.0,0.0,0.0,0.0,0.0,0.0,0.0,47.0,47.0,47.0,47.0,47.0,0.0,0.0,0.0,0.0,0.0,0.0,0.0,0.0,0.0,0.0,0.0,0.0,0.0,0.0,0.0,0.0,0.0,0.0,0.0,0.0,0.0,0.0,0.0,0.0,0.0,0.0,0.0,0.0,0.0,0.0,0.0,47.0,47.0,...
1763031633,330897833,laser,-3.1241390705108643,3.1415927410125732,0.0034828970674425364,5.3609215683536604e-05,0.09644298255443573,0.15000000596046448,16.0,inf,inf,inf,inf,inf,inf,inf,inf,inf,inf,inf,inf,inf,inf,inf,inf,inf,inf,inf,inf,inf,inf,inf,inf,inf,inf,inf,inf,10.312000274658203,10.312000274658203,10.312000274658203,10.312000274658203,10.312000274658203,inf,inf,inf,inf,inf,inf,inf,inf,inf,inf,inf,inf,inf,inf,inf,inf,inf,inf,inf,3.799999952316284,3.799999952316284,3.799999952316284,3.799999952316284,3.799999952316284,3.740000009536743,3.740000009536743,3.740000009536743,3.740000009536743,3.740000009536743,3.740000009536743,3.747999906539917,3.747999906539917,3.747999906539917,3.747999906539917,2.875999927520752,2.875999927520752,2.875999927520752,2.875999927520752,2.803999900817871,2.7360000610351562,2.680000066757202,2.624000072479248,2.572000026702881,2.5239999294281006,2.4719998836517334,2.4719998836517334,2.359999895095825,2.359999895095825,2.3239998817443848,2.2880001068115234,2.240000009536743,2.2079999446868896,2.184000015258789,2.140000104904175,2.119999885559082,2.0959999561309814,2.0959999561309814,2.063999891281128,2.0399999618530273,2.0239999294281006,2.0139999389648438,2.0,1.9739999771118164,1.9520000219345093,1.9520000219345093,1.9259999990463257,1.9019999504089355,1.8799999952316284,1.850000023841858,1.8240000009536743,1.7999999523162842,1.777999997138977,1.75600004196167,1.7319999933242798,1.7079999446868896,1.7079999446868896,1.687999963760376,1.6660000085830688,1.6460000276565552,1.5180000066757202,1.5180000066757202,1.5080000162124634,1.4980000257492065,1.4859999418258667,inf,inf,1.4320000410079956,1.4320000410079956,1.4320000410079956,1.4320000410079956,1.4320000410079956,1.409999966621399,1.409999966621399,1.409999966621399,1.399999976158142,...,0.0,0.0,0.0,0.0,0.0,0.0,0.0,0.0,0.0,0.0,0.0,0.0,0.0,0.0,0.0,0.0,0.0,0.0,0.0,47.0,47.0,47.0,47.0,47.0,0.0,0.0,0.0,0.0,0.0,0.0,0.0,0.0,0.0,0.0,0.0,0.0,0.0,0.0,0.0,0.0,0.0,0.0,0.0,0.0,0.0,0.0,0.0,0.0,0.0,0.0,0.0,0.0,0.0,0.0,0.0,0.0,0.0,0.0,0.0,0.0,0.0,0.0,0.0,0.0,0.0,0.0,0.0,0.0,0.0,0.0,0.0,0.0,0.0,0.0,0.0,0.0,0.0,0.0,0.0,0.0,0.0,0.0,0.0,0.0,0.0,0.0,0.0,0.0,0.0,0.0,0.0,0.0,0.0,0.0,0.0,0.0,0.0,0.0,0.0,0.0,0.0,0.0,0.0,0.0,0.0,0.0,0.0,0.0,0.0,0.0,0.0,0.0,0.0,0.0,0.0,0.0,0.0,0.0,0.0,0.0,0.0,0.0,0.0,0.0,0.0,0.0,0.0,0.0,...
1763031633,428818158,laser,-3.1241390705108643,3.1415927410125732,0.0034828970674425364,5.720907938666642e-05,0.10291913151741028,0.15000000596046448,16.0,inf,inf,inf,inf,inf,inf,inf,inf,inf,inf,inf,inf,inf,inf,inf,inf,inf,inf,inf,inf,inf,inf,inf,inf,inf,inf,inf,inf,inf,10.383999824523926,10.383999824523926,10.383999824523926,10.383999824523926,10.383999824523926,inf,inf,inf,inf,inf,inf,inf,inf,inf,inf,inf,inf,inf,inf,inf,inf,inf,3.884000062942505,3.884000062942505,3.884000062942505,3.884000062942505,3.884000062942505,3.799999952316284,3.799999952316284,3.799999952316284,3.74399995803833,3.740000009536743,3.740000009536743,3.740000009536743,3.747999906539917,3.747999906539917,3.747999906539917,2.940000057220459,2.940000057220459,2.940000057220459,2.940000057220459,2.868000030517578,2.7960000038146973,2.7320001125335693,2.6760001182556152,2.624000072479248,2.563999891281128,2.51200008392334,2.4679999351501465,2.4679999351501465,2.364000082015991,2.364000082015991,2.3239998817443848,2.2880001068115234,2.191999912261963,2.191999912261963,2.184000015258789,2.140000104904175,2.1080000400543213,2.1080000400543213,2.072000026702881,2.0439999103546143,2.00600004196167,1.9759999513626099,1.9479999542236328,1.9079999923706055,1.8860000371932983,1.878000020980835,1.8639999628067017,1.850000023841858,1.850000023841858,1.840000033378601,1.8279999494552612,1.815999984741211,1.7940000295639038,1.7719999551773071,1.75,1.7280000448226929,1.7079999446868896,1.7079999446868896,1.687999963760376,1.6660000085830688,1.6460000276565552,1.5080000162124634,1.4919999837875366,1.4919999837875366,1.4919999837875366,1.4800000190734863,1.465999960899353,1.437999963760376,1.437999963760376,1.437999963760376,1.437999963760376,1.437999963760376,1.4140000343322754,1.4140000343322754,1.4140000343322754,1.399999976158142,1.399999976158142,...,0.0,0.0,0.0,0.0,0.0,0.0,0.0,0.0,0.0,0.0,0.0,0.0,0.0,0.0,0.0,0.0,0.0,0.0,47.0,47.0,47.0,47.0,47.0,0.0,0.0,0.0,0.0,0.0,0.0,0.0,0.0,0.0,0.0,0.0,0.0,0.0,0.0,0.0,0.0,0.0,0.0,0.0,0.0,0.0,0.0,0.0,0.0,0.0,0.0,0.0,0.0,0.0,0.0,0.0,0.0,0.0,0.0,0.0,0.0,0.0,0.0,0.0,0.0,0.0,0.0,0.0,0.0,0.0,0.0,0.0,0.0,0.0,0.0,0.0,0.0,0.0,0.0,0.0,0.0,0.0,0.0,0.0,0.0,0.0,0.0,0.0,0.0,0.0,0.0,0.0,47.0,47.0,47.0,47.0,47.0,0.0,0.0,0.0,0.0,0.0,0.0,0.0,0.0,0.0,0.0,0.0,0.0,0.0,0.0,0.0,0.0,0.0,0.0,0.0,0.0,0.0,0.0,0.0,0.0,0.0,0.0,0.0,0.0,0.0,0.0,47.0,47.0,47.0,...
