1763031465,156258216,laser,-3.1241390705108643,3.1415927410125732,0.0034828970674425364,5.40888067916967e-05,0.09730575978755951,0.15000000596046448,16.0,13.663999557495117,13.767999649047852,13.767999649047852,13.86400032043457,13.776000022888184,13.776000022888184,13.776000022888184,13.776000022888184,12.991999626159668,12.991999626159668,12.991999626159668,12.800000190734863,12.800000190734863,12.800000190734863,12.800000190734863,12.807999610900879,12.800000190734863,12.791999816894531,12.784000396728516,12.784000396728516,12.791999816894531,12.791999816894531,12.791999816894531,12.800000190734863,12.824000358581543,12.95199966430664,inf,10.496000289916992,10.496000289916992,10.496000289916992,10.496000289916992,10.496000289916992,inf,inf,inf,inf,inf,inf,inf,inf,inf,inf,inf,inf,inf,inf,inf,inf,inf,inf,inf,3.880000114440918,3.880000114440918,3.880000114440918,3.880000114440918,3.880000114440918,3.7880001068115234,3.7880001068115234,3.740000009536743,3.740000009536743,3.740000009536743,3.74399995803833,3.747999906539917,3.74399995803833,3.747999906539917,2.931999921798706,2.931999921798706,2.931999921798706,2.931999921798706,2.871999979019165,2.871999979019165,2.799999952316284,2.7239999771118164,2.6679999828338623,2.624000072479248,2.568000078201294,2.5160000324249268,2.4760000705718994,2.4159998893737793,2.371999979019165,2.3359999656677246,2.3359999656677246,2.303999900817871,2.2039999961853027,2.2039999961853027,2.187999963760376,2.135999917984009,2.0999999046325684,2.068000078201294,2.0399999618530273,2.0160000324249268,1.9819999933242798,1.9500000476837158,1.9500000476837158,1.9240000247955322,1.9040000438690186,1.8940000534057617,1.8839999437332153,1.8760000467300415,1.8660000562667847,1.8420000076293945,1.8420000076293945,1.8220000267028809,1.7979999780654907,1.7740000486373901,1.753999948501587,1.7319999933242798,1.7100000381469727,1.690000057220459,1.6660000085830688,1.6660000085830688,1.6460000276565552,1.49399995803833,1.49399995803833,1.49399995803833,1.49399995803833,1.4839999675750732,inf,inf,inf,inf,1.399999976158142,1.399999976158142,1.399999976158142,1.399999976158142,1.399999976158142,1.3899999856948853,1.3899999856948853,...,0.0,0.0,0.0,0.0,0.0,0.0,0.0,0.0,0.0,0.0,0.0,0.0,0.0,0.0,0.0,0.0,0.0,0.0,0.0,0.0,0.0,0.0,0.0,0.0,0.0,0.0,0.0,0.0,0.0,0.0,0.0,0.0,0.0,0.0,0.0,0.0,0.0,0.0,0.0,0.0,0.0,0.0,0.0,0.0,0.0,0.0,0.0,0.0,0.0,0.0,0.0,0.0,0.0,0.0,0.0,0.0,0.0,0.0,0.0,0.0,0.0,0.0,0.0,0.0,0.0,0.0,0.0,0.0,0.0,0.0,0.0,0.0,0.0,0.0,0.0,0.0,0.0,0.0,0.0,0.0,0.0,0.0,0.0,0.0,0.0,0.0,0.0,0.0,0.0,0.0,0.0,47.0,47.0,47.0,47.0,47.0,0.0,0.0,0.0,0.0,0.0,0.0,0.0,0.0,0.0,0.0,0.0,0.0,0.0,0.0,0.0,0.0,0.0,0.0,0.0,0.0,0.0,0.0,0.0,0.0,0.0,0.0,0.0,47.0,47.0,47.0,47.0,47.0,...
1763031465,255134476,laser,-3.1241390705108643,3.1415927410125732,0.0034828970674425364,5.370968210627325e-05,0.09662371873855591,0.15000000596046448,16.0,13.583999633789062,13.583999633789062,13.680000305175781,13.784000396728516,13.784000396728516,13.784000396728516,inf,inf,12.824000358581543,12.824000358581543,12.824000358581543,12.824000358581543,12.824000358581543,12.784000396728516,12.784000396728516,12.791999816894531,12.807999610900879,12.784000396728516,12.751999855041504,12.751999855041504,12.760000228881836,12.784000396728516,12.800000190734863,12.800000190734863,12.815999984741211,inf,inf,inf,inf,inf,inf,inf,inf,inf,inf,inf,inf,inf,inf,inf,inf,inf,inf,inf,inf,inf,inf,inf,inf,inf,inf,inf,3.868000030517578,3.868000030517578,3.868000030517578,3.868000030517578,3.868000030517578,3.7880001068115234,3.7880001068115234,3.740000009536743,3.7320001125335693,3.7360000610351562,3.74399995803833,3.74399995803833,3.74399995803833,3.747999906539917,2.8919999599456787,2.8919999599456787,2.8919999599456787,2.8919999599456787,2.8519999980926514,2.799999952316284,2.7239999771118164,2.6600000858306885,2.615999937057495,2.563999891281128,2.563999891281128,2.503999948501587,2.4639999866485596,2.4119999408721924,2.368000030517578,2.3239998817443848,2.2920000553131104,2.1760001182556152,2.1760001182556152,2.171999931335449,2.131999969482422,2.131999969482422,2.0999999046325684,2.068000078201294,2.0360000133514404,2.01200008392334,1.9819999933242798,1.9520000219345093,1.9199999570846558,1.899999976158142,1.8940000534057617,1.8940000534057617,1.8680000305175781,1.8680000305175781,1.8539999723434448,1.8380000591278076,1.8220000267028809,1.7979999780654907,1.7680000066757202,1.746000051498413,1.7300000190734863,1.7059999704360962,1.7059999704360962,1.687999963760376,1.6660000085830688,1.6419999599456787,1.5180000066757202,1.503999948501587,1.503999948501587,1.49399995803833,1.4839999675750732,1.468000054359436,inf,inf,inf,1.3960000276565552,1.3960000276565552,1.3960000276565552,1.3960000276565552,1.3960000276565552,1.3819999694824219,1.3819999694824219,...,0.0,0.0,0.0,0.0,0.0,0.0,0.0,0.0,0.0,0.0,0.0,0.0,0.0,0.0,0.0,0.0,0.0,0.0,0.0,0.0,0.0,0.0,0.0,0.0,0.0,0.0,0.0,0.0,0.0,0.0,0.0,0.0,0.0,0.0,0.0,0.0,0.0,0.0,0.0,0.0,0.0,0.0,0.0,0.0,0.0,0.0,0.0,0.0,0.0,0.0,0.0,0.0,0.0,0.0,0.0,0.0,0.0,0.0,0.0,0.0,0.0,0.0,0.0,0.0,0.0,0.0,0.0,0.0,0.0,0.0,0.0,0.0,0.0,0.0,0.0,0.0,0.0,0.0,0.0,0.0,0.0,0.0,0.0,0.0,0.0,0.0,0.0,0.0,0.0,0.0,47.0,47.0,47.0,47.0,47.0,0.0,0.0,0.0,0.0,0.0,0.0,0.0,0.0,0.0,0.0,0.0,0.0,0.0,0.0,0.0,0.0,0.0,0.0,0.0,0.0,0.0,0.0,0.0,0.0,0.0,0.0,0.0,0.0,0.0,0.0,47.0,47.0,47.0,...
1763031465,353162182,laser,-3.1241390705108643,3.1415927410125732,0.0034828970674425364,5.3837327868677676e-05,0.0968533530831337,0.15000000596046448,16.0,13.576000213623047,13.576000213623047,13.576000213623047,13.67199993133545,13.767999649047852,13.767999649047852,inf,inf,12.824000358581543,12.824000358581543,12.824000358581543,12.824000358581543,12.824000358581543,12.800000190734863,12.800000190734863,12.791999816894531,12.800000190734863,12.800000190734863,12.800000190734863,12.760000228881836,12.744000434875488,12.776000022888184,12.791999816894531,12.791999816894531,12.791999816894531,12.800000190734863,inf,inf,inf,inf,inf,inf,inf,inf,inf,inf,inf,inf,inf,inf,inf,inf,inf,inf,inf,inf,inf,inf,inf,inf,inf,inf,inf,inf,3.75600004196167,3.75600004196167,3.75600004196167,3.75600004196167,3.75600004196167,3.7360000610351562,3.7320001125335693,3.7360000610351562,3.7360000610351562,3.74399995803833,3.747999906539917,3.752000093460083,2.8959999084472656,2.8959999084472656,2.8959999084472656,2.8320000171661377,2.8320000171661377,2.7760000228881836,2.7200000286102295,2.6559998989105225,2.615999937057495,2.615999937057495,2.563999891281128,2.503999948501587,2.4600000381469727,2.4000000953674316,2.3440001010894775,2.303999900817871,2.2839999198913574,2.196000099182129,2.196000099182129,2.1600000858306885,2.1600000858306885,2.119999885559082,2.0920000076293945,2.052000045776367,2.0199999809265137,2.002000093460083,1.9819999933242798,1.9559999704360962,1.9320000410079956,1.9320000410079956,1.9160000085830688,1.9079999923706055,1.8960000276565552,1.8739999532699585,1.8539999723434448,1.8380000591278076,1.815999984741211,1.7899999618530273,1.7640000581741333,1.7640000581741333,1.74399995803833,1.7239999771118164,1.7039999961853027,1.6859999895095825,1.6640000343322754,1.6380000114440918,1.5180000066757202,1.5180000066757202,1.503999948501587,1.4919999837875366,inf,inf,inf,inf,inf,inf,inf,inf,1.4019999504089355,1.4019999504089355,1.4019999504089355,1.4019999504089355,...,0.0,47.0,47.0,47.0,47.0,47.0,0.0,0.0,0.0,0.0,0.0,0.0,0.0,0.0,0.0,0.0,0.0,0.0,0.0,0.0,0.0,0.0,0.0,0.0,0.0,0.0,0.0,0.0,0.0,0.0,0.0,0.0,0.0,0.0,0.0,0.0,0.0,0.0,0.0,0.0,0.0,0.0,0.0,0.0,0.0,0.0,0.0,0.0,0.0,0.0,0.0,0.0,0.0,0.0,0.0,0.0,0.0,0.0,0.0,0.0,0.0,0.0,0.0,0.0,0.0,0.0,0.0,0.0,0.0,0.0,0.0,0.0,0.0,0.0,0.0,0.0,0.0,0.0,0.0,0.0,0.0,0.0,0.0,0.0,0.0,0.0,0.0,0.0,0.0,0.0,0.0,0.0,0.0,0.0,0.0,0.0,0.0,0.0,0.0,0.0,0.0,0.0,0.0,0.0,0.0,0.0,0.0,0.0,0.0,0.0,0.0,0.0,0.0,0.0,0.0,0.0,0.0,0.0,0.0,0.0,0.0,0.0,0.0,0.0,0.0,0.0,0.0,0.0,...
1763031465,451115796,laser,-3.1241390705108643,3.1415927410125732,0.0034828970674425364,5.743262227042578e-05,0.10332128405570984,0.15000000596046448,16.0,13.67199993133545,13.67199993133545,13.576000213623047,13.663999557495117,13.760000228881836,13.760000228881836,13.760000228881836,13.760000228881836,12.815999984741211,12.815999984741211,12.815999984741211,12.815999984741211,12.800000190734863,12.800000190734863,12.800000190734863,12.800000190734863,12.800000190734863,12.791999816894531,12.784000396728516,12.760000228881836,12.744000434875488,12.776000022888184,12.800000190734863,12.800000190734863,12.800000190734863,12.776000022888184,inf,inf,inf,inf,inf,inf,inf,inf,inf,inf,inf,inf,inf,inf,inf,inf,inf,inf,inf,inf,inf,inf,inf,inf,inf,inf,inf,3.859999895095825,3.859999895095825,3.859999895095825,3.859999895095825,3.859999895095825,3.7760000228881836,3.7360000610351562,3.7320001125335693,3.740000009536743,3.740000009536743,3.747999906539917,3.747999906539917,3.747999906539917,2.9000000953674316,2.9000000953674316,2.8359999656677246,2.8359999656677246,2.8359999656677246,2.7799999713897705,2.7239999771118164,2.6600000858306885,2.615999937057495,2.615999937057495,2.563999891281128,2.503999948501587,2.4600000381469727,2.4000000953674316,2.3559999465942383,2.315999984741211,2.2839999198913574,2.184000015258789,2.1600000858306885,2.1600000858306885,2.1600000858306885,2.119999885559082,2.0959999561309814,2.072000026702881,2.0339999198913574,2.003999948501587,1.9819999933242798,1.9520000219345093,1.9220000505447388,1.9220000505447388,1.9079999923706055,1.9040000438690186,1.8940000534057617,1.8739999532699585,1.8559999465942383,1.8380000591278076,1.815999984741211,1.7920000553131104,1.7660000324249268,1.7660000324249268,1.74399995803833,1.7259999513626099,1.7059999704360962,1.6859999895095825,1.6660000085830688,1.6419999599456787,1.5140000581741333,1.5140000581741333,1.503999948501587,1.4919999837875366,1.465999960899353,1.465999960899353,inf,1.4259999990463257,1.4259999990463257,1.4259999990463257,1.4259999990463257,1.4259999990463257,1.4019999504089355,1.4019999504089355,1.4019999504089355,1.4019999504089355,...,0.0,0.0,0.0,0.0,0.0,0.0,0.0,0.0,0.0,0.0,0.0,0.0,0.0,0.0,0.0,0.0,0.0,0.0,0.0,0.0,0.0,0.0,0.0,0.0,0.0,0.0,0.0,0.0,0.0,0.0,0.0,0.0,0.0,0.0,0.0,0.0,0.0,0.0,0.0,0.0,0.0,0.0,0.0,0.0,0.0,0.0,0.0,0.0,0.0,0.0,0.0,0.0,0.0,0.0,0.0,0.0,0.0,0.0,0.0,0.0,0.0,0.0,0.0,0.0,0.0,0.0,0.0,0.0,0.0,0.0,0.0,0.0,0.0,0.0,0.0,0.0,0.0,0.0,0.0,0.0,0.0,0.0,0.0,0.0,0.0,0.0,0.0,0.0,0.0,0.0,0.0,0.0,0.0,0.0,0.0,0.0,0.0,0.0,0.0,0.0,0.0,0.0,0.0,0.0,0.0,0.0,0.0,0.0,0.0,0.0,0.0,0.0,0.0,0.0,0.0,0.0,0.0,0.0,0.0,0.0,0.0,0.0,0.0,0.0,0.0,0.0,0.0,0.0,...
1763031465,555710526,laser,-3.1241390705108643,3.1415927410125732,0.0034828970674425364,5.3917236073175445e-05,0.09699710458517075,0.15000000596046448,16.0,13.600000381469727,13.600000381469727,13.600000381469727,13.680000305175781,13.760000228881836,13.760000228881836,13.760000228881836,inf,inf,12.815999984741211,12.815999984741211,12.815999984741211,12.815999984741211,12.815999984741211,12.800000190734863,12.791999816894531,12.791999816894531,12.791999816894531,12.800000190734863,12.776000022888184,12.751999855041504,12.776000022888184,12.800000190734863,12.800000190734863,12.800000190734863,12.776000022888184,inf,inf,inf,inf,inf,inf,inf,inf,inf,inf,inf,inf,inf,inf,inf,inf,inf,inf,inf,inf,inf,inf,inf,inf,3.880000114440918,3.880000114440918,3.880000114440918,3.880000114440918,3.880000114440918,3.7880001068115234,3.7880001068115234,3.7880001068115234,3.7360000610351562,3.7360000610351562,3.7360000610351562,3.74399995803833,3.747999906539917,3.747999906539917,3.747999906539917,2.931999921798706,2.931999921798706,2.931999921798706,2.868000030517578,2.868000030517578,2.868000030517578,2.7960000038146973,2.7279999256134033,2.6679999828338623,2.619999885559082,2.563999891281128,2.5160000324249268,2.4719998836517334,2.4119999408721924,2.368000030517578,2.328000068664551,2.328000068664551,2.299999952316284,2.184000015258789,2.184000015258789,2.184000015258789,2.1480000019073486,2.115999937057495,2.072000026702881,2.0339999198913574,2.003999948501587,2.003999948501587,1.9800000190734863,1.9459999799728394,1.909999966621399,1.8899999856948853,1.8839999437332153,1.871999979019165,1.8639999628067017,1.8539999723434448,1.8539999723434448,1.8359999656677246,1.815999984741211,1.7940000295639038,1.7719999551773071,1.7480000257492065,1.7259999513626099,1.7079999446868896,1.687999963760376,1.687999963760376,1.6660000085830688,1.6460000276565552,1.5080000162124634,1.5080000162124634,1.5080000162124634,1.496000051498413,1.4819999933242798,inf,inf,inf,inf,inf,inf,1.3980000019073486,1.3980000019073486,1.3980000019073486,1.3980000019073486,1.3980000019073486,...,47.0,47.0,47.0,47.0,47.0,0.0,0.0,0.0,0.0,0.0,0.0,0.0,0.0,0.0,0.0,0.0,0.0,0.0,0.0,0.0,0.0,0.0,0.0,0.0,0.0,0.0,0.0,0.0,0.0,0.0,0.0,0.0,0.0,0.0,0.0,0.0,0.0,0.0,0.0,0.0,0.0,0.0,0.0,0.0,0.0,0.0,0.0,0.0,0.0,0.0,0.0,0.0,0.0,0.0,0.0,0.0,0.0,0.0,0.0,0.0,0.0,0.0,0.0,0.0,0.0,0.0,0.0,0.0,0.0,0.0,0.0,47.0,47.0,47.0,47.0,47.0,0.0,0.0,0.0,0.0,0.0,0.0,0.0,0.0,0.0,0.0,0.0,0.0,0.0,47.0,47.0,47.0,47.0,47.0,0.0,0.0,0.0,0.0,0.0,0.0,0.0,0.0,0.0,0.0,0.0,0.0,0.0,0.0,0.0,0.0,0.0,0.0,0.0,0.0,0.0,0.0,0.0,0.0,0.0,0.0,0.0,0.0,0.0,0.0,47.0,47.0,47.0,47.0,...
1763031465,654221635,laser,-3.1241390705108643,3.1415927410125732,0.0034828970674425364,5.3711413784185424e-05,0.09662683308124542,0.15000000596046448,16.0,13.600000381469727,13.704000473022461,13.704000473022461,13.767999649047852,13.767999649047852,13.767999649047852,13.767999649047852,13.767999649047852,12.86400032043457,12.86400032043457,12.86400032043457,12.791999816894531,12.791999816894531,12.791999816894531,12.791999816894531,12.800000190734863,12.807999610900879,12.791999816894531,12.767999649047852,12.760000228881836,12.760000228881836,12.784000396728516,12.815999984741211,12.815999984741211,12.815999984741211,inf,inf,10.399999618530273,10.399999618530273,10.399999618530273,10.399999618530273,10.399999618530273,inf,inf,inf,inf,inf,inf,inf,inf,inf,inf,inf,inf,inf,inf,inf,inf,inf,inf,inf,inf,inf,3.7920000553131104,3.7920000553131104,3.7920000553131104,3.7920000553131104,3.7920000553131104,3.740000009536743,3.740000009536743,3.740000009536743,3.74399995803833,3.747999906539917,3.747999906539917,3.747999906539917,2.931999921798706,2.931999921798706,2.931999921798706,2.868000030517578,2.868000030517578,2.868000030517578,2.799999952316284,2.7279999256134033,2.6679999828338623,2.619999885559082,2.563999891281128,2.5160000324249268,2.4719998836517334,2.4159998893737793,2.368000030517578,2.3359999656677246,2.3359999656677246,2.303999900817871,2.187999963760376,2.187999963760376,2.184000015258789,2.135999917984009,2.1040000915527344,2.063999891281128,2.0360000133514404,2.0139999389648438,1.9800000190734863,1.9800000190734863,1.9459999799728394,1.9160000085830688,1.9040000438690186,1.8980000019073486,1.8880000114440918,1.878000020980835,1.8639999628067017,1.840000033378601,1.840000033378601,1.8220000267028809,1.7979999780654907,1.7719999551773071,1.75,1.7280000448226929,1.7079999446868896,1.687999963760376,1.6660000085830688,1.6660000085830688,1.6460000276565552,1.5299999713897705,1.5299999713897705,1.5080000162124634,1.4980000257492065,1.4859999418258667,1.468000054359436,inf,inf,inf,inf,inf,1.3980000019073486,1.3980000019073486,1.3980000019073486,1.3980000019073486,1.3980000019073486,...,0.0,0.0,0.0,0.0,0.0,0.0,0.0,0.0,0.0,0.0,0.0,0.0,0.0,0.0,0.0,0.0,0.0,0.0,0.0,0.0,0.0,0.0,0.0,0.0,0.0,0.0,0.0,0.0,0.0,0.0,0.0,0.0,0.0,0.0,0.0,0.0,0.0,0.0,0.0,0.0,0.0,0.0,0.0,0.0,0.0,0.0,0.0,0.0,0.0,0.0,0.0,0.0,0.0,0.0,0.0,0.0,0.0,0.0,0.0,0.0,0.0,0.0,0.0,0.0,0.0,0.0,0.0,0.0,0.0,0.0,0.0,0.0,0.0,0.0,0.0,0.0,0.0,0.0,0.0,0.0,0.0,0.0,0.0,0.0,0.0,0.0,0.0,0.0,0.0,0.0,0.0,0.0,0.0,0.0,0.0,0.0,0.0,0.0,0.0,0.0,0.0,0.0,0.0,0.0,0.0,0.0,0.0,0.0,0.0,0.0,0.0,0.0,0.0,0.0,0.0,0.0,0.0,0.0,0.0,0.0,0.0,0.0,0.0,0.0,47.0,47.0,47.0,47.0,...
1763031465,752216106,laser,-3.1241390705108643,3.1415927410125732,0.0034828970674425364,5.388495264924131e-05,0.09693902730941772,0.15000000596046448,16.0,13.600000381469727,13.711999893188477,13.711999893188477,13.831999778747559,13.831999778747559,13.831999778747559,13.831999778747559,13.831999778747559,12.871999740600586,12.871999740600586,12.871999740600586,12.807999610900879,12.807999610900879,12.807999610900879,12.807999610900879,12.815999984741211,12.800000190734863,12.784000396728516,12.760000228881836,12.760000228881836,12.760000228881836,12.784000396728516,12.807999610900879,12.807999610900879,12.807999610900879,inf,inf,10.336000442504883,10.336000442504883,10.336000442504883,10.336000442504883,10.336000442504883,inf,inf,inf,inf,inf,inf,inf,inf,inf,inf,inf,inf,inf,inf,inf,inf,inf,inf,inf,inf,3.803999900817871,3.803999900817871,3.803999900817871,3.803999900817871,3.803999900817871,3.747999906539917,3.747999906539917,3.740000009536743,3.740000009536743,3.740000009536743,3.740000009536743,3.74399995803833,3.747999906539917,3.752000093460083,2.875999927520752,2.875999927520752,2.875999927520752,2.875999927520752,2.815999984741211,2.815999984741211,2.752000093460083,2.696000099182129,2.6480000019073486,2.5920000076293945,2.5320000648498535,2.4800000190734863,2.436000108718872,2.384000062942505,2.3359999656677246,2.2960000038146973,2.247999906539917,2.247999906539917,2.196000099182129,2.196000099182129,2.1519999504089355,2.1040000915527344,2.0799999237060547,2.055999994277954,2.0160000324249268,1.9880000352859497,1.968000054359436,1.940000057220459,1.940000057220459,1.9220000505447388,1.9179999828338623,1.906000018119812,1.8880000114440918,1.8680000305175781,1.8519999980926514,1.8300000429153442,1.805999994277954,1.805999994277954,1.784000039100647,1.7580000162124634,1.7359999418258667,1.715999960899353,1.7000000476837158,1.6799999475479126,1.6579999923706055,1.5099999904632568,1.5099999904632568,1.5019999742507935,1.5019999742507935,1.4880000352859497,1.4880000352859497,inf,inf,inf,inf,inf,1.406000018119812,1.406000018119812,1.406000018119812,1.406000018119812,1.406000018119812,1.3940000534057617,...,0.0,0.0,0.0,0.0,0.0,0.0,0.0,0.0,0.0,0.0,0.0,0.0,0.0,0.0,0.0,0.0,0.0,0.0,0.0,0.0,47.0,47.0,47.0,47.0,47.0,0.0,0.0,0.0,0.0,0.0,0.0,0.0,0.0,0.0,0.0,0.0,0.0,0.0,0.0,0.0,0.0,0.0,0.0,0.0,0.0,0.0,0.0,0.0,0.0,0.0,0.0,0.0,0.0,0.0,0.0,0.0,0.0,0.0,0.0,0.0,0.0,0.0,0.0,0.0,0.0,0.0,0.0,0.0,0.0,0.0,0.0,0.0,0.0,0.0,0.0,0.0,0.0,0.0,0.0,0.0,0.0,0.0,0.0,0.0,0.0,0.0,0.0,0.0,0.0,0.0,0.0,0.0,0.0,0.0,0.0,0.0,0.0,0.0,0.0,0.0,0.0,0.0,0.0,0.0,0.0,47.0,47.0,47.0,47.0,47.0,0.0,0.0,0.0,0.0,0.0,0.0,0.0,0.0,0.0,0.0,0.0,0.0,0.0,0.0,47.0,47.0,47.0,47.0,...
1763031465,850009905,laser,-3.1241390705108643,3.1415927410125732,0.0034828970674425364,5.406883065006696e-05,0.09726982563734055,0.15000000596046448,16.0,13.704000473022461,13.704000473022461,13.704000473022461,13.807999610900879,13.815999984741211,13.815999984741211,13.815999984741211,13.784000396728516,13.784000396728516,12.928000450134277,12.928000450134277,12.928000450134277,12.928000450134277,12.807999610900879,12.807999610900879,12.807999610900879,12.791999816894531,12.776000022888184,12.784000396728516,12.784000396728516,12.784000396728516,12.784000396728516,12.784000396728516,12.784000396728516,12.807999610900879,12.920000076293945,inf,inf,inf,10.456000328063965,10.456000328063965,10.456000328063965,10.456000328063965,10.456000328063965,inf,inf,inf,inf,inf,inf,inf,inf,inf,inf,inf,inf,inf,inf,inf,inf,inf,inf,3.888000011444092,3.888000011444092,3.888000011444092,3.888000011444092,3.888000011444092,3.7960000038146973,3.74399995803833,3.74399995803833,3.740000009536743,3.740000009536743,3.74399995803833,3.747999906539917,3.747999906539917,3.752000093460083,3.752000093460083,2.875999927520752,2.875999927520752,2.875999927520752,2.875999927520752,2.815999984741211,2.752000093460083,2.691999912261963,2.635999917984009,2.5799999237060547,2.5280001163482666,2.4760000705718994,2.4240000247955322,2.371999979019165,2.3359999656677246,2.3359999656677246,2.299999952316284,2.200000047683716,2.196000099182129,2.196000099182129,2.1480000019073486,2.1040000915527344,2.0799999237060547,2.052000045776367,2.052000045776367,1.9859999418258667,1.9859999418258667,1.9600000381469727,1.9240000247955322,1.9019999504089355,1.8919999599456787,1.8819999694824219,1.878000020980835,1.8639999628067017,1.8420000076293945,1.8420000076293945,1.8259999752044678,1.8020000457763672,1.7799999713897705,1.7580000162124634,1.7359999418258667,1.7139999866485596,1.694000005722046,1.6720000505447388,1.6720000505447388,1.6540000438690186,1.5080000162124634,1.496000051498413,1.496000051498413,1.496000051498413,1.4819999933242798,1.4759999513626099,inf,inf,inf,inf,1.4019999504089355,1.4019999504089355,1.4019999504089355,1.4019999504089355,1.4019999504089355,1.3919999599456787,...,47.0,47.0,47.0,47.0,47.0,0.0,0.0,0.0,0.0,0.0,0.0,0.0,0.0,0.0,0.0,0.0,0.0,0.0,0.0,0.0,0.0,0.0,0.0,0.0,0.0,0.0,0.0,0.0,0.0,0.0,0.0,0.0,0.0,0.0,0.0,0.0,0.0,0.0,0.0,0.0,0.0,0.0,0.0,0.0,0.0,0.0,0.0,0.0,0.0,0.0,0.0,0.0,0.0,0.0,0.0,0.0,0.0,0.0,0.0,0.0,0.0,0.0,0.0,0.0,0.0,0.0,0.0,0.0,0.0,0.0,0.0,0.0,0.0,0.0,0.0,0.0,0.0,0.0,0.0,0.0,0.0,0.0,0.0,0.0,0.0,0.0,0.0,0.0,0.0,0.0,0.0,0.0,0.0,0.0,0.0,0.0,0.0,0.0,0.0,0.0,0.0,0.0,0.0,0.0,0.0,0.0,47.0,47.0,47.0,47.0,47.0,0.0,0.0,0.0,0.0,0.0,0.0,0.0,0.0,0.0,0.0,0.0,0.0,0.0,0.0,47.0,47.0,47.0,...
1763031465,948019318,laser,-3.1241390705108643,3.1415927410125732,0.0034828970674425364,5.768310438725166e-05,0.10377191007137299,0.15000000596046448,16.0,13.704000473022461,13.704000473022461,13.704000473022461,13.760000228881836,13.760000228881836,13.760000228881836,13.760000228881836,inf,inf,12.831999778747559,12.831999778747559,12.831999778747559,12.831999778747559,12.831999778747559,12.800000190734863,12.800000190734863,12.784000396728516,12.760000228881836,12.751999855041504,12.751999855041504,12.760000228881836,12.776000022888184,12.800000190734863,12.800000190734863,12.800000190734863,inf,inf,inf,inf,10.35200023651123,10.35200023651123,10.35200023651123,10.35200023651123,10.35200023651123,inf,inf,inf,inf,inf,inf,inf,inf,inf,inf,inf,inf,inf,inf,inf,inf,inf,3.875999927520752,3.875999927520752,3.875999927520752,3.875999927520752,3.875999927520752,3.7839999198913574,3.7839999198913574,3.7839999198913574,3.74399995803833,3.7360000610351562,3.740000009536743,3.747999906539917,3.747999906539917,3.747999906539917,3.747999906539917,2.9119999408721924,2.9119999408721924,2.9119999408721924,2.8519999980926514,2.8519999980926514,2.7920000553131104,2.7239999771118164,2.6559998989105225,2.615999937057495,2.563999891281128,2.563999891281128,2.507999897003174,2.4560000896453857,2.4040000438690186,2.368000030517578,2.319999933242798,2.2839999198913574,2.180000066757202,2.180000066757202,2.1760001182556152,2.131999969482422,2.131999969482422,2.1040000915527344,2.068000078201294,2.0399999618530273,2.01200008392334,1.9819999933242798,1.9479999542236328,1.909999966621399,1.8860000371932983,1.878000020980835,1.871999979019165,1.871999979019165,1.8619999885559082,1.8519999980926514,1.8359999656677246,1.8179999589920044,1.7940000295639038,1.7699999809265137,1.7699999809265137,1.7300000190734863,1.7300000190734863,1.7079999446868896,1.6859999895095825,1.6660000085830688,1.6460000276565552,1.527999997138977,1.527999997138977,1.50600004196167,1.49399995803833,1.4819999933242798,1.468000054359436,inf,inf,inf,inf,inf,inf,1.3980000019073486,1.3980000019073486,1.3980000019073486,1.3980000019073486,...,47.0,47.0,47.0,47.0,47.0,0.0,0.0,0.0,0.0,0.0,0.0,0.0,0.0,0.0,0.0,0.0,0.0,0.0,0.0,0.0,0.0,0.0,0.0,0.0,0.0,0.0,0.0,0.0,0.0,0.0,0.0,0.0,0.0,0.0,0.0,0.0,0.0,0.0,0.0,0.0,0.0,0.0,0.0,0.0,0.0,0.0,0.0,0.0,0.0,0.0,0.0,0.0,0.0,0.0,0.0,0.0,0.0,0.0,0.0,0.0,0.0,0.0,0.0,0.0,0.0,0.0,0.0,0.0,0.0,0.0,0.0,0.0,0.0,0.0,0.0,0.0,0.0,0.0,0.0,0.0,0.0,0.0,0.0,0.0,0.0,0.0,0.0,0.0,0.0,47.0,47.0,47.0,47.0,47.0,0.0,0.0,0.0,0.0,0.0,0.0,0.0,0.0,0.0,0.0,0.0,0.0,0.0,0.0,0.0,0.0,0.0,0.0,0.0,0.0,0.0,0.0,0.0,0.0,0.0,0.0,0.0,0.0,0.0,0.0,47.0,47.0,47.0,47.0,...
1763031466,52691684,laser,-3.1241390705108643,3.1415927410125732,0.0034828970674425364,5.4146250477060676e-05,0.09740910679101944,0.15000000596046448,16.0,13.751999855041504,13.751999855041504,13.583999633789062,13.67199993133545,13.751999855041504,13.751999855041504,13.751999855041504,13.751999855041504,12.776000022888184,12.776000022888184,12.776000022888184,12.776000022888184,12.791999816894531,12.791999816894531,12.791999816894531,12.784000396728516,12.784000396728516,12.776000022888184,12.776000022888184,12.767999649047852,12.751999855041504,12.767999649047852,12.784000396728516,12.791999816894531,12.791999816894531,12.767999649047852,inf,inf,inf,inf,inf,inf,inf,inf,inf,inf,inf,inf,inf,inf,inf,inf,inf,inf,inf,inf,inf,inf,inf,inf,inf,inf,3.803999900817871,3.803999900817871,3.803999900817871,3.803999900817871,3.803999900817871,3.747999906539917,3.747999906539917,3.740000009536743,3.740000009536743,3.740000009536743,3.740000009536743,3.74399995803833,3.747999906539917,3.752000093460083,2.884000062942505,2.884000062942505,2.884000062942505,2.884000062942505,2.819999933242798,2.759999990463257,2.759999990463257,2.6440000534057617,2.6440000534057617,2.5920000076293945,2.5320000648498535,2.4719998836517334,2.431999921798706,2.384000062942505,2.3359999656677246,2.2960000038146973,2.24399995803833,2.24399995803833,2.191999912261963,2.191999912261963,2.1440000534057617,2.1040000915527344,2.0799999237060547,2.055999994277954,2.0160000324249268,1.9859999418258667,1.9639999866485596,1.934000015258789,1.934000015258789,1.909999966621399,1.8940000534057617,1.8839999437332153,1.8739999532699585,1.8600000143051147,1.8459999561309814,1.8300000429153442,1.8300000429153442,1.805999994277954,1.7799999713897705,1.7580000162124634,1.7359999418258667,1.7139999866485596,1.694000005722046,1.6740000247955322,1.656000018119812,1.656000018119812,1.5080000162124634,1.496000051498413,1.496000051498413,1.496000051498413,1.4819999933242798,1.4739999771118164,inf,inf,inf,inf,1.4019999504089355,1.4019999504089355,1.4019999504089355,1.4019999504089355,1.4019999504089355,1.3919999599456787,...,0.0,0.0,0.0,0.0,0.0,0.0,0.0,0.0,0.0,0.0,0.0,0.0,0.0,0.0,0.0,0.0,0.0,0.0,0.0,0.0,0.0,0.0,0.0,0.0,0.0,0.0,0.0,0.0,0.0,0.0,0.0,0.0,0.0,0.0,0.0,0.0,0.0,0.0,0.0,0.0,0.0,0.0,0.0,0.0,0.0,0.0,0.0,0.0,0.0,0.0,0.0,0.0,0.0,0.0,0.0,0.0,0.0,0.0,0.0,0.0,0.0,0.0,0.0,0.0,0.0,0.0,0.0,0.0,0.0,0.0,0.0,0.0,0.0,0.0,0.0,0.0,0.0,0.0,0.0,0.0,0.0,0.0,0.0,0.0,0.0,0.0,0.0,0.0,0.0,0.0,0.0,0.0,0.0,0.0,0.0,0.0,0.0,0.0,0.0,0.0,0.0,0.0,0.0,0.0,0.0,0.0,0.0,0.0,0.0,0.0,0.0,0.0,0.0,0.0,0.0,0.0,0.0,0.0,0.0,0.0,0.0,0.0,0.0,0.0,0.0,0.0,0.0,0.0,...
1763031466,151355688,laser,-3.1241390705108643,3.1415927410125732,0.0034828970674425364,5.3966385166859254e-05,0.09708552807569504,0.15000000596046448,16.0,13.736000061035156,13.736000061035156,13.736000061035156,13.847999572753906,13.847999572753906,13.847999572753906,13.847999572753906,13.815999984741211,13.815999984741211,12.904000282287598,12.904000282287598,12.904000282287598,12.904000282287598,12.784000396728516,12.784000396728516,12.791999816894531,12.776000022888184,12.760000228881836,12.760000228881836,12.776000022888184,12.776000022888184,12.776000022888184,12.776000022888184,12.776000022888184,12.800000190734863,12.984000205993652,inf,inf,inf,10.456000328063965,10.456000328063965,10.456000328063965,10.456000328063965,10.456000328063965,inf,inf,inf,inf,inf,inf,inf,inf,inf,inf,inf,inf,inf,inf,inf,inf,3.9079999923706055,3.9079999923706055,3.9079999923706055,3.9079999923706055,3.9079999923706055,3.803999900817871,3.803999900817871,3.803999900817871,3.752000093460083,3.74399995803833,3.74399995803833,3.74399995803833,3.740000009536743,3.74399995803833,3.747999906539917,3.752000093460083,2.884000062942505,2.884000062942505,2.819999933242798,2.819999933242798,2.819999933242798,2.819999933242798,2.759999990463257,2.700000047683716,2.6440000534057617,2.5920000076293945,2.5360000133514404,2.4760000705718994,2.431999921798706,2.384000062942505,2.3399999141693115,2.2960000038146973,2.252000093460083,2.252000093460083,2.191999912261963,2.191999912261963,2.1440000534057617,2.1040000915527344,2.0799999237060547,2.055999994277954,2.0179998874664307,1.9859999418258667,1.9639999866485596,1.937999963760376,1.937999963760376,1.9199999570846558,1.909999966621399,1.899999976158142,1.8880000114440918,1.8660000562667847,1.8459999561309814,1.8300000429153442,1.805999994277954,1.805999994277954,1.781999945640564,1.7580000162124634,1.7359999418258667,1.7139999866485596,1.694000005722046,1.6759999990463257,1.6579999923706055,1.621999979019165,1.5140000581741333,1.5140000581741333,1.5,1.4859999418258667,1.4859999418258667,1.4800000190734863,inf,inf,inf,inf,inf,1.4019999504089355,1.4019999504089355,1.4019999504089355,1.4019999504089355,1.4019999504089355,...,47.0,47.0,47.0,47.0,47.0,0.0,0.0,0.0,0.0,0.0,0.0,0.0,0.0,0.0,0.0,0.0,0.0,0.0,0.0,0.0,0.0,0.0,0.0,0.0,0.0,0.0,0.0,0.0,0.0,0.0,0.0,0.0,0.0,0.0,0.0,0.0,0.0,0.0,0.0,0.0,0.0,0.0,0.0,0.0,0.0,0.0,0.0,0.0,0.0,0.0,0.0,0.0,0.0,0.0,0.0,0.0,0.0,0.0,0.0,0.0,0.0,0.0,0.0,0.0,0.0,0.0,0.0,0.0,0.0,0.0,0.0,0.0,0.0,0.0,0.0,0.0,0.0,0.0,0.0,0.0,0.0,0.0,0.0,0.0,0.0,0.0,0.0,0.0,0.0,0.0,0.0,0.0,0.0,0.0,0.0,0.0,0.0,0.0,0.0,0.0,0.0,0.0,0.0,0.0,0.0,0.0,0.0,0.0,0.0,0.0,0.0,0.0,0.0,0.0,0.0,0.0,0.0,0.0,0.0,0.0,0.0,0.0,0.0,0.0,0.0,47.0,47.0,47.0,...
1763031466,249940021,laser,-3.1241390705108643,3.1415927410125732,0.0034828970674425364,5.375805267249234e-05,0.09671074151992798,0.15000000596046448,16.0,13.607999801635742,13.736000061035156,13.736000061035156,13.791999816894531,13.791999816894531,13.791999816894531,13.791999816894531,13.791999816894531,13.760000228881836,12.911999702453613,12.911999702453613,12.784000396728516,12.784000396728516,12.784000396728516,12.784000396728516,12.791999816894531,12.791999816894531,12.760000228881836,12.760000228881836,12.776000022888184,12.784000396728516,12.784000396728516,12.776000022888184,12.776000022888184,12.807999610900879,12.991999626159668,inf,10.46399974822998,10.46399974822998,10.46399974822998,10.46399974822998,10.46399974822998,inf,inf,inf,inf,inf,inf,inf,inf,inf,inf,inf,inf,inf,inf,inf,inf,inf,inf,inf,inf,3.8480000495910645,3.8480000495910645,3.8480000495910645,3.8480000495910645,3.8480000495910645,3.7760000228881836,3.7760000228881836,3.74399995803833,3.7360000610351562,3.740000009536743,3.752000093460083,3.752000093460083,3.747999906539917,3.747999906539917,2.9079999923706055,2.9079999923706055,2.9079999923706055,2.9079999923706055,2.8519999980926514,2.7880001068115234,2.7239999771118164,2.6679999828338623,2.624000072479248,2.568000078201294,2.568000078201294,2.503999948501587,2.4519999027252197,2.4040000438690186,2.368000030517578,2.319999933242798,2.2920000553131104,2.187999963760376,2.187999963760376,2.171999931335449,2.128000020980835,2.128000020980835,2.0999999046325684,2.068000078201294,2.0360000133514404,2.01200008392334,1.9839999675750732,1.9600000381469727,1.9320000410079956,1.9140000343322754,1.9140000343322754,1.9079999923706055,1.8980000019073486,1.8819999694824219,1.8660000562667847,1.840000033378601,1.8179999589920044,1.7960000038146973,1.7699999809265137,1.7699999809265137,1.7280000448226929,1.7280000448226929,1.7079999446868896,1.687999963760376,1.6640000343322754,1.6419999599456787,1.5160000324249268,1.50600004196167,1.50600004196167,1.496000051498413,1.4839999675750732,1.465999960899353,inf,inf,inf,1.3980000019073486,1.3980000019073486,1.3980000019073486,1.3980000019073486,1.3980000019073486,1.3839999437332153,1.3839999437332153,...,0.0,0.0,0.0,0.0,0.0,0.0,0.0,0.0,0.0,0.0,0.0,0.0,0.0,0.0,0.0,0.0,0.0,0.0,0.0,0.0,0.0,0.0,0.0,0.0,0.0,0.0,0.0,0.0,0.0,0.0,0.0,0.0,0.0,0.0,0.0,0.0,0.0,0.0,0.0,0.0,0.0,0.0,0.0,0.0,0.0,0.0,0.0,0.0,0.0,0.0,0.0,0.0,0.0,0.0,0.0,0.0,0.0,0.0,0.0,0.0,0.0,0.0,0.0,0.0,0.0,0.0,0.0,0.0,0.0,0.0,0.0,0.0,0.0,0.0,0.0,0.0,0.0,0.0,0.0,0.0,0.0,0.0,0.0,0.0,0.0,0.0,0.0,0.0,0.0,0.0,0.0,47.0,47.0,47.0,47.0,47.0,0.0,0.0,0.0,0.0,0.0,0.0,0.0,0.0,0.0,0.0,0.0,0.0,0.0,0.0,0.0,0.0,0.0,0.0,0.0,0.0,0.0,0.0,0.0,0.0,0.0,0.0,0.0,47.0,47.0,47.0,47.0,47.0,...
1763031466,348357829,laser,-3.1241390705108643,3.1415927410125732,0.0034828970674425364,5.700836481992155e-05,0.10255804657936096,0.15000000596046448,16.0,13.592000007629395,13.592000007629395,13.592000007629395,13.67199993133545,13.760000228881836,13.760000228881836,inf,inf,12.800000190734863,12.800000190734863,12.800000190734863,12.800000190734863,12.800000190734863,12.791999816894531,12.791999816894531,12.784000396728516,12.784000396728516,12.776000022888184,12.767999649047852,12.767999649047852,12.760000228881836,12.767999649047852,12.784000396728516,12.800000190734863,12.800000190734863,12.784000396728516,inf,inf,inf,inf,inf,inf,inf,inf,inf,inf,inf,inf,inf,inf,inf,inf,inf,inf,inf,inf,inf,inf,inf,inf,inf,inf,3.75600004196167,3.75600004196167,3.75600004196167,3.75600004196167,3.75600004196167,3.752000093460083,3.752000093460083,3.752000093460083,3.752000093460083,3.74399995803833,3.740000009536743,3.747999906539917,3.747999906539917,3.752000093460083,2.884000062942505,2.884000062942505,2.884000062942505,2.884000062942505,2.819999933242798,2.819999933242798,2.759999990463257,2.7119998931884766,2.6519999504089355,2.5959999561309814,2.5399999618530273,2.492000102996826,2.4519999027252197,2.388000011444092,2.3359999656677246,2.2960000038146973,2.2960000038146973,2.2639999389648438,2.240000009536743,2.200000047683716,2.1640000343322754,2.119999885559082,2.0880000591278076,2.063999891281128,2.0239999294281006,1.9919999837875366,1.9700000286102295,1.9700000286102295,1.940000057220459,1.9119999408721924,1.8980000019073486,1.8919999599456787,1.8860000371932983,1.8680000305175781,1.8459999561309814,1.8300000429153442,1.8300000429153442,1.805999994277954,1.784000039100647,1.7599999904632568,1.7380000352859497,1.715999960899353,1.7020000219345093,1.6859999895095825,1.6619999408721924,1.628000020980835,1.5180000066757202,1.503999948501587,1.503999948501587,1.503999948501587,1.4859999418258667,1.4739999771118164,inf,inf,inf,inf,1.4040000438690186,1.4040000438690186,1.4040000438690186,1.4040000438690186,1.4040000438690186,1.3940000534057617,...,0.0,47.0,47.0,47.0,47.0,47.0,0.0,0.0,0.0,0.0,0.0,0.0,0.0,0.0,0.0,0.0,0.0,0.0,0.0,0.0,0.0,0.0,0.0,0.0,0.0,0.0,0.0,0.0,0.0,0.0,0.0,0.0,0.0,0.0,0.0,0.0,0.0,0.0,0.0,0.0,0.0,0.0,0.0,0.0,0.0,0.0,0.0,0.0,0.0,0.0,0.0,0.0,0.0,0.0,0.0,0.0,0.0,0.0,0.0,0.0,0.0,0.0,0.0,0.0,0.0,0.0,0.0,0.0,0.0,0.0,0.0,0.0,0.0,0.0,0.0,0.0,0.0,0.0,0.0,0.0,0.0,0.0,0.0,0.0,0.0,0.0,0.0,0.0,0.0,0.0,0.0,0.0,0.0,0.0,0.0,0.0,0.0,0.0,0.0,0.0,0.0,0.0,0.0,0.0,0.0,0.0,0.0,0.0,0.0,0.0,0.0,0.0,0.0,0.0,0.0,0.0,0.0,0.0,0.0,0.0,0.0,0.0,0.0,0.0,0.0,0.0,0.0,0.0,...
1763031466,452160055,laser,-3.1241390705108643,3.1415927410125732,0.0034828970674425364,5.399947258410975e-05,0.09714505076408386,0.15000000596046448,16.0,13.600000381469727,13.600000381469727,13.600000381469727,13.67199993133545,13.776000022888184,13.776000022888184,inf,inf,12.784000396728516,12.784000396728516,12.784000396728516,12.784000396728516,12.784000396728516,12.791999816894531,12.791999816894531,12.791999816894531,12.791999816894531,12.776000022888184,12.776000022888184,12.776000022888184,12.776000022888184,12.776000022888184,12.776000022888184,12.784000396728516,12.815999984741211,12.800000190734863,inf,inf,inf,10.583999633789062,10.583999633789062,10.583999633789062,10.583999633789062,10.583999633789062,inf,inf,inf,inf,inf,inf,inf,inf,inf,inf,inf,inf,inf,inf,inf,inf,inf,inf,inf,inf,3.75600004196167,3.75600004196167,3.75600004196167,3.75600004196167,3.75600004196167,3.747999906539917,3.740000009536743,3.740000009536743,3.747999906539917,3.747999906539917,3.747999906539917,3.752000093460083,2.884000062942505,2.884000062942505,2.884000062942505,2.8399999141693115,2.8399999141693115,2.7880001068115234,2.7200000286102295,2.6519999504089355,2.5959999561309814,2.5959999561309814,2.5399999618530273,2.492000102996826,2.447999954223633,2.388000011444092,2.3399999141693115,2.2960000038146973,2.2679998874664307,2.240000009536743,2.200000047683716,2.1519999504089355,2.1519999504089355,2.1080000400543213,2.0880000591278076,2.063999891281128,2.0239999294281006,1.99399995803833,1.972000002861023,1.9420000314712524,1.9140000343322754,1.9140000343322754,1.899999976158142,1.8940000534057617,1.8839999437332153,1.8639999628067017,1.8480000495910645,1.8300000429153442,1.8079999685287476,1.784000039100647,1.784000039100647,1.7619999647140503,1.7400000095367432,1.718000054359436,1.6979999542236328,1.6820000410079956,1.659999966621399,1.6299999952316284,1.5119999647140503,1.5119999647140503,1.4980000257492065,1.4859999418258667,1.4859999418258667,1.4759999513626099,inf,inf,inf,1.4040000438690186,1.4040000438690186,1.4040000438690186,1.4040000438690186,1.4040000438690186,1.3940000534057617,1.3940000534057617,...,47.0,47.0,47.0,47.0,47.0,0.0,0.0,0.0,0.0,0.0,0.0,0.0,0.0,0.0,0.0,0.0,0.0,0.0,0.0,0.0,0.0,0.0,0.0,0.0,0.0,0.0,0.0,0.0,0.0,0.0,0.0,0.0,0.0,0.0,0.0,0.0,0.0,0.0,0.0,0.0,0.0,0.0,0.0,0.0,0.0,0.0,0.0,0.0,0.0,0.0,0.0,0.0,0.0,0.0,0.0,0.0,0.0,0.0,0.0,0.0,0.0,0.0,0.0,0.0,0.0,0.0,0.0,0.0,47.0,47.0,47.0,47.0,47.0,0.0,0.0,0.0,0.0,0.0,0.0,0.0,0.0,0.0,0.0,0.0,0.0,0.0,0.0,0.0,0.0,0.0,0.0,0.0,0.0,0.0,0.0,0.0,0.0,0.0,0.0,0.0,0.0,0.0,0.0,0.0,0.0,0.0,0.0,0.0,0.0,0.0,0.0,0.0,0.0,0.0,0.0,0.0,0.0,0.0,0.0,0.0,0.0,0.0,0.0,0.0,0.0,0.0,0.0,0.0,...
1763031466,551031545,laser,-3.1241390705108643,3.1415927410125732,0.0034828970674425364,5.366601180867292e-05,0.09654515236616135,0.15000000596046448,16.0,13.631999969482422,13.631999969482422,13.607999801635742,13.67199993133545,13.776000022888184,13.776000022888184,13.776000022888184,13.776000022888184,13.776000022888184,12.784000396728516,12.784000396728516,12.784000396728516,12.791999816894531,12.791999816894531,12.791999816894531,12.784000396728516,12.784000396728516,12.776000022888184,12.767999649047852,12.776000022888184,12.776000022888184,12.776000022888184,12.776000022888184,12.807999610900879,12.807999610900879,12.800000190734863,inf,10.576000213623047,10.576000213623047,10.576000213623047,10.576000213623047,10.576000213623047,inf,inf,inf,inf,inf,inf,inf,inf,inf,inf,inf,inf,inf,inf,inf,inf,inf,inf,3.871999979019165,3.871999979019165,3.871999979019165,3.871999979019165,3.871999979019165,3.7880001068115234,3.7880001068115234,3.7880001068115234,3.7880001068115234,3.740000009536743,3.7360000610351562,3.74399995803833,3.752000093460083,3.747999906539917,3.747999906539917,3.747999906539917,3.747999906539917,2.9119999408721924,2.9119999408721924,2.8559999465942383,2.8559999465942383,2.7880001068115234,2.7239999771118164,2.6679999828338623,2.624000072479248,2.563999891281128,2.5,2.5,2.4600000381469727,2.4119999408721924,2.368000030517578,2.328000068664551,2.303999900817871,2.187999963760376,2.187999963760376,2.171999931335449,2.131999969482422,2.1040000915527344,2.1040000915527344,2.068000078201294,2.0380001068115234,2.01200008392334,1.9839999675750732,1.9559999704360962,1.9279999732971191,1.9119999408721924,1.906000018119812,1.8940000534057617,1.8940000534057617,1.8660000562667847,1.8660000562667847,1.840000033378601,1.8179999589920044,1.7960000038146973,1.7680000066757202,1.746000051498413,1.7280000448226929,1.7039999961853027,1.7039999961853027,1.6820000410079956,1.6640000343322754,1.6440000534057617,1.5160000324249268,1.5160000324249268,1.50600004196167,1.49399995803833,1.4819999933242798,1.465999960899353,inf,inf,inf,inf,inf,inf,1.4019999504089355,1.4019999504089355,1.4019999504089355,1.4019999504089355,...,0.0,0.0,0.0,0.0,0.0,0.0,0.0,0.0,0.0,0.0,0.0,0.0,0.0,0.0,0.0,0.0,0.0,0.0,0.0,0.0,0.0,0.0,0.0,0.0,0.0,0.0,0.0,0.0,0.0,0.0,0.0,0.0,0.0,0.0,0.0,0.0,0.0,0.0,0.0,0.0,0.0,0.0,0.0,0.0,0.0,0.0,0.0,0.0,0.0,0.0,0.0,0.0,0.0,0.0,0.0,0.0,0.0,0.0,0.0,0.0,0.0,0.0,0.0,0.0,0.0,0.0,0.0,0.0,0.0,0.0,0.0,0.0,0.0,0.0,0.0,0.0,0.0,0.0,0.0,0.0,0.0,0.0,0.0,0.0,0.0,0.0,0.0,0.0,0.0,0.0,0.0,0.0,0.0,0.0,0.0,0.0,0.0,0.0,0.0,0.0,0.0,0.0,0.0,0.0,0.0,0.0,0.0,0.0,0.0,0.0,0.0,0.0,0.0,0.0,0.0,0.0,0.0,0.0,0.0,0.0,0.0,0.0,0.0,0.0,0.0,0.0,0.0,0.0,...
1763031466,649019004,laser,-3.1241390705108643,3.1415927410125732,0.0034828970674425364,5.3811785619473085e-05,0.09680739790201187,0.15000000596046448,16.0,13.800000190734863,13.592000007629395,13.592000007629395,13.663999557495117,13.744000434875488,13.744000434875488,13.744000434875488,13.744000434875488,12.800000190734863,12.800000190734863,12.800000190734863,12.800000190734863,12.791999816894531,12.791999816894531,12.791999816894531,12.767999649047852,12.784000396728516,12.784000396728516,12.791999816894531,12.776000022888184,12.767999649047852,12.767999649047852,12.784000396728516,12.800000190734863,12.800000190734863,12.800000190734863,inf,inf,inf,inf,inf,inf,inf,inf,inf,inf,inf,inf,inf,inf,inf,inf,inf,inf,inf,inf,inf,inf,inf,inf,inf,inf,inf,3.8359999656677246,3.8359999656677246,3.8359999656677246,3.8359999656677246,3.8359999656677246,3.759999990463257,3.74399995803833,3.740000009536743,3.740000009536743,3.740000009536743,3.747999906539917,3.752000093460083,3.752000093460083,2.884000062942505,2.884000062942505,2.8399999141693115,2.8399999141693115,2.8399999141693115,2.7839999198913574,2.7200000286102295,2.6640000343322754,2.619999885559082,2.619999885559082,2.559999942779541,2.5,2.447999954223633,2.388000011444092,2.3440001010894775,2.303999900817871,2.2880001068115234,2.200000047683716,2.1640000343322754,2.1640000343322754,2.1640000343322754,2.131999969482422,2.0999999046325684,2.063999891281128,2.0260000228881836,1.996000051498413,1.9700000286102295,1.9420000314712524,1.9140000343322754,1.9140000343322754,1.878000020980835,1.878000020980835,1.8660000562667847,1.8519999980926514,1.843999981880188,1.8279999494552612,1.809999942779541,1.7879999876022339,1.7879999876022339,1.7619999647140503,1.7419999837875366,1.722000002861023,1.7020000219345093,1.6820000410079956,1.6619999408721924,1.6380000114440918,1.5119999647140503,1.5119999647140503,1.5019999742507935,1.4900000095367432,1.4819999933242798,1.4819999933242798,inf,inf,inf,inf,inf,1.4140000343322754,1.4140000343322754,1.4140000343322754,1.4140000343322754,1.4140000343322754,...,0.0,0.0,0.0,0.0,0.0,0.0,0.0,0.0,0.0,0.0,0.0,0.0,0.0,0.0,0.0,0.0,0.0,0.0,0.0,0.0,0.0,0.0,0.0,0.0,0.0,0.0,0.0,0.0,0.0,0.0,0.0,0.0,0.0,0.0,0.0,0.0,0.0,0.0,0.0,0.0,0.0,0.0,0.0,0.0,0.0,0.0,0.0,0.0,0.0,0.0,0.0,0.0,0.0,0.0,0.0,0.0,0.0,0.0,0.0,0.0,0.0,0.0,0.0,0.0,0.0,0.0,0.0,0.0,0.0,0.0,0.0,0.0,0.0,0.0,0.0,0.0,0.0,0.0,0.0,0.0,0.0,0.0,0.0,0.0,0.0,0.0,0.0,0.0,0.0,0.0,0.0,47.0,47.0,47.0,47.0,47.0,0.0,0.0,0.0,0.0,0.0,0.0,0.0,0.0,0.0,0.0,0.0,0.0,0.0,0.0,0.0,0.0,0.0,0.0,0.0,0.0,0.0,0.0,0.0,0.0,0.0,0.0,0.0,0.0,0.0,0.0,0.0,0.0,...
1763031466,747285300,laser,-3.1241390705108643,3.1415927410125732,0.0034828970674425364,5.3807809308636934e-05,0.09680024534463882,0.15000000596046448,16.0,13.583999633789062,13.583999633789062,13.583999633789062,13.656000137329102,13.744000434875488,13.744000434875488,13.744000434875488,inf,inf,12.791999816894531,12.791999816894531,12.791999816894531,12.791999816894531,12.791999816894531,12.784000396728516,12.767999649047852,12.760000228881836,12.760000228881836,12.767999649047852,12.776000022888184,12.760000228881836,12.760000228881836,12.784000396728516,12.791999816894531,12.791999816894531,12.784000396728516,inf,inf,inf,inf,inf,inf,inf,inf,inf,inf,inf,inf,inf,inf,inf,inf,inf,inf,inf,inf,inf,inf,4.111999988555908,4.111999988555908,4.111999988555908,4.111999988555908,4.111999988555908,3.7920000553131104,3.7920000553131104,3.7920000553131104,3.740000009536743,3.740000009536743,3.740000009536743,3.740000009536743,3.740000009536743,3.74399995803833,3.747999906539917,3.747999906539917,3.747999906539917,3.747999906539917,3.752000093460083,2.931999921798706,2.931999921798706,2.931999921798706,2.871999979019165,2.799999952316284,2.7239999771118164,2.6679999828338623,2.624000072479248,2.568000078201294,2.51200008392334,2.4560000896453857,2.4000000953674316,2.364000082015991,2.364000082015991,2.3359999656677246,2.308000087738037,2.187999963760376,2.187999963760376,2.187999963760376,2.140000104904175,2.1040000915527344,2.0759999752044678,2.0759999752044678,2.0360000133514404,2.0,1.9780000448226929,1.9479999542236328,1.9119999408721924,1.8919999599456787,1.8880000114440918,1.8799999952316284,1.8700000047683716,1.8600000143051147,1.8600000143051147,1.840000033378601,1.8200000524520874,1.7979999780654907,1.7740000486373901,1.7519999742507935,1.7300000190734863,1.7079999446868896,1.6859999895095825,1.6859999895095825,1.6640000343322754,1.6480000019073486,1.50600004196167,1.50600004196167,1.50600004196167,1.5,1.4880000352859497,inf,inf,inf,inf,1.3980000019073486,1.3980000019073486,1.3980000019073486,1.3980000019073486,1.3980000019073486,1.3839999437332153,1.3839999437332153,...,47.0,47.0,47.0,47.0,47.0,0.0,0.0,0.0,0.0,0.0,0.0,0.0,0.0,0.0,0.0,0.0,0.0,0.0,0.0,0.0,0.0,0.0,0.0,0.0,0.0,0.0,0.0,0.0,0.0,0.0,0.0,0.0,0.0,0.0,0.0,0.0,0.0,0.0,0.0,0.0,0.0,0.0,0.0,0.0,0.0,0.0,0.0,0.0,0.0,0.0,0.0,0.0,0.0,0.0,0.0,0.0,0.0,0.0,0.0,0.0,0.0,0.0,0.0,0.0,0.0,0.0,0.0,0.0,0.0,0.0,0.0,0.0,0.0,0.0,0.0,0.0,0.0,0.0,0.0,0.0,0.0,0.0,0.0,0.0,0.0,0.0,0.0,0.0,0.0,47.0,47.0,47.0,47.0,47.0,0.0,0.0,0.0,0.0,0.0,0.0,0.0,0.0,0.0,0.0,0.0,0.0,0.0,0.0,0.0,0.0,0.0,0.0,0.0,0.0,0.0,0.0,0.0,0.0,0.0,0.0,0.0,0.0,0.0,0.0,47.0,47.0,47.0,47.0,...
1763031466,845701200,laser,-3.1241390705108643,3.1415927410125732,0.0034828970674425364,5.704866998712532e-05,0.10263055562973022,0.15000000596046448,16.0,13.600000381469727,13.600000381469727,13.663999557495117,13.663999557495117,13.744000434875488,13.744000434875488,inf,inf,12.791999816894531,12.791999816894531,12.791999816894531,12.791999816894531,12.791999816894531,12.784000396728516,12.784000396728516,12.776000022888184,12.784000396728516,12.791999816894531,12.791999816894531,12.776000022888184,12.767999649047852,12.791999816894531,12.807999610900879,12.800000190734863,12.800000190734863,12.800000190734863,inf,inf,10.303999900817871,10.303999900817871,10.303999900817871,10.303999900817871,10.303999900817871,inf,inf,inf,inf,inf,inf,inf,inf,inf,inf,inf,inf,inf,inf,inf,inf,inf,inf,inf,inf,3.812000036239624,3.812000036239624,3.812000036239624,3.812000036239624,3.812000036239624,3.752000093460083,3.74399995803833,3.74399995803833,3.74399995803833,3.74399995803833,3.747999906539917,3.747999906539917,3.75600004196167,2.884000062942505,2.884000062942505,2.819999933242798,2.819999933242798,2.819999933242798,2.819999933242798,2.7639999389648438,2.7079999446868896,2.6440000534057617,2.5920000076293945,2.5399999618530273,2.4839999675750732,2.440000057220459,2.384000062942505,2.3359999656677246,2.299999952316284,2.299999952316284,2.25600004196167,2.2239999771118164,2.200000047683716,2.1480000019073486,2.1040000915527344,2.0759999752044678,2.052000045776367,2.0199999809265137,1.99399995803833,1.9739999771118164,1.9739999771118164,1.9500000476837158,1.934000015258789,1.9279999732971191,1.9179999828338623,1.9040000438690186,1.8799999952316284,1.8539999723434448,1.8339999914169312,1.8339999914169312,1.809999942779541,1.784000039100647,1.7619999647140503,1.7400000095367432,1.715999960899353,1.6979999542236328,1.6779999732971191,1.6579999923706055,1.6579999923706055,1.5099999904632568,1.5099999904632568,1.5,1.5,1.4880000352859497,1.4780000448226929,inf,inf,inf,inf,inf,1.406000018119812,1.406000018119812,1.406000018119812,1.406000018119812,1.406000018119812,...,0.0,0.0,0.0,0.0,0.0,0.0,0.0,0.0,0.0,0.0,0.0,0.0,0.0,0.0,0.0,0.0,0.0,0.0,0.0,47.0,47.0,47.0,47.0,47.0,0.0,0.0,0.0,0.0,0.0,0.0,0.0,0.0,0.0,0.0,0.0,0.0,0.0,0.0,0.0,0.0,0.0,0.0,0.0,0.0,0.0,0.0,0.0,0.0,0.0,0.0,0.0,0.0,0.0,0.0,0.0,0.0,0.0,0.0,0.0,0.0,0.0,0.0,0.0,0.0,0.0,0.0,0.0,0.0,0.0,0.0,0.0,0.0,0.0,0.0,0.0,0.0,0.0,0.0,0.0,0.0,0.0,0.0,0.0,0.0,0.0,0.0,0.0,0.0,0.0,0.0,47.0,47.0,47.0,47.0,47.0,0.0,0.0,0.0,0.0,0.0,0.0,0.0,0.0,0.0,0.0,0.0,0.0,0.0,0.0,0.0,0.0,0.0,0.0,0.0,0.0,0.0,0.0,0.0,0.0,0.0,0.0,0.0,0.0,0.0,0.0,47.0,47.0,47.0,...
1763031466,949684406,laser,-3.1241390705108643,3.1415927410125732,0.0034828970674425364,5.395197877078317e-05,0.09705960750579834,0.15000000596046448,16.0,13.62399959564209,13.720000267028809,13.720000267028809,13.800000190734863,13.800000190734863,13.800000190734863,13.800000190734863,13.800000190734863,13.767999649047852,12.880000114440918,12.880000114440918,12.784000396728516,12.784000396728516,12.784000396728516,12.784000396728516,12.784000396728516,12.776000022888184,12.767999649047852,12.760000228881836,12.767999649047852,12.767999649047852,12.791999816894531,12.784000396728516,12.776000022888184,12.800000190734863,inf,inf,10.416000366210938,10.416000366210938,10.416000366210938,10.416000366210938,10.416000366210938,inf,inf,inf,inf,inf,inf,inf,inf,inf,inf,inf,inf,inf,inf,inf,inf,inf,inf,inf,inf,inf,inf,3.75600004196167,3.75600004196167,3.75600004196167,3.75600004196167,3.75600004196167,3.74399995803833,3.740000009536743,3.74399995803833,3.752000093460083,3.752000093460083,3.752000093460083,3.75600004196167,2.884000062942505,2.884000062942505,2.884000062942505,2.8239998817443848,2.8239998817443848,2.7720000743865967,2.7160000801086426,2.6480000019073486,2.6080000400543213,2.6080000400543213,2.555999994277954,2.48799991607666,2.440000057220459,2.3919999599456787,2.3440001010894775,2.299999952316284,2.2839999198913574,2.200000047683716,2.200000047683716,2.1519999504089355,2.1519999504089355,2.1080000400543213,2.0880000591278076,2.059999942779541,2.0260000228881836,2.0,1.9739999771118164,1.944000005722046,1.9140000343322754,1.9140000343322754,1.8919999599456787,1.8860000371932983,1.878000020980835,1.8600000143051147,1.8480000495910645,1.8320000171661377,1.812000036239624,1.7879999876022339,1.7619999647140503,1.7619999647140503,1.7419999837875366,1.7200000286102295,1.7000000476837158,1.6820000410079956,1.6619999408721924,1.6380000114440918,1.5199999809265137,1.5199999809265137,1.503999948501587,1.4900000095367432,1.4819999933242798,1.4819999933242798,inf,inf,inf,inf,inf,inf,1.4019999504089355,1.4019999504089355,1.4019999504089355,1.4019999504089355,...,0.0,0.0,0.0,0.0,0.0,0.0,0.0,0.0,0.0,0.0,0.0,0.0,0.0,0.0,0.0,0.0,0.0,0.0,0.0,0.0,0.0,0.0,0.0,0.0,0.0,0.0,0.0,0.0,0.0,0.0,0.0,0.0,0.0,0.0,0.0,0.0,0.0,0.0,0.0,0.0,0.0,0.0,0.0,0.0,0.0,0.0,0.0,0.0,0.0,0.0,0.0,0.0,0.0,0.0,0.0,0.0,0.0,0.0,0.0,0.0,0.0,0.0,0.0,0.0,0.0,0.0,0.0,0.0,0.0,0.0,0.0,0.0,0.0,0.0,0.0,0.0,0.0,0.0,0.0,0.0,0.0,0.0,0.0,0.0,0.0,0.0,0.0,0.0,0.0,0.0,0.0,47.0,47.0,47.0,47.0,47.0,0.0,0.0,0.0,0.0,0.0,0.0,0.0,0.0,0.0,0.0,0.0,0.0,0.0,0.0,0.0,0.0,0.0,0.0,0.0,0.0,0.0,0.0,0.0,0.0,0.0,0.0,0.0,47.0,47.0,47.0,47.0,47.0,...
1763031467,48076241,laser,-3.1241390705108643,3.1415927410125732,0.0034828970674425364,5.384962787502445e-05,0.09687548130750656,0.15000000596046448,16.0,13.631999969482422,13.631999969482422,13.583999633789062,13.640000343322754,13.751999855041504,13.751999855041504,13.751999855041504,13.751999855041504,13.751999855041504,12.776000022888184,12.776000022888184,12.776000022888184,12.776000022888184,12.776000022888184,12.776000022888184,12.767999649047852,12.767999649047852,12.760000228881836,12.760000228881836,12.767999649047852,12.720000267028809,12.720000267028809,12.784000396728516,12.784000396728516,12.807999610900879,12.767999649047852,inf,10.46399974822998,10.46399974822998,10.46399974822998,10.46399974822998,10.46399974822998,inf,inf,inf,inf,inf,inf,inf,inf,inf,inf,inf,inf,inf,inf,inf,inf,inf,inf,inf,inf,3.75600004196167,3.75600004196167,3.75600004196167,3.75600004196167,3.75600004196167,3.74399995803833,3.74399995803833,3.74399995803833,3.7360000610351562,3.74399995803833,3.74399995803833,3.752000093460083,3.752000093460083,3.75600004196167,2.884000062942505,2.884000062942505,2.884000062942505,2.884000062942505,2.8239998817443848,2.7720000743865967,2.7160000801086426,2.6480000019073486,2.6080000400543213,2.6080000400543213,2.555999994277954,2.492000102996826,2.440000057220459,2.388000011444092,2.3440001010894775,2.299999952316284,2.2839999198913574,2.200000047683716,2.200000047683716,2.1519999504089355,2.111999988555908,2.111999988555908,2.0920000076293945,2.059999942779541,2.0239999294281006,1.99399995803833,1.968000054359436,1.937999963760376,1.906000018119812,1.8839999437332153,1.8639999628067017,1.8480000495910645,1.8480000495910645,1.8320000171661377,1.8300000429153442,1.8240000009536743,1.809999942779541,1.7920000553131104,1.7680000066757202,1.7680000066757202,1.722000002861023,1.722000002861023,1.7039999961853027,1.684000015258789,1.6619999408721924,1.6419999599456787,1.5219999551773071,1.503999948501587,1.503999948501587,1.4900000095367432,1.4780000448226929,inf,inf,inf,inf,1.4160000085830688,1.4160000085830688,1.4160000085830688,1.4160000085830688,1.4160000085830688,1.4019999504089355,1.4019999504089355,...,0.0,0.0,0.0,0.0,0.0,0.0,0.0,0.0,0.0,0.0,0.0,0.0,0.0,0.0,0.0,0.0,0.0,0.0,0.0,47.0,47.0,47.0,47.0,47.0,0.0,0.0,0.0,0.0,0.0,0.0,0.0,0.0,0.0,0.0,0.0,0.0,0.0,0.0,0.0,0.0,0.0,0.0,0.0,0.0,0.0,0.0,0.0,0.0,0.0,0.0,0.0,0.0,0.0,0.0,0.0,0.0,0.0,0.0,0.0,0.0,0.0,0.0,0.0,0.0,0.0,0.0,0.0,0.0,0.0,0.0,47.0,47.0,47.0,47.0,47.0,0.0,0.0,0.0,0.0,0.0,0.0,0.0,0.0,0.0,0.0,0.0,0.0,0.0,0.0,0.0,0.0,0.0,0.0,0.0,0.0,0.0,0.0,0.0,0.0,0.0,0.0,0.0,0.0,0.0,0.0,0.0,0.0,0.0,0.0,0.0,0.0,0.0,0.0,0.0,0.0,0.0,0.0,0.0,0.0,0.0,0.0,0.0,0.0,0.0,0.0,0.0,0.0,0.0,...
1763031467,146396540,laser,-3.1241390705108643,3.1415927410125732,0.0034828970674425364,5.3848259994992986e-05,0.09687301516532898,0.15000000596046448,16.0,13.576000213623047,13.576000213623047,13.576000213623047,13.64799976348877,13.680000305175781,13.680000305175781,inf,inf,12.776000022888184,12.776000022888184,12.776000022888184,12.776000022888184,12.776000022888184,12.767999649047852,12.767999649047852,12.767999649047852,12.760000228881836,12.760000228881836,12.767999649047852,12.776000022888184,12.736000061035156,12.736000061035156,12.784000396728516,12.784000396728516,12.807999610900879,12.767999649047852,inf,inf,inf,10.4399995803833,10.4399995803833,10.4399995803833,10.4399995803833,10.4399995803833,inf,inf,inf,inf,inf,inf,inf,inf,inf,inf,inf,inf,inf,inf,inf,inf,inf,inf,inf,3.812000036239624,3.812000036239624,3.812000036239624,3.812000036239624,3.812000036239624,3.752000093460083,3.74399995803833,3.74399995803833,3.740000009536743,3.74399995803833,3.747999906539917,3.747999906539917,3.75600004196167,2.884000062942505,2.884000062942505,2.8239998817443848,2.8239998817443848,2.8239998817443848,2.8239998817443848,2.752000093460083,2.696000099182129,2.6480000019073486,2.5920000076293945,2.5399999618530273,2.48799991607666,2.440000057220459,2.384000062942505,2.3359999656677246,2.299999952316284,2.299999952316284,2.252000093460083,2.2239999771118164,2.200000047683716,2.1519999504089355,2.1080000400543213,2.0880000591278076,2.058000087738037,2.0179998874664307,1.9880000352859497,1.9639999866485596,1.9639999866485596,1.934000015258789,1.906000018119812,1.8899999856948853,1.8819999694824219,1.8739999532699585,1.8580000400543213,1.843999981880188,1.8300000429153442,1.8300000429153442,1.8079999685287476,1.781999945640564,1.7599999904632568,1.7400000095367432,1.715999960899353,1.7000000476837158,1.6820000410079956,1.659999966621399,1.5080000162124634,1.5080000162124634,1.5080000162124634,1.5,1.5,1.4880000352859497,1.4780000448226929,inf,inf,inf,inf,inf,1.4040000438690186,1.4040000438690186,1.4040000438690186,1.4040000438690186,1.4040000438690186,...,0.0,47.0,47.0,47.0,47.0,47.0,0.0,0.0,0.0,0.0,0.0,0.0,0.0,0.0,0.0,0.0,0.0,0.0,47.0,47.0,47.0,47.0,47.0,0.0,0.0,0.0,0.0,0.0,0.0,0.0,0.0,0.0,0.0,0.0,0.0,0.0,0.0,0.0,0.0,0.0,0.0,0.0,0.0,0.0,0.0,0.0,0.0,0.0,0.0,0.0,0.0,0.0,0.0,0.0,0.0,0.0,0.0,0.0,0.0,0.0,0.0,0.0,0.0,0.0,0.0,0.0,0.0,0.0,47.0,47.0,47.0,47.0,47.0,0.0,0.0,0.0,0.0,0.0,0.0,0.0,0.0,0.0,0.0,0.0,0.0,0.0,0.0,0.0,0.0,0.0,0.0,0.0,0.0,0.0,0.0,0.0,0.0,0.0,0.0,0.0,0.0,0.0,0.0,0.0,0.0,0.0,0.0,0.0,0.0,0.0,0.0,0.0,0.0,0.0,0.0,0.0,0.0,0.0,0.0,0.0,0.0,0.0,0.0,0.0,0.0,0.0,0.0,0.0,...
1763031467,244778912,laser,-3.1241390705108643,3.1415927410125732,0.0034828970674425364,5.716473242500797e-05,0.10283935070037842,0.15000000596046448,16.0,13.616000175476074,13.720000267028809,13.720000267028809,13.800000190734863,13.800000190734863,13.800000190734863,13.800000190734863,13.800000190734863,13.704000473022461,12.871999740600586,12.871999740600586,12.767999649047852,12.767999649047852,12.767999649047852,12.767999649047852,12.776000022888184,12.776000022888184,12.760000228881836,12.760000228881836,12.767999649047852,12.791999816894531,12.791999816894531,12.791999816894531,12.784000396728516,12.807999610900879,12.968000411987305,inf,10.456000328063965,10.456000328063965,10.456000328063965,10.456000328063965,10.456000328063965,inf,inf,inf,inf,inf,inf,inf,inf,inf,inf,inf,inf,inf,inf,inf,inf,inf,inf,inf,3.888000011444092,3.888000011444092,3.888000011444092,3.888000011444092,3.888000011444092,3.799999952316284,3.799999952316284,3.799999952316284,3.74399995803833,3.74399995803833,3.740000009536743,3.740000009536743,3.747999906539917,3.747999906539917,3.747999906539917,3.752000093460083,2.940000057220459,2.940000057220459,2.940000057220459,2.884000062942505,2.7360000610351562,2.7360000610351562,2.680000066757202,2.624000072479248,2.5799999237060547,2.5360000133514404,2.4839999675750732,2.4839999675750732,2.371999979019165,2.371999979019165,2.3359999656677246,2.2960000038146973,2.2360000610351562,2.2119998931884766,2.196000099182129,2.1559998989105225,2.124000072479248,2.0880000591278076,2.0480000972747803,2.0160000324249268,2.0160000324249268,1.996000051498413,1.9839999675750732,1.968000054359436,1.9559999704360962,1.944000005722046,1.9279999732971191,1.9079999923706055,1.9079999923706055,1.8819999694824219,1.8519999980926514,1.8279999494552612,1.805999994277954,1.781999945640564,1.7580000162124634,1.7359999418258667,1.715999960899353,1.6959999799728394,1.6720000505447388,1.6720000505447388,1.6540000438690186,1.5080000162124634,1.5080000162124634,1.5080000162124634,1.5,1.4880000352859497,1.4780000448226929,inf,inf,inf,1.4040000438690186,1.4040000438690186,1.4040000438690186,1.4040000438690186,1.4040000438690186,1.3940000534057617,1.3940000534057617,...,0.0,0.0,0.0,0.0,0.0,0.0,0.0,0.0,0.0,0.0,0.0,0.0,0.0,0.0,0.0,0.0,0.0,0.0,0.0,0.0,0.0,0.0,0.0,0.0,0.0,0.0,0.0,0.0,0.0,0.0,0.0,0.0,0.0,0.0,0.0,0.0,0.0,0.0,0.0,0.0,0.0,0.0,0.0,0.0,0.0,0.0,0.0,0.0,0.0,0.0,0.0,0.0,0.0,0.0,0.0,0.0,0.0,0.0,0.0,0.0,0.0,0.0,0.0,0.0,0.0,0.0,0.0,0.0,0.0,0.0,0.0,0.0,0.0,0.0,0.0,0.0,0.0,0.0,0.0,0.0,0.0,0.0,0.0,0.0,0.0,0.0,0.0,0.0,0.0,0.0,0.0,47.0,47.0,47.0,47.0,47.0,0.0,0.0,0.0,0.0,0.0,0.0,0.0,0.0,0.0,0.0,0.0,0.0,0.0,0.0,0.0,0.0,0.0,0.0,0.0,0.0,0.0,0.0,0.0,0.0,0.0,0.0,0.0,47.0,47.0,47.0,47.0,47.0,...
1763031467,349155482,laser,-3.1241390705108643,3.1415927410125732,0.0034828970674425364,5.3775307605974376e-05,0.09674178063869476,0.15000000596046448,16.0,13.62399959564209,13.62399959564209,13.751999855041504,13.815999984741211,13.815999984741211,13.815999984741211,inf,inf,12.871999740600586,12.871999740600586,12.871999740600586,12.871999740600586,12.871999740600586,12.776000022888184,12.776000022888184,12.791999816894531,12.776000022888184,12.751999855041504,12.751999855041504,12.751999855041504,12.767999649047852,12.784000396728516,12.800000190734863,12.800000190734863,12.807999610900879,inf,inf,inf,10.383999824523926,10.383999824523926,10.383999824523926,10.383999824523926,10.383999824523926,inf,inf,inf,inf,inf,inf,inf,inf,inf,inf,inf,inf,inf,inf,inf,inf,inf,inf,inf,inf,3.868000030517578,3.868000030517578,3.868000030517578,3.868000030517578,3.868000030517578,3.7839999198913574,3.740000009536743,3.7360000610351562,3.74399995803833,3.752000093460083,3.747999906539917,3.752000093460083,3.752000093460083,2.9159998893737793,2.871999979019165,2.871999979019165,2.871999979019165,2.871999979019165,2.799999952316284,2.7360000610351562,2.611999988555908,2.563999891281128,2.563999891281128,2.507999897003174,2.4639999866485596,2.4639999866485596,2.359999895095825,2.359999895095825,2.3239998817443848,2.299999952316284,2.180000066757202,2.171999931335449,2.171999931335449,2.128000020980835,2.0959999561309814,2.072000026702881,2.072000026702881,2.0439999103546143,2.0160000324249268,1.9880000352859497,1.9579999446868896,1.9299999475479126,1.9119999408721924,1.909999966621399,1.8980000019073486,1.8980000019073486,1.8639999628067017,1.8639999628067017,1.8420000076293945,1.8220000267028809,1.7979999780654907,1.7699999809265137,1.7480000257492065,1.7280000448226929,1.7100000381469727,1.6859999895095825,1.6859999895095825,1.6619999408721924,1.6440000534057617,1.5180000066757202,1.5180000066757202,1.5080000162124634,1.4919999837875366,1.4800000190734863,1.465999960899353,inf,1.4320000410079956,1.4320000410079956,1.4320000410079956,1.4320000410079956,1.4320000410079956,1.3980000019073486,1.3980000019073486,1.3980000019073486,1.3819999694824219,...,0.0,0.0,0.0,0.0,0.0,0.0,0.0,0.0,0.0,0.0,0.0,0.0,0.0,0.0,0.0,0.0,0.0,0.0,0.0,47.0,47.0,47.0,47.0,47.0,0.0,0.0,0.0,0.0,0.0,0.0,0.0,0.0,0.0,0.0,0.0,0.0,0.0,0.0,0.0,0.0,0.0,0.0,0.0,0.0,0.0,0.0,0.0,0.0,0.0,0.0,0.0,0.0,0.0,0.0,0.0,0.0,0.0,0.0,0.0,0.0,0.0,0.0,0.0,0.0,0.0,0.0,0.0,0.0,0.0,0.0,0.0,0.0,0.0,0.0,0.0,0.0,0.0,0.0,0.0,0.0,0.0,0.0,0.0,0.0,0.0,0.0,0.0,0.0,0.0,0.0,47.0,47.0,47.0,47.0,47.0,0.0,0.0,0.0,0.0,0.0,0.0,0.0,0.0,0.0,0.0,0.0,0.0,0.0,0.0,0.0,0.0,0.0,0.0,0.0,0.0,0.0,0.0,0.0,0.0,0.0,0.0,0.0,0.0,0.0,0.0,0.0,47.0,47.0,...
1763031467,447373121,laser,-3.1241390705108643,3.1415927410125732,0.0034828970674425364,5.380297443480231e-05,0.09679155051708221,0.15000000596046448,16.0,13.576000213623047,13.576000213623047,13.64799976348877,13.64799976348877,13.760000228881836,13.760000228881836,13.760000228881836,inf,inf,12.800000190734863,12.800000190734863,12.800000190734863,12.800000190734863,12.800000190734863,12.776000022888184,12.767999649047852,12.784000396728516,12.784000396728516,12.784000396728516,12.776000022888184,12.767999649047852,12.767999649047852,12.791999816894531,12.807999610900879,12.800000190734863,12.800000190734863,inf,inf,inf,inf,inf,inf,inf,inf,inf,inf,inf,inf,inf,inf,inf,inf,inf,inf,inf,inf,inf,inf,inf,inf,inf,inf,inf,3.752000093460083,3.752000093460083,3.752000093460083,3.752000093460083,3.752000093460083,3.74399995803833,3.74399995803833,3.740000009536743,3.74399995803833,3.74399995803833,3.747999906539917,3.747999906539917,3.75600004196167,2.8959999084472656,2.8959999084472656,2.8239998817443848,2.8239998817443848,2.8239998817443848,2.7639999389648438,2.7079999446868896,2.6480000019073486,2.5999999046325684,2.5999999046325684,2.5439999103546143,2.496000051498413,2.375999927520752,2.375999927520752,2.3359999656677246,2.299999952316284,2.2720000743865967,2.247999906539917,2.247999906539917,2.171999931335449,2.171999931335449,2.128000020980835,2.0920000076293945,2.049999952316284,2.0179998874664307,1.9900000095367432,1.9639999866485596,1.9359999895095825,1.906000018119812,1.906000018119812,1.8580000400543213,1.8580000400543213,1.8380000591278076,1.812000036239624,1.8079999685287476,1.8040000200271606,1.7960000038146973,1.7799999713897705,1.7580000162124634,1.7580000162124634,1.7359999418258667,1.715999960899353,1.7020000219345093,1.6859999895095825,1.6619999408721924,1.6380000114440918,1.5199999809265137,1.5199999809265137,1.5,1.4880000352859497,1.4819999933242798,1.4819999933242798,inf,inf,inf,inf,inf,1.4140000343322754,1.4140000343322754,1.4140000343322754,1.4140000343322754,1.4140000343322754,...,47.0,47.0,47.0,47.0,47.0,0.0,0.0,0.0,0.0,0.0,0.0,0.0,0.0,0.0,0.0,0.0,0.0,0.0,0.0,0.0,0.0,0.0,0.0,0.0,0.0,0.0,0.0,0.0,0.0,0.0,0.0,0.0,0.0,0.0,0.0,0.0,0.0,0.0,0.0,0.0,0.0,0.0,0.0,0.0,0.0,0.0,0.0,0.0,0.0,0.0,0.0,0.0,0.0,0.0,0.0,0.0,0.0,0.0,0.0,0.0,0.0,0.0,0.0,0.0,0.0,0.0,0.0,0.0,0.0,0.0,0.0,0.0,0.0,0.0,0.0,0.0,0.0,0.0,0.0,0.0,0.0,0.0,0.0,0.0,0.0,0.0,0.0,0.0,0.0,0.0,0.0,0.0,0.0,0.0,0.0,0.0,0.0,0.0,0.0,0.0,0.0,0.0,0.0,0.0,0.0,0.0,0.0,0.0,0.0,0.0,0.0,0.0,0.0,0.0,0.0,0.0,0.0,0.0,0.0,0.0,0.0,0.0,0.0,0.0,0.0,0.0,0.0,0.0,...
1763031467,545590364,laser,-3.1241390705108643,3.1415927410125732,0.0034828970674425364,5.377077104640193e-05,0.09673362225294113,0.15000000596046448,16.0,13.616000175476074,13.51200008392334,13.51200008392334,13.583999633789062,13.696000099182129,13.696000099182129,13.696000099182129,inf,inf,12.767999649047852,12.767999649047852,12.767999649047852,12.767999649047852,12.767999649047852,12.767999649047852,12.767999649047852,12.760000228881836,12.767999649047852,12.760000228881836,12.776000022888184,12.784000396728516,12.776000022888184,12.784000396728516,12.784000396728516,12.807999610900879,12.800000190734863,inf,inf,inf,inf,inf,inf,inf,inf,inf,inf,inf,inf,inf,inf,inf,inf,inf,inf,inf,inf,inf,inf,inf,inf,inf,inf,3.799999952316284,3.799999952316284,3.799999952316284,3.799999952316284,3.799999952316284,3.747999906539917,3.747999906539917,3.74399995803833,3.74399995803833,3.740000009536743,3.740000009536743,3.747999906539917,3.747999906539917,3.752000093460083,2.8919999599456787,2.8919999599456787,2.8919999599456787,2.8919999599456787,2.8919999599456787,2.8239998817443848,2.759999990463257,2.7039999961853027,2.6480000019073486,2.5880000591278076,2.5360000133514404,2.4800000190734863,2.440000057220459,2.3359999656677246,2.2960000038146973,2.2960000038146973,2.2960000038146973,2.24399995803833,2.2160000801086426,2.191999912261963,2.1519999504089355,2.111999988555908,2.0799999237060547,2.0480000972747803,2.01200008392334,1.9859999418258667,1.9639999866485596,1.9639999866485596,1.9359999895095825,1.9140000343322754,1.9040000438690186,1.8980000019073486,1.8860000371932983,1.8660000562667847,1.8480000495910645,1.8279999494552612,1.8279999494552612,1.8040000200271606,1.7799999713897705,1.7580000162124634,1.7339999675750732,1.7139999866485596,1.6959999799728394,1.6740000247955322,1.656000018119812,1.656000018119812,1.5080000162124634,1.5,1.5,1.5,1.4880000352859497,1.4759999513626099,inf,inf,inf,inf,1.4040000438690186,1.4040000438690186,1.4040000438690186,1.4040000438690186,1.4040000438690186,1.3960000276565552,...,0.0,0.0,0.0,0.0,0.0,0.0,0.0,0.0,0.0,0.0,0.0,0.0,0.0,0.0,0.0,0.0,0.0,0.0,0.0,0.0,0.0,0.0,0.0,0.0,0.0,0.0,0.0,0.0,0.0,0.0,0.0,0.0,0.0,0.0,0.0,0.0,0.0,0.0,0.0,0.0,0.0,0.0,0.0,0.0,0.0,0.0,0.0,0.0,0.0,0.0,0.0,0.0,0.0,0.0,0.0,0.0,0.0,0.0,0.0,0.0,0.0,0.0,0.0,0.0,0.0,0.0,0.0,47.0,47.0,47.0,47.0,47.0,0.0,0.0,0.0,0.0,0.0,0.0,0.0,0.0,0.0,0.0,0.0,0.0,0.0,0.0,0.0,0.0,0.0,0.0,0.0,0.0,0.0,0.0,0.0,0.0,0.0,0.0,0.0,0.0,0.0,0.0,0.0,0.0,0.0,0.0,0.0,0.0,0.0,0.0,0.0,0.0,0.0,0.0,0.0,0.0,0.0,0.0,0.0,0.0,0.0,0.0,0.0,0.0,0.0,0.0,0.0,0.0,...
1763031467,643403035,laser,-3.1241390705108643,3.1415927410125732,0.0034828970674425364,5.408391371020116e-05,0.09729696065187454,0.15000000596046448,16.0,13.720000267028809,13.720000267028809,13.720000267028809,13.807999610900879,13.807999610900879,13.807999610900879,13.807999610900879,13.696000099182129,13.696000099182129,12.904000282287598,12.904000282287598,12.904000282287598,12.904000282287598,12.767999649047852,12.767999649047852,12.784000396728516,12.776000022888184,12.760000228881836,12.760000228881836,12.767999649047852,12.776000022888184,12.776000022888184,12.767999649047852,12.784000396728516,12.807999610900879,12.911999702453613,inf,inf,inf,10.4399995803833,10.4399995803833,10.4399995803833,10.4399995803833,10.4399995803833,inf,inf,inf,inf,inf,inf,inf,inf,inf,inf,inf,inf,inf,inf,inf,inf,3.875999927520752,3.875999927520752,3.875999927520752,3.875999927520752,3.875999927520752,3.7880001068115234,3.7880001068115234,3.7880001068115234,3.7880001068115234,3.740000009536743,3.740000009536743,3.752000093460083,3.752000093460083,3.747999906539917,3.747999906539917,3.747999906539917,2.9159998893737793,2.9159998893737793,2.9159998893737793,2.864000082015991,2.864000082015991,2.7960000038146973,2.7279999256134033,2.6600000858306885,2.6040000915527344,2.568000078201294,2.5160000324249268,2.5160000324249268,2.4600000381469727,2.4119999408721924,2.359999895095825,2.312000036239624,2.2760000228881836,2.184000015258789,2.184000015258789,2.171999931335449,2.131999969482422,2.1040000915527344,2.1040000915527344,2.0759999752044678,2.049999952316284,2.0320000648498535,2.0160000324249268,2.0,1.9859999418258667,1.9639999866485596,1.944000005722046,1.944000005722046,1.9199999570846558,1.8960000276565552,1.8739999532699585,1.843999981880188,1.8179999589920044,1.7979999780654907,1.7760000228881836,1.7519999742507935,1.7319999933242798,1.7100000381469727,1.7100000381469727,1.6859999895095825,1.6640000343322754,1.6440000534057617,1.5160000324249268,1.5160000324249268,1.50600004196167,1.496000051498413,1.4839999675750732,inf,inf,inf,1.437999963760376,1.437999963760376,1.437999963760376,1.437999963760376,1.437999963760376,1.4140000343322754,1.4140000343322754,1.399999976158142,...,47.0,47.0,47.0,47.0,47.0,0.0,0.0,0.0,0.0,0.0,0.0,0.0,0.0,0.0,0.0,0.0,0.0,0.0,0.0,0.0,0.0,0.0,0.0,0.0,0.0,0.0,0.0,0.0,0.0,0.0,0.0,0.0,0.0,0.0,0.0,0.0,0.0,0.0,0.0,0.0,0.0,0.0,0.0,0.0,0.0,0.0,0.0,0.0,0.0,0.0,0.0,0.0,0.0,0.0,0.0,0.0,0.0,0.0,0.0,0.0,0.0,0.0,0.0,0.0,0.0,0.0,0.0,0.0,0.0,0.0,0.0,0.0,0.0,0.0,0.0,0.0,0.0,0.0,0.0,0.0,0.0,0.0,0.0,0.0,0.0,0.0,0.0,0.0,0.0,0.0,0.0,0.0,0.0,0.0,0.0,0.0,0.0,0.0,0.0,0.0,0.0,0.0,0.0,0.0,0.0,0.0,47.0,47.0,47.0,47.0,47.0,0.0,0.0,0.0,0.0,0.0,0.0,0.0,0.0,0.0,0.0,0.0,0.0,0.0,0.0,0.0,0.0,0.0,...
1763031467,742308279,laser,-3.1241390705108643,3.1415927410125732,0.0034828970674425364,5.710367258870974e-05,0.10272950679063797,0.15000000596046448,16.0,13.520000457763672,13.656000137329102,13.656000137329102,13.767999649047852,13.767999649047852,13.767999649047852,13.767999649047852,13.767999649047852,12.807999610900879,12.807999610900879,12.807999610900879,12.807999610900879,12.760000228881836,12.760000228881836,12.760000228881836,12.776000022888184,12.784000396728516,12.776000022888184,12.776000022888184,12.767999649047852,12.767999649047852,12.776000022888184,12.791999816894531,12.800000190734863,12.807999610900879,12.807999610900879,inf,10.336000442504883,10.336000442504883,10.336000442504883,10.336000442504883,10.336000442504883,inf,inf,inf,inf,inf,inf,inf,inf,inf,inf,inf,inf,inf,inf,inf,inf,inf,inf,4.035999774932861,4.035999774932861,4.035999774932861,4.035999774932861,4.035999774932861,3.752000093460083,3.752000093460083,3.752000093460083,3.740000009536743,3.740000009536743,3.740000009536743,3.740000009536743,3.74399995803833,3.747999906539917,3.747999906539917,3.752000093460083,2.880000114440918,2.880000114440918,2.819999933242798,2.819999933242798,2.819999933242798,2.819999933242798,2.752000093460083,2.700000047683716,2.6480000019073486,2.5880000591278076,2.5360000133514404,2.4800000190734863,2.436000108718872,2.384000062942505,2.3359999656677246,2.3359999656677246,2.2960000038146973,2.247999906539917,2.2200000286102295,2.196000099182129,2.1440000534057617,2.1040000915527344,2.0799999237060547,2.049999952316284,2.049999952316284,1.9859999418258667,1.9859999418258667,1.9639999866485596,1.934000015258789,1.9079999923706055,1.8940000534057617,1.8819999694824219,1.8739999532699585,1.8600000143051147,1.8459999561309814,1.8459999561309814,1.8259999752044678,1.8040000200271606,1.7799999713897705,1.7580000162124634,1.7339999675750732,1.7139999866485596,1.6959999799728394,1.6759999990463257,1.6759999990463257,1.656000018119812,1.5099999904632568,1.5099999904632568,1.5099999904632568,1.4980000257492065,1.4859999418258667,inf,inf,inf,inf,inf,inf,1.4019999504089355,1.4019999504089355,1.4019999504089355,1.4019999504089355,1.4019999504089355,...,0.0,0.0,0.0,0.0,0.0,0.0,0.0,0.0,0.0,0.0,0.0,0.0,0.0,0.0,0.0,0.0,0.0,0.0,0.0,0.0,47.0,47.0,47.0,47.0,47.0,0.0,0.0,0.0,0.0,0.0,0.0,0.0,0.0,0.0,0.0,0.0,0.0,0.0,0.0,0.0,0.0,0.0,0.0,0.0,0.0,0.0,0.0,0.0,0.0,0.0,0.0,0.0,0.0,0.0,0.0,0.0,0.0,0.0,0.0,0.0,0.0,0.0,0.0,0.0,0.0,0.0,0.0,0.0,0.0,0.0,0.0,0.0,0.0,0.0,0.0,0.0,0.0,0.0,0.0,0.0,0.0,0.0,0.0,0.0,0.0,0.0,0.0,0.0,0.0,0.0,0.0,47.0,47.0,47.0,47.0,47.0,0.0,0.0,0.0,0.0,0.0,0.0,0.0,0.0,0.0,0.0,0.0,0.0,0.0,0.0,0.0,0.0,0.0,0.0,0.0,0.0,0.0,0.0,0.0,0.0,0.0,0.0,0.0,47.0,47.0,47.0,47.0,47.0,...
1763031467,846401286,laser,-3.1241390705108643,3.1415927410125732,0.0034828970674425364,5.38658641744405e-05,0.0969046875834465,0.15000000596046448,16.0,13.656000137329102,13.576000213623047,13.576000213623047,13.64799976348877,13.767999649047852,13.767999649047852,13.767999649047852,13.767999649047852,inf,inf,12.767999649047852,12.767999649047852,12.767999649047852,12.767999649047852,12.767999649047852,12.776000022888184,12.776000022888184,12.767999649047852,12.760000228881836,12.776000022888184,12.784000396728516,12.784000396728516,12.767999649047852,12.784000396728516,12.807999610900879,12.815999984741211,inf,10.5600004196167,10.5600004196167,10.5600004196167,10.5600004196167,10.5600004196167,inf,inf,inf,inf,inf,inf,inf,inf,inf,inf,inf,inf,inf,inf,inf,inf,4.111999988555908,4.111999988555908,4.111999988555908,4.111999988555908,4.111999988555908,3.7760000228881836,3.7760000228881836,3.7760000228881836,3.740000009536743,3.740000009536743,3.740000009536743,3.740000009536743,3.740000009536743,3.747999906539917,3.747999906539917,3.747999906539917,3.747999906539917,2.8440001010894775,2.8440001010894775,2.8440001010894775,2.8440001010894775,2.7880001068115234,2.7880001068115234,2.7880001068115234,2.7279999256134033,2.6600000858306885,2.6080000400543213,2.559999942779541,2.5160000324249268,2.4560000896453857,2.4000000953674316,2.364000082015991,2.364000082015991,2.319999933242798,2.2880001068115234,2.171999931335449,2.171999931335449,2.171999931335449,2.131999969482422,2.1040000915527344,2.068000078201294,2.068000078201294,2.0280001163482666,1.99399995803833,1.968000054359436,1.944000005722046,1.9079999923706055,1.8799999952316284,1.8619999885559082,1.840000033378601,1.8220000267028809,1.8200000524520874,1.8200000524520874,1.8140000104904175,1.8040000200271606,1.7879999876022339,1.7680000066757202,1.746000051498413,1.7259999513626099,1.7079999446868896,1.7079999446868896,1.6859999895095825,1.6640000343322754,1.6440000534057617,1.527999997138977,1.50600004196167,1.50600004196167,1.4900000095367432,1.465999960899353,inf,inf,inf,inf,1.399999976158142,1.399999976158142,1.399999976158142,1.399999976158142,1.399999976158142,1.3860000371932983,1.3860000371932983,...,0.0,0.0,0.0,0.0,0.0,0.0,0.0,0.0,0.0,0.0,0.0,0.0,0.0,0.0,0.0,0.0,0.0,47.0,47.0,47.0,47.0,47.0,0.0,0.0,0.0,0.0,0.0,0.0,0.0,0.0,0.0,0.0,0.0,0.0,0.0,0.0,0.0,0.0,0.0,0.0,0.0,0.0,0.0,0.0,0.0,0.0,0.0,0.0,0.0,0.0,0.0,0.0,0.0,0.0,0.0,0.0,0.0,0.0,0.0,0.0,0.0,0.0,0.0,0.0,0.0,0.0,0.0,0.0,0.0,0.0,0.0,0.0,0.0,0.0,0.0,0.0,0.0,0.0,0.0,0.0,0.0,0.0,0.0,0.0,0.0,0.0,0.0,0.0,0.0,0.0,0.0,0.0,0.0,0.0,0.0,0.0,0.0,0.0,0.0,0.0,0.0,0.0,0.0,0.0,0.0,0.0,0.0,0.0,0.0,0.0,0.0,0.0,0.0,0.0,0.0,0.0,0.0,0.0,0.0,0.0,0.0,0.0,0.0,0.0,0.0,0.0,0.0,0.0,...
1763031467,944810010,laser,-3.1241390705108643,3.1415927410125732,0.0034828970674425364,5.377877823775634e-05,0.09674802422523499,0.15000000596046448,16.0,13.607999801635742,13.607999801635742,13.704000473022461,13.767999649047852,13.767999649047852,13.767999649047852,inf,inf,12.815999984741211,12.815999984741211,12.815999984741211,12.815999984741211,12.815999984741211,12.760000228881836,12.760000228881836,12.784000396728516,12.791999816894531,12.776000022888184,12.767999649047852,12.767999649047852,12.767999649047852,12.767999649047852,12.791999816894531,12.791999816894531,12.791999816894531,inf,inf,inf,10.312000274658203,10.312000274658203,10.312000274658203,10.312000274658203,10.312000274658203,inf,inf,inf,inf,inf,inf,inf,inf,inf,inf,inf,inf,inf,inf,inf,inf,inf,inf,inf,inf,3.8559999465942383,3.8559999465942383,3.8559999465942383,3.8559999465942383,3.8559999465942383,3.7760000228881836,3.740000009536743,3.7320001125335693,3.740000009536743,3.747999906539917,3.747999906539917,3.747999906539917,3.747999906539917,2.8959999084472656,2.8959999084472656,2.8399999141693115,2.8399999141693115,2.8399999141693115,2.7880001068115234,2.7279999256134033,2.6600000858306885,2.6080000400543213,2.559999942779541,2.559999942779541,2.507999897003174,2.4519999027252197,2.3959999084472656,2.3519999980926514,2.312000036239624,2.2880001068115234,2.191999912261963,2.171999931335449,2.171999931335449,2.124000072479248,2.124000072479248,2.0920000076293945,2.068000078201294,2.0299999713897705,2.0,1.9780000448226929,1.9479999542236328,1.9220000505447388,1.9079999923706055,1.9079999923706055,1.899999976158142,1.8899999856948853,1.8700000047683716,1.8539999723434448,1.8359999656677246,1.812000036239624,1.7879999876022339,1.7660000324249268,1.7660000324249268,1.7200000286102295,1.7200000286102295,1.7020000219345093,1.684000015258789,1.6619999408721924,1.6360000371932983,1.5180000066757202,1.5180000066757202,1.50600004196167,1.4900000095367432,1.4759999513626099,1.4759999513626099,inf,inf,inf,inf,inf,1.4079999923706055,1.4079999923706055,1.4079999923706055,1.4079999923706055,1.4079999923706055,...,0.0,0.0,0.0,0.0,0.0,0.0,0.0,0.0,0.0,0.0,0.0,0.0,0.0,0.0,0.0,0.0,0.0,0.0,0.0,0.0,0.0,0.0,0.0,0.0,0.0,0.0,0.0,0.0,0.0,0.0,0.0,0.0,0.0,0.0,0.0,0.0,0.0,0.0,0.0,0.0,0.0,0.0,0.0,0.0,0.0,0.0,0.0,0.0,0.0,0.0,0.0,0.0,0.0,0.0,0.0,0.0,0.0,0.0,0.0,0.0,0.0,0.0,0.0,0.0,0.0,0.0,0.0,0.0,0.0,0.0,0.0,0.0,0.0,0.0,0.0,0.0,0.0,0.0,0.0,0.0,0.0,0.0,0.0,0.0,0.0,0.0,0.0,0.0,0.0,0.0,47.0,47.0,47.0,47.0,47.0,0.0,0.0,0.0,0.0,0.0,0.0,0.0,0.0,0.0,0.0,0.0,0.0,47.0,47.0,47.0,47.0,47.0,0.0,0.0,0.0,0.0,0.0,0.0,0.0,0.0,0.0,0.0,0.0,0.0,0.0,0.0,47.0,47.0,...
1763031468,43153845,laser,-3.1241390705108643,3.1415927410125732,0.0034828970674425364,5.366403638618067e-05,0.09654160588979721,0.15000000596046448,16.0,13.67199993133545,13.67199993133545,13.67199993133545,13.767999649047852,13.767999649047852,13.767999649047852,13.767999649047852,inf,inf,12.807999610900879,12.807999610900879,12.807999610900879,12.807999610900879,12.807999610900879,12.767999649047852,12.784000396728516,12.791999816894531,12.776000022888184,12.767999649047852,12.767999649047852,12.767999649047852,12.760000228881836,12.776000022888184,12.791999816894531,12.791999816894531,inf,inf,inf,inf,inf,inf,inf,inf,inf,inf,inf,inf,inf,inf,inf,inf,inf,inf,inf,inf,inf,inf,inf,inf,inf,inf,inf,inf,3.864000082015991,3.864000082015991,3.864000082015991,3.864000082015991,3.864000082015991,3.7760000228881836,3.7360000610351562,3.7320001125335693,3.740000009536743,3.747999906539917,3.752000093460083,3.752000093460083,3.752000093460083,2.8959999084472656,2.8959999084472656,2.8440001010894775,2.8440001010894775,2.8440001010894775,2.7880001068115234,2.7239999771118164,2.6600000858306885,2.6080000400543213,2.559999942779541,2.559999942779541,2.503999948501587,2.447999954223633,2.3959999084472656,2.3519999980926514,2.308000087738037,2.2880001068115234,2.200000047683716,2.1679999828338623,2.1679999828338623,2.124000072479248,2.124000072479248,2.0959999561309814,2.068000078201294,2.0320000648498535,2.0160000324249268,2.0,1.9780000448226929,1.9700000286102295,1.9539999961853027,1.9539999961853027,1.934000015258789,1.9140000343322754,1.8880000114440918,1.8619999885559082,1.8359999656677246,1.812000036239624,1.7899999618530273,1.7660000324249268,1.7660000324249268,1.7239999771118164,1.7239999771118164,1.7039999961853027,1.684000015258789,1.6619999408721924,1.6360000371932983,1.5140000581741333,1.5140000581741333,1.50600004196167,1.4900000095367432,1.4759999513626099,1.4759999513626099,inf,inf,inf,inf,inf,1.399999976158142,1.399999976158142,1.399999976158142,1.399999976158142,1.399999976158142,...,47.0,47.0,47.0,47.0,47.0,0.0,0.0,0.0,0.0,0.0,0.0,0.0,0.0,0.0,0.0,0.0,0.0,0.0,47.0,47.0,47.0,47.0,47.0,0.0,0.0,0.0,0.0,0.0,0.0,0.0,0.0,0.0,0.0,0.0,0.0,0.0,0.0,0.0,0.0,0.0,0.0,0.0,0.0,0.0,0.0,0.0,0.0,0.0,0.0,0.0,0.0,0.0,0.0,0.0,0.0,0.0,0.0,0.0,0.0,0.0,0.0,0.0,0.0,0.0,0.0,0.0,0.0,0.0,0.0,0.0,0.0,0.0,0.0,0.0,0.0,0.0,0.0,0.0,0.0,0.0,0.0,0.0,0.0,0.0,0.0,0.0,0.0,0.0,0.0,0.0,0.0,0.0,0.0,0.0,0.0,0.0,0.0,0.0,0.0,0.0,0.0,0.0,0.0,0.0,0.0,0.0,47.0,47.0,47.0,47.0,47.0,0.0,0.0,0.0,0.0,0.0,0.0,0.0,0.0,0.0,0.0,0.0,0.0,0.0,0.0,47.0,47.0,47.0,...
1763031468,140582536,laser,-3.1241390705108643,3.1415927410125732,0.0034828970674425364,5.4132353398017585e-05,0.09738410264253616,0.15000000596046448,16.0,13.67199993133545,13.67199993133545,13.67199993133545,13.784000396728516,13.784000396728516,13.784000396728516,13.784000396728516,inf,inf,12.807999610900879,12.807999610900879,12.807999610900879,12.807999610900879,12.807999610900879,12.767999649047852,12.776000022888184,12.791999816894531,12.784000396728516,12.784000396728516,12.776000022888184,12.767999649047852,12.751999855041504,12.776000022888184,12.791999816894531,12.791999816894531,12.791999816894531,10.472000122070312,10.472000122070312,10.472000122070312,10.472000122070312,10.472000122070312,10.432000160217285,10.432000160217285,10.432000160217285,10.432000160217285,inf,inf,inf,inf,inf,inf,inf,inf,inf,inf,inf,inf,inf,inf,inf,inf,inf,inf,3.752000093460083,3.752000093460083,3.752000093460083,3.752000093460083,3.752000093460083,3.74399995803833,3.74399995803833,3.740000009536743,3.740000009536743,3.740000009536743,3.74399995803833,3.747999906539917,3.752000093460083,2.884000062942505,2.884000062942505,2.819999933242798,2.819999933242798,2.819999933242798,2.752000093460083,2.752000093460083,2.6480000019073486,2.6480000019073486,2.5959999561309814,2.5399999618530273,2.48799991607666,2.436000108718872,2.384000062942505,2.3359999656677246,2.299999952316284,2.247999906539917,2.247999906539917,2.2039999961853027,2.2039999961853027,2.1559998989105225,2.115999937057495,2.0959999561309814,2.058000087738037,2.007999897003174,1.9819999933242798,1.9539999961853027,1.9199999570846558,1.9199999570846558,1.8960000276565552,1.878000020980835,1.8619999885559082,1.8459999561309814,1.8320000171661377,1.8220000267028809,1.8140000104904175,1.7999999523162842,1.7999999523162842,1.7799999713897705,1.75600004196167,1.7319999933242798,1.7139999866485596,1.6959999799728394,1.6740000247955322,1.6540000438690186,1.6180000305175781,1.5119999647140503,1.5119999647140503,1.4980000257492065,1.4980000257492065,1.4819999933242798,inf,inf,inf,inf,inf,inf,1.399999976158142,1.399999976158142,1.399999976158142,1.399999976158142,1.399999976158142,...,47.0,47.0,47.0,47.0,47.0,0.0,0.0,0.0,0.0,0.0,0.0,0.0,0.0,0.0,0.0,0.0,0.0,0.0,47.0,47.0,47.0,47.0,47.0,0.0,0.0,0.0,0.0,0.0,0.0,0.0,0.0,0.0,0.0,0.0,0.0,0.0,0.0,0.0,0.0,0.0,0.0,0.0,0.0,0.0,0.0,0.0,0.0,0.0,0.0,0.0,0.0,0.0,0.0,0.0,0.0,0.0,0.0,0.0,0.0,0.0,0.0,0.0,0.0,0.0,0.0,0.0,0.0,0.0,0.0,0.0,0.0,0.0,0.0,0.0,0.0,0.0,0.0,0.0,0.0,0.0,0.0,0.0,0.0,0.0,0.0,0.0,0.0,0.0,0.0,0.0,0.0,0.0,0.0,0.0,0.0,0.0,0.0,0.0,0.0,0.0,0.0,0.0,0.0,0.0,0.0,0.0,47.0,47.0,47.0,47.0,47.0,0.0,0.0,0.0,0.0,0.0,0.0,0.0,0.0,0.0,0.0,0.0,0.0,0.0,0.0,47.0,47.0,47.0,...
1763031468,239447559,laser,-3.1241390705108643,3.1415927410125732,0.0034828970674425364,5.37863488716539e-05,0.09676164388656616,0.15000000596046448,16.0,13.53600025177002,13.53600025177002,13.53600025177002,13.680000305175781,13.776000022888184,13.776000022888184,13.776000022888184,inf,inf,12.776000022888184,12.776000022888184,12.776000022888184,12.776000022888184,12.776000022888184,12.767999649047852,12.767999649047852,12.767999649047852,12.776000022888184,12.776000022888184,12.776000022888184,12.776000022888184,12.760000228881836,12.776000022888184,12.776000022888184,12.800000190734863,12.800000190734863,10.543999671936035,10.543999671936035,10.543999671936035,10.543999671936035,10.543999671936035,inf,inf,inf,inf,inf,inf,inf,inf,inf,inf,inf,inf,inf,inf,inf,inf,inf,inf,inf,inf,inf,3.747999906539917,3.747999906539917,3.747999906539917,3.747999906539917,3.747999906539917,3.74399995803833,3.74399995803833,3.74399995803833,3.74399995803833,3.74399995803833,3.740000009536743,3.74399995803833,3.747999906539917,3.752000093460083,3.752000093460083,2.884000062942505,2.884000062942505,2.884000062942505,2.884000062942505,2.819999933242798,2.747999906539917,2.696000099182129,2.6440000534057617,2.5880000591278076,2.5399999618530273,2.4839999675750732,2.4159998893737793,2.364000082015991,2.364000082015991,2.3359999656677246,2.299999952316284,2.240000009536743,2.2119998931884766,2.191999912261963,2.1480000019073486,2.1080000400543213,2.078000068664551,2.0420000553131104,2.002000093460083,2.002000093460083,1.9800000190734863,1.9520000219345093,1.9140000343322754,1.8919999599456787,1.8760000467300415,1.8639999628067017,1.8539999723434448,1.843999981880188,1.843999981880188,1.8300000429153442,1.8179999589920044,1.7999999523162842,1.777999997138977,1.753999948501587,1.7300000190734863,1.7100000381469727,1.690000057220459,1.690000057220459,1.6679999828338623,1.6480000019073486,1.5360000133514404,1.5360000133514404,1.5119999647140503,1.4980000257492065,1.4839999675750732,1.465999960899353,inf,inf,inf,inf,1.3980000019073486,1.3980000019073486,1.3980000019073486,1.3980000019073486,1.3980000019073486,1.3839999437332153,...,47.0,47.0,47.0,47.0,47.0,0.0,0.0,0.0,0.0,0.0,0.0,0.0,0.0,0.0,0.0,0.0,0.0,0.0,0.0,0.0,0.0,0.0,0.0,0.0,0.0,0.0,0.0,0.0,0.0,0.0,0.0,0.0,0.0,0.0,0.0,0.0,0.0,0.0,0.0,0.0,0.0,0.0,0.0,0.0,0.0,0.0,0.0,0.0,0.0,0.0,0.0,0.0,0.0,0.0,0.0,0.0,0.0,0.0,0.0,0.0,0.0,0.0,0.0,0.0,0.0,0.0,0.0,0.0,0.0,0.0,0.0,0.0,0.0,0.0,0.0,0.0,0.0,0.0,0.0,0.0,0.0,0.0,0.0,0.0,0.0,0.0,0.0,0.0,0.0,47.0,47.0,47.0,47.0,47.0,0.0,0.0,0.0,0.0,0.0,0.0,0.0,0.0,0.0,0.0,0.0,0.0,0.0,0.0,0.0,0.0,0.0,0.0,0.0,0.0,0.0,0.0,0.0,0.0,0.0,0.0,0.0,0.0,0.0,0.0,47.0,47.0,47.0,47.0,...
1763031468,337173959,laser,-3.1241390705108643,3.1415927410125732,0.0034828970674425364,5.751453136326745e-05,0.1034686416387558,0.15000000596046448,16.0,13.600000381469727,13.600000381469727,13.600000381469727,13.680000305175781,13.767999649047852,13.767999649047852,inf,inf,12.776000022888184,12.776000022888184,12.776000022888184,12.776000022888184,12.776000022888184,12.767999649047852,12.767999649047852,12.767999649047852,12.767999649047852,12.776000022888184,12.776000022888184,12.767999649047852,12.767999649047852,12.767999649047852,12.767999649047852,12.776000022888184,12.784000396728516,12.791999816894531,inf,inf,inf,10.527999877929688,10.527999877929688,10.527999877929688,10.527999877929688,10.527999877929688,inf,inf,inf,inf,inf,inf,inf,inf,inf,inf,inf,inf,inf,inf,inf,inf,inf,inf,inf,inf,3.75600004196167,3.75600004196167,3.75600004196167,3.75600004196167,3.75600004196167,3.7320001125335693,3.7279999256134033,3.7279999256134033,3.740000009536743,3.752000093460083,3.752000093460083,3.752000093460083,2.884000062942505,2.884000062942505,2.884000062942505,2.8399999141693115,2.8399999141693115,2.7799999713897705,2.7799999713897705,2.6480000019073486,2.6480000019073486,2.5999999046325684,2.5439999103546143,2.4839999675750732,2.436000108718872,2.384000062942505,2.3399999141693115,2.2960000038146973,2.2720000743865967,2.2720000743865967,2.24399995803833,2.200000047683716,2.1559998989105225,2.1080000400543213,2.0799999237060547,2.0480000972747803,2.0239999294281006,2.0160000324249268,1.9980000257492065,1.9759999513626099,1.9759999513626099,1.9639999866485596,1.9539999961853027,1.934000015258789,1.909999966621399,1.8839999437332153,1.8580000400543213,1.8359999656677246,1.812000036239624,1.812000036239624,1.7879999876022339,1.7619999647140503,1.7380000352859497,1.718000054359436,1.7000000476837158,1.6820000410079956,1.6619999408721924,1.5140000581741333,1.5019999742507935,1.5019999742507935,1.5019999742507935,1.5019999742507935,1.4880000352859497,1.4780000448226929,inf,inf,inf,1.4079999923706055,1.4079999923706055,1.4079999923706055,1.4079999923706055,1.4079999923706055,1.399999976158142,1.399999976158142,...,0.0,47.0,47.0,47.0,47.0,47.0,0.0,0.0,0.0,0.0,0.0,0.0,0.0,0.0,0.0,0.0,0.0,0.0,0.0,0.0,0.0,0.0,0.0,0.0,0.0,0.0,0.0,0.0,0.0,0.0,0.0,0.0,0.0,0.0,0.0,0.0,0.0,0.0,0.0,0.0,0.0,0.0,0.0,0.0,0.0,0.0,0.0,0.0,0.0,0.0,0.0,0.0,0.0,0.0,0.0,0.0,0.0,0.0,0.0,0.0,0.0,0.0,0.0,0.0,0.0,0.0,0.0,0.0,0.0,0.0,0.0,0.0,0.0,0.0,0.0,0.0,0.0,0.0,0.0,0.0,0.0,0.0,0.0,0.0,0.0,0.0,0.0,0.0,0.0,0.0,47.0,47.0,47.0,47.0,47.0,0.0,0.0,0.0,0.0,0.0,0.0,0.0,0.0,0.0,0.0,0.0,0.0,0.0,0.0,0.0,0.0,0.0,0.0,0.0,0.0,0.0,0.0,0.0,0.0,0.0,0.0,0.0,0.0,0.0,0.0,0.0,47.0,47.0,...
1763031468,441540255,laser,-3.1241390705108643,3.1415927410125732,0.0034828970674425364,5.412782775238156e-05,0.09737596660852432,0.15000000596046448,16.0,13.663999557495117,13.663999557495117,13.583999633789062,13.600000381469727,13.696000099182129,13.696000099182129,13.696000099182129,13.696000099182129,13.696000099182129,12.760000228881836,12.760000228881836,12.760000228881836,12.776000022888184,12.776000022888184,12.776000022888184,12.776000022888184,12.767999649047852,12.767999649047852,12.767999649047852,12.760000228881836,12.751999855041504,12.760000228881836,12.767999649047852,12.767999649047852,12.784000396728516,12.791999816894531,inf,inf,inf,inf,inf,inf,inf,inf,inf,inf,inf,inf,inf,inf,inf,inf,inf,inf,inf,inf,inf,inf,inf,inf,inf,inf,3.888000011444092,3.888000011444092,3.888000011444092,3.888000011444092,3.888000011444092,3.799999952316284,3.752000093460083,3.752000093460083,3.7279999256134033,3.7279999256134033,3.740000009536743,3.747999906539917,3.747999906539917,3.747999906539917,3.747999906539917,2.884000062942505,2.884000062942505,2.884000062942505,2.884000062942505,2.819999933242798,2.747999906539917,2.684000015258789,2.631999969482422,2.5880000591278076,2.5360000133514404,2.4800000190734863,2.4240000247955322,2.371999979019165,2.371999979019165,2.3359999656677246,2.299999952316284,2.240000009536743,2.2079999446868896,2.187999963760376,2.1440000534057617,2.1080000400543213,2.0799999237060547,2.052000045776367,2.052000045776367,2.0160000324249268,1.9819999933242798,1.9559999704360962,1.9320000410079956,1.9160000085830688,1.906000018119812,1.8940000534057617,1.8819999694824219,1.8660000562667847,1.8660000562667847,1.843999981880188,1.8220000267028809,1.7999999523162842,1.7760000228881836,1.753999948501587,1.7319999933242798,1.7120000123977661,1.694000005722046,1.6679999828338623,1.6679999828338623,1.6480000019073486,1.5099999904632568,1.5099999904632568,1.4980000257492065,1.4980000257492065,1.4839999675750732,inf,inf,inf,inf,inf,1.4019999504089355,1.4019999504089355,1.4019999504089355,1.4019999504089355,1.4019999504089355,1.3860000371932983,...,0.0,0.0,0.0,0.0,0.0,0.0,0.0,0.0,0.0,0.0,0.0,0.0,0.0,0.0,0.0,0.0,0.0,0.0,0.0,0.0,47.0,47.0,47.0,47.0,47.0,0.0,0.0,0.0,0.0,0.0,0.0,0.0,0.0,0.0,0.0,0.0,0.0,0.0,0.0,0.0,0.0,0.0,0.0,0.0,0.0,0.0,0.0,0.0,0.0,0.0,0.0,0.0,0.0,0.0,0.0,0.0,0.0,0.0,0.0,0.0,0.0,0.0,0.0,0.0,0.0,0.0,0.0,0.0,0.0,0.0,47.0,47.0,47.0,47.0,47.0,0.0,0.0,0.0,0.0,0.0,0.0,0.0,0.0,0.0,0.0,0.0,0.0,0.0,0.0,0.0,0.0,47.0,47.0,47.0,47.0,47.0,0.0,0.0,0.0,0.0,0.0,0.0,0.0,0.0,0.0,0.0,0.0,0.0,0.0,0.0,0.0,0.0,0.0,0.0,0.0,0.0,0.0,0.0,0.0,0.0,0.0,0.0,0.0,47.0,47.0,47.0,47.0,47.0,...
1763031468,540500039,laser,-3.1241390705108643,3.1415927410125732,0.0034828970674425364,5.373584644985385e-05,0.09667079150676727,0.15000000596046448,16.0,13.696000099182129,13.696000099182129,13.696000099182129,inf,inf,inf,inf,inf,12.871999740600586,12.871999740600586,12.871999740600586,12.871999740600586,12.871999740600586,12.776000022888184,12.776000022888184,12.767999649047852,12.776000022888184,12.776000022888184,12.767999649047852,12.767999649047852,12.767999649047852,12.767999649047852,12.767999649047852,12.784000396728516,12.791999816894531,inf,inf,inf,inf,inf,inf,inf,inf,inf,inf,inf,inf,inf,inf,inf,inf,inf,inf,inf,inf,inf,inf,inf,inf,inf,inf,3.819999933242798,3.819999933242798,3.819999933242798,3.819999933242798,3.819999933242798,3.75600004196167,3.75600004196167,3.75600004196167,3.75600004196167,3.747999906539917,3.740000009536743,3.740000009536743,3.747999906539917,3.747999906539917,3.752000093460083,2.884000062942505,2.884000062942505,2.884000062942505,2.8359999656677246,2.8359999656677246,2.696000099182129,2.6440000534057617,2.6440000534057617,2.5920000076293945,2.5920000076293945,2.5399999618530273,2.4839999675750732,2.431999921798706,2.384000062942505,2.3359999656677246,2.2960000038146973,2.25600004196167,2.2279999256134033,2.191999912261963,2.191999912261963,2.1480000019073486,2.111999988555908,2.0799999237060547,2.0480000972747803,2.01200008392334,1.9819999933242798,1.9559999704360962,1.9259999990463257,1.9259999990463257,1.8980000019073486,1.8680000305175781,1.8539999723434448,1.8420000076293945,1.8220000267028809,1.8179999589920044,1.8079999685287476,1.7940000295639038,1.7940000295639038,1.777999997138977,1.75600004196167,1.7319999933242798,1.7120000123977661,1.6959999799728394,1.6759999990463257,1.6540000438690186,1.6540000438690186,1.5160000324249268,1.5160000324249268,1.5019999742507935,1.5019999742507935,1.4880000352859497,1.4759999513626099,inf,inf,inf,1.4040000438690186,1.4040000438690186,1.4040000438690186,1.4040000438690186,1.4040000438690186,1.3919999599456787,1.3919999599456787,...,47.0,47.0,47.0,47.0,47.0,0.0,0.0,0.0,0.0,0.0,0.0,0.0,0.0,0.0,0.0,0.0,0.0,0.0,0.0,0.0,0.0,0.0,0.0,0.0,0.0,0.0,0.0,0.0,0.0,0.0,0.0,0.0,0.0,0.0,0.0,0.0,0.0,0.0,0.0,0.0,0.0,0.0,0.0,0.0,0.0,0.0,0.0,0.0,0.0,0.0,0.0,0.0,0.0,0.0,0.0,0.0,0.0,0.0,0.0,0.0,0.0,0.0,0.0,0.0,0.0,0.0,0.0,0.0,47.0,47.0,47.0,47.0,47.0,0.0,0.0,0.0,0.0,0.0,0.0,0.0,0.0,0.0,0.0,0.0,0.0,0.0,0.0,0.0,0.0,0.0,0.0,0.0,0.0,0.0,0.0,0.0,0.0,0.0,0.0,0.0,0.0,0.0,0.0,0.0,0.0,0.0,0.0,0.0,0.0,0.0,0.0,0.0,0.0,0.0,0.0,0.0,0.0,0.0,0.0,0.0,0.0,0.0,0.0,0.0,0.0,0.0,0.0,0.0,...
1763031468,639055107,laser,-3.1241390705108643,3.1415927410125732,0.0034828970674425364,5.352966763894074e-05,0.09629987180233002,0.15000000596046448,16.0,13.663999557495117,13.663999557495117,13.600000381469727,13.67199993133545,13.767999649047852,13.767999649047852,13.767999649047852,13.767999649047852,13.767999649047852,12.776000022888184,12.776000022888184,12.776000022888184,12.767999649047852,12.767999649047852,12.767999649047852,12.767999649047852,12.767999649047852,12.767999649047852,12.767999649047852,12.767999649047852,12.767999649047852,12.776000022888184,12.776000022888184,12.776000022888184,12.791999816894531,12.800000190734863,inf,inf,10.576000213623047,10.576000213623047,10.576000213623047,10.576000213623047,10.576000213623047,inf,inf,inf,inf,inf,inf,inf,inf,inf,inf,inf,inf,inf,inf,inf,inf,inf,inf,inf,inf,3.819999933242798,3.819999933242798,3.819999933242798,3.819999933242798,3.819999933242798,3.752000093460083,3.752000093460083,3.747999906539917,3.747999906539917,3.74399995803833,3.747999906539917,3.747999906539917,3.752000093460083,2.884000062942505,2.884000062942505,2.819999933242798,2.819999933242798,2.819999933242798,2.752000093460083,2.752000093460083,2.6440000534057617,2.6440000534057617,2.5920000076293945,2.5360000133514404,2.4839999675750732,2.431999921798706,2.384000062942505,2.3359999656677246,2.2960000038146973,2.247999906539917,2.247999906539917,2.191999912261963,2.191999912261963,2.1440000534057617,2.115999937057495,2.0880000591278076,2.049999952316284,2.0139999389648438,1.9900000095367432,1.968000054359436,1.9420000314712524,1.9420000314712524,1.9259999990463257,1.9179999828338623,1.9079999923706055,1.8940000534057617,1.8739999532699585,1.8519999980926514,1.8320000171661377,1.805999994277954,1.805999994277954,1.781999945640564,1.7599999904632568,1.7339999675750732,1.7139999866485596,1.6959999799728394,1.6759999990463257,1.6540000438690186,1.5099999904632568,1.5099999904632568,1.5099999904632568,1.5,1.5,1.4880000352859497,1.4759999513626099,inf,inf,inf,inf,inf,1.4040000438690186,1.4040000438690186,1.4040000438690186,1.4040000438690186,1.4040000438690186,...,0.0,0.0,0.0,0.0,0.0,0.0,0.0,0.0,0.0,0.0,0.0,0.0,0.0,0.0,0.0,0.0,0.0,0.0,0.0,0.0,0.0,0.0,0.0,0.0,0.0,0.0,0.0,0.0,0.0,0.0,0.0,0.0,0.0,0.0,0.0,0.0,0.0,0.0,0.0,0.0,0.0,0.0,0.0,0.0,0.0,0.0,0.0,0.0,0.0,0.0,0.0,0.0,0.0,0.0,0.0,0.0,0.0,0.0,0.0,0.0,0.0,0.0,0.0,0.0,0.0,0.0,0.0,0.0,0.0,0.0,0.0,0.0,0.0,0.0,0.0,0.0,0.0,0.0,0.0,0.0,0.0,0.0,0.0,0.0,0.0,0.0,0.0,0.0,0.0,0.0,0.0,47.0,47.0,47.0,47.0,47.0,0.0,0.0,0.0,0.0,0.0,0.0,0.0,0.0,0.0,0.0,0.0,0.0,0.0,0.0,0.0,0.0,0.0,0.0,0.0,0.0,0.0,0.0,0.0,0.0,0.0,0.0,0.0,47.0,47.0,47.0,47.0,47.0,...
1763031468,736110372,laser,-3.1241390705108643,3.1415927410125732,0.0034828970674425364,5.4298499890137464e-05,0.09768300503492355,0.15000000596046448,16.0,13.600000381469727,13.600000381469727,13.600000381469727,13.680000305175781,13.760000228881836,13.760000228881836,13.760000228881836,inf,inf,12.776000022888184,12.776000022888184,12.776000022888184,12.776000022888184,12.776000022888184,12.767999649047852,12.767999649047852,12.767999649047852,12.767999649047852,12.767999649047852,12.767999649047852,12.767999649047852,12.767999649047852,12.767999649047852,12.776000022888184,12.791999816894531,12.800000190734863,10.51200008392334,10.51200008392334,10.51200008392334,10.51200008392334,10.51200008392334,inf,inf,inf,inf,inf,inf,inf,inf,inf,inf,inf,inf,inf,inf,inf,inf,inf,inf,inf,inf,inf,3.9040000438690186,3.9040000438690186,3.9040000438690186,3.9040000438690186,3.9040000438690186,3.808000087738037,3.74399995803833,3.74399995803833,3.747999906539917,3.74399995803833,3.74399995803833,3.747999906539917,3.747999906539917,3.747999906539917,3.747999906539917,2.884000062942505,2.884000062942505,2.884000062942505,2.884000062942505,2.815999984741211,2.747999906539917,2.680000066757202,2.628000020980835,2.5880000591278076,2.5320000648498535,2.4800000190734863,2.4240000247955322,2.371999979019165,2.3359999656677246,2.3359999656677246,2.2960000038146973,2.2360000610351562,2.2119998931884766,2.191999912261963,2.1440000534057617,2.115999937057495,2.0880000591278076,2.052000045776367,2.052000045776367,1.9900000095367432,1.9900000095367432,1.972000002861023,1.9579999446868896,1.9459999799728394,1.9359999895095825,1.9199999570846558,1.8980000019073486,1.8980000019073486,1.850000023841858,1.850000023841858,1.8300000429153442,1.8040000200271606,1.777999997138977,1.75600004196167,1.7319999933242798,1.7120000123977661,1.6920000314712524,1.6720000505447388,1.6720000505447388,1.6519999504089355,1.527999997138977,1.5099999904632568,1.5099999904632568,1.5,1.4880000352859497,inf,inf,inf,inf,inf,1.4019999504089355,1.4019999504089355,1.4019999504089355,1.4019999504089355,1.4019999504089355,1.3880000114440918,...,47.0,47.0,47.0,47.0,47.0,0.0,0.0,0.0,0.0,0.0,0.0,0.0,0.0,0.0,0.0,0.0,0.0,0.0,0.0,0.0,0.0,0.0,0.0,0.0,0.0,0.0,0.0,0.0,0.0,0.0,0.0,0.0,0.0,0.0,0.0,0.0,0.0,0.0,0.0,0.0,0.0,0.0,0.0,0.0,0.0,0.0,0.0,0.0,0.0,0.0,0.0,0.0,0.0,0.0,0.0,0.0,0.0,0.0,0.0,0.0,0.0,0.0,0.0,0.0,0.0,0.0,0.0,0.0,0.0,0.0,0.0,0.0,0.0,0.0,0.0,0.0,0.0,0.0,0.0,0.0,0.0,0.0,0.0,0.0,0.0,0.0,0.0,0.0,0.0,0.0,0.0,0.0,0.0,0.0,0.0,0.0,0.0,0.0,0.0,0.0,0.0,0.0,0.0,0.0,0.0,0.0,0.0,0.0,0.0,0.0,0.0,0.0,0.0,0.0,0.0,0.0,0.0,0.0,0.0,0.0,0.0,0.0,0.0,0.0,0.0,0.0,0.0,0.0,...
1763031468,834981459,laser,-3.1241390705108643,3.1415927410125732,0.0034828970674425364,5.394938852987252e-05,0.09705495089292526,0.15000000596046448,16.0,13.744000434875488,13.744000434875488,13.744000434875488,13.807999610900879,13.807999610900879,13.807999610900879,13.807999610900879,inf,12.880000114440918,12.880000114440918,12.880000114440918,12.880000114440918,12.880000114440918,12.776000022888184,12.776000022888184,12.784000396728516,12.784000396728516,12.767999649047852,12.767999649047852,12.776000022888184,12.784000396728516,12.784000396728516,12.784000396728516,12.791999816894531,12.807999610900879,inf,inf,inf,inf,10.447999954223633,10.447999954223633,10.447999954223633,10.447999954223633,10.447999954223633,inf,inf,inf,inf,inf,inf,inf,inf,inf,inf,inf,inf,inf,inf,inf,inf,inf,inf,3.815999984741211,3.815999984741211,3.815999984741211,3.815999984741211,3.815999984741211,3.75600004196167,3.75600004196167,3.752000093460083,3.752000093460083,3.74399995803833,3.74399995803833,3.747999906539917,3.747999906539917,3.752000093460083,2.884000062942505,2.884000062942505,2.884000062942505,2.884000062942505,2.819999933242798,2.819999933242798,2.752000093460083,2.696000099182129,2.6480000019073486,2.5999999046325684,2.5439999103546143,2.4839999675750732,2.431999921798706,2.380000114440918,2.3359999656677246,2.2960000038146973,2.2960000038146973,2.259999990463257,2.2360000610351562,2.196000099182129,2.1519999504089355,2.119999885559082,2.0880000591278076,2.0480000972747803,2.01200008392334,1.9900000095367432,1.9600000381469727,1.9240000247955322,1.9240000247955322,1.8980000019073486,1.871999979019165,1.850000023841858,1.8339999914169312,1.815999984741211,1.809999942779541,1.805999994277954,1.7940000295639038,1.7940000295639038,1.777999997138977,1.75600004196167,1.7339999675750732,1.7139999866485596,1.6959999799728394,1.6779999732971191,1.656000018119812,1.6260000467300415,1.5099999904632568,1.5,1.5,1.5,1.4859999418258667,1.4759999513626099,inf,inf,inf,inf,1.4040000438690186,1.4040000438690186,1.4040000438690186,1.4040000438690186,1.4040000438690186,1.3940000534057617,...,47.0,47.0,47.0,47.0,47.0,0.0,0.0,0.0,0.0,0.0,0.0,0.0,0.0,0.0,0.0,0.0,0.0,0.0,0.0,0.0,0.0,0.0,0.0,0.0,0.0,0.0,0.0,0.0,0.0,0.0,0.0,0.0,0.0,0.0,0.0,0.0,0.0,0.0,0.0,0.0,0.0,0.0,0.0,0.0,0.0,0.0,0.0,0.0,0.0,0.0,0.0,0.0,0.0,0.0,0.0,0.0,0.0,0.0,0.0,0.0,0.0,0.0,0.0,0.0,0.0,0.0,0.0,0.0,0.0,0.0,0.0,0.0,0.0,0.0,0.0,0.0,0.0,0.0,0.0,0.0,0.0,0.0,0.0,0.0,0.0,0.0,0.0,0.0,0.0,0.0,0.0,0.0,0.0,0.0,0.0,0.0,0.0,0.0,0.0,0.0,0.0,0.0,0.0,0.0,0.0,0.0,0.0,0.0,0.0,0.0,0.0,0.0,0.0,0.0,0.0,0.0,0.0,0.0,0.0,0.0,0.0,0.0,0.0,0.0,0.0,0.0,0.0,0.0,...
1763031468,933543418,laser,-3.1241390705108643,3.1415927410125732,0.0034828970674425364,5.7178309361916035e-05,0.10286377370357513,0.15000000596046448,16.0,13.607999801635742,13.607999801635742,13.607999801635742,13.680000305175781,13.767999649047852,13.767999649047852,inf,inf,12.776000022888184,12.776000022888184,12.776000022888184,12.776000022888184,12.776000022888184,12.776000022888184,12.776000022888184,12.776000022888184,12.776000022888184,12.776000022888184,12.776000022888184,12.784000396728516,12.784000396728516,12.776000022888184,12.776000022888184,12.784000396728516,12.807999610900879,12.800000190734863,inf,inf,inf,10.552000045776367,10.552000045776367,10.552000045776367,10.552000045776367,10.552000045776367,inf,inf,inf,inf,inf,inf,inf,inf,inf,inf,inf,inf,inf,inf,inf,inf,inf,inf,3.815999984741211,3.815999984741211,3.815999984741211,3.815999984741211,3.815999984741211,3.75600004196167,3.75600004196167,3.752000093460083,3.752000093460083,3.74399995803833,3.740000009536743,3.747999906539917,3.747999906539917,3.752000093460083,2.884000062942505,2.884000062942505,2.884000062942505,2.884000062942505,2.884000062942505,2.819999933242798,2.752000093460083,2.700000047683716,2.6440000534057617,2.5959999561309814,2.5439999103546143,2.4839999675750732,2.436000108718872,2.384000062942505,2.3359999656677246,2.3359999656677246,2.2960000038146973,2.259999990463257,2.2320001125335693,2.196000099182129,2.1519999504089355,2.115999937057495,2.0880000591278076,2.0480000972747803,2.01200008392334,1.9880000352859497,1.9639999866485596,1.9639999866485596,1.9299999475479126,1.899999976158142,1.878000020980835,1.8680000305175781,1.8660000562667847,1.8519999980926514,1.8380000591278076,1.8240000009536743,1.8240000009536743,1.8020000457763672,1.7799999713897705,1.7580000162124634,1.7339999675750732,1.7139999866485596,1.6959999799728394,1.6779999732971191,1.656000018119812,1.656000018119812,1.5099999904632568,1.5,1.5,1.5,1.4859999418258667,1.4759999513626099,inf,inf,inf,inf,1.4040000438690186,1.4040000438690186,1.4040000438690186,1.4040000438690186,1.4040000438690186,1.3940000534057617,...,0.0,47.0,47.0,47.0,47.0,47.0,0.0,0.0,0.0,0.0,0.0,0.0,0.0,0.0,0.0,0.0,0.0,0.0,0.0,0.0,0.0,0.0,0.0,0.0,0.0,0.0,0.0,0.0,0.0,0.0,0.0,0.0,0.0,0.0,0.0,0.0,0.0,0.0,0.0,0.0,0.0,0.0,0.0,0.0,0.0,0.0,0.0,0.0,0.0,0.0,0.0,0.0,0.0,0.0,0.0,0.0,0.0,0.0,0.0,0.0,0.0,0.0,0.0,0.0,0.0,0.0,0.0,0.0,0.0,0.0,0.0,0.0,0.0,0.0,0.0,0.0,0.0,0.0,0.0,0.0,0.0,0.0,0.0,0.0,0.0,0.0,0.0,0.0,0.0,0.0,0.0,0.0,0.0,0.0,0.0,0.0,0.0,0.0,0.0,0.0,0.0,0.0,0.0,0.0,0.0,0.0,0.0,0.0,0.0,0.0,0.0,0.0,0.0,0.0,0.0,0.0,0.0,0.0,0.0,0.0,0.0,0.0,0.0,0.0,0.0,0.0,0.0,0.0,...
1763031469,37622773,laser,-3.1241390705108643,3.1415927410125732,0.0034828970674425364,5.395162952481769e-05,0.0970589816570282,0.15000000596046448,16.0,13.607999801635742,13.607999801635742,13.607999801635742,13.680000305175781,13.720000267028809,13.720000267028809,inf,inf,12.776000022888184,12.776000022888184,12.776000022888184,12.776000022888184,12.776000022888184,12.767999649047852,12.767999649047852,12.767999649047852,12.784000396728516,12.776000022888184,12.776000022888184,12.784000396728516,12.784000396728516,12.784000396728516,12.776000022888184,12.784000396728516,12.791999816894531,12.784000396728516,inf,inf,inf,10.496000289916992,10.496000289916992,10.496000289916992,10.496000289916992,10.496000289916992,inf,inf,inf,inf,inf,inf,inf,inf,inf,inf,inf,inf,inf,inf,inf,inf,inf,inf,3.9040000438690186,3.9040000438690186,3.9040000438690186,3.9040000438690186,3.9040000438690186,3.812000036239624,3.752000093460083,3.747999906539917,3.747999906539917,3.74399995803833,3.740000009536743,3.747999906539917,3.747999906539917,3.747999906539917,2.931999921798706,2.884000062942505,2.884000062942505,2.884000062942505,2.815999984741211,2.815999984741211,2.747999906539917,2.684000015258789,2.631999969482422,2.5880000591278076,2.5239999294281006,2.4760000705718994,2.427999973297119,2.375999927520752,2.328000068664551,2.2880001068115234,2.2880001068115234,2.2360000610351562,2.2119998931884766,2.196000099182129,2.1440000534057617,2.111999988555908,2.0840001106262207,2.0480000972747803,2.0160000324249268,1.9900000095367432,1.965999960899353,1.965999960899353,1.9520000219345093,1.9420000314712524,1.9299999475479126,1.9160000085830688,1.899999976158142,1.8760000467300415,1.8480000495910645,1.8480000495910645,1.8279999494552612,1.805999994277954,1.777999997138977,1.75600004196167,1.7339999675750732,1.7139999866485596,1.6959999799728394,1.6740000247955322,1.6740000247955322,1.6519999504089355,1.534000039100647,1.5080000162124634,1.5080000162124634,1.4980000257492065,1.4880000352859497,1.4780000448226929,inf,inf,inf,inf,1.4019999504089355,1.4019999504089355,1.4019999504089355,1.4019999504089355,1.4019999504089355,1.3919999599456787,...,47.0,47.0,47.0,47.0,47.0,0.0,0.0,0.0,0.0,0.0,0.0,0.0,0.0,0.0,0.0,0.0,0.0,0.0,0.0,0.0,0.0,0.0,0.0,0.0,0.0,0.0,0.0,0.0,0.0,0.0,0.0,0.0,0.0,0.0,0.0,0.0,0.0,0.0,0.0,0.0,0.0,0.0,0.0,0.0,0.0,0.0,0.0,0.0,0.0,0.0,0.0,0.0,0.0,0.0,0.0,0.0,0.0,0.0,0.0,0.0,0.0,0.0,0.0,0.0,0.0,0.0,0.0,0.0,0.0,0.0,0.0,0.0,0.0,0.0,0.0,0.0,0.0,0.0,0.0,0.0,0.0,0.0,0.0,0.0,0.0,0.0,0.0,0.0,0.0,0.0,0.0,0.0,0.0,0.0,0.0,0.0,0.0,0.0,0.0,0.0,0.0,0.0,0.0,0.0,0.0,0.0,0.0,0.0,0.0,0.0,0.0,0.0,0.0,0.0,0.0,0.0,0.0,0.0,0.0,0.0,0.0,0.0,0.0,0.0,0.0,0.0,0.0,0.0,...
1763031469,135947466,laser,-3.1241390705108643,3.1415927410125732,0.0034828970674425364,5.385167969507165e-05,0.09687917679548264,0.15000000596046448,16.0,13.744000434875488,13.744000434875488,13.744000434875488,13.800000190734863,13.800000190734863,13.800000190734863,13.800000190734863,13.704000473022461,13.704000473022461,12.887999534606934,12.887999534606934,12.887999534606934,12.887999534606934,12.776000022888184,12.776000022888184,12.784000396728516,12.791999816894531,12.776000022888184,12.767999649047852,12.776000022888184,12.784000396728516,12.784000396728516,12.784000396728516,12.791999816894531,12.800000190734863,inf,inf,inf,inf,10.447999954223633,10.447999954223633,10.447999954223633,10.447999954223633,10.447999954223633,inf,inf,inf,inf,inf,inf,inf,inf,inf,inf,inf,inf,inf,inf,inf,inf,inf,inf,inf,inf,3.752000093460083,3.752000093460083,3.752000093460083,3.752000093460083,3.752000093460083,3.74399995803833,3.740000009536743,3.740000009536743,3.740000009536743,3.747999906539917,3.747999906539917,3.752000093460083,2.884000062942505,2.884000062942505,2.884000062942505,2.819999933242798,2.819999933242798,2.752000093460083,2.7039999961853027,2.6519999504089355,2.5959999561309814,2.5959999561309814,2.5360000133514404,2.4760000705718994,2.436000108718872,2.384000062942505,2.3399999141693115,2.299999952316284,2.25600004196167,2.2320001125335693,2.196000099182129,2.196000099182129,2.1600000858306885,2.124000072479248,2.0840001106262207,2.0480000972747803,2.0160000324249268,1.9900000095367432,1.968000054359436,1.9420000314712524,1.9240000247955322,1.9240000247955322,1.9140000343322754,1.9040000438690186,1.8899999856948853,1.871999979019165,1.8480000495910645,1.8279999494552612,1.805999994277954,1.7799999713897705,1.7799999713897705,1.7580000162124634,1.7359999418258667,1.7139999866485596,1.6959999799728394,1.6779999732971191,1.656000018119812,1.621999979019165,1.5119999647140503,1.5119999647140503,1.4980000257492065,1.4839999675750732,1.4839999675750732,1.4739999771118164,inf,inf,inf,1.406000018119812,1.406000018119812,1.406000018119812,1.406000018119812,1.406000018119812,1.3940000534057617,1.3940000534057617,...,47.0,47.0,47.0,47.0,47.0,0.0,0.0,0.0,0.0,0.0,0.0,0.0,0.0,0.0,0.0,0.0,0.0,0.0,0.0,0.0,0.0,0.0,0.0,0.0,0.0,0.0,0.0,0.0,0.0,0.0,0.0,0.0,0.0,0.0,0.0,0.0,0.0,0.0,0.0,0.0,0.0,0.0,0.0,0.0,0.0,0.0,0.0,0.0,0.0,0.0,0.0,0.0,0.0,0.0,0.0,0.0,0.0,0.0,0.0,0.0,0.0,0.0,0.0,0.0,0.0,0.0,0.0,0.0,0.0,0.0,0.0,0.0,0.0,0.0,0.0,0.0,0.0,0.0,0.0,0.0,0.0,0.0,0.0,0.0,0.0,0.0,0.0,0.0,0.0,0.0,0.0,0.0,0.0,0.0,0.0,0.0,0.0,0.0,0.0,0.0,0.0,0.0,0.0,0.0,0.0,0.0,0.0,0.0,0.0,0.0,0.0,0.0,0.0,0.0,0.0,0.0,0.0,0.0,0.0,0.0,0.0,0.0,0.0,0.0,0.0,47.0,47.0,47.0,...
1763031469,234252908,laser,-3.1241390705108643,3.1415927410125732,0.0034828970674425364,5.38929998583626e-05,0.09695350378751755,0.15000000596046448,16.0,13.592000007629395,13.592000007629395,13.600000381469727,13.687999725341797,13.800000190734863,13.800000190734863,13.800000190734863,13.800000190734863,13.800000190734863,13.744000434875488,12.767999649047852,12.767999649047852,12.767999649047852,12.767999649047852,12.767999649047852,12.767999649047852,12.784000396728516,12.784000396728516,12.784000396728516,12.791999816894531,12.784000396728516,12.776000022888184,12.776000022888184,12.791999816894531,12.807999610900879,12.904000282287598,inf,inf,10.456000328063965,10.456000328063965,10.456000328063965,10.456000328063965,10.456000328063965,inf,inf,inf,inf,inf,inf,inf,inf,inf,inf,inf,inf,inf,inf,inf,inf,inf,inf,inf,inf,3.815999984741211,3.815999984741211,3.815999984741211,3.815999984741211,3.815999984741211,3.752000093460083,3.747999906539917,3.74399995803833,3.74399995803833,3.740000009536743,3.74399995803833,3.747999906539917,3.752000093460083,2.884000062942505,2.884000062942505,2.819999933242798,2.819999933242798,2.819999933242798,2.75600004196167,2.75600004196167,2.6480000019073486,2.6480000019073486,2.5959999561309814,2.5439999103546143,2.48799991607666,2.436000108718872,2.384000062942505,2.3399999141693115,2.299999952316284,2.25600004196167,2.25600004196167,2.196000099182129,2.196000099182129,2.1600000858306885,2.119999885559082,2.0840001106262207,2.052000045776367,2.0139999389648438,1.9859999418258667,1.9639999866485596,1.9299999475479126,1.9299999475479126,1.899999976158142,1.871999979019165,1.8559999465942383,1.8480000495910645,1.8279999494552612,1.815999984741211,1.8079999685287476,1.7979999780654907,1.7979999780654907,1.7799999713897705,1.7580000162124634,1.7339999675750732,1.7139999866485596,1.6959999799728394,1.6779999732971191,1.656000018119812,1.6319999694824219,1.5080000162124634,1.5080000162124634,1.4980000257492065,1.4839999675750732,1.4839999675750732,1.4739999771118164,inf,inf,inf,inf,inf,1.406000018119812,1.406000018119812,1.406000018119812,1.406000018119812,1.406000018119812,...,0.0,0.0,0.0,0.0,0.0,0.0,0.0,0.0,0.0,0.0,0.0,0.0,0.0,0.0,0.0,0.0,0.0,0.0,0.0,47.0,47.0,47.0,47.0,47.0,0.0,0.0,0.0,0.0,0.0,0.0,0.0,0.0,0.0,0.0,0.0,0.0,0.0,0.0,0.0,0.0,0.0,0.0,0.0,0.0,0.0,0.0,0.0,0.0,0.0,0.0,0.0,0.0,0.0,0.0,0.0,0.0,0.0,0.0,0.0,0.0,0.0,0.0,0.0,0.0,0.0,0.0,0.0,0.0,0.0,0.0,0.0,0.0,0.0,0.0,0.0,0.0,0.0,0.0,0.0,0.0,0.0,0.0,0.0,0.0,0.0,0.0,0.0,0.0,0.0,0.0,0.0,0.0,0.0,0.0,0.0,0.0,0.0,0.0,0.0,0.0,0.0,0.0,0.0,0.0,0.0,0.0,0.0,0.0,0.0,0.0,0.0,0.0,0.0,0.0,0.0,0.0,0.0,0.0,0.0,0.0,0.0,0.0,0.0,0.0,0.0,0.0,0.0,0.0,...
1763031469,332635217,laser,-3.1241390705108643,3.1415927410125732,0.0034828970674425364,5.383753523346968e-05,0.09685372561216354,0.15000000596046448,16.0,13.656000137329102,13.592000007629395,13.592000007629395,13.67199993133545,13.727999687194824,13.727999687194824,13.727999687194824,13.727999687194824,inf,inf,12.760000228881836,12.760000228881836,12.760000228881836,12.760000228881836,12.760000228881836,12.767999649047852,12.784000396728516,12.776000022888184,12.776000022888184,12.791999816894531,12.784000396728516,12.760000228881836,12.760000228881836,12.776000022888184,12.800000190734863,12.800000190734863,inf,10.527999877929688,10.527999877929688,10.527999877929688,10.527999877929688,10.527999877929688,inf,inf,inf,inf,inf,inf,inf,inf,inf,inf,inf,inf,inf,inf,inf,inf,inf,inf,inf,inf,3.812000036239624,3.812000036239624,3.812000036239624,3.812000036239624,3.812000036239624,3.752000093460083,3.752000093460083,3.752000093460083,3.747999906539917,3.74399995803833,3.74399995803833,3.747999906539917,3.747999906539917,3.752000093460083,3.752000093460083,2.884000062942505,2.884000062942505,2.884000062942505,2.884000062942505,2.815999984741211,2.747999906539917,2.696000099182129,2.6480000019073486,2.5880000591278076,2.5399999618530273,2.48799991607666,2.427999973297119,2.375999927520752,2.375999927520752,2.3399999141693115,2.299999952316284,2.240000009536743,2.2119998931884766,2.196000099182129,2.1440000534057617,2.1080000400543213,2.0840001106262207,2.052000045776367,2.052000045776367,1.9859999418258667,1.9859999418258667,1.9600000381469727,1.9279999732971191,1.909999966621399,1.9019999504089355,1.8960000276565552,1.8860000371932983,1.8660000562667847,1.8459999561309814,1.8459999561309814,1.8300000429153442,1.805999994277954,1.7799999713897705,1.75600004196167,1.7339999675750732,1.7139999866485596,1.6959999799728394,1.6740000247955322,1.6740000247955322,1.6519999504089355,1.5360000133514404,1.5080000162124634,1.5080000162124634,1.4980000257492065,1.4880000352859497,1.4759999513626099,inf,inf,inf,inf,1.406000018119812,1.406000018119812,1.406000018119812,1.406000018119812,1.406000018119812,1.3919999599456787,...,0.0,0.0,0.0,0.0,0.0,0.0,0.0,0.0,0.0,0.0,0.0,0.0,0.0,0.0,0.0,0.0,0.0,0.0,0.0,0.0,0.0,0.0,0.0,0.0,0.0,0.0,0.0,0.0,0.0,0.0,0.0,0.0,0.0,0.0,0.0,0.0,0.0,0.0,0.0,0.0,0.0,0.0,0.0,0.0,0.0,0.0,0.0,0.0,0.0,0.0,0.0,0.0,0.0,0.0,0.0,0.0,0.0,0.0,0.0,0.0,0.0,0.0,0.0,0.0,0.0,0.0,0.0,47.0,47.0,47.0,47.0,47.0,0.0,0.0,0.0,0.0,0.0,0.0,0.0,0.0,0.0,0.0,0.0,0.0,0.0,0.0,0.0,0.0,0.0,0.0,0.0,0.0,0.0,0.0,0.0,0.0,0.0,0.0,0.0,0.0,0.0,0.0,0.0,0.0,0.0,0.0,0.0,0.0,0.0,0.0,0.0,0.0,0.0,0.0,0.0,0.0,0.0,0.0,0.0,0.0,0.0,0.0,0.0,0.0,0.0,0.0,0.0,0.0,...
1763031469,430613621,laser,-3.1241390705108643,3.1415927410125732,0.0034828970674425364,5.731167402700521e-05,0.10310370475053787,0.15000000596046448,16.0,13.727999687194824,13.727999687194824,13.727999687194824,13.791999816894531,13.791999816894531,13.791999816894531,13.791999816894531,13.760000228881836,13.760000228881836,12.887999534606934,12.887999534606934,12.887999534606934,12.887999534606934,12.887999534606934,12.776000022888184,12.784000396728516,12.791999816894531,12.776000022888184,12.776000022888184,12.784000396728516,12.784000396728516,12.776000022888184,12.767999649047852,12.776000022888184,12.800000190734863,inf,inf,inf,inf,10.368000030517578,10.368000030517578,10.368000030517578,10.368000030517578,10.368000030517578,inf,inf,inf,inf,inf,inf,inf,inf,inf,inf,inf,inf,inf,inf,inf,inf,inf,inf,3.9159998893737793,3.9159998893737793,3.9159998893737793,3.9159998893737793,3.9159998893737793,3.812000036239624,3.752000093460083,3.752000093460083,3.74399995803833,3.74399995803833,3.740000009536743,3.747999906539917,3.747999906539917,3.752000093460083,3.752000093460083,2.884000062942505,2.884000062942505,2.884000062942505,2.884000062942505,2.815999984741211,2.747999906539917,2.696000099182129,2.6440000534057617,2.5880000591278076,2.5360000133514404,2.4839999675750732,2.4240000247955322,2.375999927520752,2.3359999656677246,2.3359999656677246,2.2960000038146973,2.2360000610351562,2.2119998931884766,2.191999912261963,2.1440000534057617,2.1080000400543213,2.0840001106262207,2.0480000972747803,2.01200008392334,1.9900000095367432,1.9900000095367432,1.9739999771118164,1.9559999704360962,1.944000005722046,1.9320000410079956,1.9160000085830688,1.8980000019073486,1.8980000019073486,1.8480000495910645,1.8480000495910645,1.8300000429153442,1.8040000200271606,1.777999997138977,1.75600004196167,1.7339999675750732,1.7139999866485596,1.6959999799728394,1.6740000247955322,1.6740000247955322,1.6519999504089355,1.531999945640564,1.5080000162124634,1.5080000162124634,1.4980000257492065,1.4859999418258667,1.4739999771118164,inf,inf,inf,inf,1.406000018119812,1.406000018119812,1.406000018119812,1.406000018119812,1.406000018119812,1.3919999599456787,...,47.0,47.0,47.0,47.0,47.0,0.0,0.0,0.0,0.0,0.0,0.0,0.0,0.0,0.0,0.0,0.0,0.0,0.0,47.0,47.0,47.0,47.0,47.0,0.0,0.0,0.0,0.0,0.0,0.0,0.0,0.0,0.0,0.0,0.0,0.0,0.0,0.0,0.0,0.0,0.0,0.0,0.0,0.0,0.0,0.0,0.0,0.0,0.0,0.0,0.0,0.0,0.0,0.0,0.0,0.0,0.0,0.0,0.0,0.0,0.0,0.0,0.0,0.0,0.0,0.0,0.0,0.0,0.0,0.0,0.0,0.0,0.0,0.0,0.0,0.0,0.0,0.0,0.0,0.0,0.0,0.0,0.0,0.0,0.0,0.0,0.0,0.0,0.0,0.0,47.0,47.0,47.0,47.0,47.0,0.0,0.0,0.0,0.0,0.0,0.0,0.0,0.0,0.0,0.0,0.0,0.0,47.0,47.0,47.0,47.0,47.0,0.0,0.0,0.0,0.0,0.0,0.0,0.0,0.0,0.0,0.0,0.0,0.0,0.0,0.0,47.0,47.0,47.0,...
1763031469,534674847,laser,-3.1241390705108643,3.1415927410125732,0.0034828970674425364,5.408246579463594e-05,0.09729436039924622,0.15000000596046448,16.0,13.736000061035156,13.736000061035156,13.736000061035156,13.791999816894531,13.791999816894531,13.791999816894531,13.791999816894531,13.855999946594238,13.855999946594238,12.887999534606934,12.887999534606934,12.887999534606934,12.887999534606934,12.887999534606934,12.776000022888184,12.776000022888184,12.784000396728516,12.776000022888184,12.767999649047852,12.784000396728516,12.784000396728516,12.776000022888184,12.767999649047852,12.776000022888184,12.800000190734863,inf,inf,inf,inf,10.407999992370605,10.407999992370605,10.407999992370605,10.407999992370605,10.407999992370605,inf,inf,inf,inf,inf,inf,inf,inf,inf,inf,inf,inf,inf,inf,inf,inf,inf,inf,inf,inf,3.752000093460083,3.752000093460083,3.752000093460083,3.752000093460083,3.752000093460083,3.74399995803833,3.740000009536743,3.740000009536743,3.740000009536743,3.747999906539917,3.747999906539917,3.752000093460083,2.884000062942505,2.884000062942505,2.884000062942505,2.819999933242798,2.819999933242798,2.752000093460083,2.696000099182129,2.6440000534057617,2.5959999561309814,2.5959999561309814,2.5399999618530273,2.4839999675750732,2.436000108718872,2.384000062942505,2.3399999141693115,2.2960000038146973,2.25600004196167,2.2320001125335693,2.196000099182129,2.1480000019073486,2.1480000019073486,2.1080000400543213,2.0840001106262207,2.0480000972747803,2.0139999389648438,1.9900000095367432,1.9700000286102295,1.9359999895095825,1.9079999923706055,1.9079999923706055,1.8899999856948853,1.8799999952316284,1.8700000047683716,1.8539999723434448,1.8420000076293945,1.8279999494552612,1.8040000200271606,1.7799999713897705,1.7799999713897705,1.7580000162124634,1.7359999418258667,1.7139999866485596,1.6959999799728394,1.6779999732971191,1.656000018119812,1.6299999952316284,1.5160000324249268,1.5160000324249268,1.4980000257492065,1.4859999418258667,1.4859999418258667,1.4739999771118164,inf,inf,inf,1.4019999504089355,1.4019999504089355,1.4019999504089355,1.4019999504089355,1.4019999504089355,1.3940000534057617,1.3940000534057617,...,47.0,47.0,47.0,47.0,47.0,0.0,0.0,0.0,0.0,0.0,0.0,0.0,0.0,0.0,0.0,0.0,0.0,0.0,0.0,0.0,0.0,0.0,0.0,0.0,0.0,0.0,0.0,0.0,0.0,0.0,0.0,0.0,0.0,0.0,0.0,0.0,0.0,0.0,0.0,0.0,0.0,0.0,0.0,0.0,0.0,0.0,0.0,0.0,0.0,0.0,0.0,0.0,0.0,0.0,0.0,0.0,0.0,0.0,0.0,0.0,0.0,0.0,0.0,0.0,0.0,0.0,0.0,0.0,0.0,0.0,0.0,0.0,0.0,0.0,0.0,0.0,0.0,0.0,0.0,0.0,0.0,0.0,0.0,0.0,0.0,0.0,0.0,0.0,0.0,0.0,0.0,0.0,0.0,0.0,0.0,0.0,0.0,0.0,0.0,0.0,0.0,0.0,0.0,0.0,0.0,0.0,0.0,0.0,0.0,0.0,0.0,0.0,0.0,0.0,0.0,0.0,0.0,0.0,0.0,0.0,0.0,0.0,0.0,0.0,0.0,47.0,47.0,47.0,...
1763031469,632815934,laser,-3.1241390705108643,3.1415927410125732,0.0034828970674425364,5.4267424275167286e-05,0.09762709587812424,0.15000000596046448,16.0,13.607999801635742,13.607999801635742,13.583999633789062,13.663999557495117,13.784000396728516,13.784000396728516,13.784000396728516,13.784000396728516,13.784000396728516,13.871999740600586,12.767999649047852,12.767999649047852,12.767999649047852,12.767999649047852,12.767999649047852,12.767999649047852,12.776000022888184,12.776000022888184,12.784000396728516,12.791999816894531,12.784000396728516,12.767999649047852,12.784000396728516,12.784000396728516,12.800000190734863,12.871999740600586,inf,inf,10.520000457763672,10.520000457763672,10.520000457763672,10.520000457763672,10.520000457763672,inf,inf,inf,inf,inf,inf,inf,inf,inf,inf,inf,inf,inf,inf,inf,inf,inf,3.9639999866485596,3.9639999866485596,3.9639999866485596,3.9639999866485596,3.9639999866485596,3.859999895095825,3.859999895095825,3.859999895095825,3.7760000228881836,3.74399995803833,3.7360000610351562,3.740000009536743,3.747999906539917,3.747999906539917,3.747999906539917,3.74399995803833,2.9040000438690186,2.9040000438690186,2.9040000438690186,2.8440001010894775,2.8440001010894775,2.799999952316284,2.6519999504089355,2.6519999504089355,2.611999988555908,2.563999891281128,2.51200008392334,2.51200008392334,2.3559999465942383,2.3559999465942383,2.3559999465942383,2.3239998817443848,2.2960000038146973,2.1679999828338623,2.1679999828338623,2.1600000858306885,2.131999969482422,2.1040000915527344,2.1040000915527344,2.072000026702881,2.0339999198913574,1.9980000257492065,1.968000054359436,1.937999963760376,1.906000018119812,1.8819999694824219,1.8739999532699585,1.8619999885559082,1.850000023841858,1.850000023841858,1.8459999561309814,1.8279999494552612,1.812000036239624,1.7920000553131104,1.7680000066757202,1.746000051498413,1.7280000448226929,1.7100000381469727,1.7100000381469727,1.687999963760376,1.6640000343322754,1.6440000534057617,1.5199999809265137,1.5199999809265137,1.5080000162124634,1.4919999837875366,1.468000054359436,inf,inf,inf,1.4299999475479126,1.4299999475479126,1.4299999475479126,1.4299999475479126,1.4299999475479126,1.4019999504089355,1.4019999504089355,1.4019999504089355,...,0.0,0.0,0.0,0.0,0.0,0.0,0.0,0.0,0.0,0.0,0.0,0.0,0.0,0.0,0.0,0.0,0.0,0.0,0.0,47.0,47.0,47.0,47.0,47.0,0.0,0.0,0.0,0.0,0.0,0.0,0.0,0.0,0.0,0.0,0.0,0.0,0.0,0.0,0.0,0.0,0.0,0.0,0.0,0.0,0.0,0.0,0.0,0.0,0.0,0.0,0.0,0.0,0.0,0.0,0.0,0.0,0.0,0.0,0.0,0.0,0.0,0.0,0.0,0.0,0.0,0.0,0.0,0.0,0.0,0.0,0.0,0.0,0.0,0.0,0.0,0.0,0.0,0.0,0.0,0.0,0.0,0.0,0.0,0.0,0.0,0.0,0.0,0.0,0.0,0.0,0.0,0.0,0.0,0.0,0.0,0.0,0.0,0.0,0.0,0.0,0.0,0.0,0.0,0.0,0.0,0.0,0.0,0.0,0.0,0.0,0.0,0.0,0.0,0.0,0.0,0.0,0.0,0.0,0.0,0.0,0.0,0.0,0.0,0.0,0.0,0.0,0.0,0.0,...
1763031469,731445956,laser,-3.1241390705108643,3.1415927410125732,0.0034828970674425364,5.401577800512314e-05,0.09717438369989395,0.15000000596046448,16.0,13.800000190734863,13.592000007629395,13.680000305175781,13.680000305175781,13.760000228881836,13.760000228881836,13.760000228881836,13.760000228881836,12.776000022888184,12.776000022888184,12.776000022888184,12.776000022888184,12.767999649047852,12.767999649047852,12.767999649047852,12.784000396728516,12.784000396728516,12.791999816894531,12.791999816894531,12.776000022888184,12.767999649047852,12.776000022888184,12.776000022888184,12.784000396728516,12.791999816894531,12.791999816894531,inf,inf,inf,inf,inf,inf,inf,inf,inf,inf,inf,inf,inf,inf,inf,inf,inf,inf,inf,inf,inf,inf,inf,inf,inf,inf,inf,3.815999984741211,3.815999984741211,3.815999984741211,3.815999984741211,3.815999984741211,3.75600004196167,3.752000093460083,3.74399995803833,3.74399995803833,3.740000009536743,3.74399995803833,3.747999906539917,3.752000093460083,2.888000011444092,2.888000011444092,2.8239998817443848,2.8239998817443848,2.8239998817443848,2.759999990463257,2.759999990463257,2.6440000534057617,2.6440000534057617,2.5959999561309814,2.5399999618530273,2.48799991607666,2.440000057220459,2.384000062942505,2.3359999656677246,2.2920000553131104,2.259999990463257,2.259999990463257,2.240000009536743,2.196000099182129,2.1480000019073486,2.1080000400543213,2.0799999237060547,2.058000087738037,2.0299999713897705,2.00600004196167,1.9839999675750732,1.9559999704360962,1.9559999704360962,1.9420000314712524,1.9359999895095825,1.9220000505447388,1.9040000438690186,1.8799999952316284,1.8580000400543213,1.8339999914169312,1.809999942779541,1.809999942779541,1.7860000133514404,1.7599999904632568,1.7400000095367432,1.718000054359436,1.7000000476837158,1.6859999895095825,1.6619999408721924,1.5099999904632568,1.5099999904632568,1.5099999904632568,1.5,1.4880000352859497,1.4880000352859497,1.4780000448226929,inf,inf,inf,inf,inf,1.409999966621399,1.409999966621399,1.409999966621399,1.409999966621399,1.409999966621399,...,0.0,0.0,0.0,0.0,0.0,0.0,0.0,0.0,0.0,0.0,0.0,0.0,0.0,0.0,0.0,0.0,0.0,0.0,0.0,0.0,47.0,47.0,47.0,47.0,47.0,0.0,0.0,0.0,0.0,0.0,0.0,0.0,0.0,0.0,0.0,0.0,0.0,0.0,0.0,0.0,0.0,0.0,0.0,0.0,0.0,0.0,0.0,0.0,0.0,0.0,0.0,0.0,0.0,0.0,0.0,0.0,0.0,0.0,0.0,0.0,0.0,0.0,0.0,0.0,0.0,0.0,0.0,0.0,0.0,0.0,0.0,0.0,0.0,0.0,0.0,0.0,0.0,0.0,0.0,0.0,0.0,0.0,0.0,0.0,0.0,0.0,0.0,0.0,0.0,0.0,0.0,47.0,47.0,47.0,47.0,47.0,0.0,0.0,0.0,0.0,0.0,0.0,0.0,0.0,0.0,0.0,0.0,0.0,0.0,0.0,0.0,0.0,0.0,0.0,0.0,0.0,0.0,0.0,0.0,0.0,0.0,0.0,0.0,47.0,47.0,47.0,47.0,47.0,...
1763031469,830334712,laser,-3.1241390705108643,3.1415927410125732,0.0034828970674425364,5.7038832892430946e-05,0.10261286050081253,0.15000000596046448,16.0,13.62399959564209,13.600000381469727,13.600000381469727,13.67199993133545,13.784000396728516,13.784000396728516,13.784000396728516,13.784000396728516,13.855999946594238,13.855999946594238,12.767999649047852,12.767999649047852,12.767999649047852,12.767999649047852,12.767999649047852,12.767999649047852,12.767999649047852,12.767999649047852,12.784000396728516,12.776000022888184,12.767999649047852,12.767999649047852,12.767999649047852,12.776000022888184,12.784000396728516,12.791999816894531,inf,10.496000289916992,10.496000289916992,10.496000289916992,10.496000289916992,10.496000289916992,inf,inf,inf,inf,inf,inf,inf,inf,inf,inf,inf,inf,inf,inf,inf,inf,inf,inf,inf,inf,inf,3.75600004196167,3.75600004196167,3.75600004196167,3.75600004196167,3.75600004196167,3.740000009536743,3.740000009536743,3.7320001125335693,3.740000009536743,3.740000009536743,3.747999906539917,3.747999906539917,3.747999906539917,2.888000011444092,2.888000011444092,2.8359999656677246,2.8359999656677246,2.8359999656677246,2.7839999198913574,2.6480000019073486,2.6480000019073486,2.611999988555908,2.611999988555908,2.559999942779541,2.496000051498413,2.444000005722046,2.3919999599456787,2.3480000495910645,2.303999900817871,2.2880001068115234,2.187999963760376,2.1600000858306885,2.1600000858306885,2.1600000858306885,2.128000020980835,2.0999999046325684,2.069999933242798,2.0320000648498535,2.00600004196167,1.9839999675750732,1.9559999704360962,1.937999963760376,1.937999963760376,1.9259999990463257,1.9160000085830688,1.9040000438690186,1.8839999437332153,1.8619999885559082,1.840000033378601,1.815999984741211,1.7920000553131104,1.7640000581741333,1.7640000581741333,1.7419999837875366,1.7259999513626099,1.7059999704360962,1.6859999895095825,1.6640000343322754,1.6399999856948853,1.5199999809265137,1.5199999809265137,1.503999948501587,1.4880000352859497,1.465999960899353,inf,inf,1.4299999475479126,1.4299999475479126,1.4299999475479126,1.4299999475479126,1.4299999475479126,1.4019999504089355,1.4019999504089355,1.4019999504089355,1.4019999504089355,...,0.0,0.0,0.0,0.0,0.0,0.0,0.0,0.0,0.0,0.0,0.0,0.0,0.0,0.0,0.0,0.0,0.0,47.0,47.0,47.0,47.0,47.0,0.0,0.0,0.0,0.0,0.0,0.0,0.0,0.0,0.0,0.0,0.0,0.0,0.0,0.0,0.0,0.0,0.0,0.0,0.0,0.0,0.0,0.0,0.0,0.0,0.0,0.0,0.0,0.0,0.0,0.0,0.0,0.0,0.0,0.0,0.0,0.0,0.0,0.0,0.0,0.0,0.0,0.0,0.0,0.0,0.0,47.0,47.0,47.0,47.0,47.0,0.0,0.0,0.0,0.0,0.0,0.0,0.0,0.0,0.0,0.0,0.0,0.0,0.0,0.0,0.0,0.0,0.0,0.0,0.0,0.0,0.0,0.0,0.0,0.0,0.0,0.0,0.0,0.0,0.0,0.0,0.0,0.0,0.0,0.0,0.0,0.0,0.0,0.0,0.0,0.0,0.0,0.0,0.0,0.0,0.0,0.0,0.0,0.0,0.0,0.0,0.0,0.0,0.0,0.0,0.0,0.0,...
1763031469,934350384,laser,-3.1241390705108643,3.1415927410125732,0.0034828970674425364,5.3838080930290744e-05,0.09685470908880234,0.15000000596046448,16.0,13.592000007629395,13.592000007629395,13.592000007629395,13.67199993133545,13.760000228881836,13.760000228881836,13.760000228881836,inf,inf,12.776000022888184,12.776000022888184,12.776000022888184,12.776000022888184,12.776000022888184,12.776000022888184,12.776000022888184,12.776000022888184,12.776000022888184,12.784000396728516,12.776000022888184,12.760000228881836,12.767999649047852,12.776000022888184,12.776000022888184,12.776000022888184,12.784000396728516,inf,inf,inf,inf,inf,inf,inf,inf,inf,inf,inf,inf,inf,inf,inf,inf,inf,inf,inf,inf,inf,inf,inf,inf,inf,inf,inf,3.7880001068115234,3.7880001068115234,3.7880001068115234,3.7880001068115234,3.7880001068115234,3.740000009536743,3.740000009536743,3.74399995803833,3.747999906539917,3.747999906539917,3.747999906539917,3.747999906539917,2.931999921798706,2.931999921798706,2.931999921798706,2.875999927520752,2.875999927520752,2.875999927520752,2.803999900817871,2.7279999256134033,2.6679999828338623,2.619999885559082,2.559999942779541,2.503999948501587,2.4519999027252197,2.4000000953674316,2.368000030517578,2.368000030517578,2.3359999656677246,2.308000087738037,2.191999912261963,2.191999912261963,2.191999912261963,2.140000104904175,2.1040000915527344,2.068000078201294,2.0320000648498535,2.0,2.0,1.9739999771118164,1.9459999799728394,1.9140000343322754,1.8899999856948853,1.8739999532699585,1.8600000143051147,1.8519999980926514,1.8420000076293945,1.8420000076293945,1.8279999494552612,1.8140000104904175,1.7940000295639038,1.7740000486373901,1.75,1.7259999513626099,1.7079999446868896,1.690000057220459,1.6679999828338623,1.6679999828338623,1.649999976158142,1.5080000162124634,1.5080000162124634,1.5080000162124634,1.4980000257492065,1.4859999418258667,inf,inf,inf,inf,inf,inf,1.4040000438690186,1.4040000438690186,1.4040000438690186,1.4040000438690186,1.4040000438690186,...,47.0,47.0,47.0,47.0,47.0,0.0,0.0,0.0,0.0,0.0,0.0,0.0,0.0,0.0,0.0,0.0,0.0,47.0,47.0,47.0,47.0,47.0,0.0,0.0,0.0,0.0,0.0,0.0,0.0,0.0,0.0,0.0,0.0,0.0,0.0,0.0,0.0,0.0,0.0,0.0,0.0,0.0,0.0,0.0,0.0,0.0,0.0,0.0,0.0,0.0,0.0,0.0,0.0,0.0,0.0,0.0,0.0,0.0,0.0,0.0,0.0,0.0,0.0,0.0,0.0,0.0,0.0,0.0,0.0,0.0,0.0,0.0,0.0,0.0,0.0,0.0,0.0,0.0,0.0,0.0,0.0,0.0,0.0,0.0,0.0,0.0,0.0,0.0,0.0,0.0,0.0,0.0,0.0,0.0,0.0,0.0,0.0,0.0,0.0,0.0,0.0,0.0,0.0,0.0,0.0,0.0,0.0,0.0,0.0,0.0,0.0,0.0,0.0,0.0,0.0,0.0,0.0,0.0,0.0,0.0,0.0,0.0,0.0,0.0,0.0,0.0,0.0,0.0,...
1763031470,32688305,laser,-3.1241390705108643,3.1415927410125732,0.0034828970674425364,5.379080175771378e-05,0.09676965326070786,0.15000000596046448,16.0,13.583999633789062,13.67199993133545,13.67199993133545,13.767999649047852,13.767999649047852,13.767999649047852,13.767999649047852,13.767999649047852,12.807999610900879,12.807999610900879,12.807999610900879,12.807999610900879,12.776000022888184,12.776000022888184,12.776000022888184,12.776000022888184,12.784000396728516,12.784000396728516,12.767999649047852,12.767999649047852,12.760000228881836,12.776000022888184,12.776000022888184,12.784000396728516,12.791999816894531,inf,inf,10.359999656677246,10.359999656677246,10.359999656677246,10.359999656677246,10.359999656677246,inf,inf,inf,inf,inf,inf,inf,inf,inf,inf,inf,inf,inf,inf,inf,inf,inf,inf,inf,inf,inf,inf,3.752000093460083,3.752000093460083,3.752000093460083,3.752000093460083,3.752000093460083,3.747999906539917,3.747999906539917,3.74399995803833,3.740000009536743,3.74399995803833,3.747999906539917,3.752000093460083,2.884000062942505,2.884000062942505,2.884000062942505,2.8320000171661377,2.8320000171661377,2.7679998874664307,2.7679998874664307,2.6440000534057617,2.6440000534057617,2.5920000076293945,2.5399999618530273,2.492000102996826,2.436000108718872,2.380000114440918,2.3359999656677246,2.299999952316284,2.24399995803833,2.24399995803833,2.196000099182129,2.196000099182129,2.1480000019073486,2.1040000915527344,2.0840001106262207,2.052000045776367,2.01200008392334,1.9819999933242798,1.9520000219345093,1.9220000505447388,1.9220000505447388,1.899999976158142,1.878000020980835,1.8660000562667847,1.8580000400543213,1.8420000076293945,1.8339999914169312,1.8200000524520874,1.8020000457763672,1.8020000457763672,1.7799999713897705,1.7580000162124634,1.7339999675750732,1.7120000123977661,1.6959999799728394,1.6779999732971191,1.656000018119812,1.621999979019165,1.5140000581741333,1.5140000581741333,1.4980000257492065,1.4980000257492065,1.4839999675750732,1.4739999771118164,inf,inf,inf,1.4040000438690186,1.4040000438690186,1.4040000438690186,1.4040000438690186,1.4040000438690186,1.3940000534057617,1.3940000534057617,...,0.0,0.0,0.0,0.0,0.0,0.0,0.0,0.0,0.0,0.0,0.0,0.0,0.0,0.0,0.0,0.0,0.0,0.0,0.0,0.0,0.0,0.0,0.0,0.0,0.0,0.0,0.0,0.0,0.0,0.0,0.0,0.0,0.0,0.0,0.0,0.0,0.0,0.0,0.0,0.0,0.0,0.0,0.0,0.0,0.0,0.0,0.0,0.0,0.0,0.0,0.0,0.0,0.0,0.0,0.0,0.0,0.0,0.0,0.0,0.0,0.0,0.0,0.0,0.0,0.0,0.0,0.0,0.0,0.0,0.0,0.0,0.0,0.0,0.0,0.0,0.0,0.0,0.0,0.0,0.0,0.0,0.0,0.0,0.0,0.0,0.0,0.0,0.0,0.0,0.0,0.0,47.0,47.0,47.0,47.0,47.0,0.0,0.0,0.0,0.0,0.0,0.0,0.0,0.0,0.0,0.0,0.0,0.0,0.0,0.0,0.0,0.0,0.0,0.0,0.0,0.0,0.0,0.0,0.0,0.0,0.0,0.0,0.0,47.0,47.0,47.0,47.0,47.0,...
1763031470,131156064,laser,-3.1241390705108643,3.1415927410125732,0.0034828970674425364,5.371948645915836e-05,0.09664135426282883,0.15000000596046448,16.0,13.616000175476074,13.616000175476074,13.736000061035156,13.800000190734863,13.800000190734863,13.767999649047852,13.767999649047852,13.767999649047852,13.767999649047852,12.904000282287598,12.904000282287598,12.904000282287598,12.776000022888184,12.776000022888184,12.776000022888184,12.776000022888184,12.776000022888184,12.776000022888184,12.776000022888184,12.776000022888184,12.776000022888184,12.776000022888184,12.767999649047852,12.776000022888184,12.791999816894531,12.984000205993652,inf,inf,10.472000122070312,10.472000122070312,10.472000122070312,10.472000122070312,10.472000122070312,inf,inf,inf,inf,inf,inf,inf,inf,inf,inf,inf,inf,inf,inf,inf,inf,inf,inf,4.0279998779296875,4.0279998779296875,4.0279998779296875,4.0279998779296875,4.0279998779296875,3.9240000247955322,3.815999984741211,3.752000093460083,3.74399995803833,3.74399995803833,3.740000009536743,3.740000009536743,3.747999906539917,3.747999906539917,3.747999906539917,2.888000011444092,2.888000011444092,2.888000011444092,2.819999933242798,2.819999933242798,2.819999933242798,2.75600004196167,2.700000047683716,2.6440000534057617,2.5920000076293945,2.5399999618530273,2.48799991607666,2.440000057220459,2.384000062942505,2.3359999656677246,2.299999952316284,2.299999952316284,2.24399995803833,2.2160000801086426,2.196000099182129,2.1440000534057617,2.1040000915527344,2.0799999237060547,2.052000045776367,2.0139999389648438,1.9880000352859497,1.9700000286102295,1.940000057220459,1.940000057220459,1.9220000505447388,1.9160000085830688,1.906000018119812,1.8899999856948853,1.871999979019165,1.8459999561309814,1.8259999752044678,1.8079999685287476,1.8079999685287476,1.7799999713897705,1.7580000162124634,1.7339999675750732,1.7120000123977661,1.6959999799728394,1.6759999990463257,1.656000018119812,1.5119999647140503,1.4980000257492065,1.4980000257492065,1.4980000257492065,1.4839999675750732,1.4839999675750732,1.4739999771118164,inf,inf,inf,1.4019999504089355,1.4019999504089355,1.4019999504089355,1.4019999504089355,1.4019999504089355,1.3940000534057617,1.3940000534057617,...,0.0,0.0,0.0,0.0,0.0,0.0,0.0,0.0,0.0,0.0,0.0,0.0,0.0,0.0,0.0,0.0,0.0,0.0,0.0,0.0,0.0,0.0,0.0,0.0,0.0,0.0,0.0,0.0,0.0,0.0,0.0,0.0,0.0,0.0,0.0,0.0,0.0,0.0,0.0,0.0,0.0,0.0,0.0,0.0,0.0,0.0,0.0,0.0,0.0,0.0,0.0,0.0,0.0,0.0,0.0,0.0,0.0,0.0,0.0,0.0,0.0,0.0,0.0,0.0,0.0,0.0,0.0,0.0,0.0,0.0,0.0,0.0,0.0,0.0,0.0,0.0,0.0,0.0,0.0,0.0,0.0,0.0,0.0,0.0,0.0,0.0,0.0,0.0,0.0,0.0,0.0,0.0,0.0,0.0,0.0,0.0,0.0,0.0,0.0,0.0,0.0,0.0,0.0,0.0,0.0,0.0,0.0,47.0,47.0,47.0,47.0,47.0,0.0,0.0,0.0,0.0,0.0,0.0,0.0,0.0,0.0,0.0,0.0,0.0,0.0,0.0,47.0,47.0,...
1763031470,229596703,laser,-3.1241390705108643,3.1415927410125732,0.0034828970674425364,5.355310349841602e-05,0.09634203463792801,0.15000000596046448,16.0,13.616000175476074,13.616000175476074,13.727999687194824,13.800000190734863,13.800000190734863,13.760000228881836,13.760000228881836,13.760000228881836,13.760000228881836,12.911999702453613,12.911999702453613,12.911999702453613,12.776000022888184,12.776000022888184,12.776000022888184,12.784000396728516,12.784000396728516,12.767999649047852,12.767999649047852,12.776000022888184,12.784000396728516,12.784000396728516,12.776000022888184,12.776000022888184,12.791999816894531,12.97599983215332,inf,inf,10.472000122070312,10.472000122070312,10.472000122070312,10.472000122070312,10.472000122070312,inf,inf,inf,inf,inf,inf,inf,inf,inf,inf,inf,inf,inf,inf,inf,inf,inf,inf,inf,inf,inf,3.75600004196167,3.75600004196167,3.75600004196167,3.75600004196167,3.75600004196167,3.7320001125335693,3.7239999771118164,3.7239999771118164,3.740000009536743,3.74399995803833,3.747999906539917,3.747999906539917,2.888000011444092,2.888000011444092,2.888000011444092,2.819999933242798,2.819999933242798,2.75600004196167,2.75600004196167,2.6440000534057617,2.6440000534057617,2.5959999561309814,2.5439999103546143,2.48799991607666,2.440000057220459,2.384000062942505,2.3359999656677246,2.2960000038146973,2.2720000743865967,2.2720000743865967,2.24399995803833,2.196000099182129,2.1600000858306885,2.119999885559082,2.0840001106262207,2.052000045776367,2.0260000228881836,2.00600004196167,1.9819999933242798,1.9539999961853027,1.9539999961853027,1.934000015258789,1.9220000505447388,1.9119999408721924,1.8980000019073486,1.8739999532699585,1.8539999723434448,1.8339999914169312,1.8079999685287476,1.8079999685287476,1.7860000133514404,1.7619999647140503,1.7419999837875366,1.7200000286102295,1.7000000476837158,1.684000015258789,1.659999966621399,1.628000020980835,1.5119999647140503,1.5119999647140503,1.5,1.4880000352859497,1.4880000352859497,1.4739999771118164,inf,inf,inf,1.4040000438690186,1.4040000438690186,1.4040000438690186,1.4040000438690186,1.4040000438690186,1.3940000534057617,1.3940000534057617,...,0.0,0.0,0.0,0.0,0.0,0.0,0.0,0.0,0.0,0.0,0.0,0.0,0.0,0.0,0.0,0.0,0.0,0.0,0.0,0.0,0.0,0.0,0.0,0.0,0.0,0.0,0.0,0.0,0.0,0.0,0.0,0.0,0.0,0.0,0.0,0.0,0.0,0.0,0.0,0.0,0.0,0.0,0.0,0.0,0.0,0.0,0.0,0.0,0.0,0.0,0.0,0.0,0.0,0.0,0.0,0.0,0.0,0.0,0.0,0.0,0.0,0.0,0.0,0.0,0.0,0.0,0.0,0.0,0.0,0.0,0.0,0.0,0.0,0.0,0.0,0.0,0.0,0.0,0.0,0.0,0.0,0.0,0.0,0.0,0.0,0.0,0.0,0.0,0.0,0.0,0.0,0.0,0.0,0.0,0.0,0.0,0.0,0.0,0.0,0.0,0.0,0.0,0.0,0.0,0.0,0.0,0.0,0.0,0.0,0.0,0.0,0.0,0.0,0.0,0.0,0.0,0.0,0.0,0.0,0.0,0.0,0.0,0.0,0.0,0.0,0.0,47.0,47.0,...
1763031470,327057385,laser,-3.1241390705108643,3.1415927410125732,0.0034828970674425364,5.741667337133549e-05,0.10329259186983109,0.15000000596046448,16.0,13.62399959564209,13.62399959564209,13.607999801635742,13.680000305175781,13.760000228881836,13.760000228881836,13.760000228881836,13.760000228881836,13.760000228881836,12.776000022888184,12.776000022888184,12.776000022888184,12.776000022888184,12.776000022888184,12.776000022888184,12.776000022888184,12.784000396728516,12.776000022888184,12.767999649047852,12.767999649047852,12.767999649047852,12.767999649047852,12.767999649047852,12.767999649047852,12.800000190734863,12.791999816894531,inf,inf,10.520000457763672,10.520000457763672,10.520000457763672,10.520000457763672,10.520000457763672,inf,inf,inf,inf,inf,inf,inf,inf,inf,inf,inf,inf,inf,inf,inf,inf,inf,inf,inf,inf,3.8239998817443848,3.8239998817443848,3.8239998817443848,3.8239998817443848,3.8239998817443848,3.75600004196167,3.740000009536743,3.7320001125335693,3.7320001125335693,3.740000009536743,3.747999906539917,3.752000093460083,3.752000093460083,2.888000011444092,2.888000011444092,2.8359999656677246,2.8359999656677246,2.8359999656677246,2.7799999713897705,2.7799999713897705,2.6480000019073486,2.6480000019073486,2.5999999046325684,2.5480000972747803,2.5,2.447999954223633,2.388000011444092,2.3399999141693115,2.299999952316284,2.2839999198913574,2.200000047683716,2.1600000858306885,2.1600000858306885,2.1600000858306885,2.131999969482422,2.0959999561309814,2.053999900817871,2.0239999294281006,1.996000051498413,1.9700000286102295,1.9459999799728394,1.9119999408721924,1.9119999408721924,1.8839999437332153,1.8739999532699585,1.8660000562667847,1.850000023841858,1.840000033378601,1.8279999494552612,1.812000036239624,1.7879999876022339,1.7879999876022339,1.7660000324249268,1.746000051498413,1.7239999771118164,1.7039999961853027,1.684000015258789,1.6619999408721924,1.6399999856948853,1.5240000486373901,1.5240000486373901,1.50600004196167,1.4880000352859497,1.4880000352859497,1.4800000190734863,inf,inf,inf,inf,inf,1.4140000343322754,1.4140000343322754,1.4140000343322754,1.4140000343322754,1.4140000343322754,...,0.0,0.0,0.0,0.0,0.0,0.0,0.0,0.0,0.0,0.0,0.0,0.0,0.0,0.0,0.0,0.0,0.0,0.0,0.0,47.0,47.0,47.0,47.0,47.0,0.0,0.0,0.0,0.0,0.0,0.0,0.0,0.0,0.0,0.0,0.0,0.0,0.0,0.0,0.0,0.0,0.0,0.0,0.0,0.0,0.0,0.0,0.0,0.0,0.0,0.0,0.0,0.0,0.0,0.0,0.0,0.0,0.0,0.0,0.0,0.0,0.0,0.0,0.0,0.0,0.0,0.0,0.0,0.0,0.0,0.0,0.0,0.0,0.0,0.0,0.0,0.0,0.0,0.0,0.0,0.0,0.0,0.0,0.0,0.0,0.0,0.0,0.0,0.0,0.0,0.0,0.0,0.0,0.0,0.0,0.0,0.0,0.0,0.0,0.0,0.0,0.0,0.0,0.0,0.0,0.0,0.0,0.0,0.0,0.0,0.0,0.0,0.0,0.0,0.0,0.0,0.0,0.0,0.0,0.0,0.0,0.0,0.0,0.0,0.0,0.0,0.0,0.0,0.0,...
1763031470,431179662,laser,-3.1241390705108643,3.1415927410125732,0.0034828970674425364,5.415956547949463e-05,0.09743306040763855,0.15000000596046448,16.0,13.607999801635742,13.607999801635742,13.607999801635742,13.687999725341797,13.760000228881836,13.760000228881836,13.760000228881836,inf,inf,12.784000396728516,12.784000396728516,12.784000396728516,12.784000396728516,12.784000396728516,12.784000396728516,12.784000396728516,12.784000396728516,12.767999649047852,12.767999649047852,12.776000022888184,12.784000396728516,12.776000022888184,12.767999649047852,12.767999649047852,12.776000022888184,12.776000022888184,inf,inf,inf,inf,inf,inf,inf,inf,inf,inf,inf,inf,inf,inf,inf,inf,inf,inf,inf,inf,inf,inf,inf,inf,inf,inf,3.7839999198913574,3.7839999198913574,3.7839999198913574,3.7839999198913574,3.7839999198913574,3.740000009536743,3.740000009536743,3.740000009536743,3.7320001125335693,3.7360000610351562,3.747999906539917,3.747999906539917,3.747999906539917,3.747999906539917,3.747999906539917,2.859999895095825,2.859999895095825,2.859999895095825,2.859999895095825,2.7960000038146973,2.7279999256134033,2.6640000343322754,2.615999937057495,2.568000078201294,2.5239999294281006,2.4000000953674316,2.4000000953674316,2.364000082015991,2.364000082015991,2.319999933242798,2.2920000553131104,2.180000066757202,2.180000066757202,2.180000066757202,2.131999969482422,2.1040000915527344,2.0739998817443848,2.0739998817443848,2.0,2.0,1.9780000448226929,1.9459999799728394,1.9119999408721924,1.8960000276565552,1.8819999694824219,1.8680000305175781,1.8600000143051147,1.8539999723434448,1.8539999723434448,1.8320000171661377,1.815999984741211,1.7979999780654907,1.7699999809265137,1.746000051498413,1.7280000448226929,1.7079999446868896,1.6859999895095825,1.6859999895095825,1.6619999408721924,1.6440000534057617,1.527999997138977,1.527999997138977,1.5080000162124634,1.496000051498413,1.4839999675750732,1.468000054359436,inf,inf,inf,inf,1.3960000276565552,1.3960000276565552,1.3960000276565552,1.3960000276565552,1.3960000276565552,1.3839999437332153,...,47.0,47.0,47.0,47.0,47.0,0.0,0.0,0.0,0.0,0.0,0.0,0.0,0.0,0.0,0.0,0.0,0.0,0.0,0.0,0.0,0.0,0.0,0.0,0.0,0.0,0.0,0.0,0.0,0.0,0.0,0.0,0.0,0.0,0.0,0.0,0.0,0.0,0.0,0.0,0.0,0.0,0.0,0.0,0.0,0.0,0.0,0.0,0.0,0.0,0.0,0.0,0.0,0.0,0.0,0.0,0.0,0.0,0.0,0.0,0.0,0.0,0.0,0.0,0.0,0.0,0.0,0.0,0.0,0.0,0.0,0.0,0.0,0.0,0.0,0.0,0.0,0.0,0.0,0.0,0.0,0.0,0.0,0.0,0.0,0.0,0.0,0.0,0.0,0.0,0.0,0.0,0.0,0.0,0.0,0.0,0.0,0.0,0.0,0.0,0.0,0.0,0.0,0.0,0.0,0.0,0.0,0.0,0.0,0.0,0.0,0.0,0.0,0.0,0.0,0.0,0.0,0.0,0.0,0.0,0.0,0.0,0.0,0.0,0.0,0.0,0.0,0.0,0.0,...
1763031470,530259275,laser,-3.1241390705108643,3.1415927410125732,0.0034828970674425364,5.368991332943551e-05,0.09658815711736679,0.15000000596046448,16.0,13.600000381469727,13.600000381469727,13.687999725341797,13.760000228881836,13.760000228881836,13.760000228881836,13.760000228881836,inf,inf,12.800000190734863,12.800000190734863,12.800000190734863,12.800000190734863,12.800000190734863,12.784000396728516,12.776000022888184,12.784000396728516,12.776000022888184,12.767999649047852,12.767999649047852,12.760000228881836,12.767999649047852,12.767999649047852,12.776000022888184,12.791999816894531,inf,inf,inf,inf,10.288000106811523,10.288000106811523,10.288000106811523,10.288000106811523,10.288000106811523,inf,inf,inf,inf,inf,inf,inf,inf,inf,inf,inf,inf,inf,inf,inf,inf,3.875999927520752,3.875999927520752,3.875999927520752,3.875999927520752,3.875999927520752,3.7839999198913574,3.7839999198913574,3.7839999198913574,3.7839999198913574,3.740000009536743,3.7320001125335693,3.7360000610351562,3.74399995803833,3.747999906539917,3.747999906539917,2.9240000247955322,2.9240000247955322,2.9240000247955322,2.864000082015991,2.864000082015991,2.864000082015991,2.799999952316284,2.7279999256134033,2.6679999828338623,2.624000072479248,2.572000026702881,2.5239999294281006,2.4800000190734863,2.4159998893737793,2.364000082015991,2.3359999656677246,2.3359999656677246,2.303999900817871,2.2039999961853027,2.2039999961853027,2.180000066757202,2.131999969482422,2.1040000915527344,2.0799999237060547,2.053999900817871,2.053999900817871,1.9859999418258667,1.9859999418258667,1.9600000381469727,1.9359999895095825,1.9240000247955322,1.9199999570846558,1.9079999923706055,1.8880000114440918,1.8660000562667847,1.8459999561309814,1.8459999561309814,1.8240000009536743,1.7979999780654907,1.7740000486373901,1.75600004196167,1.7319999933242798,1.7079999446868896,1.690000057220459,1.6699999570846558,1.6699999570846558,1.6480000019073486,1.531999945640564,1.5080000162124634,1.5080000162124634,1.4980000257492065,1.4859999418258667,inf,inf,inf,inf,inf,inf,1.3980000019073486,1.3980000019073486,1.3980000019073486,1.3980000019073486,1.3980000019073486,...,47.0,47.0,47.0,47.0,47.0,0.0,0.0,0.0,0.0,0.0,0.0,0.0,0.0,0.0,0.0,0.0,0.0,0.0,0.0,0.0,0.0,0.0,0.0,0.0,0.0,0.0,0.0,0.0,0.0,0.0,0.0,0.0,0.0,0.0,0.0,0.0,0.0,0.0,0.0,0.0,0.0,0.0,0.0,0.0,0.0,0.0,0.0,0.0,0.0,0.0,0.0,0.0,0.0,0.0,0.0,0.0,0.0,0.0,0.0,0.0,0.0,0.0,0.0,0.0,0.0,0.0,0.0,0.0,0.0,0.0,0.0,0.0,0.0,0.0,0.0,0.0,0.0,0.0,0.0,0.0,0.0,0.0,0.0,0.0,0.0,0.0,0.0,0.0,0.0,47.0,47.0,47.0,47.0,47.0,0.0,0.0,0.0,0.0,0.0,0.0,0.0,0.0,0.0,0.0,0.0,0.0,0.0,0.0,0.0,0.0,0.0,0.0,0.0,0.0,0.0,0.0,0.0,0.0,0.0,0.0,0.0,0.0,0.0,0.0,47.0,47.0,47.0,47.0,...
1763031470,628255112,laser,-3.1241390705108643,3.1415927410125732,0.0034828970674425364,5.381992014008574e-05,0.09682203829288483,0.15000000596046448,16.0,13.607999801635742,13.696000099182129,13.696000099182129,13.760000228881836,13.760000228881836,13.760000228881836,13.760000228881836,13.760000228881836,12.807999610900879,12.807999610900879,12.807999610900879,12.807999610900879,12.784000396728516,12.784000396728516,12.784000396728516,12.784000396728516,12.776000022888184,12.767999649047852,12.760000228881836,12.760000228881836,12.760000228881836,12.776000022888184,12.784000396728516,12.784000396728516,12.800000190734863,inf,inf,10.336000442504883,10.336000442504883,10.336000442504883,10.336000442504883,10.336000442504883,inf,inf,inf,inf,inf,inf,inf,inf,inf,inf,inf,inf,inf,inf,inf,inf,inf,inf,inf,3.8959999084472656,3.8959999084472656,3.8959999084472656,3.8959999084472656,3.8959999084472656,3.812000036239624,3.812000036239624,3.752000093460083,3.752000093460083,3.7320001125335693,3.7320001125335693,3.74399995803833,3.747999906539917,3.747999906539917,3.752000093460083,3.752000093460083,2.888000011444092,2.888000011444092,2.7320001125335693,2.7320001125335693,2.7320001125335693,2.7320001125335693,2.671999931335449,2.631999969482422,2.5920000076293945,2.5360000133514404,2.4760000705718994,2.427999973297119,2.380000114440918,2.3359999656677246,2.3359999656677246,2.2960000038146973,2.2039999961853027,2.2039999961853027,2.191999912261963,2.1440000534057617,2.1040000915527344,2.0799999237060547,2.052000045776367,2.052000045776367,1.9859999418258667,1.9859999418258667,1.9600000381469727,1.9299999475479126,1.906000018119812,1.8880000114440918,1.878000020980835,1.8700000047683716,1.8519999980926514,1.840000033378601,1.840000033378601,1.8240000009536743,1.8020000457763672,1.777999997138977,1.75600004196167,1.7319999933242798,1.7139999866485596,1.6959999799728394,1.6720000505447388,1.6720000505447388,1.6540000438690186,1.621999979019165,1.5080000162124634,1.5080000162124634,1.4980000257492065,1.4839999675750732,1.4759999513626099,inf,inf,inf,1.4040000438690186,1.4040000438690186,1.4040000438690186,1.4040000438690186,1.4040000438690186,1.3919999599456787,1.3919999599456787,...,0.0,0.0,0.0,0.0,0.0,0.0,0.0,0.0,0.0,0.0,0.0,0.0,0.0,0.0,0.0,0.0,0.0,0.0,0.0,0.0,0.0,0.0,0.0,0.0,0.0,0.0,0.0,0.0,0.0,0.0,0.0,0.0,0.0,0.0,0.0,0.0,0.0,0.0,0.0,0.0,0.0,0.0,0.0,0.0,0.0,0.0,0.0,0.0,0.0,0.0,0.0,0.0,0.0,0.0,0.0,0.0,0.0,0.0,0.0,0.0,0.0,0.0,0.0,0.0,0.0,0.0,0.0,0.0,0.0,0.0,0.0,0.0,0.0,0.0,0.0,0.0,0.0,0.0,0.0,0.0,0.0,0.0,0.0,0.0,0.0,0.0,0.0,0.0,0.0,0.0,0.0,47.0,47.0,47.0,47.0,47.0,0.0,0.0,0.0,0.0,0.0,0.0,0.0,0.0,0.0,0.0,0.0,0.0,0.0,0.0,0.0,0.0,0.0,0.0,0.0,0.0,0.0,0.0,0.0,0.0,0.0,0.0,0.0,0.0,0.0,0.0,0.0,0.0,...
1763031470,726057966,laser,-3.1241390705108643,3.1415927410125732,0.0034828970674425364,5.747524483012967e-05,0.10339796543121338,0.15000000596046448,16.0,13.616000175476074,13.616000175476074,13.736000061035156,13.791999816894531,13.791999816894531,13.791999816894531,inf,12.887999534606934,12.887999534606934,12.887999534606934,12.887999534606934,12.887999534606934,12.784000396728516,12.784000396728516,12.784000396728516,12.791999816894531,12.784000396728516,12.767999649047852,12.751999855041504,12.767999649047852,12.767999649047852,12.784000396728516,12.784000396728516,12.791999816894531,12.815999984741211,inf,inf,inf,10.392000198364258,10.392000198364258,10.392000198364258,10.392000198364258,10.392000198364258,inf,inf,inf,inf,inf,inf,inf,inf,inf,inf,inf,inf,inf,4.0920000076293945,4.0920000076293945,4.0920000076293945,4.0920000076293945,4.0920000076293945,3.9839999675750732,3.9839999675750732,3.9839999675750732,3.884000062942505,3.884000062942505,3.884000062942505,3.884000062942505,3.7920000553131104,3.74399995803833,3.7360000610351562,3.7360000610351562,3.74399995803833,3.747999906539917,3.747999906539917,3.747999906539917,2.9200000762939453,2.864000082015991,2.864000082015991,2.864000082015991,2.864000082015991,2.799999952316284,2.7320001125335693,2.671999931335449,2.624000072479248,2.572000026702881,2.5199999809265137,2.4760000705718994,2.4760000705718994,2.375999927520752,2.375999927520752,2.3359999656677246,2.303999900817871,2.187999963760376,2.184000015258789,2.184000015258789,2.135999917984009,2.1040000915527344,2.072000026702881,2.072000026702881,2.0399999618530273,2.007999897003174,1.9800000190734863,1.9500000476837158,1.909999966621399,1.8880000114440918,1.8799999952316284,1.8680000305175781,1.8600000143051147,1.8519999980926514,1.8519999980926514,1.8339999914169312,1.8200000524520874,1.8020000457763672,1.777999997138977,1.753999948501587,1.7319999933242798,1.7100000381469727,1.690000057220459,1.690000057220459,1.6699999570846558,1.6519999504089355,1.5080000162124634,1.5080000162124634,1.49399995803833,1.49399995803833,1.4819999933242798,inf,inf,inf,inf,inf,1.3980000019073486,1.3980000019073486,1.3980000019073486,1.3980000019073486,1.3980000019073486,1.3880000114440918,...,0.0,0.0,0.0,0.0,0.0,0.0,0.0,0.0,0.0,0.0,0.0,0.0,0.0,0.0,0.0,0.0,0.0,0.0,0.0,0.0,0.0,0.0,0.0,0.0,0.0,0.0,0.0,0.0,0.0,0.0,0.0,0.0,0.0,0.0,0.0,0.0,0.0,0.0,0.0,0.0,0.0,0.0,0.0,0.0,0.0,0.0,0.0,0.0,0.0,0.0,0.0,0.0,0.0,0.0,0.0,0.0,0.0,0.0,0.0,0.0,0.0,0.0,0.0,0.0,0.0,0.0,0.0,0.0,0.0,0.0,0.0,0.0,0.0,0.0,0.0,0.0,0.0,0.0,0.0,0.0,0.0,0.0,0.0,0.0,0.0,0.0,0.0,0.0,0.0,0.0,47.0,47.0,47.0,47.0,47.0,0.0,0.0,0.0,0.0,0.0,0.0,0.0,0.0,0.0,0.0,0.0,0.0,0.0,0.0,0.0,0.0,0.0,0.0,0.0,0.0,0.0,0.0,0.0,0.0,0.0,0.0,0.0,0.0,0.0,0.0,0.0,47.0,47.0,...
1763031470,830356163,laser,-3.1241390705108643,3.1415927410125732,0.0034828970674425364,5.4127864132169634e-05,0.0973760262131691,0.15000000596046448,16.0,13.687999725341797,13.687999725341797,13.687999725341797,13.687999725341797,13.751999855041504,13.751999855041504,13.751999855041504,inf,inf,12.791999816894531,12.791999816894531,12.791999816894531,12.791999816894531,12.791999816894531,12.784000396728516,12.784000396728516,12.776000022888184,12.776000022888184,12.776000022888184,12.760000228881836,12.760000228881836,12.776000022888184,12.784000396728516,12.791999816894531,12.815999984741211,12.815999984741211,inf,inf,inf,10.312000274658203,10.312000274658203,10.312000274658203,10.312000274658203,10.312000274658203,inf,inf,inf,inf,inf,inf,inf,inf,inf,inf,inf,inf,inf,inf,inf,inf,inf,3.8959999084472656,3.8959999084472656,3.8959999084472656,3.8959999084472656,3.8959999084472656,3.799999952316284,3.799999952316284,3.74399995803833,3.7360000610351562,3.7360000610351562,3.7360000610351562,3.74399995803833,3.747999906539917,3.747999906539917,3.747999906539917,2.936000108718872,2.936000108718872,2.936000108718872,2.875999927520752,2.7320001125335693,2.7320001125335693,2.671999931335449,2.671999931335449,2.635999917984009,2.5199999809265137,2.4719998836517334,2.4719998836517334,2.4240000247955322,2.375999927520752,2.3359999656677246,2.2960000038146973,2.2960000038146973,2.2360000610351562,2.2079999446868896,2.191999912261963,2.1440000534057617,2.1040000915527344,2.0799999237060547,2.0480000972747803,2.0179998874664307,1.99399995803833,1.965999960899353,1.965999960899353,1.940000057220459,1.9279999732971191,1.9199999570846558,1.909999966621399,1.8940000534057617,1.8739999532699585,1.8480000495910645,1.8279999494552612,1.8279999494552612,1.805999994277954,1.777999997138977,1.753999948501587,1.7319999933242798,1.7100000381469727,1.6920000314712524,1.6720000505447388,1.6519999504089355,1.6519999504089355,1.5080000162124634,1.5080000162124634,1.5080000162124634,1.5,1.4859999418258667,1.4759999513626099,inf,inf,inf,1.4019999504089355,1.4019999504089355,1.4019999504089355,1.4019999504089355,1.4019999504089355,1.3940000534057617,1.3940000534057617,...,47.0,47.0,47.0,47.0,47.0,0.0,0.0,0.0,0.0,0.0,0.0,0.0,0.0,0.0,0.0,0.0,0.0,47.0,47.0,47.0,47.0,47.0,0.0,0.0,0.0,0.0,0.0,0.0,0.0,0.0,0.0,0.0,0.0,0.0,0.0,0.0,0.0,0.0,0.0,0.0,0.0,0.0,0.0,0.0,0.0,0.0,0.0,0.0,0.0,0.0,0.0,0.0,0.0,0.0,0.0,0.0,0.0,0.0,0.0,0.0,0.0,0.0,0.0,0.0,0.0,0.0,0.0,0.0,0.0,0.0,0.0,0.0,0.0,0.0,0.0,0.0,0.0,0.0,0.0,0.0,0.0,0.0,0.0,0.0,0.0,0.0,0.0,0.0,0.0,0.0,0.0,0.0,0.0,0.0,0.0,0.0,0.0,0.0,0.0,0.0,0.0,0.0,0.0,0.0,0.0,0.0,0.0,0.0,0.0,0.0,0.0,0.0,0.0,0.0,0.0,0.0,0.0,0.0,0.0,0.0,0.0,0.0,0.0,0.0,0.0,0.0,0.0,0.0,...
1763031470,928920781,laser,-3.1241390705108643,3.1415927410125732,0.0034828970674425364,5.399355723056942e-05,0.09713441133499146,0.15000000596046448,16.0,13.600000381469727,13.600000381469727,13.704000473022461,13.760000228881836,13.760000228881836,13.760000228881836,inf,12.880000114440918,12.880000114440918,12.880000114440918,12.880000114440918,12.880000114440918,12.784000396728516,12.784000396728516,12.784000396728516,12.784000396728516,12.784000396728516,12.767999649047852,12.751999855041504,12.751999855041504,12.751999855041504,12.776000022888184,12.791999816894531,12.791999816894531,12.807999610900879,inf,inf,inf,10.383999824523926,10.383999824523926,10.383999824523926,10.383999824523926,10.383999824523926,inf,inf,inf,inf,inf,inf,inf,inf,inf,inf,inf,inf,inf,inf,inf,inf,inf,inf,3.8959999084472656,3.8959999084472656,3.8959999084472656,3.8959999084472656,3.8959999084472656,3.808000087738037,3.808000087738037,3.752000093460083,3.740000009536743,3.740000009536743,3.7360000610351562,3.7360000610351562,3.74399995803833,3.747999906539917,3.752000093460083,2.880000114440918,2.880000114440918,2.880000114440918,2.74399995803833,2.74399995803833,2.74399995803833,2.74399995803833,2.6440000534057617,2.6440000534057617,2.5920000076293945,2.5360000133514404,2.4760000705718994,2.427999973297119,2.380000114440918,2.3359999656677246,2.2960000038146973,2.247999906539917,2.247999906539917,2.191999912261963,2.191999912261963,2.1440000534057617,2.1040000915527344,2.0799999237060547,2.0480000972747803,2.0179998874664307,1.9880000352859497,1.9620000123977661,1.9359999895095825,1.9359999895095825,1.9199999570846558,1.9119999408721924,1.906000018119812,1.8940000534057617,1.871999979019165,1.8519999980926514,1.8339999914169312,1.812000036239624,1.812000036239624,1.781999945640564,1.75600004196167,1.7359999418258667,1.718000054359436,1.6979999542236328,1.6779999732971191,1.6579999923706055,1.621999979019165,1.5099999904632568,1.5099999904632568,1.5,1.5,1.4880000352859497,1.4759999513626099,inf,inf,inf,1.4040000438690186,1.4040000438690186,1.4040000438690186,1.4040000438690186,1.4040000438690186,1.3960000276565552,1.3960000276565552,...,0.0,0.0,0.0,0.0,0.0,0.0,0.0,0.0,0.0,0.0,0.0,0.0,0.0,0.0,0.0,0.0,0.0,0.0,0.0,47.0,47.0,47.0,47.0,47.0,0.0,0.0,0.0,0.0,0.0,0.0,0.0,0.0,0.0,0.0,0.0,0.0,0.0,0.0,0.0,0.0,0.0,0.0,0.0,0.0,0.0,0.0,0.0,0.0,0.0,0.0,0.0,0.0,0.0,0.0,0.0,0.0,0.0,0.0,0.0,0.0,0.0,0.0,0.0,0.0,0.0,0.0,0.0,0.0,0.0,0.0,0.0,0.0,0.0,0.0,0.0,0.0,0.0,0.0,0.0,0.0,0.0,0.0,0.0,0.0,0.0,0.0,0.0,0.0,0.0,0.0,47.0,47.0,47.0,47.0,47.0,0.0,0.0,0.0,0.0,0.0,0.0,0.0,0.0,0.0,0.0,0.0,0.0,0.0,0.0,0.0,0.0,0.0,0.0,0.0,0.0,0.0,0.0,0.0,0.0,0.0,0.0,0.0,0.0,0.0,0.0,47.0,47.0,47.0,...
1763031471,27667807,laser,-3.1241390705108643,3.1415927410125732,0.0034828970674425364,5.374034299165942e-05,0.09667887538671494,0.15000000596046448,16.0,13.600000381469727,13.600000381469727,13.727999687194824,13.776000022888184,13.776000022888184,13.776000022888184,inf,12.880000114440918,12.880000114440918,12.880000114440918,12.880000114440918,12.880000114440918,12.791999816894531,12.791999816894531,12.791999816894531,12.791999816894531,12.784000396728516,12.767999649047852,12.751999855041504,12.760000228881836,12.760000228881836,12.784000396728516,12.784000396728516,12.791999816894531,12.807999610900879,inf,inf,inf,10.4399995803833,10.4399995803833,10.4399995803833,10.4399995803833,10.4399995803833,inf,inf,inf,inf,inf,inf,inf,inf,inf,inf,inf,inf,inf,inf,inf,inf,inf,inf,inf,3.759999990463257,3.759999990463257,3.759999990463257,3.759999990463257,3.759999990463257,3.74399995803833,3.74399995803833,3.74399995803833,3.7360000610351562,3.7360000610351562,3.7360000610351562,3.747999906539917,3.752000093460083,3.752000093460083,2.880000114440918,2.880000114440918,2.880000114440918,2.880000114440918,2.8320000171661377,2.7839999198913574,2.6480000019073486,2.5999999046325684,2.5999999046325684,2.5999999046325684,2.5439999103546143,2.496000051498413,2.444000005722046,2.380000114440918,2.3399999141693115,2.2960000038146973,2.2799999713897705,2.191999912261963,2.191999912261963,2.1559998989105225,2.124000072479248,2.124000072479248,2.0999999046325684,2.059999942779541,2.0239999294281006,1.996000051498413,1.968000054359436,1.937999963760376,1.9040000438690186,1.8819999694824219,1.8739999532699585,1.8600000143051147,1.8600000143051147,1.843999981880188,1.843999981880188,1.8339999914169312,1.812000036239624,1.7899999618530273,1.7660000324249268,1.7660000324249268,1.7239999771118164,1.7239999771118164,1.7020000219345093,1.6820000410079956,1.6640000343322754,1.6419999599456787,1.5260000228881836,1.5080000162124634,1.5080000162124634,1.4900000095367432,1.465999960899353,inf,1.4299999475479126,1.4299999475479126,1.4299999475479126,1.4299999475479126,1.4299999475479126,1.4019999504089355,1.4019999504089355,1.4019999504089355,1.3839999437332153,1.3839999437332153,...,0.0,0.0,0.0,0.0,0.0,0.0,0.0,0.0,0.0,0.0,0.0,0.0,0.0,0.0,0.0,0.0,0.0,0.0,0.0,47.0,47.0,47.0,47.0,47.0,0.0,0.0,0.0,0.0,0.0,0.0,0.0,0.0,0.0,0.0,0.0,0.0,0.0,0.0,0.0,0.0,0.0,0.0,0.0,0.0,0.0,0.0,0.0,0.0,0.0,0.0,0.0,0.0,0.0,0.0,0.0,0.0,0.0,0.0,0.0,0.0,0.0,0.0,0.0,0.0,0.0,0.0,0.0,0.0,0.0,0.0,0.0,0.0,0.0,0.0,0.0,0.0,0.0,0.0,0.0,0.0,0.0,0.0,0.0,0.0,0.0,0.0,0.0,0.0,0.0,0.0,47.0,47.0,47.0,47.0,47.0,0.0,0.0,0.0,0.0,0.0,0.0,0.0,0.0,0.0,0.0,0.0,0.0,0.0,0.0,0.0,0.0,0.0,0.0,0.0,0.0,0.0,0.0,0.0,0.0,0.0,0.0,0.0,0.0,0.0,0.0,47.0,47.0,47.0,...
1763031471,126082445,laser,-3.1241390705108643,3.1415927410125732,0.0034828970674425364,5.7137494877679273e-05,0.10279034823179245,0.15000000596046448,16.0,13.527999877929688,13.527999877929688,13.527999877929688,13.600000381469727,13.751999855041504,13.751999855041504,inf,inf,12.784000396728516,12.784000396728516,12.784000396728516,12.784000396728516,12.784000396728516,12.784000396728516,12.784000396728516,12.784000396728516,12.776000022888184,12.767999649047852,12.767999649047852,12.776000022888184,12.784000396728516,12.784000396728516,12.784000396728516,12.784000396728516,12.800000190734863,12.824000358581543,inf,inf,inf,inf,inf,inf,inf,inf,inf,inf,inf,inf,inf,inf,inf,inf,inf,inf,inf,inf,inf,inf,inf,inf,inf,3.799999952316284,3.799999952316284,3.799999952316284,3.799999952316284,3.799999952316284,3.74399995803833,3.74399995803833,3.74399995803833,3.74399995803833,3.740000009536743,3.7360000610351562,3.740000009536743,3.747999906539917,3.747999906539917,3.747999906539917,3.747999906539917,2.927999973297119,2.927999973297119,2.927999973297119,2.880000114440918,2.7320001125335693,2.7320001125335693,2.684000015258789,2.640000104904175,2.5880000591278076,2.5360000133514404,2.4760000705718994,2.4760000705718994,2.371999979019165,2.371999979019165,2.3359999656677246,2.2960000038146973,2.200000047683716,2.200000047683716,2.191999912261963,2.1559998989105225,2.115999937057495,2.0799999237060547,2.0439999103546143,2.002000093460083,2.002000093460083,1.9800000190734863,1.9559999704360962,1.9220000505447388,1.8960000276565552,1.8700000047683716,1.850000023841858,1.843999981880188,1.8339999914169312,1.8259999752044678,1.8259999752044678,1.812000036239624,1.7960000038146973,1.777999997138977,1.75600004196167,1.7339999675750732,1.715999960899353,1.6959999799728394,1.6740000247955322,1.6740000247955322,1.6519999504089355,1.496000051498413,1.496000051498413,1.496000051498413,1.496000051498413,1.4839999675750732,1.4759999513626099,inf,inf,inf,1.399999976158142,1.399999976158142,1.399999976158142,1.399999976158142,1.399999976158142,1.3899999856948853,1.3899999856948853,...,0.0,47.0,47.0,47.0,47.0,47.0,0.0,0.0,0.0,0.0,0.0,0.0,0.0,0.0,0.0,0.0,0.0,0.0,0.0,0.0,0.0,0.0,0.0,0.0,0.0,0.0,0.0,0.0,0.0,0.0,0.0,0.0,0.0,0.0,0.0,0.0,0.0,0.0,0.0,0.0,0.0,0.0,0.0,0.0,0.0,0.0,0.0,0.0,0.0,0.0,0.0,0.0,0.0,0.0,0.0,0.0,0.0,0.0,0.0,0.0,0.0,0.0,0.0,0.0,0.0,0.0,0.0,0.0,0.0,0.0,0.0,0.0,0.0,0.0,0.0,0.0,0.0,0.0,0.0,0.0,0.0,0.0,0.0,0.0,0.0,0.0,0.0,0.0,0.0,0.0,0.0,0.0,0.0,0.0,0.0,0.0,0.0,0.0,0.0,0.0,0.0,0.0,0.0,0.0,0.0,0.0,0.0,0.0,0.0,0.0,0.0,0.0,0.0,0.0,0.0,0.0,0.0,0.0,0.0,0.0,0.0,0.0,0.0,0.0,0.0,0.0,0.0,0.0,...
1763031471,230142612,laser,-3.1241390705108643,3.1415927410125732,0.0034828970674425364,5.388172940001823e-05,0.09693323075771332,0.15000000596046448,16.0,13.592000007629395,13.592000007629395,13.696000099182129,13.815999984741211,13.815999984741211,13.815999984741211,inf,inf,12.871999740600586,12.871999740600586,12.871999740600586,12.871999740600586,12.871999740600586,12.767999649047852,12.767999649047852,12.776000022888184,12.784000396728516,12.767999649047852,12.760000228881836,12.760000228881836,12.767999649047852,12.784000396728516,12.784000396728516,12.784000396728516,12.807999610900879,inf,inf,inf,10.35200023651123,10.35200023651123,10.35200023651123,10.35200023651123,10.35200023651123,inf,inf,inf,inf,inf,inf,inf,inf,inf,inf,inf,inf,inf,inf,inf,inf,inf,3.884000062942505,3.884000062942505,3.884000062942505,3.884000062942505,3.884000062942505,3.7880001068115234,3.7880001068115234,3.7880001068115234,3.74399995803833,3.74399995803833,3.740000009536743,3.74399995803833,3.747999906539917,3.747999906539917,3.747999906539917,2.927999973297119,2.927999973297119,2.927999973297119,2.8559999465942383,2.8559999465942383,2.8559999465942383,2.7880001068115234,2.7320001125335693,2.6679999828338623,2.619999885559082,2.572000026702881,2.51200008392334,2.4679999351501465,2.4200000762939453,2.371999979019165,2.371999979019165,2.3320000171661377,2.308000087738037,2.191999912261963,2.191999912261963,2.1760001182556152,2.128000020980835,2.1040000915527344,2.0799999237060547,2.052000045776367,2.052000045776367,2.0199999809265137,1.9900000095367432,1.9620000123977661,1.944000005722046,1.9299999475479126,1.9240000247955322,1.9119999408721924,1.8940000534057617,1.8940000534057617,1.871999979019165,1.8459999561309814,1.8259999752044678,1.8020000457763672,1.777999997138977,1.753999948501587,1.7319999933242798,1.7100000381469727,1.690000057220459,1.6679999828338623,1.6679999828338623,1.6519999504089355,1.5299999713897705,1.5299999713897705,1.5080000162124634,1.496000051498413,1.4859999418258667,inf,inf,inf,inf,inf,inf,1.399999976158142,1.399999976158142,1.399999976158142,1.399999976158142,1.399999976158142,...,0.0,0.0,0.0,0.0,0.0,0.0,0.0,0.0,0.0,0.0,0.0,0.0,0.0,0.0,0.0,0.0,0.0,0.0,0.0,0.0,0.0,0.0,0.0,0.0,0.0,0.0,0.0,0.0,0.0,0.0,0.0,0.0,0.0,0.0,0.0,0.0,0.0,0.0,0.0,0.0,0.0,0.0,0.0,0.0,0.0,0.0,0.0,0.0,0.0,0.0,0.0,0.0,0.0,0.0,0.0,0.0,0.0,0.0,0.0,0.0,0.0,0.0,0.0,0.0,0.0,0.0,0.0,0.0,0.0,0.0,0.0,0.0,0.0,0.0,0.0,0.0,0.0,0.0,0.0,0.0,0.0,0.0,0.0,0.0,0.0,0.0,0.0,0.0,0.0,0.0,47.0,47.0,47.0,47.0,47.0,0.0,0.0,0.0,0.0,0.0,0.0,0.0,0.0,0.0,0.0,0.0,0.0,0.0,0.0,0.0,0.0,0.0,0.0,0.0,0.0,0.0,0.0,0.0,0.0,0.0,0.0,0.0,0.0,0.0,0.0,47.0,47.0,47.0,...
1763031471,328903649,laser,-3.1241390705108643,3.1415927410125732,0.0034828970674425364,5.358915950637311e-05,0.09640689939260483,0.15000000596046448,16.0,13.576000213623047,13.67199993133545,13.67199993133545,13.67199993133545,13.800000190734863,13.800000190734863,13.800000190734863,13.800000190734863,12.807999610900879,12.807999610900879,12.807999610900879,12.807999610900879,12.784000396728516,12.784000396728516,12.784000396728516,12.776000022888184,12.784000396728516,12.784000396728516,12.767999649047852,12.767999649047852,12.760000228881836,12.760000228881836,12.776000022888184,12.791999816894531,12.800000190734863,inf,inf,inf,inf,inf,inf,inf,inf,inf,inf,inf,inf,inf,inf,inf,inf,inf,inf,inf,inf,inf,inf,inf,inf,inf,inf,inf,inf,3.7720000743865967,3.7720000743865967,3.7720000743865967,3.7720000743865967,3.7720000743865967,3.74399995803833,3.74399995803833,3.7360000610351562,3.7360000610351562,3.747999906539917,3.747999906539917,3.752000093460083,3.752000093460083,2.8959999084472656,2.8959999084472656,2.8359999656677246,2.8359999656677246,2.8359999656677246,2.7839999198913574,2.7239999771118164,2.6559998989105225,2.6080000400543213,2.559999942779541,2.559999942779541,2.5,2.447999954223633,2.3959999084472656,2.3399999141693115,2.2960000038146973,2.2839999198913574,2.196000099182129,2.1600000858306885,2.1600000858306885,2.128000020980835,2.128000020980835,2.0920000076293945,2.055999994277954,2.0280001163482666,2.007999897003174,1.9859999418258667,1.9620000123977661,1.944000005722046,1.9320000410079956,1.9320000410079956,1.9199999570846558,1.9040000438690186,1.8819999694824219,1.8639999628067017,1.8420000076293945,1.815999984741211,1.7920000553131104,1.7680000066757202,1.7680000066757202,1.7300000190734863,1.7300000190734863,1.7079999446868896,1.6859999895095825,1.6640000343322754,1.6419999599456787,1.5180000066757202,1.5180000066757202,1.50600004196167,1.4900000095367432,1.4620000123977661,inf,inf,1.4259999990463257,1.4259999990463257,1.4259999990463257,1.4259999990463257,1.4259999990463257,1.399999976158142,1.399999976158142,1.399999976158142,1.399999976158142,...,0.0,0.0,0.0,0.0,0.0,0.0,0.0,0.0,0.0,0.0,0.0,0.0,0.0,0.0,0.0,0.0,0.0,0.0,0.0,0.0,47.0,47.0,47.0,47.0,47.0,0.0,0.0,0.0,0.0,0.0,0.0,0.0,0.0,0.0,0.0,0.0,0.0,0.0,0.0,0.0,0.0,0.0,0.0,0.0,0.0,0.0,0.0,0.0,0.0,0.0,0.0,0.0,0.0,0.0,0.0,0.0,0.0,0.0,0.0,0.0,0.0,0.0,0.0,0.0,0.0,0.0,0.0,0.0,0.0,0.0,0.0,0.0,0.0,0.0,0.0,0.0,0.0,0.0,0.0,0.0,0.0,0.0,0.0,0.0,0.0,0.0,0.0,0.0,0.0,0.0,0.0,47.0,47.0,47.0,47.0,47.0,0.0,0.0,0.0,0.0,0.0,0.0,0.0,0.0,0.0,0.0,0.0,0.0,0.0,0.0,0.0,0.0,0.0,0.0,0.0,0.0,0.0,0.0,0.0,0.0,0.0,0.0,0.0,0.0,0.0,0.0,0.0,0.0,...
1763031471,426840420,laser,-3.1241390705108643,3.1415927410125732,0.0034828970674425364,5.37056548637338e-05,0.0966164693236351,0.15000000596046448,16.0,13.592000007629395,13.592000007629395,13.592000007629395,13.680000305175781,13.767999649047852,13.767999649047852,13.767999649047852,inf,inf,12.784000396728516,12.784000396728516,12.784000396728516,12.784000396728516,12.784000396728516,12.776000022888184,12.776000022888184,12.776000022888184,12.767999649047852,12.767999649047852,12.784000396728516,12.784000396728516,12.767999649047852,12.776000022888184,12.776000022888184,12.784000396728516,12.767999649047852,inf,inf,inf,inf,inf,inf,inf,inf,inf,inf,inf,inf,inf,inf,inf,inf,inf,inf,inf,inf,inf,4.0960001945495605,4.0960001945495605,4.0960001945495605,4.0960001945495605,4.0960001945495605,inf,inf,3.7880001068115234,3.7880001068115234,3.7880001068115234,3.7880001068115234,3.7880001068115234,3.74399995803833,3.7360000610351562,3.740000009536743,3.74399995803833,3.747999906539917,3.747999906539917,3.747999906539917,2.9240000247955322,2.9240000247955322,2.864000082015991,2.864000082015991,2.864000082015991,2.799999952316284,2.7320001125335693,2.6640000343322754,2.611999988555908,2.563999891281128,2.51200008392334,2.4600000381469727,2.4600000381469727,2.3559999465942383,2.3559999465942383,2.328000068664551,2.299999952316284,2.180000066757202,2.180000066757202,2.184000015258789,2.140000104904175,2.1040000915527344,2.068000078201294,2.068000078201294,2.0299999713897705,1.9980000257492065,1.972000002861023,1.9459999799728394,1.9079999923706055,1.8839999437332153,1.8700000047683716,1.8539999723434448,1.843999981880188,1.8359999656677246,1.8359999656677246,1.8259999752044678,1.812000036239624,1.7920000553131104,1.7699999809265137,1.75,1.7300000190734863,1.7100000381469727,1.690000057220459,1.690000057220459,1.6640000343322754,1.6480000019073486,1.5080000162124634,1.5080000162124634,1.5080000162124634,1.4919999837875366,1.4800000190734863,1.468000054359436,inf,inf,inf,inf,inf,1.399999976158142,1.399999976158142,1.399999976158142,1.399999976158142,1.399999976158142,...,47.0,47.0,47.0,47.0,47.0,0.0,0.0,0.0,0.0,0.0,0.0,0.0,0.0,0.0,0.0,0.0,0.0,47.0,47.0,47.0,47.0,47.0,0.0,0.0,0.0,0.0,0.0,0.0,0.0,0.0,0.0,0.0,0.0,0.0,0.0,0.0,0.0,0.0,0.0,0.0,0.0,0.0,0.0,0.0,0.0,0.0,0.0,0.0,0.0,0.0,0.0,0.0,0.0,0.0,0.0,0.0,0.0,0.0,0.0,0.0,0.0,0.0,0.0,0.0,0.0,0.0,0.0,47.0,47.0,47.0,47.0,47.0,0.0,0.0,0.0,0.0,0.0,0.0,0.0,0.0,0.0,0.0,0.0,0.0,0.0,0.0,0.0,0.0,0.0,0.0,0.0,0.0,0.0,0.0,0.0,0.0,0.0,0.0,0.0,0.0,0.0,0.0,0.0,0.0,0.0,0.0,0.0,0.0,0.0,0.0,0.0,0.0,0.0,0.0,0.0,0.0,0.0,0.0,0.0,0.0,0.0,0.0,0.0,0.0,0.0,0.0,0.0,0.0,...
1763031471,524772596,laser,-3.1241390705108643,3.1415927410125732,0.0034828970674425364,5.391683953348547e-05,0.09699639678001404,0.15000000596046448,16.0,13.640000343322754,13.696000099182129,13.696000099182129,13.815999984741211,13.815999984741211,13.815999984741211,13.815999984741211,13.815999984741211,12.807999610900879,12.807999610900879,12.807999610900879,12.807999610900879,12.767999649047852,12.767999649047852,12.767999649047852,12.776000022888184,12.784000396728516,12.784000396728516,12.776000022888184,12.776000022888184,12.767999649047852,12.784000396728516,12.784000396728516,12.784000396728516,12.800000190734863,inf,inf,10.295999526977539,10.295999526977539,10.295999526977539,10.295999526977539,10.295999526977539,inf,inf,inf,inf,inf,inf,inf,inf,inf,inf,inf,inf,inf,inf,4.0960001945495605,4.0960001945495605,4.0960001945495605,4.0960001945495605,4.0960001945495605,inf,inf,3.7880001068115234,3.7880001068115234,3.7880001068115234,3.7880001068115234,3.7880001068115234,3.74399995803833,3.74399995803833,3.740000009536743,3.740000009536743,3.74399995803833,3.747999906539917,3.747999906539917,3.747999906539917,2.9200000762939453,2.9200000762939453,2.859999895095825,2.859999895095825,2.859999895095825,2.799999952316284,2.7320001125335693,2.6679999828338623,2.611999988555908,2.563999891281128,2.51200008392334,2.51200008392334,2.4600000381469727,2.3959999084472656,2.3559999465942383,2.328000068664551,2.299999952316284,2.180000066757202,2.184000015258789,2.184000015258789,2.140000104904175,2.1040000915527344,2.1040000915527344,2.068000078201294,2.0320000648498535,1.9980000257492065,1.972000002861023,1.9459999799728394,1.9079999923706055,1.8839999437332153,1.8700000047683716,1.8600000143051147,1.8539999723434448,1.8539999723434448,1.8459999561309814,1.8300000429153442,1.8140000104904175,1.7940000295639038,1.7699999809265137,1.75,1.7300000190734863,1.7079999446868896,1.7079999446868896,1.6859999895095825,1.6640000343322754,1.6480000019073486,1.5240000486373901,1.5240000486373901,1.5080000162124634,1.49399995803833,1.4819999933242798,1.468000054359436,inf,1.434000015258789,1.434000015258789,1.434000015258789,1.434000015258789,1.434000015258789,1.399999976158142,1.399999976158142,1.399999976158142,1.3860000371932983,...,0.0,0.0,0.0,0.0,0.0,0.0,0.0,0.0,0.0,0.0,0.0,0.0,0.0,0.0,0.0,0.0,0.0,0.0,0.0,0.0,0.0,0.0,0.0,0.0,0.0,0.0,0.0,0.0,0.0,0.0,0.0,0.0,0.0,0.0,0.0,0.0,0.0,0.0,0.0,0.0,0.0,0.0,0.0,0.0,0.0,0.0,0.0,0.0,0.0,0.0,0.0,0.0,0.0,0.0,0.0,0.0,0.0,0.0,0.0,0.0,0.0,0.0,0.0,0.0,0.0,0.0,0.0,0.0,0.0,0.0,0.0,0.0,0.0,0.0,0.0,0.0,0.0,0.0,0.0,0.0,0.0,0.0,0.0,0.0,0.0,0.0,0.0,0.0,0.0,0.0,0.0,47.0,47.0,47.0,47.0,47.0,0.0,0.0,0.0,0.0,0.0,0.0,0.0,0.0,0.0,0.0,0.0,0.0,0.0,0.0,0.0,0.0,0.0,0.0,0.0,0.0,0.0,0.0,0.0,0.0,0.0,0.0,0.0,0.0,0.0,0.0,0.0,0.0,...
1763031471,623103729,laser,-3.1241390705108643,3.1415927410125732,0.0034828970674425364,5.731695637223311e-05,0.10311320424079895,0.15000000596046448,16.0,13.687999725341797,13.687999725341797,13.687999725341797,13.687999725341797,13.791999816894531,13.791999816894531,13.791999816894531,inf,inf,12.815999984741211,12.815999984741211,12.815999984741211,12.815999984741211,12.815999984741211,12.776000022888184,12.776000022888184,12.784000396728516,12.784000396728516,12.784000396728516,12.776000022888184,12.767999649047852,12.784000396728516,12.791999816894531,12.776000022888184,12.791999816894531,12.791999816894531,inf,inf,inf,inf,inf,inf,inf,inf,inf,inf,inf,inf,inf,inf,inf,inf,inf,inf,inf,inf,inf,inf,inf,inf,4.035999774932861,4.035999774932861,4.035999774932861,4.035999774932861,4.035999774932861,3.752000093460083,3.752000093460083,3.752000093460083,3.740000009536743,3.740000009536743,3.740000009536743,3.7360000610351562,3.7360000610351562,3.74399995803833,3.747999906539917,3.752000093460083,2.884000062942505,2.884000062942505,2.819999933242798,2.819999933242798,2.819999933242798,2.819999933242798,2.752000093460083,2.7039999961853027,2.6559998989105225,2.5999999046325684,2.5320000648498535,2.4800000190734863,2.444000005722046,2.3359999656677246,2.3359999656677246,2.3359999656677246,2.2960000038146973,2.247999906539917,2.2200000286102295,2.191999912261963,2.1480000019073486,2.1040000915527344,2.0799999237060547,2.055999994277954,2.055999994277954,1.996000051498413,1.996000051498413,1.9759999513626099,1.9559999704360962,1.9420000314712524,1.9320000410079956,1.9179999828338623,1.9019999504089355,1.878000020980835,1.8519999980926514,1.8519999980926514,1.8300000429153442,1.805999994277954,1.781999945640564,1.7580000162124634,1.7359999418258667,1.715999960899353,1.6979999542236328,1.6740000247955322,1.6740000247955322,1.6519999504089355,1.534000039100647,1.5080000162124634,1.5080000162124634,1.4980000257492065,1.4859999418258667,1.4780000448226929,inf,inf,inf,inf,inf,1.4019999504089355,1.4019999504089355,1.4019999504089355,1.4019999504089355,1.4019999504089355,...,47.0,47.0,47.0,47.0,47.0,0.0,0.0,0.0,0.0,0.0,0.0,0.0,0.0,0.0,0.0,0.0,0.0,0.0,47.0,47.0,47.0,47.0,47.0,0.0,0.0,0.0,0.0,0.0,0.0,0.0,0.0,0.0,0.0,0.0,0.0,0.0,0.0,0.0,0.0,0.0,0.0,0.0,0.0,0.0,0.0,0.0,0.0,0.0,0.0,0.0,0.0,0.0,0.0,0.0,0.0,0.0,0.0,0.0,0.0,0.0,0.0,0.0,0.0,0.0,0.0,0.0,0.0,0.0,0.0,0.0,0.0,0.0,0.0,0.0,0.0,0.0,0.0,0.0,0.0,0.0,0.0,0.0,0.0,0.0,0.0,0.0,0.0,0.0,0.0,47.0,47.0,47.0,47.0,47.0,0.0,0.0,0.0,0.0,0.0,0.0,0.0,0.0,0.0,0.0,0.0,0.0,0.0,0.0,0.0,0.0,0.0,0.0,0.0,0.0,0.0,0.0,0.0,0.0,0.0,0.0,0.0,0.0,0.0,0.0,47.0,47.0,47.0,47.0,...
1763031471,727760145,laser,-3.1241390705108643,3.1415927410125732,0.0034828970674425364,5.37533123861067e-05,0.0967022106051445,0.15000000596046448,16.0,13.592000007629395,13.600000381469727,13.600000381469727,13.680000305175781,13.751999855041504,13.751999855041504,13.751999855041504,13.751999855041504,inf,inf,12.784000396728516,12.784000396728516,12.784000396728516,12.784000396728516,12.784000396728516,12.784000396728516,12.784000396728516,12.767999649047852,12.767999649047852,12.776000022888184,12.784000396728516,12.784000396728516,12.776000022888184,12.767999649047852,12.791999816894531,12.791999816894531,inf,10.496000289916992,10.496000289916992,10.496000289916992,10.496000289916992,10.496000289916992,inf,inf,inf,inf,inf,inf,inf,inf,inf,inf,inf,inf,inf,inf,inf,inf,inf,inf,inf,inf,3.752000093460083,3.752000093460083,3.752000093460083,3.752000093460083,3.752000093460083,3.740000009536743,3.740000009536743,3.740000009536743,3.7360000610351562,3.7360000610351562,3.7360000610351562,3.74399995803833,3.747999906539917,3.752000093460083,2.888000011444092,2.888000011444092,2.888000011444092,2.888000011444092,2.819999933242798,2.752000093460083,2.691999912261963,2.6440000534057617,2.5999999046325684,2.5999999046325684,2.5320000648498535,2.4800000190734863,2.444000005722046,2.388000011444092,2.3359999656677246,2.2960000038146973,2.252000093460083,2.2239999771118164,2.196000099182129,2.196000099182129,2.1480000019073486,2.1040000915527344,2.0799999237060547,2.052000045776367,2.0199999809265137,1.9900000095367432,1.9620000123977661,1.937999963760376,1.937999963760376,1.9199999570846558,1.909999966621399,1.8980000019073486,1.8860000371932983,1.8660000562667847,1.8480000495910645,1.8300000429153442,1.805999994277954,1.805999994277954,1.781999945640564,1.7580000162124634,1.7359999418258667,1.715999960899353,1.6979999542236328,1.6740000247955322,1.6519999504089355,1.5080000162124634,1.5080000162124634,1.4980000257492065,1.4980000257492065,1.4980000257492065,1.4859999418258667,1.4780000448226929,inf,inf,inf,inf,1.4019999504089355,1.4019999504089355,1.4019999504089355,1.4019999504089355,1.4019999504089355,1.3940000534057617,...,0.0,0.0,0.0,0.0,0.0,0.0,0.0,0.0,0.0,0.0,0.0,0.0,0.0,0.0,0.0,0.0,0.0,47.0,47.0,47.0,47.0,47.0,0.0,0.0,0.0,0.0,0.0,0.0,0.0,0.0,0.0,0.0,0.0,0.0,0.0,0.0,0.0,0.0,0.0,0.0,0.0,0.0,0.0,0.0,0.0,0.0,0.0,0.0,0.0,0.0,0.0,0.0,0.0,0.0,0.0,0.0,0.0,0.0,0.0,0.0,0.0,0.0,0.0,0.0,0.0,0.0,0.0,0.0,0.0,0.0,0.0,0.0,0.0,0.0,0.0,0.0,0.0,0.0,0.0,0.0,0.0,0.0,0.0,0.0,0.0,0.0,0.0,0.0,0.0,0.0,0.0,0.0,0.0,0.0,0.0,0.0,0.0,0.0,0.0,0.0,0.0,0.0,0.0,0.0,0.0,0.0,0.0,0.0,0.0,0.0,0.0,0.0,0.0,0.0,0.0,0.0,0.0,0.0,0.0,0.0,0.0,0.0,0.0,0.0,0.0,0.0,0.0,0.0,...
1763031471,826074317,laser,-3.1241390705108643,3.1415927410125732,0.0034828970674425364,5.373682506615296e-05,0.09667254239320755,0.15000000596046448,16.0,13.592000007629395,13.592000007629395,13.592000007629395,13.67199993133545,13.751999855041504,13.751999855041504,inf,inf,12.767999649047852,12.767999649047852,12.767999649047852,12.767999649047852,12.767999649047852,12.776000022888184,12.776000022888184,12.776000022888184,12.776000022888184,12.760000228881836,12.767999649047852,12.776000022888184,12.776000022888184,12.767999649047852,12.776000022888184,12.800000190734863,12.800000190734863,12.784000396728516,inf,inf,inf,10.48799991607666,10.48799991607666,10.48799991607666,10.48799991607666,10.48799991607666,inf,inf,inf,inf,inf,inf,inf,inf,inf,inf,inf,inf,inf,inf,inf,inf,inf,inf,inf,3.828000068664551,3.828000068664551,3.828000068664551,3.828000068664551,3.828000068664551,3.759999990463257,3.74399995803833,3.7360000610351562,3.7360000610351562,3.7360000610351562,3.74399995803833,3.752000093460083,3.752000093460083,2.884000062942505,2.884000062942505,2.8239998817443848,2.8239998817443848,2.8239998817443848,2.7639999389648438,2.7119998931884766,2.6559998989105225,2.611999988555908,2.611999988555908,2.559999942779541,2.496000051498413,2.444000005722046,2.384000062942505,2.3359999656677246,2.2960000038146973,2.2720000743865967,2.24399995803833,2.24399995803833,2.1519999504089355,2.1519999504089355,2.1080000400543213,2.0840001106262207,2.053999900817871,2.0199999809265137,1.9880000352859497,1.9620000123977661,1.9320000410079956,1.9019999504089355,1.9019999504089355,1.8760000467300415,1.8619999885559082,1.8459999561309814,1.8220000267028809,1.8179999589920044,1.809999942779541,1.7979999780654907,1.781999945640564,1.781999945640564,1.7580000162124634,1.7359999418258667,1.715999960899353,1.6979999542236328,1.6779999732971191,1.6579999923706055,1.6319999694824219,1.5099999904632568,1.5099999904632568,1.4980000257492065,1.4980000257492065,1.4839999675750732,1.4759999513626099,inf,inf,inf,inf,inf,1.4019999504089355,1.4019999504089355,1.4019999504089355,1.4019999504089355,1.4019999504089355,...,0.0,47.0,47.0,47.0,47.0,47.0,0.0,0.0,0.0,0.0,0.0,0.0,0.0,0.0,0.0,0.0,0.0,0.0,0.0,0.0,0.0,0.0,0.0,0.0,0.0,0.0,0.0,0.0,0.0,0.0,0.0,0.0,0.0,0.0,0.0,0.0,0.0,0.0,0.0,0.0,0.0,0.0,0.0,0.0,0.0,0.0,0.0,0.0,0.0,0.0,0.0,0.0,0.0,0.0,0.0,0.0,0.0,0.0,0.0,0.0,0.0,0.0,0.0,0.0,0.0,0.0,0.0,0.0,0.0,0.0,0.0,0.0,0.0,0.0,0.0,0.0,0.0,0.0,0.0,0.0,0.0,0.0,0.0,0.0,0.0,0.0,0.0,0.0,0.0,0.0,47.0,47.0,47.0,47.0,47.0,0.0,0.0,0.0,0.0,0.0,0.0,0.0,0.0,0.0,0.0,0.0,0.0,0.0,0.0,0.0,0.0,0.0,0.0,0.0,0.0,0.0,0.0,0.0,0.0,0.0,0.0,0.0,0.0,0.0,0.0,47.0,47.0,47.0,...
1763031471,924238406,laser,-3.1241390705108643,3.1415927410125732,0.0034828970674425364,5.372473242459819e-05,0.09665079414844513,0.15000000596046448,16.0,13.592000007629395,13.592000007629395,13.592000007629395,13.663999557495117,13.760000228881836,13.760000228881836,13.760000228881836,inf,inf,12.800000190734863,12.800000190734863,12.800000190734863,12.800000190734863,12.800000190734863,12.776000022888184,12.776000022888184,12.767999649047852,12.767999649047852,12.767999649047852,12.767999649047852,12.767999649047852,12.760000228881836,12.767999649047852,12.776000022888184,12.776000022888184,12.767999649047852,inf,inf,inf,inf,inf,inf,inf,inf,inf,inf,inf,inf,inf,inf,inf,inf,inf,inf,inf,inf,inf,inf,inf,inf,inf,inf,inf,3.828000068664551,3.828000068664551,3.828000068664551,3.828000068664551,3.828000068664551,3.75600004196167,3.747999906539917,3.740000009536743,3.7360000610351562,3.7360000610351562,3.74399995803833,3.747999906539917,3.752000093460083,2.884000062942505,2.884000062942505,2.8239998817443848,2.8239998817443848,2.8239998817443848,2.75600004196167,2.75600004196167,2.6519999504089355,2.6519999504089355,2.5959999561309814,2.5439999103546143,2.492000102996826,2.440000057220459,2.384000062942505,2.3359999656677246,2.2960000038146973,2.25600004196167,2.25600004196167,2.196000099182129,2.196000099182129,2.1480000019073486,2.1080000400543213,2.0840001106262207,2.053999900817871,2.0199999809265137,1.9900000095367432,1.965999960899353,1.940000057220459,1.940000057220459,1.9179999828338623,1.909999966621399,1.899999976158142,1.8860000371932983,1.8700000047683716,1.8519999980926514,1.8300000429153442,1.805999994277954,1.805999994277954,1.781999945640564,1.7580000162124634,1.7359999418258667,1.715999960899353,1.6979999542236328,1.6759999990463257,1.6540000438690186,1.5099999904632568,1.5099999904632568,1.5099999904632568,1.4980000257492065,1.4980000257492065,1.4839999675750732,1.4759999513626099,inf,inf,inf,inf,inf,1.4019999504089355,1.4019999504089355,1.4019999504089355,1.4019999504089355,1.4019999504089355,...,47.0,47.0,47.0,47.0,47.0,0.0,0.0,0.0,0.0,0.0,0.0,0.0,0.0,0.0,0.0,0.0,0.0,0.0,0.0,0.0,0.0,0.0,0.0,0.0,0.0,0.0,0.0,0.0,0.0,0.0,0.0,0.0,0.0,0.0,0.0,0.0,0.0,0.0,0.0,0.0,0.0,0.0,0.0,0.0,0.0,0.0,0.0,0.0,0.0,0.0,0.0,0.0,0.0,0.0,0.0,0.0,0.0,0.0,0.0,0.0,0.0,0.0,0.0,0.0,0.0,0.0,0.0,0.0,0.0,0.0,0.0,0.0,0.0,0.0,0.0,0.0,0.0,0.0,0.0,0.0,0.0,0.0,0.0,0.0,0.0,0.0,0.0,0.0,0.0,47.0,47.0,47.0,47.0,47.0,0.0,0.0,0.0,0.0,0.0,0.0,0.0,0.0,0.0,0.0,0.0,0.0,0.0,0.0,0.0,0.0,0.0,0.0,0.0,0.0,0.0,0.0,0.0,0.0,0.0,0.0,0.0,0.0,0.0,0.0,0.0,47.0,47.0,47.0,...
1763031472,22317964,laser,-3.1241390705108643,3.1415927410125732,0.0034828970674425364,5.3880110499449074e-05,0.09693031758069992,0.15000000596046448,16.0,13.576000213623047,13.576000213623047,13.576000213623047,13.663999557495117,13.760000228881836,13.760000228881836,13.760000228881836,inf,inf,12.784000396728516,12.784000396728516,12.784000396728516,12.784000396728516,12.784000396728516,12.776000022888184,12.784000396728516,12.784000396728516,12.767999649047852,12.767999649047852,12.776000022888184,12.767999649047852,12.767999649047852,12.767999649047852,12.784000396728516,12.784000396728516,12.776000022888184,10.496000289916992,10.496000289916992,10.496000289916992,10.496000289916992,10.496000289916992,inf,inf,inf,inf,inf,inf,inf,inf,inf,inf,inf,inf,inf,inf,inf,inf,inf,inf,inf,inf,inf,inf,inf,3.759999990463257,3.759999990463257,3.759999990463257,3.759999990463257,3.759999990463257,3.74399995803833,3.7360000610351562,3.7360000610351562,3.7360000610351562,3.747999906539917,3.752000093460083,3.752000093460083,2.8919999599456787,2.8919999599456787,2.8919999599456787,2.8239998817443848,2.8239998817443848,2.7639999389648438,2.7079999446868896,2.6519999504089355,2.6080000400543213,2.6080000400543213,2.552000045776367,2.48799991607666,2.440000057220459,2.3919999599456787,2.3480000495910645,2.299999952316284,2.2760000228881836,2.247999906539917,2.247999906539917,2.196000099182129,2.1519999504089355,2.119999885559082,2.0920000076293945,2.055999994277954,2.0320000648498535,2.0220000743865967,2.007999897003174,1.9880000352859497,1.9739999771118164,1.9739999771118164,1.9579999446868896,1.937999963760376,1.9119999408721924,1.8860000371932983,1.8619999885559082,1.8359999656677246,1.809999942779541,1.7879999876022339,1.7879999876022339,1.7640000581741333,1.7419999837875366,1.7239999771118164,1.7020000219345093,1.6820000410079956,1.6619999408721924,1.5119999647140503,1.503999948501587,1.503999948501587,1.503999948501587,1.4880000352859497,1.4880000352859497,1.4759999513626099,inf,inf,inf,1.4079999923706055,1.4079999923706055,1.4079999923706055,1.4079999923706055,1.4079999923706055,1.399999976158142,1.399999976158142,...,47.0,47.0,47.0,47.0,47.0,0.0,0.0,0.0,0.0,0.0,0.0,0.0,0.0,0.0,0.0,0.0,0.0,47.0,47.0,47.0,47.0,47.0,0.0,0.0,0.0,0.0,0.0,0.0,0.0,0.0,0.0,0.0,0.0,0.0,0.0,0.0,0.0,0.0,0.0,0.0,0.0,0.0,0.0,0.0,0.0,0.0,0.0,0.0,0.0,0.0,0.0,0.0,0.0,0.0,0.0,0.0,0.0,0.0,0.0,0.0,0.0,0.0,0.0,0.0,0.0,0.0,0.0,0.0,0.0,0.0,0.0,0.0,0.0,0.0,0.0,0.0,0.0,0.0,0.0,0.0,0.0,0.0,0.0,0.0,0.0,0.0,0.0,0.0,0.0,47.0,47.0,47.0,47.0,47.0,0.0,0.0,0.0,0.0,0.0,0.0,0.0,0.0,0.0,0.0,0.0,0.0,0.0,0.0,0.0,0.0,0.0,0.0,0.0,0.0,0.0,0.0,0.0,0.0,0.0,0.0,0.0,0.0,0.0,0.0,0.0,0.0,0.0,0.0,...
1763031472,120690327,laser,-3.1241390705108643,3.1415927410125732,0.0034828970674425364,5.3765463235322386e-05,0.09672407060861588,0.15000000596046448,16.0,13.663999557495117,13.567999839782715,13.567999839782715,13.663999557495117,13.751999855041504,13.751999855041504,13.751999855041504,13.751999855041504,12.800000190734863,12.800000190734863,12.800000190734863,12.800000190734863,12.776000022888184,12.776000022888184,12.776000022888184,12.776000022888184,12.767999649047852,12.767999649047852,12.767999649047852,12.776000022888184,12.767999649047852,12.767999649047852,12.776000022888184,12.776000022888184,12.776000022888184,12.776000022888184,inf,inf,inf,inf,inf,inf,inf,inf,inf,inf,inf,inf,inf,inf,inf,inf,inf,inf,inf,inf,inf,inf,inf,inf,inf,inf,inf,3.7639999389648438,3.7639999389648438,3.7639999389648438,3.7639999389648438,3.7639999389648438,3.740000009536743,3.740000009536743,3.7320001125335693,3.7360000610351562,3.7360000610351562,3.74399995803833,3.752000093460083,3.752000093460083,2.888000011444092,2.888000011444092,2.8239998817443848,2.8239998817443848,2.8239998817443848,2.7639999389648438,2.7119998931884766,2.6559998989105225,2.6080000400543213,2.6080000400543213,2.555999994277954,2.492000102996826,2.440000057220459,2.3919999599456787,2.3480000495910645,2.299999952316284,2.2760000228881836,2.247999906539917,2.247999906539917,2.200000047683716,2.1519999504089355,2.111999988555908,2.0840001106262207,2.058000087738037,2.0299999713897705,2.002000093460083,1.9739999771118164,1.9459999799728394,1.9199999570846558,1.9199999570846558,1.899999976158142,1.8919999599456787,1.8799999952316284,1.8600000143051147,1.8459999561309814,1.8320000171661377,1.809999942779541,1.784000039100647,1.784000039100647,1.7599999904632568,1.7380000352859497,1.718000054359436,1.7020000219345093,1.6820000410079956,1.6619999408721924,1.6380000114440918,1.5080000162124634,1.5080000162124634,1.5,1.4880000352859497,1.4880000352859497,1.4759999513626099,inf,inf,inf,inf,inf,1.4079999923706055,1.4079999923706055,1.4079999923706055,1.4079999923706055,1.4079999923706055,...,0.0,0.0,0.0,0.0,0.0,0.0,0.0,0.0,0.0,0.0,0.0,0.0,0.0,0.0,0.0,0.0,0.0,0.0,0.0,0.0,47.0,47.0,47.0,47.0,47.0,0.0,0.0,0.0,0.0,0.0,0.0,0.0,0.0,0.0,0.0,0.0,0.0,0.0,0.0,0.0,0.0,0.0,0.0,0.0,0.0,0.0,0.0,0.0,0.0,0.0,0.0,0.0,0.0,0.0,0.0,0.0,0.0,0.0,0.0,0.0,0.0,0.0,0.0,0.0,0.0,0.0,0.0,0.0,0.0,0.0,47.0,47.0,47.0,47.0,47.0,0.0,0.0,0.0,0.0,0.0,0.0,0.0,0.0,0.0,0.0,0.0,0.0,0.0,0.0,0.0,0.0,47.0,47.0,47.0,47.0,47.0,0.0,0.0,0.0,0.0,0.0,0.0,0.0,0.0,0.0,0.0,0.0,0.0,0.0,0.0,0.0,0.0,0.0,0.0,0.0,0.0,0.0,0.0,0.0,0.0,0.0,0.0,0.0,47.0,47.0,47.0,47.0,47.0,...
1763031472,218686600,laser,-3.1241390705108643,3.1415927410125732,0.0034828970674425364,5.737802348448895e-05,0.10322306305170059,0.15000000596046448,16.0,13.616000175476074,13.616000175476074,13.616000175476074,13.663999557495117,13.751999855041504,13.751999855041504,13.751999855041504,inf,inf,12.800000190734863,12.800000190734863,12.800000190734863,12.800000190734863,12.800000190734863,12.776000022888184,12.767999649047852,12.767999649047852,12.767999649047852,12.776000022888184,12.776000022888184,12.776000022888184,12.776000022888184,12.784000396728516,12.784000396728516,12.784000396728516,12.776000022888184,10.447999954223633,10.447999954223633,10.447999954223633,10.447999954223633,10.447999954223633,inf,inf,inf,inf,inf,inf,inf,inf,inf,inf,inf,inf,inf,inf,inf,inf,inf,inf,inf,inf,inf,inf,3.875999927520752,3.875999927520752,3.875999927520752,3.875999927520752,3.875999927520752,3.7880001068115234,3.740000009536743,3.740000009536743,3.740000009536743,3.74399995803833,3.74399995803833,3.74399995803833,3.747999906539917,2.931999921798706,2.931999921798706,2.871999979019165,2.871999979019165,2.871999979019165,2.799999952316284,2.7320001125335693,2.6679999828338623,2.611999988555908,2.555999994277954,2.555999994277954,2.5,2.4519999027252197,2.3959999084472656,2.359999895095825,2.328000068664551,2.2960000038146973,2.180000066757202,2.184000015258789,2.184000015258789,2.135999917984009,2.135999917984009,2.1040000915527344,2.068000078201294,2.0299999713897705,2.0,1.972000002861023,1.9459999799728394,1.909999966621399,1.8819999694824219,1.8700000047683716,1.8539999723434448,1.8539999723434448,1.8380000591278076,1.8339999914169312,1.8259999752044678,1.812000036239624,1.7920000553131104,1.7699999809265137,1.7699999809265137,1.74399995803833,1.722000002861023,1.7059999704360962,1.6820000410079956,1.6619999408721924,1.6440000534057617,1.5199999809265137,1.5199999809265137,1.50600004196167,1.4900000095367432,1.4800000190734863,1.4800000190734863,1.468000054359436,1.468000054359436,1.468000054359436,1.4320000410079956,1.4320000410079956,1.4320000410079956,1.4019999504089355,1.4019999504089355,1.4019999504089355,1.4019999504089355,...,47.0,47.0,47.0,47.0,47.0,0.0,0.0,0.0,0.0,0.0,0.0,0.0,0.0,0.0,0.0,0.0,0.0,47.0,47.0,47.0,47.0,47.0,0.0,0.0,0.0,0.0,0.0,0.0,0.0,0.0,0.0,0.0,0.0,0.0,0.0,0.0,0.0,0.0,0.0,0.0,0.0,0.0,0.0,0.0,0.0,0.0,0.0,0.0,0.0,0.0,0.0,0.0,0.0,0.0,0.0,0.0,0.0,0.0,0.0,0.0,0.0,0.0,0.0,0.0,0.0,0.0,0.0,0.0,0.0,0.0,0.0,47.0,47.0,47.0,47.0,47.0,0.0,0.0,0.0,0.0,0.0,0.0,0.0,0.0,0.0,0.0,0.0,0.0,0.0,47.0,47.0,47.0,47.0,47.0,0.0,0.0,0.0,0.0,0.0,0.0,0.0,0.0,0.0,0.0,0.0,0.0,0.0,0.0,0.0,0.0,0.0,0.0,0.0,0.0,0.0,0.0,0.0,0.0,0.0,0.0,0.0,0.0,0.0,0.0,0.0,47.0,47.0,47.0,...
1763031472,323443574,laser,-3.1241390705108643,3.1415927410125732,0.0034828970674425364,5.3758132708026096e-05,0.09671088308095932,0.15000000596046448,16.0,13.680000305175781,13.680000305175781,13.680000305175781,13.751999855041504,13.751999855041504,13.751999855041504,13.751999855041504,inf,inf,12.871999740600586,12.871999740600586,12.871999740600586,12.871999740600586,12.871999740600586,12.784000396728516,12.767999649047852,12.776000022888184,12.776000022888184,12.776000022888184,12.767999649047852,12.776000022888184,12.776000022888184,12.784000396728516,12.791999816894531,12.791999816894531,12.791999816894531,inf,inf,inf,inf,10.312000274658203,10.312000274658203,10.312000274658203,10.312000274658203,10.312000274658203,inf,inf,inf,inf,inf,inf,inf,inf,inf,inf,inf,inf,inf,inf,inf,3.8320000171661377,3.8320000171661377,3.8320000171661377,3.8320000171661377,3.8320000171661377,3.7639999389648438,3.7639999389648438,3.7639999389648438,3.7639999389648438,3.740000009536743,3.7320001125335693,3.7360000610351562,3.74399995803833,3.752000093460083,3.752000093460083,3.752000093460083,2.8959999084472656,2.8959999084472656,2.8959999084472656,2.8440001010894775,2.8440001010894775,2.7079999446868896,2.6559998989105225,2.6559998989105225,2.611999988555908,2.559999942779541,2.559999942779541,2.496000051498413,2.440000057220459,2.380000114440918,2.3399999141693115,2.308000087738037,2.2839999198913574,2.247999906539917,2.196000099182129,2.1640000343322754,2.131999969482422,2.131999969482422,2.0959999561309814,2.055999994277954,2.0280001163482666,1.99399995803833,1.9620000123977661,1.9359999895095825,1.9040000438690186,1.878000020980835,1.8660000562667847,1.8660000562667847,1.843999981880188,1.815999984741211,1.8140000104904175,1.8140000104904175,1.8040000200271606,1.7860000133514404,1.7640000581741333,1.7640000581741333,1.7419999837875366,1.718000054359436,1.7020000219345093,1.684000015258789,1.659999966621399,1.6360000371932983,1.5140000581741333,1.5140000581741333,1.503999948501587,1.4880000352859497,1.4800000190734863,1.4800000190734863,inf,inf,inf,inf,inf,inf,1.4019999504089355,1.4019999504089355,1.4019999504089355,1.4019999504089355,...,47.0,47.0,47.0,47.0,47.0,0.0,0.0,0.0,0.0,0.0,0.0,0.0,0.0,0.0,0.0,0.0,0.0,0.0,0.0,0.0,0.0,0.0,0.0,0.0,0.0,0.0,0.0,0.0,0.0,0.0,0.0,0.0,0.0,0.0,0.0,0.0,0.0,0.0,0.0,0.0,0.0,0.0,0.0,0.0,0.0,0.0,0.0,0.0,0.0,0.0,0.0,0.0,0.0,0.0,0.0,0.0,0.0,0.0,0.0,0.0,0.0,0.0,0.0,0.0,0.0,0.0,0.0,0.0,0.0,0.0,0.0,0.0,0.0,0.0,0.0,0.0,0.0,0.0,0.0,0.0,0.0,0.0,0.0,0.0,0.0,0.0,0.0,0.0,0.0,0.0,0.0,0.0,0.0,0.0,0.0,0.0,0.0,0.0,0.0,0.0,0.0,0.0,0.0,0.0,0.0,0.0,0.0,0.0,0.0,0.0,0.0,0.0,0.0,0.0,0.0,0.0,0.0,0.0,0.0,0.0,0.0,0.0,0.0,0.0,0.0,0.0,0.0,0.0,...
1763031472,421418673,laser,-3.1241390705108643,3.1415927410125732,0.0034828970674425364,5.3920502978144214e-05,0.09700298309326172,0.15000000596046448,16.0,13.760000228881836,13.567999839782715,13.67199993133545,13.67199993133545,13.760000228881836,13.760000228881836,13.760000228881836,13.760000228881836,12.807999610900879,12.807999610900879,12.807999610900879,12.807999610900879,12.776000022888184,12.776000022888184,12.776000022888184,12.767999649047852,12.776000022888184,12.776000022888184,12.776000022888184,12.767999649047852,12.767999649047852,12.776000022888184,12.784000396728516,12.784000396728516,12.767999649047852,12.767999649047852,inf,10.503999710083008,10.503999710083008,10.503999710083008,10.503999710083008,10.503999710083008,inf,inf,inf,inf,inf,inf,inf,inf,inf,inf,inf,inf,inf,inf,inf,inf,inf,inf,inf,inf,3.828000068664551,3.828000068664551,3.828000068664551,3.828000068664551,3.828000068664551,3.759999990463257,3.759999990463257,3.740000009536743,3.7360000610351562,3.7360000610351562,3.74399995803833,3.74399995803833,3.747999906539917,3.752000093460083,2.9000000953674316,2.9000000953674316,2.9000000953674316,2.9000000953674316,2.8320000171661377,2.7679998874664307,2.7079999446868896,2.6559998989105225,2.6080000400543213,2.555999994277954,2.555999994277954,2.496000051498413,2.444000005722046,2.384000062942505,2.3399999141693115,2.308000087738037,2.2839999198913574,2.247999906539917,2.200000047683716,2.1640000343322754,2.119999885559082,2.119999885559082,2.0840001106262207,2.055999994277954,2.0239999294281006,2.0,1.9780000448226929,1.9559999704360962,1.940000057220459,1.9299999475479126,1.9299999475479126,1.9199999570846558,1.906000018119812,1.8819999694824219,1.8619999885559082,1.840000033378601,1.8140000104904175,1.7920000553131104,1.7680000066757202,1.7680000066757202,1.7239999771118164,1.7239999771118164,1.7020000219345093,1.684000015258789,1.6619999408721924,1.6380000114440918,1.5140000581741333,1.503999948501587,1.503999948501587,1.4900000095367432,1.4800000190734863,1.4759999513626099,1.4759999513626099,1.4739999771118164,inf,inf,1.4119999408721924,1.4119999408721924,1.4119999408721924,1.4119999408721924,1.4119999408721924,1.399999976158142,...,0.0,0.0,0.0,0.0,0.0,0.0,0.0,0.0,0.0,0.0,0.0,0.0,0.0,0.0,0.0,0.0,0.0,0.0,0.0,0.0,47.0,47.0,47.0,47.0,47.0,0.0,0.0,0.0,0.0,0.0,0.0,0.0,0.0,0.0,0.0,0.0,0.0,0.0,0.0,0.0,0.0,0.0,0.0,0.0,0.0,0.0,0.0,0.0,0.0,0.0,0.0,0.0,0.0,0.0,0.0,0.0,0.0,0.0,0.0,0.0,0.0,0.0,0.0,0.0,0.0,0.0,0.0,0.0,0.0,0.0,0.0,0.0,0.0,0.0,0.0,0.0,0.0,0.0,0.0,0.0,0.0,0.0,0.0,0.0,0.0,0.0,0.0,0.0,0.0,0.0,0.0,47.0,47.0,47.0,47.0,47.0,0.0,0.0,0.0,0.0,0.0,0.0,0.0,0.0,0.0,0.0,0.0,0.0,0.0,0.0,0.0,0.0,0.0,0.0,0.0,0.0,0.0,0.0,0.0,0.0,0.0,0.0,0.0,47.0,47.0,47.0,47.0,47.0,...
1763031472,520000719,laser,-3.1241390705108643,3.1415927410125732,0.0034828970674425364,5.368614074541256e-05,0.096581369638443,0.15000000596046448,16.0,13.576000213623047,13.576000213623047,13.576000213623047,13.663999557495117,13.760000228881836,13.760000228881836,inf,inf,12.791999816894531,12.791999816894531,12.791999816894531,12.791999816894531,12.791999816894531,12.776000022888184,12.776000022888184,12.767999649047852,12.767999649047852,12.776000022888184,12.776000022888184,12.776000022888184,12.784000396728516,12.791999816894531,12.791999816894531,12.784000396728516,12.784000396728516,12.767999649047852,inf,inf,inf,10.496000289916992,10.496000289916992,10.496000289916992,10.496000289916992,10.496000289916992,inf,inf,inf,inf,inf,inf,inf,inf,inf,inf,inf,inf,inf,inf,inf,inf,inf,inf,3.759999990463257,3.759999990463257,3.759999990463257,3.759999990463257,3.759999990463257,3.7360000610351562,3.7360000610351562,3.7360000610351562,3.7320001125335693,3.7360000610351562,3.7360000610351562,3.74399995803833,3.747999906539917,3.747999906539917,2.8959999084472656,2.8959999084472656,2.8959999084472656,2.8959999084472656,2.8359999656677246,2.7720000743865967,2.7160000801086426,2.6640000343322754,2.6080000400543213,2.6080000400543213,2.552000045776367,2.492000102996826,2.4519999027252197,2.4040000438690186,2.359999895095825,2.315999984741211,2.2839999198913574,2.184000015258789,2.184000015258789,2.1640000343322754,2.131999969482422,2.131999969482422,2.1080000400543213,2.0799999237060547,2.055999994277954,2.0439999103546143,2.0299999713897705,2.0139999389648438,1.9980000257492065,1.972000002861023,1.972000002861023,1.9459999799728394,1.9240000247955322,1.899999976158142,1.871999979019165,1.8420000076293945,1.815999984741211,1.7920000553131104,1.7699999809265137,1.7480000257492065,1.7280000448226929,1.7059999704360962,1.7059999704360962,1.684000015258789,1.6619999408721924,1.6440000534057617,1.5180000066757202,1.50600004196167,1.50600004196167,1.496000051498413,1.4839999675750732,inf,inf,inf,inf,1.4140000343322754,1.4140000343322754,1.4140000343322754,1.4140000343322754,1.4140000343322754,1.4019999504089355,1.4019999504089355,...,0.0,47.0,47.0,47.0,47.0,47.0,0.0,0.0,0.0,0.0,0.0,0.0,0.0,0.0,0.0,0.0,0.0,0.0,47.0,47.0,47.0,47.0,47.0,0.0,0.0,0.0,0.0,0.0,0.0,0.0,0.0,0.0,0.0,0.0,0.0,0.0,0.0,0.0,0.0,0.0,0.0,0.0,0.0,0.0,0.0,0.0,0.0,0.0,0.0,0.0,0.0,0.0,0.0,0.0,0.0,0.0,0.0,0.0,0.0,0.0,0.0,0.0,0.0,0.0,0.0,0.0,0.0,0.0,47.0,47.0,47.0,47.0,47.0,0.0,0.0,0.0,0.0,0.0,0.0,0.0,0.0,0.0,0.0,0.0,0.0,0.0,0.0,0.0,0.0,0.0,0.0,0.0,0.0,0.0,0.0,0.0,0.0,0.0,0.0,0.0,0.0,0.0,0.0,0.0,0.0,0.0,0.0,0.0,0.0,0.0,0.0,0.0,0.0,0.0,0.0,0.0,0.0,0.0,0.0,0.0,0.0,0.0,0.0,0.0,0.0,0.0,0.0,0.0,...
1763031472,618031278,laser,-3.1241390705108643,3.1415927410125732,0.0034828970674425364,5.726804010919295e-05,0.10302520543336868,0.15000000596046448,16.0,13.576000213623047,13.576000213623047,13.576000213623047,13.656000137329102,13.744000434875488,13.744000434875488,inf,inf,12.791999816894531,12.791999816894531,12.791999816894531,12.791999816894531,12.791999816894531,12.784000396728516,12.784000396728516,12.784000396728516,12.776000022888184,12.776000022888184,12.776000022888184,12.784000396728516,12.784000396728516,12.784000396728516,12.784000396728516,12.784000396728516,12.784000396728516,12.767999649047852,inf,inf,inf,10.503999710083008,10.503999710083008,10.503999710083008,10.503999710083008,10.503999710083008,inf,inf,inf,inf,inf,inf,inf,inf,inf,inf,inf,inf,inf,inf,inf,inf,inf,inf,3.7880001068115234,3.7880001068115234,3.7880001068115234,3.7880001068115234,3.7880001068115234,3.740000009536743,3.740000009536743,3.740000009536743,3.7360000610351562,3.7360000610351562,3.740000009536743,3.74399995803833,3.747999906539917,3.747999906539917,3.747999906539917,2.875999927520752,2.875999927520752,2.875999927520752,2.875999927520752,2.812000036239624,2.74399995803833,2.6760001182556152,2.628000020980835,2.5840001106262207,2.5280001163482666,2.4760000705718994,2.359999895095825,2.359999895095825,2.3359999656677246,2.3359999656677246,2.2920000553131104,2.240000009536743,2.2200000286102295,2.191999912261963,2.1519999504089355,2.119999885559082,2.0759999752044678,2.0480000972747803,2.0199999809265137,2.0,2.0,1.9819999933242798,1.9600000381469727,1.944000005722046,1.9299999475479126,1.9160000085830688,1.8980000019073486,1.8739999532699585,1.8480000495910645,1.8279999494552612,1.8279999494552612,1.8079999685287476,1.781999945640564,1.7580000162124634,1.7359999418258667,1.718000054359436,1.7000000476837158,1.6779999732971191,1.6579999923706055,1.6579999923706055,1.5140000581741333,1.5,1.5,1.5,1.4880000352859497,1.4739999771118164,inf,inf,inf,inf,1.4079999923706055,1.4079999923706055,1.4079999923706055,1.4079999923706055,1.4079999923706055,1.399999976158142,...,0.0,47.0,47.0,47.0,47.0,47.0,0.0,0.0,0.0,0.0,0.0,0.0,0.0,0.0,0.0,0.0,0.0,0.0,47.0,47.0,47.0,47.0,47.0,0.0,0.0,0.0,0.0,0.0,0.0,0.0,0.0,0.0,0.0,0.0,0.0,0.0,0.0,0.0,0.0,0.0,0.0,0.0,0.0,0.0,0.0,0.0,0.0,0.0,0.0,0.0,0.0,0.0,0.0,0.0,0.0,0.0,0.0,0.0,0.0,0.0,0.0,0.0,0.0,0.0,0.0,0.0,0.0,0.0,0.0,0.0,0.0,0.0,0.0,0.0,0.0,0.0,0.0,0.0,0.0,0.0,0.0,0.0,0.0,0.0,0.0,0.0,0.0,0.0,0.0,0.0,0.0,0.0,0.0,0.0,0.0,0.0,0.0,0.0,0.0,0.0,0.0,0.0,0.0,0.0,0.0,0.0,0.0,0.0,0.0,0.0,0.0,0.0,0.0,0.0,0.0,0.0,0.0,0.0,0.0,0.0,0.0,0.0,0.0,0.0,0.0,0.0,0.0,0.0,...
1763031472,722660883,laser,-3.1241390705108643,3.1415927410125732,0.0034828970674425364,5.3713352826889604e-05,0.09663031995296478,0.15000000596046448,16.0,13.64799976348877,13.64799976348877,13.64799976348877,13.64799976348877,13.751999855041504,13.751999855041504,13.751999855041504,inf,inf,12.807999610900879,12.807999610900879,12.807999610900879,12.807999610900879,12.807999610900879,12.776000022888184,12.767999649047852,12.776000022888184,12.784000396728516,12.784000396728516,12.784000396728516,12.784000396728516,12.784000396728516,12.784000396728516,12.784000396728516,12.784000396728516,12.784000396728516,inf,inf,inf,10.368000030517578,10.368000030517578,10.368000030517578,10.368000030517578,10.368000030517578,inf,inf,inf,inf,inf,inf,inf,inf,inf,inf,inf,inf,inf,inf,inf,inf,inf,inf,3.875999927520752,3.875999927520752,3.875999927520752,3.875999927520752,3.875999927520752,3.803999900817871,3.75600004196167,3.740000009536743,3.740000009536743,3.740000009536743,3.740000009536743,3.74399995803833,3.747999906539917,3.752000093460083,2.875999927520752,2.875999927520752,2.875999927520752,2.875999927520752,2.8239998817443848,2.696000099182129,2.696000099182129,2.6480000019073486,2.5999999046325684,2.5999999046325684,2.555999994277954,2.496000051498413,2.436000108718872,2.375999927520752,2.3359999656677246,2.303999900817871,2.2839999198913574,2.252000093460083,2.191999912261963,2.1559998989105225,2.140000104904175,2.140000104904175,2.1080000400543213,2.055999994277954,2.0199999809265137,1.9900000095367432,1.9639999866485596,1.9420000314712524,1.9160000085830688,1.8839999437332153,1.8580000400543213,1.8320000171661377,1.8020000457763672,1.8020000457763672,1.7879999876022339,1.7860000133514404,1.784000039100647,1.7760000228881836,1.7580000162124634,1.7419999837875366,1.7280000448226929,1.7059999704360962,1.7059999704360962,1.6859999895095825,1.6660000085830688,1.6480000019073486,1.5080000162124634,1.4919999837875366,1.4919999837875366,1.4919999837875366,1.4800000190734863,inf,inf,inf,inf,1.399999976158142,1.399999976158142,1.399999976158142,1.399999976158142,1.399999976158142,1.3880000114440918,1.3880000114440918,...,47.0,47.0,47.0,47.0,47.0,0.0,0.0,0.0,0.0,0.0,0.0,0.0,0.0,0.0,0.0,0.0,0.0,0.0,0.0,0.0,0.0,0.0,0.0,0.0,0.0,0.0,0.0,0.0,0.0,0.0,0.0,0.0,0.0,0.0,0.0,0.0,0.0,0.0,0.0,0.0,0.0,0.0,0.0,0.0,0.0,0.0,0.0,0.0,0.0,0.0,0.0,0.0,0.0,0.0,0.0,0.0,0.0,0.0,0.0,0.0,0.0,0.0,0.0,0.0,0.0,0.0,0.0,0.0,0.0,0.0,0.0,0.0,0.0,0.0,0.0,0.0,0.0,0.0,0.0,0.0,0.0,0.0,0.0,0.0,0.0,0.0,0.0,0.0,0.0,0.0,0.0,0.0,0.0,0.0,0.0,0.0,0.0,0.0,0.0,0.0,0.0,0.0,0.0,0.0,0.0,0.0,0.0,0.0,0.0,0.0,0.0,0.0,0.0,0.0,0.0,0.0,0.0,0.0,0.0,0.0,0.0,0.0,0.0,0.0,0.0,0.0,0.0,0.0,...
1763031472,820708675,laser,-3.1241390705108643,3.1415927410125732,0.0034828970674425364,5.3803752962267026e-05,0.09679295122623444,0.15000000596046448,16.0,13.583999633789062,13.583999633789062,13.67199993133545,13.67199993133545,13.760000228881836,13.760000228881836,13.760000228881836,inf,inf,12.815999984741211,12.815999984741211,12.815999984741211,12.815999984741211,12.815999984741211,12.784000396728516,12.776000022888184,12.776000022888184,12.776000022888184,12.767999649047852,12.767999649047852,12.776000022888184,12.784000396728516,12.784000396728516,12.784000396728516,12.791999816894531,inf,inf,inf,inf,10.312000274658203,10.312000274658203,10.312000274658203,10.312000274658203,10.312000274658203,inf,inf,inf,inf,inf,inf,inf,inf,inf,inf,inf,inf,inf,inf,inf,inf,inf,3.803999900817871,3.803999900817871,3.803999900817871,3.803999900817871,3.803999900817871,3.75600004196167,3.75600004196167,3.75600004196167,3.740000009536743,3.740000009536743,3.740000009536743,3.740000009536743,3.740000009536743,3.747999906539917,3.752000093460083,2.880000114440918,2.880000114440918,2.880000114440918,2.8239998817443848,2.8239998817443848,2.7720000743865967,2.7119998931884766,2.6480000019073486,2.5999999046325684,2.5999999046325684,2.555999994277954,2.5,2.440000057220459,2.3959999084472656,2.3559999465942383,2.303999900817871,2.2839999198913574,2.187999963760376,2.187999963760376,2.1679999828338623,2.124000072479248,2.0999999046325684,2.0999999046325684,2.068000078201294,2.0320000648498535,2.00600004196167,1.9800000190734863,1.9500000476837158,1.9160000085830688,1.8980000019073486,1.8940000534057617,1.8860000371932983,1.8760000467300415,1.8660000562667847,1.8660000562667847,1.843999981880188,1.8240000009536743,1.7999999523162842,1.777999997138977,1.75600004196167,1.7319999933242798,1.7120000123977661,1.694000005722046,1.6699999570846558,1.6699999570846558,1.6480000019073486,1.5299999713897705,1.5080000162124634,1.5080000162124634,1.5019999742507935,1.4880000352859497,1.4759999513626099,inf,inf,inf,inf,inf,1.4079999923706055,1.4079999923706055,1.4079999923706055,1.4079999923706055,1.4079999923706055,...,47.0,47.0,47.0,47.0,47.0,0.0,0.0,0.0,0.0,0.0,0.0,0.0,0.0,0.0,0.0,0.0,0.0,0.0,0.0,0.0,0.0,0.0,0.0,0.0,0.0,0.0,0.0,0.0,0.0,0.0,0.0,0.0,0.0,0.0,0.0,0.0,0.0,0.0,0.0,0.0,0.0,0.0,0.0,0.0,0.0,0.0,0.0,0.0,0.0,0.0,0.0,0.0,0.0,0.0,0.0,0.0,0.0,0.0,0.0,0.0,0.0,0.0,0.0,0.0,0.0,0.0,0.0,0.0,0.0,0.0,0.0,0.0,0.0,0.0,0.0,0.0,0.0,0.0,0.0,0.0,0.0,0.0,0.0,0.0,0.0,0.0,0.0,0.0,0.0,0.0,0.0,47.0,47.0,47.0,47.0,47.0,0.0,0.0,0.0,0.0,0.0,0.0,0.0,0.0,0.0,0.0,0.0,0.0,0.0,0.0,0.0,0.0,0.0,0.0,0.0,0.0,0.0,0.0,0.0,0.0,0.0,0.0,0.0,0.0,0.0,0.0,0.0,0.0,...
1763031472,919125253,laser,-3.1241390705108643,3.1415927410125732,0.0034828970674425364,5.710161349270493e-05,0.1027258038520813,0.15000000596046448,16.0,13.592000007629395,13.592000007629395,13.592000007629395,13.680000305175781,13.767999649047852,13.767999649047852,inf,inf,12.807999610900879,12.807999610900879,12.807999610900879,12.807999610900879,12.807999610900879,12.784000396728516,12.784000396728516,12.767999649047852,12.776000022888184,12.776000022888184,12.776000022888184,12.776000022888184,12.784000396728516,12.800000190734863,12.791999816894531,12.791999816894531,12.791999816894531,12.791999816894531,inf,inf,10.319999694824219,10.319999694824219,10.319999694824219,10.319999694824219,10.319999694824219,inf,inf,inf,inf,inf,inf,inf,inf,inf,inf,inf,inf,inf,inf,inf,inf,inf,inf,inf,inf,3.803999900817871,3.803999900817871,3.803999900817871,3.803999900817871,3.803999900817871,3.75600004196167,3.74399995803833,3.74399995803833,3.740000009536743,3.7360000610351562,3.740000009536743,3.74399995803833,3.747999906539917,2.880000114440918,2.880000114440918,2.8239998817443848,2.8239998817443848,2.8239998817443848,2.8239998817443848,2.7679998874664307,2.6480000019073486,2.6480000019073486,2.5999999046325684,2.552000045776367,2.496000051498413,2.440000057220459,2.3959999084472656,2.3559999465942383,2.308000087738037,2.2839999198913574,2.200000047683716,2.1679999828338623,2.1679999828338623,2.1679999828338623,2.124000072479248,2.0959999561309814,2.062000036239624,2.0339999198913574,2.0160000324249268,2.003999948501587,1.9980000257492065,1.9859999418258667,1.9639999866485596,1.9639999866485596,1.944000005722046,1.9220000505447388,1.899999976158142,1.871999979019165,1.8459999561309814,1.8200000524520874,1.7960000038146973,1.7760000228881836,1.753999948501587,1.7319999933242798,1.7079999446868896,1.7079999446868896,1.690000057220459,1.6699999570846558,1.6480000019073486,1.5199999809265137,1.5199999809265137,1.5080000162124634,1.5,1.4880000352859497,1.4759999513626099,1.4739999771118164,1.4739999771118164,1.4739999771118164,inf,1.406000018119812,1.406000018119812,1.406000018119812,1.406000018119812,1.406000018119812,1.3899999856948853,...,0.0,47.0,47.0,47.0,47.0,47.0,0.0,0.0,0.0,0.0,0.0,0.0,0.0,0.0,0.0,0.0,0.0,0.0,0.0,0.0,0.0,0.0,0.0,0.0,0.0,0.0,0.0,0.0,0.0,0.0,0.0,0.0,0.0,0.0,0.0,0.0,0.0,0.0,0.0,0.0,0.0,0.0,0.0,0.0,0.0,0.0,0.0,0.0,0.0,0.0,0.0,0.0,0.0,0.0,0.0,0.0,0.0,0.0,0.0,0.0,0.0,0.0,0.0,0.0,0.0,0.0,0.0,0.0,0.0,0.0,0.0,0.0,0.0,0.0,0.0,0.0,0.0,0.0,0.0,0.0,0.0,0.0,0.0,0.0,0.0,0.0,0.0,0.0,0.0,0.0,0.0,0.0,0.0,0.0,0.0,0.0,0.0,0.0,0.0,0.0,0.0,0.0,0.0,0.0,0.0,47.0,47.0,47.0,47.0,47.0,0.0,0.0,0.0,0.0,0.0,0.0,0.0,0.0,0.0,0.0,0.0,0.0,0.0,47.0,47.0,47.0,47.0,47.0,...
1763031473,23521473,laser,-3.1241390705108643,3.1415927410125732,0.0034828970674425364,5.371672523324378e-05,0.09663638472557068,0.15000000596046448,16.0,13.640000343322754,13.640000343322754,13.600000381469727,13.680000305175781,13.760000228881836,13.760000228881836,13.760000228881836,13.760000228881836,13.760000228881836,12.800000190734863,12.800000190734863,12.800000190734863,12.784000396728516,12.784000396728516,12.784000396728516,12.776000022888184,12.776000022888184,12.776000022888184,12.784000396728516,12.767999649047852,12.760000228881836,12.776000022888184,12.776000022888184,12.784000396728516,12.784000396728516,12.791999816894531,inf,inf,inf,inf,inf,inf,inf,inf,inf,inf,inf,inf,inf,inf,inf,inf,inf,inf,inf,inf,inf,inf,inf,inf,inf,inf,inf,inf,3.759999990463257,3.759999990463257,3.759999990463257,3.759999990463257,3.759999990463257,3.74399995803833,3.7360000610351562,3.7360000610351562,3.7360000610351562,3.74399995803833,3.747999906539917,3.747999906539917,2.888000011444092,2.888000011444092,2.888000011444092,2.828000068664551,2.828000068664551,2.7720000743865967,2.7160000801086426,2.6519999504089355,2.5999999046325684,2.555999994277954,2.555999994277954,2.5,2.4519999027252197,2.4079999923706055,2.359999895095825,2.315999984741211,2.2880001068115234,2.184000015258789,2.184000015258789,2.184000015258789,2.140000104904175,2.0999999046325684,2.0799999237060547,2.0799999237060547,2.0179998874664307,2.0179998874664307,2.0,1.9800000190734863,1.9620000123977661,1.9479999542236328,1.9359999895095825,1.9160000085830688,1.8960000276565552,1.8739999532699585,1.850000023841858,1.850000023841858,1.8300000429153442,1.8040000200271606,1.777999997138977,1.75600004196167,1.7319999933242798,1.7100000381469727,1.694000005722046,1.6759999990463257,1.656000018119812,1.5099999904632568,1.5099999904632568,1.5099999904632568,1.5,1.4859999418258667,1.4859999418258667,1.4759999513626099,inf,inf,inf,inf,inf,1.4140000343322754,1.4140000343322754,1.4140000343322754,1.4140000343322754,1.4140000343322754,...,0.0,0.0,0.0,0.0,0.0,0.0,0.0,0.0,0.0,0.0,0.0,0.0,0.0,0.0,0.0,0.0,0.0,0.0,0.0,47.0,47.0,47.0,47.0,47.0,0.0,0.0,0.0,0.0,0.0,0.0,0.0,0.0,0.0,0.0,0.0,0.0,0.0,0.0,0.0,0.0,0.0,0.0,0.0,0.0,0.0,0.0,0.0,0.0,0.0,0.0,0.0,0.0,0.0,0.0,0.0,0.0,0.0,0.0,0.0,0.0,0.0,0.0,0.0,0.0,0.0,0.0,0.0,0.0,0.0,0.0,0.0,0.0,0.0,0.0,0.0,0.0,0.0,0.0,0.0,0.0,0.0,0.0,0.0,0.0,0.0,0.0,0.0,0.0,0.0,0.0,0.0,0.0,0.0,0.0,0.0,0.0,0.0,0.0,0.0,0.0,0.0,0.0,0.0,0.0,0.0,0.0,0.0,0.0,0.0,0.0,0.0,0.0,0.0,0.0,0.0,0.0,0.0,0.0,0.0,0.0,0.0,0.0,0.0,0.0,0.0,0.0,0.0,0.0,...
1763031473,121223721,laser,-3.1241390705108643,3.1415927410125732,0.0034828970674425364,5.742449138779193e-05,0.10330665856599808,0.15000000596046448,16.0,13.600000381469727,13.600000381469727,13.600000381469727,13.67199993133545,13.751999855041504,13.751999855041504,inf,inf,12.807999610900879,12.807999610900879,12.807999610900879,12.807999610900879,12.807999610900879,12.784000396728516,12.784000396728516,12.776000022888184,12.776000022888184,12.784000396728516,12.784000396728516,12.776000022888184,12.776000022888184,12.791999816894531,12.791999816894531,12.776000022888184,12.791999816894531,inf,inf,inf,10.383999824523926,10.383999824523926,10.383999824523926,10.383999824523926,10.383999824523926,inf,inf,inf,inf,inf,inf,inf,inf,inf,inf,inf,inf,inf,inf,inf,inf,inf,4.01200008392334,4.01200008392334,4.01200008392334,4.01200008392334,4.01200008392334,3.740000009536743,3.740000009536743,3.740000009536743,3.740000009536743,3.740000009536743,3.740000009536743,3.740000009536743,3.74399995803833,3.74399995803833,3.747999906539917,3.747999906539917,2.947999954223633,2.947999954223633,2.884000062942505,2.884000062942505,2.812000036239624,2.812000036239624,2.747999906539917,2.696000099182129,2.6480000019073486,2.5920000076293945,2.5360000133514404,2.48799991607666,2.440000057220459,2.380000114440918,2.3359999656677246,2.2960000038146973,2.2679998874664307,2.24399995803833,2.24399995803833,2.2039999961853027,2.1600000858306885,2.119999885559082,2.0959999561309814,2.062000036239624,2.0239999294281006,1.9919999837875366,1.968000054359436,1.944000005722046,1.9079999923706055,1.8799999952316284,1.8660000562667847,1.8480000495910645,1.8480000495910645,1.8300000429153442,1.8220000267028809,1.8140000104904175,1.805999994277954,1.7899999618530273,1.7680000066757202,1.7480000257492065,1.7280000448226929,1.7059999704360962,1.6859999895095825,1.6859999895095825,1.6699999570846558,1.6480000019073486,1.6160000562667847,1.5099999904632568,1.496000051498413,1.496000051498413,1.4800000190734863,1.4759999513626099,inf,inf,inf,inf,1.4019999504089355,1.4019999504089355,1.4019999504089355,1.4019999504089355,1.4019999504089355,1.3919999599456787,...,0.0,47.0,47.0,47.0,47.0,47.0,0.0,0.0,0.0,0.0,0.0,0.0,0.0,0.0,0.0,0.0,0.0,0.0,0.0,0.0,0.0,0.0,0.0,0.0,0.0,0.0,0.0,0.0,0.0,0.0,0.0,0.0,0.0,0.0,0.0,0.0,0.0,0.0,0.0,0.0,0.0,0.0,0.0,0.0,0.0,0.0,0.0,0.0,0.0,0.0,0.0,0.0,0.0,0.0,0.0,0.0,0.0,0.0,0.0,0.0,0.0,0.0,0.0,0.0,0.0,0.0,0.0,0.0,0.0,0.0,0.0,0.0,0.0,0.0,0.0,0.0,0.0,0.0,0.0,0.0,0.0,0.0,0.0,0.0,0.0,0.0,0.0,0.0,0.0,0.0,0.0,0.0,0.0,0.0,0.0,0.0,0.0,0.0,0.0,0.0,0.0,0.0,0.0,0.0,0.0,0.0,0.0,0.0,0.0,0.0,0.0,0.0,0.0,0.0,0.0,0.0,0.0,0.0,0.0,0.0,0.0,0.0,0.0,0.0,0.0,0.0,0.0,0.0,...
1763031473,225970840,laser,-3.1241390705108643,3.1415927410125732,0.0034828970674425364,5.380901347962208e-05,0.09680241346359253,0.15000000596046448,16.0,13.631999969482422,13.631999969482422,13.687999725341797,13.744000434875488,13.744000434875488,13.744000434875488,inf,12.887999534606934,12.887999534606934,12.887999534606934,12.887999534606934,12.887999534606934,12.791999816894531,12.791999816894531,12.791999816894531,12.784000396728516,12.776000022888184,12.784000396728516,12.784000396728516,12.791999816894531,12.791999816894531,12.776000022888184,12.776000022888184,12.776000022888184,12.800000190734863,12.791999816894531,inf,inf,10.456000328063965,10.456000328063965,10.456000328063965,10.456000328063965,10.456000328063965,inf,inf,inf,inf,inf,inf,inf,inf,inf,inf,inf,inf,inf,inf,inf,inf,inf,inf,3.7960000038146973,3.7960000038146973,3.7960000038146973,3.7960000038146973,3.7960000038146973,3.74399995803833,3.74399995803833,3.74399995803833,3.74399995803833,3.74399995803833,3.740000009536743,3.74399995803833,3.74399995803833,3.747999906539917,3.752000093460083,2.880000114440918,2.880000114440918,2.880000114440918,2.815999984741211,2.815999984741211,2.747999906539917,2.747999906539917,2.6480000019073486,2.6480000019073486,2.5999999046325684,2.5480000972747803,2.492000102996826,2.440000057220459,2.380000114440918,2.3399999141693115,2.299999952316284,2.2720000743865967,2.240000009536743,2.200000047683716,2.1600000858306885,2.119999885559082,2.119999885559082,2.0959999561309814,2.059999942779541,2.0260000228881836,1.99399995803833,1.968000054359436,1.944000005722046,1.9119999408721924,1.8839999437332153,1.8660000562667847,1.850000023841858,1.8339999914169312,1.8279999494552612,1.8279999494552612,1.8200000524520874,1.809999942779541,1.7899999618530273,1.7719999551773071,1.7519999742507935,1.7280000448226929,1.7100000381469727,1.694000005722046,1.6720000505447388,1.6480000019073486,1.6480000019073486,1.5080000162124634,1.5080000162124634,1.496000051498413,1.496000051498413,1.4819999933242798,1.4759999513626099,inf,inf,inf,inf,inf,1.406000018119812,1.406000018119812,1.406000018119812,1.406000018119812,1.406000018119812,...,0.0,0.0,0.0,0.0,0.0,0.0,0.0,0.0,0.0,0.0,0.0,0.0,0.0,0.0,0.0,0.0,0.0,0.0,0.0,0.0,0.0,0.0,0.0,0.0,0.0,0.0,0.0,0.0,0.0,0.0,0.0,0.0,0.0,0.0,0.0,0.0,0.0,0.0,0.0,0.0,0.0,0.0,0.0,0.0,0.0,0.0,0.0,0.0,0.0,0.0,0.0,0.0,0.0,0.0,0.0,0.0,0.0,0.0,0.0,0.0,0.0,0.0,0.0,0.0,0.0,0.0,0.0,0.0,0.0,0.0,0.0,0.0,0.0,0.0,0.0,0.0,0.0,0.0,0.0,0.0,0.0,0.0,0.0,0.0,0.0,0.0,0.0,0.0,0.0,0.0,0.0,0.0,0.0,0.0,0.0,0.0,0.0,0.0,0.0,0.0,0.0,0.0,0.0,0.0,0.0,0.0,0.0,0.0,0.0,0.0,0.0,0.0,0.0,0.0,0.0,0.0,0.0,0.0,0.0,0.0,0.0,0.0,0.0,47.0,47.0,47.0,47.0,47.0,...
1763031473,324425470,laser,-3.1241390705108643,3.1415927410125732,0.0034828970674425364,5.713790233130567e-05,0.10279108583927155,0.15000000596046448,16.0,13.727999687194824,13.727999687194824,13.727999687194824,13.784000396728516,13.784000396728516,13.784000396728516,13.784000396728516,13.736000061035156,13.736000061035156,12.968000411987305,12.968000411987305,12.968000411987305,12.968000411987305,12.791999816894531,12.791999816894531,12.791999816894531,12.791999816894531,12.784000396728516,12.776000022888184,12.776000022888184,12.776000022888184,12.776000022888184,12.776000022888184,12.767999649047852,12.791999816894531,12.791999816894531,inf,inf,inf,10.53600025177002,10.53600025177002,10.53600025177002,10.53600025177002,10.53600025177002,inf,inf,inf,inf,inf,inf,inf,inf,inf,inf,4.616000175476074,4.616000175476074,4.616000175476074,4.616000175476074,4.616000175476074,inf,inf,inf,inf,inf,3.759999990463257,3.759999990463257,3.759999990463257,3.759999990463257,3.759999990463257,3.747999906539917,3.740000009536743,3.7360000610351562,3.74399995803833,3.74399995803833,3.752000093460083,3.752000093460083,2.9000000953674316,2.9000000953674316,2.9000000953674316,2.8519999980926514,2.8519999980926514,2.7839999198913574,2.7160000801086426,2.6519999504089355,2.611999988555908,2.568000078201294,2.51200008392334,2.4679999351501465,2.4159998893737793,2.368000030517578,2.368000030517578,2.3359999656677246,2.299999952316284,2.196000099182129,2.196000099182129,2.187999963760376,2.135999917984009,2.0999999046325684,2.0759999752044678,2.0480000972747803,2.0179998874664307,1.9880000352859497,1.968000054359436,1.968000054359436,1.9539999961853027,1.944000005722046,1.9359999895095825,1.9220000505447388,1.9040000438690186,1.8819999694824219,1.8539999723434448,1.8300000429153442,1.8079999685287476,1.7860000133514404,1.7860000133514404,1.7619999647140503,1.7419999837875366,1.7239999771118164,1.7039999961853027,1.684000015258789,1.6640000343322754,1.6360000371932983,1.5140000581741333,1.5140000581741333,1.50600004196167,1.4919999837875366,1.4819999933242798,inf,inf,inf,inf,inf,1.4119999408721924,1.4119999408721924,1.4119999408721924,1.4119999408721924,1.4119999408721924,1.399999976158142,...,47.0,47.0,47.0,47.0,47.0,0.0,0.0,0.0,0.0,0.0,0.0,0.0,0.0,0.0,0.0,0.0,0.0,0.0,0.0,0.0,0.0,0.0,0.0,0.0,0.0,0.0,0.0,0.0,0.0,0.0,0.0,0.0,0.0,0.0,0.0,0.0,0.0,0.0,0.0,0.0,0.0,0.0,0.0,0.0,0.0,0.0,0.0,0.0,0.0,0.0,0.0,0.0,0.0,0.0,0.0,0.0,0.0,0.0,0.0,0.0,0.0,0.0,0.0,0.0,0.0,0.0,0.0,0.0,0.0,0.0,0.0,0.0,0.0,0.0,0.0,0.0,0.0,0.0,0.0,0.0,0.0,0.0,0.0,0.0,0.0,0.0,0.0,0.0,0.0,0.0,0.0,0.0,0.0,0.0,0.0,0.0,0.0,0.0,0.0,0.0,0.0,0.0,0.0,0.0,0.0,0.0,0.0,47.0,47.0,47.0,47.0,47.0,0.0,0.0,0.0,0.0,0.0,0.0,0.0,0.0,0.0,0.0,0.0,0.0,0.0,47.0,47.0,47.0,...
1763031473,428862784,laser,-3.1241390705108643,3.1415927410125732,0.0034828970674425364,5.371440056478605e-05,0.0966322124004364,0.15000000596046448,16.0,13.62399959564209,13.62399959564209,13.62399959564209,13.687999725341797,13.744000434875488,13.744000434875488,inf,inf,12.784000396728516,12.784000396728516,12.784000396728516,12.784000396728516,12.784000396728516,12.784000396728516,12.784000396728516,12.767999649047852,12.767999649047852,12.776000022888184,12.776000022888184,12.767999649047852,12.784000396728516,12.791999816894531,12.784000396728516,12.776000022888184,12.784000396728516,inf,inf,inf,10.343999862670898,10.343999862670898,10.343999862670898,10.343999862670898,10.343999862670898,inf,inf,inf,inf,inf,inf,inf,inf,inf,inf,inf,inf,inf,inf,inf,inf,inf,inf,inf,inf,3.759999990463257,3.759999990463257,3.759999990463257,3.759999990463257,3.759999990463257,3.74399995803833,3.74399995803833,3.7360000610351562,3.7360000610351562,3.740000009536743,3.747999906539917,3.752000093460083,3.752000093460083,2.9000000953674316,2.9000000953674316,2.8519999980926514,2.8519999980926514,2.8519999980926514,2.7839999198913574,2.7160000801086426,2.6559998989105225,2.611999988555908,2.563999891281128,2.51200008392334,2.51200008392334,2.4679999351501465,2.4159998893737793,2.368000030517578,2.3239998817443848,2.2920000553131104,2.196000099182129,2.200000047683716,2.200000047683716,2.111999988555908,2.0880000591278076,2.0880000591278076,2.0480000972747803,2.0239999294281006,2.0139999389648438,2.0139999389648438,2.0,1.9819999933242798,1.968000054359436,1.9539999961853027,1.9359999895095825,1.909999966621399,1.8819999694824219,1.8559999465942383,1.8300000429153442,1.8079999685287476,1.8079999685287476,1.7860000133514404,1.7619999647140503,1.7419999837875366,1.722000002861023,1.7039999961853027,1.684000015258789,1.6640000343322754,1.6360000371932983,1.5140000581741333,1.50600004196167,1.50600004196167,1.4919999837875366,1.4819999933242798,inf,1.434000015258789,1.434000015258789,1.434000015258789,1.434000015258789,1.434000015258789,1.409999966621399,1.409999966621399,1.409999966621399,1.399999976158142,1.399999976158142,...,0.0,47.0,47.0,47.0,47.0,47.0,0.0,0.0,0.0,0.0,0.0,0.0,0.0,0.0,0.0,0.0,0.0,0.0,47.0,47.0,47.0,47.0,47.0,0.0,0.0,0.0,0.0,0.0,0.0,0.0,0.0,0.0,0.0,0.0,0.0,0.0,0.0,0.0,0.0,0.0,0.0,0.0,0.0,0.0,0.0,0.0,0.0,0.0,0.0,0.0,0.0,0.0,0.0,0.0,0.0,0.0,0.0,0.0,0.0,0.0,0.0,0.0,0.0,0.0,0.0,0.0,0.0,0.0,0.0,0.0,0.0,0.0,0.0,0.0,0.0,0.0,0.0,0.0,0.0,0.0,0.0,0.0,0.0,0.0,0.0,0.0,0.0,0.0,0.0,0.0,0.0,47.0,47.0,47.0,47.0,47.0,0.0,0.0,0.0,0.0,0.0,0.0,0.0,0.0,0.0,0.0,0.0,0.0,0.0,0.0,0.0,0.0,0.0,0.0,0.0,0.0,0.0,0.0,0.0,0.0,0.0,0.0,0.0,0.0,0.0,0.0,47.0,47.0,...
1763031473,527075920,laser,-3.1241390705108643,3.1415927410125732,0.0034828970674425364,5.712900747312233e-05,0.10277508199214935,0.15000000596046448,16.0,13.62399959564209,13.62399959564209,13.62399959564209,13.704000473022461,13.751999855041504,13.751999855041504,13.751999855041504,13.751999855041504,13.751999855041504,12.791999816894531,12.791999816894531,12.791999816894531,12.784000396728516,12.784000396728516,12.784000396728516,12.776000022888184,12.776000022888184,12.776000022888184,12.784000396728516,12.760000228881836,12.767999649047852,12.784000396728516,12.776000022888184,12.776000022888184,12.776000022888184,12.784000396728516,inf,10.35200023651123,10.35200023651123,10.35200023651123,10.35200023651123,10.35200023651123,inf,inf,inf,inf,inf,inf,inf,inf,inf,inf,inf,inf,inf,inf,inf,inf,inf,inf,inf,inf,3.75600004196167,3.75600004196167,3.75600004196167,3.75600004196167,3.75600004196167,3.740000009536743,3.740000009536743,3.740000009536743,3.7360000610351562,3.740000009536743,3.740000009536743,3.747999906539917,3.752000093460083,3.752000093460083,2.9000000953674316,2.9000000953674316,2.9000000953674316,2.9000000953674316,2.8480000495910645,2.7839999198913574,2.7200000286102295,2.6559998989105225,2.611999988555908,2.563999891281128,2.507999897003174,2.507999897003174,2.4679999351501465,2.368000030517578,2.368000030517578,2.328000068664551,2.2960000038146973,2.196000099182129,2.196000099182129,2.184000015258789,2.135999917984009,2.0999999046325684,2.0759999752044678,2.0480000972747803,2.0239999294281006,1.9980000257492065,1.9639999866485596,1.9639999866485596,1.9359999895095825,1.9179999828338623,1.909999966621399,1.899999976158142,1.8860000371932983,1.8660000562667847,1.850000023841858,1.8320000171661377,1.8079999685287476,1.7860000133514404,1.7860000133514404,1.7619999647140503,1.7419999837875366,1.722000002861023,1.7020000219345093,1.684000015258789,1.6640000343322754,1.6419999599456787,1.5140000581741333,1.5140000581741333,1.5080000162124634,1.49399995803833,1.4700000286102295,inf,inf,inf,inf,inf,inf,1.4019999504089355,1.4019999504089355,1.4019999504089355,1.4019999504089355,1.4019999504089355,...,0.0,0.0,0.0,0.0,0.0,0.0,0.0,0.0,0.0,0.0,0.0,0.0,0.0,0.0,0.0,0.0,0.0,0.0,0.0,0.0,0.0,0.0,0.0,0.0,0.0,0.0,0.0,0.0,0.0,0.0,0.0,0.0,0.0,0.0,0.0,0.0,0.0,0.0,0.0,47.0,47.0,47.0,47.0,47.0,0.0,0.0,0.0,0.0,0.0,0.0,0.0,0.0,0.0,0.0,0.0,0.0,0.0,0.0,0.0,0.0,0.0,0.0,0.0,0.0,0.0,0.0,0.0,0.0,0.0,0.0,0.0,47.0,47.0,47.0,47.0,47.0,0.0,0.0,0.0,0.0,0.0,0.0,0.0,0.0,0.0,0.0,0.0,0.0,0.0,0.0,0.0,0.0,0.0,0.0,0.0,0.0,0.0,0.0,0.0,0.0,0.0,0.0,0.0,0.0,0.0,47.0,47.0,47.0,47.0,47.0,0.0,0.0,0.0,0.0,0.0,0.0,0.0,0.0,0.0,0.0,0.0,0.0,0.0,47.0,47.0,47.0,47.0,47.0,...
1763031473,631434806,laser,-3.1241390705108643,3.1415927410125732,0.0034828970674425364,5.724317452404648e-05,0.10298047214746475,0.15000000596046448,16.0,13.552000045776367,13.720000267028809,13.720000267028809,13.784000396728516,13.784000396728516,13.784000396728516,13.784000396728516,13.784000396728516,12.887999534606934,12.887999534606934,12.887999534606934,12.776000022888184,12.776000022888184,12.776000022888184,12.776000022888184,12.784000396728516,12.791999816894531,12.800000190734863,12.791999816894531,12.776000022888184,12.776000022888184,12.776000022888184,12.776000022888184,12.784000396728516,12.784000396728516,12.784000396728516,10.552000045776367,10.552000045776367,10.552000045776367,10.552000045776367,10.552000045776367,inf,inf,inf,inf,inf,inf,inf,inf,inf,inf,inf,inf,inf,inf,inf,inf,inf,inf,inf,3.871999979019165,3.871999979019165,3.871999979019165,3.871999979019165,3.871999979019165,3.7839999198913574,3.7839999198913574,3.7839999198913574,3.7839999198913574,3.74399995803833,3.740000009536743,3.74399995803833,3.747999906539917,3.74399995803833,3.747999906539917,3.747999906539917,3.752000093460083,2.936000108718872,2.875999927520752,2.875999927520752,2.875999927520752,2.808000087738037,2.7320001125335693,2.684000015258789,2.6480000019073486,2.5920000076293945,2.5439999103546143,2.492000102996826,2.436000108718872,2.375999927520752,2.3359999656677246,2.2960000038146973,2.2760000228881836,2.2760000228881836,2.247999906539917,2.200000047683716,2.1600000858306885,2.119999885559082,2.0999999046325684,2.062000036239624,2.0239999294281006,1.9919999837875366,1.965999960899353,1.9420000314712524,1.9079999923706055,1.878000020980835,1.8660000562667847,1.850000023841858,1.850000023841858,1.8279999494552612,1.8220000267028809,1.812000036239624,1.8040000200271606,1.7899999618530273,1.7699999809265137,1.7480000257492065,1.7259999513626099,1.7100000381469727,1.6920000314712524,1.6679999828338623,1.6679999828338623,1.6480000019073486,1.6160000562667847,1.4980000257492065,1.4980000257492065,1.4980000257492065,1.4819999933242798,1.4739999771118164,inf,inf,inf,inf,1.3980000019073486,1.3980000019073486,1.3980000019073486,1.3980000019073486,1.3980000019073486,1.3799999952316284,...,0.0,0.0,0.0,0.0,0.0,0.0,0.0,0.0,0.0,0.0,0.0,0.0,0.0,0.0,0.0,0.0,0.0,0.0,0.0,0.0,0.0,0.0,0.0,0.0,0.0,0.0,0.0,0.0,0.0,0.0,0.0,0.0,0.0,0.0,0.0,0.0,0.0,0.0,0.0,0.0,0.0,0.0,0.0,0.0,0.0,0.0,0.0,0.0,0.0,0.0,0.0,0.0,0.0,0.0,0.0,0.0,0.0,0.0,0.0,0.0,0.0,0.0,0.0,0.0,0.0,0.0,0.0,0.0,47.0,47.0,47.0,47.0,47.0,0.0,0.0,0.0,0.0,0.0,0.0,0.0,0.0,0.0,0.0,0.0,0.0,0.0,0.0,0.0,0.0,47.0,47.0,47.0,47.0,47.0,0.0,0.0,0.0,0.0,0.0,0.0,0.0,0.0,0.0,0.0,0.0,0.0,0.0,0.0,0.0,0.0,0.0,0.0,0.0,0.0,0.0,0.0,0.0,0.0,0.0,0.0,0.0,0.0,0.0,0.0,0.0,0.0,0.0,0.0,...
1763031473,735710824,laser,-3.1241390705108643,3.1415927410125732,0.0034828970674425364,5.382808740250766e-05,0.09683673083782196,0.15000000596046448,16.0,13.5600004196167,13.5600004196167,13.5600004196167,13.696000099182129,13.760000228881836,13.760000228881836,inf,inf,12.800000190734863,12.800000190734863,12.800000190734863,12.800000190734863,12.800000190734863,12.784000396728516,12.784000396728516,12.767999649047852,12.776000022888184,12.791999816894531,12.784000396728516,12.784000396728516,12.784000396728516,12.784000396728516,12.784000396728516,12.791999816894531,12.800000190734863,inf,inf,inf,10.472000122070312,10.472000122070312,10.472000122070312,10.472000122070312,10.472000122070312,inf,inf,inf,inf,inf,inf,inf,inf,inf,inf,inf,inf,inf,inf,inf,inf,inf,inf,inf,3.803999900817871,3.803999900817871,3.803999900817871,3.803999900817871,3.803999900817871,3.75600004196167,3.75600004196167,3.747999906539917,3.740000009536743,3.740000009536743,3.740000009536743,3.747999906539917,3.752000093460083,3.752000093460083,2.8959999084472656,2.8959999084472656,2.8959999084472656,2.8959999084472656,2.8399999141693115,2.7799999713897705,2.7200000286102295,2.6600000858306885,2.611999988555908,2.568000078201294,2.568000078201294,2.5160000324249268,2.4000000953674316,2.4000000953674316,2.368000030517578,2.328000068664551,2.2920000553131104,2.196000099182129,2.196000099182129,2.187999963760376,2.140000104904175,2.1040000915527344,2.0799999237060547,2.0399999618530273,2.0,1.9819999933242798,1.9819999933242798,1.9600000381469727,1.9220000505447388,1.8960000276565552,1.8700000047683716,1.8539999723434448,1.8380000591278076,1.8200000524520874,1.8140000104904175,1.8020000457763672,1.7940000295639038,1.7940000295639038,1.781999945640564,1.7619999647140503,1.7380000352859497,1.718000054359436,1.7020000219345093,1.6859999895095825,1.6679999828338623,1.6440000534057617,1.5180000066757202,1.5180000066757202,1.5080000162124634,1.4900000095367432,1.465999960899353,inf,inf,inf,inf,inf,inf,1.399999976158142,1.399999976158142,1.399999976158142,1.399999976158142,1.399999976158142,...,0.0,47.0,47.0,47.0,47.0,47.0,0.0,0.0,0.0,0.0,0.0,0.0,0.0,0.0,0.0,0.0,0.0,0.0,0.0,0.0,0.0,0.0,0.0,0.0,0.0,0.0,0.0,0.0,0.0,0.0,0.0,0.0,0.0,0.0,0.0,0.0,0.0,0.0,0.0,0.0,0.0,0.0,0.0,0.0,0.0,0.0,0.0,0.0,0.0,0.0,0.0,0.0,0.0,0.0,0.0,0.0,0.0,0.0,0.0,0.0,0.0,0.0,0.0,0.0,0.0,0.0,0.0,0.0,0.0,0.0,0.0,0.0,0.0,0.0,0.0,0.0,0.0,0.0,0.0,0.0,0.0,0.0,0.0,0.0,0.0,0.0,0.0,0.0,0.0,0.0,0.0,0.0,0.0,0.0,0.0,0.0,0.0,0.0,0.0,0.0,0.0,0.0,0.0,0.0,0.0,0.0,0.0,47.0,47.0,47.0,47.0,47.0,0.0,0.0,0.0,0.0,0.0,0.0,0.0,0.0,0.0,0.0,0.0,0.0,0.0,47.0,47.0,47.0,...
1763031473,834061832,laser,-3.1241390705108643,3.1415927410125732,0.0034828970674425364,5.717155727325007e-05,0.10285162925720215,0.15000000596046448,16.0,13.567999839782715,13.744000434875488,13.744000434875488,13.784000396728516,13.784000396728516,13.784000396728516,13.784000396728516,13.784000396728516,13.736000061035156,inf,12.784000396728516,12.784000396728516,12.784000396728516,12.784000396728516,12.784000396728516,12.776000022888184,12.784000396728516,12.791999816894531,12.776000022888184,12.776000022888184,12.776000022888184,12.776000022888184,12.784000396728516,12.784000396728516,12.791999816894531,12.784000396728516,inf,inf,inf,inf,inf,inf,inf,inf,inf,inf,inf,inf,inf,inf,inf,inf,inf,inf,inf,inf,inf,inf,inf,inf,inf,inf,3.803999900817871,3.803999900817871,3.803999900817871,3.803999900817871,3.803999900817871,3.752000093460083,3.752000093460083,3.74399995803833,3.740000009536743,3.740000009536743,3.740000009536743,3.74399995803833,3.747999906539917,3.752000093460083,2.888000011444092,2.888000011444092,2.888000011444092,2.888000011444092,2.8399999141693115,2.7799999713897705,2.7119998931884766,2.6519999504089355,2.611999988555908,2.492000102996826,2.492000102996826,2.440000057220459,2.3919999599456787,2.3919999599456787,2.3559999465942383,2.3239998817443848,2.2960000038146973,2.187999963760376,2.187999963760376,2.187999963760376,2.1480000019073486,2.111999988555908,2.068000078201294,2.0360000133514404,2.009999990463257,1.9780000448226929,1.9780000448226929,1.9500000476837158,1.9179999828338623,1.9019999504089355,1.8899999856948853,1.8819999694824219,1.8760000467300415,1.8619999885559082,1.843999981880188,1.8279999494552612,1.8279999494552612,1.805999994277954,1.781999945640564,1.7599999904632568,1.7380000352859497,1.718000054359436,1.7000000476837158,1.6799999475479126,1.659999966621399,1.6339999437332153,1.5180000066757202,1.5180000066757202,1.50600004196167,1.4900000095367432,1.465999960899353,1.465999960899353,inf,inf,inf,inf,inf,inf,1.4019999504089355,1.4019999504089355,1.4019999504089355,1.4019999504089355,...,0.0,0.0,0.0,0.0,0.0,0.0,0.0,0.0,0.0,0.0,0.0,0.0,0.0,0.0,0.0,0.0,0.0,0.0,0.0,0.0,0.0,0.0,0.0,0.0,0.0,0.0,0.0,0.0,0.0,0.0,0.0,0.0,0.0,0.0,0.0,0.0,0.0,0.0,0.0,0.0,0.0,0.0,0.0,0.0,0.0,0.0,0.0,0.0,0.0,0.0,0.0,0.0,0.0,0.0,0.0,0.0,0.0,0.0,0.0,0.0,0.0,47.0,47.0,47.0,47.0,47.0,0.0,0.0,0.0,0.0,0.0,0.0,0.0,0.0,0.0,0.0,0.0,0.0,0.0,0.0,0.0,0.0,0.0,0.0,0.0,0.0,0.0,0.0,0.0,47.0,47.0,47.0,47.0,47.0,0.0,0.0,0.0,0.0,0.0,0.0,0.0,0.0,0.0,0.0,0.0,0.0,0.0,0.0,0.0,0.0,0.0,0.0,0.0,0.0,0.0,0.0,0.0,0.0,0.0,0.0,0.0,0.0,0.0,0.0,0.0,0.0,0.0,0.0,...
1763031473,938573830,laser,-3.1241390705108643,3.1415927410125732,0.0034828970674425364,5.710486220777966e-05,0.10273164510726929,0.15000000596046448,16.0,13.576000213623047,13.727999687194824,13.727999687194824,13.784000396728516,13.784000396728516,13.784000396728516,13.784000396728516,13.784000396728516,13.807999610900879,12.935999870300293,12.935999870300293,12.784000396728516,12.784000396728516,12.784000396728516,12.784000396728516,12.776000022888184,12.784000396728516,12.784000396728516,12.776000022888184,12.776000022888184,12.776000022888184,12.767999649047852,12.767999649047852,12.767999649047852,12.784000396728516,12.784000396728516,inf,inf,inf,inf,inf,inf,inf,inf,inf,inf,inf,inf,inf,inf,inf,inf,inf,inf,inf,inf,inf,inf,inf,inf,inf,inf,inf,inf,3.752000093460083,3.752000093460083,3.752000093460083,3.752000093460083,3.752000093460083,3.74399995803833,3.74399995803833,3.740000009536743,3.740000009536743,3.74399995803833,3.747999906539917,3.752000093460083,2.8919999599456787,2.8919999599456787,2.8919999599456787,2.8399999141693115,2.8399999141693115,2.7799999713897705,2.7119998931884766,2.6559998989105225,2.611999988555908,2.611999988555908,2.555999994277954,2.496000051498413,2.4560000896453857,2.4040000438690186,2.3559999465942383,2.3239998817443848,2.2960000038146973,2.187999963760376,2.187999963760376,2.184000015258789,2.1440000534057617,2.111999988555908,2.111999988555908,2.0759999752044678,2.0480000972747803,2.0239999294281006,2.003999948501587,1.9859999418258667,1.9739999771118164,1.9600000381469727,1.9459999799728394,1.9299999475479126,1.9079999923706055,1.9079999923706055,1.8519999980926514,1.8519999980926514,1.8279999494552612,1.8040000200271606,1.781999945640564,1.7599999904632568,1.7380000352859497,1.718000054359436,1.7000000476837158,1.6799999475479126,1.659999966621399,1.5119999647140503,1.5119999647140503,1.5119999647140503,1.50600004196167,1.4900000095367432,1.4900000095367432,1.4780000448226929,1.465999960899353,1.434000015258789,1.434000015258789,1.434000015258789,1.434000015258789,1.434000015258789,1.409999966621399,1.409999966621399,1.409999966621399,1.409999966621399,...,0.0,0.0,0.0,0.0,0.0,0.0,0.0,0.0,0.0,0.0,0.0,0.0,0.0,0.0,0.0,0.0,0.0,0.0,0.0,0.0,0.0,0.0,0.0,0.0,0.0,0.0,0.0,0.0,0.0,0.0,0.0,0.0,0.0,0.0,0.0,0.0,0.0,0.0,0.0,0.0,0.0,0.0,0.0,0.0,0.0,0.0,0.0,0.0,0.0,0.0,0.0,0.0,0.0,0.0,0.0,0.0,0.0,0.0,0.0,0.0,0.0,0.0,0.0,0.0,0.0,0.0,0.0,0.0,0.0,0.0,0.0,0.0,0.0,0.0,0.0,0.0,0.0,0.0,0.0,0.0,0.0,0.0,0.0,0.0,0.0,0.0,0.0,0.0,0.0,0.0,0.0,0.0,0.0,0.0,0.0,0.0,0.0,0.0,0.0,0.0,0.0,0.0,0.0,0.0,0.0,0.0,0.0,0.0,0.0,0.0,0.0,0.0,0.0,0.0,0.0,0.0,0.0,0.0,0.0,0.0,0.0,0.0,0.0,0.0,0.0,0.0,0.0,0.0,...
1763031474,43023433,laser,-3.1241390705108643,3.1415927410125732,0.0034828970674425364,5.3662653954233974e-05,0.09653911739587784,0.15000000596046448,16.0,13.736000061035156,13.736000061035156,13.736000061035156,13.791999816894531,13.791999816894531,13.791999816894531,13.791999816894531,13.736000061035156,13.736000061035156,12.784000396728516,12.784000396728516,12.784000396728516,12.784000396728516,12.776000022888184,12.776000022888184,12.776000022888184,12.784000396728516,12.784000396728516,12.776000022888184,12.767999649047852,12.760000228881836,12.760000228881836,12.776000022888184,12.776000022888184,12.784000396728516,12.784000396728516,inf,inf,10.527999877929688,10.527999877929688,10.527999877929688,10.527999877929688,10.527999877929688,10.303999900817871,10.303999900817871,inf,inf,inf,inf,inf,inf,inf,inf,inf,inf,inf,inf,inf,inf,inf,inf,inf,inf,inf,3.759999990463257,3.759999990463257,3.759999990463257,3.759999990463257,3.759999990463257,3.7360000610351562,3.7239999771118164,3.740000009536743,3.747999906539917,3.747999906539917,3.747999906539917,3.752000093460083,2.8959999084472656,2.8959999084472656,2.8959999084472656,2.8440001010894775,2.8440001010894775,2.7839999198913574,2.7239999771118164,2.6640000343322754,2.615999937057495,2.559999942779541,2.507999897003174,2.4679999351501465,2.4679999351501465,2.359999895095825,2.359999895095825,2.3320000171661377,2.303999900817871,2.200000047683716,2.200000047683716,2.184000015258789,2.1440000534057617,2.1080000400543213,2.0759999752044678,2.049999952316284,2.0239999294281006,1.9980000257492065,1.9700000286102295,1.9459999799728394,1.9459999799728394,1.9279999732971191,1.9220000505447388,1.9119999408721924,1.8919999599456787,1.871999979019165,1.8519999980926514,1.8320000171661377,1.812000036239624,1.7860000133514404,1.7599999904632568,1.7599999904632568,1.7200000286102295,1.7200000286102295,1.7000000476837158,1.6820000410079956,1.6619999408721924,1.6399999856948853,1.5219999551773071,1.5219999551773071,1.50600004196167,1.496000051498413,1.4819999933242798,inf,inf,inf,inf,inf,1.3980000019073486,1.3980000019073486,1.3980000019073486,1.3980000019073486,1.3980000019073486,1.3860000371932983,...,47.0,47.0,47.0,47.0,47.0,0.0,0.0,0.0,0.0,0.0,0.0,0.0,0.0,0.0,0.0,0.0,0.0,0.0,0.0,0.0,0.0,0.0,0.0,0.0,0.0,0.0,0.0,0.0,0.0,0.0,0.0,0.0,0.0,0.0,0.0,0.0,0.0,0.0,0.0,0.0,0.0,0.0,0.0,0.0,0.0,0.0,0.0,0.0,0.0,0.0,0.0,0.0,0.0,0.0,0.0,0.0,0.0,0.0,0.0,0.0,0.0,0.0,0.0,0.0,0.0,0.0,0.0,0.0,0.0,0.0,47.0,47.0,47.0,47.0,47.0,0.0,0.0,0.0,0.0,0.0,0.0,0.0,0.0,0.0,0.0,0.0,0.0,0.0,0.0,0.0,0.0,0.0,0.0,0.0,0.0,0.0,0.0,0.0,0.0,0.0,0.0,0.0,0.0,0.0,0.0,0.0,0.0,47.0,47.0,47.0,47.0,47.0,0.0,0.0,0.0,0.0,0.0,0.0,0.0,0.0,0.0,0.0,0.0,0.0,0.0,47.0,47.0,47.0,...
1763031474,141142985,laser,-3.1241390705108643,3.1415927410125732,0.0034828970674425364,5.716002488043159e-05,0.10283088684082031,0.15000000596046448,16.0,13.62399959564209,13.62399959564209,13.62399959564209,13.791999816894531,13.880000114440918,13.880000114440918,13.744000434875488,13.744000434875488,13.744000434875488,12.784000396728516,12.784000396728516,12.784000396728516,12.784000396728516,12.784000396728516,12.784000396728516,12.776000022888184,12.776000022888184,12.767999649047852,12.776000022888184,12.776000022888184,12.767999649047852,12.767999649047852,12.776000022888184,12.784000396728516,12.791999816894531,12.791999816894531,inf,inf,10.312000274658203,10.312000274658203,10.312000274658203,10.312000274658203,10.312000274658203,inf,inf,inf,inf,inf,inf,inf,inf,inf,inf,inf,inf,inf,inf,inf,inf,inf,3.884000062942505,3.884000062942505,3.884000062942505,3.884000062942505,3.884000062942505,3.7960000038146973,3.7960000038146973,3.7960000038146973,3.7960000038146973,3.74399995803833,3.7320001125335693,3.7279999256134033,3.740000009536743,3.747999906539917,3.747999906539917,3.752000093460083,3.752000093460083,2.888000011444092,2.8239998817443848,2.8239998817443848,2.8239998817443848,2.8239998817443848,2.75600004196167,2.7039999961853027,2.6519999504089355,2.5999999046325684,2.5439999103546143,2.492000102996826,2.440000057220459,2.380000114440918,2.3359999656677246,2.299999952316284,2.2799999713897705,2.200000047683716,2.1640000343322754,2.1640000343322754,2.1640000343322754,2.124000072479248,2.0959999561309814,2.062000036239624,2.0280001163482666,1.9980000257492065,1.968000054359436,1.9420000314712524,1.9079999923706055,1.8799999952316284,1.8639999628067017,1.8459999561309814,1.8459999561309814,1.8339999914169312,1.8279999494552612,1.8179999589920044,1.805999994277954,1.7899999618530273,1.7719999551773071,1.753999948501587,1.7300000190734863,1.7100000381469727,1.6920000314712524,1.6920000314712524,1.6679999828338623,1.6460000276565552,1.6180000305175781,1.5080000162124634,1.496000051498413,1.496000051498413,1.4800000190734863,1.4739999771118164,inf,inf,inf,inf,1.3980000019073486,1.3980000019073486,1.3980000019073486,1.3980000019073486,1.3980000019073486,1.3819999694824219,...,47.0,47.0,47.0,47.0,47.0,0.0,0.0,0.0,0.0,0.0,0.0,0.0,0.0,0.0,0.0,0.0,0.0,0.0,47.0,47.0,47.0,47.0,47.0,0.0,0.0,0.0,0.0,0.0,0.0,0.0,0.0,0.0,0.0,0.0,0.0,0.0,0.0,0.0,0.0,0.0,0.0,0.0,0.0,0.0,0.0,0.0,0.0,0.0,0.0,0.0,0.0,0.0,0.0,0.0,0.0,0.0,0.0,0.0,0.0,0.0,0.0,0.0,0.0,0.0,0.0,0.0,0.0,0.0,0.0,0.0,0.0,0.0,0.0,0.0,0.0,0.0,0.0,0.0,0.0,0.0,0.0,0.0,0.0,0.0,0.0,0.0,0.0,0.0,0.0,0.0,0.0,0.0,0.0,0.0,0.0,0.0,0.0,0.0,0.0,0.0,0.0,0.0,0.0,0.0,0.0,0.0,0.0,0.0,0.0,0.0,0.0,0.0,0.0,0.0,0.0,0.0,0.0,0.0,0.0,0.0,0.0,0.0,0.0,0.0,0.0,47.0,47.0,47.0,...
1763031474,245469222,laser,-3.1241390705108643,3.1415927410125732,0.0034828970674425364,5.383813549997285e-05,0.0968548059463501,0.15000000596046448,16.0,13.592000007629395,13.592000007629395,13.711999893188477,13.776000022888184,13.776000022888184,13.776000022888184,inf,12.928000450134277,12.928000450134277,12.928000450134277,12.928000450134277,12.928000450134277,12.784000396728516,12.784000396728516,12.784000396728516,12.767999649047852,12.776000022888184,12.784000396728516,12.776000022888184,12.784000396728516,12.767999649047852,12.767999649047852,12.767999649047852,12.784000396728516,12.800000190734863,12.800000190734863,inf,inf,inf,inf,inf,inf,inf,inf,inf,inf,inf,inf,inf,inf,inf,inf,inf,inf,inf,inf,inf,inf,inf,inf,inf,inf,3.808000087738037,3.808000087738037,3.808000087738037,3.808000087738037,3.808000087738037,3.75600004196167,3.75600004196167,3.752000093460083,3.752000093460083,3.747999906539917,3.740000009536743,3.74399995803833,3.747999906539917,3.752000093460083,2.888000011444092,2.888000011444092,2.888000011444092,2.888000011444092,2.8239998817443848,2.7679998874664307,2.7119998931884766,2.6519999504089355,2.6040000915527344,2.6040000915527344,2.552000045776367,2.5,2.440000057220459,2.3919999599456787,2.359999895095825,2.315999984741211,2.2920000553131104,2.1760001182556152,2.1760001182556152,2.1640000343322754,2.128000020980835,2.128000020980835,2.0999999046325684,2.063999891281128,2.0280001163482666,1.9980000257492065,1.968000054359436,1.944000005722046,1.9079999923706055,1.8819999694824219,1.8619999885559082,1.843999981880188,1.8320000171661377,1.8200000524520874,1.8200000524520874,1.809999942779541,1.8020000457763672,1.7899999618530273,1.7719999551773071,1.753999948501587,1.7300000190734863,1.7120000123977661,1.6959999799728394,1.6759999990463257,1.6759999990463257,1.6519999504089355,1.6239999532699585,1.5140000581741333,1.5140000581741333,1.4980000257492065,1.4839999675750732,1.4739999771118164,inf,inf,inf,inf,inf,inf,1.3980000019073486,1.3980000019073486,1.3980000019073486,1.3980000019073486,...,0.0,0.0,0.0,0.0,0.0,0.0,0.0,0.0,0.0,0.0,0.0,0.0,0.0,0.0,0.0,0.0,0.0,0.0,0.0,0.0,0.0,0.0,0.0,0.0,0.0,0.0,0.0,0.0,0.0,0.0,0.0,0.0,0.0,0.0,0.0,0.0,0.0,0.0,0.0,0.0,0.0,0.0,0.0,0.0,0.0,0.0,0.0,0.0,0.0,0.0,0.0,0.0,0.0,0.0,0.0,0.0,0.0,0.0,0.0,0.0,47.0,47.0,47.0,47.0,47.0,0.0,0.0,0.0,0.0,0.0,0.0,0.0,0.0,0.0,0.0,0.0,0.0,0.0,0.0,0.0,0.0,0.0,0.0,0.0,0.0,0.0,0.0,0.0,0.0,0.0,0.0,0.0,0.0,0.0,0.0,0.0,0.0,0.0,0.0,0.0,0.0,0.0,0.0,0.0,0.0,0.0,0.0,0.0,0.0,0.0,0.0,0.0,0.0,0.0,0.0,0.0,0.0,0.0,0.0,0.0,0.0,0.0,0.0,0.0,0.0,0.0,0.0,0.0,...
1763031474,344162119,laser,-3.1241390705108643,3.1415927410125732,0.0034828970674425364,5.69573458051309e-05,0.10246626287698746,0.15000000596046448,16.0,13.663999557495117,13.62399959564209,13.62399959564209,13.67199993133545,13.744000434875488,13.744000434875488,13.744000434875488,inf,inf,12.776000022888184,12.776000022888184,12.776000022888184,12.776000022888184,12.776000022888184,12.776000022888184,12.767999649047852,12.767999649047852,12.767999649047852,12.776000022888184,12.767999649047852,12.767999649047852,12.776000022888184,12.784000396728516,12.791999816894531,12.791999816894531,12.791999816894531,inf,inf,inf,10.319999694824219,10.319999694824219,10.319999694824219,10.319999694824219,10.319999694824219,inf,inf,inf,inf,inf,inf,inf,inf,inf,inf,inf,inf,inf,inf,inf,inf,3.888000011444092,3.888000011444092,3.888000011444092,3.888000011444092,3.888000011444092,3.808000087738037,3.808000087738037,3.808000087738037,3.752000093460083,3.752000093460083,3.752000093460083,3.747999906539917,3.740000009536743,3.74399995803833,3.747999906539917,3.752000093460083,2.884000062942505,2.884000062942505,2.8239998817443848,2.8239998817443848,2.8239998817443848,2.8239998817443848,2.759999990463257,2.6519999504089355,2.6519999504089355,2.5999999046325684,2.5480000972747803,2.496000051498413,2.444000005722046,2.3919999599456787,2.3480000495910645,2.308000087738037,2.2880001068115234,2.196000099182129,2.1640000343322754,2.1640000343322754,2.1640000343322754,2.128000020980835,2.0999999046325684,2.068000078201294,2.0320000648498535,2.00600004196167,1.9759999513626099,1.9459999799728394,1.9220000505447388,1.9079999923706055,1.9079999923706055,1.9040000438690186,1.8960000276565552,1.8819999694824219,1.8660000562667847,1.8420000076293945,1.8220000267028809,1.7979999780654907,1.7740000486373901,1.7519999742507935,1.7300000190734863,1.7100000381469727,1.6920000314712524,1.6920000314712524,1.6720000505447388,1.6519999504089355,1.5360000133514404,1.5360000133514404,1.5080000162124634,1.4980000257492065,1.4839999675750732,1.4739999771118164,inf,inf,inf,inf,1.4040000438690186,1.4040000438690186,1.4040000438690186,1.4040000438690186,1.4040000438690186,1.3940000534057617,...,0.0,0.0,0.0,0.0,0.0,0.0,0.0,0.0,0.0,0.0,0.0,0.0,0.0,0.0,0.0,0.0,0.0,0.0,0.0,0.0,0.0,0.0,0.0,0.0,0.0,0.0,0.0,0.0,0.0,0.0,0.0,0.0,0.0,0.0,0.0,0.0,0.0,0.0,0.0,0.0,0.0,0.0,0.0,0.0,0.0,0.0,0.0,0.0,0.0,0.0,0.0,0.0,0.0,0.0,0.0,0.0,0.0,0.0,0.0,0.0,0.0,0.0,0.0,0.0,0.0,0.0,0.0,0.0,0.0,0.0,0.0,0.0,0.0,0.0,0.0,0.0,0.0,0.0,0.0,0.0,0.0,0.0,0.0,0.0,0.0,0.0,0.0,0.0,0.0,0.0,47.0,47.0,47.0,47.0,47.0,0.0,0.0,0.0,0.0,0.0,0.0,0.0,0.0,0.0,0.0,0.0,0.0,0.0,0.0,0.0,0.0,0.0,0.0,0.0,0.0,0.0,0.0,0.0,0.0,0.0,0.0,0.0,0.0,0.0,0.0,0.0,0.0,0.0,...
1763031474,447524426,laser,-3.1241390705108643,3.1415927410125732,0.0034828970674425364,5.410996527643874e-05,0.0973438248038292,0.15000000596046448,16.0,13.64799976348877,13.64799976348877,13.711999893188477,inf,13.744000434875488,13.744000434875488,13.744000434875488,13.744000434875488,13.744000434875488,12.784000396728516,12.784000396728516,12.784000396728516,12.784000396728516,12.784000396728516,12.784000396728516,12.784000396728516,12.791999816894531,12.784000396728516,12.784000396728516,12.776000022888184,12.751999855041504,12.760000228881836,12.784000396728516,12.784000396728516,12.784000396728516,12.784000396728516,inf,inf,inf,inf,inf,inf,inf,inf,inf,inf,inf,inf,inf,inf,inf,inf,inf,inf,inf,inf,inf,inf,inf,inf,inf,inf,inf,inf,3.7839999198913574,3.7839999198913574,3.7839999198913574,3.7839999198913574,3.7839999198913574,3.74399995803833,3.747999906539917,3.75600004196167,3.752000093460083,3.74399995803833,3.747999906539917,3.747999906539917,2.927999973297119,2.927999973297119,2.871999979019165,2.871999979019165,2.871999979019165,2.7960000038146973,2.7320001125335693,2.6760001182556152,2.628000020980835,2.5840001106262207,2.5239999294281006,2.4679999351501465,2.4240000247955322,2.371999979019165,2.3320000171661377,2.3320000171661377,2.2920000553131104,2.24399995803833,2.2239999771118164,2.191999912261963,2.1480000019073486,2.115999937057495,2.0840001106262207,2.052000045776367,2.0299999713897705,2.0160000324249268,2.002000093460083,1.9819999933242798,1.9819999933242798,1.968000054359436,1.9559999704360962,1.9359999895095825,1.909999966621399,1.8839999437332153,1.8619999885559082,1.840000033378601,1.8140000104904175,1.7879999876022339,1.7879999876022339,1.7640000581741333,1.746000051498413,1.7300000190734863,1.7059999704360962,1.6820000410079956,1.6619999408721924,1.6399999856948853,1.5180000066757202,1.5180000066757202,1.5080000162124634,1.496000051498413,1.4839999675750732,inf,inf,inf,inf,inf,1.399999976158142,1.399999976158142,1.399999976158142,1.399999976158142,1.399999976158142,1.3860000371932983,...,0.0,0.0,0.0,0.0,0.0,0.0,0.0,0.0,0.0,0.0,0.0,0.0,0.0,0.0,0.0,0.0,0.0,0.0,0.0,0.0,0.0,0.0,0.0,0.0,0.0,0.0,0.0,0.0,0.0,0.0,0.0,0.0,0.0,0.0,0.0,0.0,0.0,0.0,0.0,0.0,0.0,0.0,0.0,0.0,0.0,0.0,0.0,0.0,0.0,0.0,0.0,0.0,0.0,0.0,0.0,0.0,0.0,0.0,0.0,0.0,0.0,0.0,0.0,0.0,0.0,0.0,0.0,0.0,0.0,0.0,0.0,0.0,0.0,0.0,0.0,0.0,0.0,0.0,0.0,0.0,0.0,0.0,0.0,0.0,0.0,0.0,0.0,0.0,0.0,47.0,47.0,47.0,47.0,47.0,0.0,0.0,0.0,0.0,0.0,0.0,0.0,0.0,0.0,0.0,0.0,0.0,0.0,0.0,0.0,0.0,0.0,0.0,0.0,0.0,0.0,0.0,0.0,0.0,0.0,0.0,0.0,0.0,0.0,0.0,0.0,0.0,0.0,0.0,...
1763031474,546283866,laser,-3.1241390705108643,3.1415927410125732,0.0034828970674425364,5.726292511099018e-05,0.10301600396633148,0.15000000596046448,16.0,13.600000381469727,13.600000381469727,13.680000305175781,13.784000396728516,13.784000396728516,13.784000396728516,inf,12.935999870300293,12.935999870300293,12.935999870300293,12.935999870300293,12.935999870300293,12.791999816894531,12.791999816894531,12.791999816894531,12.776000022888184,12.791999816894531,12.791999816894531,12.776000022888184,12.784000396728516,12.784000396728516,12.784000396728516,12.776000022888184,12.784000396728516,12.807999610900879,12.911999702453613,inf,inf,10.576000213623047,10.576000213623047,10.576000213623047,10.576000213623047,10.576000213623047,inf,inf,inf,inf,inf,inf,inf,inf,inf,inf,inf,inf,inf,inf,inf,inf,inf,inf,inf,3.9040000438690186,3.9040000438690186,3.9040000438690186,3.9040000438690186,3.9040000438690186,3.808000087738037,3.75600004196167,3.75600004196167,3.747999906539917,3.74399995803833,3.740000009536743,3.747999906539917,3.747999906539917,3.752000093460083,2.888000011444092,2.888000011444092,2.888000011444092,2.888000011444092,2.8239998817443848,2.8239998817443848,2.759999990463257,2.7079999446868896,2.6480000019073486,2.5999999046325684,2.5439999103546143,2.4839999675750732,2.436000108718872,2.388000011444092,2.3440001010894775,2.2920000553131104,2.2760000228881836,2.200000047683716,2.200000047683716,2.200000047683716,2.1559998989105225,2.119999885559082,2.0999999046325684,2.063999891281128,2.0280001163482666,2.003999948501587,1.9819999933242798,1.9500000476837158,1.9199999570846558,1.9019999504089355,1.9019999504089355,1.8940000534057617,1.8819999694824219,1.8700000047683716,1.8600000143051147,1.840000033378601,1.8200000524520874,1.7960000038146973,1.7719999551773071,1.75,1.7300000190734863,1.7100000381469727,1.7100000381469727,1.687999963760376,1.6619999408721924,1.6460000276565552,1.5080000162124634,1.496000051498413,1.496000051498413,1.496000051498413,1.4819999933242798,inf,inf,inf,inf,1.4019999504089355,1.4019999504089355,1.4019999504089355,1.4019999504089355,1.4019999504089355,1.3899999856948853,1.3899999856948853,...,0.0,0.0,0.0,0.0,0.0,0.0,0.0,0.0,0.0,0.0,0.0,0.0,0.0,0.0,0.0,0.0,0.0,0.0,0.0,0.0,0.0,0.0,0.0,0.0,0.0,0.0,0.0,0.0,0.0,0.0,0.0,0.0,0.0,0.0,0.0,0.0,0.0,0.0,0.0,0.0,0.0,0.0,0.0,0.0,0.0,0.0,0.0,0.0,0.0,0.0,0.0,0.0,0.0,0.0,0.0,0.0,0.0,0.0,0.0,0.0,0.0,0.0,0.0,0.0,0.0,0.0,0.0,0.0,0.0,0.0,0.0,47.0,47.0,47.0,47.0,47.0,0.0,0.0,0.0,0.0,0.0,0.0,0.0,0.0,0.0,0.0,0.0,0.0,0.0,0.0,0.0,0.0,0.0,0.0,0.0,0.0,0.0,0.0,0.0,0.0,0.0,0.0,0.0,0.0,0.0,0.0,0.0,0.0,0.0,0.0,0.0,0.0,0.0,0.0,0.0,0.0,0.0,0.0,0.0,0.0,0.0,0.0,0.0,47.0,47.0,47.0,47.0,47.0,...
1763031474,651165913,laser,-3.1241390705108643,3.1415927410125732,0.0034828970674425364,5.3570347517961636e-05,0.0963730588555336,0.15000000596046448,16.0,13.631999969482422,13.607999801635742,13.607999801635742,13.680000305175781,13.696000099182129,13.696000099182129,13.696000099182129,inf,inf,12.784000396728516,12.784000396728516,12.784000396728516,12.784000396728516,12.784000396728516,12.784000396728516,12.776000022888184,12.776000022888184,12.776000022888184,12.784000396728516,12.776000022888184,12.776000022888184,12.776000022888184,12.784000396728516,12.791999816894531,12.791999816894531,12.800000190734863,inf,inf,inf,inf,10.359999656677246,10.359999656677246,10.359999656677246,10.359999656677246,10.359999656677246,inf,inf,inf,inf,inf,inf,inf,inf,inf,inf,inf,inf,inf,inf,inf,inf,inf,3.7799999713897705,3.7799999713897705,3.7799999713897705,3.7799999713897705,3.7799999713897705,3.74399995803833,3.74399995803833,3.74399995803833,3.7360000610351562,3.740000009536743,3.747999906539917,3.747999906539917,3.747999906539917,3.747999906539917,2.9200000762939453,2.9200000762939453,2.9200000762939453,2.9200000762939453,2.864000082015991,2.799999952316284,2.7239999771118164,2.671999931335449,2.628000020980835,2.5799999237060547,2.5360000133514404,2.4040000438690186,2.4040000438690186,2.364000082015991,2.364000082015991,2.3359999656677246,2.303999900817871,2.2039999961853027,2.2039999961853027,2.200000047683716,2.0999999046325684,2.0999999046325684,2.0799999237060547,2.0439999103546143,2.00600004196167,1.9819999933242798,1.9539999961853027,1.9539999961853027,1.9199999570846558,1.899999976158142,1.871999979019165,1.8559999465942383,1.8459999561309814,1.8359999656677246,1.8300000429153442,1.8140000104904175,1.7979999780654907,1.7979999780654907,1.784000039100647,1.7619999647140503,1.7359999418258667,1.715999960899353,1.7020000219345093,1.6820000410079956,1.6619999408721924,1.6360000371932983,1.5140000581741333,1.5140000581741333,1.50600004196167,1.4900000095367432,1.4759999513626099,1.4759999513626099,1.4620000123977661,inf,1.4299999475479126,1.4299999475479126,1.4299999475479126,1.4299999475479126,1.4299999475479126,1.4019999504089355,1.4019999504089355,1.4019999504089355,...,0.0,0.0,0.0,0.0,0.0,0.0,0.0,0.0,0.0,0.0,0.0,0.0,0.0,0.0,0.0,0.0,0.0,0.0,0.0,0.0,0.0,0.0,0.0,0.0,0.0,0.0,0.0,0.0,0.0,0.0,0.0,0.0,0.0,0.0,0.0,0.0,0.0,0.0,0.0,0.0,0.0,0.0,0.0,0.0,0.0,0.0,0.0,0.0,0.0,0.0,0.0,0.0,0.0,0.0,0.0,0.0,0.0,0.0,0.0,0.0,0.0,0.0,0.0,0.0,0.0,0.0,0.0,0.0,0.0,0.0,0.0,0.0,0.0,0.0,0.0,0.0,0.0,0.0,0.0,0.0,0.0,0.0,0.0,0.0,0.0,0.0,0.0,0.0,0.0,0.0,0.0,0.0,0.0,0.0,0.0,0.0,0.0,0.0,0.0,0.0,0.0,0.0,0.0,0.0,0.0,0.0,0.0,0.0,0.0,0.0,0.0,0.0,0.0,0.0,0.0,0.0,0.0,0.0,0.0,0.0,0.0,0.0,0.0,0.0,0.0,47.0,47.0,47.0,...
1763031474,749375186,laser,-3.1241390705108643,3.1415927410125732,0.0034828970674425364,5.7005585404112935e-05,0.10255304723978043,0.15000000596046448,16.0,13.711999893188477,13.711999893188477,13.711999893188477,13.784000396728516,13.784000396728516,13.784000396728516,13.784000396728516,inf,inf,12.935999870300293,12.935999870300293,12.935999870300293,12.935999870300293,12.935999870300293,12.791999816894531,12.784000396728516,12.791999816894531,12.784000396728516,12.776000022888184,12.784000396728516,12.784000396728516,12.784000396728516,12.760000228881836,12.767999649047852,12.800000190734863,12.895999908447266,inf,inf,inf,10.552000045776367,10.552000045776367,10.552000045776367,10.552000045776367,10.552000045776367,inf,inf,inf,inf,inf,inf,inf,inf,inf,inf,inf,inf,inf,inf,inf,inf,inf,inf,inf,inf,3.7799999713897705,3.7799999713897705,3.7799999713897705,3.7799999713897705,3.7799999713897705,3.74399995803833,3.74399995803833,3.747999906539917,3.747999906539917,3.747999906539917,3.747999906539917,3.747999906539917,3.752000093460083,2.9200000762939453,2.9200000762939453,2.864000082015991,2.864000082015991,2.803999900817871,2.7279999256134033,2.680000066757202,2.640000104904175,2.5799999237060547,2.5360000133514404,2.4079999923706055,2.368000030517578,2.368000030517578,2.368000030517578,2.3359999656677246,2.299999952316284,2.2039999961853027,2.2039999961853027,2.196000099182129,2.1559998989105225,2.111999988555908,2.0799999237060547,2.055999994277954,2.055999994277954,1.9819999933242798,1.9819999933242798,1.9620000123977661,1.9299999475479126,1.899999976158142,1.8819999694824219,1.871999979019165,1.8660000562667847,1.8519999980926514,1.8420000076293945,1.8279999494552612,1.8279999494552612,1.805999994277954,1.784000039100647,1.7619999647140503,1.7400000095367432,1.7200000286102295,1.7020000219345093,1.684000015258789,1.6619999408721924,1.6360000371932983,1.5199999809265137,1.5199999809265137,1.50600004196167,1.4900000095367432,1.4900000095367432,1.4620000123977661,inf,1.4279999732971191,1.4279999732971191,1.4279999732971191,1.4279999732971191,1.4279999732971191,1.4019999504089355,1.4019999504089355,1.4019999504089355,1.4019999504089355,...,47.0,47.0,47.0,47.0,47.0,0.0,0.0,0.0,0.0,0.0,0.0,0.0,0.0,0.0,0.0,0.0,0.0,47.0,47.0,47.0,47.0,47.0,0.0,0.0,0.0,0.0,0.0,0.0,0.0,0.0,0.0,0.0,0.0,0.0,0.0,0.0,0.0,0.0,0.0,0.0,0.0,0.0,0.0,0.0,0.0,0.0,0.0,0.0,0.0,0.0,0.0,0.0,0.0,0.0,0.0,0.0,0.0,0.0,0.0,0.0,0.0,0.0,0.0,0.0,0.0,0.0,0.0,0.0,0.0,0.0,0.0,0.0,0.0,0.0,0.0,0.0,0.0,0.0,0.0,0.0,0.0,0.0,0.0,0.0,0.0,0.0,0.0,0.0,0.0,0.0,0.0,47.0,47.0,47.0,47.0,47.0,0.0,0.0,0.0,0.0,0.0,0.0,0.0,0.0,0.0,0.0,0.0,0.0,0.0,0.0,0.0,0.0,0.0,0.0,0.0,0.0,0.0,0.0,0.0,0.0,0.0,0.0,0.0,0.0,0.0,0.0,0.0,0.0,...
1763031474,853756523,laser,-3.1241390705108643,3.1415927410125732,0.0034828970674425364,5.3609652240993455e-05,0.09644376486539841,0.15000000596046448,16.0,13.600000381469727,13.600000381469727,13.696000099182129,13.776000022888184,13.776000022888184,13.776000022888184,13.751999855041504,13.751999855041504,13.751999855041504,12.935999870300293,12.935999870300293,12.935999870300293,12.784000396728516,12.784000396728516,12.784000396728516,12.784000396728516,12.791999816894531,12.776000022888184,12.767999649047852,12.776000022888184,12.776000022888184,12.776000022888184,12.760000228881836,12.767999649047852,12.791999816894531,12.751999855041504,inf,inf,inf,inf,inf,inf,inf,inf,inf,inf,inf,inf,inf,inf,inf,inf,inf,inf,inf,inf,inf,inf,inf,inf,3.9079999923706055,3.9079999923706055,3.9079999923706055,3.9079999923706055,3.9079999923706055,3.808000087738037,3.808000087738037,3.808000087738037,3.747999906539917,3.74399995803833,3.74399995803833,3.74399995803833,3.740000009536743,3.74399995803833,3.747999906539917,3.752000093460083,2.880000114440918,2.880000114440918,2.8239998817443848,2.8239998817443848,2.8239998817443848,2.759999990463257,2.7039999961853027,2.6600000858306885,2.611999988555908,2.611999988555908,2.5480000972747803,2.496000051498413,2.447999954223633,2.3919999599456787,2.3440001010894775,2.303999900817871,2.2839999198913574,2.187999963760376,2.1559998989105225,2.1559998989105225,2.115999937057495,2.115999937057495,2.0959999561309814,2.065999984741211,2.0320000648498535,2.00600004196167,1.9819999933242798,1.9520000219345093,1.9199999570846558,1.906000018119812,1.899999976158142,1.899999976158142,1.8919999599456787,1.8799999952316284,1.8639999628067017,1.840000033378601,1.8200000524520874,1.7979999780654907,1.7719999551773071,1.75,1.7300000190734863,1.7079999446868896,1.6859999895095825,1.6859999895095825,1.6619999408721924,1.6460000276565552,1.5299999713897705,1.5299999713897705,1.5080000162124634,1.4980000257492065,1.4859999418258667,inf,inf,inf,inf,inf,1.399999976158142,1.399999976158142,1.399999976158142,1.399999976158142,1.399999976158142,1.3899999856948853,...,0.0,0.0,0.0,0.0,0.0,0.0,0.0,0.0,0.0,0.0,0.0,0.0,0.0,0.0,0.0,0.0,0.0,0.0,0.0,0.0,0.0,0.0,0.0,0.0,0.0,0.0,0.0,0.0,0.0,0.0,0.0,0.0,0.0,0.0,0.0,0.0,0.0,0.0,0.0,0.0,0.0,0.0,0.0,0.0,0.0,0.0,0.0,0.0,0.0,0.0,0.0,0.0,0.0,0.0,0.0,0.0,0.0,0.0,0.0,0.0,0.0,0.0,0.0,0.0,0.0,0.0,0.0,0.0,0.0,0.0,0.0,0.0,0.0,0.0,0.0,0.0,0.0,0.0,0.0,0.0,0.0,0.0,0.0,0.0,0.0,0.0,0.0,0.0,0.0,47.0,47.0,47.0,47.0,47.0,0.0,0.0,0.0,0.0,0.0,0.0,0.0,0.0,0.0,0.0,0.0,0.0,0.0,0.0,0.0,0.0,0.0,0.0,0.0,0.0,0.0,0.0,0.0,0.0,0.0,0.0,0.0,0.0,0.0,0.0,0.0,0.0,0.0,0.0,...
1763031474,951556485,laser,-3.1241390705108643,3.1415927410125732,0.0034828970674425364,5.7227418437832966e-05,0.10295212268829346,0.15000000596046448,16.0,13.704000473022461,13.592000007629395,13.687999725341797,13.687999725341797,13.760000228881836,13.760000228881836,13.760000228881836,13.760000228881836,12.815999984741211,12.815999984741211,12.815999984741211,12.815999984741211,12.791999816894531,12.791999816894531,12.791999816894531,12.784000396728516,12.784000396728516,12.767999649047852,12.760000228881836,12.760000228881836,12.767999649047852,12.776000022888184,12.776000022888184,12.791999816894531,12.791999816894531,inf,inf,10.343999862670898,10.343999862670898,10.343999862670898,10.343999862670898,10.343999862670898,inf,inf,inf,inf,inf,inf,inf,inf,inf,inf,inf,inf,inf,inf,inf,inf,inf,inf,3.888000011444092,3.888000011444092,3.888000011444092,3.888000011444092,3.888000011444092,3.803999900817871,3.803999900817871,3.803999900817871,3.803999900817871,3.74399995803833,3.74399995803833,3.740000009536743,3.740000009536743,3.74399995803833,3.747999906539917,3.752000093460083,3.752000093460083,2.8919999599456787,2.8239998817443848,2.8239998817443848,2.8239998817443848,2.8239998817443848,2.752000093460083,2.696000099182129,2.6559998989105225,2.6080000400543213,2.5480000972747803,2.492000102996826,2.444000005722046,2.384000062942505,2.3359999656677246,2.2920000553131104,2.2920000553131104,2.2679998874664307,2.247999906539917,2.200000047683716,2.1559998989105225,2.115999937057495,2.0880000591278076,2.058000087738037,2.0239999294281006,1.9980000257492065,1.9739999771118164,1.944000005722046,1.9320000410079956,1.9320000410079956,1.9240000247955322,1.9140000343322754,1.8980000019073486,1.8799999952316284,1.8619999885559082,1.840000033378601,1.8200000524520874,1.7960000038146973,1.7699999809265137,1.7699999809265137,1.7300000190734863,1.7300000190734863,1.7059999704360962,1.684000015258789,1.6619999408721924,1.6440000534057617,1.5199999809265137,1.5199999809265137,1.50600004196167,1.49399995803833,1.4819999933242798,inf,inf,inf,inf,inf,1.3980000019073486,1.3980000019073486,1.3980000019073486,1.3980000019073486,1.3980000019073486,1.3860000371932983,...,0.0,0.0,0.0,0.0,0.0,0.0,0.0,0.0,0.0,0.0,0.0,0.0,0.0,0.0,0.0,0.0,0.0,0.0,0.0,0.0,0.0,0.0,0.0,0.0,0.0,0.0,0.0,0.0,0.0,0.0,0.0,0.0,0.0,0.0,0.0,0.0,0.0,0.0,0.0,0.0,0.0,0.0,0.0,0.0,0.0,0.0,0.0,0.0,0.0,0.0,0.0,0.0,0.0,0.0,0.0,0.0,0.0,0.0,0.0,0.0,0.0,0.0,0.0,0.0,0.0,0.0,0.0,0.0,0.0,0.0,0.0,0.0,0.0,0.0,0.0,0.0,0.0,0.0,0.0,0.0,0.0,0.0,0.0,0.0,0.0,0.0,0.0,0.0,0.0,0.0,47.0,47.0,47.0,47.0,47.0,0.0,0.0,0.0,0.0,0.0,0.0,0.0,0.0,0.0,0.0,0.0,0.0,0.0,0.0,0.0,0.0,0.0,0.0,0.0,0.0,0.0,0.0,0.0,0.0,0.0,0.0,0.0,0.0,0.0,0.0,0.0,0.0,0.0,...
1763031475,55370772,laser,-3.1241390705108643,3.1415927410125732,0.0034828970674425364,5.418457658379339e-05,0.09747805446386337,0.15000000596046448,16.0,13.600000381469727,13.600000381469727,13.592000007629395,13.680000305175781,13.760000228881836,13.760000228881836,13.760000228881836,13.760000228881836,13.760000228881836,12.784000396728516,12.784000396728516,12.784000396728516,12.776000022888184,12.776000022888184,12.776000022888184,12.776000022888184,12.776000022888184,12.784000396728516,12.776000022888184,12.767999649047852,12.776000022888184,12.767999649047852,12.776000022888184,12.784000396728516,12.784000396728516,12.784000396728516,inf,10.392000198364258,10.392000198364258,10.392000198364258,10.392000198364258,10.392000198364258,inf,inf,inf,inf,inf,inf,inf,inf,inf,inf,inf,inf,inf,inf,inf,inf,inf,inf,inf,3.7799999713897705,3.7799999713897705,3.7799999713897705,3.7799999713897705,3.7799999713897705,3.740000009536743,3.740000009536743,3.740000009536743,3.740000009536743,3.74399995803833,3.747999906539917,3.74399995803833,3.74399995803833,3.747999906539917,3.747999906539917,2.936000108718872,2.936000108718872,2.936000108718872,2.871999979019165,2.871999979019165,2.7960000038146973,2.74399995803833,2.684000015258789,2.631999969482422,2.5799999237060547,2.5280001163482666,2.4119999408721924,2.4119999408721924,2.375999927520752,2.3359999656677246,2.299999952316284,2.299999952316284,2.2039999961853027,2.2039999961853027,2.191999912261963,2.135999917984009,2.0959999561309814,2.0799999237060547,2.055999994277954,2.0160000324249268,1.9859999418258667,1.9639999866485596,1.9299999475479126,1.9299999475479126,1.906000018119812,1.8919999599456787,1.8799999952316284,1.8700000047683716,1.8559999465942383,1.8420000076293945,1.8259999752044678,1.805999994277954,1.805999994277954,1.7860000133514404,1.7619999647140503,1.7339999675750732,1.7139999866485596,1.7000000476837158,1.6820000410079956,1.6619999408721924,1.6339999437332153,1.5080000162124634,1.5080000162124634,1.4980000257492065,1.4880000352859497,1.4880000352859497,1.4819999933242798,inf,inf,1.4140000343322754,1.4140000343322754,1.4140000343322754,1.4140000343322754,1.4140000343322754,1.3980000019073486,1.3980000019073486,1.3980000019073486,...,0.0,0.0,0.0,0.0,0.0,0.0,0.0,0.0,0.0,0.0,0.0,0.0,0.0,0.0,0.0,0.0,0.0,0.0,0.0,0.0,0.0,0.0,0.0,0.0,0.0,0.0,0.0,0.0,0.0,0.0,0.0,0.0,0.0,0.0,0.0,0.0,0.0,0.0,0.0,0.0,0.0,0.0,0.0,0.0,0.0,0.0,0.0,0.0,0.0,0.0,0.0,0.0,0.0,0.0,0.0,0.0,0.0,0.0,0.0,0.0,0.0,0.0,0.0,0.0,0.0,0.0,0.0,0.0,0.0,0.0,0.0,0.0,0.0,0.0,0.0,0.0,0.0,0.0,0.0,0.0,0.0,0.0,0.0,0.0,0.0,0.0,0.0,0.0,0.0,0.0,0.0,0.0,0.0,0.0,0.0,0.0,0.0,0.0,0.0,0.0,0.0,0.0,0.0,0.0,0.0,0.0,0.0,0.0,0.0,0.0,0.0,0.0,0.0,0.0,0.0,0.0,0.0,0.0,0.0,0.0,0.0,0.0,0.0,0.0,0.0,47.0,47.0,47.0,...
1763031475,154942222,laser,-3.1241390705108643,3.1415927410125732,0.0034828970674425364,5.345134559320286e-05,0.09615897387266159,0.15000000596046448,16.0,13.815999984741211,13.815999984741211,13.815999984741211,13.831999778747559,13.831999778747559,13.831999778747559,13.831999778747559,13.751999855041504,13.751999855041504,12.944000244140625,12.944000244140625,12.944000244140625,12.944000244140625,12.784000396728516,12.784000396728516,12.784000396728516,12.784000396728516,12.791999816894531,12.776000022888184,12.784000396728516,12.776000022888184,12.760000228881836,12.760000228881836,12.776000022888184,12.800000190734863,12.767999649047852,inf,inf,inf,inf,inf,inf,inf,inf,inf,inf,inf,inf,inf,inf,inf,inf,inf,inf,inf,inf,inf,4.0879998207092285,4.0879998207092285,4.0879998207092285,4.0879998207092285,4.0879998207092285,3.9760000705718994,3.9760000705718994,3.9760000705718994,3.868000030517578,3.868000030517578,3.868000030517578,3.7839999198913574,3.740000009536743,3.740000009536743,3.74399995803833,3.74399995803833,3.747999906539917,3.752000093460083,3.752000093460083,3.752000093460083,2.936000108718872,2.871999979019165,2.871999979019165,2.871999979019165,2.799999952316284,2.740000009536743,2.684000015258789,2.628000020980835,2.5759999752044678,2.5320000648498535,2.4760000705718994,2.4240000247955322,2.375999927520752,2.3359999656677246,2.2920000553131104,2.2920000553131104,2.240000009536743,2.2160000801086426,2.191999912261963,2.1480000019073486,2.1080000400543213,2.0799999237060547,2.055999994277954,2.0160000324249268,1.9859999418258667,1.9639999866485596,1.9320000410079956,1.9320000410079956,1.906000018119812,1.8860000371932983,1.8760000467300415,1.8660000562667847,1.850000023841858,1.8420000076293945,1.8259999752044678,1.8079999685287476,1.7879999876022339,1.7879999876022339,1.7619999647140503,1.7400000095367432,1.7200000286102295,1.7020000219345093,1.684000015258789,1.6619999408721924,1.6399999856948853,1.5119999647140503,1.5119999647140503,1.503999948501587,1.4900000095367432,1.465999960899353,inf,inf,inf,inf,inf,1.4019999504089355,1.4019999504089355,1.4019999504089355,1.4019999504089355,1.4019999504089355,1.3880000114440918,...,47.0,47.0,47.0,47.0,47.0,0.0,0.0,0.0,0.0,0.0,0.0,0.0,0.0,0.0,0.0,0.0,0.0,0.0,47.0,47.0,47.0,47.0,47.0,0.0,0.0,0.0,0.0,0.0,0.0,0.0,0.0,0.0,0.0,0.0,0.0,0.0,0.0,0.0,0.0,0.0,0.0,0.0,0.0,0.0,0.0,0.0,0.0,0.0,0.0,0.0,0.0,0.0,0.0,0.0,0.0,0.0,0.0,0.0,0.0,0.0,0.0,0.0,0.0,0.0,0.0,0.0,0.0,47.0,47.0,47.0,47.0,47.0,0.0,0.0,0.0,0.0,0.0,0.0,0.0,0.0,0.0,0.0,0.0,0.0,0.0,0.0,0.0,0.0,0.0,0.0,0.0,0.0,0.0,0.0,0.0,0.0,0.0,0.0,0.0,0.0,0.0,0.0,0.0,0.0,0.0,0.0,0.0,0.0,0.0,0.0,0.0,0.0,0.0,0.0,0.0,0.0,0.0,0.0,0.0,0.0,0.0,0.0,0.0,47.0,47.0,47.0,47.0,47.0,...
1763031475,252716243,laser,-3.1241390705108643,3.1415927410125732,0.0034828970674425364,5.7148386986227706e-05,0.10280994325876236,0.15000000596046448,16.0,13.727999687194824,13.727999687194824,13.807999610900879,13.847999572753906,13.847999572753906,13.767999649047852,13.767999649047852,13.767999649047852,13.767999649047852,12.784000396728516,12.784000396728516,12.784000396728516,12.784000396728516,12.784000396728516,12.784000396728516,12.784000396728516,12.791999816894531,12.791999816894531,12.784000396728516,12.767999649047852,12.760000228881836,12.760000228881836,12.776000022888184,12.776000022888184,12.776000022888184,12.760000228881836,inf,inf,inf,inf,inf,inf,inf,inf,inf,inf,inf,inf,inf,inf,inf,inf,inf,inf,inf,inf,inf,inf,inf,inf,3.8559999465942383,3.8559999465942383,3.8559999465942383,3.8559999465942383,3.8559999465942383,3.7799999713897705,3.7799999713897705,3.7799999713897705,3.7799999713897705,3.74399995803833,3.740000009536743,3.74399995803833,3.74399995803833,3.747999906539917,3.747999906539917,3.747999906539917,3.747999906539917,2.931999921798706,2.868000030517578,2.868000030517578,2.868000030517578,2.799999952316284,2.7279999256134033,2.6679999828338623,2.631999969482422,2.5799999237060547,2.5280001163482666,2.4119999408721924,2.375999927520752,2.375999927520752,2.3359999656677246,2.3359999656677246,2.299999952316284,2.2039999961853027,2.2039999961853027,2.191999912261963,2.135999917984009,2.0999999046325684,2.0799999237060547,2.053999900817871,2.0160000324249268,1.9880000352859497,1.9639999866485596,1.9639999866485596,1.9359999895095825,1.9179999828338623,1.9119999408721924,1.9040000438690186,1.8940000534057617,1.8739999532699585,1.850000023841858,1.8279999494552612,1.805999994277954,1.805999994277954,1.7860000133514404,1.7619999647140503,1.7400000095367432,1.7200000286102295,1.7020000219345093,1.6820000410079956,1.6619999408721924,1.628000020980835,1.5099999904632568,1.5099999904632568,1.5019999742507935,1.4900000095367432,1.4900000095367432,1.465999960899353,inf,1.4299999475479126,1.4299999475479126,1.4299999475479126,1.4299999475479126,1.4299999475479126,1.4019999504089355,1.4019999504089355,1.4019999504089355,1.4019999504089355,...,0.0,0.0,0.0,0.0,0.0,0.0,0.0,0.0,0.0,0.0,0.0,0.0,0.0,0.0,0.0,0.0,0.0,0.0,0.0,47.0,47.0,47.0,47.0,47.0,0.0,0.0,0.0,0.0,0.0,0.0,0.0,0.0,0.0,0.0,0.0,0.0,0.0,0.0,0.0,0.0,0.0,0.0,0.0,0.0,0.0,0.0,0.0,0.0,0.0,0.0,0.0,0.0,0.0,0.0,0.0,0.0,0.0,0.0,0.0,0.0,0.0,0.0,0.0,0.0,0.0,0.0,0.0,0.0,47.0,47.0,47.0,47.0,47.0,0.0,0.0,0.0,0.0,0.0,0.0,0.0,0.0,0.0,0.0,0.0,0.0,0.0,0.0,0.0,0.0,0.0,0.0,0.0,0.0,0.0,0.0,0.0,0.0,0.0,0.0,0.0,0.0,0.0,0.0,0.0,0.0,0.0,0.0,0.0,0.0,0.0,0.0,0.0,0.0,0.0,0.0,0.0,0.0,0.0,0.0,0.0,0.0,0.0,0.0,0.0,47.0,47.0,47.0,47.0,...
1763031475,357172944,laser,-3.1241390705108643,3.1415927410125732,0.0034828970674425364,5.369607970351353e-05,0.09659925103187561,0.15000000596046448,16.0,13.656000137329102,13.656000137329102,13.687999725341797,13.767999649047852,13.767999649047852,13.767999649047852,inf,12.935999870300293,12.935999870300293,12.935999870300293,12.935999870300293,12.935999870300293,12.784000396728516,12.784000396728516,12.784000396728516,12.776000022888184,12.784000396728516,12.784000396728516,12.776000022888184,12.776000022888184,12.767999649047852,12.760000228881836,12.760000228881836,12.767999649047852,12.784000396728516,12.767999649047852,inf,inf,10.51200008392334,10.51200008392334,10.51200008392334,10.51200008392334,10.51200008392334,inf,inf,inf,inf,inf,inf,inf,inf,inf,inf,inf,inf,inf,inf,inf,inf,inf,3.9040000438690186,3.9040000438690186,3.9040000438690186,3.9040000438690186,3.9040000438690186,3.808000087738037,3.808000087738037,3.808000087738037,3.752000093460083,3.74399995803833,3.74399995803833,3.740000009536743,3.7360000610351562,3.74399995803833,3.747999906539917,3.752000093460083,2.884000062942505,2.884000062942505,2.8239998817443848,2.8239998817443848,2.8239998817443848,2.759999990463257,2.759999990463257,2.6480000019073486,2.6480000019073486,2.5920000076293945,2.5360000133514404,2.48799991607666,2.440000057220459,2.384000062942505,2.3399999141693115,2.2960000038146973,2.2720000743865967,2.247999906539917,2.247999906539917,2.200000047683716,2.1600000858306885,2.115999937057495,2.0880000591278076,2.055999994277954,2.0220000743865967,2.0,1.972000002861023,1.944000005722046,1.9299999475479126,1.9160000085830688,1.9160000085830688,1.909999966621399,1.8980000019073486,1.8819999694824219,1.8660000562667847,1.843999981880188,1.8200000524520874,1.7960000038146973,1.7699999809265137,1.7480000257492065,1.7280000448226929,1.7059999704360962,1.7059999704360962,1.684000015258789,1.6619999408721924,1.6440000534057617,1.5180000066757202,1.5180000066757202,1.50600004196167,1.496000051498413,1.4859999418258667,inf,inf,inf,inf,inf,1.4019999504089355,1.4019999504089355,1.4019999504089355,1.4019999504089355,1.4019999504089355,1.3880000114440918,...,0.0,0.0,0.0,0.0,0.0,0.0,0.0,0.0,0.0,0.0,0.0,0.0,0.0,0.0,0.0,0.0,0.0,0.0,0.0,47.0,47.0,47.0,47.0,47.0,0.0,0.0,0.0,0.0,0.0,0.0,0.0,0.0,0.0,0.0,0.0,0.0,0.0,0.0,0.0,0.0,0.0,0.0,0.0,0.0,0.0,0.0,0.0,0.0,0.0,0.0,0.0,0.0,0.0,0.0,0.0,0.0,0.0,0.0,0.0,0.0,0.0,0.0,0.0,0.0,0.0,0.0,0.0,0.0,0.0,0.0,0.0,0.0,0.0,0.0,0.0,0.0,0.0,0.0,0.0,0.0,0.0,0.0,0.0,0.0,0.0,0.0,0.0,0.0,0.0,47.0,47.0,47.0,47.0,47.0,0.0,0.0,0.0,0.0,0.0,0.0,0.0,0.0,0.0,0.0,0.0,0.0,0.0,0.0,0.0,0.0,0.0,0.0,0.0,0.0,0.0,0.0,0.0,0.0,0.0,0.0,0.0,0.0,0.0,0.0,0.0,0.0,0.0,0.0,...
1763031475,455321727,laser,-3.1241390705108643,3.1415927410125732,0.0034828970674425364,5.716990926885046e-05,0.10284866392612457,0.15000000596046448,16.0,13.631999969482422,13.631999969482422,13.592000007629395,13.631999969482422,13.704000473022461,13.704000473022461,13.704000473022461,13.704000473022461,12.807999610900879,12.807999610900879,12.807999610900879,12.807999610900879,12.784000396728516,12.784000396728516,12.784000396728516,12.784000396728516,12.784000396728516,12.784000396728516,12.784000396728516,12.767999649047852,12.760000228881836,12.767999649047852,12.784000396728516,12.776000022888184,12.776000022888184,12.776000022888184,inf,10.399999618530273,10.399999618530273,10.399999618530273,10.399999618530273,10.399999618530273,inf,inf,inf,inf,inf,inf,inf,inf,inf,inf,inf,inf,inf,inf,inf,inf,inf,inf,inf,inf,inf,inf,3.75600004196167,3.75600004196167,3.75600004196167,3.75600004196167,3.75600004196167,3.74399995803833,3.7360000610351562,3.7360000610351562,3.740000009536743,3.747999906539917,3.752000093460083,3.752000093460083,2.888000011444092,2.888000011444092,2.888000011444092,2.8399999141693115,2.8399999141693115,2.7920000553131104,2.6519999504089355,2.6519999504089355,2.611999988555908,2.611999988555908,2.559999942779541,2.503999948501587,2.4560000896453857,2.3959999084472656,2.359999895095825,2.3239998817443848,2.2920000553131104,2.171999931335449,2.171999931335449,2.171999931335449,2.128000020980835,2.128000020980835,2.0999999046325684,2.063999891281128,2.0360000133514404,2.01200008392334,1.9819999933242798,1.944000005722046,1.906000018119812,1.8899999856948853,1.8860000371932983,1.878000020980835,1.8660000562667847,1.8660000562667847,1.8559999465942383,1.840000033378601,1.8200000524520874,1.7979999780654907,1.7760000228881836,1.753999948501587,1.7300000190734863,1.7100000381469727,1.6920000314712524,1.6920000314712524,1.6699999570846558,1.649999976158142,1.5080000162124634,1.5080000162124634,1.5080000162124634,1.4980000257492065,1.4839999675750732,1.4759999513626099,inf,inf,inf,inf,inf,1.399999976158142,1.399999976158142,1.399999976158142,1.399999976158142,1.399999976158142,...,0.0,0.0,0.0,0.0,0.0,0.0,0.0,0.0,0.0,0.0,0.0,0.0,0.0,0.0,0.0,0.0,0.0,0.0,0.0,47.0,47.0,47.0,47.0,47.0,0.0,0.0,0.0,0.0,0.0,0.0,0.0,0.0,0.0,0.0,0.0,0.0,0.0,0.0,0.0,0.0,0.0,0.0,0.0,0.0,0.0,0.0,0.0,0.0,0.0,0.0,0.0,0.0,0.0,0.0,0.0,0.0,0.0,0.0,0.0,0.0,0.0,0.0,0.0,0.0,0.0,0.0,0.0,0.0,0.0,0.0,0.0,0.0,0.0,0.0,0.0,0.0,0.0,0.0,0.0,0.0,0.0,0.0,0.0,0.0,0.0,0.0,0.0,0.0,0.0,0.0,0.0,0.0,0.0,0.0,0.0,0.0,0.0,0.0,0.0,0.0,0.0,0.0,0.0,0.0,0.0,0.0,0.0,0.0,0.0,0.0,0.0,0.0,0.0,0.0,0.0,0.0,0.0,0.0,0.0,0.0,0.0,0.0,0.0,0.0,0.0,0.0,0.0,0.0,...
1763031475,560044169,laser,-3.1241390705108643,3.1415927410125732,0.0034828970674425364,5.3548908908851445e-05,0.09633448719978333,0.15000000596046448,16.0,13.640000343322754,13.640000343322754,13.680000305175781,13.680000305175781,13.760000228881836,13.760000228881836,inf,inf,12.86400032043457,12.86400032043457,12.86400032043457,12.86400032043457,12.86400032043457,12.784000396728516,12.784000396728516,12.784000396728516,12.791999816894531,12.776000022888184,12.760000228881836,12.760000228881836,12.760000228881836,12.767999649047852,12.767999649047852,12.767999649047852,12.784000396728516,inf,inf,inf,10.46399974822998,10.46399974822998,10.46399974822998,10.46399974822998,10.46399974822998,inf,inf,inf,inf,inf,inf,inf,inf,inf,inf,inf,inf,inf,inf,inf,inf,inf,inf,inf,3.75600004196167,3.75600004196167,3.75600004196167,3.75600004196167,3.75600004196167,3.740000009536743,3.740000009536743,3.740000009536743,3.7360000610351562,3.740000009536743,3.740000009536743,3.747999906539917,3.747999906539917,3.752000093460083,2.888000011444092,2.888000011444092,2.888000011444092,2.888000011444092,2.8399999141693115,2.7880001068115234,2.7200000286102295,2.6519999504089355,2.611999988555908,2.559999942779541,2.559999942779541,2.503999948501587,2.4560000896453857,2.3959999084472656,2.3559999465942383,2.3239998817443848,2.2960000038146973,2.171999931335449,2.171999931335449,2.171999931335449,2.131999969482422,2.0999999046325684,2.068000078201294,2.068000078201294,2.0360000133514404,2.00600004196167,1.9759999513626099,1.9459999799728394,1.906000018119812,1.8880000114440918,1.8799999952316284,1.8639999628067017,1.8519999980926514,1.843999981880188,1.843999981880188,1.8339999914169312,1.8200000524520874,1.7979999780654907,1.7760000228881836,1.7519999742507935,1.7300000190734863,1.7100000381469727,1.6920000314712524,1.6699999570846558,1.6699999570846558,1.649999976158142,1.4980000257492065,1.4980000257492065,1.4980000257492065,1.4980000257492065,1.4859999418258667,inf,inf,inf,inf,1.4019999504089355,1.4019999504089355,1.4019999504089355,1.4019999504089355,1.4019999504089355,1.3940000534057617,1.3940000534057617,...,0.0,0.0,0.0,0.0,0.0,0.0,0.0,0.0,0.0,0.0,0.0,0.0,0.0,0.0,0.0,0.0,0.0,0.0,0.0,0.0,0.0,0.0,0.0,0.0,0.0,0.0,0.0,0.0,0.0,0.0,0.0,0.0,0.0,0.0,0.0,0.0,0.0,0.0,0.0,0.0,0.0,0.0,0.0,0.0,0.0,0.0,0.0,0.0,0.0,0.0,0.0,0.0,0.0,0.0,0.0,0.0,0.0,0.0,0.0,0.0,0.0,0.0,0.0,0.0,0.0,0.0,0.0,0.0,0.0,0.0,0.0,0.0,0.0,0.0,0.0,0.0,0.0,0.0,0.0,0.0,0.0,0.0,0.0,0.0,0.0,0.0,0.0,0.0,0.0,47.0,47.0,47.0,47.0,47.0,0.0,0.0,0.0,0.0,0.0,0.0,0.0,0.0,0.0,0.0,0.0,0.0,0.0,0.0,0.0,0.0,0.0,0.0,0.0,0.0,0.0,0.0,0.0,0.0,0.0,0.0,0.0,0.0,0.0,0.0,0.0,0.0,0.0,0.0,...
1763031475,657600420,laser,-3.1241390705108643,3.1415927410125732,0.0034828970674425364,5.397818677010946e-05,0.09710675477981567,0.15000000596046448,16.0,13.680000305175781,13.680000305175781,13.680000305175781,13.680000305175781,13.760000228881836,13.760000228881836,13.760000228881836,inf,inf,12.86400032043457,12.86400032043457,12.86400032043457,12.86400032043457,12.86400032043457,12.784000396728516,12.784000396728516,12.791999816894531,12.776000022888184,12.760000228881836,12.760000228881836,12.760000228881836,12.767999649047852,12.776000022888184,12.776000022888184,12.784000396728516,inf,inf,inf,inf,10.343999862670898,10.343999862670898,10.343999862670898,10.343999862670898,10.343999862670898,inf,inf,inf,inf,inf,inf,inf,inf,inf,inf,inf,inf,inf,inf,inf,inf,inf,inf,3.9079999923706055,3.9079999923706055,3.9079999923706055,3.9079999923706055,3.9079999923706055,3.808000087738037,3.752000093460083,3.74399995803833,3.74399995803833,3.740000009536743,3.740000009536743,3.74399995803833,3.747999906539917,3.752000093460083,2.884000062942505,2.884000062942505,2.884000062942505,2.884000062942505,2.8399999141693115,2.7880001068115234,2.7880001068115234,2.6519999504089355,2.6519999504089355,2.611999988555908,2.5,2.4519999027252197,2.4519999027252197,2.3959999084472656,2.3480000495910645,2.303999900817871,2.2839999198913574,2.196000099182129,2.196000099182129,2.171999931335449,2.171999931335449,2.128000020980835,2.0920000076293945,2.059999942779541,2.0280001163482666,1.9980000257492065,1.9759999513626099,1.9479999542236328,1.9140000343322754,1.8919999599456787,1.8919999599456787,1.8739999532699585,1.8739999532699585,1.8639999628067017,1.8559999465942383,1.8380000591278076,1.8179999589920044,1.7979999780654907,1.7719999551773071,1.75,1.7300000190734863,1.7100000381469727,1.7100000381469727,1.690000057220459,1.6679999828338623,1.649999976158142,1.531999945640564,1.5080000162124634,1.5080000162124634,1.4980000257492065,1.4839999675750732,inf,inf,inf,inf,1.399999976158142,1.399999976158142,1.399999976158142,1.399999976158142,1.399999976158142,1.3880000114440918,1.3880000114440918,...,47.0,47.0,47.0,47.0,47.0,0.0,0.0,0.0,0.0,0.0,0.0,0.0,0.0,0.0,0.0,0.0,0.0,0.0,0.0,0.0,0.0,0.0,0.0,0.0,0.0,0.0,0.0,0.0,0.0,0.0,0.0,0.0,0.0,0.0,0.0,0.0,0.0,0.0,0.0,0.0,0.0,0.0,0.0,0.0,0.0,0.0,0.0,0.0,0.0,0.0,0.0,0.0,0.0,0.0,0.0,0.0,0.0,0.0,0.0,0.0,0.0,0.0,0.0,0.0,0.0,0.0,0.0,0.0,0.0,0.0,0.0,0.0,0.0,0.0,0.0,0.0,0.0,0.0,0.0,0.0,0.0,0.0,0.0,0.0,0.0,0.0,0.0,0.0,0.0,0.0,0.0,47.0,47.0,47.0,47.0,47.0,0.0,0.0,0.0,0.0,0.0,0.0,0.0,0.0,0.0,0.0,0.0,0.0,0.0,0.0,0.0,0.0,0.0,0.0,0.0,0.0,0.0,0.0,0.0,0.0,0.0,0.0,0.0,0.0,0.0,0.0,0.0,0.0,...
1763031475,756355727,laser,-3.1241390705108643,3.1415927410125732,0.0034828970674425364,5.7100340200122446e-05,0.10272351652383804,0.15000000596046448,16.0,13.576000213623047,13.576000213623047,13.576000213623047,13.67199993133545,13.751999855041504,13.751999855041504,13.751999855041504,inf,inf,12.800000190734863,12.800000190734863,12.800000190734863,12.800000190734863,12.800000190734863,12.776000022888184,12.776000022888184,12.784000396728516,12.767999649047852,12.767999649047852,12.751999855041504,12.751999855041504,12.767999649047852,12.776000022888184,12.776000022888184,12.784000396728516,inf,inf,inf,inf,10.288000106811523,10.288000106811523,10.288000106811523,10.288000106811523,10.288000106811523,inf,inf,inf,inf,inf,inf,inf,inf,inf,inf,inf,inf,inf,inf,inf,inf,inf,inf,3.9079999923706055,3.9079999923706055,3.9079999923706055,3.9079999923706055,3.9079999923706055,3.812000036239624,3.752000093460083,3.740000009536743,3.740000009536743,3.7360000610351562,3.740000009536743,3.74399995803833,3.747999906539917,3.752000093460083,2.884000062942505,2.884000062942505,2.884000062942505,2.884000062942505,2.819999933242798,2.75600004196167,2.7039999961853027,2.6519999504089355,2.5999999046325684,2.5999999046325684,2.5399999618530273,2.48799991607666,2.440000057220459,2.3919999599456787,2.3480000495910645,2.299999952316284,2.2799999713897705,2.252000093460083,2.2039999961853027,2.1600000858306885,2.115999937057495,2.115999937057495,2.0920000076293945,2.059999942779541,2.0280001163482666,2.003999948501587,1.9739999771118164,1.9479999542236328,1.9359999895095825,1.9220000505447388,1.9220000505447388,1.9119999408721924,1.8980000019073486,1.878000020980835,1.8639999628067017,1.8420000076293945,1.8179999589920044,1.7960000038146973,1.7719999551773071,1.7480000257492065,1.7280000448226929,1.7079999446868896,1.7079999446868896,1.690000057220459,1.6679999828338623,1.6460000276565552,1.5219999551773071,1.5080000162124634,1.5080000162124634,1.496000051498413,1.4839999675750732,1.468000054359436,inf,inf,inf,1.399999976158142,1.399999976158142,1.399999976158142,1.399999976158142,1.399999976158142,1.3860000371932983,1.3860000371932983,...,47.0,47.0,47.0,47.0,47.0,0.0,0.0,0.0,0.0,0.0,0.0,0.0,0.0,0.0,0.0,0.0,0.0,0.0,0.0,0.0,0.0,0.0,0.0,0.0,0.0,0.0,0.0,0.0,0.0,0.0,0.0,0.0,0.0,0.0,0.0,0.0,0.0,0.0,0.0,0.0,0.0,0.0,0.0,0.0,0.0,0.0,0.0,0.0,0.0,0.0,0.0,0.0,0.0,0.0,0.0,0.0,0.0,0.0,0.0,0.0,0.0,0.0,0.0,0.0,0.0,0.0,0.0,0.0,0.0,0.0,0.0,0.0,0.0,0.0,0.0,0.0,0.0,0.0,0.0,0.0,0.0,0.0,0.0,0.0,0.0,0.0,0.0,0.0,0.0,0.0,0.0,47.0,47.0,47.0,47.0,47.0,0.0,0.0,0.0,0.0,0.0,0.0,0.0,0.0,0.0,0.0,0.0,0.0,0.0,0.0,0.0,0.0,0.0,0.0,0.0,0.0,0.0,0.0,0.0,0.0,0.0,0.0,0.0,0.0,0.0,0.0,0.0,0.0,...
1763031475,861019482,laser,-3.1241390705108643,3.1415927410125732,0.0034828970674425364,5.3620471589965746e-05,0.09646322578191757,0.15000000596046448,16.0,13.583999633789062,13.583999633789062,13.583999633789062,13.67199993133545,13.744000434875488,13.744000434875488,13.744000434875488,inf,inf,12.784000396728516,12.784000396728516,12.784000396728516,12.784000396728516,12.784000396728516,12.767999649047852,12.767999649047852,12.767999649047852,12.767999649047852,12.776000022888184,12.767999649047852,12.751999855041504,12.760000228881836,12.784000396728516,12.784000396728516,12.784000396728516,12.784000396728516,inf,inf,inf,10.343999862670898,10.343999862670898,10.343999862670898,10.343999862670898,10.343999862670898,inf,inf,inf,inf,inf,inf,inf,inf,inf,inf,inf,inf,inf,inf,inf,inf,inf,inf,inf,3.871999979019165,3.871999979019165,3.871999979019165,3.871999979019165,3.871999979019165,3.7880001068115234,3.740000009536743,3.740000009536743,3.74399995803833,3.747999906539917,3.747999906539917,3.747999906539917,3.747999906539917,2.931999921798706,2.871999979019165,2.871999979019165,2.871999979019165,2.871999979019165,2.799999952316284,2.747999906539917,2.624000072479248,2.5799999237060547,2.5799999237060547,2.5280001163482666,2.4839999675750732,2.4839999675750732,2.371999979019165,2.371999979019165,2.3359999656677246,2.299999952316284,2.2079999446868896,2.191999912261963,2.191999912261963,2.135999917984009,2.0999999046325684,2.0840001106262207,2.059999942779541,2.059999942779541,1.9919999837875366,1.9919999837875366,1.968000054359436,1.9420000314712524,1.9259999990463257,1.9179999828338623,1.9119999408721924,1.8960000276565552,1.8700000047683716,1.850000023841858,1.8339999914169312,1.8339999914169312,1.812000036239624,1.784000039100647,1.7580000162124634,1.7419999837875366,1.722000002861023,1.7039999961853027,1.684000015258789,1.6619999408721924,1.6360000371932983,1.5180000066757202,1.50600004196167,1.50600004196167,1.49399995803833,1.49399995803833,1.468000054359436,1.434000015258789,1.434000015258789,1.434000015258789,1.434000015258789,1.434000015258789,1.4119999408721924,1.4119999408721924,1.4119999408721924,1.4119999408721924,1.399999976158142,...,47.0,47.0,47.0,47.0,47.0,0.0,0.0,0.0,0.0,0.0,0.0,0.0,0.0,0.0,0.0,0.0,0.0,47.0,47.0,47.0,47.0,47.0,0.0,0.0,0.0,0.0,0.0,0.0,0.0,0.0,0.0,0.0,0.0,0.0,0.0,0.0,0.0,0.0,0.0,0.0,0.0,0.0,0.0,0.0,0.0,0.0,0.0,0.0,0.0,0.0,0.0,0.0,0.0,0.0,0.0,0.0,0.0,0.0,0.0,0.0,0.0,0.0,0.0,0.0,0.0,0.0,0.0,0.0,0.0,0.0,47.0,47.0,47.0,47.0,47.0,0.0,0.0,0.0,0.0,0.0,0.0,0.0,0.0,0.0,0.0,0.0,0.0,0.0,0.0,0.0,0.0,0.0,0.0,0.0,0.0,0.0,0.0,0.0,0.0,0.0,0.0,0.0,0.0,0.0,0.0,0.0,0.0,0.0,0.0,0.0,0.0,0.0,0.0,0.0,0.0,0.0,0.0,0.0,0.0,0.0,0.0,0.0,0.0,0.0,0.0,0.0,47.0,47.0,...
1763031475,959061090,laser,-3.1241390705108643,3.1415927410125732,0.0034828970674425364,5.707573291147128e-05,0.10267923772335052,0.15000000596046448,16.0,13.607999801635742,13.704000473022461,13.704000473022461,13.760000228881836,13.760000228881836,13.760000228881836,13.760000228881836,13.760000228881836,12.920000076293945,12.920000076293945,12.920000076293945,12.784000396728516,12.784000396728516,12.784000396728516,12.784000396728516,12.776000022888184,12.784000396728516,12.776000022888184,12.767999649047852,12.776000022888184,12.767999649047852,12.776000022888184,12.776000022888184,12.784000396728516,12.800000190734863,12.84000015258789,10.527999877929688,10.527999877929688,10.527999877929688,10.527999877929688,10.527999877929688,inf,inf,inf,inf,inf,inf,inf,inf,inf,inf,inf,inf,inf,inf,inf,inf,inf,inf,inf,3.859999895095825,3.859999895095825,3.859999895095825,3.859999895095825,3.859999895095825,3.7839999198913574,3.7839999198913574,3.7839999198913574,3.7839999198913574,3.740000009536743,3.7320001125335693,3.740000009536743,3.747999906539917,3.747999906539917,3.747999906539917,3.747999906539917,3.747999906539917,2.927999973297119,2.927999973297119,2.871999979019165,2.871999979019165,2.803999900817871,2.7239999771118164,2.6600000858306885,2.619999885559082,2.5759999752044678,2.51200008392334,2.4519999027252197,2.4079999923706055,2.371999979019165,2.371999979019165,2.3359999656677246,2.303999900817871,2.2039999961853027,2.2039999961853027,2.187999963760376,2.1519999504089355,2.115999937057495,2.0840001106262207,2.053999900817871,2.053999900817871,1.9800000190734863,1.9800000190734863,1.9539999961853027,1.9240000247955322,1.9019999504089355,1.8839999437332153,1.871999979019165,1.8660000562667847,1.8519999980926514,1.840000033378601,1.8220000267028809,1.8220000267028809,1.8040000200271606,1.784000039100647,1.7599999904632568,1.7380000352859497,1.718000054359436,1.7000000476837158,1.6799999475479126,1.659999966621399,1.6299999952316284,1.5140000581741333,1.5140000581741333,1.5019999742507935,1.4880000352859497,1.4880000352859497,1.4759999513626099,inf,inf,inf,inf,inf,1.4119999408721924,1.4119999408721924,1.4119999408721924,1.4119999408721924,1.4119999408721924,...,0.0,0.0,0.0,0.0,0.0,0.0,0.0,0.0,0.0,0.0,0.0,0.0,0.0,0.0,0.0,0.0,0.0,0.0,0.0,0.0,0.0,0.0,0.0,0.0,0.0,0.0,0.0,0.0,0.0,0.0,0.0,0.0,0.0,0.0,0.0,0.0,0.0,0.0,0.0,0.0,0.0,0.0,0.0,0.0,0.0,0.0,0.0,0.0,0.0,0.0,0.0,0.0,0.0,0.0,0.0,0.0,0.0,0.0,0.0,0.0,0.0,0.0,0.0,0.0,0.0,0.0,0.0,0.0,0.0,0.0,0.0,0.0,0.0,0.0,0.0,0.0,0.0,0.0,0.0,0.0,0.0,0.0,0.0,0.0,0.0,0.0,0.0,0.0,0.0,0.0,47.0,47.0,47.0,47.0,47.0,0.0,0.0,0.0,0.0,0.0,0.0,0.0,0.0,0.0,0.0,0.0,0.0,0.0,0.0,0.0,0.0,0.0,0.0,0.0,0.0,0.0,0.0,0.0,0.0,0.0,0.0,0.0,0.0,0.0,0.0,0.0,0.0,0.0,...
1763031476,63314916,laser,-3.1241390705108643,3.1415927410125732,0.0034828970674425364,5.381032678997144e-05,0.09680478274822235,0.15000000596046448,16.0,13.600000381469727,13.600000381469727,13.696000099182129,13.760000228881836,13.760000228881836,13.760000228881836,inf,12.920000076293945,12.920000076293945,12.920000076293945,12.920000076293945,12.920000076293945,12.776000022888184,12.776000022888184,12.776000022888184,12.776000022888184,12.791999816894531,12.767999649047852,12.760000228881836,12.767999649047852,12.776000022888184,12.776000022888184,12.776000022888184,12.767999649047852,12.776000022888184,12.855999946594238,inf,inf,10.520000457763672,10.520000457763672,10.520000457763672,10.520000457763672,10.520000457763672,inf,inf,inf,inf,inf,inf,inf,inf,inf,inf,inf,inf,inf,inf,inf,inf,3.9760000705718994,3.9760000705718994,3.9760000705718994,3.9760000705718994,3.9760000705718994,3.871999979019165,3.871999979019165,3.871999979019165,3.7880001068115234,3.7880001068115234,3.74399995803833,3.740000009536743,3.740000009536743,3.74399995803833,3.747999906539917,3.747999906539917,3.752000093460083,3.752000093460083,2.871999979019165,2.871999979019165,2.871999979019165,2.871999979019165,2.803999900817871,2.740000009536743,2.691999912261963,2.6480000019073486,2.5959999561309814,2.5439999103546143,2.492000102996826,2.440000057220459,2.384000062942505,2.3359999656677246,2.299999952316284,2.2639999389648438,2.2639999389648438,2.2360000610351562,2.191999912261963,2.1519999504089355,2.111999988555908,2.0840001106262207,2.055999994277954,2.0239999294281006,1.99399995803833,1.968000054359436,1.944000005722046,1.9140000343322754,1.9140000343322754,1.871999979019165,1.871999979019165,1.8619999885559082,1.8480000495910645,1.843999981880188,1.8339999914169312,1.815999984741211,1.7920000553131104,1.7680000066757202,1.7680000066757202,1.7239999771118164,1.7239999771118164,1.7079999446868896,1.6859999895095825,1.6619999408721924,1.6460000276565552,1.5180000066757202,1.50600004196167,1.50600004196167,1.49399995803833,1.4819999933242798,1.465999960899353,inf,inf,inf,1.399999976158142,1.399999976158142,1.399999976158142,1.399999976158142,1.399999976158142,1.3880000114440918,1.3880000114440918,...,0.0,0.0,0.0,0.0,0.0,0.0,0.0,0.0,0.0,0.0,0.0,0.0,0.0,0.0,0.0,0.0,0.0,0.0,0.0,0.0,0.0,0.0,0.0,0.0,0.0,0.0,0.0,0.0,0.0,0.0,0.0,0.0,0.0,0.0,0.0,0.0,0.0,0.0,0.0,0.0,0.0,0.0,0.0,0.0,0.0,0.0,0.0,0.0,0.0,0.0,0.0,0.0,0.0,0.0,0.0,0.0,0.0,0.0,0.0,0.0,0.0,0.0,0.0,0.0,0.0,0.0,0.0,0.0,0.0,0.0,0.0,0.0,0.0,0.0,0.0,0.0,0.0,0.0,0.0,0.0,0.0,0.0,0.0,0.0,0.0,0.0,0.0,0.0,0.0,47.0,47.0,47.0,47.0,47.0,0.0,0.0,0.0,0.0,0.0,0.0,0.0,0.0,0.0,0.0,0.0,0.0,0.0,0.0,0.0,0.0,0.0,0.0,0.0,0.0,0.0,0.0,0.0,0.0,0.0,0.0,0.0,0.0,0.0,0.0,0.0,0.0,0.0,0.0,...
1763031476,161692397,laser,-3.1241390705108643,3.1415927410125732,0.0034828970674425364,5.715186125598848e-05,0.10281619429588318,0.15000000596046448,16.0,13.600000381469727,13.600000381469727,13.600000381469727,13.680000305175781,13.704000473022461,13.704000473022461,13.704000473022461,13.704000473022461,inf,12.776000022888184,12.776000022888184,12.776000022888184,12.776000022888184,12.776000022888184,12.760000228881836,12.760000228881836,12.776000022888184,12.767999649047852,12.760000228881836,12.760000228881836,12.760000228881836,12.760000228881836,12.767999649047852,12.767999649047852,12.767999649047852,12.767999649047852,10.543999671936035,10.543999671936035,10.543999671936035,10.543999671936035,10.543999671936035,inf,inf,inf,inf,inf,inf,inf,inf,inf,inf,inf,inf,inf,inf,inf,4.6479997634887695,4.6479997634887695,4.6479997634887695,4.6479997634887695,4.6479997634887695,inf,inf,3.8320000171661377,3.8320000171661377,3.8320000171661377,3.8320000171661377,3.8320000171661377,3.759999990463257,3.740000009536743,3.7320001125335693,3.740000009536743,3.740000009536743,3.747999906539917,3.752000093460083,3.752000093460083,2.9040000438690186,2.9040000438690186,2.8559999465942383,2.8559999465942383,2.8559999465942383,2.799999952316284,2.7239999771118164,2.6559998989105225,2.615999937057495,2.568000078201294,2.568000078201294,2.51200008392334,2.4040000438690186,2.4040000438690186,2.368000030517578,2.328000068664551,2.299999952316284,2.184000015258789,2.140000104904175,2.140000104904175,2.140000104904175,2.1080000400543213,2.1080000400543213,2.078000068664551,2.0360000133514404,1.9980000257492065,1.9780000448226929,1.9520000219345093,1.9140000343322754,1.8899999856948853,1.878000020980835,1.8660000562667847,1.8600000143051147,1.8539999723434448,1.8539999723434448,1.8380000591278076,1.8200000524520874,1.7999999523162842,1.777999997138977,1.75600004196167,1.7319999933242798,1.7120000123977661,1.6959999799728394,1.6740000247955322,1.6740000247955322,1.656000018119812,1.5099999904632568,1.5,1.5,1.5,1.4880000352859497,1.4759999513626099,inf,inf,inf,inf,1.409999966621399,1.409999966621399,1.409999966621399,1.409999966621399,1.409999966621399,1.3960000276565552,...,0.0,0.0,0.0,0.0,0.0,0.0,0.0,0.0,0.0,0.0,0.0,0.0,0.0,0.0,0.0,0.0,0.0,0.0,0.0,0.0,0.0,0.0,0.0,0.0,0.0,0.0,0.0,0.0,0.0,0.0,0.0,0.0,0.0,0.0,0.0,0.0,0.0,0.0,0.0,0.0,0.0,0.0,0.0,0.0,0.0,0.0,0.0,0.0,0.0,0.0,0.0,0.0,0.0,0.0,0.0,0.0,0.0,0.0,0.0,0.0,0.0,0.0,0.0,0.0,0.0,0.0,0.0,0.0,0.0,47.0,47.0,47.0,47.0,47.0,0.0,0.0,0.0,0.0,0.0,0.0,0.0,0.0,0.0,0.0,0.0,0.0,0.0,0.0,0.0,0.0,47.0,47.0,47.0,47.0,47.0,0.0,0.0,0.0,0.0,0.0,0.0,0.0,0.0,0.0,0.0,0.0,0.0,0.0,0.0,0.0,0.0,0.0,0.0,0.0,0.0,0.0,0.0,0.0,0.0,0.0,0.0,0.0,0.0,0.0,0.0,0.0,0.0,0.0,...
1763031476,266014287,laser,-3.1241390705108643,3.1415927410125732,0.0034828970674425364,5.375965338316746e-05,0.09671361744403839,0.15000000596046448,16.0,13.607999801635742,13.696000099182129,13.696000099182129,13.696000099182129,13.760000228881836,13.760000228881836,13.760000228881836,13.760000228881836,12.911999702453613,12.911999702453613,12.911999702453613,12.911999702453613,12.767999649047852,12.767999649047852,12.767999649047852,12.767999649047852,12.784000396728516,12.767999649047852,12.751999855041504,12.751999855041504,12.751999855041504,12.760000228881836,12.760000228881836,12.760000228881836,12.776000022888184,inf,inf,10.46399974822998,10.46399974822998,10.46399974822998,10.46399974822998,10.46399974822998,inf,inf,inf,inf,inf,inf,inf,inf,inf,inf,inf,inf,inf,inf,4.0920000076293945,4.0920000076293945,4.0920000076293945,4.0920000076293945,4.0920000076293945,3.9800000190734863,3.9800000190734863,3.9800000190734863,3.875999927520752,3.875999927520752,3.875999927520752,3.7920000553131104,3.7920000553131104,3.74399995803833,3.740000009536743,3.74399995803833,3.747999906539917,3.747999906539917,3.747999906539917,3.747999906539917,3.747999906539917,2.888000011444092,2.888000011444092,2.888000011444092,2.888000011444092,2.752000093460083,2.752000093460083,2.700000047683716,2.6480000019073486,2.5880000591278076,2.5399999618530273,2.4839999675750732,2.431999921798706,2.380000114440918,2.3359999656677246,2.2920000553131104,2.24399995803833,2.24399995803833,2.191999912261963,2.191999912261963,2.1480000019073486,2.111999988555908,2.0880000591278076,2.055999994277954,2.0160000324249268,1.9880000352859497,1.9600000381469727,1.9299999475479126,1.9140000343322754,1.9140000343322754,1.9040000438690186,1.8980000019073486,1.8819999694824219,1.8639999628067017,1.850000023841858,1.8339999914169312,1.812000036239624,1.7879999876022339,1.7660000324249268,1.7660000324249268,1.722000002861023,1.722000002861023,1.7020000219345093,1.684000015258789,1.6619999408721924,1.6399999856948853,1.5180000066757202,1.503999948501587,1.503999948501587,1.4919999837875366,1.4819999933242798,1.4639999866485596,1.4359999895095825,1.4359999895095825,1.4359999895095825,1.4359999895095825,1.4359999895095825,1.4160000085830688,1.4160000085830688,1.4160000085830688,1.3980000019073486,1.3980000019073486,...,0.0,0.0,0.0,0.0,0.0,0.0,0.0,0.0,0.0,0.0,0.0,0.0,0.0,0.0,0.0,0.0,0.0,0.0,0.0,0.0,0.0,0.0,0.0,0.0,0.0,0.0,0.0,0.0,0.0,0.0,0.0,0.0,0.0,0.0,0.0,0.0,0.0,0.0,0.0,0.0,0.0,0.0,0.0,0.0,0.0,0.0,0.0,0.0,0.0,0.0,0.0,0.0,0.0,0.0,0.0,0.0,0.0,0.0,0.0,0.0,0.0,0.0,0.0,0.0,0.0,0.0,0.0,0.0,0.0,0.0,0.0,0.0,0.0,0.0,0.0,0.0,0.0,0.0,0.0,0.0,0.0,0.0,0.0,0.0,0.0,0.0,0.0,0.0,0.0,0.0,47.0,47.0,47.0,47.0,47.0,0.0,0.0,0.0,0.0,0.0,0.0,0.0,0.0,0.0,0.0,0.0,0.0,0.0,0.0,0.0,0.0,0.0,0.0,0.0,0.0,0.0,0.0,0.0,0.0,0.0,0.0,0.0,0.0,0.0,0.0,0.0,0.0,0.0,...
1763031476,364283528,laser,-3.1241390705108643,3.1415927410125732,0.0034828970674425364,5.7164037571055815e-05,0.10283810645341873,0.15000000596046448,16.0,13.607999801635742,13.67199993133545,13.67199993133545,13.751999855041504,13.720000267028809,13.720000267028809,13.720000267028809,13.720000267028809,inf,12.760000228881836,12.760000228881836,12.760000228881836,12.760000228881836,12.760000228881836,12.760000228881836,12.760000228881836,12.776000022888184,12.767999649047852,12.760000228881836,12.760000228881836,12.760000228881836,12.760000228881836,12.767999649047852,12.767999649047852,12.767999649047852,12.784000396728516,inf,inf,inf,inf,inf,inf,inf,inf,inf,inf,inf,inf,inf,inf,inf,inf,inf,inf,inf,inf,inf,inf,inf,inf,inf,inf,3.7639999389648438,3.7639999389648438,3.7639999389648438,3.7639999389648438,3.7639999389648438,3.74399995803833,3.74399995803833,3.74399995803833,3.7360000610351562,3.740000009536743,3.740000009536743,3.747999906539917,3.752000093460083,3.752000093460083,2.8919999599456787,2.8919999599456787,2.8919999599456787,2.8919999599456787,2.8399999141693115,2.7880001068115234,2.7239999771118164,2.6559998989105225,2.615999937057495,2.568000078201294,2.568000078201294,2.507999897003174,2.4639999866485596,2.4079999923706055,2.359999895095825,2.3239998817443848,2.303999900817871,2.180000066757202,2.180000066757202,2.184000015258789,2.135999917984009,2.111999988555908,2.111999988555908,2.068000078201294,2.0239999294281006,2.007999897003174,1.9880000352859497,1.9559999704360962,1.9279999732971191,1.9140000343322754,1.9079999923706055,1.8980000019073486,1.8980000019073486,1.8639999628067017,1.8639999628067017,1.8459999561309814,1.8259999752044678,1.8020000457763672,1.7760000228881836,1.75600004196167,1.7319999933242798,1.7100000381469727,1.6920000314712524,1.6720000505447388,1.6720000505447388,1.6540000438690186,1.496000051498413,1.496000051498413,1.496000051498413,1.496000051498413,1.4839999675750732,1.4759999513626099,inf,inf,inf,1.4040000438690186,1.4040000438690186,1.4040000438690186,1.4040000438690186,1.4040000438690186,1.3919999599456787,1.3919999599456787,...,0.0,0.0,0.0,0.0,0.0,0.0,0.0,0.0,0.0,0.0,0.0,0.0,0.0,0.0,0.0,0.0,0.0,0.0,0.0,0.0,0.0,0.0,0.0,0.0,0.0,0.0,0.0,0.0,0.0,0.0,0.0,0.0,0.0,0.0,0.0,0.0,0.0,0.0,0.0,0.0,0.0,0.0,0.0,0.0,0.0,0.0,0.0,0.0,0.0,0.0,0.0,0.0,0.0,0.0,0.0,0.0,0.0,0.0,0.0,0.0,0.0,0.0,0.0,0.0,0.0,0.0,0.0,0.0,0.0,0.0,0.0,0.0,0.0,0.0,0.0,0.0,0.0,0.0,0.0,0.0,0.0,0.0,0.0,0.0,0.0,0.0,0.0,0.0,0.0,0.0,0.0,0.0,0.0,0.0,0.0,0.0,0.0,0.0,0.0,0.0,0.0,0.0,0.0,0.0,0.0,0.0,0.0,0.0,0.0,0.0,0.0,0.0,0.0,0.0,0.0,0.0,0.0,0.0,0.0,0.0,0.0,0.0,0.0,0.0,0.0,0.0,0.0,0.0,...
1763031476,468485859,laser,-3.1241390705108643,3.1415927410125732,0.0034828970674425364,5.3902800573268905e-05,0.09697113931179047,0.15000000596046448,16.0,13.704000473022461,13.704000473022461,13.704000473022461,13.704000473022461,13.767999649047852,13.767999649047852,13.767999649047852,inf,inf,12.84000015258789,12.84000015258789,12.84000015258789,12.84000015258789,12.84000015258789,12.776000022888184,12.784000396728516,12.784000396728516,12.767999649047852,12.751999855041504,12.751999855041504,12.760000228881836,12.767999649047852,12.767999649047852,12.767999649047852,12.784000396728516,inf,inf,inf,inf,10.447999954223633,10.447999954223633,10.447999954223633,10.447999954223633,10.447999954223633,inf,inf,inf,inf,inf,inf,inf,inf,inf,inf,inf,inf,inf,inf,inf,inf,inf,inf,inf,3.875999927520752,3.875999927520752,3.875999927520752,3.875999927520752,3.875999927520752,3.7880001068115234,3.740000009536743,3.7360000610351562,3.740000009536743,3.74399995803833,3.747999906539917,3.747999906539917,3.747999906539917,2.936000108718872,2.868000030517578,2.868000030517578,2.868000030517578,2.868000030517578,2.799999952316284,2.7279999256134033,2.6679999828338623,2.624000072479248,2.568000078201294,2.507999897003174,2.4679999351501465,2.427999973297119,2.375999927520752,2.3359999656677246,2.3359999656677246,2.299999952316284,2.191999912261963,2.191999912261963,2.191999912261963,2.1440000534057617,2.1080000400543213,2.0840001106262207,2.055999994277954,2.0160000324249268,1.9859999418258667,1.9600000381469727,1.9600000381469727,1.9299999475479126,1.9119999408721924,1.8960000276565552,1.8839999437332153,1.878000020980835,1.8639999628067017,1.843999981880188,1.8279999494552612,1.809999942779541,1.809999942779541,1.781999945640564,1.7580000162124634,1.7380000352859497,1.7139999866485596,1.6959999799728394,1.6820000410079956,1.659999966621399,1.6299999952316284,1.5140000581741333,1.5,1.5,1.4880000352859497,1.4880000352859497,1.4800000190734863,inf,inf,inf,inf,1.399999976158142,1.399999976158142,1.399999976158142,1.399999976158142,1.399999976158142,1.3880000114440918,...,47.0,47.0,47.0,47.0,47.0,0.0,0.0,0.0,0.0,0.0,0.0,0.0,0.0,0.0,0.0,0.0,0.0,0.0,0.0,0.0,0.0,0.0,0.0,0.0,0.0,0.0,0.0,0.0,0.0,0.0,0.0,0.0,0.0,0.0,0.0,0.0,0.0,0.0,0.0,0.0,0.0,0.0,0.0,0.0,0.0,0.0,0.0,0.0,0.0,0.0,0.0,0.0,0.0,0.0,0.0,0.0,0.0,0.0,0.0,0.0,0.0,0.0,0.0,0.0,0.0,0.0,0.0,0.0,0.0,0.0,47.0,47.0,47.0,47.0,47.0,0.0,0.0,0.0,0.0,0.0,0.0,0.0,0.0,0.0,0.0,0.0,0.0,0.0,0.0,0.0,0.0,47.0,47.0,47.0,47.0,47.0,0.0,0.0,0.0,0.0,0.0,0.0,0.0,0.0,0.0,0.0,0.0,0.0,0.0,0.0,0.0,0.0,0.0,0.0,0.0,0.0,0.0,0.0,0.0,0.0,0.0,0.0,0.0,0.0,0.0,0.0,0.0,0.0,...
1763031476,566984075,laser,-3.1241390705108643,3.1415927410125732,0.0034828970674425364,5.369663267629221e-05,0.096600241959095,0.15000000596046448,16.0,13.600000381469727,13.663999557495117,13.663999557495117,13.751999855041504,13.736000061035156,13.736000061035156,13.736000061035156,13.736000061035156,inf,12.767999649047852,12.767999649047852,12.767999649047852,12.767999649047852,12.767999649047852,12.767999649047852,12.767999649047852,12.776000022888184,12.767999649047852,12.760000228881836,12.767999649047852,12.767999649047852,12.760000228881836,12.760000228881836,12.760000228881836,12.776000022888184,12.791999816894531,inf,inf,inf,inf,inf,inf,inf,inf,inf,inf,inf,inf,inf,inf,inf,inf,inf,inf,inf,inf,inf,inf,inf,inf,inf,3.799999952316284,3.799999952316284,3.799999952316284,3.799999952316284,3.799999952316284,3.752000093460083,3.752000093460083,3.752000093460083,3.740000009536743,3.740000009536743,3.7360000610351562,3.740000009536743,3.74399995803833,3.747999906539917,3.752000093460083,2.888000011444092,2.888000011444092,2.888000011444092,2.828000068664551,2.828000068664551,2.7639999389648438,2.7639999389648438,2.6519999504089355,2.6519999504089355,2.6040000915527344,2.552000045776367,2.496000051498413,2.440000057220459,2.380000114440918,2.3359999656677246,2.2960000038146973,2.2760000228881836,2.247999906539917,2.247999906539917,2.200000047683716,2.1600000858306885,2.128000020980835,2.0959999561309814,2.055999994277954,2.0260000228881836,1.996000051498413,1.9700000286102295,1.940000057220459,1.906000018119812,1.906000018119812,1.871999979019165,1.8580000400543213,1.8580000400543213,1.843999981880188,1.840000033378601,1.8279999494552612,1.8140000104904175,1.7920000553131104,1.7699999809265137,1.7699999809265137,1.7280000448226929,1.7079999446868896,1.7079999446868896,1.6859999895095825,1.6619999408721924,1.6460000276565552,1.5299999713897705,1.5299999713897705,1.50600004196167,1.49399995803833,1.4819999933242798,1.465999960899353,inf,inf,1.4320000410079956,1.4320000410079956,1.4320000410079956,1.4320000410079956,1.4320000410079956,1.4019999504089355,1.4019999504089355,1.4019999504089355,...,0.0,0.0,0.0,0.0,0.0,0.0,0.0,0.0,0.0,0.0,0.0,0.0,0.0,0.0,0.0,0.0,0.0,0.0,0.0,0.0,47.0,47.0,47.0,47.0,47.0,0.0,0.0,0.0,0.0,0.0,0.0,0.0,0.0,0.0,0.0,0.0,0.0,0.0,0.0,0.0,0.0,0.0,0.0,0.0,0.0,0.0,0.0,0.0,0.0,0.0,0.0,0.0,0.0,0.0,0.0,0.0,0.0,0.0,0.0,0.0,0.0,0.0,0.0,0.0,0.0,0.0,0.0,0.0,0.0,0.0,0.0,0.0,0.0,0.0,0.0,0.0,0.0,0.0,0.0,0.0,0.0,0.0,0.0,0.0,0.0,0.0,0.0,0.0,0.0,0.0,0.0,0.0,0.0,0.0,0.0,0.0,0.0,0.0,0.0,0.0,0.0,0.0,0.0,0.0,0.0,0.0,0.0,0.0,0.0,0.0,0.0,0.0,0.0,0.0,0.0,0.0,0.0,0.0,0.0,0.0,0.0,0.0,0.0,0.0,0.0,0.0,47.0,47.0,...
1763031476,664801453,laser,-3.1241390705108643,3.1415927410125732,0.0034828970674425364,5.7404471590416506e-05,0.10327064990997314,0.15000000596046448,16.0,13.592000007629395,13.592000007629395,13.592000007629395,13.680000305175781,13.760000228881836,13.760000228881836,inf,inf,12.815999984741211,12.815999984741211,12.815999984741211,12.815999984741211,12.815999984741211,12.767999649047852,12.767999649047852,12.784000396728516,12.791999816894531,12.776000022888184,12.776000022888184,12.760000228881836,12.760000228881836,12.767999649047852,12.767999649047852,12.767999649047852,12.784000396728516,inf,inf,inf,10.279999732971191,10.279999732971191,10.279999732971191,10.279999732971191,10.279999732971191,inf,inf,inf,inf,inf,inf,inf,inf,inf,inf,inf,inf,inf,inf,inf,inf,inf,inf,3.7920000553131104,3.7920000553131104,3.7920000553131104,3.7920000553131104,3.7920000553131104,3.74399995803833,3.74399995803833,3.74399995803833,3.74399995803833,3.740000009536743,3.74399995803833,3.747999906539917,3.747999906539917,3.747999906539917,3.747999906539917,3.752000093460083,2.936000108718872,2.936000108718872,2.936000108718872,2.868000030517578,2.799999952316284,2.7360000610351562,2.687999963760376,2.640000104904175,2.5799999237060547,2.5360000133514404,2.4839999675750732,2.4240000247955322,2.375999927520752,2.3359999656677246,2.3359999656677246,2.2960000038146973,2.24399995803833,2.2160000801086426,2.200000047683716,2.1600000858306885,2.111999988555908,2.0840001106262207,2.055999994277954,2.0160000324249268,1.9859999418258667,1.968000054359436,1.968000054359436,1.937999963760376,1.909999966621399,1.8980000019073486,1.8880000114440918,1.8799999952316284,1.8619999885559082,1.8459999561309814,1.8279999494552612,1.809999942779541,1.809999942779541,1.7899999618530273,1.7680000066757202,1.746000051498413,1.722000002861023,1.7039999961853027,1.6859999895095825,1.6619999408721924,1.6380000114440918,1.5180000066757202,1.5180000066757202,1.503999948501587,1.4919999837875366,1.468000054359436,1.468000054359436,inf,inf,1.4320000410079956,1.4320000410079956,1.4320000410079956,1.4320000410079956,1.4320000410079956,1.409999966621399,1.409999966621399,1.409999966621399,...,0.0,47.0,47.0,47.0,47.0,47.0,0.0,0.0,0.0,0.0,0.0,0.0,0.0,0.0,0.0,0.0,0.0,0.0,47.0,47.0,47.0,47.0,47.0,0.0,0.0,0.0,0.0,0.0,0.0,0.0,0.0,0.0,0.0,0.0,0.0,0.0,0.0,0.0,0.0,0.0,0.0,0.0,0.0,0.0,0.0,0.0,0.0,0.0,0.0,0.0,0.0,0.0,0.0,0.0,0.0,0.0,0.0,0.0,0.0,0.0,0.0,0.0,0.0,0.0,0.0,0.0,0.0,0.0,0.0,0.0,0.0,0.0,0.0,0.0,0.0,0.0,0.0,0.0,0.0,0.0,0.0,0.0,0.0,0.0,0.0,0.0,0.0,0.0,0.0,47.0,47.0,47.0,47.0,47.0,0.0,0.0,0.0,0.0,0.0,0.0,0.0,0.0,0.0,0.0,0.0,0.0,0.0,0.0,0.0,0.0,0.0,0.0,0.0,0.0,0.0,0.0,0.0,0.0,0.0,0.0,0.0,0.0,0.0,0.0,0.0,0.0,0.0,0.0,...
1763031476,769658061,laser,-3.1241390705108643,3.1415927410125732,0.0034828970674425364,5.379648064263165e-05,0.09677986800670624,0.15000000596046448,16.0,13.583999633789062,13.583999633789062,13.583999633789062,13.607999801635742,13.656000137329102,13.656000137329102,inf,inf,12.767999649047852,12.767999649047852,12.767999649047852,12.767999649047852,12.767999649047852,12.767999649047852,12.767999649047852,12.767999649047852,12.784000396728516,12.776000022888184,12.767999649047852,12.751999855041504,12.751999855041504,12.760000228881836,12.760000228881836,12.760000228881836,12.760000228881836,12.767999649047852,inf,inf,inf,inf,inf,inf,inf,inf,inf,inf,inf,inf,inf,inf,inf,inf,inf,inf,inf,inf,inf,inf,inf,inf,inf,inf,inf,inf,3.75600004196167,3.75600004196167,3.75600004196167,3.75600004196167,3.75600004196167,3.74399995803833,3.7360000610351562,3.7360000610351562,3.747999906539917,3.747999906539917,3.752000093460083,3.752000093460083,2.8959999084472656,2.8959999084472656,2.8959999084472656,2.8440001010894775,2.8440001010894775,2.7920000553131104,2.7320001125335693,2.6640000343322754,2.615999937057495,2.563999891281128,2.507999897003174,2.507999897003174,2.368000030517578,2.368000030517578,2.368000030517578,2.328000068664551,2.303999900817871,2.180000066757202,2.180000066757202,2.184000015258789,2.135999917984009,2.1040000915527344,2.0759999752044678,2.0759999752044678,2.0139999389648438,2.0139999389648438,1.9839999675750732,1.9539999961853027,1.9240000247955322,1.9079999923706055,1.9040000438690186,1.8940000534057617,1.8819999694824219,1.8660000562667847,1.843999981880188,1.843999981880188,1.8259999752044678,1.8040000200271606,1.777999997138977,1.75600004196167,1.7319999933242798,1.7100000381469727,1.6920000314712524,1.6720000505447388,1.649999976158142,1.649999976158142,1.5099999904632568,1.5099999904632568,1.496000051498413,1.496000051498413,1.4859999418258667,1.4780000448226929,inf,inf,inf,inf,inf,1.4040000438690186,1.4040000438690186,1.4040000438690186,1.4040000438690186,1.4040000438690186,...,47.0,47.0,47.0,47.0,47.0,0.0,0.0,0.0,0.0,0.0,0.0,0.0,0.0,0.0,0.0,0.0,0.0,0.0,0.0,0.0,0.0,0.0,0.0,0.0,0.0,0.0,0.0,0.0,0.0,0.0,0.0,0.0,0.0,0.0,0.0,0.0,0.0,0.0,0.0,0.0,0.0,0.0,0.0,0.0,0.0,0.0,0.0,0.0,0.0,0.0,0.0,0.0,0.0,0.0,0.0,0.0,0.0,0.0,0.0,0.0,0.0,0.0,0.0,0.0,0.0,0.0,0.0,0.0,0.0,0.0,0.0,0.0,0.0,0.0,0.0,0.0,0.0,0.0,0.0,0.0,0.0,0.0,0.0,0.0,0.0,0.0,0.0,0.0,0.0,0.0,0.0,0.0,0.0,0.0,0.0,0.0,0.0,0.0,0.0,0.0,0.0,0.0,0.0,0.0,0.0,47.0,47.0,47.0,47.0,47.0,0.0,0.0,0.0,0.0,0.0,0.0,0.0,0.0,0.0,0.0,0.0,0.0,0.0,47.0,47.0,47.0,47.0,47.0,...
1763031476,867794253,laser,-3.1241390705108643,3.1415927410125732,0.0034828970674425364,5.721426714444533e-05,0.10292846709489822,0.15000000596046448,16.0,13.600000381469727,13.600000381469727,13.696000099182129,13.760000228881836,13.760000228881836,13.760000228881836,inf,12.911999702453613,12.911999702453613,12.911999702453613,12.911999702453613,12.911999702453613,12.767999649047852,12.767999649047852,12.767999649047852,12.767999649047852,12.784000396728516,12.776000022888184,12.767999649047852,12.767999649047852,12.767999649047852,12.767999649047852,12.760000228881836,12.751999855041504,12.776000022888184,12.911999702453613,inf,inf,10.503999710083008,10.503999710083008,10.503999710083008,10.503999710083008,10.503999710083008,inf,inf,inf,inf,inf,inf,inf,inf,inf,inf,inf,inf,inf,inf,inf,inf,inf,inf,3.803999900817871,3.803999900817871,3.803999900817871,3.803999900817871,3.803999900817871,3.752000093460083,3.752000093460083,3.752000093460083,3.752000093460083,3.740000009536743,3.7360000610351562,3.740000009536743,3.74399995803833,3.747999906539917,3.752000093460083,3.752000093460083,2.888000011444092,2.888000011444092,2.8239998817443848,2.8239998817443848,2.8239998817443848,2.75600004196167,2.7039999961853027,2.6480000019073486,2.5999999046325684,2.5439999103546143,2.48799991607666,2.436000108718872,2.380000114440918,2.3359999656677246,2.2960000038146973,2.2960000038146973,2.2720000743865967,2.247999906539917,2.200000047683716,2.1559998989105225,2.111999988555908,2.0880000591278076,2.063999891281128,2.0339999198913574,2.002000093460083,1.9759999513626099,1.9500000476837158,1.9259999990463257,1.9259999990463257,1.909999966621399,1.9040000438690186,1.8960000276565552,1.878000020980835,1.8600000143051147,1.8380000591278076,1.815999984741211,1.7940000295639038,1.7699999809265137,1.7699999809265137,1.7480000257492065,1.7280000448226929,1.7079999446868896,1.6859999895095825,1.6640000343322754,1.6460000276565552,1.5160000324249268,1.5160000324249268,1.50600004196167,1.49399995803833,1.4800000190734863,1.465999960899353,inf,inf,1.4320000410079956,1.4320000410079956,1.4320000410079956,1.4320000410079956,1.4320000410079956,1.4019999504089355,1.4019999504089355,1.4019999504089355,...,0.0,0.0,0.0,0.0,0.0,0.0,0.0,0.0,0.0,0.0,0.0,0.0,0.0,0.0,0.0,0.0,0.0,0.0,0.0,0.0,0.0,0.0,0.0,0.0,0.0,0.0,0.0,0.0,0.0,0.0,0.0,0.0,0.0,0.0,0.0,0.0,0.0,0.0,0.0,0.0,0.0,0.0,0.0,0.0,0.0,0.0,0.0,0.0,0.0,0.0,0.0,0.0,0.0,0.0,0.0,0.0,0.0,0.0,0.0,0.0,0.0,0.0,0.0,0.0,0.0,0.0,0.0,0.0,0.0,0.0,0.0,0.0,0.0,0.0,0.0,0.0,0.0,0.0,0.0,0.0,0.0,0.0,0.0,0.0,0.0,0.0,0.0,0.0,0.0,47.0,47.0,47.0,47.0,47.0,0.0,0.0,0.0,0.0,0.0,0.0,0.0,0.0,0.0,0.0,0.0,0.0,0.0,0.0,0.0,0.0,0.0,0.0,0.0,0.0,0.0,0.0,0.0,0.0,0.0,0.0,0.0,0.0,0.0,0.0,0.0,0.0,0.0,0.0,...
1763031476,972083436,laser,-3.1241390705108643,3.1415927410125732,0.0034828970674425364,5.380782386055216e-05,0.09680027514696121,0.15000000596046448,16.0,13.576000213623047,13.576000213623047,13.576000213623047,13.656000137329102,13.751999855041504,13.751999855041504,inf,inf,12.760000228881836,12.760000228881836,12.760000228881836,12.760000228881836,12.760000228881836,12.776000022888184,12.776000022888184,12.784000396728516,12.784000396728516,12.784000396728516,12.776000022888184,12.760000228881836,12.767999649047852,12.776000022888184,12.776000022888184,12.776000022888184,12.776000022888184,12.784000396728516,inf,inf,inf,inf,inf,inf,inf,inf,inf,inf,inf,inf,inf,inf,inf,inf,inf,inf,inf,inf,inf,inf,inf,inf,inf,3.9000000953674316,3.9000000953674316,3.9000000953674316,3.9000000953674316,3.9000000953674316,3.7960000038146973,3.7960000038146973,3.74399995803833,3.740000009536743,3.740000009536743,3.7360000610351562,3.74399995803833,3.747999906539917,3.747999906539917,3.752000093460083,2.888000011444092,2.888000011444092,2.888000011444092,2.8239998817443848,2.8239998817443848,2.75600004196167,2.75600004196167,2.6480000019073486,2.6480000019073486,2.5959999561309814,2.5399999618530273,2.48799991607666,2.436000108718872,2.380000114440918,2.3359999656677246,2.2960000038146973,2.259999990463257,2.2320001125335693,2.196000099182129,2.1559998989105225,2.1559998989105225,2.119999885559082,2.0959999561309814,2.055999994277954,2.0220000743865967,1.99399995803833,1.9700000286102295,1.9420000314712524,1.909999966621399,1.909999966621399,1.871999979019165,1.871999979019165,1.8600000143051147,1.8420000076293945,1.8380000591278076,1.8259999752044678,1.809999942779541,1.7899999618530273,1.7660000324249268,1.7660000324249268,1.7280000448226929,1.7280000448226929,1.7079999446868896,1.6859999895095825,1.6640000343322754,1.6440000534057617,1.5240000486373901,1.5240000486373901,1.50600004196167,1.4919999837875366,1.468000054359436,inf,inf,inf,1.4320000410079956,1.4320000410079956,1.4320000410079956,1.4320000410079956,1.4320000410079956,1.4019999504089355,1.4019999504089355,1.4019999504089355,...,0.0,47.0,47.0,47.0,47.0,47.0,0.0,0.0,0.0,0.0,0.0,0.0,0.0,0.0,0.0,0.0,0.0,0.0,0.0,0.0,0.0,0.0,0.0,0.0,0.0,0.0,0.0,0.0,0.0,0.0,0.0,0.0,0.0,0.0,0.0,0.0,0.0,0.0,0.0,0.0,0.0,0.0,0.0,0.0,0.0,0.0,0.0,0.0,0.0,0.0,0.0,0.0,0.0,0.0,0.0,0.0,0.0,0.0,0.0,0.0,0.0,0.0,0.0,0.0,0.0,0.0,0.0,0.0,0.0,0.0,0.0,47.0,47.0,47.0,47.0,47.0,0.0,0.0,0.0,0.0,0.0,0.0,0.0,0.0,0.0,0.0,0.0,0.0,0.0,47.0,47.0,47.0,47.0,47.0,0.0,0.0,0.0,0.0,0.0,0.0,0.0,0.0,0.0,0.0,0.0,0.0,0.0,0.0,0.0,0.0,0.0,0.0,0.0,0.0,0.0,0.0,0.0,0.0,0.0,0.0,0.0,0.0,0.0,0.0,47.0,47.0,47.0,47.0,...
1763031477,70260078,laser,-3.1241390705108643,3.1415927410125732,0.0034828970674425364,5.391918239183724e-05,0.0970006063580513,0.15000000596046448,16.0,13.592000007629395,13.592000007629395,13.592000007629395,13.656000137329102,13.736000061035156,13.736000061035156,inf,inf,12.760000228881836,12.760000228881836,12.760000228881836,12.760000228881836,12.760000228881836,12.784000396728516,12.784000396728516,12.776000022888184,12.776000022888184,12.776000022888184,12.784000396728516,12.767999649047852,12.767999649047852,12.760000228881836,12.767999649047852,12.776000022888184,12.784000396728516,12.784000396728516,inf,inf,10.37600040435791,10.37600040435791,10.37600040435791,10.37600040435791,10.37600040435791,inf,inf,inf,inf,inf,inf,inf,inf,inf,inf,inf,inf,inf,inf,inf,inf,inf,inf,inf,3.859999895095825,3.859999895095825,3.859999895095825,3.859999895095825,3.859999895095825,3.7839999198913574,3.7839999198913574,3.74399995803833,3.7360000610351562,3.7360000610351562,3.747999906539917,3.747999906539917,3.747999906539917,3.74399995803833,3.747999906539917,2.9159998893737793,2.9159998893737793,2.9159998893737793,2.859999895095825,2.799999952316284,2.7279999256134033,2.6679999828338623,2.624000072479248,2.572000026702881,2.5239999294281006,2.5239999294281006,2.4760000705718994,2.368000030517578,2.368000030517578,2.3359999656677246,2.299999952316284,2.196000099182129,2.196000099182129,2.187999963760376,2.140000104904175,2.1040000915527344,2.0840001106262207,2.055999994277954,2.055999994277954,2.0160000324249268,1.9800000190734863,1.9500000476837158,1.9240000247955322,1.9079999923706055,1.8960000276565552,1.8880000114440918,1.878000020980835,1.8600000143051147,1.843999981880188,1.8279999494552612,1.8279999494552612,1.805999994277954,1.781999945640564,1.7599999904632568,1.7380000352859497,1.7139999866485596,1.6959999799728394,1.6820000410079956,1.6619999408721924,1.6239999532699585,1.5140000581741333,1.5140000581741333,1.5,1.4900000095367432,1.4900000095367432,1.4780000448226929,inf,inf,inf,inf,inf,inf,1.3980000019073486,1.3980000019073486,1.3980000019073486,1.3980000019073486,...,0.0,47.0,47.0,47.0,47.0,47.0,0.0,0.0,0.0,0.0,0.0,0.0,0.0,0.0,0.0,0.0,0.0,0.0,47.0,47.0,47.0,47.0,47.0,0.0,0.0,0.0,0.0,0.0,0.0,0.0,0.0,0.0,0.0,0.0,0.0,0.0,0.0,0.0,0.0,0.0,0.0,0.0,0.0,0.0,0.0,0.0,0.0,0.0,0.0,0.0,0.0,0.0,0.0,0.0,0.0,0.0,0.0,0.0,0.0,0.0,0.0,0.0,0.0,0.0,0.0,0.0,0.0,0.0,0.0,0.0,0.0,47.0,47.0,47.0,47.0,47.0,0.0,0.0,0.0,0.0,0.0,0.0,0.0,0.0,0.0,0.0,0.0,0.0,0.0,47.0,47.0,47.0,47.0,47.0,0.0,0.0,0.0,0.0,0.0,0.0,0.0,0.0,0.0,0.0,0.0,0.0,0.0,0.0,0.0,0.0,0.0,0.0,0.0,0.0,0.0,0.0,0.0,0.0,0.0,0.0,0.0,0.0,0.0,0.0,0.0,0.0,0.0,0.0,...
1763031477,168856653,laser,-3.1241390705108643,3.1415927410125732,0.0034828970674425364,5.714537110179663e-05,0.1028045192360878,0.15000000596046448,16.0,13.704000473022461,13.704000473022461,13.704000473022461,13.767999649047852,13.767999649047852,13.767999649047852,13.767999649047852,13.831999778747559,13.831999778747559,12.935999870300293,12.935999870300293,12.935999870300293,12.935999870300293,12.935999870300293,12.776000022888184,12.831999778747559,12.847999572753906,12.784000396728516,12.776000022888184,12.776000022888184,12.776000022888184,12.776000022888184,12.760000228881836,12.776000022888184,12.807999610900879,12.807999610900879,inf,inf,inf,inf,inf,inf,inf,inf,inf,inf,inf,inf,inf,inf,inf,inf,inf,inf,inf,inf,inf,inf,inf,inf,inf,3.799999952316284,3.799999952316284,3.799999952316284,3.799999952316284,3.799999952316284,3.74399995803833,3.74399995803833,3.74399995803833,3.740000009536743,3.740000009536743,3.740000009536743,3.74399995803833,3.747999906539917,3.747999906539917,3.752000093460083,2.8919999599456787,2.8919999599456787,2.8919999599456787,2.819999933242798,2.819999933242798,2.759999990463257,2.7039999961853027,2.6440000534057617,2.5959999561309814,2.5959999561309814,2.5399999618530273,2.4839999675750732,2.436000108718872,2.384000062942505,2.3359999656677246,2.2960000038146973,2.2720000743865967,2.247999906539917,2.200000047683716,2.1559998989105225,2.1559998989105225,2.111999988555908,2.0840001106262207,2.055999994277954,2.0239999294281006,2.0,1.9780000448226929,1.9539999961853027,1.9299999475479126,1.9160000085830688,1.9160000085830688,1.9119999408721924,1.8980000019073486,1.878000020980835,1.8619999885559082,1.8420000076293945,1.8200000524520874,1.7940000295639038,1.7699999809265137,1.7480000257492065,1.7280000448226929,1.7079999446868896,1.7079999446868896,1.6859999895095825,1.6619999408721924,1.6440000534057617,1.5160000324249268,1.5160000324249268,1.50600004196167,1.496000051498413,1.4839999675750732,inf,inf,inf,inf,inf,inf,1.4019999504089355,1.4019999504089355,1.4019999504089355,1.4019999504089355,1.4019999504089355,...,47.0,47.0,47.0,47.0,47.0,0.0,0.0,0.0,0.0,0.0,0.0,0.0,0.0,0.0,0.0,0.0,0.0,47.0,47.0,47.0,47.0,47.0,0.0,0.0,0.0,0.0,0.0,0.0,0.0,0.0,0.0,0.0,0.0,0.0,0.0,0.0,0.0,0.0,0.0,0.0,0.0,0.0,0.0,0.0,0.0,0.0,0.0,0.0,0.0,0.0,0.0,0.0,0.0,0.0,0.0,0.0,0.0,0.0,0.0,0.0,0.0,0.0,0.0,0.0,0.0,0.0,0.0,0.0,0.0,0.0,0.0,0.0,0.0,0.0,0.0,0.0,0.0,0.0,0.0,0.0,0.0,0.0,0.0,0.0,0.0,0.0,0.0,0.0,0.0,0.0,0.0,0.0,0.0,0.0,0.0,0.0,0.0,0.0,0.0,0.0,0.0,0.0,0.0,0.0,0.0,0.0,0.0,0.0,0.0,0.0,0.0,0.0,0.0,0.0,0.0,0.0,0.0,0.0,0.0,0.0,0.0,0.0,0.0,0.0,0.0,0.0,0.0,0.0,...
1763031477,273015847,laser,-3.1241390705108643,3.1415927410125732,0.0034828970674425364,5.3837378800380975e-05,0.09685344249010086,0.15000000596046448,16.0,13.600000381469727,13.600000381469727,13.600000381469727,13.680000305175781,13.760000228881836,13.760000228881836,inf,inf,12.776000022888184,12.776000022888184,12.776000022888184,12.776000022888184,12.776000022888184,12.784000396728516,12.784000396728516,12.791999816894531,12.784000396728516,12.784000396728516,12.776000022888184,12.760000228881836,12.760000228881836,12.767999649047852,12.776000022888184,12.776000022888184,12.784000396728516,12.784000396728516,inf,inf,10.288000106811523,10.288000106811523,10.288000106811523,10.288000106811523,10.288000106811523,inf,inf,inf,inf,inf,inf,inf,inf,inf,inf,inf,inf,inf,inf,inf,inf,inf,inf,3.8399999141693115,3.8399999141693115,3.8399999141693115,3.8399999141693115,3.8399999141693115,3.7639999389648438,3.7639999389648438,3.7639999389648438,3.74399995803833,3.7360000610351562,3.7360000610351562,3.747999906539917,3.747999906539917,3.747999906539917,3.74399995803833,2.9159998893737793,2.9159998893737793,2.9159998893737793,2.8559999465942383,2.8559999465942383,2.7920000553131104,2.7360000610351562,2.6640000343322754,2.6080000400543213,2.563999891281128,2.5160000324249268,2.4679999351501465,2.4679999351501465,2.368000030517578,2.368000030517578,2.3359999656677246,2.299999952316284,2.196000099182129,2.196000099182129,2.184000015258789,2.128000020980835,2.0959999561309814,2.0799999237060547,2.053999900817871,2.053999900817871,1.9839999675750732,1.9839999675750732,1.9579999446868896,1.9320000410079956,1.9160000085830688,1.909999966621399,1.899999976158142,1.8880000114440918,1.8660000562667847,1.8459999561309814,1.8300000429153442,1.8300000429153442,1.805999994277954,1.7799999713897705,1.7580000162124634,1.7319999933242798,1.7120000123977661,1.694000005722046,1.6779999732971191,1.659999966621399,1.5080000162124634,1.5080000162124634,1.5080000162124634,1.5,1.4880000352859497,1.4880000352859497,1.4739999771118164,inf,inf,inf,inf,inf,1.3980000019073486,1.3980000019073486,1.3980000019073486,1.3980000019073486,1.3980000019073486,...,0.0,47.0,47.0,47.0,47.0,47.0,0.0,0.0,0.0,0.0,0.0,0.0,0.0,0.0,0.0,0.0,0.0,0.0,0.0,0.0,0.0,0.0,0.0,0.0,0.0,0.0,0.0,0.0,0.0,0.0,0.0,0.0,0.0,0.0,0.0,0.0,0.0,0.0,0.0,0.0,0.0,0.0,0.0,0.0,0.0,0.0,0.0,0.0,0.0,0.0,0.0,0.0,0.0,0.0,0.0,0.0,0.0,0.0,0.0,0.0,0.0,0.0,0.0,0.0,0.0,0.0,0.0,0.0,0.0,0.0,0.0,0.0,0.0,0.0,0.0,0.0,0.0,0.0,0.0,0.0,0.0,0.0,0.0,0.0,0.0,0.0,0.0,0.0,0.0,0.0,0.0,0.0,0.0,0.0,0.0,0.0,0.0,0.0,0.0,0.0,0.0,0.0,0.0,0.0,0.0,47.0,47.0,47.0,47.0,47.0,0.0,0.0,0.0,0.0,0.0,0.0,0.0,0.0,0.0,0.0,0.0,0.0,0.0,47.0,47.0,47.0,47.0,47.0,...
1763031477,371733027,laser,-3.1241390705108643,3.1415927410125732,0.0034828970674425364,5.697555388906039e-05,0.10249902307987213,0.15000000596046448,16.0,13.607999801635742,13.607999801635742,13.687999725341797,13.760000228881836,13.760000228881836,13.760000228881836,inf,12.935999870300293,12.935999870300293,12.935999870300293,12.935999870300293,12.935999870300293,12.767999649047852,12.767999649047852,12.767999649047852,12.776000022888184,12.791999816894531,12.784000396728516,12.767999649047852,12.767999649047852,12.767999649047852,12.767999649047852,12.767999649047852,12.760000228881836,12.791999816894531,12.895999908447266,inf,inf,10.51200008392334,10.51200008392334,10.51200008392334,10.51200008392334,10.51200008392334,inf,inf,inf,inf,inf,inf,inf,inf,inf,inf,inf,inf,inf,inf,inf,inf,inf,inf,inf,inf,inf,3.7639999389648438,3.7639999389648438,3.7639999389648438,3.7639999389648438,3.7639999389648438,3.74399995803833,3.7360000610351562,3.740000009536743,3.740000009536743,3.747999906539917,3.752000093460083,3.752000093460083,2.8959999084472656,2.8959999084472656,2.8959999084472656,2.8559999465942383,2.8559999465942383,2.7920000553131104,2.7320001125335693,2.6640000343322754,2.6080000400543213,2.563999891281128,2.563999891281128,2.51200008392334,2.4679999351501465,2.4159998893737793,2.368000030517578,2.328000068664551,2.2960000038146973,2.180000066757202,2.180000066757202,2.184000015258789,2.140000104904175,2.1040000915527344,2.1040000915527344,2.0799999237060547,2.052000045776367,2.009999990463257,1.9800000190734863,1.9500000476837158,1.9160000085830688,1.8960000276565552,1.8799999952316284,1.8700000047683716,1.8619999885559082,1.850000023841858,1.850000023841858,1.8339999914169312,1.8200000524520874,1.8020000457763672,1.777999997138977,1.75600004196167,1.7319999933242798,1.7120000123977661,1.694000005722046,1.6740000247955322,1.6740000247955322,1.656000018119812,1.621999979019165,1.5080000162124634,1.5080000162124634,1.5,1.4859999418258667,1.4739999771118164,inf,inf,inf,inf,inf,1.3960000276565552,1.3960000276565552,1.3960000276565552,1.3960000276565552,1.3960000276565552,...,0.0,0.0,0.0,0.0,0.0,0.0,0.0,0.0,0.0,0.0,0.0,0.0,0.0,0.0,0.0,0.0,0.0,0.0,0.0,47.0,47.0,47.0,47.0,47.0,0.0,0.0,0.0,0.0,0.0,0.0,0.0,0.0,0.0,0.0,0.0,0.0,0.0,0.0,0.0,0.0,0.0,0.0,0.0,0.0,0.0,0.0,0.0,0.0,0.0,0.0,0.0,0.0,0.0,0.0,0.0,0.0,0.0,0.0,0.0,0.0,0.0,0.0,0.0,0.0,0.0,0.0,0.0,0.0,0.0,0.0,0.0,0.0,0.0,0.0,0.0,0.0,0.0,0.0,0.0,0.0,0.0,0.0,0.0,0.0,0.0,0.0,0.0,0.0,0.0,47.0,47.0,47.0,47.0,47.0,0.0,0.0,0.0,0.0,0.0,0.0,0.0,0.0,0.0,0.0,0.0,0.0,0.0,0.0,0.0,0.0,0.0,0.0,0.0,0.0,0.0,0.0,0.0,0.0,0.0,0.0,0.0,0.0,0.0,0.0,0.0,0.0,0.0,0.0,...
1763031477,475205206,laser,-3.1241390705108643,3.1415927410125732,0.0034828970674425364,5.405567935667932e-05,0.09724617004394531,0.15000000596046448,16.0,13.600000381469727,13.600000381469727,13.687999725341797,13.687999725341797,13.760000228881836,13.760000228881836,inf,inf,12.824000358581543,12.824000358581543,12.824000358581543,12.824000358581543,12.824000358581543,12.791999816894531,12.791999816894531,12.791999816894531,12.791999816894531,12.784000396728516,12.776000022888184,12.776000022888184,12.776000022888184,12.776000022888184,12.767999649047852,12.767999649047852,12.791999816894531,inf,inf,inf,inf,inf,inf,inf,inf,inf,inf,inf,inf,inf,inf,inf,inf,inf,inf,inf,inf,inf,inf,inf,inf,inf,inf,inf,3.819999933242798,3.819999933242798,3.819999933242798,3.819999933242798,3.819999933242798,3.75600004196167,3.75600004196167,3.740000009536743,3.740000009536743,3.740000009536743,3.740000009536743,3.74399995803833,3.747999906539917,3.752000093460083,2.888000011444092,2.888000011444092,2.888000011444092,2.888000011444092,2.828000068664551,2.7760000228881836,2.6480000019073486,2.6080000400543213,2.6080000400543213,2.6080000400543213,2.559999942779541,2.503999948501587,2.447999954223633,2.388000011444092,2.3399999141693115,2.303999900817871,2.2880001068115234,2.187999963760376,2.187999963760376,2.171999931335449,2.135999917984009,2.1040000915527344,2.1040000915527344,2.063999891281128,2.0360000133514404,2.007999897003174,1.9780000448226929,1.9479999542236328,1.909999966621399,1.8860000371932983,1.8760000467300415,1.8680000305175781,1.8600000143051147,1.850000023841858,1.850000023841858,1.8320000171661377,1.8179999589920044,1.7979999780654907,1.7740000486373901,1.75,1.7280000448226929,1.7120000123977661,1.6920000314712524,1.6679999828338623,1.6679999828338623,1.649999976158142,1.49399995803833,1.49399995803833,1.49399995803833,1.49399995803833,1.4839999675750732,inf,inf,inf,inf,1.4040000438690186,1.4040000438690186,1.4040000438690186,1.4040000438690186,1.4040000438690186,1.3919999599456787,1.3919999599456787,...,0.0,0.0,0.0,0.0,0.0,0.0,0.0,0.0,0.0,0.0,0.0,0.0,0.0,0.0,0.0,0.0,0.0,0.0,0.0,0.0,0.0,0.0,0.0,0.0,0.0,0.0,0.0,0.0,0.0,0.0,0.0,0.0,0.0,0.0,0.0,0.0,0.0,0.0,0.0,0.0,0.0,0.0,0.0,0.0,0.0,0.0,0.0,0.0,0.0,0.0,0.0,0.0,0.0,0.0,0.0,0.0,0.0,0.0,0.0,0.0,0.0,0.0,0.0,0.0,0.0,0.0,0.0,0.0,0.0,0.0,0.0,0.0,0.0,0.0,0.0,0.0,0.0,0.0,0.0,0.0,0.0,0.0,0.0,0.0,0.0,0.0,0.0,0.0,0.0,47.0,47.0,47.0,47.0,47.0,0.0,0.0,0.0,0.0,0.0,0.0,0.0,0.0,0.0,0.0,0.0,0.0,0.0,0.0,0.0,0.0,0.0,0.0,0.0,0.0,0.0,0.0,0.0,0.0,0.0,0.0,0.0,0.0,0.0,0.0,47.0,47.0,47.0,47.0,...
