1763030773,84861350,laser,-3.1241390705108643,3.1415927410125732,0.0034828970674425364,5.433908154373057e-05,0.09775600582361221,0.15000000596046448,16.0,2.5360000133514404,2.5320000648498535,2.5320000648498535,2.5320000648498535,2.5320000648498535,2.5320000648498535,2.5320000648498535,2.5320000648498535,2.5320000648498535,2.5320000648498535,2.5320000648498535,2.5320000648498535,2.5320000648498535,2.5320000648498535,2.5320000648498535,2.5320000648498535,2.5320000648498535,2.5280001163482666,2.5280001163482666,2.5280001163482666,2.5360000133514404,2.5360000133514404,2.5320000648498535,2.5320000648498535,2.5320000648498535,2.5320000648498535,2.5320000648498535,2.5320000648498535,2.5320000648498535,2.5360000133514404,2.5360000133514404,2.5360000133514404,2.5320000648498535,2.5320000648498535,2.5320000648498535,2.5320000648498535,2.5360000133514404,2.5360000133514404,2.5399999618530273,2.5399999618530273,2.5439999103546143,2.5399999618530273,2.5399999618530273,2.552000045776367,2.5280001163482666,2.507999897003174,2.5199999809265137,2.5199999809265137,2.5199999809265137,2.5199999809265137,2.5320000648498535,2.5480000972747803,2.552000045776367,2.555999994277954,2.555999994277954,2.555999994277954,3.7839999198913574,3.7839999198913574,3.7839999198913574,3.740000009536743,3.7320001125335693,3.740000009536743,3.747999906539917,3.747999906539917,3.747999906539917,3.752000093460083,2.9119999408721924,2.9119999408721924,2.9119999408721924,2.9119999408721924,2.864000082015991,2.7960000038146973,2.7279999256134033,2.6640000343322754,2.615999937057495,2.568000078201294,2.507999897003174,2.507999897003174,2.4600000381469727,2.4119999408721924,2.368000030517578,2.3239998817443848,2.2960000038146973,2.184000015258789,2.184000015258789,2.180000066757202,2.135999917984009,2.1040000915527344,2.072000026702881,2.072000026702881,2.0399999618530273,2.0139999389648438,1.9880000352859497,1.9639999866485596,1.944000005722046,1.9299999475479126,1.9220000505447388,1.906000018119812,1.906000018119812,1.8680000305175781,1.8680000305175781,1.8420000076293945,1.8200000524520874,1.7960000038146973,1.7699999809265137,1.75,1.7319999933242798,1.7079999446868896,1.687999963760376,1.687999963760376,1.6660000085830688,1.6440000534057617,1.5180000066757202,1.50600004196167,1.50600004196167,1.496000051498413,1.4859999418258667,inf,inf,inf,inf,1.399999976158142,1.399999976158142,1.399999976158142,1.399999976158142,1.399999976158142,1.3880000114440918,1.3880000114440918,...,47.0,47.0,47.0,47.0,47.0,47.0,47.0,47.0,47.0,47.0,47.0,47.0,47.0,47.0,0.0,0.0,0.0,0.0,47.0,47.0,47.0,47.0,47.0,0.0,0.0,0.0,0.0,0.0,0.0,0.0,0.0,0.0,0.0,0.0,0.0,0.0,0.0,0.0,0.0,0.0,0.0,0.0,0.0,0.0,0.0,0.0,0.0,0.0,0.0,0.0,0.0,0.0,0.0,0.0,0.0,0.0,0.0,0.0,0.0,0.0,0.0,0.0,0.0,0.0,0.0,0.0,0.0,0.0,0.0,0.0,0.0,0.0,0.0,0.0,0.0,0.0,0.0,0.0,0.0,0.0,0.0,0.0,0.0,0.0,0.0,0.0,0.0,0.0,0.0,47.0,47.0,47.0,47.0,47.0,0.0,0.0,0.0,0.0,0.0,0.0,0.0,0.0,0.0,0.0,0.0,0.0,0.0,0.0,0.0,0.0,0.0,0.0,0.0,0.0,0.0,0.0,0.0,0.0,0.0,0.0,0.0,0.0,0.0,0.0,47.0,47.0,47.0,47.0,...
1763030773,184139199,laser,-3.1241390705108643,3.1415927410125732,0.0034828970674425364,5.378366040531546e-05,0.09675680845975876,0.15000000596046448,16.0,2.5399999618530273,2.5360000133514404,2.5360000133514404,2.5320000648498535,2.5360000133514404,2.5360000133514404,2.5320000648498535,2.5320000648498535,2.5320000648498535,2.5320000648498535,2.5320000648498535,2.5320000648498535,2.5320000648498535,2.5320000648498535,2.5320000648498535,2.5320000648498535,2.5320000648498535,2.5320000648498535,2.5280001163482666,2.5320000648498535,2.5360000133514404,2.5360000133514404,2.5320000648498535,2.5320000648498535,2.5320000648498535,2.5320000648498535,2.5320000648498535,2.5320000648498535,2.5360000133514404,2.5360000133514404,2.5360000133514404,2.5360000133514404,2.5360000133514404,2.5360000133514404,2.5320000648498535,2.5360000133514404,2.5360000133514404,2.5399999618530273,2.5399999618530273,2.5399999618530273,2.5399999618530273,2.5439999103546143,2.5399999618530273,2.5480000972747803,2.5239999294281006,2.503999948501587,2.5199999809265137,2.5199999809265137,2.5199999809265137,2.5199999809265137,2.5320000648498535,2.5480000972747803,2.552000045776367,2.555999994277954,2.555999994277954,2.555999994277954,2.555999994277954,3.740000009536743,3.740000009536743,3.740000009536743,3.7360000610351562,3.74399995803833,3.747999906539917,3.752000093460083,3.752000093460083,3.752000093460083,2.931999921798706,2.931999921798706,2.931999921798706,2.931999921798706,2.868000030517578,2.7960000038146973,2.7279999256134033,2.6679999828338623,2.619999885559082,2.568000078201294,2.507999897003174,2.4600000381469727,2.4600000381469727,2.368000030517578,2.368000030517578,2.3359999656677246,2.308000087738037,2.191999912261963,2.191999912261963,2.184000015258789,2.135999917984009,2.1040000915527344,2.0759999752044678,2.0759999752044678,2.0139999389648438,2.0139999389648438,1.9839999675750732,1.9520000219345093,1.9160000085830688,1.8960000276565552,1.8860000371932983,1.8760000467300415,1.8660000562667847,1.8559999465942383,1.8559999465942383,1.840000033378601,1.8200000524520874,1.7979999780654907,1.7740000486373901,1.753999948501587,1.7319999933242798,1.7100000381469727,1.690000057220459,1.690000057220459,1.6660000085830688,1.6460000276565552,1.496000051498413,1.496000051498413,1.496000051498413,1.496000051498413,1.4839999675750732,inf,inf,inf,inf,1.399999976158142,1.399999976158142,1.399999976158142,1.399999976158142,1.399999976158142,1.3880000114440918,1.3880000114440918,...,47.0,47.0,47.0,47.0,47.0,47.0,47.0,47.0,47.0,47.0,47.0,47.0,47.0,47.0,47.0,0.0,0.0,0.0,0.0,0.0,0.0,0.0,0.0,0.0,0.0,0.0,0.0,0.0,0.0,0.0,0.0,0.0,0.0,0.0,0.0,0.0,0.0,0.0,0.0,0.0,0.0,0.0,0.0,0.0,0.0,0.0,0.0,0.0,0.0,0.0,0.0,0.0,0.0,0.0,0.0,0.0,0.0,0.0,0.0,0.0,0.0,0.0,0.0,0.0,0.0,0.0,0.0,0.0,0.0,0.0,0.0,0.0,0.0,0.0,0.0,0.0,0.0,0.0,0.0,0.0,0.0,0.0,0.0,0.0,0.0,0.0,0.0,0.0,0.0,0.0,0.0,0.0,0.0,0.0,0.0,0.0,0.0,0.0,0.0,0.0,0.0,0.0,0.0,0.0,0.0,0.0,0.0,0.0,0.0,0.0,0.0,0.0,0.0,0.0,0.0,0.0,0.0,0.0,0.0,0.0,0.0,0.0,0.0,0.0,0.0,0.0,0.0,0.0,...
1763030773,282721531,laser,-3.1241390705108643,3.1415927410125732,0.0034828970674425364,5.698893073713407e-05,0.1025230884552002,0.15000000596046448,16.0,2.5360000133514404,2.5360000133514404,2.5320000648498535,2.5320000648498535,2.5360000133514404,2.5360000133514404,2.5320000648498535,2.5320000648498535,2.5320000648498535,2.5280001163482666,2.5280001163482666,2.5320000648498535,2.5320000648498535,2.5320000648498535,2.5320000648498535,2.5320000648498535,2.5320000648498535,2.5280001163482666,2.5280001163482666,2.5280001163482666,2.5320000648498535,2.5360000133514404,2.5320000648498535,2.5320000648498535,2.5320000648498535,2.5320000648498535,2.5320000648498535,2.5320000648498535,2.5320000648498535,2.5360000133514404,2.5360000133514404,2.5360000133514404,2.5320000648498535,2.5320000648498535,2.5320000648498535,2.5320000648498535,2.5360000133514404,2.5399999618530273,2.5399999618530273,2.5439999103546143,2.5439999103546143,2.5439999103546143,2.5399999618530273,2.5480000972747803,2.5239999294281006,2.503999948501587,2.5199999809265137,2.5199999809265137,2.5199999809265137,2.5199999809265137,2.5320000648498535,2.5480000972747803,2.552000045776367,2.555999994277954,2.555999994277954,2.5480000972747803,2.5480000972747803,3.740000009536743,3.740000009536743,3.7360000610351562,3.7360000610351562,3.74399995803833,3.747999906539917,3.752000093460083,3.752000093460083,3.752000093460083,3.752000093460083,2.936000108718872,2.871999979019165,2.871999979019165,2.871999979019165,2.803999900817871,2.7320001125335693,2.671999931335449,2.624000072479248,2.568000078201294,2.507999897003174,2.4639999866485596,2.4200000762939453,2.368000030517578,2.368000030517578,2.3320000171661377,2.2960000038146973,2.200000047683716,2.200000047683716,2.184000015258789,2.135999917984009,2.1040000915527344,2.0759999752044678,2.0460000038146973,2.0139999389648438,2.0139999389648438,1.9839999675750732,1.9559999704360962,1.9259999990463257,1.9079999923706055,1.899999976158142,1.8919999599456787,1.8799999952316284,1.8639999628067017,1.8639999628067017,1.843999981880188,1.8240000009536743,1.7979999780654907,1.7740000486373901,1.753999948501587,1.7319999933242798,1.7100000381469727,1.690000057220459,1.6679999828338623,1.6679999828338623,1.6460000276565552,1.5080000162124634,1.5080000162124634,1.5080000162124634,1.496000051498413,1.4839999675750732,inf,inf,inf,inf,inf,inf,1.399999976158142,1.399999976158142,1.399999976158142,1.399999976158142,1.399999976158142,...,47.0,47.0,47.0,47.0,47.0,47.0,47.0,47.0,47.0,47.0,47.0,47.0,47.0,47.0,47.0,0.0,0.0,0.0,0.0,0.0,0.0,0.0,0.0,0.0,0.0,0.0,0.0,0.0,0.0,0.0,0.0,0.0,0.0,0.0,0.0,0.0,0.0,0.0,0.0,0.0,0.0,0.0,0.0,0.0,0.0,0.0,0.0,0.0,0.0,0.0,0.0,0.0,0.0,0.0,0.0,0.0,0.0,0.0,0.0,0.0,0.0,0.0,0.0,0.0,0.0,0.0,0.0,0.0,0.0,0.0,0.0,0.0,0.0,0.0,0.0,0.0,0.0,0.0,0.0,0.0,0.0,0.0,0.0,0.0,0.0,0.0,0.0,0.0,0.0,0.0,0.0,0.0,0.0,0.0,0.0,0.0,0.0,0.0,0.0,0.0,0.0,0.0,0.0,0.0,0.0,0.0,0.0,0.0,0.0,0.0,0.0,0.0,0.0,0.0,0.0,0.0,0.0,0.0,0.0,0.0,0.0,0.0,0.0,0.0,0.0,0.0,0.0,0.0,...
1763030773,386949401,laser,-3.1241390705108643,3.1415927410125732,0.0034828970674425364,5.370867802412249e-05,0.09662191569805145,0.15000000596046448,16.0,2.5360000133514404,2.5360000133514404,2.5320000648498535,2.5360000133514404,2.5360000133514404,2.5360000133514404,2.5320000648498535,2.5320000648498535,2.5320000648498535,2.5320000648498535,2.5320000648498535,2.5320000648498535,2.5320000648498535,2.5320000648498535,2.5320000648498535,2.5320000648498535,2.5320000648498535,2.5280001163482666,2.5280001163482666,2.5280001163482666,2.5320000648498535,2.5360000133514404,2.5320000648498535,2.5320000648498535,2.5320000648498535,2.5320000648498535,2.5320000648498535,2.5320000648498535,2.5320000648498535,2.5360000133514404,2.5360000133514404,2.5360000133514404,2.5320000648498535,2.5320000648498535,2.5320000648498535,2.5320000648498535,2.5360000133514404,2.5360000133514404,2.5399999618530273,2.5399999618530273,2.5439999103546143,2.5399999618530273,2.5399999618530273,2.5439999103546143,2.5320000648498535,2.5160000324249268,2.5160000324249268,2.5199999809265137,2.5160000324249268,2.5199999809265137,2.5320000648498535,2.5480000972747803,2.552000045776367,2.555999994277954,2.555999994277954,2.552000045776367,3.7639999389648438,3.7639999389648438,3.74399995803833,3.74399995803833,3.7360000610351562,3.740000009536743,3.747999906539917,3.752000093460083,3.752000093460083,3.75600004196167,2.888000011444092,2.888000011444092,2.8320000171661377,2.8320000171661377,2.8320000171661377,2.7760000228881836,2.7200000286102295,2.6559998989105225,2.611999988555908,2.563999891281128,2.503999948501587,2.503999948501587,2.4560000896453857,2.3519999980926514,2.3519999980926514,2.308000087738037,2.2760000228881836,2.196000099182129,2.1679999828338623,2.1679999828338623,2.124000072479248,2.124000072479248,2.0999999046325684,2.069999933242798,2.0399999618530273,2.01200008392334,1.9739999771118164,1.9479999542236328,1.9359999895095825,1.9220000505447388,1.9220000505447388,1.9160000085830688,1.9019999504089355,1.8799999952316284,1.8619999885559082,1.8380000591278076,1.815999984741211,1.7920000553131104,1.7680000066757202,1.7680000066757202,1.7300000190734863,1.7300000190734863,1.7079999446868896,1.687999963760376,1.6660000085830688,1.6419999599456787,1.5180000066757202,1.5180000066757202,1.50600004196167,1.49399995803833,1.465999960899353,inf,inf,1.4359999895095825,1.4359999895095825,1.4359999895095825,1.4359999895095825,1.4359999895095825,1.4140000343322754,1.4140000343322754,1.4140000343322754,1.4140000343322754,...,47.0,47.0,47.0,47.0,47.0,47.0,47.0,47.0,47.0,47.0,47.0,47.0,47.0,47.0,47.0,47.0,47.0,0.0,0.0,0.0,0.0,0.0,0.0,0.0,0.0,0.0,0.0,0.0,0.0,0.0,0.0,0.0,0.0,0.0,0.0,0.0,0.0,0.0,0.0,0.0,0.0,0.0,0.0,0.0,0.0,0.0,0.0,0.0,0.0,0.0,0.0,0.0,0.0,0.0,0.0,0.0,0.0,0.0,0.0,0.0,0.0,0.0,0.0,0.0,0.0,0.0,0.0,0.0,0.0,0.0,47.0,47.0,47.0,47.0,47.0,0.0,0.0,0.0,0.0,0.0,0.0,0.0,0.0,0.0,0.0,0.0,0.0,0.0,0.0,0.0,0.0,47.0,47.0,47.0,47.0,47.0,0.0,0.0,0.0,0.0,0.0,0.0,0.0,0.0,0.0,0.0,0.0,0.0,0.0,0.0,0.0,0.0,0.0,0.0,0.0,0.0,0.0,0.0,0.0,0.0,0.0,0.0,0.0,47.0,47.0,47.0,47.0,47.0,...
1763030773,485191549,laser,-3.1241390705108643,3.1415927410125732,0.0034828970674425364,5.369550490286201e-05,0.09659821540117264,0.15000000596046448,16.0,2.5360000133514404,2.5360000133514404,2.5360000133514404,2.5320000648498535,2.5320000648498535,2.5360000133514404,2.5320000648498535,2.5320000648498535,2.5320000648498535,2.5320000648498535,2.5320000648498535,2.5320000648498535,2.5320000648498535,2.5320000648498535,2.5320000648498535,2.5320000648498535,2.5320000648498535,2.5320000648498535,2.5320000648498535,2.5320000648498535,2.5360000133514404,2.5360000133514404,2.5320000648498535,2.5320000648498535,2.5320000648498535,2.5320000648498535,2.5320000648498535,2.5320000648498535,2.5360000133514404,2.5360000133514404,2.5360000133514404,2.5360000133514404,2.5360000133514404,2.5320000648498535,2.5320000648498535,2.5360000133514404,2.5360000133514404,2.5399999618530273,2.5439999103546143,2.5439999103546143,2.5439999103546143,2.5399999618530273,2.5439999103546143,2.552000045776367,2.5320000648498535,2.5320000648498535,2.5160000324249268,2.5199999809265137,2.5160000324249268,2.5199999809265137,2.5360000133514404,2.552000045776367,2.552000045776367,2.552000045776367,2.555999994277954,2.552000045776367,3.7639999389648438,3.7639999389648438,3.7639999389648438,3.740000009536743,3.7320001125335693,3.740000009536743,3.740000009536743,3.747999906539917,3.752000093460083,3.75600004196167,2.888000011444092,2.888000011444092,2.888000011444092,2.8320000171661377,2.8320000171661377,2.7760000228881836,2.7200000286102295,2.6559998989105225,2.611999988555908,2.611999988555908,2.559999942779541,2.496000051498413,2.444000005722046,2.388000011444092,2.3519999980926514,2.308000087738037,2.2799999713897705,2.196000099182129,2.196000099182129,2.1679999828338623,2.128000020980835,2.128000020980835,2.0999999046325684,2.068000078201294,2.0380001068115234,2.009999990463257,1.9819999933242798,1.9559999704360962,1.9359999895095825,1.9220000505447388,1.9220000505447388,1.9160000085830688,1.9019999504089355,1.8799999952316284,1.8600000143051147,1.8380000591278076,1.815999984741211,1.7920000553131104,1.7680000066757202,1.7680000066757202,1.7300000190734863,1.7300000190734863,1.7079999446868896,1.687999963760376,1.6660000085830688,1.6419999599456787,1.5219999551773071,1.5219999551773071,1.50600004196167,1.4919999837875366,1.4819999933242798,1.4639999866485596,1.4639999866485596,inf,1.4279999732971191,1.4279999732971191,1.4279999732971191,1.4279999732971191,1.4279999732971191,1.399999976158142,1.399999976158142,1.399999976158142,...,47.0,47.0,47.0,47.0,47.0,47.0,47.0,47.0,47.0,47.0,47.0,47.0,47.0,47.0,47.0,47.0,47.0,0.0,0.0,0.0,0.0,0.0,0.0,0.0,0.0,0.0,0.0,0.0,0.0,0.0,0.0,0.0,0.0,0.0,0.0,0.0,0.0,0.0,0.0,0.0,0.0,0.0,0.0,0.0,0.0,0.0,0.0,0.0,0.0,0.0,0.0,0.0,0.0,0.0,0.0,0.0,0.0,0.0,0.0,0.0,0.0,0.0,0.0,0.0,0.0,0.0,0.0,0.0,0.0,0.0,0.0,0.0,0.0,0.0,0.0,0.0,0.0,0.0,0.0,0.0,0.0,0.0,0.0,0.0,0.0,0.0,0.0,0.0,0.0,0.0,0.0,0.0,0.0,0.0,0.0,0.0,0.0,0.0,0.0,0.0,0.0,0.0,0.0,0.0,0.0,47.0,47.0,47.0,47.0,47.0,0.0,0.0,0.0,0.0,0.0,0.0,0.0,0.0,0.0,0.0,0.0,0.0,0.0,0.0,47.0,47.0,47.0,47.0,...
1763030773,583416764,laser,-3.1241390705108643,3.1415927410125732,0.0034828970674425364,5.371700899559073e-05,0.09663689881563187,0.15000000596046448,16.0,2.5199999809265137,2.5360000133514404,2.5360000133514404,2.5320000648498535,2.5320000648498535,2.5360000133514404,2.5320000648498535,2.5320000648498535,2.5320000648498535,2.5320000648498535,2.5320000648498535,2.5320000648498535,2.5320000648498535,2.5320000648498535,2.5320000648498535,2.5320000648498535,2.5320000648498535,2.5320000648498535,2.5320000648498535,2.5320000648498535,2.5360000133514404,2.5320000648498535,2.5320000648498535,2.5320000648498535,2.5320000648498535,2.5320000648498535,2.5320000648498535,2.5320000648498535,2.5360000133514404,2.5360000133514404,2.5360000133514404,2.5360000133514404,2.5360000133514404,2.5320000648498535,2.5320000648498535,2.5360000133514404,2.5360000133514404,2.5360000133514404,2.5399999618530273,2.5439999103546143,2.5439999103546143,2.5399999618530273,2.5399999618530273,2.5480000972747803,2.5199999809265137,2.503999948501587,2.5199999809265137,2.5199999809265137,2.5199999809265137,2.5320000648498535,2.5320000648498535,2.5480000972747803,2.552000045776367,2.555999994277954,2.555999994277954,2.5480000972747803,3.740000009536743,3.740000009536743,3.7360000610351562,3.7360000610351562,3.7360000610351562,3.740000009536743,3.747999906539917,3.747999906539917,3.752000093460083,3.752000093460083,3.752000093460083,2.931999921798706,2.871999979019165,2.871999979019165,2.871999979019165,2.799999952316284,2.7279999256134033,2.671999931335449,2.624000072479248,2.568000078201294,2.5280001163482666,2.4800000190734863,2.4159998893737793,2.368000030517578,2.3320000171661377,2.3320000171661377,2.299999952316284,2.191999912261963,2.191999912261963,2.184000015258789,2.140000104904175,2.1040000915527344,2.0799999237060547,2.0460000038146973,2.009999990463257,1.9819999933242798,1.9520000219345093,1.9520000219345093,1.9179999828338623,1.8960000276565552,1.8839999437332153,1.8739999532699585,1.8700000047683716,1.8619999885559082,1.8420000076293945,1.8240000009536743,1.8240000009536743,1.7999999523162842,1.7760000228881836,1.753999948501587,1.7300000190734863,1.7100000381469727,1.690000057220459,1.6660000085830688,1.6480000019073486,1.6480000019073486,1.50600004196167,1.50600004196167,1.49399995803833,1.49399995803833,1.4839999675750732,inf,inf,inf,inf,inf,inf,1.399999976158142,1.399999976158142,1.399999976158142,1.399999976158142,1.399999976158142,...,47.0,47.0,47.0,47.0,47.0,47.0,47.0,47.0,47.0,47.0,47.0,47.0,47.0,47.0,47.0,47.0,0.0,0.0,0.0,47.0,47.0,47.0,47.0,47.0,0.0,0.0,0.0,0.0,0.0,0.0,0.0,0.0,0.0,0.0,0.0,0.0,0.0,0.0,0.0,0.0,0.0,0.0,0.0,0.0,0.0,0.0,0.0,0.0,0.0,0.0,0.0,0.0,0.0,0.0,0.0,0.0,0.0,0.0,0.0,0.0,0.0,0.0,0.0,0.0,0.0,0.0,0.0,0.0,0.0,0.0,0.0,0.0,0.0,0.0,0.0,0.0,0.0,0.0,0.0,0.0,0.0,0.0,0.0,0.0,0.0,0.0,0.0,0.0,0.0,0.0,0.0,0.0,0.0,0.0,0.0,0.0,0.0,0.0,0.0,0.0,0.0,0.0,0.0,0.0,0.0,0.0,0.0,0.0,0.0,0.0,0.0,0.0,0.0,0.0,0.0,0.0,0.0,0.0,0.0,0.0,0.0,0.0,0.0,0.0,0.0,0.0,0.0,0.0,...
1763030773,680971168,laser,-3.1241390705108643,3.1415927410125732,0.0034828970674425364,5.754927042289637e-05,0.1035311371088028,0.15000000596046448,16.0,2.5360000133514404,2.5360000133514404,2.5360000133514404,2.5360000133514404,2.5360000133514404,2.5320000648498535,2.5320000648498535,2.5320000648498535,2.5320000648498535,2.5320000648498535,2.5320000648498535,2.5320000648498535,2.5320000648498535,2.5320000648498535,2.5320000648498535,2.5320000648498535,2.5320000648498535,2.5280001163482666,2.5280001163482666,2.5280001163482666,2.5320000648498535,2.5360000133514404,2.5320000648498535,2.5320000648498535,2.5320000648498535,2.5320000648498535,2.5320000648498535,2.5320000648498535,2.5360000133514404,2.5360000133514404,2.5360000133514404,2.5360000133514404,2.5320000648498535,2.5320000648498535,2.5320000648498535,2.5320000648498535,2.5360000133514404,2.5399999618530273,2.5399999618530273,2.5439999103546143,2.5439999103546143,2.5399999618530273,2.5399999618530273,2.5480000972747803,2.5199999809265137,2.503999948501587,2.5199999809265137,2.5199999809265137,2.5199999809265137,2.5320000648498535,2.5320000648498535,2.5480000972747803,2.552000045776367,2.555999994277954,2.555999994277954,2.5480000972747803,3.74399995803833,3.74399995803833,3.74399995803833,3.74399995803833,3.7360000610351562,3.7360000610351562,3.74399995803833,3.747999906539917,3.752000093460083,3.752000093460083,3.752000093460083,2.931999921798706,2.931999921798706,2.871999979019165,2.871999979019165,2.815999984741211,2.74399995803833,2.6760001182556152,2.635999917984009,2.5280001163482666,2.4800000190734863,2.4800000190734863,2.4200000762939453,2.371999979019165,2.3320000171661377,2.3320000171661377,2.2960000038146973,2.2039999961853027,2.2039999961853027,2.187999963760376,2.140000104904175,2.1040000915527344,2.0799999237060547,2.0480000972747803,2.0139999389648438,1.9819999933242798,1.9600000381469727,1.9600000381469727,1.9259999990463257,1.9019999504089355,1.8899999856948853,1.878000020980835,1.8739999532699585,1.8600000143051147,1.8420000076293945,1.8259999752044678,1.8259999752044678,1.8040000200271606,1.7799999713897705,1.75600004196167,1.7319999933242798,1.7100000381469727,1.6959999799728394,1.6779999732971191,1.656000018119812,1.656000018119812,1.4980000257492065,1.4980000257492065,1.4980000257492065,1.4980000257492065,1.4859999418258667,1.4739999771118164,inf,inf,inf,1.4079999923706055,1.4079999923706055,1.4079999923706055,1.4079999923706055,1.4079999923706055,1.3960000276565552,1.3960000276565552,...,47.0,47.0,47.0,47.0,47.0,47.0,47.0,47.0,47.0,47.0,47.0,47.0,47.0,47.0,47.0,47.0,47.0,0.0,0.0,0.0,0.0,0.0,0.0,0.0,0.0,0.0,0.0,0.0,0.0,0.0,0.0,0.0,0.0,0.0,0.0,0.0,0.0,0.0,0.0,0.0,0.0,0.0,0.0,0.0,0.0,0.0,0.0,0.0,0.0,0.0,0.0,0.0,0.0,0.0,0.0,0.0,0.0,0.0,0.0,0.0,0.0,0.0,0.0,0.0,0.0,0.0,0.0,0.0,0.0,0.0,0.0,0.0,0.0,0.0,0.0,0.0,0.0,0.0,0.0,0.0,0.0,0.0,0.0,0.0,0.0,0.0,0.0,0.0,0.0,0.0,0.0,47.0,47.0,47.0,47.0,47.0,0.0,0.0,0.0,0.0,0.0,0.0,0.0,0.0,0.0,0.0,0.0,0.0,0.0,0.0,0.0,0.0,0.0,0.0,0.0,0.0,0.0,0.0,0.0,0.0,0.0,0.0,0.0,0.0,0.0,0.0,0.0,0.0,...
1763030773,786185371,laser,-3.1241390705108643,3.1415927410125732,0.0034828970674425364,5.366426921682432e-05,0.09654201567173004,0.15000000596046448,16.0,2.5360000133514404,2.5360000133514404,2.5320000648498535,2.5320000648498535,2.5360000133514404,2.5320000648498535,2.5320000648498535,2.5320000648498535,2.5320000648498535,2.5320000648498535,2.5320000648498535,2.5320000648498535,2.5320000648498535,2.5320000648498535,2.5320000648498535,2.5320000648498535,2.5320000648498535,2.5280001163482666,2.5280001163482666,2.5280001163482666,2.5320000648498535,2.5360000133514404,2.5360000133514404,2.5320000648498535,2.5320000648498535,2.5320000648498535,2.5320000648498535,2.5320000648498535,2.5320000648498535,2.5360000133514404,2.5360000133514404,2.5360000133514404,2.5320000648498535,2.5320000648498535,2.5320000648498535,2.5320000648498535,2.5360000133514404,2.5360000133514404,2.5399999618530273,2.5439999103546143,2.5439999103546143,2.5399999618530273,2.5439999103546143,2.5399999618530273,2.5399999618530273,2.5199999809265137,2.5160000324249268,2.5199999809265137,2.5160000324249268,2.5199999809265137,2.5360000133514404,2.552000045776367,2.552000045776367,2.552000045776367,2.555999994277954,2.5480000972747803,3.7639999389648438,3.7639999389648438,3.7639999389648438,3.747999906539917,3.7360000610351562,3.740000009536743,3.740000009536743,3.747999906539917,3.752000093460083,3.75600004196167,2.888000011444092,2.888000011444092,2.888000011444092,2.888000011444092,2.8320000171661377,2.7720000743865967,2.7160000801086426,2.6559998989105225,2.5999999046325684,2.5999999046325684,2.5480000972747803,2.496000051498413,2.4560000896453857,2.3480000495910645,2.308000087738037,2.308000087738037,2.2760000228881836,2.200000047683716,2.200000047683716,2.1640000343322754,2.124000072479248,2.124000072479248,2.0920000076293945,2.052000045776367,2.0239999294281006,1.9980000257492065,1.968000054359436,1.9420000314712524,1.934000015258789,1.9240000247955322,1.9240000247955322,1.9140000343322754,1.9019999504089355,1.878000020980835,1.8559999465942383,1.8359999656677246,1.815999984741211,1.7920000553131104,1.7660000324249268,1.7660000324249268,1.7280000448226929,1.7280000448226929,1.7059999704360962,1.6859999895095825,1.6679999828338623,1.6419999599456787,1.5199999809265137,1.503999948501587,1.503999948501587,1.4919999837875366,1.4839999675750732,1.4639999866485596,1.4639999866485596,1.4259999990463257,1.4259999990463257,1.4259999990463257,1.4259999990463257,1.399999976158142,1.399999976158142,1.399999976158142,1.3880000114440918,1.3880000114440918,...,47.0,47.0,47.0,47.0,47.0,47.0,47.0,47.0,47.0,47.0,47.0,47.0,47.0,47.0,47.0,0.0,0.0,0.0,0.0,47.0,47.0,47.0,47.0,47.0,0.0,0.0,0.0,0.0,0.0,0.0,0.0,0.0,0.0,0.0,0.0,0.0,0.0,0.0,0.0,0.0,0.0,0.0,0.0,0.0,0.0,0.0,0.0,0.0,0.0,0.0,0.0,0.0,0.0,0.0,0.0,0.0,0.0,0.0,0.0,0.0,0.0,0.0,0.0,0.0,0.0,0.0,0.0,0.0,0.0,0.0,0.0,0.0,0.0,0.0,0.0,0.0,0.0,0.0,0.0,0.0,0.0,0.0,0.0,0.0,0.0,0.0,0.0,0.0,0.0,0.0,0.0,0.0,0.0,0.0,0.0,0.0,0.0,0.0,0.0,0.0,0.0,0.0,0.0,0.0,0.0,0.0,0.0,0.0,0.0,0.0,0.0,0.0,0.0,0.0,0.0,0.0,0.0,0.0,0.0,0.0,0.0,0.0,0.0,0.0,0.0,0.0,0.0,0.0,...
1763030773,883572282,laser,-3.1241390705108643,3.1415927410125732,0.0034828970674425364,5.4199237638385966e-05,0.09750442951917648,0.15000000596046448,16.0,2.5239999294281006,2.5360000133514404,2.5320000648498535,2.5320000648498535,2.5320000648498535,2.5320000648498535,2.5320000648498535,2.5320000648498535,2.5320000648498535,2.5320000648498535,2.5320000648498535,2.5320000648498535,2.5320000648498535,2.5320000648498535,2.5320000648498535,2.5320000648498535,2.5320000648498535,2.5320000648498535,2.5280001163482666,2.5360000133514404,2.5360000133514404,2.5360000133514404,2.5320000648498535,2.5320000648498535,2.5320000648498535,2.5280001163482666,2.5320000648498535,2.5320000648498535,2.5360000133514404,2.5360000133514404,2.5360000133514404,2.5360000133514404,2.5360000133514404,2.5360000133514404,2.5320000648498535,2.5360000133514404,2.5360000133514404,2.5360000133514404,2.5399999618530273,2.5439999103546143,2.5439999103546143,2.5439999103546143,2.5399999618530273,2.5480000972747803,2.5199999809265137,2.503999948501587,2.5199999809265137,2.5199999809265137,2.5199999809265137,2.5199999809265137,2.5320000648498535,2.5480000972747803,2.552000045776367,2.555999994277954,2.555999994277954,2.552000045776367,3.74399995803833,3.74399995803833,3.74399995803833,3.74399995803833,3.740000009536743,3.74399995803833,3.747999906539917,3.747999906539917,3.752000093460083,3.752000093460083,2.936000108718872,2.871999979019165,2.871999979019165,2.871999979019165,2.871999979019165,2.808000087738037,2.74399995803833,2.671999931335449,2.624000072479248,2.5759999752044678,2.5280001163482666,2.492000102996826,2.431999921798706,2.371999979019165,2.3359999656677246,2.299999952316284,2.299999952316284,2.187999963760376,2.187999963760376,2.187999963760376,2.140000104904175,2.1040000915527344,2.0799999237060547,2.052000045776367,2.0160000324249268,1.9859999418258667,1.9639999866485596,1.9639999866485596,1.940000057220459,1.9240000247955322,1.9119999408721924,1.899999976158142,1.8860000371932983,1.8680000305175781,1.8480000495910645,1.8300000429153442,1.805999994277954,1.805999994277954,1.7799999713897705,1.75600004196167,1.7339999675750732,1.7120000123977661,1.694000005722046,1.6720000505447388,1.6519999504089355,1.50600004196167,1.50600004196167,1.4980000257492065,1.4980000257492065,1.4980000257492065,1.4859999418258667,1.4739999771118164,inf,inf,inf,inf,1.4079999923706055,1.4079999923706055,1.4079999923706055,1.4079999923706055,1.4079999923706055,1.3980000019073486,...,47.0,47.0,47.0,47.0,47.0,47.0,47.0,47.0,47.0,47.0,47.0,47.0,47.0,47.0,0.0,0.0,0.0,0.0,0.0,0.0,0.0,0.0,0.0,0.0,0.0,0.0,0.0,0.0,0.0,0.0,0.0,0.0,0.0,0.0,0.0,0.0,0.0,0.0,0.0,0.0,0.0,0.0,0.0,0.0,0.0,0.0,0.0,0.0,0.0,0.0,0.0,0.0,0.0,0.0,0.0,0.0,0.0,0.0,0.0,0.0,0.0,0.0,0.0,0.0,0.0,0.0,0.0,0.0,0.0,0.0,0.0,0.0,0.0,0.0,0.0,0.0,0.0,0.0,0.0,0.0,0.0,0.0,0.0,0.0,0.0,0.0,0.0,0.0,0.0,47.0,47.0,47.0,47.0,47.0,0.0,0.0,0.0,0.0,0.0,0.0,0.0,0.0,0.0,0.0,0.0,0.0,0.0,0.0,0.0,0.0,0.0,0.0,0.0,0.0,0.0,0.0,0.0,0.0,0.0,0.0,0.0,0.0,0.0,0.0,0.0,0.0,0.0,0.0,...
1763030773,982593428,laser,-3.1241390705108643,3.1415927410125732,0.0034828970674425364,5.375924229156226e-05,0.0967128723859787,0.15000000596046448,16.0,2.5360000133514404,2.5320000648498535,2.5320000648498535,2.5320000648498535,2.5320000648498535,2.5360000133514404,2.5320000648498535,2.5320000648498535,2.5320000648498535,2.5320000648498535,2.5320000648498535,2.5320000648498535,2.5320000648498535,2.5320000648498535,2.5320000648498535,2.5320000648498535,2.5320000648498535,2.5280001163482666,2.5280001163482666,2.5280001163482666,2.5320000648498535,2.5360000133514404,2.5320000648498535,2.5320000648498535,2.5320000648498535,2.5320000648498535,2.5320000648498535,2.5320000648498535,2.5360000133514404,2.5360000133514404,2.5360000133514404,2.5360000133514404,2.5320000648498535,2.5320000648498535,2.5320000648498535,2.5320000648498535,2.5360000133514404,2.5399999618530273,2.5439999103546143,2.5439999103546143,2.5439999103546143,2.5399999618530273,2.5399999618530273,2.5480000972747803,2.5360000133514404,2.5199999809265137,2.5199999809265137,2.5199999809265137,2.5160000324249268,2.5280001163482666,2.5280001163482666,2.5439999103546143,2.552000045776367,2.555999994277954,2.555999994277954,2.552000045776367,3.75600004196167,3.75600004196167,3.740000009536743,3.740000009536743,3.740000009536743,3.7360000610351562,3.740000009536743,3.747999906539917,3.752000093460083,3.752000093460083,2.884000062942505,2.884000062942505,2.828000068664551,2.828000068664551,2.828000068664551,2.828000068664551,2.752000093460083,2.687999963760376,2.6440000534057617,2.5959999561309814,2.5399999618530273,2.48799991607666,2.440000057220459,2.384000062942505,2.3359999656677246,2.2960000038146973,2.2960000038146973,2.259999990463257,2.2320001125335693,2.191999912261963,2.1519999504089355,2.111999988555908,2.0799999237060547,2.052000045776367,2.0220000743865967,1.99399995803833,1.9600000381469727,1.9299999475479126,1.9299999475479126,1.9160000085830688,1.906000018119812,1.8940000534057617,1.8819999694824219,1.8639999628067017,1.8480000495910645,1.8300000429153442,1.8079999685287476,1.8079999685287476,1.781999945640564,1.7580000162124634,1.7380000352859497,1.715999960899353,1.7000000476837158,1.6820000410079956,1.6579999923706055,1.6319999694824219,1.5199999809265137,1.5199999809265137,1.503999948501587,1.4880000352859497,1.4880000352859497,1.4739999771118164,inf,inf,inf,inf,inf,1.4119999408721924,1.4119999408721924,1.4119999408721924,1.4119999408721924,1.4119999408721924,...,47.0,47.0,47.0,47.0,47.0,47.0,47.0,47.0,47.0,47.0,47.0,47.0,47.0,47.0,47.0,47.0,47.0,47.0,47.0,47.0,47.0,47.0,0.0,0.0,0.0,0.0,0.0,0.0,0.0,0.0,0.0,0.0,0.0,0.0,0.0,0.0,0.0,0.0,0.0,0.0,0.0,0.0,0.0,0.0,0.0,0.0,0.0,0.0,0.0,0.0,0.0,0.0,0.0,0.0,0.0,0.0,0.0,0.0,0.0,0.0,0.0,0.0,0.0,0.0,0.0,0.0,0.0,0.0,0.0,0.0,0.0,0.0,0.0,0.0,0.0,0.0,0.0,0.0,0.0,0.0,0.0,0.0,0.0,0.0,0.0,0.0,0.0,0.0,0.0,0.0,0.0,0.0,0.0,0.0,0.0,0.0,0.0,0.0,0.0,0.0,0.0,0.0,0.0,0.0,0.0,0.0,0.0,0.0,0.0,0.0,0.0,0.0,0.0,0.0,0.0,0.0,0.0,0.0,0.0,0.0,0.0,0.0,0.0,0.0,0.0,0.0,0.0,0.0,...
1763030774,80843477,laser,-3.1241390705108643,3.1415927410125732,0.0034828970674425364,5.7191846281057224e-05,0.10288812965154648,0.15000000596046448,16.0,2.5360000133514404,2.5320000648498535,2.5320000648498535,2.5360000133514404,2.5360000133514404,2.5320000648498535,2.5320000648498535,2.5320000648498535,2.5320000648498535,2.5320000648498535,2.5320000648498535,2.5320000648498535,2.5320000648498535,2.5320000648498535,2.5320000648498535,2.5320000648498535,2.5320000648498535,2.5280001163482666,2.5280001163482666,2.5280001163482666,2.5360000133514404,2.5360000133514404,2.5320000648498535,2.5320000648498535,2.5320000648498535,2.5320000648498535,2.5320000648498535,2.5320000648498535,2.5320000648498535,2.5360000133514404,2.5360000133514404,2.5360000133514404,2.5360000133514404,2.5360000133514404,2.5360000133514404,2.5320000648498535,2.5360000133514404,2.5399999618530273,2.5399999618530273,2.5439999103546143,2.5439999103546143,2.5399999618530273,2.5439999103546143,2.5360000133514404,2.5360000133514404,2.5199999809265137,2.5199999809265137,2.5199999809265137,2.5160000324249268,2.5199999809265137,2.5360000133514404,2.5360000133514404,2.552000045776367,2.552000045776367,2.555999994277954,2.552000045776367,3.75600004196167,3.75600004196167,3.75600004196167,3.74399995803833,3.740000009536743,3.740000009536743,3.740000009536743,3.747999906539917,3.747999906539917,3.752000093460083,2.884000062942505,2.884000062942505,2.884000062942505,2.884000062942505,2.828000068664551,2.7679998874664307,2.7679998874664307,2.6440000534057617,2.5999999046325684,2.5999999046325684,2.5439999103546143,2.492000102996826,2.444000005722046,2.388000011444092,2.3480000495910645,2.2799999713897705,2.2799999713897705,2.196000099182129,2.196000099182129,2.1519999504089355,2.1519999504089355,2.119999885559082,2.0920000076293945,2.052000045776367,2.0199999809265137,2.003999948501587,1.9819999933242798,1.9579999446868896,1.944000005722046,1.944000005722046,1.9320000410079956,1.9199999570846558,1.9079999923706055,1.8880000114440918,1.8680000305175781,1.8420000076293945,1.815999984741211,1.7940000295639038,1.7680000066757202,1.7680000066757202,1.7280000448226929,1.7280000448226929,1.7059999704360962,1.684000015258789,1.6619999408721924,1.6399999856948853,1.5199999809265137,1.50600004196167,1.50600004196167,1.49399995803833,1.4839999675750732,1.4639999866485596,1.4639999866485596,1.434000015258789,1.434000015258789,1.434000015258789,1.434000015258789,1.4119999408721924,1.4119999408721924,1.4119999408721924,1.399999976158142,1.399999976158142,...,47.0,47.0,47.0,47.0,47.0,47.0,47.0,47.0,47.0,47.0,47.0,47.0,47.0,47.0,47.0,47.0,47.0,0.0,0.0,0.0,0.0,0.0,0.0,0.0,0.0,0.0,0.0,0.0,0.0,0.0,0.0,0.0,0.0,0.0,0.0,0.0,0.0,0.0,0.0,0.0,0.0,0.0,0.0,0.0,0.0,0.0,0.0,0.0,0.0,0.0,0.0,0.0,0.0,0.0,0.0,0.0,0.0,0.0,0.0,0.0,0.0,0.0,0.0,0.0,0.0,0.0,0.0,0.0,0.0,0.0,0.0,0.0,0.0,0.0,0.0,0.0,0.0,0.0,0.0,0.0,0.0,0.0,0.0,0.0,0.0,0.0,0.0,0.0,0.0,0.0,0.0,47.0,47.0,47.0,47.0,47.0,0.0,0.0,0.0,0.0,0.0,0.0,0.0,0.0,0.0,0.0,0.0,0.0,0.0,0.0,0.0,0.0,0.0,0.0,0.0,0.0,0.0,0.0,0.0,0.0,0.0,0.0,0.0,0.0,0.0,0.0,0.0,0.0,...
1763030774,185216400,laser,-3.1241390705108643,3.1415927410125732,0.0034828970674425364,5.378574860515073e-05,0.09676056355237961,0.15000000596046448,16.0,2.5360000133514404,2.5360000133514404,2.5320000648498535,2.5320000648498535,2.5320000648498535,2.5320000648498535,2.5320000648498535,2.5320000648498535,2.5320000648498535,2.5320000648498535,2.5320000648498535,2.5320000648498535,2.5320000648498535,2.5320000648498535,2.5320000648498535,2.5320000648498535,2.5320000648498535,2.5280001163482666,2.5280001163482666,2.5360000133514404,2.5360000133514404,2.5360000133514404,2.5320000648498535,2.5320000648498535,2.5320000648498535,2.5320000648498535,2.5320000648498535,2.5320000648498535,2.5320000648498535,2.5360000133514404,2.5360000133514404,2.5360000133514404,2.5360000133514404,2.5360000133514404,2.5320000648498535,2.5320000648498535,2.5360000133514404,2.5399999618530273,2.5399999618530273,2.5399999618530273,2.5399999618530273,2.5399999618530273,2.5399999618530273,2.552000045776367,2.5399999618530273,2.5160000324249268,2.5199999809265137,2.5199999809265137,2.5160000324249268,2.5199999809265137,2.5320000648498535,2.5480000972747803,2.552000045776367,2.555999994277954,2.555999994277954,2.555999994277954,3.7839999198913574,3.7839999198913574,3.74399995803833,3.74399995803833,3.740000009536743,3.747999906539917,3.752000093460083,3.747999906539917,3.747999906539917,3.747999906539917,3.747999906539917,2.868000030517578,2.868000030517578,2.868000030517578,2.868000030517578,2.7880001068115234,2.7279999256134033,2.6679999828338623,2.615999937057495,2.568000078201294,2.51200008392334,2.4719998836517334,2.4719998836517334,2.368000030517578,2.368000030517578,2.3320000171661377,2.299999952316284,2.184000015258789,2.184000015258789,2.184000015258789,2.131999969482422,2.0999999046325684,2.065999984741211,2.0380001068115234,2.0160000324249268,1.9839999675750732,1.9839999675750732,1.9579999446868896,1.934000015258789,1.9179999828338623,1.9140000343322754,1.9040000438690186,1.8880000114440918,1.8680000305175781,1.8459999561309814,1.8459999561309814,1.8259999752044678,1.8040000200271606,1.7799999713897705,1.75600004196167,1.7319999933242798,1.7120000123977661,1.694000005722046,1.6720000505447388,1.6720000505447388,1.6540000438690186,1.5360000133514404,1.50600004196167,1.50600004196167,1.4980000257492065,1.4880000352859497,1.4759999513626099,inf,inf,inf,inf,1.4019999504089355,1.4019999504089355,1.4019999504089355,1.4019999504089355,1.4019999504089355,1.3940000534057617,...,47.0,47.0,47.0,47.0,47.0,47.0,47.0,47.0,47.0,47.0,47.0,47.0,47.0,47.0,0.0,0.0,0.0,0.0,47.0,47.0,47.0,47.0,47.0,0.0,0.0,0.0,0.0,0.0,0.0,0.0,0.0,0.0,0.0,0.0,0.0,0.0,0.0,0.0,0.0,0.0,0.0,0.0,0.0,0.0,0.0,0.0,0.0,0.0,0.0,0.0,0.0,0.0,0.0,0.0,0.0,0.0,0.0,0.0,0.0,0.0,0.0,0.0,0.0,0.0,0.0,0.0,0.0,0.0,0.0,0.0,0.0,0.0,0.0,0.0,0.0,0.0,0.0,0.0,0.0,0.0,0.0,0.0,0.0,0.0,0.0,0.0,0.0,0.0,0.0,0.0,0.0,0.0,0.0,0.0,0.0,0.0,0.0,0.0,0.0,0.0,0.0,0.0,0.0,0.0,0.0,0.0,0.0,0.0,0.0,0.0,0.0,0.0,0.0,0.0,0.0,0.0,0.0,0.0,0.0,0.0,0.0,0.0,0.0,0.0,0.0,0.0,0.0,0.0,...
1763030774,283498123,laser,-3.1241390705108643,3.1415927410125732,0.0034828970674425364,5.3758598369313404e-05,0.09671171754598618,0.15000000596046448,16.0,2.5199999809265137,2.5360000133514404,2.5320000648498535,2.5320000648498535,2.5320000648498535,2.5320000648498535,2.5320000648498535,2.5320000648498535,2.5320000648498535,2.5320000648498535,2.5320000648498535,2.5320000648498535,2.5320000648498535,2.5320000648498535,2.5320000648498535,2.5320000648498535,2.5320000648498535,2.5320000648498535,2.5280001163482666,2.5320000648498535,2.5360000133514404,2.5360000133514404,2.5360000133514404,2.5360000133514404,2.5320000648498535,2.5320000648498535,2.5320000648498535,2.5320000648498535,2.5360000133514404,2.5360000133514404,2.5360000133514404,2.5360000133514404,2.5360000133514404,2.5320000648498535,2.5320000648498535,2.5360000133514404,2.5360000133514404,2.5399999618530273,2.5399999618530273,2.5439999103546143,2.5439999103546143,2.5439999103546143,2.5399999618530273,2.5480000972747803,2.5239999294281006,2.503999948501587,2.5199999809265137,2.5199999809265137,2.5199999809265137,2.5199999809265137,2.5320000648498535,2.5480000972747803,2.552000045776367,2.555999994277954,2.555999994277954,2.552000045776367,2.552000045776367,3.74399995803833,3.74399995803833,3.74399995803833,3.74399995803833,3.747999906539917,3.752000093460083,3.747999906539917,3.752000093460083,3.752000093460083,3.752000093460083,2.936000108718872,2.871999979019165,2.871999979019165,2.871999979019165,2.7960000038146973,2.7279999256134033,2.684000015258789,2.635999917984009,2.572000026702881,2.5160000324249268,2.4800000190734863,2.427999973297119,2.371999979019165,2.371999979019165,2.3359999656677246,2.303999900817871,2.2039999961853027,2.2039999961853027,2.191999912261963,2.140000104904175,2.0999999046325684,2.0799999237060547,2.052000045776367,2.052000045776367,1.9839999675750732,1.9839999675750732,1.9600000381469727,1.9299999475479126,1.906000018119812,1.8919999599456787,1.8799999952316284,1.8739999532699585,1.8619999885559082,1.8459999561309814,1.8459999561309814,1.8259999752044678,1.8040000200271606,1.7799999713897705,1.75600004196167,1.7339999675750732,1.7139999866485596,1.7000000476837158,1.6799999475479126,1.656000018119812,1.656000018119812,1.5080000162124634,1.5080000162124634,1.4980000257492065,1.4980000257492065,1.4859999418258667,1.4739999771118164,inf,inf,inf,inf,inf,1.4019999504089355,1.4019999504089355,1.4019999504089355,1.4019999504089355,1.4019999504089355,...,47.0,47.0,47.0,47.0,47.0,47.0,47.0,47.0,47.0,47.0,47.0,47.0,47.0,47.0,47.0,47.0,47.0,0.0,0.0,0.0,0.0,0.0,0.0,0.0,0.0,0.0,0.0,0.0,0.0,0.0,0.0,0.0,0.0,0.0,0.0,0.0,0.0,0.0,0.0,0.0,0.0,0.0,0.0,0.0,0.0,0.0,0.0,0.0,0.0,0.0,0.0,0.0,0.0,0.0,0.0,0.0,0.0,0.0,0.0,0.0,0.0,0.0,0.0,0.0,0.0,0.0,0.0,0.0,0.0,0.0,0.0,0.0,0.0,0.0,0.0,0.0,0.0,0.0,0.0,0.0,0.0,0.0,0.0,0.0,0.0,0.0,0.0,0.0,0.0,0.0,0.0,47.0,47.0,47.0,47.0,47.0,0.0,0.0,0.0,0.0,0.0,0.0,0.0,0.0,0.0,0.0,0.0,0.0,0.0,0.0,0.0,0.0,0.0,0.0,0.0,0.0,0.0,0.0,0.0,0.0,0.0,0.0,0.0,0.0,0.0,0.0,0.0,0.0,...
1763030774,381557106,laser,-3.1241390705108643,3.1415927410125732,0.0034828970674425364,5.72503158764448e-05,0.10299331694841385,0.15000000596046448,16.0,2.5360000133514404,2.5320000648498535,2.5320000648498535,2.5320000648498535,2.5320000648498535,2.5360000133514404,2.5320000648498535,2.5320000648498535,2.5320000648498535,2.5320000648498535,2.5320000648498535,2.5320000648498535,2.5320000648498535,2.5320000648498535,2.5320000648498535,2.5320000648498535,2.5320000648498535,2.5320000648498535,2.5280001163482666,2.5320000648498535,2.5320000648498535,2.5360000133514404,2.5320000648498535,2.5320000648498535,2.5320000648498535,2.5320000648498535,2.5320000648498535,2.5320000648498535,2.5360000133514404,2.5360000133514404,2.5360000133514404,2.5360000133514404,2.5360000133514404,2.5360000133514404,2.5320000648498535,2.5320000648498535,2.5360000133514404,2.5399999618530273,2.5439999103546143,2.5439999103546143,2.5439999103546143,2.5399999618530273,2.5439999103546143,2.5480000972747803,2.5480000972747803,2.5280001163482666,2.5160000324249268,2.5199999809265137,2.5160000324249268,2.5199999809265137,2.5360000133514404,2.5480000972747803,2.5480000972747803,2.552000045776367,2.555999994277954,2.552000045776367,3.759999990463257,3.759999990463257,3.759999990463257,3.747999906539917,3.7360000610351562,3.740000009536743,3.740000009536743,3.752000093460083,3.752000093460083,3.752000093460083,2.884000062942505,2.884000062942505,2.884000062942505,2.884000062942505,2.8480000495910645,2.7880001068115234,2.7079999446868896,2.6480000019073486,2.615999937057495,2.615999937057495,2.568000078201294,2.5,2.444000005722046,2.3959999084472656,2.3480000495910645,2.303999900817871,2.2880001068115234,2.191999912261963,2.191999912261963,2.171999931335449,2.171999931335449,2.131999969482422,2.0999999046325684,2.063999891281128,2.0280001163482666,2.0,1.972000002861023,1.9420000314712524,1.909999966621399,1.8839999437332153,1.8760000467300415,1.8639999628067017,1.8639999628067017,1.8480000495910645,1.843999981880188,1.8300000429153442,1.812000036239624,1.7920000553131104,1.7699999809265137,1.7699999809265137,1.7280000448226929,1.7280000448226929,1.7059999704360962,1.687999963760376,1.6660000085830688,1.6440000534057617,1.5299999713897705,1.50600004196167,1.50600004196167,1.4919999837875366,1.465999960899353,inf,1.4299999475479126,1.4299999475479126,1.4299999475479126,1.4299999475479126,1.4299999475479126,1.4019999504089355,1.4019999504089355,1.4019999504089355,1.3860000371932983,1.3860000371932983,...,47.0,47.0,47.0,47.0,47.0,47.0,47.0,47.0,47.0,47.0,47.0,47.0,47.0,47.0,47.0,47.0,0.0,0.0,0.0,0.0,0.0,0.0,0.0,0.0,0.0,0.0,0.0,0.0,0.0,0.0,0.0,0.0,0.0,0.0,0.0,0.0,0.0,0.0,0.0,0.0,0.0,0.0,0.0,0.0,0.0,0.0,0.0,0.0,0.0,0.0,0.0,0.0,0.0,0.0,0.0,0.0,0.0,0.0,0.0,0.0,0.0,0.0,0.0,0.0,0.0,0.0,0.0,0.0,0.0,0.0,0.0,0.0,0.0,0.0,0.0,0.0,0.0,0.0,0.0,0.0,0.0,0.0,0.0,0.0,0.0,0.0,0.0,0.0,0.0,0.0,0.0,0.0,0.0,0.0,0.0,0.0,0.0,0.0,0.0,0.0,0.0,0.0,0.0,0.0,0.0,0.0,0.0,0.0,0.0,0.0,0.0,0.0,0.0,0.0,0.0,0.0,0.0,0.0,0.0,0.0,0.0,0.0,0.0,0.0,0.0,0.0,0.0,0.0,...
1763030774,485904881,laser,-3.1241390705108643,3.1415927410125732,0.0034828970674425364,5.386719203670509e-05,0.09690707921981812,0.15000000596046448,16.0,2.5199999809265137,2.5360000133514404,2.5320000648498535,2.5320000648498535,2.5320000648498535,2.5360000133514404,2.5360000133514404,2.5320000648498535,2.5320000648498535,2.5320000648498535,2.5320000648498535,2.5320000648498535,2.5320000648498535,2.5320000648498535,2.5320000648498535,2.5360000133514404,2.5360000133514404,2.5320000648498535,2.5320000648498535,2.5360000133514404,2.5360000133514404,2.5360000133514404,2.5320000648498535,2.5320000648498535,2.5320000648498535,2.5320000648498535,2.5320000648498535,2.5320000648498535,2.5360000133514404,2.5360000133514404,2.5360000133514404,2.5360000133514404,2.5360000133514404,2.5320000648498535,2.5320000648498535,2.5360000133514404,2.5360000133514404,2.5360000133514404,2.5399999618530273,2.5439999103546143,2.5439999103546143,2.5399999618530273,2.5439999103546143,2.5480000972747803,2.5280001163482666,2.5160000324249268,2.5160000324249268,2.5199999809265137,2.5160000324249268,2.5199999809265137,2.5360000133514404,2.5480000972747803,2.552000045776367,2.555999994277954,2.555999994277954,2.555999994277954,3.759999990463257,3.759999990463257,3.74399995803833,3.74399995803833,3.7360000610351562,3.740000009536743,3.752000093460083,3.752000093460083,3.752000093460083,3.752000093460083,2.884000062942505,2.884000062942505,2.8359999656677246,2.8359999656677246,2.8359999656677246,2.7760000228881836,2.7279999256134033,2.6640000343322754,2.611999988555908,2.563999891281128,2.5,2.5,2.3919999599456787,2.3919999599456787,2.359999895095825,2.319999933242798,2.2880001068115234,2.191999912261963,2.171999931335449,2.171999931335449,2.128000020980835,2.0999999046325684,2.072000026702881,2.072000026702881,2.0360000133514404,2.009999990463257,1.9859999418258667,1.9559999704360962,1.9320000410079956,1.9140000343322754,1.9040000438690186,1.8980000019073486,1.8980000019073486,1.8619999885559082,1.8619999885559082,1.8420000076293945,1.8179999589920044,1.7940000295639038,1.7699999809265137,1.746000051498413,1.7280000448226929,1.7079999446868896,1.687999963760376,1.687999963760376,1.6699999570846558,1.6480000019073486,1.5180000066757202,1.5180000066757202,1.50600004196167,1.49399995803833,1.4819999933242798,1.4639999866485596,inf,1.4299999475479126,1.4299999475479126,1.4299999475479126,1.4299999475479126,1.4299999475479126,1.3980000019073486,1.3980000019073486,1.3980000019073486,1.3819999694824219,...,47.0,47.0,47.0,47.0,47.0,47.0,47.0,47.0,47.0,47.0,47.0,47.0,47.0,47.0,0.0,0.0,0.0,0.0,0.0,0.0,0.0,0.0,0.0,0.0,0.0,0.0,0.0,0.0,0.0,0.0,0.0,0.0,0.0,0.0,0.0,0.0,0.0,0.0,0.0,0.0,0.0,0.0,0.0,0.0,0.0,0.0,0.0,0.0,0.0,0.0,0.0,0.0,0.0,0.0,0.0,0.0,0.0,0.0,0.0,0.0,0.0,0.0,0.0,0.0,0.0,0.0,0.0,0.0,0.0,0.0,0.0,0.0,0.0,0.0,0.0,0.0,0.0,0.0,0.0,0.0,0.0,0.0,0.0,0.0,0.0,0.0,0.0,0.0,0.0,47.0,47.0,47.0,47.0,47.0,0.0,0.0,0.0,0.0,0.0,0.0,0.0,0.0,0.0,0.0,0.0,0.0,0.0,0.0,0.0,0.0,0.0,0.0,0.0,0.0,0.0,0.0,0.0,0.0,0.0,0.0,0.0,0.0,0.0,0.0,47.0,47.0,47.0,47.0,...
1763030774,584276338,laser,-3.1241390705108643,3.1415927410125732,0.0034828970674425364,5.3877320169704035e-05,0.0969252958893776,0.15000000596046448,16.0,2.5199999809265137,2.5360000133514404,2.5360000133514404,2.5320000648498535,2.5320000648498535,2.5360000133514404,2.5320000648498535,2.5320000648498535,2.5320000648498535,2.5320000648498535,2.5320000648498535,2.5320000648498535,2.5320000648498535,2.5320000648498535,2.5320000648498535,2.5360000133514404,2.5360000133514404,2.5320000648498535,2.5280001163482666,2.5360000133514404,2.5360000133514404,2.5320000648498535,2.5320000648498535,2.5320000648498535,2.5320000648498535,2.5320000648498535,2.5320000648498535,2.5320000648498535,2.5360000133514404,2.5360000133514404,2.5360000133514404,2.5360000133514404,2.5360000133514404,2.5320000648498535,2.5320000648498535,2.5360000133514404,2.5360000133514404,2.5399999618530273,2.5399999618530273,2.5439999103546143,2.5439999103546143,2.5439999103546143,2.5399999618530273,2.5439999103546143,2.5199999809265137,2.503999948501587,2.5199999809265137,2.5199999809265137,2.5199999809265137,2.5199999809265137,2.5320000648498535,2.5480000972747803,2.5480000972747803,2.555999994277954,2.555999994277954,2.552000045776367,3.74399995803833,3.74399995803833,3.74399995803833,3.74399995803833,3.7360000610351562,3.7360000610351562,3.740000009536743,3.747999906539917,3.752000093460083,3.747999906539917,3.747999906539917,2.884000062942505,2.884000062942505,2.884000062942505,2.884000062942505,2.7320001125335693,2.7320001125335693,2.671999931335449,2.624000072479248,2.5799999237060547,2.5280001163482666,2.4800000190734863,2.431999921798706,2.371999979019165,2.3359999656677246,2.3359999656677246,2.303999900817871,2.2039999961853027,2.191999912261963,2.191999912261963,2.140000104904175,2.111999988555908,2.0899999141693115,2.0439999103546143,2.01200008392334,1.99399995803833,1.972000002861023,1.972000002861023,1.9500000476837158,1.9359999895095825,1.9279999732971191,1.9160000085830688,1.899999976158142,1.8739999532699585,1.8480000495910645,1.8300000429153442,1.8300000429153442,1.805999994277954,1.7799999713897705,1.75600004196167,1.7339999675750732,1.7139999866485596,1.6959999799728394,1.6740000247955322,1.6519999504089355,1.6519999504089355,1.50600004196167,1.4980000257492065,1.4980000257492065,1.4980000257492065,1.4859999418258667,1.4739999771118164,inf,inf,inf,inf,1.4019999504089355,1.4019999504089355,1.4019999504089355,1.4019999504089355,1.4019999504089355,1.3919999599456787,...,47.0,47.0,47.0,47.0,47.0,47.0,47.0,47.0,47.0,47.0,47.0,47.0,47.0,47.0,47.0,47.0,47.0,47.0,47.0,47.0,47.0,47.0,0.0,0.0,0.0,0.0,0.0,0.0,0.0,0.0,0.0,0.0,0.0,0.0,0.0,0.0,0.0,0.0,0.0,0.0,0.0,0.0,0.0,0.0,0.0,0.0,0.0,0.0,0.0,0.0,0.0,0.0,0.0,0.0,0.0,0.0,0.0,0.0,0.0,0.0,0.0,0.0,0.0,0.0,0.0,0.0,0.0,0.0,0.0,0.0,0.0,0.0,0.0,0.0,0.0,0.0,0.0,0.0,0.0,0.0,0.0,0.0,0.0,0.0,0.0,0.0,0.0,0.0,0.0,0.0,0.0,47.0,47.0,47.0,47.0,47.0,0.0,0.0,0.0,0.0,0.0,0.0,0.0,0.0,0.0,0.0,0.0,0.0,0.0,0.0,0.0,0.0,0.0,0.0,0.0,0.0,0.0,0.0,0.0,0.0,0.0,0.0,0.0,47.0,47.0,47.0,47.0,47.0,...
1763030774,682849661,laser,-3.1241390705108643,3.1415927410125732,0.0034828970674425364,5.362653246265836e-05,0.09647413343191147,0.15000000596046448,16.0,2.5360000133514404,2.5360000133514404,2.5320000648498535,2.5360000133514404,2.5360000133514404,2.5360000133514404,2.5320000648498535,2.5320000648498535,2.5320000648498535,2.5320000648498535,2.5320000648498535,2.5320000648498535,2.5320000648498535,2.5320000648498535,2.5320000648498535,2.5360000133514404,2.5320000648498535,2.5280001163482666,2.5280001163482666,2.5280001163482666,2.5320000648498535,2.5360000133514404,2.5320000648498535,2.5320000648498535,2.5320000648498535,2.5320000648498535,2.5320000648498535,2.5320000648498535,2.5320000648498535,2.5360000133514404,2.5360000133514404,2.5360000133514404,2.5320000648498535,2.5320000648498535,2.5320000648498535,2.5320000648498535,2.5360000133514404,2.5399999618530273,2.5439999103546143,2.5439999103546143,2.5439999103546143,2.5399999618530273,2.5439999103546143,2.5439999103546143,2.5239999294281006,2.507999897003174,2.5160000324249268,2.5199999809265137,2.5160000324249268,2.5280001163482666,2.5280001163482666,2.5439999103546143,2.5480000972747803,2.552000045776367,2.555999994277954,2.552000045776367,3.75600004196167,3.75600004196167,3.740000009536743,3.740000009536743,3.740000009536743,3.7360000610351562,3.740000009536743,3.747999906539917,3.747999906539917,3.752000093460083,2.888000011444092,2.888000011444092,2.7360000610351562,2.7360000610351562,2.7360000610351562,2.7360000610351562,2.691999912261963,2.691999912261963,2.6480000019073486,2.5920000076293945,2.5280001163482666,2.4839999675750732,2.440000057220459,2.384000062942505,2.3359999656677246,2.2960000038146973,2.2960000038146973,2.252000093460083,2.2279999256134033,2.191999912261963,2.1480000019073486,2.115999937057495,2.0880000591278076,2.049999952316284,2.0179998874664307,1.9919999837875366,1.972000002861023,1.972000002861023,1.940000057220459,1.9140000343322754,1.899999976158142,1.8899999856948853,1.8799999952316284,1.8639999628067017,1.8459999561309814,1.8300000429153442,1.805999994277954,1.805999994277954,1.7799999713897705,1.7580000162124634,1.7339999675750732,1.7139999866485596,1.7000000476837158,1.6820000410079956,1.6579999923706055,1.621999979019165,1.5119999647140503,1.5119999647140503,1.4980000257492065,1.4859999418258667,1.4859999418258667,1.4739999771118164,inf,inf,inf,inf,inf,1.4019999504089355,1.4019999504089355,1.4019999504089355,1.4019999504089355,1.4019999504089355,...,47.0,47.0,47.0,47.0,47.0,47.0,47.0,47.0,47.0,47.0,47.0,47.0,47.0,47.0,47.0,47.0,47.0,47.0,0.0,0.0,0.0,0.0,0.0,0.0,0.0,0.0,0.0,0.0,0.0,0.0,0.0,0.0,0.0,0.0,0.0,0.0,0.0,0.0,0.0,0.0,0.0,0.0,0.0,0.0,0.0,0.0,0.0,0.0,0.0,0.0,0.0,0.0,0.0,0.0,0.0,0.0,0.0,0.0,0.0,0.0,0.0,0.0,0.0,0.0,0.0,0.0,0.0,0.0,0.0,0.0,0.0,0.0,0.0,0.0,0.0,0.0,0.0,0.0,0.0,0.0,0.0,0.0,0.0,0.0,0.0,0.0,0.0,0.0,47.0,47.0,47.0,47.0,47.0,0.0,0.0,0.0,0.0,0.0,0.0,0.0,0.0,0.0,0.0,0.0,0.0,0.0,0.0,0.0,0.0,0.0,0.0,0.0,0.0,0.0,0.0,0.0,0.0,0.0,0.0,0.0,0.0,0.0,0.0,0.0,0.0,0.0,0.0,0.0,...
1763030774,781032886,laser,-3.1241390705108643,3.1415927410125732,0.0034828970674425364,5.704854993382469e-05,0.10263033956289291,0.15000000596046448,16.0,2.5239999294281006,2.5360000133514404,2.5320000648498535,2.5320000648498535,2.5320000648498535,2.5320000648498535,2.5320000648498535,2.5320000648498535,2.5320000648498535,2.5320000648498535,2.5320000648498535,2.5320000648498535,2.5320000648498535,2.5320000648498535,2.5320000648498535,2.5360000133514404,2.5360000133514404,2.5320000648498535,2.5280001163482666,2.5360000133514404,2.5360000133514404,2.5360000133514404,2.5320000648498535,2.5320000648498535,2.5320000648498535,2.5280001163482666,2.5320000648498535,2.5320000648498535,2.5320000648498535,2.5360000133514404,2.5360000133514404,2.5360000133514404,2.5360000133514404,2.5360000133514404,2.5320000648498535,2.5320000648498535,2.5360000133514404,2.5399999618530273,2.5399999618530273,2.5439999103546143,2.5439999103546143,2.5399999618530273,2.5439999103546143,2.5439999103546143,2.5239999294281006,2.507999897003174,2.5160000324249268,2.5199999809265137,2.5160000324249268,2.5280001163482666,2.5280001163482666,2.5439999103546143,2.5480000972747803,2.552000045776367,2.555999994277954,2.552000045776367,3.75600004196167,3.75600004196167,3.74399995803833,3.74399995803833,3.74399995803833,3.740000009536743,3.74399995803833,3.747999906539917,3.747999906539917,3.752000093460083,2.884000062942505,2.884000062942505,2.828000068664551,2.828000068664551,2.828000068664551,2.828000068664551,2.75600004196167,2.691999912261963,2.6480000019073486,2.5920000076293945,2.5320000648498535,2.4839999675750732,2.436000108718872,2.380000114440918,2.3359999656677246,2.2960000038146973,2.2960000038146973,2.252000093460083,2.2279999256134033,2.191999912261963,2.1559998989105225,2.115999937057495,2.0799999237060547,2.049999952316284,2.0160000324249268,1.9880000352859497,1.965999960899353,1.965999960899353,1.937999963760376,1.906000018119812,1.8819999694824219,1.8700000047683716,1.8639999628067017,1.850000023841858,1.8420000076293945,1.8300000429153442,1.805999994277954,1.805999994277954,1.781999945640564,1.7580000162124634,1.7359999418258667,1.715999960899353,1.7000000476837158,1.6820000410079956,1.6579999923706055,1.628000020980835,1.5140000581741333,1.5140000581741333,1.4980000257492065,1.4980000257492065,1.4859999418258667,1.4739999771118164,inf,inf,inf,inf,inf,1.406000018119812,1.406000018119812,1.406000018119812,1.406000018119812,1.406000018119812,...,47.0,47.0,47.0,47.0,47.0,47.0,47.0,47.0,47.0,47.0,47.0,47.0,47.0,47.0,47.0,47.0,47.0,0.0,0.0,0.0,0.0,0.0,0.0,0.0,0.0,0.0,0.0,0.0,0.0,0.0,0.0,0.0,0.0,0.0,0.0,0.0,0.0,0.0,0.0,0.0,0.0,0.0,0.0,0.0,0.0,0.0,0.0,0.0,0.0,0.0,0.0,0.0,0.0,0.0,0.0,0.0,0.0,0.0,0.0,0.0,0.0,0.0,0.0,0.0,0.0,0.0,0.0,0.0,0.0,0.0,0.0,0.0,0.0,0.0,0.0,0.0,0.0,0.0,0.0,0.0,0.0,0.0,0.0,0.0,0.0,0.0,0.0,0.0,0.0,0.0,0.0,0.0,0.0,0.0,0.0,0.0,0.0,0.0,0.0,0.0,0.0,0.0,0.0,0.0,0.0,0.0,0.0,0.0,0.0,0.0,0.0,0.0,0.0,0.0,0.0,0.0,0.0,0.0,0.0,0.0,0.0,0.0,0.0,0.0,0.0,0.0,0.0,0.0,...
1763030774,884748093,laser,-3.1241390705108643,3.1415927410125732,0.0034828970674425364,5.4024752898840234e-05,0.09719052910804749,0.15000000596046448,16.0,2.5239999294281006,2.5360000133514404,2.5360000133514404,2.5320000648498535,2.5320000648498535,2.5320000648498535,2.5320000648498535,2.5320000648498535,2.5320000648498535,2.5320000648498535,2.5320000648498535,2.5320000648498535,2.5320000648498535,2.5320000648498535,2.5320000648498535,2.5360000133514404,2.5320000648498535,2.5280001163482666,2.5280001163482666,2.5360000133514404,2.5360000133514404,2.5360000133514404,2.5320000648498535,2.5320000648498535,2.5320000648498535,2.5320000648498535,2.5320000648498535,2.5320000648498535,2.5320000648498535,2.5360000133514404,2.5360000133514404,2.5360000133514404,2.5360000133514404,2.5360000133514404,2.5320000648498535,2.5320000648498535,2.5360000133514404,2.5399999618530273,2.5399999618530273,2.5439999103546143,2.5439999103546143,2.5399999618530273,2.5439999103546143,2.5439999103546143,2.5280001163482666,2.51200008392334,2.5160000324249268,2.5199999809265137,2.5160000324249268,2.5280001163482666,2.5280001163482666,2.5439999103546143,2.552000045776367,2.555999994277954,2.555999994277954,2.552000045776367,3.75600004196167,3.75600004196167,3.74399995803833,3.74399995803833,3.74399995803833,3.740000009536743,3.74399995803833,3.747999906539917,3.747999906539917,3.752000093460083,2.884000062942505,2.884000062942505,2.828000068664551,2.828000068664551,2.828000068664551,2.828000068664551,2.75600004196167,2.6480000019073486,2.6480000019073486,2.5920000076293945,2.5360000133514404,2.4839999675750732,2.436000108718872,2.384000062942505,2.3359999656677246,2.2960000038146973,2.247999906539917,2.247999906539917,2.196000099182129,2.196000099182129,2.1440000534057617,2.1080000400543213,2.0799999237060547,2.049999952316284,2.0160000324249268,1.9880000352859497,1.965999960899353,1.937999963760376,1.937999963760376,1.9160000085830688,1.9079999923706055,1.9019999504089355,1.8880000114440918,1.8700000047683716,1.8519999980926514,1.8300000429153442,1.8079999685287476,1.8079999685287476,1.781999945640564,1.7580000162124634,1.7359999418258667,1.715999960899353,1.7000000476837158,1.6799999475479126,1.6579999923706055,1.5080000162124634,1.5080000162124634,1.5080000162124634,1.5,1.5,1.4880000352859497,1.4739999771118164,inf,inf,inf,inf,inf,1.406000018119812,1.406000018119812,1.406000018119812,1.406000018119812,1.406000018119812,...,47.0,47.0,47.0,47.0,47.0,47.0,47.0,47.0,47.0,47.0,47.0,47.0,47.0,47.0,47.0,47.0,47.0,0.0,0.0,0.0,0.0,0.0,0.0,0.0,0.0,0.0,0.0,0.0,0.0,0.0,0.0,0.0,0.0,0.0,0.0,0.0,0.0,0.0,0.0,0.0,0.0,0.0,0.0,0.0,0.0,0.0,0.0,0.0,0.0,0.0,0.0,0.0,0.0,0.0,0.0,0.0,0.0,0.0,0.0,0.0,0.0,0.0,0.0,0.0,0.0,0.0,0.0,0.0,0.0,0.0,0.0,0.0,0.0,0.0,0.0,0.0,0.0,0.0,0.0,0.0,0.0,0.0,0.0,0.0,0.0,0.0,0.0,0.0,0.0,0.0,0.0,47.0,47.0,47.0,47.0,47.0,0.0,0.0,0.0,0.0,0.0,0.0,0.0,0.0,0.0,0.0,0.0,0.0,0.0,0.0,0.0,0.0,0.0,0.0,0.0,0.0,0.0,0.0,0.0,0.0,0.0,0.0,0.0,47.0,47.0,47.0,47.0,47.0,...
1763030774,983435826,laser,-3.1241390705108643,3.1415927410125732,0.0034828970674425364,5.3787080105394125e-05,0.09676295518875122,0.15000000596046448,16.0,2.5239999294281006,2.5320000648498535,2.5360000133514404,2.5320000648498535,2.5320000648498535,2.5320000648498535,2.5320000648498535,2.5320000648498535,2.5320000648498535,2.5320000648498535,2.5320000648498535,2.5320000648498535,2.5320000648498535,2.5320000648498535,2.5320000648498535,2.5360000133514404,2.5320000648498535,2.5280001163482666,2.5280001163482666,2.5360000133514404,2.5360000133514404,2.5360000133514404,2.5320000648498535,2.5320000648498535,2.5320000648498535,2.5320000648498535,2.5320000648498535,2.5320000648498535,2.5320000648498535,2.5360000133514404,2.5360000133514404,2.5360000133514404,2.5360000133514404,2.5360000133514404,2.5320000648498535,2.5320000648498535,2.5360000133514404,2.5399999618530273,2.5399999618530273,2.5439999103546143,2.5439999103546143,2.5399999618530273,2.5439999103546143,2.5399999618530273,2.5399999618530273,2.5239999294281006,2.5160000324249268,2.5199999809265137,2.5199999809265137,2.5199999809265137,2.5360000133514404,2.552000045776367,2.552000045776367,2.552000045776367,2.555999994277954,2.552000045776367,3.759999990463257,3.759999990463257,3.759999990463257,3.747999906539917,3.740000009536743,3.74399995803833,3.74399995803833,3.747999906539917,3.747999906539917,3.752000093460083,2.888000011444092,2.888000011444092,2.888000011444092,2.888000011444092,2.828000068664551,2.7760000228881836,2.7160000801086426,2.6480000019073486,2.5999999046325684,2.5999999046325684,2.5439999103546143,2.4839999675750732,2.440000057220459,2.384000062942505,2.3399999141693115,2.299999952316284,2.2760000228881836,2.252000093460083,2.252000093460083,2.196000099182129,2.1480000019073486,2.1080000400543213,2.0799999237060547,2.0480000972747803,2.0239999294281006,2.003999948501587,1.9800000190734863,1.9559999704360962,1.937999963760376,1.937999963760376,1.9259999990463257,1.9140000343322754,1.899999976158142,1.8760000467300415,1.8559999465942383,1.8339999914169312,1.8079999685287476,1.7879999876022339,1.7640000581741333,1.7640000581741333,1.7419999837875366,1.722000002861023,1.7000000476837158,1.6820000410079956,1.659999966621399,1.6339999437332153,1.5180000066757202,1.503999948501587,1.503999948501587,1.4880000352859497,1.4739999771118164,1.4739999771118164,inf,inf,inf,inf,1.409999966621399,1.409999966621399,1.409999966621399,1.409999966621399,1.409999966621399,1.3980000019073486,...,47.0,47.0,47.0,47.0,47.0,47.0,47.0,47.0,47.0,47.0,47.0,47.0,47.0,47.0,47.0,47.0,47.0,0.0,0.0,0.0,0.0,0.0,0.0,0.0,0.0,0.0,0.0,0.0,0.0,0.0,0.0,0.0,0.0,0.0,0.0,0.0,0.0,0.0,0.0,0.0,0.0,0.0,0.0,0.0,0.0,0.0,0.0,0.0,0.0,0.0,0.0,0.0,0.0,0.0,0.0,0.0,0.0,0.0,0.0,0.0,0.0,0.0,0.0,0.0,0.0,0.0,0.0,0.0,0.0,0.0,0.0,0.0,0.0,0.0,0.0,0.0,0.0,0.0,0.0,0.0,0.0,0.0,0.0,0.0,0.0,0.0,0.0,0.0,0.0,0.0,0.0,47.0,47.0,47.0,47.0,47.0,0.0,0.0,0.0,0.0,0.0,0.0,0.0,0.0,0.0,0.0,0.0,0.0,0.0,0.0,0.0,0.0,0.0,0.0,0.0,0.0,0.0,0.0,0.0,0.0,0.0,0.0,0.0,47.0,47.0,47.0,47.0,47.0,...
1763030775,81906721,laser,-3.1241390705108643,3.1415927410125732,0.0034828970674425364,5.3683368605561554e-05,0.09657637774944305,0.15000000596046448,16.0,2.5239999294281006,2.5320000648498535,2.5320000648498535,2.5320000648498535,2.5320000648498535,2.5360000133514404,2.5320000648498535,2.5320000648498535,2.5320000648498535,2.5320000648498535,2.5320000648498535,2.5320000648498535,2.5320000648498535,2.5320000648498535,2.5320000648498535,2.5360000133514404,2.5360000133514404,2.5320000648498535,2.5320000648498535,2.5360000133514404,2.5360000133514404,2.5320000648498535,2.5320000648498535,2.5320000648498535,2.5320000648498535,2.5320000648498535,2.5320000648498535,2.5320000648498535,2.5360000133514404,2.5360000133514404,2.5360000133514404,2.5360000133514404,2.5360000133514404,2.5320000648498535,2.5320000648498535,2.5360000133514404,2.5399999618530273,2.5399999618530273,2.5399999618530273,2.5399999618530273,2.5439999103546143,2.5399999618530273,2.5439999103546143,2.5399999618530273,2.5399999618530273,2.5239999294281006,2.5160000324249268,2.5199999809265137,2.5199999809265137,2.5199999809265137,2.5360000133514404,2.552000045776367,2.552000045776367,2.552000045776367,2.555999994277954,2.552000045776367,3.759999990463257,3.759999990463257,3.759999990463257,3.74399995803833,3.7360000610351562,3.7360000610351562,3.740000009536743,3.747999906539917,3.747999906539917,3.752000093460083,2.888000011444092,2.888000011444092,2.888000011444092,2.828000068664551,2.828000068664551,2.7720000743865967,2.7119998931884766,2.6480000019073486,2.5999999046325684,2.5999999046325684,2.5439999103546143,2.48799991607666,2.440000057220459,2.388000011444092,2.3440001010894775,2.299999952316284,2.2760000228881836,2.252000093460083,2.252000093460083,2.200000047683716,2.1519999504089355,2.115999937057495,2.0880000591278076,2.052000045776367,2.0239999294281006,1.9980000257492065,1.9739999771118164,1.9459999799728394,1.909999966621399,1.909999966621399,1.8760000467300415,1.8760000467300415,1.8660000562667847,1.8480000495910645,1.8420000076293945,1.8300000429153442,1.8079999685287476,1.7879999876022339,1.7879999876022339,1.7640000581741333,1.7419999837875366,1.722000002861023,1.7020000219345093,1.6820000410079956,1.659999966621399,1.6380000114440918,1.5140000581741333,1.5140000581741333,1.503999948501587,1.4880000352859497,1.4819999933242798,1.4819999933242798,inf,inf,1.4119999408721924,1.4119999408721924,1.4119999408721924,1.4119999408721924,1.4119999408721924,1.399999976158142,1.399999976158142,1.399999976158142,...,47.0,47.0,47.0,47.0,47.0,47.0,47.0,47.0,47.0,47.0,47.0,47.0,47.0,47.0,47.0,0.0,0.0,0.0,47.0,47.0,47.0,47.0,47.0,0.0,0.0,0.0,0.0,0.0,0.0,0.0,0.0,0.0,0.0,0.0,0.0,0.0,0.0,0.0,0.0,0.0,0.0,0.0,0.0,0.0,0.0,0.0,0.0,0.0,0.0,0.0,0.0,0.0,0.0,0.0,0.0,0.0,0.0,0.0,0.0,0.0,0.0,0.0,0.0,0.0,0.0,0.0,0.0,0.0,0.0,0.0,0.0,0.0,0.0,0.0,0.0,0.0,0.0,0.0,0.0,0.0,0.0,0.0,0.0,0.0,0.0,0.0,0.0,0.0,0.0,0.0,0.0,0.0,0.0,0.0,0.0,0.0,0.0,0.0,0.0,0.0,0.0,0.0,0.0,0.0,0.0,0.0,0.0,0.0,0.0,0.0,0.0,0.0,0.0,0.0,0.0,0.0,0.0,0.0,0.0,0.0,0.0,0.0,0.0,0.0,0.0,0.0,0.0,0.0,...
1763030775,179830876,laser,-3.1241390705108643,3.1415927410125732,0.0034828970674425364,5.7328506954945624e-05,0.10313398391008377,0.15000000596046448,16.0,2.5199999809265137,2.5320000648498535,2.5320000648498535,2.5320000648498535,2.5320000648498535,2.5360000133514404,2.5320000648498535,2.5320000648498535,2.5320000648498535,2.5320000648498535,2.5320000648498535,2.5320000648498535,2.5320000648498535,2.5320000648498535,2.5320000648498535,2.5360000133514404,2.5360000133514404,2.5320000648498535,2.5320000648498535,2.5360000133514404,2.5360000133514404,2.5320000648498535,2.5320000648498535,2.5320000648498535,2.5320000648498535,2.5320000648498535,2.5320000648498535,2.5320000648498535,2.5360000133514404,2.5360000133514404,2.5360000133514404,2.5360000133514404,2.5360000133514404,2.5360000133514404,2.5320000648498535,2.5360000133514404,2.5399999618530273,2.5399999618530273,2.5399999618530273,2.5399999618530273,2.5439999103546143,2.5399999618530273,2.5439999103546143,2.5439999103546143,2.5439999103546143,2.5280001163482666,2.5160000324249268,2.5199999809265137,2.5199999809265137,2.5199999809265137,2.5360000133514404,2.552000045776367,2.552000045776367,2.552000045776367,2.555999994277954,2.555999994277954,3.759999990463257,3.759999990463257,3.759999990463257,3.74399995803833,3.7360000610351562,3.7360000610351562,3.740000009536743,3.752000093460083,3.752000093460083,3.752000093460083,2.888000011444092,2.888000011444092,2.888000011444092,2.828000068664551,2.828000068664551,2.7720000743865967,2.7160000801086426,2.6480000019073486,2.5999999046325684,2.5999999046325684,2.5480000972747803,2.48799991607666,2.440000057220459,2.388000011444092,2.3440001010894775,2.299999952316284,2.2760000228881836,2.252000093460083,2.252000093460083,2.200000047683716,2.1519999504089355,2.115999937057495,2.0880000591278076,2.055999994277954,2.0239999294281006,1.9980000257492065,1.9620000123977661,1.934000015258789,1.9179999828338623,1.9179999828338623,1.899999976158142,1.8919999599456787,1.8819999694824219,1.8660000562667847,1.8559999465942383,1.8339999914169312,1.809999942779541,1.7879999876022339,1.7879999876022339,1.7640000581741333,1.7419999837875366,1.722000002861023,1.7020000219345093,1.6820000410079956,1.659999966621399,1.6380000114440918,1.5199999809265137,1.5199999809265137,1.503999948501587,1.4880000352859497,1.4880000352859497,1.4759999513626099,inf,inf,inf,1.4079999923706055,1.4079999923706055,1.4079999923706055,1.4079999923706055,1.4079999923706055,1.399999976158142,1.399999976158142,...,47.0,47.0,47.0,47.0,47.0,47.0,47.0,47.0,47.0,47.0,47.0,47.0,47.0,47.0,47.0,47.0,0.0,0.0,0.0,0.0,0.0,0.0,0.0,0.0,0.0,0.0,0.0,0.0,0.0,0.0,0.0,0.0,0.0,0.0,0.0,0.0,0.0,0.0,0.0,0.0,0.0,0.0,0.0,0.0,0.0,0.0,0.0,0.0,0.0,0.0,0.0,0.0,0.0,0.0,0.0,0.0,0.0,0.0,0.0,0.0,0.0,0.0,0.0,0.0,0.0,0.0,0.0,0.0,0.0,47.0,47.0,47.0,47.0,47.0,0.0,0.0,0.0,0.0,0.0,0.0,0.0,0.0,0.0,0.0,0.0,0.0,0.0,0.0,0.0,0.0,0.0,0.0,0.0,0.0,0.0,0.0,0.0,0.0,0.0,0.0,0.0,0.0,0.0,0.0,0.0,0.0,0.0,0.0,0.0,0.0,0.0,0.0,0.0,0.0,0.0,0.0,0.0,0.0,0.0,0.0,0.0,0.0,0.0,0.0,0.0,0.0,0.0,0.0,...
1763030775,284316264,laser,-3.1241390705108643,3.1415927410125732,0.0034828970674425364,5.37992236786522e-05,0.096784807741642,0.15000000596046448,16.0,2.5199999809265137,2.5360000133514404,2.5360000133514404,2.5320000648498535,2.5320000648498535,2.5360000133514404,2.5320000648498535,2.5320000648498535,2.5320000648498535,2.5320000648498535,2.5320000648498535,2.5320000648498535,2.5320000648498535,2.5320000648498535,2.5320000648498535,2.5320000648498535,2.5320000648498535,2.5320000648498535,2.5320000648498535,2.5360000133514404,2.5360000133514404,2.5360000133514404,2.5360000133514404,2.5360000133514404,2.5320000648498535,2.5320000648498535,2.5320000648498535,2.5320000648498535,2.5360000133514404,2.5360000133514404,2.5360000133514404,2.5360000133514404,2.5360000133514404,2.5360000133514404,2.5320000648498535,2.5360000133514404,2.5399999618530273,2.5399999618530273,2.5399999618530273,2.5439999103546143,2.5399999618530273,2.5399999618530273,2.5439999103546143,2.5439999103546143,2.5160000324249268,2.5,2.5199999809265137,2.5199999809265137,2.5199999809265137,2.5280001163482666,2.5280001163482666,2.5439999103546143,2.552000045776367,2.555999994277954,2.555999994277954,2.552000045776367,3.74399995803833,3.74399995803833,3.74399995803833,3.740000009536743,3.740000009536743,3.7360000610351562,3.74399995803833,3.747999906539917,3.747999906539917,3.747999906539917,2.947999954223633,2.884000062942505,2.884000062942505,2.884000062942505,2.8239998817443848,2.8239998817443848,2.747999906539917,2.680000066757202,2.635999917984009,2.5920000076293945,2.5360000133514404,2.48799991607666,2.431999921798706,2.375999927520752,2.3399999141693115,2.299999952316284,2.240000009536743,2.240000009536743,2.196000099182129,2.196000099182129,2.0999999046325684,2.0840001106262207,2.0840001106262207,2.052000045776367,2.0160000324249268,1.9919999837875366,1.9739999771118164,1.9559999704360962,1.9559999704360962,1.944000005722046,1.937999963760376,1.9220000505447388,1.9040000438690186,1.8799999952316284,1.8539999723434448,1.8320000171661377,1.8320000171661377,1.805999994277954,1.781999945640564,1.7580000162124634,1.7359999418258667,1.715999960899353,1.6979999542236328,1.6740000247955322,1.6540000438690186,1.6540000438690186,1.534000039100647,1.50600004196167,1.4980000257492065,1.4980000257492065,1.4859999418258667,1.4759999513626099,inf,inf,inf,inf,1.406000018119812,1.406000018119812,1.406000018119812,1.406000018119812,1.406000018119812,1.3940000534057617,...,0.0,47.0,47.0,47.0,47.0,47.0,47.0,47.0,47.0,47.0,47.0,47.0,47.0,47.0,47.0,47.0,0.0,0.0,0.0,0.0,0.0,0.0,0.0,0.0,0.0,0.0,0.0,0.0,0.0,0.0,0.0,0.0,0.0,0.0,0.0,0.0,0.0,0.0,0.0,0.0,0.0,0.0,0.0,0.0,0.0,0.0,0.0,0.0,0.0,0.0,0.0,0.0,0.0,0.0,0.0,0.0,0.0,0.0,0.0,0.0,0.0,0.0,0.0,0.0,0.0,0.0,0.0,0.0,0.0,0.0,0.0,0.0,0.0,0.0,0.0,0.0,0.0,0.0,0.0,0.0,0.0,0.0,0.0,0.0,0.0,0.0,0.0,0.0,0.0,0.0,0.0,0.0,0.0,0.0,0.0,0.0,0.0,0.0,0.0,0.0,0.0,0.0,0.0,0.0,0.0,0.0,0.0,0.0,0.0,0.0,0.0,0.0,0.0,0.0,0.0,0.0,0.0,0.0,0.0,0.0,0.0,0.0,0.0,0.0,0.0,0.0,0.0,0.0,...
1763030775,382809212,laser,-3.1241390705108643,3.1415927410125732,0.0034828970674425364,5.374040119932033e-05,0.09667897969484329,0.15000000596046448,16.0,2.5360000133514404,2.5360000133514404,2.5320000648498535,2.5320000648498535,2.5320000648498535,2.5320000648498535,2.5320000648498535,2.5320000648498535,2.5320000648498535,2.5320000648498535,2.5320000648498535,2.5320000648498535,2.5320000648498535,2.5320000648498535,2.5320000648498535,2.5320000648498535,2.5320000648498535,2.5280001163482666,2.5280001163482666,2.5360000133514404,2.5360000133514404,2.5360000133514404,2.5320000648498535,2.5320000648498535,2.5320000648498535,2.5320000648498535,2.5320000648498535,2.5320000648498535,2.5320000648498535,2.5360000133514404,2.5360000133514404,2.5360000133514404,2.5320000648498535,2.5320000648498535,2.5320000648498535,2.5320000648498535,2.5360000133514404,2.5360000133514404,2.5399999618530273,2.5399999618530273,2.5399999618530273,2.5399999618530273,2.5399999618530273,2.552000045776367,2.5399999618530273,2.5160000324249268,2.5199999809265137,2.5199999809265137,2.5160000324249268,2.5199999809265137,2.5320000648498535,2.5480000972747803,2.552000045776367,2.555999994277954,2.555999994277954,2.555999994277954,3.7839999198913574,3.7839999198913574,3.740000009536743,3.740000009536743,3.7360000610351562,3.74399995803833,3.752000093460083,3.747999906539917,3.747999906539917,3.747999906539917,2.9040000438690186,2.8440001010894775,2.8440001010894775,2.8440001010894775,2.8440001010894775,2.7920000553131104,2.7239999771118164,2.6519999504089355,2.611999988555908,2.563999891281128,2.496000051498413,2.496000051498413,2.4079999923706055,2.4079999923706055,2.364000082015991,2.312000036239624,2.2799999713897705,2.171999931335449,2.1760001182556152,2.1760001182556152,2.128000020980835,2.0999999046325684,2.0739998817443848,2.0739998817443848,2.0360000133514404,2.00600004196167,1.9780000448226929,1.9459999799728394,1.9119999408721924,1.8919999599456787,1.8880000114440918,1.8799999952316284,1.8700000047683716,1.8580000400543213,1.8580000400543213,1.8339999914169312,1.815999984741211,1.7979999780654907,1.7719999551773071,1.7480000257492065,1.7280000448226929,1.7100000381469727,1.687999963760376,1.687999963760376,1.6660000085830688,1.6460000276565552,1.527999997138977,1.527999997138977,1.50600004196167,1.496000051498413,1.4839999675750732,1.465999960899353,inf,1.4320000410079956,1.4320000410079956,1.4320000410079956,1.4320000410079956,1.4320000410079956,1.399999976158142,1.399999976158142,1.399999976158142,1.3839999437332153,...,47.0,47.0,47.0,47.0,47.0,47.0,47.0,47.0,47.0,47.0,47.0,47.0,47.0,47.0,0.0,0.0,0.0,0.0,47.0,47.0,47.0,47.0,47.0,0.0,0.0,0.0,0.0,0.0,0.0,0.0,0.0,0.0,0.0,0.0,0.0,0.0,0.0,0.0,0.0,0.0,0.0,0.0,0.0,0.0,0.0,0.0,0.0,0.0,0.0,0.0,0.0,0.0,0.0,0.0,0.0,0.0,0.0,0.0,0.0,0.0,0.0,0.0,0.0,0.0,0.0,0.0,0.0,0.0,0.0,0.0,0.0,0.0,0.0,0.0,0.0,0.0,0.0,0.0,0.0,0.0,0.0,0.0,0.0,0.0,0.0,0.0,0.0,0.0,0.0,47.0,47.0,47.0,47.0,47.0,0.0,0.0,0.0,0.0,0.0,0.0,0.0,0.0,0.0,0.0,0.0,0.0,0.0,0.0,0.0,0.0,0.0,0.0,0.0,0.0,0.0,0.0,0.0,0.0,0.0,0.0,0.0,0.0,0.0,0.0,47.0,47.0,47.0,47.0,...
1763030775,480978100,laser,-3.1241390705108643,3.1415927410125732,0.0034828970674425364,5.381571827456355e-05,0.09681447595357895,0.15000000596046448,16.0,2.5360000133514404,2.5360000133514404,2.5360000133514404,2.5320000648498535,2.5320000648498535,2.5360000133514404,2.5320000648498535,2.5320000648498535,2.5320000648498535,2.5320000648498535,2.5320000648498535,2.5320000648498535,2.5320000648498535,2.5320000648498535,2.5320000648498535,2.5320000648498535,2.5320000648498535,2.5320000648498535,2.5280001163482666,2.5320000648498535,2.5360000133514404,2.5360000133514404,2.5360000133514404,2.5320000648498535,2.5320000648498535,2.5320000648498535,2.5320000648498535,2.5320000648498535,2.5360000133514404,2.5360000133514404,2.5360000133514404,2.5360000133514404,2.5360000133514404,2.5360000133514404,2.5320000648498535,2.5360000133514404,2.5360000133514404,2.5399999618530273,2.5439999103546143,2.5439999103546143,2.5439999103546143,2.5399999618530273,2.5399999618530273,2.5439999103546143,2.5239999294281006,2.507999897003174,2.5199999809265137,2.5199999809265137,2.5199999809265137,2.5280001163482666,2.5280001163482666,2.5439999103546143,2.552000045776367,2.555999994277954,2.555999994277954,2.552000045776367,3.752000093460083,3.752000093460083,3.740000009536743,3.740000009536743,3.740000009536743,3.7360000610351562,3.74399995803833,3.747999906539917,3.747999906539917,3.752000093460083,2.888000011444092,2.888000011444092,2.740000009536743,2.740000009536743,2.740000009536743,2.740000009536743,2.684000015258789,2.684000015258789,2.635999917984009,2.5920000076293945,2.5360000133514404,2.48799991607666,2.436000108718872,2.380000114440918,2.3359999656677246,2.299999952316284,2.299999952316284,2.24399995803833,2.2160000801086426,2.196000099182129,2.1480000019073486,2.1080000400543213,2.0840001106262207,2.052000045776367,2.01200008392334,1.9859999418258667,1.9579999446868896,1.9579999446868896,1.9240000247955322,1.9040000438690186,1.8860000371932983,1.8700000047683716,1.8639999628067017,1.8539999723434448,1.8420000076293945,1.8240000009536743,1.8240000009536743,1.8020000457763672,1.781999945640564,1.7580000162124634,1.7359999418258667,1.715999960899353,1.6979999542236328,1.6779999732971191,1.6579999923706055,1.5140000581741333,1.5140000581741333,1.5140000581741333,1.4980000257492065,1.4980000257492065,1.4839999675750732,1.4739999771118164,inf,inf,inf,inf,inf,1.4040000438690186,1.4040000438690186,1.4040000438690186,1.4040000438690186,1.4040000438690186,...,47.0,47.0,47.0,47.0,47.0,47.0,47.0,47.0,47.0,47.0,47.0,47.0,47.0,47.0,47.0,47.0,47.0,0.0,0.0,0.0,0.0,0.0,0.0,0.0,0.0,0.0,0.0,0.0,0.0,0.0,0.0,0.0,0.0,0.0,0.0,0.0,0.0,0.0,0.0,0.0,0.0,0.0,0.0,0.0,0.0,0.0,0.0,0.0,0.0,0.0,0.0,0.0,0.0,0.0,0.0,0.0,0.0,0.0,0.0,0.0,0.0,0.0,0.0,0.0,0.0,0.0,0.0,47.0,47.0,47.0,47.0,47.0,0.0,0.0,0.0,0.0,0.0,0.0,0.0,0.0,0.0,0.0,0.0,0.0,0.0,0.0,0.0,0.0,0.0,0.0,0.0,0.0,0.0,0.0,0.0,0.0,0.0,0.0,0.0,0.0,0.0,0.0,0.0,0.0,0.0,0.0,0.0,0.0,0.0,0.0,0.0,0.0,0.0,0.0,0.0,0.0,0.0,0.0,0.0,0.0,0.0,0.0,0.0,0.0,0.0,0.0,0.0,0.0,...
1763030775,579178394,laser,-3.1241390705108643,3.1415927410125732,0.0034828970674425364,5.729133408749476e-05,0.10306710749864578,0.15000000596046448,16.0,2.5320000648498535,2.5320000648498535,2.5320000648498535,2.5320000648498535,2.5320000648498535,2.5320000648498535,2.5320000648498535,2.5320000648498535,2.5320000648498535,2.5320000648498535,2.5320000648498535,2.5320000648498535,2.5320000648498535,2.5320000648498535,2.5320000648498535,2.5320000648498535,2.5320000648498535,2.5280001163482666,2.5280001163482666,2.5280001163482666,2.5360000133514404,2.5360000133514404,2.5320000648498535,2.5320000648498535,2.5320000648498535,2.5320000648498535,2.5320000648498535,2.5320000648498535,2.5320000648498535,2.5360000133514404,2.5360000133514404,2.5360000133514404,2.5320000648498535,2.5320000648498535,2.5320000648498535,2.5320000648498535,2.5360000133514404,2.5360000133514404,2.5399999618530273,2.5439999103546143,2.5439999103546143,2.5399999618530273,2.5399999618530273,2.5439999103546143,2.5280001163482666,2.507999897003174,2.5160000324249268,2.5199999809265137,2.5199999809265137,2.5280001163482666,2.5280001163482666,2.5439999103546143,2.5480000972747803,2.552000045776367,2.555999994277954,2.552000045776367,3.752000093460083,3.752000093460083,3.752000093460083,3.740000009536743,3.740000009536743,3.7360000610351562,3.740000009536743,3.747999906539917,3.747999906539917,3.752000093460083,2.888000011444092,2.888000011444092,2.888000011444092,2.8239998817443848,2.8239998817443848,2.8239998817443848,2.747999906539917,2.687999963760376,2.635999917984009,2.5959999561309814,2.5399999618530273,2.4839999675750732,2.436000108718872,2.380000114440918,2.3399999141693115,2.299999952316284,2.299999952316284,2.2639999389648438,2.240000009536743,2.196000099182129,2.1640000343322754,2.124000072479248,2.0840001106262207,2.052000045776367,2.0179998874664307,1.996000051498413,1.9700000286102295,1.9700000286102295,1.937999963760376,1.9240000247955322,1.9119999408721924,1.9040000438690186,1.8940000534057617,1.8739999532699585,1.8539999723434448,1.8339999914169312,1.8079999685287476,1.8079999685287476,1.781999945640564,1.7599999904632568,1.7419999837875366,1.722000002861023,1.7020000219345093,1.6820000410079956,1.6579999923706055,1.628000020980835,1.5119999647140503,1.5119999647140503,1.4980000257492065,1.4859999418258667,1.4859999418258667,1.4739999771118164,inf,inf,inf,1.406000018119812,1.406000018119812,1.406000018119812,1.406000018119812,1.406000018119812,1.3940000534057617,1.3940000534057617,...,47.0,47.0,47.0,47.0,47.0,47.0,47.0,47.0,47.0,47.0,47.0,47.0,47.0,47.0,47.0,47.0,47.0,0.0,0.0,0.0,0.0,0.0,0.0,0.0,0.0,0.0,0.0,0.0,0.0,0.0,0.0,0.0,0.0,0.0,0.0,0.0,0.0,0.0,0.0,0.0,0.0,0.0,0.0,0.0,0.0,0.0,0.0,0.0,0.0,0.0,0.0,0.0,0.0,0.0,0.0,0.0,0.0,0.0,0.0,0.0,0.0,0.0,0.0,0.0,0.0,0.0,0.0,0.0,0.0,0.0,0.0,0.0,0.0,0.0,0.0,0.0,0.0,0.0,0.0,0.0,0.0,0.0,0.0,0.0,0.0,0.0,0.0,0.0,0.0,0.0,0.0,0.0,0.0,0.0,0.0,0.0,0.0,0.0,0.0,0.0,0.0,0.0,0.0,0.0,0.0,0.0,0.0,0.0,0.0,0.0,0.0,0.0,0.0,0.0,0.0,0.0,0.0,0.0,0.0,0.0,0.0,0.0,0.0,0.0,0.0,0.0,0.0,0.0,...
1763030775,683463711,laser,-3.1241390705108643,3.1415927410125732,0.0034828970674425364,5.385117037803866e-05,0.09687825292348862,0.15000000596046448,16.0,2.5320000648498535,2.5360000133514404,2.5320000648498535,2.5320000648498535,2.5320000648498535,2.5320000648498535,2.5320000648498535,2.5320000648498535,2.5320000648498535,2.5320000648498535,2.5320000648498535,2.5320000648498535,2.5320000648498535,2.5320000648498535,2.5320000648498535,2.5320000648498535,2.5320000648498535,2.5320000648498535,2.5280001163482666,2.5360000133514404,2.5360000133514404,2.5360000133514404,2.5320000648498535,2.5320000648498535,2.5320000648498535,2.5320000648498535,2.5320000648498535,2.5320000648498535,2.5320000648498535,2.5360000133514404,2.5360000133514404,2.5360000133514404,2.5360000133514404,2.5360000133514404,2.5320000648498535,2.5320000648498535,2.5360000133514404,2.5360000133514404,2.5399999618530273,2.5399999618530273,2.5399999618530273,2.5399999618530273,2.5399999618530273,2.5480000972747803,2.5360000133514404,2.5160000324249268,2.5199999809265137,2.5199999809265137,2.5199999809265137,2.5199999809265137,2.5320000648498535,2.5439999103546143,2.552000045776367,2.555999994277954,2.555999994277954,2.555999994277954,3.7760000228881836,3.7760000228881836,3.7760000228881836,3.740000009536743,3.7320001125335693,3.740000009536743,3.752000093460083,3.747999906539917,3.747999906539917,3.747999906539917,3.747999906539917,2.9119999408721924,2.9119999408721924,2.9119999408721924,2.8519999980926514,2.7880001068115234,2.7239999771118164,2.6559998989105225,2.611999988555908,2.563999891281128,2.496000051498413,2.4519999027252197,2.4079999923706055,2.359999895095825,2.359999895095825,2.3239998817443848,2.303999900817871,2.184000015258789,2.184000015258789,2.171999931335449,2.128000020980835,2.0999999046325684,2.0759999752044678,2.0759999752044678,2.0399999618530273,2.01200008392334,1.9839999675750732,1.9559999704360962,1.9299999475479126,1.909999966621399,1.9019999504089355,1.8919999599456787,1.8919999599456787,1.8619999885559082,1.8619999885559082,1.8380000591278076,1.8200000524520874,1.7960000038146973,1.7719999551773071,1.746000051498413,1.7280000448226929,1.7079999446868896,1.6859999895095825,1.6859999895095825,1.6660000085830688,1.6440000534057617,1.5160000324249268,1.503999948501587,1.503999948501587,1.49399995803833,1.4839999675750732,1.465999960899353,1.4320000410079956,1.4320000410079956,1.4320000410079956,1.4320000410079956,1.4320000410079956,1.399999976158142,1.399999976158142,1.399999976158142,1.3839999437332153,1.3839999437332153,...,47.0,47.0,47.0,47.0,47.0,47.0,47.0,47.0,47.0,47.0,47.0,47.0,47.0,47.0,47.0,47.0,0.0,0.0,0.0,0.0,0.0,0.0,0.0,0.0,0.0,0.0,0.0,0.0,0.0,0.0,0.0,0.0,0.0,0.0,0.0,0.0,0.0,0.0,0.0,0.0,0.0,0.0,0.0,0.0,0.0,0.0,0.0,0.0,0.0,0.0,0.0,0.0,0.0,0.0,0.0,0.0,0.0,0.0,0.0,0.0,0.0,0.0,0.0,0.0,0.0,0.0,0.0,0.0,0.0,47.0,47.0,47.0,47.0,47.0,0.0,0.0,0.0,0.0,0.0,0.0,0.0,0.0,0.0,0.0,0.0,0.0,0.0,0.0,0.0,0.0,47.0,47.0,47.0,47.0,47.0,0.0,0.0,0.0,0.0,0.0,0.0,0.0,0.0,0.0,0.0,0.0,0.0,0.0,0.0,0.0,0.0,0.0,0.0,0.0,0.0,0.0,0.0,0.0,0.0,0.0,0.0,0.0,0.0,0.0,0.0,0.0,47.0,47.0,...
1763030775,781701131,laser,-3.1241390705108643,3.1415927410125732,0.0034828970674425364,5.389124999055639e-05,0.09695035964250565,0.15000000596046448,16.0,2.5360000133514404,2.5360000133514404,2.5320000648498535,2.5320000648498535,2.5320000648498535,2.5360000133514404,2.5320000648498535,2.5320000648498535,2.5320000648498535,2.5320000648498535,2.5280001163482666,2.5320000648498535,2.5320000648498535,2.5320000648498535,2.5320000648498535,2.5360000133514404,2.5360000133514404,2.5320000648498535,2.5280001163482666,2.5320000648498535,2.5360000133514404,2.5320000648498535,2.5320000648498535,2.5320000648498535,2.5320000648498535,2.5320000648498535,2.5320000648498535,2.5320000648498535,2.5360000133514404,2.5360000133514404,2.5360000133514404,2.5360000133514404,2.5360000133514404,2.5360000133514404,2.5320000648498535,2.5360000133514404,2.5360000133514404,2.5399999618530273,2.5439999103546143,2.5439999103546143,2.5439999103546143,2.5399999618530273,2.5439999103546143,2.5439999103546143,2.5239999294281006,2.507999897003174,2.5199999809265137,2.5199999809265137,2.5199999809265137,2.5280001163482666,2.5280001163482666,2.5439999103546143,2.5480000972747803,2.555999994277954,2.555999994277954,2.552000045776367,3.752000093460083,3.752000093460083,3.752000093460083,3.740000009536743,3.740000009536743,3.740000009536743,3.74399995803833,3.747999906539917,3.747999906539917,3.752000093460083,2.884000062942505,2.884000062942505,2.884000062942505,2.884000062942505,2.812000036239624,2.812000036239624,2.740000009536743,2.687999963760376,2.640000104904175,2.5880000591278076,2.5360000133514404,2.4839999675750732,2.436000108718872,2.380000114440918,2.3359999656677246,2.2960000038146973,2.24399995803833,2.24399995803833,2.196000099182129,2.196000099182129,2.1480000019073486,2.1080000400543213,2.0840001106262207,2.052000045776367,2.01200008392334,1.9839999675750732,1.9620000123977661,1.9320000410079956,1.9320000410079956,1.906000018119812,1.8899999856948853,1.8760000467300415,1.8680000305175781,1.8539999723434448,1.8459999561309814,1.8300000429153442,1.805999994277954,1.784000039100647,1.784000039100647,1.7599999904632568,1.7359999418258667,1.715999960899353,1.7020000219345093,1.6820000410079956,1.6579999923706055,1.628000020980835,1.5140000581741333,1.4980000257492065,1.4980000257492065,1.4859999418258667,1.4859999418258667,1.4739999771118164,inf,inf,inf,inf,1.409999966621399,1.409999966621399,1.409999966621399,1.409999966621399,1.409999966621399,1.3960000276565552,...,47.0,47.0,47.0,47.0,47.0,47.0,47.0,47.0,47.0,47.0,47.0,47.0,47.0,47.0,47.0,0.0,0.0,0.0,0.0,0.0,0.0,0.0,0.0,0.0,0.0,0.0,0.0,0.0,0.0,0.0,0.0,0.0,0.0,0.0,0.0,0.0,0.0,0.0,0.0,0.0,0.0,0.0,0.0,0.0,0.0,0.0,0.0,0.0,0.0,0.0,0.0,0.0,0.0,0.0,0.0,0.0,0.0,0.0,0.0,0.0,0.0,0.0,0.0,0.0,0.0,0.0,0.0,0.0,47.0,47.0,47.0,47.0,47.0,0.0,0.0,0.0,0.0,0.0,0.0,0.0,0.0,0.0,0.0,0.0,0.0,0.0,0.0,0.0,0.0,0.0,0.0,0.0,0.0,0.0,0.0,0.0,0.0,0.0,0.0,0.0,0.0,0.0,0.0,0.0,0.0,0.0,0.0,0.0,0.0,0.0,0.0,0.0,0.0,0.0,0.0,0.0,0.0,0.0,0.0,0.0,0.0,0.0,0.0,0.0,0.0,0.0,0.0,0.0,...
1763030775,880165400,laser,-3.1241390705108643,3.1415927410125732,0.0034828970674425364,5.372032319428399e-05,0.0966428592801094,0.15000000596046448,16.0,2.5320000648498535,2.5320000648498535,2.5320000648498535,2.5320000648498535,2.5320000648498535,2.5320000648498535,2.5320000648498535,2.5320000648498535,2.5320000648498535,2.5320000648498535,2.5320000648498535,2.5320000648498535,2.5320000648498535,2.5320000648498535,2.5320000648498535,2.5320000648498535,2.5320000648498535,2.5280001163482666,2.5320000648498535,2.5360000133514404,2.5360000133514404,2.5360000133514404,2.5320000648498535,2.5320000648498535,2.5320000648498535,2.5320000648498535,2.5320000648498535,2.5320000648498535,2.5320000648498535,2.5360000133514404,2.5360000133514404,2.5360000133514404,2.5360000133514404,2.5360000133514404,2.5320000648498535,2.5320000648498535,2.5360000133514404,2.5360000133514404,2.5399999618530273,2.5439999103546143,2.5439999103546143,2.5399999618530273,2.5439999103546143,2.5360000133514404,2.5360000133514404,2.5199999809265137,2.5160000324249268,2.5199999809265137,2.5199999809265137,2.5199999809265137,2.5360000133514404,2.5360000133514404,2.5480000972747803,2.552000045776367,2.555999994277954,2.552000045776367,3.75600004196167,3.75600004196167,3.75600004196167,3.747999906539917,3.74399995803833,3.74399995803833,3.74399995803833,3.747999906539917,3.747999906539917,3.752000093460083,2.884000062942505,2.884000062942505,2.884000062942505,2.8239998817443848,2.8239998817443848,2.7639999389648438,2.7639999389648438,2.640000104904175,2.640000104904175,2.5959999561309814,2.5439999103546143,2.48799991607666,2.440000057220459,2.384000062942505,2.3399999141693115,2.2960000038146973,2.2720000743865967,2.24399995803833,2.24399995803833,2.196000099182129,2.1519999504089355,2.111999988555908,2.0840001106262207,2.052000045776367,2.0199999809265137,1.996000051498413,1.9739999771118164,1.9459999799728394,1.9179999828338623,1.9179999828338623,1.9019999504089355,1.8940000534057617,1.8839999437332153,1.8700000047683716,1.8559999465942383,1.8300000429153442,1.8079999685287476,1.784000039100647,1.784000039100647,1.7599999904632568,1.7419999837875366,1.722000002861023,1.7020000219345093,1.6820000410079956,1.659999966621399,1.6360000371932983,1.5160000324249268,1.5160000324249268,1.5019999742507935,1.4880000352859497,1.4759999513626099,1.4759999513626099,1.4579999446868896,inf,1.4320000410079956,1.4320000410079956,1.4320000410079956,1.4320000410079956,1.4320000410079956,1.4119999408721924,1.4119999408721924,1.4119999408721924,...,47.0,47.0,47.0,47.0,47.0,47.0,47.0,47.0,47.0,47.0,47.0,47.0,47.0,47.0,0.0,0.0,0.0,0.0,0.0,0.0,0.0,0.0,0.0,0.0,0.0,0.0,0.0,0.0,0.0,0.0,0.0,0.0,0.0,0.0,0.0,0.0,0.0,0.0,0.0,0.0,0.0,0.0,0.0,0.0,0.0,0.0,0.0,0.0,0.0,0.0,0.0,0.0,0.0,0.0,0.0,0.0,0.0,0.0,0.0,0.0,0.0,0.0,0.0,0.0,0.0,0.0,0.0,0.0,0.0,0.0,0.0,0.0,0.0,0.0,0.0,0.0,0.0,0.0,0.0,0.0,0.0,0.0,0.0,0.0,0.0,0.0,0.0,0.0,0.0,47.0,47.0,47.0,47.0,47.0,0.0,0.0,0.0,0.0,0.0,0.0,0.0,0.0,0.0,0.0,0.0,0.0,0.0,0.0,0.0,0.0,0.0,0.0,0.0,0.0,0.0,0.0,0.0,0.0,0.0,0.0,0.0,0.0,0.0,0.0,0.0,0.0,0.0,0.0,...
1763030775,978411737,laser,-3.1241390705108643,3.1415927410125732,0.0034828970674425364,5.7139655837090686e-05,0.10279423743486404,0.15000000596046448,16.0,2.5320000648498535,2.5360000133514404,2.5320000648498535,2.5320000648498535,2.5320000648498535,2.5360000133514404,2.5360000133514404,2.5320000648498535,2.5320000648498535,2.5320000648498535,2.5320000648498535,2.5320000648498535,2.5320000648498535,2.5320000648498535,2.5320000648498535,2.5320000648498535,2.5320000648498535,2.5280001163482666,2.5320000648498535,2.5360000133514404,2.5360000133514404,2.5360000133514404,2.5320000648498535,2.5320000648498535,2.5320000648498535,2.5320000648498535,2.5320000648498535,2.5320000648498535,2.5360000133514404,2.5360000133514404,2.5360000133514404,2.5360000133514404,2.5360000133514404,2.5360000133514404,2.5320000648498535,2.5360000133514404,2.5360000133514404,2.5360000133514404,2.5399999618530273,2.5439999103546143,2.5439999103546143,2.5399999618530273,2.5439999103546143,2.5360000133514404,2.5360000133514404,2.5199999809265137,2.5160000324249268,2.5199999809265137,2.5199999809265137,2.5199999809265137,2.5360000133514404,2.5480000972747803,2.5480000972747803,2.552000045776367,2.555999994277954,2.552000045776367,3.75600004196167,3.75600004196167,3.7320001125335693,3.7320001125335693,3.7239999771118164,3.7239999771118164,3.740000009536743,3.752000093460083,3.752000093460083,3.752000093460083,2.888000011444092,2.888000011444092,2.8399999141693115,2.8399999141693115,2.8399999141693115,2.7920000553131104,2.7239999771118164,2.6519999504089355,2.5999999046325684,2.5999999046325684,2.5439999103546143,2.48799991607666,2.440000057220459,2.3919999599456787,2.3480000495910645,2.299999952316284,2.2799999713897705,2.196000099182129,2.1519999504089355,2.1519999504089355,2.1519999504089355,2.124000072479248,2.0999999046325684,2.052000045776367,2.0199999809265137,2.002000093460083,1.9800000190734863,1.9520000219345093,1.934000015258789,1.934000015258789,1.9199999570846558,1.909999966621399,1.8980000019073486,1.8799999952316284,1.8639999628067017,1.8420000076293945,1.8200000524520874,1.7940000295639038,1.7660000324249268,1.7660000324249268,1.74399995803833,1.7239999771118164,1.7039999961853027,1.6820000410079956,1.6660000085830688,1.6440000534057617,1.5180000066757202,1.5180000066757202,1.50600004196167,1.49399995803833,1.4800000190734863,1.4800000190734863,1.4620000123977661,1.4259999990463257,1.4259999990463257,1.4259999990463257,1.4259999990463257,1.4259999990463257,1.399999976158142,1.399999976158142,1.399999976158142,1.399999976158142,...,47.0,47.0,47.0,47.0,47.0,47.0,47.0,47.0,47.0,47.0,47.0,47.0,47.0,47.0,47.0,47.0,0.0,0.0,0.0,0.0,0.0,0.0,0.0,0.0,0.0,0.0,0.0,0.0,0.0,0.0,0.0,0.0,0.0,0.0,0.0,0.0,0.0,0.0,0.0,0.0,0.0,0.0,0.0,0.0,0.0,0.0,0.0,0.0,0.0,0.0,0.0,0.0,0.0,0.0,0.0,0.0,0.0,0.0,0.0,0.0,0.0,0.0,0.0,0.0,0.0,0.0,0.0,0.0,0.0,0.0,0.0,0.0,0.0,0.0,0.0,0.0,0.0,0.0,0.0,0.0,0.0,0.0,0.0,0.0,0.0,0.0,0.0,0.0,0.0,0.0,47.0,47.0,47.0,47.0,47.0,0.0,0.0,0.0,0.0,0.0,0.0,0.0,0.0,0.0,0.0,0.0,0.0,0.0,0.0,0.0,0.0,0.0,0.0,0.0,0.0,0.0,0.0,0.0,0.0,0.0,0.0,0.0,0.0,0.0,0.0,0.0,47.0,47.0,...
1763030776,83037908,laser,-3.1241390705108643,3.1415927410125732,0.0034828970674425364,5.3592277254210785e-05,0.09641250967979431,0.15000000596046448,16.0,2.5199999809265137,2.5320000648498535,2.5320000648498535,2.5320000648498535,2.5320000648498535,2.5360000133514404,2.5360000133514404,2.5320000648498535,2.5320000648498535,2.5320000648498535,2.5320000648498535,2.5320000648498535,2.5320000648498535,2.5320000648498535,2.5320000648498535,2.5320000648498535,2.5320000648498535,2.5320000648498535,2.5320000648498535,2.5360000133514404,2.5360000133514404,2.5320000648498535,2.5320000648498535,2.5320000648498535,2.5320000648498535,2.5320000648498535,2.5320000648498535,2.5320000648498535,2.5360000133514404,2.5360000133514404,2.5360000133514404,2.5360000133514404,2.5360000133514404,2.5360000133514404,2.5320000648498535,2.5360000133514404,2.5399999618530273,2.5399999618530273,2.5399999618530273,2.5439999103546143,2.5439999103546143,2.5399999618530273,2.5439999103546143,2.5360000133514404,2.5360000133514404,2.5199999809265137,2.5160000324249268,2.5199999809265137,2.5199999809265137,2.5199999809265137,2.5360000133514404,2.552000045776367,2.552000045776367,2.552000045776367,2.555999994277954,2.552000045776367,3.75600004196167,3.75600004196167,3.75600004196167,3.747999906539917,3.740000009536743,3.740000009536743,3.740000009536743,3.747999906539917,3.747999906539917,3.752000093460083,2.888000011444092,2.888000011444092,2.888000011444092,2.888000011444092,2.8239998817443848,2.7639999389648438,2.7079999446868896,2.6519999504089355,2.5999999046325684,2.5999999046325684,2.5439999103546143,2.48799991607666,2.440000057220459,2.384000062942505,2.3399999141693115,2.299999952316284,2.2799999713897705,2.25600004196167,2.200000047683716,2.1559998989105225,2.1559998989105225,2.111999988555908,2.0880000591278076,2.059999942779541,2.0280001163482666,2.002000093460083,1.9800000190734863,1.9539999961853027,1.9359999895095825,1.9259999990463257,1.9259999990463257,1.9160000085830688,1.899999976158142,1.878000020980835,1.8600000143051147,1.840000033378601,1.8179999589920044,1.7940000295639038,1.7660000324249268,1.7660000324249268,1.7239999771118164,1.7239999771118164,1.7039999961853027,1.684000015258789,1.6619999408721924,1.6399999856948853,1.5180000066757202,1.503999948501587,1.503999948501587,1.4900000095367432,1.4759999513626099,1.4759999513626099,1.4579999446868896,1.4579999446868896,1.4259999990463257,1.4259999990463257,1.4259999990463257,1.399999976158142,1.399999976158142,1.399999976158142,1.399999976158142,1.3860000371932983,...,47.0,47.0,47.0,47.0,47.0,47.0,47.0,47.0,47.0,47.0,47.0,47.0,47.0,47.0,47.0,47.0,47.0,0.0,0.0,0.0,0.0,0.0,0.0,0.0,0.0,0.0,0.0,0.0,0.0,0.0,0.0,0.0,0.0,0.0,0.0,0.0,0.0,0.0,0.0,0.0,0.0,0.0,0.0,0.0,0.0,0.0,0.0,0.0,0.0,0.0,0.0,0.0,0.0,0.0,0.0,0.0,0.0,0.0,0.0,0.0,0.0,0.0,0.0,0.0,0.0,0.0,0.0,0.0,0.0,0.0,0.0,0.0,0.0,0.0,0.0,0.0,0.0,0.0,0.0,0.0,0.0,0.0,0.0,0.0,0.0,0.0,0.0,0.0,0.0,0.0,0.0,47.0,47.0,47.0,47.0,47.0,0.0,0.0,0.0,0.0,0.0,0.0,0.0,0.0,0.0,0.0,0.0,0.0,0.0,0.0,0.0,0.0,0.0,0.0,0.0,0.0,0.0,0.0,0.0,0.0,0.0,0.0,0.0,47.0,47.0,47.0,47.0,47.0,...
1763030776,180851457,laser,-3.1241390705108643,3.1415927410125732,0.0034828970674425364,5.3845571528654546e-05,0.09686817973852158,0.15000000596046448,16.0,2.5199999809265137,2.5320000648498535,2.5320000648498535,2.5320000648498535,2.5320000648498535,2.5320000648498535,2.5360000133514404,2.5320000648498535,2.5320000648498535,2.5320000648498535,2.5320000648498535,2.5320000648498535,2.5320000648498535,2.5320000648498535,2.5320000648498535,2.5320000648498535,2.5320000648498535,2.5320000648498535,2.5320000648498535,2.5360000133514404,2.5360000133514404,2.5360000133514404,2.5320000648498535,2.5320000648498535,2.5320000648498535,2.5320000648498535,2.5320000648498535,2.5320000648498535,2.5360000133514404,2.5360000133514404,2.5360000133514404,2.5360000133514404,2.5360000133514404,2.5360000133514404,2.5320000648498535,2.5360000133514404,2.5360000133514404,2.5360000133514404,2.5399999618530273,2.5399999618530273,2.5439999103546143,2.5399999618530273,2.5399999618530273,2.5480000972747803,2.5360000133514404,2.5160000324249268,2.5160000324249268,2.5199999809265137,2.5199999809265137,2.5199999809265137,2.5320000648498535,2.5480000972747803,2.552000045776367,2.555999994277954,2.555999994277954,2.552000045776367,3.75600004196167,3.75600004196167,3.75600004196167,3.7360000610351562,3.7320001125335693,3.740000009536743,3.752000093460083,3.752000093460083,3.752000093460083,3.752000093460083,2.9079999923706055,2.9079999923706055,2.9079999923706055,2.8480000495910645,2.8480000495910645,2.7760000228881836,2.7160000801086426,2.6559998989105225,2.611999988555908,2.559999942779541,2.503999948501587,2.503999948501587,2.4600000381469727,2.4040000438690186,2.3559999465942383,2.3239998817443848,2.2920000553131104,2.1760001182556152,2.1760001182556152,2.1640000343322754,2.124000072479248,2.0959999561309814,2.0959999561309814,2.068000078201294,2.0380001068115234,2.01200008392334,1.9819999933242798,1.9539999961853027,1.9259999990463257,1.9040000438690186,1.8960000276565552,1.8860000371932983,1.8739999532699585,1.8619999885559082,1.8619999885559082,1.840000033378601,1.8179999589920044,1.7960000038146973,1.7699999809265137,1.7480000257492065,1.7280000448226929,1.7079999446868896,1.684000015258789,1.6619999408721924,1.6619999408721924,1.6440000534057617,1.5160000324249268,1.5160000324249268,1.503999948501587,1.4919999837875366,1.4800000190734863,1.468000054359436,inf,inf,inf,inf,inf,1.3980000019073486,1.3980000019073486,1.3980000019073486,1.3980000019073486,1.3980000019073486,...,47.0,47.0,47.0,47.0,47.0,47.0,47.0,47.0,47.0,47.0,47.0,47.0,47.0,47.0,0.0,0.0,0.0,0.0,0.0,0.0,0.0,0.0,0.0,0.0,0.0,0.0,0.0,0.0,0.0,0.0,0.0,0.0,0.0,0.0,0.0,0.0,0.0,0.0,0.0,0.0,0.0,0.0,0.0,0.0,0.0,0.0,0.0,0.0,0.0,0.0,0.0,0.0,0.0,0.0,0.0,0.0,0.0,0.0,0.0,0.0,0.0,0.0,0.0,0.0,0.0,0.0,0.0,0.0,0.0,0.0,0.0,47.0,47.0,47.0,47.0,47.0,0.0,0.0,0.0,0.0,0.0,0.0,0.0,0.0,0.0,0.0,0.0,0.0,0.0,47.0,47.0,47.0,47.0,47.0,0.0,0.0,0.0,0.0,0.0,0.0,0.0,0.0,0.0,0.0,0.0,0.0,0.0,0.0,0.0,0.0,0.0,0.0,0.0,0.0,0.0,0.0,0.0,0.0,0.0,0.0,0.0,0.0,0.0,0.0,47.0,47.0,47.0,47.0,...
1763030776,279490181,laser,-3.1241390705108643,3.1415927410125732,0.0034828970674425364,5.705505100195296e-05,0.10264203697443008,0.15000000596046448,16.0,2.5360000133514404,2.5360000133514404,2.5320000648498535,2.5320000648498535,2.5320000648498535,2.5360000133514404,2.5320000648498535,2.5320000648498535,2.5320000648498535,2.5320000648498535,2.5320000648498535,2.5320000648498535,2.5320000648498535,2.5320000648498535,2.5320000648498535,2.5320000648498535,2.5320000648498535,2.5320000648498535,2.5320000648498535,2.5360000133514404,2.5360000133514404,2.5320000648498535,2.5320000648498535,2.5320000648498535,2.5320000648498535,2.5320000648498535,2.5320000648498535,2.5320000648498535,2.5360000133514404,2.5360000133514404,2.5360000133514404,2.5360000133514404,2.5360000133514404,2.5360000133514404,2.5320000648498535,2.5360000133514404,2.5360000133514404,2.5399999618530273,2.5399999618530273,2.5399999618530273,2.5439999103546143,2.5399999618530273,2.5399999618530273,2.5480000972747803,2.5360000133514404,2.5360000133514404,2.5160000324249268,2.5199999809265137,2.5199999809265137,2.5199999809265137,2.5320000648498535,2.5480000972747803,2.552000045776367,2.552000045776367,2.555999994277954,2.555999994277954,3.75600004196167,3.75600004196167,3.75600004196167,3.7360000610351562,3.7320001125335693,3.740000009536743,3.740000009536743,3.747999906539917,3.752000093460083,3.752000093460083,2.9040000438690186,2.9040000438690186,2.9040000438690186,2.9040000438690186,2.8480000495910645,2.7799999713897705,2.7119998931884766,2.6519999504089355,2.611999988555908,2.611999988555908,2.559999942779541,2.503999948501587,2.4600000381469727,2.4040000438690186,2.3559999465942383,2.319999933242798,2.2920000553131104,2.180000066757202,2.180000066757202,2.1679999828338623,2.124000072479248,2.124000072479248,2.0959999561309814,2.068000078201294,2.0360000133514404,2.01200008392334,1.9819999933242798,1.9539999961853027,1.9259999990463257,1.906000018119812,1.906000018119812,1.9040000438690186,1.8919999599456787,1.8739999532699585,1.8619999885559082,1.840000033378601,1.8179999589920044,1.7940000295639038,1.7699999809265137,1.7699999809265137,1.7280000448226929,1.7280000448226929,1.7079999446868896,1.684000015258789,1.6640000343322754,1.6440000534057617,1.5160000324249268,1.503999948501587,1.503999948501587,1.496000051498413,1.4839999675750732,inf,inf,inf,inf,1.3960000276565552,1.3960000276565552,1.3960000276565552,1.3960000276565552,1.3960000276565552,1.3819999694824219,1.3819999694824219,...,47.0,47.0,47.0,47.0,47.0,47.0,47.0,47.0,47.0,47.0,47.0,47.0,47.0,47.0,47.0,47.0,0.0,0.0,0.0,0.0,0.0,0.0,0.0,0.0,0.0,0.0,0.0,0.0,0.0,0.0,0.0,0.0,0.0,0.0,0.0,0.0,0.0,0.0,0.0,0.0,0.0,0.0,0.0,0.0,0.0,0.0,0.0,0.0,0.0,0.0,0.0,0.0,0.0,0.0,0.0,0.0,0.0,0.0,0.0,0.0,0.0,0.0,0.0,0.0,0.0,0.0,0.0,0.0,0.0,47.0,47.0,47.0,47.0,47.0,0.0,0.0,0.0,0.0,0.0,0.0,0.0,0.0,0.0,0.0,0.0,0.0,0.0,0.0,0.0,0.0,0.0,0.0,0.0,0.0,0.0,0.0,0.0,0.0,0.0,0.0,0.0,0.0,0.0,0.0,0.0,0.0,0.0,0.0,0.0,0.0,0.0,0.0,0.0,0.0,0.0,0.0,0.0,0.0,0.0,0.0,0.0,0.0,0.0,0.0,0.0,0.0,0.0,0.0,...
1763030776,383612360,laser,-3.1241390705108643,3.1415927410125732,0.0034828970674425364,5.37890664418228e-05,0.09676653146743774,0.15000000596046448,16.0,2.5199999809265137,2.5360000133514404,2.5320000648498535,2.5320000648498535,2.5320000648498535,2.5360000133514404,2.5320000648498535,2.5320000648498535,2.5320000648498535,2.5320000648498535,2.5320000648498535,2.5320000648498535,2.5320000648498535,2.5320000648498535,2.5320000648498535,2.5320000648498535,2.5360000133514404,2.5320000648498535,2.5320000648498535,2.5360000133514404,2.5360000133514404,2.5320000648498535,2.5320000648498535,2.5360000133514404,2.5320000648498535,2.5320000648498535,2.5320000648498535,2.5320000648498535,2.5360000133514404,2.5360000133514404,2.5360000133514404,2.5360000133514404,2.5360000133514404,2.5360000133514404,2.5320000648498535,2.5360000133514404,2.5360000133514404,2.5399999618530273,2.5399999618530273,2.5439999103546143,2.5439999103546143,2.5399999618530273,2.5439999103546143,2.5439999103546143,2.5280001163482666,2.51200008392334,2.5160000324249268,2.5199999809265137,2.5199999809265137,2.5280001163482666,2.5480000972747803,2.5480000972747803,2.5480000972747803,2.555999994277954,2.555999994277954,2.552000045776367,3.752000093460083,3.752000093460083,3.740000009536743,3.740000009536743,3.740000009536743,3.740000009536743,3.740000009536743,3.747999906539917,3.747999906539917,3.752000093460083,2.884000062942505,2.884000062942505,2.815999984741211,2.815999984741211,2.815999984741211,2.747999906539917,2.747999906539917,2.640000104904175,2.640000104904175,2.5959999561309814,2.5280001163482666,2.4719998836517334,2.436000108718872,2.380000114440918,2.3359999656677246,2.2960000038146973,2.252000093460083,2.252000093460083,2.200000047683716,2.200000047683716,2.1519999504089355,2.1040000915527344,2.0840001106262207,2.059999942779541,2.0199999809265137,1.99399995803833,1.9800000190734863,1.9520000219345093,1.9520000219345093,1.934000015258789,1.9259999990463257,1.9140000343322754,1.9019999504089355,1.8799999952316284,1.8559999465942383,1.8359999656677246,1.812000036239624,1.812000036239624,1.7879999876022339,1.7640000581741333,1.7380000352859497,1.7200000286102295,1.7020000219345093,1.684000015258789,1.659999966621399,1.5099999904632568,1.5099999904632568,1.5099999904632568,1.5,1.5,1.4880000352859497,1.4739999771118164,inf,inf,inf,inf,inf,1.4079999923706055,1.4079999923706055,1.4079999923706055,1.4079999923706055,1.4079999923706055,...,47.0,47.0,47.0,47.0,47.0,47.0,47.0,47.0,47.0,47.0,47.0,47.0,47.0,47.0,47.0,0.0,0.0,0.0,0.0,0.0,0.0,0.0,0.0,0.0,0.0,0.0,0.0,0.0,0.0,0.0,0.0,0.0,0.0,0.0,0.0,0.0,0.0,0.0,0.0,0.0,0.0,0.0,0.0,0.0,0.0,0.0,0.0,0.0,0.0,0.0,0.0,0.0,0.0,0.0,0.0,0.0,0.0,0.0,0.0,0.0,0.0,0.0,0.0,0.0,0.0,0.0,0.0,0.0,0.0,0.0,0.0,0.0,0.0,0.0,0.0,0.0,0.0,0.0,0.0,0.0,0.0,0.0,0.0,0.0,0.0,0.0,0.0,0.0,0.0,0.0,0.0,0.0,0.0,0.0,0.0,0.0,0.0,0.0,0.0,0.0,0.0,0.0,0.0,0.0,0.0,0.0,0.0,0.0,0.0,0.0,0.0,0.0,0.0,0.0,0.0,0.0,0.0,0.0,0.0,0.0,0.0,0.0,0.0,0.0,0.0,0.0,0.0,0.0,...
1763030776,481895992,laser,-3.1241390705108643,3.1415927410125732,0.0034828970674425364,5.3770079830428585e-05,0.09673237055540085,0.15000000596046448,16.0,2.5360000133514404,2.5320000648498535,2.5320000648498535,2.5320000648498535,2.5320000648498535,2.5320000648498535,2.5360000133514404,2.5320000648498535,2.5320000648498535,2.5320000648498535,2.5320000648498535,2.5320000648498535,2.5320000648498535,2.5320000648498535,2.5320000648498535,2.5320000648498535,2.5320000648498535,2.5280001163482666,2.5320000648498535,2.5360000133514404,2.5360000133514404,2.5360000133514404,2.5320000648498535,2.5320000648498535,2.5320000648498535,2.5320000648498535,2.5320000648498535,2.5320000648498535,2.5320000648498535,2.5360000133514404,2.5360000133514404,2.5360000133514404,2.5320000648498535,2.5320000648498535,2.5320000648498535,2.5320000648498535,2.5360000133514404,2.5360000133514404,2.5399999618530273,2.5439999103546143,2.5439999103546143,2.5399999618530273,2.5439999103546143,2.5360000133514404,2.5360000133514404,2.5199999809265137,2.5160000324249268,2.5199999809265137,2.5199999809265137,2.5199999809265137,2.5360000133514404,2.5360000133514404,2.5480000972747803,2.552000045776367,2.555999994277954,2.552000045776367,3.75600004196167,3.75600004196167,3.75600004196167,3.747999906539917,3.740000009536743,3.740000009536743,3.740000009536743,3.747999906539917,3.747999906539917,3.752000093460083,2.884000062942505,2.884000062942505,2.884000062942505,2.819999933242798,2.819999933242798,2.7639999389648438,2.700000047683716,2.640000104904175,2.5999999046325684,2.5999999046325684,2.5439999103546143,2.4839999675750732,2.436000108718872,2.384000062942505,2.3359999656677246,2.2960000038146973,2.2639999389648438,2.240000009536743,2.240000009536743,2.1519999504089355,2.1519999504089355,2.1080000400543213,2.0840001106262207,2.059999942779541,2.0260000228881836,1.9980000257492065,1.9780000448226929,1.9459999799728394,1.9160000085830688,1.9160000085830688,1.9019999504089355,1.8960000276565552,1.8860000371932983,1.8700000047683716,1.8539999723434448,1.8339999914169312,1.812000036239624,1.7879999876022339,1.7619999647140503,1.7619999647140503,1.7419999837875366,1.722000002861023,1.7020000219345093,1.684000015258789,1.659999966621399,1.6319999694824219,1.5180000066757202,1.5180000066757202,1.503999948501587,1.4900000095367432,1.4739999771118164,1.4739999771118164,inf,inf,1.4079999923706055,1.4079999923706055,1.4079999923706055,1.4079999923706055,1.4079999923706055,1.399999976158142,1.399999976158142,1.399999976158142,...,47.0,47.0,47.0,47.0,47.0,47.0,47.0,47.0,47.0,47.0,47.0,47.0,47.0,47.0,47.0,47.0,47.0,0.0,0.0,0.0,47.0,47.0,47.0,47.0,47.0,0.0,0.0,0.0,0.0,0.0,0.0,0.0,0.0,0.0,0.0,0.0,0.0,0.0,0.0,0.0,0.0,0.0,0.0,0.0,0.0,0.0,0.0,0.0,0.0,0.0,0.0,0.0,0.0,0.0,0.0,0.0,0.0,0.0,0.0,0.0,0.0,0.0,0.0,0.0,0.0,0.0,0.0,0.0,0.0,0.0,0.0,0.0,0.0,0.0,0.0,0.0,0.0,0.0,0.0,0.0,0.0,0.0,0.0,0.0,0.0,0.0,0.0,0.0,0.0,0.0,0.0,47.0,47.0,47.0,47.0,47.0,0.0,0.0,0.0,0.0,0.0,0.0,0.0,0.0,0.0,0.0,0.0,0.0,0.0,0.0,0.0,0.0,0.0,0.0,0.0,0.0,0.0,0.0,0.0,0.0,0.0,0.0,0.0,0.0,0.0,0.0,0.0,0.0,...
1763030776,579968252,laser,-3.1241390705108643,3.1415927410125732,0.0034828970674425364,5.3872929129283875e-05,0.09691739827394485,0.15000000596046448,16.0,2.5199999809265137,2.5320000648498535,2.5320000648498535,2.5320000648498535,2.5320000648498535,2.5320000648498535,2.5360000133514404,2.5320000648498535,2.5320000648498535,2.5320000648498535,2.5320000648498535,2.5320000648498535,2.5320000648498535,2.5320000648498535,2.5320000648498535,2.5320000648498535,2.5320000648498535,2.5320000648498535,2.5320000648498535,2.5360000133514404,2.5360000133514404,2.5360000133514404,2.5320000648498535,2.5320000648498535,2.5320000648498535,2.5320000648498535,2.5320000648498535,2.5320000648498535,2.5360000133514404,2.5360000133514404,2.5360000133514404,2.5360000133514404,2.5360000133514404,2.5360000133514404,2.5320000648498535,2.5360000133514404,2.5360000133514404,2.5399999618530273,2.5399999618530273,2.5439999103546143,2.5439999103546143,2.5439999103546143,2.5399999618530273,2.5439999103546143,2.5199999809265137,2.5,2.5160000324249268,2.5199999809265137,2.5199999809265137,2.5199999809265137,2.5320000648498535,2.5480000972747803,2.552000045776367,2.555999994277954,2.555999994277954,2.555999994277954,2.552000045776367,3.740000009536743,3.740000009536743,3.740000009536743,3.74399995803833,3.752000093460083,3.752000093460083,3.747999906539917,3.747999906539917,3.747999906539917,3.747999906539917,2.936000108718872,2.936000108718872,2.936000108718872,2.875999927520752,2.808000087738037,2.7360000610351562,2.6760001182556152,2.631999969482422,2.5759999752044678,2.5280001163482666,2.4800000190734863,2.4800000190734863,2.368000030517578,2.368000030517578,2.3359999656677246,2.2960000038146973,2.2039999961853027,2.2039999961853027,2.191999912261963,2.135999917984009,2.0999999046325684,2.0799999237060547,2.0799999237060547,2.052000045776367,2.0139999389648438,1.9819999933242798,1.9520000219345093,1.9240000247955322,1.9040000438690186,1.8919999599456787,1.8819999694824219,1.8760000467300415,1.8619999885559082,1.8619999885559082,1.8459999561309814,1.8300000429153442,1.8020000457763672,1.7760000228881836,1.75600004196167,1.7319999933242798,1.7100000381469727,1.6920000314712524,1.6920000314712524,1.6720000505447388,1.649999976158142,1.496000051498413,1.496000051498413,1.496000051498413,1.496000051498413,1.4839999675750732,inf,inf,inf,inf,1.4040000438690186,1.4040000438690186,1.4040000438690186,1.4040000438690186,1.4040000438690186,1.3919999599456787,1.3919999599456787,...,47.0,47.0,47.0,47.0,47.0,47.0,47.0,47.0,47.0,47.0,47.0,47.0,47.0,47.0,47.0,47.0,0.0,0.0,0.0,0.0,0.0,0.0,0.0,0.0,0.0,0.0,0.0,0.0,0.0,0.0,0.0,0.0,0.0,0.0,0.0,0.0,0.0,0.0,0.0,0.0,0.0,0.0,0.0,0.0,0.0,0.0,0.0,0.0,0.0,0.0,0.0,0.0,0.0,0.0,0.0,0.0,0.0,0.0,0.0,0.0,0.0,0.0,0.0,0.0,0.0,0.0,0.0,0.0,0.0,0.0,0.0,0.0,0.0,0.0,0.0,0.0,0.0,0.0,0.0,0.0,0.0,0.0,0.0,0.0,0.0,0.0,0.0,0.0,0.0,0.0,47.0,47.0,47.0,47.0,47.0,0.0,0.0,0.0,0.0,0.0,0.0,0.0,0.0,0.0,0.0,0.0,0.0,0.0,0.0,0.0,0.0,0.0,0.0,0.0,0.0,0.0,0.0,0.0,0.0,0.0,0.0,0.0,0.0,0.0,0.0,0.0,0.0,0.0,...
1763030776,678021782,laser,-3.1241390705108643,3.1415927410125732,0.0034828970674425364,5.7407785789109766e-05,0.10327661037445068,0.15000000596046448,16.0,2.5360000133514404,2.5320000648498535,2.5320000648498535,2.5320000648498535,2.5360000133514404,2.5320000648498535,2.5320000648498535,2.5320000648498535,2.5320000648498535,2.5320000648498535,2.5320000648498535,2.5320000648498535,2.5320000648498535,2.5320000648498535,2.5320000648498535,2.5320000648498535,2.5320000648498535,2.5280001163482666,2.5280001163482666,2.5320000648498535,2.5320000648498535,2.5360000133514404,2.5320000648498535,2.5320000648498535,2.5320000648498535,2.5320000648498535,2.5320000648498535,2.5320000648498535,2.5360000133514404,2.5360000133514404,2.5360000133514404,2.5360000133514404,2.5320000648498535,2.5320000648498535,2.5320000648498535,2.5320000648498535,2.5360000133514404,2.5399999618530273,2.5439999103546143,2.5439999103546143,2.5439999103546143,2.5399999618530273,2.5439999103546143,2.5399999618530273,2.5399999618530273,2.5199999809265137,2.5160000324249268,2.5199999809265137,2.5160000324249268,2.5199999809265137,2.5360000133514404,2.5480000972747803,2.5480000972747803,2.552000045776367,2.555999994277954,2.552000045776367,3.75600004196167,3.75600004196167,3.75600004196167,3.747999906539917,3.740000009536743,3.740000009536743,3.740000009536743,3.747999906539917,3.747999906539917,3.752000093460083,2.884000062942505,2.884000062942505,2.884000062942505,2.884000062942505,2.819999933242798,2.7639999389648438,2.7639999389648438,2.6480000019073486,2.6480000019073486,2.5959999561309814,2.5439999103546143,2.4839999675750732,2.440000057220459,2.384000062942505,2.3359999656677246,2.2960000038146973,2.2679998874664307,2.24399995803833,2.24399995803833,2.200000047683716,2.1559998989105225,2.115999937057495,2.0880000591278076,2.055999994277954,2.0239999294281006,1.9980000257492065,1.9759999513626099,1.9459999799728394,1.9199999570846558,1.9199999570846558,1.9079999923706055,1.899999976158142,1.8880000114440918,1.8700000047683716,1.8539999723434448,1.8339999914169312,1.812000036239624,1.7879999876022339,1.7879999876022339,1.7619999647140503,1.7400000095367432,1.722000002861023,1.7039999961853027,1.684000015258789,1.659999966621399,1.6339999437332153,1.5180000066757202,1.503999948501587,1.503999948501587,1.4880000352859497,1.4759999513626099,1.4759999513626099,inf,inf,inf,inf,1.399999976158142,1.399999976158142,1.399999976158142,1.399999976158142,1.399999976158142,1.3860000371932983,...,47.0,47.0,47.0,47.0,47.0,47.0,47.0,47.0,47.0,47.0,47.0,47.0,47.0,47.0,47.0,0.0,0.0,0.0,0.0,47.0,47.0,47.0,47.0,47.0,0.0,0.0,0.0,0.0,0.0,0.0,0.0,0.0,0.0,0.0,0.0,0.0,0.0,0.0,0.0,0.0,0.0,0.0,0.0,0.0,0.0,0.0,0.0,0.0,0.0,0.0,0.0,0.0,0.0,0.0,0.0,0.0,0.0,0.0,0.0,0.0,0.0,0.0,0.0,0.0,0.0,0.0,0.0,0.0,0.0,0.0,0.0,0.0,0.0,0.0,0.0,0.0,0.0,0.0,0.0,0.0,0.0,0.0,0.0,0.0,0.0,0.0,0.0,0.0,0.0,0.0,0.0,0.0,0.0,0.0,0.0,0.0,0.0,0.0,0.0,0.0,0.0,0.0,0.0,0.0,0.0,0.0,0.0,0.0,0.0,0.0,0.0,0.0,0.0,0.0,0.0,0.0,0.0,0.0,0.0,0.0,0.0,0.0,0.0,0.0,0.0,0.0,0.0,0.0,...
1763030776,782692988,laser,-3.1241390705108643,3.1415927410125732,0.0034828970674425364,5.3877356549492106e-05,0.09692536294460297,0.15000000596046448,16.0,2.5199999809265137,2.5320000648498535,2.5320000648498535,2.5320000648498535,2.5320000648498535,2.5360000133514404,2.5360000133514404,2.5320000648498535,2.5320000648498535,2.5320000648498535,2.5320000648498535,2.5320000648498535,2.5320000648498535,2.5320000648498535,2.5320000648498535,2.5320000648498535,2.5360000133514404,2.5320000648498535,2.5320000648498535,2.5360000133514404,2.5360000133514404,2.5360000133514404,2.5320000648498535,2.5320000648498535,2.5320000648498535,2.5320000648498535,2.5320000648498535,2.5320000648498535,2.5360000133514404,2.5360000133514404,2.5360000133514404,2.5360000133514404,2.5360000133514404,2.5360000133514404,2.5320000648498535,2.5360000133514404,2.5360000133514404,2.5360000133514404,2.5399999618530273,2.5439999103546143,2.5439999103546143,2.5399999618530273,2.5439999103546143,2.5360000133514404,2.5360000133514404,2.5199999809265137,2.5160000324249268,2.5199999809265137,2.5160000324249268,2.5280001163482666,2.5439999103546143,2.552000045776367,2.552000045776367,2.552000045776367,2.555999994277954,2.552000045776367,3.752000093460083,3.752000093460083,3.752000093460083,3.74399995803833,3.740000009536743,3.740000009536743,3.740000009536743,3.747999906539917,3.747999906539917,3.752000093460083,2.884000062942505,2.884000062942505,2.884000062942505,2.884000062942505,2.819999933242798,2.75600004196167,2.700000047683716,2.6480000019073486,2.5959999561309814,2.5959999561309814,2.5399999618530273,2.4839999675750732,2.440000057220459,2.384000062942505,2.3399999141693115,2.2960000038146973,2.2679998874664307,2.24399995803833,2.24399995803833,2.1519999504089355,2.1519999504089355,2.1080000400543213,2.0840001106262207,2.055999994277954,2.0239999294281006,1.9980000257492065,1.9759999513626099,1.9459999799728394,1.9179999828338623,1.9179999828338623,1.9040000438690186,1.8980000019073486,1.8860000371932983,1.8700000047683716,1.8519999980926514,1.8320000171661377,1.809999942779541,1.7860000133514404,1.7860000133514404,1.7619999647140503,1.7400000095367432,1.722000002861023,1.7039999961853027,1.684000015258789,1.659999966621399,1.6339999437332153,1.5140000581741333,1.4980000257492065,1.4980000257492065,1.4880000352859497,1.4739999771118164,1.4739999771118164,inf,inf,inf,inf,1.4079999923706055,1.4079999923706055,1.4079999923706055,1.4079999923706055,1.4079999923706055,1.399999976158142,...,47.0,47.0,47.0,47.0,47.0,47.0,47.0,47.0,47.0,47.0,47.0,47.0,47.0,47.0,47.0,0.0,0.0,0.0,0.0,0.0,0.0,0.0,0.0,0.0,0.0,0.0,0.0,0.0,0.0,0.0,0.0,0.0,0.0,0.0,0.0,0.0,0.0,0.0,0.0,0.0,0.0,0.0,0.0,0.0,0.0,0.0,0.0,0.0,0.0,0.0,0.0,0.0,0.0,0.0,0.0,0.0,0.0,0.0,0.0,0.0,0.0,0.0,0.0,0.0,0.0,0.0,0.0,0.0,0.0,0.0,0.0,0.0,0.0,0.0,0.0,0.0,0.0,0.0,0.0,0.0,0.0,0.0,0.0,0.0,0.0,0.0,0.0,0.0,0.0,47.0,47.0,47.0,47.0,47.0,0.0,0.0,0.0,0.0,0.0,0.0,0.0,0.0,0.0,0.0,0.0,0.0,0.0,0.0,0.0,0.0,0.0,0.0,0.0,0.0,0.0,0.0,0.0,0.0,0.0,0.0,0.0,0.0,0.0,0.0,0.0,47.0,47.0,47.0,...
1763030776,881026812,laser,-3.1241390705108643,3.1415927410125732,0.0034828970674425364,5.377303023124114e-05,0.09673768281936646,0.15000000596046448,16.0,2.5199999809265137,2.5320000648498535,2.5320000648498535,2.5320000648498535,2.5320000648498535,2.5320000648498535,2.5320000648498535,2.5320000648498535,2.5320000648498535,2.5320000648498535,2.5320000648498535,2.5320000648498535,2.5320000648498535,2.5320000648498535,2.5320000648498535,2.5320000648498535,2.5360000133514404,2.5320000648498535,2.5320000648498535,2.5360000133514404,2.5360000133514404,2.5360000133514404,2.5320000648498535,2.5320000648498535,2.5320000648498535,2.5320000648498535,2.5320000648498535,2.5320000648498535,2.5360000133514404,2.5360000133514404,2.5360000133514404,2.5360000133514404,2.5360000133514404,2.5360000133514404,2.5320000648498535,2.5360000133514404,2.5360000133514404,2.5360000133514404,2.5399999618530273,2.5399999618530273,2.5399999618530273,2.5399999618530273,2.5399999618530273,2.552000045776367,2.5360000133514404,2.5160000324249268,2.5160000324249268,2.5160000324249268,2.5160000324249268,2.5199999809265137,2.5320000648498535,2.5480000972747803,2.552000045776367,2.555999994277954,2.555999994277954,2.555999994277954,3.7799999713897705,3.7799999713897705,3.7360000610351562,3.7360000610351562,3.7320001125335693,3.740000009536743,3.752000093460083,3.747999906539917,3.74399995803833,3.74399995803833,2.8959999084472656,2.8399999141693115,2.8399999141693115,2.8399999141693115,2.8399999141693115,2.7799999713897705,2.7200000286102295,2.6559998989105225,2.611999988555908,2.572000026702881,2.51200008392334,2.4639999866485596,2.4639999866485596,2.368000030517578,2.368000030517578,2.2839999198913574,2.2839999198913574,2.171999931335449,2.171999931335449,2.171999931335449,2.124000072479248,2.0959999561309814,2.069999933242798,2.069999933242798,2.0380001068115234,2.01200008392334,1.9800000190734863,1.9520000219345093,1.9259999990463257,1.9119999408721924,1.906000018119812,1.8919999599456787,1.8919999599456787,1.8600000143051147,1.8600000143051147,1.8380000591278076,1.8200000524520874,1.7979999780654907,1.7719999551773071,1.75,1.7300000190734863,1.7079999446868896,1.6859999895095825,1.6859999895095825,1.6640000343322754,1.6419999599456787,1.5180000066757202,1.5180000066757202,1.50600004196167,1.496000051498413,1.4839999675750732,1.465999960899353,inf,inf,inf,inf,1.399999976158142,1.399999976158142,1.399999976158142,1.399999976158142,1.399999976158142,1.3860000371932983,...,47.0,47.0,47.0,47.0,47.0,47.0,47.0,47.0,47.0,47.0,47.0,47.0,47.0,47.0,0.0,0.0,0.0,0.0,0.0,0.0,0.0,0.0,0.0,0.0,0.0,0.0,0.0,0.0,0.0,0.0,0.0,0.0,0.0,0.0,0.0,0.0,0.0,0.0,0.0,0.0,0.0,0.0,0.0,0.0,0.0,0.0,0.0,0.0,0.0,0.0,0.0,0.0,0.0,0.0,0.0,0.0,0.0,0.0,0.0,0.0,0.0,0.0,0.0,0.0,0.0,0.0,0.0,0.0,0.0,0.0,0.0,47.0,47.0,47.0,47.0,47.0,0.0,0.0,0.0,0.0,0.0,0.0,0.0,0.0,0.0,0.0,0.0,0.0,0.0,47.0,47.0,47.0,47.0,47.0,0.0,0.0,0.0,0.0,0.0,0.0,0.0,0.0,0.0,0.0,0.0,0.0,0.0,0.0,0.0,0.0,0.0,0.0,0.0,0.0,0.0,0.0,0.0,0.0,0.0,0.0,0.0,0.0,0.0,0.0,47.0,47.0,47.0,47.0,...
1763030776,979344682,laser,-3.1241390705108643,3.1415927410125732,0.0034828970674425364,5.379038702812977e-05,0.09676890820264816,0.15000000596046448,16.0,2.5360000133514404,2.5320000648498535,2.5320000648498535,2.5320000648498535,2.5320000648498535,2.5320000648498535,2.5320000648498535,2.5320000648498535,2.5320000648498535,2.5320000648498535,2.5320000648498535,2.5320000648498535,2.5320000648498535,2.5320000648498535,2.5320000648498535,2.5320000648498535,2.5320000648498535,2.5320000648498535,2.5280001163482666,2.5320000648498535,2.5360000133514404,2.5320000648498535,2.5320000648498535,2.5320000648498535,2.5320000648498535,2.5320000648498535,2.5320000648498535,2.5320000648498535,2.5360000133514404,2.5360000133514404,2.5360000133514404,2.5360000133514404,2.5360000133514404,2.5360000133514404,2.5320000648498535,2.5360000133514404,2.5360000133514404,2.5399999618530273,2.5399999618530273,2.5439999103546143,2.5439999103546143,2.5399999618530273,2.5399999618530273,2.5439999103546143,2.5199999809265137,2.503999948501587,2.5160000324249268,2.5199999809265137,2.5199999809265137,2.5199999809265137,2.5320000648498535,2.5480000972747803,2.552000045776367,2.555999994277954,2.555999994277954,2.555999994277954,2.5480000972747803,3.740000009536743,3.740000009536743,3.740000009536743,3.740000009536743,3.747999906539917,3.752000093460083,3.747999906539917,3.747999906539917,3.747999906539917,2.931999921798706,2.864000082015991,2.864000082015991,2.864000082015991,2.864000082015991,2.7880001068115234,2.7200000286102295,2.6640000343322754,2.619999885559082,2.572000026702881,2.5239999294281006,2.5239999294281006,2.4760000705718994,2.4159998893737793,2.368000030517578,2.319999933242798,2.2960000038146973,2.196000099182129,2.184000015258789,2.184000015258789,2.128000020980835,2.0999999046325684,2.0999999046325684,2.069999933242798,2.0399999618530273,2.0139999389648438,1.9819999933242798,1.9520000219345093,1.9240000247955322,1.909999966621399,1.9040000438690186,1.9040000438690186,1.8919999599456787,1.8799999952316284,1.8639999628067017,1.8420000076293945,1.8220000267028809,1.7979999780654907,1.7719999551773071,1.75,1.7300000190734863,1.7100000381469727,1.7100000381469727,1.690000057220459,1.6640000343322754,1.6440000534057617,1.531999945640564,1.531999945640564,1.50600004196167,1.4980000257492065,1.4859999418258667,inf,inf,inf,inf,inf,1.399999976158142,1.399999976158142,1.399999976158142,1.399999976158142,1.399999976158142,1.3860000371932983,...,47.0,47.0,47.0,47.0,47.0,47.0,47.0,47.0,47.0,47.0,47.0,47.0,47.0,47.0,47.0,47.0,47.0,47.0,47.0,47.0,47.0,47.0,0.0,0.0,0.0,0.0,0.0,0.0,0.0,0.0,0.0,0.0,0.0,0.0,0.0,0.0,0.0,0.0,0.0,0.0,0.0,0.0,0.0,0.0,0.0,0.0,0.0,0.0,0.0,0.0,0.0,0.0,0.0,0.0,0.0,0.0,0.0,0.0,0.0,0.0,0.0,0.0,0.0,0.0,0.0,0.0,0.0,47.0,47.0,47.0,47.0,47.0,0.0,0.0,0.0,0.0,0.0,0.0,0.0,0.0,0.0,0.0,0.0,0.0,0.0,0.0,0.0,0.0,0.0,0.0,0.0,0.0,0.0,0.0,0.0,0.0,0.0,0.0,0.0,0.0,0.0,0.0,0.0,0.0,0.0,0.0,0.0,0.0,0.0,0.0,0.0,0.0,0.0,0.0,0.0,0.0,0.0,0.0,0.0,0.0,0.0,0.0,0.0,0.0,0.0,0.0,0.0,0.0,...
1763030777,77764382,laser,-3.1241390705108643,3.1415927410125732,0.0034828970674425364,5.7120694691548124e-05,0.10276012867689133,0.15000000596046448,16.0,2.5360000133514404,2.5320000648498535,2.5320000648498535,2.5320000648498535,2.5320000648498535,2.5320000648498535,2.5320000648498535,2.5320000648498535,2.5320000648498535,2.5320000648498535,2.5320000648498535,2.5320000648498535,2.5320000648498535,2.5320000648498535,2.5320000648498535,2.5320000648498535,2.5320000648498535,2.5280001163482666,2.5280001163482666,2.5320000648498535,2.5320000648498535,2.5320000648498535,2.5320000648498535,2.5320000648498535,2.5320000648498535,2.5320000648498535,2.5320000648498535,2.5320000648498535,2.5360000133514404,2.5360000133514404,2.5360000133514404,2.5360000133514404,2.5320000648498535,2.5320000648498535,2.5320000648498535,2.5320000648498535,2.5360000133514404,2.5399999618530273,2.5439999103546143,2.5439999103546143,2.5439999103546143,2.5399999618530273,2.5439999103546143,2.5360000133514404,2.5360000133514404,2.5199999809265137,2.5199999809265137,2.5199999809265137,2.5160000324249268,2.5280001163482666,2.5439999103546143,2.5439999103546143,2.552000045776367,2.552000045776367,2.555999994277954,2.552000045776367,3.747999906539917,3.747999906539917,3.74399995803833,3.74399995803833,3.74399995803833,3.740000009536743,3.740000009536743,3.74399995803833,3.747999906539917,3.752000093460083,2.884000062942505,2.884000062942505,2.8399999141693115,2.8399999141693115,2.8399999141693115,2.8399999141693115,2.696000099182129,2.696000099182129,2.6440000534057617,2.5920000076293945,2.5360000133514404,2.4800000190734863,2.436000108718872,2.384000062942505,2.3359999656677246,2.2960000038146973,2.2960000038146973,2.252000093460083,2.2279999256134033,2.196000099182129,2.1480000019073486,2.1080000400543213,2.0840001106262207,2.058000087738037,2.0199999809265137,1.9859999418258667,1.965999960899353,1.937999963760376,1.937999963760376,1.9140000343322754,1.9019999504089355,1.8940000534057617,1.8839999437332153,1.8639999628067017,1.8480000495910645,1.8320000171661377,1.8079999685287476,1.8079999685287476,1.7860000133514404,1.7619999647140503,1.7380000352859497,1.718000054359436,1.6959999799728394,1.6779999732971191,1.6579999923706055,1.5140000581741333,1.5140000581741333,1.5140000581741333,1.4980000257492065,1.4980000257492065,1.4859999418258667,1.4739999771118164,inf,inf,inf,inf,inf,1.4040000438690186,1.4040000438690186,1.4040000438690186,1.4040000438690186,1.4040000438690186,...,47.0,47.0,47.0,47.0,47.0,47.0,47.0,47.0,47.0,47.0,47.0,47.0,47.0,47.0,47.0,47.0,47.0,47.0,0.0,0.0,0.0,0.0,0.0,0.0,0.0,0.0,0.0,0.0,0.0,0.0,0.0,0.0,0.0,0.0,0.0,0.0,0.0,0.0,0.0,0.0,0.0,0.0,0.0,0.0,0.0,0.0,0.0,0.0,0.0,0.0,0.0,0.0,0.0,0.0,0.0,0.0,0.0,0.0,0.0,0.0,0.0,0.0,0.0,0.0,0.0,0.0,0.0,0.0,0.0,0.0,0.0,0.0,0.0,0.0,0.0,0.0,0.0,0.0,0.0,0.0,0.0,0.0,0.0,0.0,0.0,0.0,0.0,0.0,0.0,47.0,47.0,47.0,47.0,47.0,0.0,0.0,0.0,0.0,0.0,0.0,0.0,0.0,0.0,0.0,0.0,0.0,0.0,0.0,0.0,0.0,0.0,0.0,0.0,0.0,0.0,0.0,0.0,0.0,0.0,0.0,0.0,0.0,0.0,0.0,0.0,0.0,0.0,0.0,...
1763030777,182001841,laser,-3.1241390705108643,3.1415927410125732,0.0034828970674425364,5.3809279052075e-05,0.09680289775133133,0.15000000596046448,16.0,2.5199999809265137,2.5320000648498535,2.5320000648498535,2.5320000648498535,2.5320000648498535,2.5360000133514404,2.5360000133514404,2.5320000648498535,2.5320000648498535,2.5320000648498535,2.5320000648498535,2.5320000648498535,2.5320000648498535,2.5320000648498535,2.5320000648498535,2.5320000648498535,2.5320000648498535,2.5320000648498535,2.5320000648498535,2.5360000133514404,2.5360000133514404,2.5360000133514404,2.5320000648498535,2.5320000648498535,2.5320000648498535,2.5320000648498535,2.5320000648498535,2.5320000648498535,2.5360000133514404,2.5360000133514404,2.5360000133514404,2.5360000133514404,2.5360000133514404,2.5360000133514404,2.5320000648498535,2.5360000133514404,2.5360000133514404,2.5360000133514404,2.5399999618530273,2.5439999103546143,2.5439999103546143,2.5399999618530273,2.5439999103546143,2.5360000133514404,2.5360000133514404,2.5160000324249268,2.5160000324249268,2.5199999809265137,2.5160000324249268,2.5280001163482666,2.5439999103546143,2.5439999103546143,2.552000045776367,2.552000045776367,2.555999994277954,2.5480000972747803,3.747999906539917,3.747999906539917,3.747999906539917,3.740000009536743,3.740000009536743,3.740000009536743,3.74399995803833,3.747999906539917,3.747999906539917,3.752000093460083,2.884000062942505,2.884000062942505,2.884000062942505,2.884000062942505,2.819999933242798,2.752000093460083,2.752000093460083,2.6440000534057617,2.6440000534057617,2.5920000076293945,2.5360000133514404,2.4839999675750732,2.436000108718872,2.384000062942505,2.3359999656677246,2.2960000038146973,2.252000093460083,2.252000093460083,2.196000099182129,2.196000099182129,2.1480000019073486,2.1080000400543213,2.0840001106262207,2.055999994277954,2.0199999809265137,1.9880000352859497,1.972000002861023,1.9539999961853027,1.9539999961853027,1.934000015258789,1.9240000247955322,1.9140000343322754,1.8980000019073486,1.8760000467300415,1.8539999723434448,1.8320000171661377,1.8079999685287476,1.8079999685287476,1.784000039100647,1.7599999904632568,1.7380000352859497,1.715999960899353,1.6959999799728394,1.6779999732971191,1.6579999923706055,1.5080000162124634,1.5080000162124634,1.4980000257492065,1.4980000257492065,1.4980000257492065,1.4859999418258667,1.4739999771118164,inf,inf,inf,inf,1.406000018119812,1.406000018119812,1.406000018119812,1.406000018119812,1.406000018119812,1.3960000276565552,...,47.0,47.0,47.0,47.0,47.0,47.0,47.0,47.0,47.0,47.0,47.0,47.0,47.0,47.0,47.0,47.0,47.0,0.0,0.0,0.0,0.0,0.0,0.0,0.0,0.0,0.0,0.0,0.0,0.0,0.0,0.0,0.0,0.0,0.0,0.0,0.0,0.0,0.0,0.0,0.0,0.0,0.0,0.0,0.0,0.0,0.0,0.0,0.0,0.0,0.0,0.0,0.0,0.0,0.0,0.0,0.0,0.0,0.0,0.0,0.0,0.0,0.0,0.0,0.0,0.0,0.0,0.0,0.0,0.0,0.0,0.0,0.0,0.0,0.0,0.0,0.0,0.0,0.0,0.0,0.0,0.0,0.0,0.0,0.0,0.0,0.0,0.0,0.0,0.0,0.0,0.0,0.0,0.0,0.0,0.0,0.0,0.0,0.0,0.0,0.0,0.0,0.0,0.0,0.0,0.0,47.0,47.0,47.0,47.0,47.0,0.0,0.0,0.0,0.0,0.0,0.0,0.0,0.0,0.0,0.0,0.0,0.0,0.0,0.0,47.0,47.0,47.0,47.0,...
1763030777,280478764,laser,-3.1241390705108643,3.1415927410125732,0.0034828970674425364,5.365075048757717e-05,0.09651769697666168,0.15000000596046448,16.0,2.5239999294281006,2.5320000648498535,2.5320000648498535,2.5320000648498535,2.5320000648498535,2.5320000648498535,2.5320000648498535,2.5320000648498535,2.5320000648498535,2.5320000648498535,2.5320000648498535,2.5320000648498535,2.5320000648498535,2.5320000648498535,2.5320000648498535,2.5320000648498535,2.5320000648498535,2.5320000648498535,2.5320000648498535,2.5360000133514404,2.5360000133514404,2.5360000133514404,2.5320000648498535,2.5320000648498535,2.5320000648498535,2.5320000648498535,2.5320000648498535,2.5320000648498535,2.5320000648498535,2.5360000133514404,2.5360000133514404,2.5360000133514404,2.5360000133514404,2.5360000133514404,2.5320000648498535,2.5360000133514404,2.5360000133514404,2.5360000133514404,2.5399999618530273,2.5399999618530273,2.5399999618530273,2.5399999618530273,2.5439999103546143,2.552000045776367,2.5360000133514404,2.5360000133514404,2.5160000324249268,2.5199999809265137,2.5160000324249268,2.5199999809265137,2.5360000133514404,2.5480000972747803,2.552000045776367,2.552000045776367,2.555999994277954,2.552000045776367,3.7679998874664307,3.7679998874664307,3.7679998874664307,3.740000009536743,3.7360000610351562,3.740000009536743,3.747999906539917,3.747999906539917,3.752000093460083,3.752000093460083,2.888000011444092,2.888000011444092,2.888000011444092,2.8239998817443848,2.8239998817443848,2.7679998874664307,2.7079999446868896,2.6480000019073486,2.611999988555908,2.611999988555908,2.4839999675750732,2.4839999675750732,2.436000108718872,2.3919999599456787,2.3559999465942383,2.2799999713897705,2.200000047683716,2.200000047683716,2.200000047683716,2.1519999504089355,2.115999937057495,2.115999937057495,2.0920000076293945,2.055999994277954,2.0280001163482666,2.003999948501587,1.9800000190734863,1.9459999799728394,1.9259999990463257,1.9160000085830688,1.9160000085830688,1.906000018119812,1.8940000534057617,1.8739999532699585,1.8539999723434448,1.8320000171661377,1.812000036239624,1.7879999876022339,1.7619999647140503,1.7619999647140503,1.7259999513626099,1.7259999513626099,1.7039999961853027,1.6820000410079956,1.659999966621399,1.6360000371932983,1.5199999809265137,1.5199999809265137,1.5019999742507935,1.4859999418258667,1.4739999771118164,1.4739999771118164,inf,inf,1.4140000343322754,1.4140000343322754,1.4140000343322754,1.4140000343322754,1.4140000343322754,1.399999976158142,1.399999976158142,1.399999976158142,...,47.0,47.0,47.0,47.0,47.0,47.0,47.0,47.0,47.0,47.0,47.0,47.0,47.0,47.0,0.0,0.0,0.0,0.0,47.0,47.0,47.0,47.0,47.0,0.0,0.0,0.0,0.0,0.0,0.0,0.0,0.0,0.0,0.0,0.0,0.0,0.0,0.0,0.0,0.0,0.0,0.0,0.0,0.0,0.0,0.0,0.0,0.0,0.0,0.0,0.0,0.0,0.0,0.0,0.0,0.0,0.0,0.0,0.0,0.0,0.0,0.0,0.0,0.0,0.0,0.0,0.0,0.0,0.0,0.0,0.0,0.0,0.0,0.0,0.0,0.0,0.0,0.0,0.0,0.0,0.0,0.0,0.0,0.0,0.0,0.0,0.0,0.0,0.0,0.0,47.0,47.0,47.0,47.0,47.0,0.0,0.0,0.0,0.0,0.0,0.0,0.0,0.0,0.0,0.0,0.0,0.0,0.0,0.0,0.0,0.0,0.0,0.0,0.0,0.0,0.0,0.0,0.0,0.0,0.0,0.0,0.0,0.0,0.0,0.0,47.0,47.0,47.0,47.0,...
1763030777,378495438,laser,-3.1241390705108643,3.1415927410125732,0.0034828970674425364,5.378263085731305e-05,0.09675495326519012,0.15000000596046448,16.0,2.5360000133514404,2.5360000133514404,2.5320000648498535,2.5320000648498535,2.5320000648498535,2.5320000648498535,2.5320000648498535,2.5320000648498535,2.5320000648498535,2.5320000648498535,2.5320000648498535,2.5320000648498535,2.5320000648498535,2.5320000648498535,2.5320000648498535,2.5320000648498535,2.5320000648498535,2.5320000648498535,2.5320000648498535,2.5360000133514404,2.5360000133514404,2.5320000648498535,2.5320000648498535,2.5320000648498535,2.5320000648498535,2.5320000648498535,2.5320000648498535,2.5360000133514404,2.5360000133514404,2.5360000133514404,2.5360000133514404,2.5360000133514404,2.5360000133514404,2.5360000133514404,2.5320000648498535,2.5360000133514404,2.5360000133514404,2.5399999618530273,2.5399999618530273,2.5399999618530273,2.5399999618530273,2.5399999618530273,2.5399999618530273,2.5480000972747803,2.5320000648498535,2.5160000324249268,2.5199999809265137,2.5199999809265137,2.5160000324249268,2.5199999809265137,2.5320000648498535,2.5439999103546143,2.552000045776367,2.555999994277954,2.555999994277954,2.555999994277954,3.7880001068115234,3.7880001068115234,3.7880001068115234,3.740000009536743,3.7360000610351562,3.74399995803833,3.747999906539917,3.74399995803833,3.74399995803833,3.74399995803833,2.931999921798706,2.931999921798706,2.931999921798706,2.931999921798706,2.868000030517578,2.7920000553131104,2.7279999256134033,2.6640000343322754,2.611999988555908,2.563999891281128,2.5199999809265137,2.5199999809265137,2.4760000705718994,2.4159998893737793,2.368000030517578,2.328000068664551,2.299999952316284,2.187999963760376,2.187999963760376,2.187999963760376,2.131999969482422,2.0999999046325684,2.0999999046325684,2.072000026702881,2.0320000648498535,2.00600004196167,1.9819999933242798,1.9479999542236328,1.9119999408721924,1.8940000534057617,1.8880000114440918,1.8760000467300415,1.8680000305175781,1.8559999465942383,1.8559999465942383,1.8339999914169312,1.815999984741211,1.7979999780654907,1.7740000486373901,1.75,1.7300000190734863,1.7100000381469727,1.690000057220459,1.690000057220459,1.6660000085830688,1.6460000276565552,1.50600004196167,1.4980000257492065,1.4980000257492065,1.4980000257492065,1.4880000352859497,inf,inf,inf,inf,1.399999976158142,1.399999976158142,1.399999976158142,1.399999976158142,1.399999976158142,1.3860000371932983,1.3860000371932983,...,47.0,47.0,47.0,47.0,47.0,47.0,47.0,47.0,47.0,47.0,47.0,47.0,47.0,47.0,47.0,47.0,0.0,0.0,0.0,0.0,0.0,0.0,0.0,0.0,0.0,0.0,0.0,0.0,0.0,0.0,0.0,0.0,0.0,0.0,0.0,0.0,0.0,0.0,0.0,0.0,0.0,0.0,0.0,0.0,0.0,0.0,0.0,0.0,0.0,0.0,0.0,0.0,0.0,0.0,0.0,0.0,0.0,0.0,0.0,0.0,0.0,0.0,0.0,0.0,0.0,0.0,0.0,0.0,0.0,0.0,0.0,0.0,0.0,0.0,0.0,0.0,0.0,0.0,0.0,0.0,0.0,0.0,0.0,0.0,0.0,0.0,0.0,0.0,0.0,0.0,0.0,0.0,0.0,0.0,0.0,0.0,0.0,0.0,0.0,0.0,0.0,0.0,0.0,0.0,0.0,0.0,0.0,0.0,0.0,0.0,0.0,0.0,0.0,0.0,0.0,0.0,0.0,0.0,0.0,0.0,0.0,0.0,0.0,0.0,0.0,0.0,0.0,0.0,...
1763030777,477039935,laser,-3.1241390705108643,3.1415927410125732,0.0034828970674425364,5.70579431951046e-05,0.10264723747968674,0.15000000596046448,16.0,2.5360000133514404,2.5320000648498535,2.5320000648498535,2.5320000648498535,2.5320000648498535,2.5360000133514404,2.5320000648498535,2.5320000648498535,2.5320000648498535,2.5320000648498535,2.5320000648498535,2.5320000648498535,2.5320000648498535,2.5320000648498535,2.5320000648498535,2.5320000648498535,2.5320000648498535,2.5320000648498535,2.5320000648498535,2.5320000648498535,2.5360000133514404,2.5320000648498535,2.5320000648498535,2.5320000648498535,2.5320000648498535,2.5320000648498535,2.5320000648498535,2.5320000648498535,2.5360000133514404,2.5360000133514404,2.5360000133514404,2.5360000133514404,2.5360000133514404,2.5360000133514404,2.5320000648498535,2.5320000648498535,2.5360000133514404,2.5399999618530273,2.5439999103546143,2.5439999103546143,2.5439999103546143,2.5399999618530273,2.5439999103546143,2.5480000972747803,2.5480000972747803,2.5320000648498535,2.5160000324249268,2.5199999809265137,2.5199999809265137,2.5199999809265137,2.5360000133514404,2.552000045776367,2.552000045776367,2.552000045776367,2.555999994277954,2.552000045776367,3.752000093460083,3.752000093460083,3.752000093460083,3.740000009536743,3.7360000610351562,3.7360000610351562,3.740000009536743,3.747999906539917,3.747999906539917,3.752000093460083,2.888000011444092,2.888000011444092,2.888000011444092,2.8320000171661377,2.8320000171661377,2.7760000228881836,2.7119998931884766,2.6480000019073486,2.611999988555908,2.611999988555908,2.496000051498413,2.496000051498413,2.444000005722046,2.384000062942505,2.3480000495910645,2.312000036239624,2.2880001068115234,2.196000099182129,2.196000099182129,2.1600000858306885,2.1600000858306885,2.124000072479248,2.0959999561309814,2.063999891281128,2.0260000228881836,1.99399995803833,1.9700000286102295,1.9459999799728394,1.9119999408721924,1.9119999408721924,1.8739999532699585,1.8739999532699585,1.8600000143051147,1.8480000495910645,1.8459999561309814,1.8320000171661377,1.812000036239624,1.7920000553131104,1.7719999551773071,1.7719999551773071,1.7280000448226929,1.7280000448226929,1.7079999446868896,1.687999963760376,1.6660000085830688,1.6419999599456787,1.5260000228881836,1.5260000228881836,1.50600004196167,1.4919999837875366,1.468000054359436,inf,inf,inf,1.437999963760376,1.437999963760376,1.437999963760376,1.437999963760376,1.437999963760376,1.4140000343322754,1.4140000343322754,1.4140000343322754,...,47.0,47.0,47.0,47.0,47.0,47.0,47.0,47.0,47.0,47.0,47.0,47.0,47.0,47.0,47.0,0.0,0.0,0.0,0.0,0.0,0.0,0.0,0.0,0.0,0.0,0.0,0.0,0.0,0.0,0.0,0.0,0.0,0.0,0.0,0.0,0.0,0.0,0.0,0.0,0.0,0.0,0.0,0.0,0.0,0.0,0.0,0.0,0.0,0.0,0.0,0.0,0.0,0.0,0.0,0.0,0.0,0.0,0.0,0.0,0.0,0.0,0.0,0.0,0.0,0.0,0.0,0.0,0.0,0.0,0.0,0.0,0.0,0.0,0.0,0.0,0.0,0.0,0.0,0.0,0.0,0.0,0.0,0.0,0.0,0.0,0.0,0.0,0.0,0.0,0.0,0.0,0.0,0.0,0.0,0.0,0.0,0.0,0.0,0.0,0.0,0.0,0.0,0.0,0.0,0.0,0.0,0.0,0.0,0.0,0.0,0.0,0.0,0.0,0.0,0.0,0.0,0.0,0.0,0.0,0.0,0.0,0.0,0.0,0.0,0.0,0.0,0.0,0.0,...
1763030777,581165627,laser,-3.1241390705108643,3.1415927410125732,0.0034828970674425364,5.381672235671431e-05,0.0968162789940834,0.15000000596046448,16.0,2.5239999294281006,2.5360000133514404,2.5320000648498535,2.5320000648498535,2.5320000648498535,2.5360000133514404,2.5360000133514404,2.5320000648498535,2.5320000648498535,2.5320000648498535,2.5320000648498535,2.5320000648498535,2.5320000648498535,2.5320000648498535,2.5320000648498535,2.5320000648498535,2.5320000648498535,2.5320000648498535,2.5320000648498535,2.5360000133514404,2.5360000133514404,2.5360000133514404,2.5320000648498535,2.5320000648498535,2.5320000648498535,2.5320000648498535,2.5320000648498535,2.5360000133514404,2.5360000133514404,2.5360000133514404,2.5360000133514404,2.5360000133514404,2.5360000133514404,2.5360000133514404,2.5320000648498535,2.5360000133514404,2.5360000133514404,2.5360000133514404,2.5399999618530273,2.5439999103546143,2.5439999103546143,2.5399999618530273,2.5439999103546143,2.5480000972747803,2.5320000648498535,2.5160000324249268,2.5160000324249268,2.5199999809265137,2.5199999809265137,2.5199999809265137,2.5360000133514404,2.5480000972747803,2.552000045776367,2.555999994277954,2.555999994277954,2.552000045776367,3.75600004196167,3.75600004196167,3.75600004196167,3.7360000610351562,3.7320001125335693,3.740000009536743,3.747999906539917,3.74399995803833,3.747999906539917,3.747999906539917,2.9079999923706055,2.9079999923706055,2.9079999923706055,2.9079999923706055,2.859999895095825,2.7960000038146973,2.7239999771118164,2.6600000858306885,2.611999988555908,2.563999891281128,2.507999897003174,2.4519999027252197,2.4000000953674316,2.368000030517578,2.319999933242798,2.319999933242798,2.2920000553131104,2.187999963760376,2.187999963760376,2.184000015258789,2.131999969482422,2.0999999046325684,2.0759999752044678,2.0480000972747803,2.0179998874664307,1.9859999418258667,1.9859999418258667,1.9600000381469727,1.937999963760376,1.9259999990463257,1.9199999570846558,1.9079999923706055,1.8940000534057617,1.8739999532699585,1.850000023841858,1.8300000429153442,1.8300000429153442,1.8020000457763672,1.777999997138977,1.75600004196167,1.7319999933242798,1.7100000381469727,1.694000005722046,1.6759999990463257,1.656000018119812,1.5080000162124634,1.4980000257492065,1.4980000257492065,1.4980000257492065,1.4980000257492065,1.4859999418258667,1.4759999513626099,inf,inf,inf,1.409999966621399,1.409999966621399,1.409999966621399,1.409999966621399,1.409999966621399,1.399999976158142,1.399999976158142,...,47.0,47.0,47.0,47.0,47.0,47.0,47.0,47.0,47.0,47.0,47.0,47.0,47.0,47.0,47.0,47.0,0.0,0.0,0.0,0.0,0.0,0.0,0.0,0.0,0.0,0.0,0.0,0.0,0.0,0.0,0.0,0.0,0.0,0.0,0.0,0.0,0.0,0.0,0.0,0.0,0.0,0.0,0.0,0.0,0.0,0.0,0.0,0.0,0.0,0.0,0.0,0.0,0.0,0.0,0.0,0.0,0.0,0.0,0.0,0.0,0.0,0.0,0.0,0.0,0.0,0.0,0.0,0.0,0.0,0.0,0.0,0.0,0.0,0.0,0.0,0.0,0.0,0.0,0.0,0.0,0.0,0.0,0.0,0.0,0.0,0.0,0.0,0.0,0.0,0.0,47.0,47.0,47.0,47.0,47.0,0.0,0.0,0.0,0.0,0.0,0.0,0.0,0.0,0.0,0.0,0.0,0.0,0.0,0.0,0.0,0.0,0.0,0.0,0.0,0.0,0.0,0.0,0.0,0.0,0.0,0.0,0.0,0.0,0.0,0.0,47.0,47.0,47.0,...
1763030777,679599039,laser,-3.1241390705108643,3.1415927410125732,0.0034828970674425364,5.367866106098518e-05,0.09656791388988495,0.15000000596046448,16.0,2.5360000133514404,2.5320000648498535,2.5320000648498535,2.5320000648498535,2.5320000648498535,2.5320000648498535,2.5360000133514404,2.5320000648498535,2.5320000648498535,2.5320000648498535,2.5320000648498535,2.5320000648498535,2.5320000648498535,2.5320000648498535,2.5320000648498535,2.5360000133514404,2.5320000648498535,2.5280001163482666,2.5320000648498535,2.5360000133514404,2.5360000133514404,2.5360000133514404,2.5320000648498535,2.5320000648498535,2.5320000648498535,2.5320000648498535,2.5320000648498535,2.5360000133514404,2.5360000133514404,2.5360000133514404,2.5360000133514404,2.5360000133514404,2.5360000133514404,2.5360000133514404,2.5320000648498535,2.5360000133514404,2.5399999618530273,2.5399999618530273,2.5399999618530273,2.5439999103546143,2.5439999103546143,2.5399999618530273,2.5439999103546143,2.5439999103546143,2.5439999103546143,2.5280001163482666,2.5160000324249268,2.5199999809265137,2.5199999809265137,2.5199999809265137,2.5360000133514404,2.552000045776367,2.552000045776367,2.552000045776367,2.555999994277954,2.552000045776367,3.75600004196167,3.75600004196167,3.740000009536743,3.740000009536743,3.7320001125335693,3.740000009536743,3.747999906539917,3.747999906539917,3.747999906539917,3.752000093460083,2.9079999923706055,2.9079999923706055,2.864000082015991,2.864000082015991,2.864000082015991,2.7960000038146973,2.7239999771118164,2.6640000343322754,2.615999937057495,2.563999891281128,2.507999897003174,2.507999897003174,2.4000000953674316,2.368000030517578,2.368000030517578,2.3320000171661377,2.303999900817871,2.200000047683716,2.187999963760376,2.187999963760376,2.135999917984009,2.0999999046325684,2.0759999752044678,2.0480000972747803,2.0160000324249268,1.9900000095367432,1.9900000095367432,1.9639999866485596,1.937999963760376,1.9240000247955322,1.9140000343322754,1.899999976158142,1.8880000114440918,1.8680000305175781,1.850000023841858,1.8320000171661377,1.8320000171661377,1.8079999685287476,1.781999945640564,1.7580000162124634,1.7380000352859497,1.718000054359436,1.6979999542236328,1.6799999475479126,1.659999966621399,1.6299999952316284,1.5180000066757202,1.5019999742507935,1.5019999742507935,1.4880000352859497,1.4759999513626099,1.4759999513626099,1.4620000123977661,1.4620000123977661,inf,1.3960000276565552,1.3960000276565552,1.3960000276565552,1.3960000276565552,1.3960000276565552,1.3819999694824219,1.3819999694824219,...,47.0,47.0,47.0,47.0,47.0,47.0,47.0,47.0,47.0,47.0,47.0,47.0,47.0,47.0,47.0,47.0,47.0,47.0,47.0,47.0,47.0,47.0,0.0,0.0,0.0,0.0,0.0,0.0,0.0,0.0,0.0,0.0,0.0,0.0,0.0,0.0,0.0,0.0,0.0,0.0,0.0,0.0,0.0,0.0,0.0,0.0,0.0,0.0,0.0,0.0,0.0,0.0,0.0,0.0,0.0,0.0,0.0,0.0,0.0,0.0,0.0,0.0,0.0,0.0,0.0,0.0,0.0,0.0,0.0,0.0,0.0,0.0,0.0,0.0,0.0,0.0,0.0,0.0,0.0,0.0,0.0,0.0,0.0,0.0,0.0,0.0,0.0,0.0,0.0,0.0,0.0,47.0,47.0,47.0,47.0,47.0,0.0,0.0,0.0,0.0,0.0,0.0,0.0,0.0,0.0,0.0,0.0,0.0,0.0,0.0,0.0,0.0,0.0,0.0,0.0,0.0,0.0,0.0,0.0,0.0,0.0,0.0,0.0,0.0,0.0,0.0,0.0,0.0,...
1763030777,777760434,laser,-3.1241390705108643,3.1415927410125732,0.0034828970674425364,5.713797872886062e-05,0.10279122740030289,0.15000000596046448,16.0,2.5360000133514404,2.5360000133514404,2.5320000648498535,2.5320000648498535,2.5320000648498535,2.5360000133514404,2.5320000648498535,2.5320000648498535,2.5320000648498535,2.5320000648498535,2.5320000648498535,2.5320000648498535,2.5320000648498535,2.5320000648498535,2.5320000648498535,2.5360000133514404,2.5320000648498535,2.5280001163482666,2.5320000648498535,2.5320000648498535,2.5320000648498535,2.5360000133514404,2.5320000648498535,2.5320000648498535,2.5320000648498535,2.5320000648498535,2.5320000648498535,2.5320000648498535,2.5360000133514404,2.5360000133514404,2.5360000133514404,2.5360000133514404,2.5360000133514404,2.5360000133514404,2.5320000648498535,2.5320000648498535,2.5360000133514404,2.5399999618530273,2.5399999618530273,2.5439999103546143,2.5439999103546143,2.5399999618530273,2.5439999103546143,2.5439999103546143,2.5280001163482666,2.5160000324249268,2.5160000324249268,2.5199999809265137,2.5199999809265137,2.5199999809265137,2.5320000648498535,2.5480000972747803,2.552000045776367,2.555999994277954,2.555999994277954,2.555999994277954,3.7760000228881836,3.7760000228881836,3.740000009536743,3.740000009536743,3.7360000610351562,3.740000009536743,3.747999906539917,3.74399995803833,3.747999906539917,3.747999906539917,2.9240000247955322,2.864000082015991,2.864000082015991,2.864000082015991,2.864000082015991,2.799999952316284,2.7279999256134033,2.671999931335449,2.624000072479248,2.563999891281128,2.5239999294281006,2.4079999923706055,2.4079999923706055,2.368000030517578,2.3320000171661377,2.299999952316284,2.299999952316284,2.187999963760376,2.187999963760376,2.187999963760376,2.135999917984009,2.1040000915527344,2.0759999752044678,2.0480000972747803,2.0160000324249268,1.9880000352859497,1.9559999704360962,1.9240000247955322,1.9019999504089355,1.9019999504089355,1.8839999437332153,1.8739999532699585,1.8619999885559082,1.8480000495910645,1.8420000076293945,1.8300000429153442,1.809999942779541,1.784000039100647,1.7619999647140503,1.7619999647140503,1.746000051498413,1.7239999771118164,1.7020000219345093,1.684000015258789,1.6640000343322754,1.6419999599456787,1.5260000228881836,1.50600004196167,1.50600004196167,1.49399995803833,1.4700000286102295,inf,1.4320000410079956,1.4320000410079956,1.4320000410079956,1.4320000410079956,1.4320000410079956,1.4019999504089355,1.4019999504089355,1.4019999504089355,1.3899999856948853,1.3899999856948853,...,47.0,47.0,47.0,47.0,47.0,47.0,47.0,47.0,47.0,47.0,47.0,47.0,47.0,47.0,47.0,47.0,0.0,0.0,0.0,0.0,0.0,0.0,0.0,0.0,0.0,0.0,0.0,0.0,0.0,0.0,0.0,0.0,0.0,0.0,0.0,0.0,0.0,0.0,0.0,0.0,0.0,0.0,0.0,0.0,0.0,0.0,0.0,0.0,0.0,0.0,0.0,0.0,0.0,0.0,0.0,0.0,0.0,0.0,0.0,0.0,0.0,0.0,0.0,0.0,0.0,0.0,0.0,0.0,0.0,0.0,0.0,0.0,0.0,0.0,0.0,0.0,0.0,0.0,0.0,0.0,0.0,0.0,0.0,0.0,0.0,0.0,0.0,0.0,0.0,0.0,0.0,0.0,0.0,0.0,0.0,0.0,0.0,0.0,0.0,0.0,0.0,0.0,0.0,0.0,0.0,0.0,0.0,0.0,0.0,0.0,0.0,0.0,0.0,0.0,0.0,0.0,0.0,0.0,0.0,0.0,0.0,0.0,0.0,0.0,0.0,0.0,0.0,0.0,...
1763030777,882497631,laser,-3.1241390705108643,3.1415927410125732,0.0034828970674425364,5.35349317942746e-05,0.09630934149026871,0.15000000596046448,16.0,2.5360000133514404,2.5320000648498535,2.5320000648498535,2.5320000648498535,2.5320000648498535,2.5360000133514404,2.5320000648498535,2.5320000648498535,2.5320000648498535,2.5320000648498535,2.5320000648498535,2.5320000648498535,2.5320000648498535,2.5320000648498535,2.5320000648498535,2.5360000133514404,2.5320000648498535,2.5280001163482666,2.5320000648498535,2.5360000133514404,2.5360000133514404,2.5360000133514404,2.5320000648498535,2.5320000648498535,2.5320000648498535,2.5320000648498535,2.5320000648498535,2.5360000133514404,2.5360000133514404,2.5360000133514404,2.5360000133514404,2.5360000133514404,2.5360000133514404,2.5360000133514404,2.5320000648498535,2.5360000133514404,2.5399999618530273,2.5399999618530273,2.5399999618530273,2.5439999103546143,2.5439999103546143,2.5399999618530273,2.5439999103546143,2.5439999103546143,2.5360000133514404,2.5199999809265137,2.5160000324249268,2.5199999809265137,2.5199999809265137,2.5199999809265137,2.5360000133514404,2.5480000972747803,2.5480000972747803,2.552000045776367,2.555999994277954,2.555999994277954,3.759999990463257,3.759999990463257,3.759999990463257,3.740000009536743,3.7320001125335693,3.740000009536743,3.747999906539917,3.747999906539917,3.747999906539917,3.752000093460083,2.9119999408721924,2.9119999408721924,2.9119999408721924,2.8519999980926514,2.8519999980926514,2.799999952316284,2.7279999256134033,2.6600000858306885,2.615999937057495,2.568000078201294,2.5199999809265137,2.4719998836517334,2.4719998836517334,2.368000030517578,2.368000030517578,2.3320000171661377,2.299999952316284,2.2039999961853027,2.2039999961853027,2.187999963760376,2.140000104904175,2.1040000915527344,2.0759999752044678,2.049999952316284,2.049999952316284,1.9859999418258667,1.9620000123977661,1.9620000123977661,1.9299999475479126,1.9040000438690186,1.8839999437332153,1.8739999532699585,1.8639999628067017,1.8539999723434448,1.8480000495910645,1.8300000429153442,1.8079999685287476,1.8079999685287476,1.7879999876022339,1.7660000324249268,1.74399995803833,1.722000002861023,1.7020000219345093,1.684000015258789,1.6619999408721924,1.6419999599456787,1.5119999647140503,1.5119999647140503,1.5019999742507935,1.4900000095367432,1.4700000286102295,inf,inf,inf,inf,inf,1.4019999504089355,1.4019999504089355,1.4019999504089355,1.4019999504089355,1.4019999504089355,1.3880000114440918,...,47.0,47.0,47.0,47.0,47.0,47.0,47.0,47.0,47.0,47.0,47.0,47.0,47.0,47.0,47.0,47.0,0.0,0.0,0.0,0.0,0.0,0.0,0.0,0.0,0.0,0.0,0.0,0.0,0.0,0.0,0.0,0.0,0.0,0.0,0.0,0.0,0.0,0.0,0.0,0.0,0.0,0.0,0.0,0.0,0.0,0.0,0.0,0.0,0.0,0.0,0.0,0.0,0.0,0.0,0.0,0.0,0.0,0.0,0.0,0.0,0.0,0.0,0.0,0.0,0.0,0.0,0.0,0.0,0.0,0.0,0.0,0.0,0.0,0.0,0.0,0.0,0.0,0.0,0.0,0.0,0.0,0.0,0.0,0.0,0.0,0.0,0.0,0.0,0.0,0.0,0.0,0.0,0.0,0.0,0.0,0.0,0.0,0.0,0.0,0.0,0.0,0.0,0.0,0.0,0.0,0.0,0.0,0.0,0.0,0.0,0.0,0.0,0.0,0.0,0.0,0.0,0.0,0.0,0.0,0.0,0.0,0.0,0.0,0.0,0.0,0.0,0.0,0.0,...
1763030777,980660855,laser,-3.1241390705108643,3.1415927410125732,0.0034828970674425364,5.698490349459462e-05,0.10251584649085999,0.15000000596046448,16.0,2.5360000133514404,2.5360000133514404,2.5360000133514404,2.5320000648498535,2.5320000648498535,2.5360000133514404,2.5320000648498535,2.5320000648498535,2.5320000648498535,2.5320000648498535,2.5320000648498535,2.5320000648498535,2.5320000648498535,2.5320000648498535,2.5320000648498535,2.5320000648498535,2.5320000648498535,2.5280001163482666,2.5280001163482666,2.5320000648498535,2.5360000133514404,2.5360000133514404,2.5320000648498535,2.5320000648498535,2.5320000648498535,2.5320000648498535,2.5320000648498535,2.5320000648498535,2.5360000133514404,2.5360000133514404,2.5360000133514404,2.5360000133514404,2.5360000133514404,2.5360000133514404,2.5360000133514404,2.5320000648498535,2.5360000133514404,2.5360000133514404,2.5399999618530273,2.5439999103546143,2.5439999103546143,2.5399999618530273,2.5399999618530273,2.5480000972747803,2.5360000133514404,2.5160000324249268,2.5199999809265137,2.5199999809265137,2.5160000324249268,2.5199999809265137,2.5320000648498535,2.5480000972747803,2.552000045776367,2.555999994277954,2.555999994277954,2.555999994277954,3.7880001068115234,3.740000009536743,3.740000009536743,3.740000009536743,3.7360000610351562,3.74399995803833,3.747999906539917,3.747999906539917,3.747999906539917,3.747999906539917,3.747999906539917,2.880000114440918,2.880000114440918,2.880000114440918,2.880000114440918,2.8239998817443848,2.671999931335449,2.671999931335449,2.640000104904175,2.5920000076293945,2.5360000133514404,2.4800000190734863,2.440000057220459,2.3320000171661377,2.2920000553131104,2.2920000553131104,2.25600004196167,2.2320001125335693,2.191999912261963,2.1480000019073486,2.1480000019073486,2.1080000400543213,2.0799999237060547,2.052000045776367,2.0160000324249268,1.996000051498413,1.9780000448226929,1.9520000219345093,1.9279999732971191,1.9140000343322754,1.9140000343322754,1.906000018119812,1.8960000276565552,1.8799999952316284,1.8660000562667847,1.840000033378601,1.8179999589920044,1.7940000295639038,1.7680000066757202,1.746000051498413,1.7280000448226929,1.7079999446868896,1.6859999895095825,1.6859999895095825,1.6640000343322754,1.6460000276565552,1.50600004196167,1.50600004196167,1.50600004196167,1.5,1.4880000352859497,1.4759999513626099,inf,inf,inf,1.4019999504089355,1.4019999504089355,1.4019999504089355,1.4019999504089355,1.4019999504089355,1.3940000534057617,1.3940000534057617,...,47.0,47.0,47.0,47.0,47.0,47.0,47.0,47.0,47.0,47.0,47.0,47.0,47.0,47.0,47.0,0.0,0.0,0.0,0.0,0.0,0.0,0.0,0.0,0.0,0.0,0.0,0.0,0.0,0.0,0.0,0.0,0.0,0.0,0.0,0.0,0.0,0.0,0.0,0.0,0.0,0.0,0.0,0.0,0.0,0.0,0.0,0.0,0.0,0.0,0.0,0.0,0.0,0.0,0.0,0.0,0.0,0.0,0.0,0.0,47.0,47.0,47.0,47.0,47.0,0.0,0.0,0.0,0.0,0.0,0.0,0.0,0.0,0.0,0.0,0.0,0.0,0.0,0.0,0.0,0.0,0.0,0.0,0.0,0.0,0.0,0.0,0.0,0.0,0.0,0.0,0.0,47.0,47.0,47.0,47.0,47.0,0.0,0.0,0.0,0.0,0.0,0.0,0.0,0.0,0.0,0.0,0.0,0.0,0.0,0.0,0.0,0.0,0.0,0.0,0.0,0.0,0.0,0.0,0.0,0.0,0.0,0.0,0.0,0.0,0.0,0.0,47.0,47.0,...
1763030778,84543556,laser,-3.1241390705108643,3.1415927410125732,0.0034828970674425364,5.7306675444124267e-05,0.10309470444917679,0.15000000596046448,16.0,2.5360000133514404,2.5320000648498535,2.5320000648498535,2.5320000648498535,2.5360000133514404,2.5360000133514404,2.5320000648498535,2.5320000648498535,2.5320000648498535,2.5320000648498535,2.5320000648498535,2.5320000648498535,2.5320000648498535,2.5320000648498535,2.5320000648498535,2.5360000133514404,2.5360000133514404,2.5320000648498535,2.5320000648498535,2.5360000133514404,2.5360000133514404,2.5360000133514404,2.5320000648498535,2.5320000648498535,2.5320000648498535,2.5320000648498535,2.5320000648498535,2.5360000133514404,2.5360000133514404,2.5360000133514404,2.5360000133514404,2.5360000133514404,2.5360000133514404,2.5360000133514404,2.5320000648498535,2.5360000133514404,2.5399999618530273,2.5399999618530273,2.5399999618530273,2.5439999103546143,2.5439999103546143,2.5399999618530273,2.5439999103546143,2.552000045776367,2.5360000133514404,2.5360000133514404,2.5199999809265137,2.5199999809265137,2.5199999809265137,2.5199999809265137,2.5360000133514404,2.5480000972747803,2.552000045776367,2.555999994277954,2.555999994277954,2.555999994277954,3.7880001068115234,3.7880001068115234,3.7880001068115234,3.740000009536743,3.7360000610351562,3.74399995803833,3.747999906539917,3.747999906539917,3.747999906539917,3.747999906539917,3.747999906539917,2.931999921798706,2.931999921798706,2.880000114440918,2.880000114440918,2.819999933242798,2.740000009536743,2.6760001182556152,2.640000104904175,2.5920000076293945,2.5360000133514404,2.4800000190734863,2.440000057220459,2.3359999656677246,2.3359999656677246,2.2960000038146973,2.2720000743865967,2.247999906539917,2.247999906539917,2.1480000019073486,2.1480000019073486,2.119999885559082,2.0999999046325684,2.068000078201294,2.0380001068115234,2.009999990463257,1.9819999933242798,1.9639999866485596,1.9520000219345093,1.934000015258789,1.9240000247955322,1.9240000247955322,1.9079999923706055,1.8899999856948853,1.8700000047683716,1.8459999561309814,1.8220000267028809,1.7960000038146973,1.7740000486373901,1.75600004196167,1.7319999933242798,1.7100000381469727,1.690000057220459,1.6720000505447388,1.6720000505447388,1.6519999504089355,1.5080000162124634,1.5080000162124634,1.5080000162124634,1.5,1.4859999418258667,1.4739999771118164,inf,inf,inf,inf,inf,1.4019999504089355,1.4019999504089355,1.4019999504089355,1.4019999504089355,1.4019999504089355,...,47.0,47.0,47.0,47.0,47.0,47.0,47.0,47.0,47.0,47.0,47.0,47.0,47.0,47.0,47.0,47.0,0.0,0.0,0.0,0.0,0.0,0.0,0.0,0.0,0.0,0.0,0.0,0.0,0.0,0.0,0.0,0.0,0.0,0.0,0.0,0.0,0.0,0.0,0.0,0.0,0.0,0.0,0.0,0.0,0.0,0.0,0.0,0.0,0.0,0.0,0.0,0.0,0.0,0.0,0.0,0.0,0.0,0.0,0.0,0.0,0.0,0.0,0.0,0.0,0.0,0.0,0.0,0.0,0.0,0.0,0.0,0.0,0.0,0.0,0.0,0.0,0.0,0.0,0.0,0.0,0.0,0.0,0.0,0.0,0.0,0.0,0.0,0.0,0.0,47.0,47.0,47.0,47.0,47.0,0.0,0.0,0.0,0.0,0.0,0.0,0.0,0.0,0.0,0.0,0.0,0.0,0.0,0.0,0.0,0.0,0.0,0.0,0.0,0.0,0.0,0.0,0.0,0.0,0.0,0.0,0.0,0.0,0.0,0.0,0.0,0.0,0.0,0.0,...
1763030778,189293150,laser,-3.1241390705108643,3.1415927410125732,0.0034828970674425364,5.366387631511316e-05,0.09654131531715393,0.15000000596046448,16.0,2.5199999809265137,2.5360000133514404,2.5360000133514404,2.5320000648498535,2.5320000648498535,2.5360000133514404,2.5320000648498535,2.5320000648498535,2.5320000648498535,2.5320000648498535,2.5320000648498535,2.5320000648498535,2.5320000648498535,2.5320000648498535,2.5320000648498535,2.5360000133514404,2.5360000133514404,2.5280001163482666,2.5280001163482666,2.5320000648498535,2.5360000133514404,2.5360000133514404,2.5320000648498535,2.5320000648498535,2.5320000648498535,2.5320000648498535,2.5320000648498535,2.5320000648498535,2.5360000133514404,2.5360000133514404,2.5360000133514404,2.5360000133514404,2.5360000133514404,2.5360000133514404,2.5320000648498535,2.5360000133514404,2.5360000133514404,2.5399999618530273,2.5399999618530273,2.5399999618530273,2.5439999103546143,2.5399999618530273,2.5399999618530273,2.5480000972747803,2.5360000133514404,2.5160000324249268,2.5199999809265137,2.5199999809265137,2.5199999809265137,2.5199999809265137,2.5360000133514404,2.5480000972747803,2.552000045776367,2.555999994277954,2.555999994277954,2.552000045776367,2.552000045776367,3.74399995803833,3.7360000610351562,3.7360000610351562,3.7360000610351562,3.7360000610351562,3.740000009536743,3.747999906539917,3.752000093460083,3.752000093460083,2.880000114440918,2.880000114440918,2.819999933242798,2.819999933242798,2.819999933242798,2.759999990463257,2.759999990463257,2.6519999504089355,2.6519999504089355,2.5999999046325684,2.5439999103546143,2.4839999675750732,2.440000057220459,2.3919999599456787,2.3519999980926514,2.315999984741211,2.2920000553131104,2.191999912261963,2.171999931335449,2.171999931335449,2.128000020980835,2.128000020980835,2.0999999046325684,2.0759999752044678,2.0460000038146973,2.0179998874664307,1.9859999418258667,1.9600000381469727,1.940000057220459,1.9279999732971191,1.9199999570846558,1.906000018119812,1.8899999856948853,1.871999979019165,1.8480000495910645,1.8480000495910645,1.8279999494552612,1.805999994277954,1.7799999713897705,1.75600004196167,1.7339999675750732,1.7139999866485596,1.7000000476837158,1.6820000410079956,1.6619999408721924,1.6319999694824219,1.5180000066757202,1.503999948501587,1.503999948501587,1.4880000352859497,1.4880000352859497,1.465999960899353,inf,inf,inf,1.3960000276565552,1.3960000276565552,1.3960000276565552,1.3960000276565552,1.3960000276565552,1.3819999694824219,1.3819999694824219,...,47.0,47.0,47.0,47.0,47.0,47.0,47.0,47.0,47.0,47.0,47.0,47.0,47.0,47.0,47.0,47.0,47.0,0.0,0.0,0.0,47.0,47.0,47.0,47.0,47.0,0.0,0.0,0.0,0.0,0.0,0.0,0.0,0.0,0.0,0.0,0.0,0.0,0.0,0.0,0.0,0.0,0.0,0.0,0.0,0.0,0.0,0.0,0.0,0.0,0.0,0.0,0.0,0.0,0.0,0.0,0.0,0.0,0.0,0.0,0.0,0.0,0.0,0.0,0.0,0.0,0.0,0.0,0.0,0.0,47.0,47.0,47.0,47.0,47.0,0.0,0.0,0.0,0.0,0.0,0.0,0.0,0.0,0.0,0.0,0.0,0.0,0.0,0.0,0.0,0.0,0.0,0.0,0.0,0.0,0.0,0.0,0.0,0.0,0.0,0.0,0.0,0.0,0.0,0.0,0.0,0.0,0.0,0.0,0.0,0.0,0.0,0.0,0.0,0.0,0.0,0.0,0.0,0.0,0.0,0.0,0.0,0.0,0.0,0.0,0.0,0.0,0.0,0.0,...
1763030778,287497428,laser,-3.1241390705108643,3.1415927410125732,0.0034828970674425364,5.711764606530778e-05,0.10275464504957199,0.15000000596046448,16.0,2.5399999618530273,2.5320000648498535,2.5320000648498535,2.5320000648498535,2.5320000648498535,2.5360000133514404,2.5320000648498535,2.5320000648498535,2.5320000648498535,2.5320000648498535,2.5320000648498535,2.5320000648498535,2.5320000648498535,2.5320000648498535,2.5320000648498535,2.5360000133514404,2.5360000133514404,2.5280001163482666,2.5320000648498535,2.5360000133514404,2.5360000133514404,2.5360000133514404,2.5320000648498535,2.5320000648498535,2.5320000648498535,2.5320000648498535,2.5320000648498535,2.5360000133514404,2.5360000133514404,2.5360000133514404,2.5360000133514404,2.5360000133514404,2.5360000133514404,2.5360000133514404,2.5320000648498535,2.5360000133514404,2.5399999618530273,2.5399999618530273,2.5399999618530273,2.5399999618530273,2.5399999618530273,2.5399999618530273,2.5399999618530273,2.5480000972747803,2.5320000648498535,2.5160000324249268,2.5199999809265137,2.5199999809265137,2.5199999809265137,2.5199999809265137,2.5320000648498535,2.5480000972747803,2.552000045776367,2.555999994277954,2.555999994277954,2.552000045776367,3.74399995803833,3.74399995803833,3.74399995803833,3.740000009536743,3.740000009536743,3.7360000610351562,3.74399995803833,3.747999906539917,3.747999906539917,3.752000093460083,2.884000062942505,2.884000062942505,2.884000062942505,2.819999933242798,2.819999933242798,2.759999990463257,2.7079999446868896,2.6519999504089355,2.5999999046325684,2.5999999046325684,2.5480000972747803,2.48799991607666,2.444000005722046,2.3919999599456787,2.3519999980926514,2.312000036239624,2.2920000553131104,2.191999912261963,2.191999912261963,2.171999931335449,2.128000020980835,2.0999999046325684,2.0759999752044678,2.0759999752044678,2.0460000038146973,2.0160000324249268,1.9780000448226929,1.944000005722046,1.9179999828338623,1.9019999504089355,1.8980000019073486,1.8880000114440918,1.878000020980835,1.8660000562667847,1.8459999561309814,1.8459999561309814,1.8279999494552612,1.805999994277954,1.7799999713897705,1.75600004196167,1.7339999675750732,1.7139999866485596,1.6979999542236328,1.6759999990463257,1.656000018119812,1.656000018119812,1.5080000162124634,1.5080000162124634,1.5,1.5,1.4880000352859497,1.4739999771118164,inf,inf,inf,inf,inf,1.4019999504089355,1.4019999504089355,1.4019999504089355,1.4019999504089355,1.4019999504089355,...,47.0,47.0,47.0,47.0,47.0,47.0,47.0,47.0,47.0,47.0,47.0,47.0,47.0,47.0,47.0,0.0,0.0,0.0,0.0,0.0,0.0,0.0,0.0,0.0,0.0,0.0,0.0,0.0,0.0,0.0,0.0,0.0,0.0,0.0,0.0,0.0,0.0,0.0,0.0,0.0,0.0,0.0,0.0,0.0,0.0,0.0,0.0,0.0,0.0,0.0,0.0,0.0,0.0,0.0,0.0,0.0,0.0,0.0,0.0,0.0,0.0,0.0,0.0,0.0,0.0,0.0,0.0,0.0,0.0,0.0,47.0,47.0,47.0,47.0,47.0,0.0,0.0,0.0,0.0,0.0,0.0,0.0,0.0,0.0,0.0,0.0,0.0,0.0,0.0,0.0,0.0,0.0,0.0,0.0,0.0,0.0,0.0,0.0,0.0,0.0,0.0,0.0,0.0,0.0,0.0,0.0,0.0,0.0,0.0,0.0,0.0,0.0,0.0,0.0,0.0,0.0,0.0,0.0,0.0,0.0,0.0,0.0,0.0,0.0,0.0,0.0,0.0,0.0,...
1763030778,391654881,laser,-3.1241390705108643,3.1415927410125732,0.0034828970674425364,5.726155359297991e-05,0.1030135378241539,0.15000000596046448,16.0,2.5360000133514404,2.5320000648498535,2.5320000648498535,2.5360000133514404,2.5360000133514404,2.5360000133514404,2.5320000648498535,2.5320000648498535,2.5320000648498535,2.5320000648498535,2.5320000648498535,2.5320000648498535,2.5320000648498535,2.5320000648498535,2.5320000648498535,2.5360000133514404,2.5360000133514404,2.5320000648498535,2.5320000648498535,2.5360000133514404,2.5360000133514404,2.5320000648498535,2.5320000648498535,2.5320000648498535,2.5320000648498535,2.5320000648498535,2.5320000648498535,2.5360000133514404,2.5360000133514404,2.5360000133514404,2.5360000133514404,2.5360000133514404,2.5360000133514404,2.5320000648498535,2.5320000648498535,2.5360000133514404,2.5399999618530273,2.5399999618530273,2.5399999618530273,2.5399999618530273,2.5439999103546143,2.5399999618530273,2.5399999618530273,2.5480000972747803,2.5360000133514404,2.5360000133514404,2.5160000324249268,2.5199999809265137,2.5160000324249268,2.5199999809265137,2.5320000648498535,2.5480000972747803,2.552000045776367,2.555999994277954,2.555999994277954,2.555999994277954,3.7920000553131104,3.7920000553131104,3.7920000553131104,3.74399995803833,3.740000009536743,3.74399995803833,3.752000093460083,3.747999906539917,3.747999906539917,3.747999906539917,3.747999906539917,2.936000108718872,2.936000108718872,2.884000062942505,2.884000062942505,2.819999933242798,2.752000093460083,2.696000099182129,2.6480000019073486,2.5920000076293945,2.5360000133514404,2.48799991607666,2.440000057220459,2.388000011444092,2.3440001010894775,2.308000087738037,2.2799999713897705,2.2799999713897705,2.247999906539917,2.2039999961853027,2.1679999828338623,2.128000020980835,2.0959999561309814,2.068000078201294,2.0360000133514404,2.002000093460083,1.9759999513626099,1.9479999542236328,1.9179999828338623,1.8980000019073486,1.8980000019073486,1.8839999437332153,1.871999979019165,1.871999979019165,1.8580000400543213,1.840000033378601,1.8259999752044678,1.8040000200271606,1.7799999713897705,1.75600004196167,1.7319999933242798,1.7120000123977661,1.694000005722046,1.6720000505447388,1.6720000505447388,1.6519999504089355,1.50600004196167,1.50600004196167,1.50600004196167,1.496000051498413,1.4839999675750732,1.4739999771118164,inf,inf,inf,inf,inf,1.4079999923706055,1.4079999923706055,1.4079999923706055,1.4079999923706055,1.4079999923706055,...,47.0,47.0,47.0,47.0,47.0,47.0,47.0,47.0,47.0,47.0,47.0,47.0,47.0,47.0,47.0,47.0,47.0,47.0,47.0,47.0,47.0,47.0,0.0,0.0,0.0,0.0,0.0,0.0,0.0,0.0,0.0,0.0,0.0,0.0,0.0,0.0,0.0,0.0,0.0,0.0,0.0,0.0,0.0,0.0,0.0,0.0,0.0,0.0,0.0,0.0,0.0,0.0,0.0,0.0,0.0,0.0,0.0,0.0,0.0,0.0,0.0,0.0,0.0,0.0,0.0,0.0,0.0,0.0,0.0,47.0,47.0,47.0,47.0,47.0,0.0,0.0,0.0,0.0,0.0,0.0,0.0,0.0,0.0,0.0,0.0,0.0,0.0,0.0,0.0,0.0,47.0,47.0,47.0,47.0,47.0,0.0,0.0,0.0,0.0,0.0,0.0,0.0,0.0,0.0,0.0,0.0,0.0,0.0,0.0,0.0,0.0,0.0,0.0,0.0,0.0,0.0,0.0,0.0,0.0,0.0,0.0,0.0,0.0,0.0,0.0,47.0,47.0,47.0,...
1763030778,496325426,laser,-3.1241390705108643,3.1415927410125732,0.0034828970674425364,5.3693387599196285e-05,0.09659440070390701,0.15000000596046448,16.0,2.5399999618530273,2.5399999618530273,2.5360000133514404,2.5320000648498535,2.5320000648498535,2.5360000133514404,2.5320000648498535,2.5320000648498535,2.5320000648498535,2.5320000648498535,2.5320000648498535,2.5320000648498535,2.5320000648498535,2.5320000648498535,2.5320000648498535,2.5360000133514404,2.5360000133514404,2.5280001163482666,2.5320000648498535,2.5320000648498535,2.5360000133514404,2.5360000133514404,2.5320000648498535,2.5320000648498535,2.5320000648498535,2.5320000648498535,2.5320000648498535,2.5360000133514404,2.5360000133514404,2.5360000133514404,2.5360000133514404,2.5360000133514404,2.5360000133514404,2.5360000133514404,2.5320000648498535,2.5360000133514404,2.5399999618530273,2.5399999618530273,2.5399999618530273,2.5439999103546143,2.5439999103546143,2.5399999618530273,2.5439999103546143,2.5360000133514404,2.5360000133514404,2.5199999809265137,2.5160000324249268,2.5199999809265137,2.5199999809265137,2.5199999809265137,2.5360000133514404,2.552000045776367,2.552000045776367,2.552000045776367,2.555999994277954,2.552000045776367,3.7639999389648438,3.7639999389648438,3.7639999389648438,3.74399995803833,3.7320001125335693,3.740000009536743,3.752000093460083,3.747999906539917,3.747999906539917,3.747999906539917,2.9200000762939453,2.9200000762939453,2.9200000762939453,2.9200000762939453,2.868000030517578,2.808000087738037,2.6559998989105225,2.611999988555908,2.611999988555908,2.568000078201294,2.507999897003174,2.4519999027252197,2.4079999923706055,2.371999979019165,2.3359999656677246,2.3359999656677246,2.2960000038146973,2.2039999961853027,2.2039999961853027,2.191999912261963,2.135999917984009,2.0999999046325684,2.0880000591278076,2.055999994277954,2.0160000324249268,1.9880000352859497,1.9600000381469727,1.9320000410079956,1.9320000410079956,1.9119999408721924,1.899999976158142,1.8919999599456787,1.8819999694824219,1.8680000305175781,1.850000023841858,1.8300000429153442,1.809999942779541,1.7879999876022339,1.7640000581741333,1.7640000581741333,1.7239999771118164,1.7239999771118164,1.7039999961853027,1.6859999895095825,1.6699999570846558,1.6440000534057617,1.5140000581741333,1.5140000581741333,1.50600004196167,1.496000051498413,1.4839999675750732,inf,inf,inf,inf,inf,inf,1.3960000276565552,1.3960000276565552,1.3960000276565552,1.3960000276565552,1.3960000276565552,...,47.0,47.0,47.0,47.0,47.0,47.0,47.0,47.0,47.0,47.0,47.0,47.0,47.0,47.0,47.0,47.0,47.0,0.0,0.0,0.0,0.0,0.0,0.0,0.0,0.0,0.0,0.0,0.0,0.0,0.0,0.0,0.0,0.0,0.0,0.0,0.0,0.0,0.0,0.0,0.0,0.0,0.0,0.0,0.0,0.0,0.0,0.0,0.0,0.0,0.0,0.0,0.0,0.0,0.0,0.0,0.0,0.0,0.0,0.0,0.0,0.0,0.0,0.0,0.0,0.0,0.0,0.0,0.0,0.0,0.0,0.0,0.0,0.0,0.0,0.0,0.0,0.0,0.0,0.0,0.0,0.0,0.0,0.0,0.0,0.0,0.0,0.0,0.0,0.0,0.0,0.0,0.0,0.0,0.0,0.0,0.0,0.0,0.0,0.0,0.0,0.0,0.0,0.0,0.0,0.0,0.0,0.0,0.0,0.0,0.0,0.0,0.0,0.0,0.0,0.0,0.0,0.0,0.0,0.0,0.0,0.0,0.0,0.0,0.0,47.0,47.0,47.0,47.0,...
1763030778,594578245,laser,-3.1241390705108643,3.1415927410125732,0.0034828970674425364,5.710399636882357e-05,0.10273008793592453,0.15000000596046448,16.0,2.5399999618530273,2.5399999618530273,2.5360000133514404,2.5320000648498535,2.5320000648498535,2.5360000133514404,2.5320000648498535,2.5320000648498535,2.5320000648498535,2.5320000648498535,2.5320000648498535,2.5320000648498535,2.5320000648498535,2.5320000648498535,2.5320000648498535,2.5320000648498535,2.5320000648498535,2.5280001163482666,2.5280001163482666,2.5320000648498535,2.5360000133514404,2.5360000133514404,2.5320000648498535,2.5320000648498535,2.5320000648498535,2.5320000648498535,2.5320000648498535,2.5320000648498535,2.5360000133514404,2.5360000133514404,2.5360000133514404,2.5360000133514404,2.5360000133514404,2.5360000133514404,2.5320000648498535,2.5320000648498535,2.5360000133514404,2.5399999618530273,2.5399999618530273,2.5399999618530273,2.5439999103546143,2.5399999618530273,2.5399999618530273,2.5480000972747803,2.5320000648498535,2.5320000648498535,2.5160000324249268,2.5199999809265137,2.5199999809265137,2.5199999809265137,2.5360000133514404,2.5480000972747803,2.552000045776367,2.555999994277954,2.555999994277954,2.555999994277954,3.7839999198913574,3.7839999198913574,3.7839999198913574,3.740000009536743,3.740000009536743,3.74399995803833,3.752000093460083,3.747999906539917,3.752000093460083,3.752000093460083,2.9240000247955322,2.9240000247955322,2.9240000247955322,2.9240000247955322,2.880000114440918,2.815999984741211,2.7360000610351562,2.684000015258789,2.6480000019073486,2.5920000076293945,2.5199999809265137,2.4679999351501465,2.440000057220459,2.388000011444092,2.3359999656677246,2.299999952316284,2.299999952316284,2.2760000228881836,2.24399995803833,2.191999912261963,2.1480000019073486,2.115999937057495,2.0920000076293945,2.055999994277954,2.0239999294281006,1.9980000257492065,1.972000002861023,1.9420000314712524,1.9140000343322754,1.9140000343322754,1.8960000276565552,1.8880000114440918,1.878000020980835,1.8680000305175781,1.8580000400543213,1.8339999914169312,1.8179999589920044,1.7999999523162842,1.7699999809265137,1.746000051498413,1.7280000448226929,1.7100000381469727,1.7100000381469727,1.690000057220459,1.6699999570846558,1.649999976158142,1.50600004196167,1.50600004196167,1.50600004196167,1.4980000257492065,1.4880000352859497,inf,inf,inf,inf,inf,inf,1.4079999923706055,1.4079999923706055,1.4079999923706055,1.4079999923706055,1.4079999923706055,...,47.0,47.0,47.0,47.0,47.0,47.0,47.0,47.0,47.0,47.0,47.0,47.0,47.0,47.0,47.0,47.0,47.0,0.0,0.0,0.0,47.0,47.0,47.0,47.0,47.0,0.0,0.0,0.0,0.0,0.0,0.0,0.0,0.0,0.0,0.0,0.0,0.0,0.0,0.0,0.0,0.0,0.0,0.0,0.0,0.0,0.0,0.0,0.0,0.0,0.0,0.0,0.0,0.0,0.0,0.0,0.0,0.0,0.0,0.0,0.0,0.0,0.0,0.0,0.0,0.0,0.0,0.0,0.0,0.0,0.0,0.0,0.0,0.0,0.0,0.0,0.0,0.0,0.0,0.0,0.0,0.0,0.0,0.0,0.0,0.0,0.0,0.0,0.0,0.0,0.0,47.0,47.0,47.0,47.0,47.0,0.0,0.0,0.0,0.0,0.0,0.0,0.0,0.0,0.0,0.0,0.0,0.0,0.0,0.0,0.0,0.0,0.0,0.0,0.0,0.0,0.0,0.0,0.0,0.0,0.0,0.0,0.0,0.0,0.0,0.0,0.0,0.0,0.0,...
1763030778,699084667,laser,-3.1241390705108643,3.1415927410125732,0.0034828970674425364,5.365953256841749e-05,0.09653349965810776,0.15000000596046448,16.0,2.5399999618530273,2.5399999618530273,2.5360000133514404,2.5320000648498535,2.5320000648498535,2.5360000133514404,2.5320000648498535,2.5320000648498535,2.5320000648498535,2.5320000648498535,2.5320000648498535,2.5320000648498535,2.5320000648498535,2.5320000648498535,2.5320000648498535,2.5360000133514404,2.5320000648498535,2.5280001163482666,2.5320000648498535,2.5320000648498535,2.5360000133514404,2.5360000133514404,2.5320000648498535,2.5320000648498535,2.5320000648498535,2.5320000648498535,2.5320000648498535,2.5360000133514404,2.5360000133514404,2.5360000133514404,2.5360000133514404,2.5360000133514404,2.5360000133514404,2.5320000648498535,2.5320000648498535,2.5360000133514404,2.5360000133514404,2.5399999618530273,2.5399999618530273,2.5399999618530273,2.5439999103546143,2.5399999618530273,2.5399999618530273,2.5480000972747803,2.5320000648498535,2.5160000324249268,2.5199999809265137,2.5160000324249268,2.5160000324249268,2.5199999809265137,2.5360000133514404,2.5480000972747803,2.552000045776367,2.555999994277954,2.555999994277954,2.5480000972747803,3.74399995803833,3.74399995803833,3.740000009536743,3.740000009536743,3.740000009536743,3.740000009536743,3.747999906539917,3.747999906539917,3.747999906539917,3.752000093460083,2.880000114440918,2.880000114440918,2.819999933242798,2.819999933242798,2.819999933242798,2.7639999389648438,2.7639999389648438,2.6480000019073486,2.611999988555908,2.611999988555908,2.492000102996826,2.492000102996826,2.4519999027252197,2.3919999599456787,2.3440001010894775,2.303999900817871,2.2880001068115234,2.180000066757202,2.171999931335449,2.171999931335449,2.128000020980835,2.0999999046325684,2.0999999046325684,2.0739998817443848,2.0420000553131104,2.00600004196167,1.9800000190734863,1.9479999542236328,1.9140000343322754,1.8960000276565552,1.8860000371932983,1.8819999694824219,1.8739999532699585,1.8580000400543213,1.840000033378601,1.840000033378601,1.8240000009536743,1.8040000200271606,1.784000039100647,1.7599999904632568,1.7339999675750732,1.715999960899353,1.7000000476837158,1.6799999475479126,1.659999966621399,1.6339999437332153,1.5199999809265137,1.50600004196167,1.50600004196167,1.4919999837875366,1.4800000190734863,1.4800000190734863,1.4639999866485596,1.4639999866485596,inf,1.399999976158142,1.399999976158142,1.399999976158142,1.399999976158142,1.399999976158142,1.3860000371932983,1.3860000371932983,...,47.0,47.0,47.0,47.0,47.0,47.0,47.0,47.0,47.0,47.0,47.0,47.0,47.0,47.0,47.0,47.0,47.0,0.0,0.0,0.0,0.0,0.0,0.0,0.0,0.0,0.0,0.0,0.0,0.0,0.0,0.0,0.0,0.0,0.0,0.0,0.0,0.0,0.0,0.0,0.0,0.0,0.0,0.0,0.0,0.0,0.0,0.0,0.0,0.0,0.0,0.0,0.0,0.0,0.0,0.0,0.0,0.0,0.0,0.0,0.0,0.0,0.0,0.0,0.0,0.0,0.0,0.0,0.0,0.0,0.0,0.0,0.0,0.0,0.0,0.0,0.0,0.0,0.0,0.0,0.0,0.0,0.0,0.0,0.0,0.0,0.0,0.0,0.0,0.0,0.0,47.0,47.0,47.0,47.0,47.0,0.0,0.0,0.0,0.0,0.0,0.0,0.0,0.0,0.0,0.0,0.0,47.0,47.0,47.0,47.0,47.0,0.0,0.0,0.0,0.0,0.0,0.0,0.0,0.0,0.0,0.0,0.0,0.0,0.0,47.0,47.0,47.0,47.0,...
1763030778,796950423,laser,-3.1241390705108643,3.1415927410125732,0.0034828970674425364,5.7266159274149686e-05,0.10302181541919708,0.15000000596046448,16.0,2.5399999618530273,2.5360000133514404,2.5320000648498535,2.5320000648498535,2.5360000133514404,2.5360000133514404,2.5320000648498535,2.5320000648498535,2.5320000648498535,2.5320000648498535,2.5320000648498535,2.5320000648498535,2.5320000648498535,2.5320000648498535,2.5320000648498535,2.5360000133514404,2.5360000133514404,2.5280001163482666,2.5320000648498535,2.5360000133514404,2.5360000133514404,2.5360000133514404,2.5320000648498535,2.5320000648498535,2.5320000648498535,2.5320000648498535,2.5320000648498535,2.5360000133514404,2.5360000133514404,2.5360000133514404,2.5360000133514404,2.5360000133514404,2.5360000133514404,2.5320000648498535,2.5320000648498535,2.5360000133514404,2.5399999618530273,2.5399999618530273,2.5439999103546143,2.5439999103546143,2.5439999103546143,2.5399999618530273,2.5439999103546143,2.5480000972747803,2.5480000972747803,2.5280001163482666,2.5160000324249268,2.5199999809265137,2.5199999809265137,2.5199999809265137,2.5360000133514404,2.5480000972747803,2.552000045776367,2.555999994277954,2.555999994277954,2.555999994277954,3.7839999198913574,3.7839999198913574,3.74399995803833,3.74399995803833,3.740000009536743,3.74399995803833,3.752000093460083,3.747999906539917,3.747999906539917,2.940000057220459,2.940000057220459,2.880000114440918,2.880000114440918,2.880000114440918,2.880000114440918,2.815999984741211,2.74399995803833,2.691999912261963,2.6440000534057617,2.5920000076293945,2.5360000133514404,2.4839999675750732,2.440000057220459,2.388000011444092,2.3359999656677246,2.299999952316284,2.2760000228881836,2.247999906539917,2.2039999961853027,2.1640000343322754,2.119999885559082,2.119999885559082,2.0920000076293945,2.068000078201294,2.0399999618530273,2.00600004196167,1.9739999771118164,1.9459999799728394,1.9179999828338623,1.8980000019073486,1.8880000114440918,1.8839999437332153,1.8739999532699585,1.8580000400543213,1.8580000400543213,1.840000033378601,1.8220000267028809,1.7999999523162842,1.7760000228881836,1.75600004196167,1.7319999933242798,1.715999960899353,1.7000000476837158,1.6740000247955322,1.6540000438690186,1.6540000438690186,1.50600004196167,1.50600004196167,1.50600004196167,1.4880000352859497,1.4880000352859497,1.4759999513626099,inf,inf,1.4140000343322754,1.4140000343322754,1.4140000343322754,1.4140000343322754,1.4140000343322754,1.399999976158142,1.399999976158142,1.399999976158142,...,47.0,47.0,47.0,47.0,47.0,47.0,47.0,47.0,47.0,47.0,47.0,47.0,47.0,47.0,47.0,0.0,0.0,0.0,0.0,0.0,0.0,0.0,0.0,0.0,0.0,0.0,0.0,0.0,0.0,0.0,0.0,0.0,0.0,0.0,0.0,0.0,0.0,0.0,0.0,0.0,0.0,0.0,0.0,0.0,0.0,0.0,0.0,0.0,0.0,0.0,0.0,0.0,0.0,0.0,0.0,0.0,0.0,0.0,0.0,0.0,0.0,0.0,0.0,0.0,0.0,0.0,0.0,0.0,0.0,0.0,0.0,0.0,0.0,0.0,0.0,0.0,0.0,0.0,0.0,0.0,0.0,0.0,0.0,0.0,0.0,0.0,0.0,0.0,0.0,0.0,0.0,0.0,0.0,0.0,0.0,0.0,0.0,0.0,0.0,0.0,0.0,0.0,0.0,0.0,0.0,0.0,0.0,47.0,47.0,47.0,47.0,47.0,0.0,0.0,0.0,0.0,0.0,0.0,0.0,0.0,0.0,0.0,0.0,0.0,0.0,0.0,0.0,0.0,...
1763030778,901637975,laser,-3.1241390705108643,3.1415927410125732,0.0034828970674425364,5.708669777959585e-05,0.10269897431135178,0.15000000596046448,16.0,2.5199999809265137,2.5360000133514404,2.5320000648498535,2.5320000648498535,2.5320000648498535,2.5320000648498535,2.5320000648498535,2.5320000648498535,2.5320000648498535,2.5320000648498535,2.5320000648498535,2.5320000648498535,2.5320000648498535,2.5320000648498535,2.5280001163482666,2.5320000648498535,2.5320000648498535,2.5320000648498535,2.5280001163482666,2.5320000648498535,2.5320000648498535,2.5360000133514404,2.5320000648498535,2.5320000648498535,2.5320000648498535,2.5320000648498535,2.5320000648498535,2.5320000648498535,2.5360000133514404,2.5360000133514404,2.5360000133514404,2.5360000133514404,2.5360000133514404,2.5320000648498535,2.5320000648498535,2.5320000648498535,2.5360000133514404,2.5399999618530273,2.5399999618530273,2.5439999103546143,2.5439999103546143,2.5399999618530273,2.5439999103546143,2.5439999103546143,2.5320000648498535,2.51200008392334,2.5160000324249268,2.5199999809265137,2.5199999809265137,2.5199999809265137,2.5360000133514404,2.5480000972747803,2.5480000972747803,2.552000045776367,2.555999994277954,2.552000045776367,3.759999990463257,3.759999990463257,3.740000009536743,3.740000009536743,3.7320001125335693,3.740000009536743,3.747999906539917,3.747999906539917,3.747999906539917,3.747999906539917,2.936000108718872,2.868000030517578,2.868000030517578,2.868000030517578,2.868000030517578,2.799999952316284,2.740000009536743,2.6760001182556152,2.619999885559082,2.5799999237060547,2.5320000648498535,2.4800000190734863,2.431999921798706,2.375999927520752,2.3359999656677246,2.3359999656677246,2.299999952316284,2.259999990463257,2.2320001125335693,2.2039999961853027,2.1640000343322754,2.115999937057495,2.0880000591278076,2.052000045776367,2.0160000324249268,2.003999948501587,1.9839999675750732,1.9579999446868896,1.937999963760376,1.937999963760376,1.9240000247955322,1.9140000343322754,1.9019999504089355,1.8839999437332153,1.8660000562667847,1.8420000076293945,1.8220000267028809,1.7999999523162842,1.7740000486373901,1.7519999742507935,1.7319999933242798,1.7100000381469727,1.690000057220459,1.690000057220459,1.6699999570846558,1.649999976158142,1.5080000162124634,1.5080000162124634,1.5080000162124634,1.5019999742507935,1.4880000352859497,1.4759999513626099,inf,inf,inf,1.409999966621399,1.409999966621399,1.409999966621399,1.409999966621399,1.409999966621399,1.399999976158142,1.399999976158142,...,47.0,47.0,47.0,47.0,47.0,47.0,47.0,47.0,47.0,47.0,47.0,47.0,47.0,47.0,47.0,0.0,0.0,0.0,0.0,0.0,0.0,0.0,0.0,0.0,0.0,0.0,0.0,0.0,0.0,0.0,0.0,0.0,0.0,0.0,0.0,0.0,0.0,0.0,0.0,0.0,0.0,0.0,0.0,0.0,0.0,0.0,0.0,0.0,0.0,0.0,0.0,0.0,0.0,0.0,0.0,0.0,0.0,0.0,0.0,0.0,0.0,0.0,0.0,0.0,0.0,0.0,0.0,0.0,0.0,0.0,0.0,0.0,0.0,0.0,0.0,0.0,0.0,0.0,0.0,0.0,0.0,0.0,0.0,0.0,0.0,0.0,0.0,0.0,0.0,0.0,0.0,47.0,47.0,47.0,47.0,47.0,0.0,0.0,0.0,0.0,0.0,0.0,0.0,0.0,0.0,0.0,0.0,0.0,0.0,0.0,0.0,0.0,0.0,0.0,0.0,0.0,0.0,0.0,0.0,0.0,0.0,0.0,0.0,0.0,0.0,0.0,47.0,47.0,...
1763030779,5919138,laser,-3.1241390705108643,3.1415927410125732,0.0034828970674425364,5.3808995289728045e-05,0.09680238366127014,0.15000000596046448,16.0,2.5239999294281006,2.5360000133514404,2.5320000648498535,2.5320000648498535,2.5320000648498535,2.5320000648498535,2.5320000648498535,2.5320000648498535,2.5320000648498535,2.5320000648498535,2.5280001163482666,2.5320000648498535,2.5320000648498535,2.5320000648498535,2.5320000648498535,2.5320000648498535,2.5360000133514404,2.5320000648498535,2.5280001163482666,2.5320000648498535,2.5360000133514404,2.5360000133514404,2.5320000648498535,2.5320000648498535,2.5320000648498535,2.5320000648498535,2.5320000648498535,2.5320000648498535,2.5360000133514404,2.5360000133514404,2.5360000133514404,2.5360000133514404,2.5320000648498535,2.5320000648498535,2.5320000648498535,2.5320000648498535,2.5360000133514404,2.5360000133514404,2.5399999618530273,2.5399999618530273,2.5439999103546143,2.5399999618530273,2.5399999618530273,2.5480000972747803,2.5360000133514404,2.5360000133514404,2.5160000324249268,2.5199999809265137,2.5160000324249268,2.5199999809265137,2.5360000133514404,2.5480000972747803,2.552000045776367,2.555999994277954,2.555999994277954,2.555999994277954,3.7880001068115234,3.7880001068115234,3.7880001068115234,3.740000009536743,3.7360000610351562,3.74399995803833,3.747999906539917,3.752000093460083,3.752000093460083,3.747999906539917,3.747999906539917,2.940000057220459,2.940000057220459,2.880000114440918,2.880000114440918,2.815999984741211,2.74399995803833,2.6760001182556152,2.631999969482422,2.5920000076293945,2.5320000648498535,2.4839999675750732,2.440000057220459,2.384000062942505,2.3399999141693115,2.299999952316284,2.2799999713897705,2.252000093460083,2.252000093460083,2.1600000858306885,2.1600000858306885,2.119999885559082,2.0920000076293945,2.068000078201294,2.0339999198913574,2.007999897003174,1.9880000352859497,1.965999960899353,1.9520000219345093,1.9359999895095825,1.9220000505447388,1.9220000505447388,1.9079999923706055,1.8940000534057617,1.8739999532699585,1.850000023841858,1.8259999752044678,1.7999999523162842,1.7760000228881836,1.753999948501587,1.7319999933242798,1.7100000381469727,1.694000005722046,1.6740000247955322,1.6740000247955322,1.649999976158142,1.534000039100647,1.5080000162124634,1.5080000162124634,1.5,1.4880000352859497,1.4759999513626099,inf,inf,inf,inf,inf,1.399999976158142,1.399999976158142,1.399999976158142,1.399999976158142,1.399999976158142,...,47.0,47.0,47.0,47.0,47.0,47.0,47.0,47.0,47.0,47.0,47.0,47.0,47.0,47.0,47.0,0.0,0.0,0.0,0.0,0.0,0.0,0.0,0.0,0.0,0.0,0.0,0.0,0.0,0.0,0.0,0.0,0.0,0.0,0.0,0.0,0.0,0.0,0.0,0.0,0.0,0.0,0.0,0.0,0.0,0.0,0.0,0.0,0.0,0.0,0.0,0.0,0.0,0.0,0.0,0.0,0.0,0.0,0.0,0.0,0.0,0.0,0.0,0.0,0.0,0.0,0.0,0.0,47.0,47.0,47.0,47.0,47.0,0.0,0.0,0.0,0.0,0.0,0.0,0.0,0.0,0.0,0.0,0.0,0.0,0.0,0.0,0.0,0.0,0.0,0.0,0.0,47.0,47.0,47.0,47.0,47.0,0.0,0.0,0.0,0.0,0.0,0.0,0.0,0.0,0.0,0.0,0.0,0.0,0.0,0.0,0.0,0.0,0.0,0.0,0.0,0.0,0.0,0.0,0.0,0.0,0.0,0.0,0.0,0.0,0.0,0.0,47.0,47.0,...
1763030779,103937804,laser,-3.1241390705108643,3.1415927410125732,0.0034828970674425364,5.728153701056726e-05,0.10304947942495346,0.15000000596046448,16.0,2.5360000133514404,2.5360000133514404,2.5320000648498535,2.5320000648498535,2.5320000648498535,2.5320000648498535,2.5320000648498535,2.5320000648498535,2.5320000648498535,2.5320000648498535,2.5320000648498535,2.5320000648498535,2.5320000648498535,2.5320000648498535,2.5280001163482666,2.5320000648498535,2.5320000648498535,2.5280001163482666,2.5320000648498535,2.5320000648498535,2.5360000133514404,2.5360000133514404,2.5320000648498535,2.5320000648498535,2.5320000648498535,2.5320000648498535,2.5320000648498535,2.5360000133514404,2.5360000133514404,2.5360000133514404,2.5360000133514404,2.5360000133514404,2.5360000133514404,2.5320000648498535,2.5320000648498535,2.5360000133514404,2.5360000133514404,2.5360000133514404,2.5399999618530273,2.5439999103546143,2.5439999103546143,2.5399999618530273,2.5399999618530273,2.5480000972747803,2.5239999294281006,2.503999948501587,2.5199999809265137,2.5199999809265137,2.5199999809265137,2.5320000648498535,2.5480000972747803,2.5480000972747803,2.5480000972747803,2.552000045776367,2.555999994277954,2.552000045776367,3.75600004196167,3.75600004196167,3.75600004196167,3.74399995803833,3.740000009536743,3.740000009536743,3.740000009536743,3.747999906539917,3.752000093460083,3.752000093460083,2.884000062942505,2.884000062942505,2.884000062942505,2.8440001010894775,2.8440001010894775,2.799999952316284,2.6519999504089355,2.6519999504089355,2.611999988555908,2.563999891281128,2.5160000324249268,2.4040000438690186,2.368000030517578,2.368000030517578,2.368000030517578,2.3359999656677246,2.303999900817871,2.200000047683716,2.200000047683716,2.200000047683716,2.1600000858306885,2.119999885559082,2.0880000591278076,2.055999994277954,2.0179998874664307,1.9880000352859497,1.9600000381469727,1.9320000410079956,1.909999966621399,1.909999966621399,1.8940000534057617,1.8860000371932983,1.8739999532699585,1.8619999885559082,1.8480000495910645,1.8279999494552612,1.809999942779541,1.7879999876022339,1.7680000066757202,1.7680000066757202,1.7280000448226929,1.7280000448226929,1.7079999446868896,1.687999963760376,1.6640000343322754,1.6419999599456787,1.5140000581741333,1.5140000581741333,1.503999948501587,1.496000051498413,1.4819999933242798,inf,inf,inf,inf,inf,1.4040000438690186,1.4040000438690186,1.4040000438690186,1.4040000438690186,1.4040000438690186,1.3899999856948853,...,47.0,47.0,47.0,47.0,47.0,47.0,47.0,47.0,47.0,47.0,47.0,47.0,47.0,47.0,47.0,47.0,47.0,0.0,0.0,0.0,47.0,47.0,47.0,47.0,47.0,0.0,0.0,0.0,0.0,0.0,0.0,0.0,0.0,0.0,0.0,0.0,0.0,0.0,0.0,0.0,0.0,0.0,0.0,0.0,0.0,0.0,0.0,0.0,0.0,0.0,0.0,0.0,0.0,0.0,0.0,0.0,0.0,0.0,0.0,0.0,0.0,0.0,0.0,0.0,0.0,0.0,0.0,0.0,0.0,0.0,0.0,0.0,0.0,0.0,0.0,0.0,0.0,0.0,0.0,0.0,0.0,0.0,0.0,0.0,0.0,0.0,0.0,0.0,0.0,0.0,0.0,0.0,0.0,0.0,0.0,0.0,0.0,0.0,0.0,0.0,0.0,0.0,0.0,0.0,0.0,0.0,0.0,0.0,0.0,0.0,0.0,0.0,0.0,0.0,0.0,0.0,0.0,0.0,0.0,0.0,0.0,0.0,0.0,0.0,47.0,47.0,47.0,47.0,...
1763030779,208456690,laser,-3.1241390705108643,3.1415927410125732,0.0034828970674425364,5.725328082917258e-05,0.10299865156412125,0.15000000596046448,16.0,2.5360000133514404,2.5320000648498535,2.5320000648498535,2.5320000648498535,2.5320000648498535,2.5320000648498535,2.5320000648498535,2.5320000648498535,2.5320000648498535,2.5320000648498535,2.5320000648498535,2.5320000648498535,2.5320000648498535,2.5320000648498535,2.5320000648498535,2.5320000648498535,2.5360000133514404,2.5320000648498535,2.5320000648498535,2.5360000133514404,2.5360000133514404,2.5320000648498535,2.5320000648498535,2.5320000648498535,2.5320000648498535,2.5320000648498535,2.5320000648498535,2.5320000648498535,2.5360000133514404,2.5360000133514404,2.5360000133514404,2.5360000133514404,2.5320000648498535,2.5320000648498535,2.5320000648498535,2.5320000648498535,2.5360000133514404,2.5399999618530273,2.5399999618530273,2.5399999618530273,2.5439999103546143,2.5399999618530273,2.5399999618530273,2.552000045776367,2.5399999618530273,2.5160000324249268,2.5160000324249268,2.5199999809265137,2.5160000324249268,2.5199999809265137,2.5360000133514404,2.5480000972747803,2.552000045776367,2.555999994277954,2.555999994277954,2.555999994277954,2.552000045776367,3.740000009536743,3.740000009536743,3.740000009536743,3.740000009536743,3.740000009536743,3.74399995803833,3.747999906539917,3.747999906539917,3.752000093460083,2.884000062942505,2.884000062942505,2.884000062942505,2.819999933242798,2.819999933242798,2.819999933242798,2.7639999389648438,2.6480000019073486,2.6480000019073486,2.5959999561309814,2.5399999618530273,2.4839999675750732,2.440000057220459,2.388000011444092,2.3440001010894775,2.303999900817871,2.2799999713897705,2.184000015258789,2.184000015258789,2.1640000343322754,2.124000072479248,2.124000072479248,2.1040000915527344,2.063999891281128,2.0320000648498535,2.007999897003174,1.9800000190734863,1.9479999542236328,1.9140000343322754,1.8980000019073486,1.8860000371932983,1.8799999952316284,1.8739999532699585,1.8580000400543213,1.840000033378601,1.840000033378601,1.8259999752044678,1.805999994277954,1.784000039100647,1.7619999647140503,1.7380000352859497,1.718000054359436,1.7020000219345093,1.684000015258789,1.6619999408721924,1.6360000371932983,1.5180000066757202,1.5180000066757202,1.5019999742507935,1.4919999837875366,1.4700000286102295,1.4700000286102295,inf,1.4320000410079956,1.4320000410079956,1.4320000410079956,1.4320000410079956,1.4320000410079956,1.4019999504089355,1.4019999504089355,1.4019999504089355,1.3880000114440918,...,47.0,47.0,47.0,47.0,47.0,47.0,47.0,47.0,47.0,47.0,47.0,47.0,47.0,47.0,47.0,47.0,47.0,47.0,47.0,47.0,47.0,47.0,0.0,0.0,0.0,0.0,0.0,0.0,0.0,0.0,0.0,0.0,0.0,0.0,0.0,0.0,0.0,0.0,0.0,0.0,0.0,0.0,0.0,0.0,0.0,0.0,0.0,0.0,0.0,0.0,0.0,0.0,0.0,0.0,0.0,0.0,0.0,0.0,0.0,0.0,0.0,0.0,0.0,0.0,0.0,0.0,0.0,0.0,0.0,0.0,0.0,0.0,0.0,0.0,0.0,0.0,0.0,0.0,0.0,0.0,0.0,0.0,0.0,0.0,0.0,0.0,0.0,0.0,0.0,0.0,47.0,47.0,47.0,47.0,47.0,0.0,0.0,0.0,0.0,0.0,0.0,0.0,0.0,0.0,0.0,0.0,0.0,0.0,0.0,0.0,0.0,0.0,0.0,0.0,0.0,0.0,0.0,0.0,0.0,0.0,0.0,0.0,0.0,0.0,0.0,0.0,0.0,0.0,...
1763030779,312874270,laser,-3.1241390705108643,3.1415927410125732,0.0034828970674425364,5.38560634595342e-05,0.09688705950975418,0.15000000596046448,16.0,2.5199999809265137,2.5360000133514404,2.5320000648498535,2.5320000648498535,2.5320000648498535,2.5320000648498535,2.5320000648498535,2.5320000648498535,2.5320000648498535,2.5320000648498535,2.5320000648498535,2.5320000648498535,2.5320000648498535,2.5320000648498535,2.5280001163482666,2.5320000648498535,2.5320000648498535,2.5280001163482666,2.5320000648498535,2.5320000648498535,2.5360000133514404,2.5360000133514404,2.5360000133514404,2.5320000648498535,2.5320000648498535,2.5320000648498535,2.5320000648498535,2.5360000133514404,2.5360000133514404,2.5360000133514404,2.5360000133514404,2.5360000133514404,2.5360000133514404,2.5360000133514404,2.5320000648498535,2.5360000133514404,2.5399999618530273,2.5399999618530273,2.5399999618530273,2.5439999103546143,2.5439999103546143,2.5399999618530273,2.5439999103546143,2.5399999618530273,2.5399999618530273,2.5239999294281006,2.5160000324249268,2.5199999809265137,2.5199999809265137,2.5199999809265137,2.5360000133514404,2.5480000972747803,2.552000045776367,2.552000045776367,2.555999994277954,2.555999994277954,3.7760000228881836,3.7760000228881836,3.7760000228881836,3.740000009536743,3.7320001125335693,3.740000009536743,3.747999906539917,3.747999906539917,3.747999906539917,3.747999906539917,2.931999921798706,2.931999921798706,2.931999921798706,2.931999921798706,2.880000114440918,2.812000036239624,2.7320001125335693,2.680000066757202,2.640000104904175,2.5840001106262207,2.5320000648498535,2.4839999675750732,2.440000057220459,2.3399999141693115,2.3399999141693115,2.299999952316284,2.299999952316284,2.25600004196167,2.200000047683716,2.200000047683716,2.1600000858306885,2.119999885559082,2.0880000591278076,2.055999994277954,2.0160000324249268,1.99399995803833,1.9759999513626099,1.944000005722046,1.909999966621399,1.909999966621399,1.8760000467300415,1.8639999628067017,1.8639999628067017,1.8519999980926514,1.8480000495910645,1.8339999914169312,1.815999984741211,1.7940000295639038,1.7699999809265137,1.7480000257492065,1.7280000448226929,1.7100000381469727,1.690000057220459,1.690000057220459,1.6660000085830688,1.6460000276565552,1.50600004196167,1.50600004196167,1.50600004196167,1.496000051498413,1.4859999418258667,inf,inf,inf,inf,inf,inf,1.406000018119812,1.406000018119812,1.406000018119812,1.406000018119812,1.406000018119812,...,0.0,47.0,47.0,47.0,47.0,47.0,47.0,47.0,47.0,47.0,47.0,47.0,47.0,47.0,47.0,47.0,47.0,0.0,0.0,0.0,0.0,0.0,0.0,0.0,0.0,0.0,0.0,0.0,0.0,0.0,0.0,0.0,0.0,0.0,0.0,0.0,0.0,0.0,0.0,0.0,0.0,0.0,0.0,0.0,0.0,0.0,0.0,0.0,0.0,0.0,0.0,0.0,0.0,0.0,0.0,0.0,0.0,0.0,0.0,0.0,0.0,0.0,0.0,0.0,0.0,0.0,0.0,0.0,0.0,0.0,0.0,0.0,0.0,0.0,0.0,0.0,0.0,0.0,0.0,0.0,0.0,0.0,0.0,0.0,0.0,0.0,0.0,0.0,0.0,0.0,0.0,0.0,0.0,0.0,0.0,0.0,0.0,0.0,0.0,0.0,0.0,0.0,0.0,0.0,0.0,0.0,0.0,0.0,0.0,0.0,0.0,0.0,0.0,0.0,0.0,0.0,0.0,0.0,0.0,0.0,0.0,0.0,0.0,0.0,47.0,47.0,47.0,47.0,...
1763030779,411159847,laser,-3.1241390705108643,3.1415927410125732,0.0034828970674425364,5.724717993871309e-05,0.10298767685890198,0.15000000596046448,16.0,2.5199999809265137,2.5360000133514404,2.5320000648498535,2.5320000648498535,2.5320000648498535,2.5320000648498535,2.5320000648498535,2.5320000648498535,2.5320000648498535,2.5320000648498535,2.5320000648498535,2.5320000648498535,2.5320000648498535,2.5320000648498535,2.5280001163482666,2.5320000648498535,2.5320000648498535,2.5320000648498535,2.5280001163482666,2.5320000648498535,2.5360000133514404,2.5360000133514404,2.5360000133514404,2.5320000648498535,2.5320000648498535,2.5320000648498535,2.5320000648498535,2.5320000648498535,2.5360000133514404,2.5360000133514404,2.5360000133514404,2.5360000133514404,2.5360000133514404,2.5320000648498535,2.5320000648498535,2.5320000648498535,2.5360000133514404,2.5399999618530273,2.5399999618530273,2.5439999103546143,2.5439999103546143,2.5399999618530273,2.5399999618530273,2.5480000972747803,2.5280001163482666,2.51200008392334,2.5199999809265137,2.5199999809265137,2.5199999809265137,2.5320000648498535,2.5480000972747803,2.5480000972747803,2.5480000972747803,2.552000045776367,2.555999994277954,2.552000045776367,3.7720000743865967,3.7720000743865967,3.74399995803833,3.74399995803833,3.7360000610351562,3.740000009536743,3.747999906539917,3.752000093460083,3.752000093460083,3.752000093460083,3.747999906539917,2.864000082015991,2.864000082015991,2.864000082015991,2.864000082015991,2.799999952316284,2.7320001125335693,2.6640000343322754,2.624000072479248,2.5799999237060547,2.5160000324249268,2.4719998836517334,2.427999973297119,2.375999927520752,2.3399999141693115,2.299999952316284,2.299999952316284,2.252000093460083,2.200000047683716,2.200000047683716,2.1519999504089355,2.1080000400543213,2.0880000591278076,2.055999994277954,2.0160000324249268,1.996000051498413,1.968000054359436,1.940000057220459,1.9220000505447388,1.9040000438690186,1.9040000438690186,1.8940000534057617,1.871999979019165,1.871999979019165,1.8600000143051147,1.8380000591278076,1.815999984741211,1.7940000295639038,1.7719999551773071,1.75,1.7280000448226929,1.7100000381469727,1.6920000314712524,1.6720000505447388,1.6720000505447388,1.649999976158142,1.496000051498413,1.496000051498413,1.496000051498413,1.496000051498413,1.4859999418258667,1.4780000448226929,inf,inf,inf,inf,inf,inf,1.3980000019073486,1.3980000019073486,1.3980000019073486,1.3980000019073486,...,47.0,47.0,47.0,47.0,47.0,47.0,47.0,47.0,47.0,47.0,47.0,47.0,47.0,47.0,47.0,47.0,47.0,0.0,0.0,0.0,47.0,47.0,47.0,47.0,47.0,0.0,0.0,0.0,0.0,0.0,0.0,0.0,0.0,0.0,0.0,0.0,0.0,0.0,0.0,0.0,0.0,0.0,0.0,0.0,0.0,0.0,0.0,0.0,0.0,0.0,0.0,0.0,0.0,0.0,0.0,0.0,0.0,0.0,0.0,0.0,0.0,0.0,0.0,0.0,0.0,0.0,0.0,0.0,0.0,0.0,0.0,0.0,0.0,0.0,0.0,0.0,0.0,0.0,0.0,0.0,0.0,0.0,0.0,0.0,0.0,0.0,0.0,0.0,0.0,0.0,0.0,0.0,0.0,0.0,0.0,0.0,0.0,0.0,0.0,0.0,0.0,0.0,0.0,0.0,0.0,0.0,0.0,0.0,0.0,0.0,0.0,0.0,0.0,0.0,0.0,0.0,0.0,0.0,0.0,0.0,0.0,0.0,0.0,0.0,0.0,0.0,0.0,0.0,...
1763030779,515748474,laser,-3.1241390705108643,3.1415927410125732,0.0034828970674425364,5.7079676480498165e-05,0.1026863381266594,0.15000000596046448,16.0,2.5360000133514404,2.5320000648498535,2.5320000648498535,2.5320000648498535,2.5320000648498535,2.5320000648498535,2.5320000648498535,2.5320000648498535,2.5320000648498535,2.5320000648498535,2.5320000648498535,2.5320000648498535,2.5320000648498535,2.5320000648498535,2.5320000648498535,2.5320000648498535,2.5360000133514404,2.5320000648498535,2.5320000648498535,2.5360000133514404,2.5360000133514404,2.5360000133514404,2.5320000648498535,2.5320000648498535,2.5320000648498535,2.5320000648498535,2.5320000648498535,2.5320000648498535,2.5360000133514404,2.5360000133514404,2.5360000133514404,2.5360000133514404,2.5360000133514404,2.5360000133514404,2.5320000648498535,2.5320000648498535,2.5360000133514404,2.5399999618530273,2.5439999103546143,2.5439999103546143,2.5439999103546143,2.5399999618530273,2.5439999103546143,2.5480000972747803,2.5320000648498535,2.5320000648498535,2.5160000324249268,2.5199999809265137,2.5199999809265137,2.5199999809265137,2.5320000648498535,2.5480000972747803,2.552000045776367,2.555999994277954,2.555999994277954,2.555999994277954,3.7760000228881836,3.7760000228881836,3.7760000228881836,3.740000009536743,3.7360000610351562,3.74399995803833,3.747999906539917,3.747999906539917,3.747999906539917,3.747999906539917,2.944000005722046,2.944000005722046,2.944000005722046,2.880000114440918,2.815999984741211,2.759999990463257,2.7039999961853027,2.6440000534057617,2.5959999561309814,2.5959999561309814,2.5439999103546143,2.48799991607666,2.436000108718872,2.388000011444092,2.3440001010894775,2.303999900817871,2.2880001068115234,2.184000015258789,2.184000015258789,2.1640000343322754,2.128000020980835,2.1040000915527344,2.0799999237060547,2.0799999237060547,2.0160000324249268,2.0160000324249268,1.9859999418258667,1.9600000381469727,1.940000057220459,1.9299999475479126,1.9240000247955322,1.9119999408721924,1.8960000276565552,1.8739999532699585,1.8539999723434448,1.8339999914169312,1.8079999685287476,1.8079999685287476,1.7860000133514404,1.7619999647140503,1.7419999837875366,1.722000002861023,1.7020000219345093,1.684000015258789,1.6619999408721924,1.6380000114440918,1.5160000324249268,1.5160000324249268,1.50600004196167,1.49399995803833,1.4819999933242798,inf,inf,inf,inf,inf,1.4040000438690186,1.4040000438690186,1.4040000438690186,1.4040000438690186,1.4040000438690186,1.3940000534057617,...,47.0,47.0,47.0,47.0,47.0,47.0,47.0,47.0,47.0,47.0,47.0,47.0,47.0,47.0,47.0,0.0,0.0,0.0,47.0,47.0,47.0,47.0,47.0,0.0,0.0,0.0,0.0,0.0,0.0,0.0,0.0,0.0,0.0,0.0,0.0,0.0,0.0,0.0,0.0,0.0,0.0,0.0,0.0,0.0,0.0,0.0,0.0,0.0,0.0,0.0,0.0,0.0,0.0,0.0,0.0,0.0,0.0,0.0,0.0,0.0,0.0,0.0,0.0,0.0,0.0,0.0,0.0,0.0,0.0,0.0,47.0,47.0,47.0,47.0,47.0,0.0,0.0,0.0,0.0,0.0,0.0,0.0,0.0,0.0,0.0,0.0,0.0,0.0,0.0,0.0,0.0,0.0,0.0,0.0,0.0,0.0,0.0,0.0,0.0,0.0,0.0,0.0,0.0,0.0,0.0,0.0,0.0,0.0,0.0,0.0,0.0,0.0,0.0,0.0,0.0,0.0,0.0,0.0,0.0,0.0,0.0,0.0,0.0,0.0,0.0,0.0,0.0,0.0,...
1763030779,619961330,laser,-3.1241390705108643,3.1415927410125732,0.0034828970674425364,5.7216275308746845e-05,0.10293208062648773,0.15000000596046448,16.0,2.5360000133514404,2.5320000648498535,2.5320000648498535,2.5320000648498535,2.5320000648498535,2.5320000648498535,2.5320000648498535,2.5320000648498535,2.5320000648498535,2.5320000648498535,2.5320000648498535,2.5320000648498535,2.5320000648498535,2.5320000648498535,2.5320000648498535,2.5320000648498535,2.5320000648498535,2.5320000648498535,2.5280001163482666,2.5320000648498535,2.5360000133514404,2.5360000133514404,2.5360000133514404,2.5320000648498535,2.5320000648498535,2.5320000648498535,2.5320000648498535,2.5320000648498535,2.5360000133514404,2.5360000133514404,2.5360000133514404,2.5360000133514404,2.5360000133514404,2.5360000133514404,2.5320000648498535,2.5360000133514404,2.5360000133514404,2.5360000133514404,2.5399999618530273,2.5439999103546143,2.5439999103546143,2.5399999618530273,2.5439999103546143,2.5439999103546143,2.5439999103546143,2.5280001163482666,2.5160000324249268,2.5199999809265137,2.5199999809265137,2.5199999809265137,2.5360000133514404,2.5480000972747803,2.552000045776367,2.552000045776367,2.555999994277954,2.555999994277954,3.7760000228881836,3.7760000228881836,3.7760000228881836,3.740000009536743,3.7360000610351562,3.74399995803833,3.747999906539917,3.747999906539917,3.752000093460083,3.752000093460083,2.944000005722046,2.944000005722046,2.944000005722046,2.944000005722046,2.880000114440918,2.812000036239624,2.740000009536743,2.687999963760376,2.6440000534057617,2.5880000591278076,2.5360000133514404,2.48799991607666,2.436000108718872,2.384000062942505,2.3440001010894775,2.303999900817871,2.2839999198913574,2.2839999198913574,2.200000047683716,2.200000047683716,2.1640000343322754,2.128000020980835,2.0959999561309814,2.072000026702881,2.0480000972747803,2.0179998874664307,1.9859999418258667,1.9600000381469727,1.940000057220459,1.9299999475479126,1.9240000247955322,1.9119999408721924,1.9119999408721924,1.8960000276565552,1.8739999532699585,1.8480000495910645,1.8279999494552612,1.8079999685287476,1.784000039100647,1.7599999904632568,1.7380000352859497,1.718000054359436,1.7020000219345093,1.684000015258789,1.6619999408721924,1.6260000467300415,1.5160000324249268,1.5160000324249268,1.503999948501587,1.4919999837875366,1.4919999837875366,1.4819999933242798,1.465999960899353,1.4320000410079956,1.4320000410079956,1.4320000410079956,1.4320000410079956,1.4320000410079956,1.4019999504089355,1.4019999504089355,1.4019999504089355,1.3880000114440918,...,47.0,47.0,47.0,47.0,47.0,47.0,47.0,47.0,47.0,47.0,47.0,47.0,47.0,47.0,47.0,47.0,0.0,0.0,0.0,0.0,0.0,0.0,0.0,0.0,0.0,0.0,0.0,0.0,0.0,0.0,0.0,0.0,0.0,0.0,0.0,0.0,0.0,0.0,0.0,0.0,0.0,0.0,0.0,0.0,0.0,0.0,0.0,0.0,0.0,0.0,0.0,0.0,0.0,0.0,0.0,0.0,0.0,0.0,0.0,0.0,0.0,0.0,0.0,0.0,0.0,0.0,0.0,0.0,0.0,0.0,0.0,47.0,47.0,47.0,47.0,47.0,0.0,0.0,0.0,0.0,0.0,0.0,0.0,0.0,0.0,0.0,0.0,0.0,0.0,0.0,0.0,0.0,0.0,0.0,0.0,0.0,0.0,0.0,0.0,0.0,0.0,0.0,0.0,0.0,0.0,0.0,0.0,0.0,0.0,0.0,0.0,0.0,0.0,0.0,0.0,0.0,0.0,0.0,0.0,0.0,0.0,0.0,0.0,0.0,0.0,0.0,0.0,0.0,...
1763030779,724460588,laser,-3.1241390705108643,3.1415927410125732,0.0034828970674425364,5.380894799600355e-05,0.09680230170488358,0.15000000596046448,16.0,2.5320000648498535,2.5320000648498535,2.5320000648498535,2.5320000648498535,2.5320000648498535,2.5320000648498535,2.5320000648498535,2.5320000648498535,2.5320000648498535,2.5320000648498535,2.5320000648498535,2.5320000648498535,2.5320000648498535,2.5320000648498535,2.5320000648498535,2.5320000648498535,2.5320000648498535,2.5320000648498535,2.5280001163482666,2.5320000648498535,2.5360000133514404,2.5360000133514404,2.5360000133514404,2.5320000648498535,2.5320000648498535,2.5320000648498535,2.5320000648498535,2.5320000648498535,2.5360000133514404,2.5360000133514404,2.5360000133514404,2.5360000133514404,2.5360000133514404,2.5320000648498535,2.5320000648498535,2.5320000648498535,2.5360000133514404,2.5360000133514404,2.5399999618530273,2.5439999103546143,2.5439999103546143,2.5399999618530273,2.5399999618530273,2.5439999103546143,2.5280001163482666,2.51200008392334,2.5199999809265137,2.5199999809265137,2.5199999809265137,2.5280001163482666,2.5480000972747803,2.5480000972747803,2.5480000972747803,2.552000045776367,2.555999994277954,2.552000045776367,3.7720000743865967,3.7720000743865967,3.740000009536743,3.740000009536743,3.7320001125335693,3.7360000610351562,3.747999906539917,3.747999906539917,3.752000093460083,3.752000093460083,2.9200000762939453,2.9200000762939453,2.864000082015991,2.864000082015991,2.864000082015991,2.799999952316284,2.740000009536743,2.671999931335449,2.624000072479248,2.5799999237060547,2.5320000648498535,2.4839999675750732,2.427999973297119,2.371999979019165,2.3399999141693115,2.3399999141693115,2.299999952316284,2.24399995803833,2.2160000801086426,2.200000047683716,2.1519999504089355,2.1080000400543213,2.0880000591278076,2.059999942779541,2.0239999294281006,1.996000051498413,1.9800000190734863,1.9520000219345093,1.9199999570846558,1.9199999570846558,1.899999976158142,1.8919999599456787,1.8819999694824219,1.8660000562667847,1.8559999465942383,1.8359999656677246,1.815999984741211,1.7960000038146973,1.7719999551773071,1.7480000257492065,1.7280000448226929,1.7079999446868896,1.687999963760376,1.687999963760376,1.6679999828338623,1.6480000019073486,1.4980000257492065,1.4980000257492065,1.4980000257492065,1.4980000257492065,1.4880000352859497,1.4780000448226929,inf,inf,inf,inf,inf,inf,1.3960000276565552,1.3960000276565552,1.3960000276565552,1.3960000276565552,...,47.0,47.0,47.0,47.0,47.0,47.0,47.0,47.0,47.0,47.0,47.0,47.0,47.0,47.0,47.0,47.0,0.0,0.0,0.0,0.0,0.0,0.0,0.0,0.0,0.0,0.0,0.0,0.0,0.0,0.0,0.0,0.0,0.0,0.0,0.0,0.0,0.0,0.0,0.0,0.0,0.0,0.0,0.0,0.0,0.0,0.0,0.0,0.0,0.0,0.0,0.0,0.0,0.0,0.0,0.0,0.0,0.0,0.0,0.0,0.0,0.0,0.0,0.0,0.0,0.0,0.0,0.0,0.0,0.0,0.0,0.0,0.0,0.0,0.0,0.0,0.0,0.0,0.0,0.0,0.0,0.0,0.0,0.0,0.0,0.0,0.0,0.0,0.0,0.0,0.0,0.0,0.0,0.0,0.0,0.0,0.0,0.0,0.0,0.0,0.0,0.0,0.0,0.0,0.0,0.0,0.0,0.0,0.0,0.0,0.0,0.0,0.0,0.0,0.0,0.0,0.0,0.0,0.0,0.0,0.0,0.0,0.0,0.0,0.0,0.0,0.0,0.0,0.0,...
1763030779,822829446,laser,-3.1241390705108643,3.1415927410125732,0.0034828970674425364,5.7146960898535326e-05,0.10280738025903702,0.15000000596046448,16.0,2.5320000648498535,2.5320000648498535,2.5320000648498535,2.5320000648498535,2.5320000648498535,2.5320000648498535,2.5320000648498535,2.5320000648498535,2.5320000648498535,2.5320000648498535,2.5320000648498535,2.5320000648498535,2.5320000648498535,2.5320000648498535,2.5320000648498535,2.5320000648498535,2.5320000648498535,2.5320000648498535,2.5320000648498535,2.5360000133514404,2.5360000133514404,2.5360000133514404,2.5320000648498535,2.5320000648498535,2.5320000648498535,2.5320000648498535,2.5320000648498535,2.5320000648498535,2.5360000133514404,2.5360000133514404,2.5360000133514404,2.5360000133514404,2.5360000133514404,2.5360000133514404,2.5320000648498535,2.5320000648498535,2.5360000133514404,2.5399999618530273,2.5399999618530273,2.5399999618530273,2.5399999618530273,2.5399999618530273,2.5399999618530273,2.5480000972747803,2.5239999294281006,2.503999948501587,2.5199999809265137,2.5199999809265137,2.5199999809265137,2.5199999809265137,2.5320000648498535,2.5439999103546143,2.552000045776367,2.555999994277954,2.555999994277954,2.552000045776367,3.752000093460083,3.752000093460083,3.752000093460083,3.740000009536743,3.740000009536743,3.7360000610351562,3.740000009536743,3.74399995803833,3.747999906539917,3.752000093460083,2.880000114440918,2.880000114440918,2.880000114440918,2.880000114440918,2.828000068664551,2.7839999198913574,2.7239999771118164,2.6519999504089355,2.615999937057495,2.507999897003174,2.4560000896453857,2.4560000896453857,2.3959999084472656,2.3959999084472656,2.364000082015991,2.328000068664551,2.299999952316284,2.184000015258789,2.184000015258789,2.187999963760376,2.140000104904175,2.1040000915527344,2.0840001106262207,2.052000045776367,2.052000045776367,1.9819999933242798,1.9600000381469727,1.9600000381469727,1.9199999570846558,1.8960000276565552,1.8760000467300415,1.8619999885559082,1.8539999723434448,1.8420000076293945,1.8339999914169312,1.8200000524520874,1.8020000457763672,1.784000039100647,1.784000039100647,1.7660000324249268,1.74399995803833,1.722000002861023,1.7039999961853027,1.6859999895095825,1.6660000085830688,1.6419999599456787,1.5260000228881836,1.5260000228881836,1.50600004196167,1.49399995803833,1.4819999933242798,inf,inf,inf,inf,inf,inf,1.4019999504089355,1.4019999504089355,1.4019999504089355,1.4019999504089355,1.4019999504089355,...,47.0,47.0,47.0,47.0,47.0,47.0,47.0,47.0,47.0,47.0,47.0,47.0,47.0,47.0,47.0,0.0,0.0,0.0,47.0,47.0,47.0,47.0,47.0,0.0,0.0,0.0,0.0,0.0,0.0,0.0,0.0,0.0,0.0,0.0,0.0,0.0,0.0,0.0,0.0,0.0,0.0,0.0,0.0,0.0,0.0,0.0,0.0,0.0,0.0,0.0,0.0,0.0,0.0,0.0,0.0,0.0,0.0,0.0,0.0,0.0,0.0,0.0,0.0,0.0,0.0,0.0,0.0,0.0,0.0,0.0,0.0,0.0,0.0,0.0,0.0,0.0,0.0,0.0,0.0,0.0,0.0,0.0,0.0,0.0,0.0,0.0,0.0,0.0,0.0,0.0,0.0,0.0,0.0,0.0,0.0,0.0,0.0,0.0,0.0,0.0,0.0,0.0,0.0,0.0,0.0,0.0,0.0,0.0,0.0,0.0,0.0,0.0,0.0,0.0,0.0,0.0,0.0,0.0,0.0,0.0,0.0,0.0,0.0,0.0,0.0,0.0,0.0,0.0,...
1763030779,927110984,laser,-3.1241390705108643,3.1415927410125732,0.0034828970674425364,5.714770304621197e-05,0.10280872136354446,0.15000000596046448,16.0,2.5360000133514404,2.5320000648498535,2.5320000648498535,2.5320000648498535,2.5320000648498535,2.5320000648498535,2.5320000648498535,2.5320000648498535,2.5280001163482666,2.5320000648498535,2.5320000648498535,2.5320000648498535,2.5320000648498535,2.5320000648498535,2.5320000648498535,2.5320000648498535,2.5320000648498535,2.5320000648498535,2.5320000648498535,2.5360000133514404,2.5360000133514404,2.5360000133514404,2.5320000648498535,2.5320000648498535,2.5320000648498535,2.5320000648498535,2.5320000648498535,2.5360000133514404,2.5360000133514404,2.5360000133514404,2.5360000133514404,2.5360000133514404,2.5360000133514404,2.5360000133514404,2.5320000648498535,2.5360000133514404,2.5360000133514404,2.5399999618530273,2.5439999103546143,2.5439999103546143,2.5439999103546143,2.5399999618530273,2.5480000972747803,2.5399999618530273,2.5399999618530273,2.5239999294281006,2.5199999809265137,2.5199999809265137,2.5199999809265137,2.5199999809265137,2.5360000133514404,2.552000045776367,2.552000045776367,2.555999994277954,2.555999994277954,2.555999994277954,3.7720000743865967,3.7720000743865967,3.740000009536743,3.740000009536743,3.7320001125335693,3.740000009536743,3.747999906539917,3.747999906539917,3.747999906539917,3.747999906539917,3.747999906539917,2.871999979019165,2.871999979019165,2.871999979019165,2.871999979019165,2.803999900817871,2.7360000610351562,2.680000066757202,2.631999969482422,2.5799999237060547,2.5320000648498535,2.4800000190734863,2.436000108718872,2.3399999141693115,2.299999952316284,2.299999952316284,2.252000093460083,2.252000093460083,2.200000047683716,2.200000047683716,2.1559998989105225,2.111999988555908,2.0880000591278076,2.055999994277954,2.0199999809265137,1.9919999837875366,1.9700000286102295,1.9459999799728394,1.9140000343322754,1.8799999952316284,1.8639999628067017,1.850000023841858,1.840000033378601,1.840000033378601,1.8380000591278076,1.8220000267028809,1.809999942779541,1.7960000038146973,1.7719999551773071,1.7480000257492065,1.7280000448226929,1.7079999446868896,1.687999963760376,1.6660000085830688,1.6660000085830688,1.6480000019073486,1.49399995803833,1.49399995803833,1.49399995803833,1.49399995803833,1.4839999675750732,1.4780000448226929,inf,inf,inf,1.4119999408721924,1.4119999408721924,1.4119999408721924,1.4119999408721924,1.4119999408721924,1.3980000019073486,1.3980000019073486,...,47.0,47.0,47.0,47.0,47.0,47.0,47.0,47.0,47.0,47.0,47.0,47.0,47.0,47.0,47.0,47.0,0.0,0.0,0.0,0.0,0.0,0.0,0.0,0.0,0.0,0.0,0.0,0.0,0.0,0.0,0.0,0.0,0.0,0.0,0.0,0.0,0.0,0.0,0.0,0.0,0.0,0.0,0.0,0.0,0.0,0.0,0.0,0.0,0.0,0.0,0.0,0.0,0.0,0.0,0.0,0.0,0.0,0.0,0.0,0.0,0.0,0.0,0.0,0.0,0.0,0.0,0.0,0.0,0.0,0.0,0.0,0.0,0.0,0.0,0.0,0.0,0.0,0.0,0.0,0.0,0.0,0.0,0.0,0.0,0.0,0.0,0.0,0.0,0.0,0.0,0.0,0.0,0.0,0.0,0.0,0.0,0.0,0.0,0.0,0.0,0.0,0.0,0.0,0.0,0.0,0.0,0.0,0.0,0.0,0.0,0.0,0.0,0.0,0.0,0.0,0.0,0.0,0.0,0.0,0.0,0.0,0.0,0.0,0.0,0.0,0.0,0.0,0.0,...
1763030780,31294280,laser,-3.1241390705108643,3.1415927410125732,0.0034828970674425364,5.39162901986856e-05,0.09699540585279465,0.15000000596046448,16.0,2.5239999294281006,2.5320000648498535,2.5320000648498535,2.5320000648498535,2.5320000648498535,2.5320000648498535,2.5320000648498535,2.5320000648498535,2.5320000648498535,2.5320000648498535,2.5320000648498535,2.5320000648498535,2.5320000648498535,2.5320000648498535,2.5320000648498535,2.5320000648498535,2.5320000648498535,2.5320000648498535,2.5320000648498535,2.5320000648498535,2.5360000133514404,2.5320000648498535,2.5360000133514404,2.5320000648498535,2.5320000648498535,2.5320000648498535,2.5320000648498535,2.5320000648498535,2.5360000133514404,2.5360000133514404,2.5360000133514404,2.5360000133514404,2.5320000648498535,2.5320000648498535,2.5320000648498535,2.5320000648498535,2.5360000133514404,2.5360000133514404,2.5399999618530273,2.5439999103546143,2.5439999103546143,2.5399999618530273,2.5399999618530273,2.5439999103546143,2.5399999618530273,2.5199999809265137,2.5160000324249268,2.5199999809265137,2.5160000324249268,2.5199999809265137,2.5360000133514404,2.5360000133514404,2.552000045776367,2.552000045776367,2.555999994277954,2.555999994277954,3.7679998874664307,3.7679998874664307,3.7679998874664307,3.740000009536743,3.7360000610351562,3.740000009536743,3.740000009536743,3.747999906539917,3.752000093460083,3.752000093460083,2.9159998893737793,2.9159998893737793,2.9159998893737793,2.9159998893737793,2.868000030517578,2.803999900817871,2.7360000610351562,2.6679999828338623,2.619999885559082,2.5799999237060547,2.51200008392334,2.4600000381469727,2.4600000381469727,2.371999979019165,2.371999979019165,2.3359999656677246,2.299999952316284,2.2079999446868896,2.2079999446868896,2.196000099182129,2.1480000019073486,2.1080000400543213,2.0880000591278076,2.055999994277954,2.0179998874664307,1.9880000352859497,1.9700000286102295,1.9700000286102295,1.9459999799728394,1.9220000505447388,1.909999966621399,1.9040000438690186,1.8919999599456787,1.8739999532699585,1.8539999723434448,1.8339999914169312,1.8140000104904175,1.7899999618530273,1.7660000324249268,1.7660000324249268,1.7480000257492065,1.7280000448226929,1.7059999704360962,1.6859999895095825,1.6660000085830688,1.6419999599456787,1.5180000066757202,1.5180000066757202,1.50600004196167,1.496000051498413,1.4839999675750732,inf,inf,inf,inf,inf,inf,1.4019999504089355,1.4019999504089355,1.4019999504089355,1.4019999504089355,1.4019999504089355,...,47.0,47.0,47.0,47.0,47.0,47.0,47.0,47.0,47.0,47.0,47.0,47.0,47.0,47.0,47.0,0.0,0.0,0.0,0.0,0.0,0.0,0.0,0.0,0.0,0.0,0.0,0.0,0.0,0.0,0.0,0.0,0.0,0.0,0.0,0.0,0.0,0.0,0.0,0.0,0.0,0.0,0.0,0.0,0.0,0.0,0.0,0.0,0.0,0.0,0.0,0.0,0.0,0.0,0.0,0.0,0.0,0.0,0.0,0.0,0.0,0.0,0.0,0.0,0.0,0.0,0.0,0.0,0.0,0.0,0.0,0.0,0.0,0.0,0.0,0.0,0.0,0.0,0.0,0.0,0.0,0.0,0.0,0.0,0.0,0.0,0.0,0.0,0.0,0.0,0.0,0.0,0.0,0.0,0.0,0.0,0.0,0.0,0.0,0.0,0.0,0.0,0.0,0.0,0.0,0.0,0.0,0.0,0.0,0.0,0.0,0.0,0.0,0.0,0.0,0.0,0.0,0.0,0.0,0.0,0.0,0.0,0.0,0.0,0.0,0.0,0.0,0.0,0.0,...
1763030780,129672425,laser,-3.1241390705108643,3.1415927410125732,0.0034828970674425364,5.728387986891903e-05,0.10305369645357132,0.15000000596046448,16.0,2.5199999809265137,2.5320000648498535,2.5320000648498535,2.5320000648498535,2.5320000648498535,2.5320000648498535,2.5320000648498535,2.5320000648498535,2.5320000648498535,2.5320000648498535,2.5320000648498535,2.5320000648498535,2.5320000648498535,2.5320000648498535,2.5320000648498535,2.5320000648498535,2.5320000648498535,2.5320000648498535,2.5320000648498535,2.5320000648498535,2.5360000133514404,2.5360000133514404,2.5360000133514404,2.5320000648498535,2.5320000648498535,2.5320000648498535,2.5320000648498535,2.5320000648498535,2.5360000133514404,2.5360000133514404,2.5360000133514404,2.5360000133514404,2.5320000648498535,2.5320000648498535,2.5320000648498535,2.5320000648498535,2.5360000133514404,2.5360000133514404,2.5399999618530273,2.5399999618530273,2.5439999103546143,2.5399999618530273,2.5399999618530273,2.552000045776367,2.5399999618530273,2.5160000324249268,2.5160000324249268,2.5199999809265137,2.5160000324249268,2.5199999809265137,2.5320000648498535,2.5480000972747803,2.552000045776367,2.555999994277954,2.555999994277954,2.555999994277954,3.7880001068115234,3.7880001068115234,3.7880001068115234,3.740000009536743,3.7360000610351562,3.74399995803833,3.747999906539917,3.747999906539917,3.747999906539917,3.747999906539917,3.747999906539917,2.940000057220459,2.875999927520752,2.875999927520752,2.875999927520752,2.812000036239624,2.752000093460083,2.700000047683716,2.6440000534057617,2.5880000591278076,2.5280001163482666,2.4719998836517334,2.431999921798706,2.384000062942505,2.3359999656677246,2.2960000038146973,2.2720000743865967,2.24399995803833,2.24399995803833,2.196000099182129,2.1559998989105225,2.124000072479248,2.0959999561309814,2.065999984741211,2.0320000648498535,2.0139999389648438,2.003999948501587,1.9880000352859497,1.9780000448226929,1.9600000381469727,1.9600000381469727,1.937999963760376,1.9140000343322754,1.8919999599456787,1.8700000047683716,1.8459999561309814,1.8200000524520874,1.7960000038146973,1.7719999551773071,1.7480000257492065,1.7280000448226929,1.7079999446868896,1.687999963760376,1.687999963760376,1.6660000085830688,1.6480000019073486,1.5199999809265137,1.5199999809265137,1.50600004196167,1.5,1.4880000352859497,1.4759999513626099,inf,inf,inf,inf,1.406000018119812,1.406000018119812,1.406000018119812,1.406000018119812,1.406000018119812,1.3980000019073486,...,47.0,47.0,47.0,47.0,47.0,47.0,47.0,47.0,47.0,47.0,47.0,47.0,47.0,47.0,47.0,47.0,47.0,0.0,0.0,0.0,0.0,0.0,0.0,0.0,0.0,0.0,0.0,0.0,0.0,0.0,0.0,0.0,0.0,0.0,0.0,0.0,0.0,0.0,0.0,0.0,0.0,0.0,0.0,0.0,0.0,0.0,0.0,0.0,0.0,0.0,0.0,0.0,0.0,0.0,0.0,0.0,0.0,0.0,0.0,0.0,0.0,0.0,0.0,0.0,0.0,0.0,0.0,0.0,0.0,0.0,0.0,0.0,0.0,0.0,0.0,0.0,0.0,0.0,0.0,0.0,0.0,0.0,0.0,0.0,0.0,0.0,0.0,0.0,0.0,0.0,0.0,0.0,0.0,0.0,0.0,0.0,0.0,0.0,0.0,0.0,0.0,0.0,0.0,0.0,0.0,0.0,0.0,0.0,0.0,0.0,0.0,0.0,0.0,0.0,0.0,0.0,0.0,0.0,0.0,0.0,0.0,0.0,0.0,0.0,0.0,0.0,0.0,0.0,...
1763030780,234195024,laser,-3.1241390705108643,3.1415927410125732,0.0034828970674425364,5.7198049034923315e-05,0.10289929062128067,0.15000000596046448,16.0,2.5360000133514404,2.5320000648498535,2.5320000648498535,2.5320000648498535,2.5320000648498535,2.5320000648498535,2.5320000648498535,2.5320000648498535,2.5320000648498535,2.5320000648498535,2.5320000648498535,2.5320000648498535,2.5320000648498535,2.5320000648498535,2.5320000648498535,2.5320000648498535,2.5320000648498535,2.5280001163482666,2.5320000648498535,2.5360000133514404,2.5360000133514404,2.5360000133514404,2.5320000648498535,2.5320000648498535,2.5320000648498535,2.5320000648498535,2.5320000648498535,2.5360000133514404,2.5360000133514404,2.5360000133514404,2.5360000133514404,2.5360000133514404,2.5360000133514404,2.5360000133514404,2.5320000648498535,2.5360000133514404,2.5360000133514404,2.5399999618530273,2.5399999618530273,2.5399999618530273,2.5399999618530273,2.5399999618530273,2.5399999618530273,2.552000045776367,2.5360000133514404,2.5160000324249268,2.5199999809265137,2.5199999809265137,2.5199999809265137,2.5199999809265137,2.5320000648498535,2.5480000972747803,2.552000045776367,2.555999994277954,2.555999994277954,2.555999994277954,2.552000045776367,3.740000009536743,3.740000009536743,3.7360000610351562,3.7360000610351562,3.7360000610351562,3.740000009536743,3.747999906539917,3.747999906539917,3.747999906539917,3.747999906539917,2.944000005722046,2.880000114440918,2.880000114440918,2.880000114440918,2.812000036239624,2.752000093460083,2.700000047683716,2.6440000534057617,2.5880000591278076,2.5280001163482666,2.4719998836517334,2.431999921798706,2.384000062942505,2.3399999141693115,2.2960000038146973,2.2720000743865967,2.2720000743865967,2.24399995803833,2.196000099182129,2.1559998989105225,2.115999937057495,2.0880000591278076,2.065999984741211,2.0339999198913574,2.0160000324249268,2.003999948501587,1.9880000352859497,1.9780000448226929,1.9780000448226929,1.9579999446868896,1.937999963760376,1.9140000343322754,1.8919999599456787,1.8700000047683716,1.843999981880188,1.8200000524520874,1.7960000038146973,1.7719999551773071,1.75,1.7300000190734863,1.7079999446868896,1.7079999446868896,1.687999963760376,1.6660000085830688,1.6480000019073486,1.5199999809265137,1.5199999809265137,1.5080000162124634,1.5,1.4880000352859497,1.4780000448226929,inf,inf,inf,inf,1.4040000438690186,1.4040000438690186,1.4040000438690186,1.4040000438690186,1.4040000438690186,1.3940000534057617,...,47.0,47.0,47.0,47.0,47.0,47.0,47.0,47.0,47.0,47.0,47.0,47.0,47.0,47.0,47.0,0.0,0.0,0.0,47.0,47.0,47.0,47.0,47.0,0.0,0.0,0.0,0.0,0.0,0.0,0.0,0.0,0.0,0.0,0.0,0.0,0.0,0.0,0.0,0.0,0.0,0.0,0.0,0.0,0.0,0.0,0.0,0.0,0.0,0.0,0.0,0.0,0.0,0.0,0.0,0.0,0.0,0.0,0.0,0.0,0.0,0.0,0.0,0.0,0.0,0.0,0.0,0.0,0.0,0.0,0.0,0.0,0.0,0.0,0.0,0.0,0.0,0.0,0.0,0.0,0.0,0.0,0.0,0.0,0.0,0.0,0.0,0.0,0.0,0.0,0.0,0.0,47.0,47.0,47.0,47.0,47.0,0.0,0.0,0.0,0.0,0.0,0.0,0.0,0.0,0.0,0.0,0.0,0.0,0.0,0.0,0.0,0.0,0.0,0.0,0.0,0.0,0.0,0.0,0.0,0.0,0.0,0.0,0.0,0.0,0.0,0.0,47.0,47.0,...
1763030780,338798929,laser,-3.1241390705108643,3.1415927410125732,0.0034828970674425364,5.3663428843719885e-05,0.09654051065444946,0.15000000596046448,16.0,2.5360000133514404,2.5320000648498535,2.5320000648498535,2.5320000648498535,2.5320000648498535,2.5320000648498535,2.5320000648498535,2.5320000648498535,2.5320000648498535,2.5320000648498535,2.5320000648498535,2.5320000648498535,2.5320000648498535,2.5320000648498535,2.5320000648498535,2.5320000648498535,2.5320000648498535,2.5320000648498535,2.5320000648498535,2.5360000133514404,2.5360000133514404,2.5360000133514404,2.5320000648498535,2.5320000648498535,2.5320000648498535,2.5320000648498535,2.5320000648498535,2.5360000133514404,2.5360000133514404,2.5360000133514404,2.5360000133514404,2.5360000133514404,2.5360000133514404,2.5360000133514404,2.5320000648498535,2.5360000133514404,2.5399999618530273,2.5399999618530273,2.5399999618530273,2.5439999103546143,2.5439999103546143,2.5399999618530273,2.5439999103546143,2.552000045776367,2.5360000133514404,2.5360000133514404,2.5160000324249268,2.5199999809265137,2.5199999809265137,2.5199999809265137,2.5360000133514404,2.5480000972747803,2.552000045776367,2.555999994277954,2.555999994277954,2.555999994277954,3.7839999198913574,3.7839999198913574,3.740000009536743,3.740000009536743,3.7320001125335693,3.740000009536743,3.747999906539917,3.747999906539917,3.752000093460083,3.752000093460083,2.936000108718872,2.868000030517578,2.868000030517578,2.868000030517578,2.868000030517578,2.803999900817871,2.7320001125335693,2.6679999828338623,2.624000072479248,2.5799999237060547,2.5280001163482666,2.4719998836517334,2.427999973297119,2.384000062942505,2.3359999656677246,2.3359999656677246,2.299999952316284,2.2079999446868896,2.196000099182129,2.196000099182129,2.1440000534057617,2.1080000400543213,2.0880000591278076,2.052000045776367,2.01200008392334,1.9839999675750732,1.9639999866485596,1.9320000410079956,1.9320000410079956,1.9019999504089355,1.8819999694824219,1.8660000562667847,1.8539999723434448,1.8380000591278076,1.8320000171661377,1.8200000524520874,1.8020000457763672,1.784000039100647,1.7660000324249268,1.7660000324249268,1.7419999837875366,1.722000002861023,1.7039999961853027,1.6859999895095825,1.6660000085830688,1.6419999599456787,1.5240000486373901,1.50600004196167,1.50600004196167,1.4919999837875366,1.468000054359436,inf,1.4320000410079956,1.4320000410079956,1.4320000410079956,1.4320000410079956,1.4320000410079956,1.4019999504089355,1.4019999504089355,1.4019999504089355,1.3880000114440918,1.3880000114440918,...,47.0,47.0,47.0,47.0,47.0,47.0,47.0,47.0,47.0,47.0,47.0,47.0,47.0,47.0,47.0,0.0,0.0,0.0,0.0,0.0,0.0,0.0,0.0,0.0,0.0,0.0,0.0,0.0,0.0,0.0,0.0,0.0,0.0,0.0,0.0,0.0,0.0,0.0,0.0,0.0,0.0,0.0,0.0,0.0,0.0,0.0,0.0,0.0,0.0,0.0,0.0,0.0,0.0,0.0,0.0,0.0,0.0,0.0,0.0,0.0,0.0,0.0,0.0,0.0,0.0,0.0,0.0,0.0,0.0,0.0,0.0,47.0,47.0,47.0,47.0,47.0,0.0,0.0,0.0,0.0,0.0,0.0,0.0,0.0,0.0,0.0,0.0,0.0,0.0,0.0,0.0,0.0,0.0,0.0,0.0,0.0,0.0,0.0,0.0,0.0,0.0,0.0,0.0,0.0,0.0,47.0,47.0,47.0,47.0,47.0,0.0,0.0,0.0,0.0,0.0,0.0,0.0,0.0,0.0,0.0,0.0,0.0,0.0,47.0,47.0,47.0,47.0,47.0,...
1763030780,436858977,laser,-3.1241390705108643,3.1415927410125732,0.0034828970674425364,5.720163608202711e-05,0.1029057428240776,0.15000000596046448,16.0,2.5360000133514404,2.5320000648498535,2.5320000648498535,2.5320000648498535,2.5320000648498535,2.5320000648498535,2.5320000648498535,2.5320000648498535,2.5320000648498535,2.5320000648498535,2.5320000648498535,2.5320000648498535,2.5320000648498535,2.5320000648498535,2.5320000648498535,2.5320000648498535,2.5320000648498535,2.5320000648498535,2.5320000648498535,2.5320000648498535,2.5320000648498535,2.5360000133514404,2.5360000133514404,2.5320000648498535,2.5320000648498535,2.5320000648498535,2.5320000648498535,2.5360000133514404,2.5360000133514404,2.5360000133514404,2.5360000133514404,2.5360000133514404,2.5360000133514404,2.5360000133514404,2.5320000648498535,2.5360000133514404,2.5399999618530273,2.5399999618530273,2.5399999618530273,2.5439999103546143,2.5439999103546143,2.5399999618530273,2.5399999618530273,2.5439999103546143,2.5280001163482666,2.51200008392334,2.5160000324249268,2.5199999809265137,2.5199999809265137,2.5320000648498535,2.5480000972747803,2.5480000972747803,2.552000045776367,2.552000045776367,2.555999994277954,2.552000045776367,3.75600004196167,3.75600004196167,3.75600004196167,3.74399995803833,3.7360000610351562,3.740000009536743,3.740000009536743,3.74399995803833,3.747999906539917,3.752000093460083,2.9000000953674316,2.9000000953674316,2.9000000953674316,2.8359999656677246,2.8359999656677246,2.7920000553131104,2.7239999771118164,2.6559998989105225,2.615999937057495,2.568000078201294,2.568000078201294,2.5160000324249268,2.359999895095825,2.359999895095825,2.359999895095825,2.3239998817443848,2.2920000553131104,2.180000066757202,2.180000066757202,2.187999963760376,2.140000104904175,2.1080000400543213,2.0840001106262207,2.0840001106262207,2.0,2.0,1.9800000190734863,1.9520000219345093,1.9160000085830688,1.8960000276565552,1.8739999532699585,1.8559999465942383,1.8539999723434448,1.8420000076293945,1.8320000171661377,1.8179999589920044,1.8179999589920044,1.7999999523162842,1.784000039100647,1.7599999904632568,1.7380000352859497,1.722000002861023,1.7039999961853027,1.6820000410079956,1.659999966621399,1.6339999437332153,1.5240000486373901,1.5240000486373901,1.50600004196167,1.4900000095367432,1.4900000095367432,1.4759999513626099,1.4600000381469727,1.4600000381469727,1.4600000381469727,1.4279999732971191,1.4279999732971191,1.4279999732971191,1.3960000276565552,1.3960000276565552,1.3960000276565552,1.3960000276565552,...,47.0,47.0,47.0,47.0,47.0,47.0,47.0,47.0,47.0,47.0,47.0,47.0,47.0,47.0,47.0,47.0,0.0,0.0,0.0,0.0,0.0,0.0,0.0,0.0,0.0,0.0,0.0,0.0,0.0,0.0,0.0,0.0,0.0,0.0,0.0,0.0,0.0,0.0,0.0,0.0,0.0,0.0,0.0,0.0,0.0,0.0,0.0,0.0,0.0,0.0,0.0,0.0,0.0,0.0,0.0,0.0,0.0,0.0,0.0,0.0,0.0,0.0,0.0,0.0,0.0,0.0,0.0,0.0,0.0,0.0,0.0,0.0,0.0,0.0,0.0,0.0,0.0,0.0,0.0,0.0,0.0,0.0,0.0,0.0,0.0,0.0,0.0,0.0,0.0,0.0,0.0,0.0,0.0,0.0,0.0,0.0,0.0,0.0,0.0,0.0,0.0,0.0,0.0,0.0,0.0,0.0,0.0,0.0,0.0,0.0,0.0,0.0,0.0,0.0,0.0,0.0,0.0,0.0,0.0,0.0,0.0,0.0,0.0,0.0,0.0,0.0,0.0,0.0,...
1763030780,541266445,laser,-3.1241390705108643,3.1415927410125732,0.0034828970674425364,5.378221612772904e-05,0.09675420820713043,0.15000000596046448,16.0,2.5199999809265137,2.5360000133514404,2.5320000648498535,2.5320000648498535,2.5320000648498535,2.5320000648498535,2.5320000648498535,2.5320000648498535,2.5320000648498535,2.5320000648498535,2.5320000648498535,2.5320000648498535,2.5320000648498535,2.5320000648498535,2.5320000648498535,2.5320000648498535,2.5320000648498535,2.5320000648498535,2.5320000648498535,2.5320000648498535,2.5320000648498535,2.5360000133514404,2.5360000133514404,2.5320000648498535,2.5320000648498535,2.5320000648498535,2.5320000648498535,2.5320000648498535,2.5360000133514404,2.5360000133514404,2.5360000133514404,2.5360000133514404,2.5320000648498535,2.5320000648498535,2.5320000648498535,2.5320000648498535,2.5360000133514404,2.5399999618530273,2.5399999618530273,2.5399999618530273,2.5399999618530273,2.5399999618530273,2.5399999618530273,2.5480000972747803,2.5320000648498535,2.5160000324249268,2.5199999809265137,2.5199999809265137,2.5160000324249268,2.5199999809265137,2.5320000648498535,2.5480000972747803,2.552000045776367,2.555999994277954,2.555999994277954,2.552000045776367,2.552000045776367,3.740000009536743,3.740000009536743,3.740000009536743,3.740000009536743,3.740000009536743,3.740000009536743,3.747999906539917,3.752000093460083,3.747999906539917,3.747999906539917,2.940000057220459,2.940000057220459,2.880000114440918,2.812000036239624,2.812000036239624,2.740000009536743,2.696000099182129,2.6519999504089355,2.5959999561309814,2.5360000133514404,2.4800000190734863,2.436000108718872,2.384000062942505,2.3359999656677246,2.2960000038146973,2.2720000743865967,2.24399995803833,2.24399995803833,2.196000099182129,2.1600000858306885,2.119999885559082,2.0840001106262207,2.052000045776367,2.0239999294281006,2.0,1.9780000448226929,1.9500000476837158,1.9240000247955322,1.9079999923706055,1.9079999923706055,1.899999976158142,1.8899999856948853,1.8760000467300415,1.8619999885559082,1.840000033378601,1.8179999589920044,1.7960000038146973,1.7719999551773071,1.75,1.7300000190734863,1.7079999446868896,1.687999963760376,1.687999963760376,1.6640000343322754,1.6460000276565552,1.527999997138977,1.527999997138977,1.5080000162124634,1.5,1.4880000352859497,inf,inf,inf,inf,inf,inf,1.4040000438690186,1.4040000438690186,1.4040000438690186,1.4040000438690186,1.4040000438690186,...,47.0,47.0,47.0,47.0,47.0,47.0,47.0,47.0,47.0,47.0,47.0,47.0,47.0,47.0,47.0,0.0,0.0,0.0,47.0,47.0,47.0,47.0,47.0,0.0,0.0,0.0,0.0,0.0,0.0,0.0,0.0,0.0,0.0,0.0,0.0,0.0,0.0,0.0,0.0,0.0,0.0,0.0,0.0,0.0,0.0,0.0,0.0,0.0,0.0,0.0,0.0,0.0,0.0,0.0,0.0,0.0,0.0,0.0,0.0,0.0,0.0,0.0,0.0,0.0,0.0,0.0,0.0,0.0,0.0,0.0,0.0,0.0,0.0,0.0,0.0,0.0,0.0,0.0,0.0,0.0,0.0,0.0,0.0,0.0,0.0,0.0,0.0,0.0,0.0,0.0,0.0,47.0,47.0,47.0,47.0,47.0,0.0,0.0,0.0,0.0,0.0,0.0,0.0,0.0,0.0,0.0,0.0,0.0,0.0,0.0,0.0,0.0,0.0,0.0,0.0,0.0,0.0,0.0,0.0,0.0,0.0,0.0,0.0,0.0,0.0,0.0,0.0,0.0,...
1763030780,639834873,laser,-3.1241390705108643,3.1415927410125732,0.0034828970674425364,5.696656444342807e-05,0.10248284786939621,0.15000000596046448,16.0,2.5360000133514404,2.5320000648498535,2.5320000648498535,2.5320000648498535,2.5320000648498535,2.5320000648498535,2.5320000648498535,2.5320000648498535,2.5320000648498535,2.5320000648498535,2.5320000648498535,2.5320000648498535,2.5320000648498535,2.5320000648498535,2.5320000648498535,2.5320000648498535,2.5320000648498535,2.5320000648498535,2.5320000648498535,2.5360000133514404,2.5360000133514404,2.5320000648498535,2.5320000648498535,2.5320000648498535,2.5320000648498535,2.5320000648498535,2.5320000648498535,2.5360000133514404,2.5360000133514404,2.5360000133514404,2.5360000133514404,2.5360000133514404,2.5360000133514404,2.5360000133514404,2.5320000648498535,2.5360000133514404,2.5360000133514404,2.5399999618530273,2.5439999103546143,2.5439999103546143,2.5439999103546143,2.5399999618530273,2.5480000972747803,2.5320000648498535,2.5320000648498535,2.51200008392334,2.5160000324249268,2.5199999809265137,2.5199999809265137,2.5199999809265137,2.5360000133514404,2.552000045776367,2.552000045776367,2.552000045776367,2.555999994277954,2.555999994277954,3.75600004196167,3.75600004196167,3.740000009536743,3.740000009536743,3.7360000610351562,3.740000009536743,3.747999906539917,3.752000093460083,3.752000093460083,3.75600004196167,2.9040000438690186,2.8519999980926514,2.8519999980926514,2.8519999980926514,2.8519999980926514,2.7920000553131104,2.740000009536743,2.680000066757202,2.624000072479248,2.568000078201294,2.507999897003174,2.4679999351501465,2.4119999408721924,2.364000082015991,2.364000082015991,2.3359999656677246,2.308000087738037,2.2039999961853027,2.180000066757202,2.180000066757202,2.131999969482422,2.1040000915527344,2.0840001106262207,2.052000045776367,2.0199999809265137,1.996000051498413,1.9759999513626099,1.9759999513626099,1.9559999704360962,1.940000057220459,1.9320000410079956,1.9160000085830688,1.8980000019073486,1.8799999952316284,1.8580000400543213,1.8359999656677246,1.809999942779541,1.7860000133514404,1.7860000133514404,1.7619999647140503,1.7419999837875366,1.722000002861023,1.7020000219345093,1.6820000410079956,1.659999966621399,1.6360000371932983,1.5160000324249268,1.50600004196167,1.50600004196167,1.4919999837875366,1.4800000190734863,inf,inf,inf,inf,1.4119999408721924,1.4119999408721924,1.4119999408721924,1.4119999408721924,1.4119999408721924,1.399999976158142,1.399999976158142,...,47.0,47.0,47.0,47.0,47.0,47.0,47.0,47.0,47.0,47.0,47.0,47.0,47.0,47.0,47.0,47.0,47.0,47.0,47.0,47.0,47.0,47.0,0.0,0.0,0.0,0.0,0.0,0.0,0.0,0.0,0.0,0.0,0.0,0.0,0.0,0.0,0.0,0.0,0.0,0.0,0.0,0.0,0.0,0.0,0.0,0.0,0.0,0.0,0.0,0.0,0.0,0.0,0.0,0.0,0.0,0.0,0.0,0.0,0.0,0.0,0.0,0.0,0.0,0.0,0.0,0.0,0.0,0.0,0.0,0.0,0.0,0.0,0.0,0.0,0.0,0.0,0.0,0.0,0.0,0.0,0.0,0.0,0.0,0.0,0.0,0.0,0.0,0.0,0.0,0.0,0.0,0.0,0.0,0.0,0.0,0.0,0.0,0.0,0.0,0.0,0.0,0.0,0.0,0.0,0.0,0.0,0.0,0.0,0.0,0.0,0.0,0.0,0.0,0.0,0.0,0.0,0.0,0.0,0.0,0.0,0.0,0.0,0.0,0.0,0.0,0.0,0.0,0.0,...
1763030780,743855290,laser,-3.1241390705108643,3.1415927410125732,0.0034828970674425364,5.3762163588544354e-05,0.09671813249588013,0.15000000596046448,16.0,2.5199999809265137,2.5360000133514404,2.5360000133514404,2.5320000648498535,2.5320000648498535,2.5320000648498535,2.5320000648498535,2.5320000648498535,2.5320000648498535,2.5320000648498535,2.5320000648498535,2.5320000648498535,2.5320000648498535,2.5320000648498535,2.5320000648498535,2.5320000648498535,2.5320000648498535,2.5280001163482666,2.5280001163482666,2.5320000648498535,2.5320000648498535,2.5360000133514404,2.5320000648498535,2.5320000648498535,2.5320000648498535,2.5320000648498535,2.5320000648498535,2.5320000648498535,2.5360000133514404,2.5360000133514404,2.5360000133514404,2.5360000133514404,2.5320000648498535,2.5320000648498535,2.5320000648498535,2.5320000648498535,2.5360000133514404,2.5360000133514404,2.5399999618530273,2.5439999103546143,2.5439999103546143,2.5399999618530273,2.5439999103546143,2.5320000648498535,2.5320000648498535,2.51200008392334,2.5160000324249268,2.5199999809265137,2.5199999809265137,2.5199999809265137,2.5360000133514404,2.552000045776367,2.552000045776367,2.552000045776367,2.555999994277954,2.555999994277954,3.759999990463257,3.759999990463257,3.759999990463257,3.7360000610351562,3.7320001125335693,3.740000009536743,3.747999906539917,3.747999906539917,3.747999906539917,3.752000093460083,2.9040000438690186,2.9040000438690186,2.9040000438690186,2.9040000438690186,2.8519999980926514,2.7920000553131104,2.7279999256134033,2.6679999828338623,2.624000072479248,2.568000078201294,2.507999897003174,2.4679999351501465,2.4679999351501465,2.364000082015991,2.364000082015991,2.3320000171661377,2.2960000038146973,2.2039999961853027,2.2039999961853027,2.191999912261963,2.1440000534057617,2.1040000915527344,2.0799999237060547,2.052000045776367,2.052000045776367,1.99399995803833,1.9700000286102295,1.9700000286102295,1.940000057220459,1.9199999570846558,1.909999966621399,1.899999976158142,1.8899999856948853,1.871999979019165,1.8539999723434448,1.8339999914169312,1.809999942779541,1.809999942779541,1.7860000133514404,1.7619999647140503,1.7419999837875366,1.722000002861023,1.7020000219345093,1.6820000410079956,1.659999966621399,1.6360000371932983,1.5180000066757202,1.5180000066757202,1.50600004196167,1.4919999837875366,1.4639999866485596,inf,inf,inf,1.4279999732971191,1.4279999732971191,1.4279999732971191,1.4279999732971191,1.4279999732971191,1.399999976158142,1.399999976158142,1.399999976158142,...,0.0,47.0,47.0,47.0,47.0,47.0,47.0,47.0,47.0,47.0,47.0,47.0,47.0,47.0,47.0,47.0,0.0,0.0,0.0,47.0,47.0,47.0,47.0,47.0,0.0,0.0,0.0,0.0,0.0,0.0,0.0,0.0,0.0,0.0,0.0,0.0,0.0,0.0,0.0,0.0,0.0,0.0,0.0,0.0,0.0,0.0,0.0,0.0,0.0,0.0,0.0,0.0,0.0,0.0,0.0,0.0,0.0,0.0,0.0,0.0,0.0,0.0,0.0,0.0,0.0,0.0,0.0,0.0,0.0,0.0,0.0,0.0,0.0,0.0,0.0,0.0,0.0,0.0,0.0,0.0,0.0,0.0,0.0,0.0,0.0,0.0,0.0,0.0,0.0,47.0,47.0,47.0,47.0,47.0,0.0,0.0,0.0,0.0,0.0,0.0,0.0,0.0,0.0,0.0,0.0,0.0,0.0,0.0,0.0,0.0,0.0,0.0,0.0,0.0,0.0,0.0,0.0,0.0,0.0,0.0,0.0,0.0,0.0,47.0,47.0,47.0,47.0,47.0,...
1763030780,842139396,laser,-3.1241390705108643,3.1415927410125732,0.0034828970674425364,5.717651583836414e-05,0.10286055505275726,0.15000000596046448,16.0,2.5360000133514404,2.5320000648498535,2.5320000648498535,2.5320000648498535,2.5320000648498535,2.5320000648498535,2.5320000648498535,2.5320000648498535,2.5320000648498535,2.5320000648498535,2.5320000648498535,2.5320000648498535,2.5320000648498535,2.5320000648498535,2.5320000648498535,2.5320000648498535,2.5320000648498535,2.5320000648498535,2.5320000648498535,2.5320000648498535,2.5320000648498535,2.5360000133514404,2.5360000133514404,2.5320000648498535,2.5320000648498535,2.5320000648498535,2.5320000648498535,2.5320000648498535,2.5360000133514404,2.5360000133514404,2.5360000133514404,2.5360000133514404,2.5360000133514404,2.5360000133514404,2.5320000648498535,2.5320000648498535,2.5360000133514404,2.5360000133514404,2.5399999618530273,2.5439999103546143,2.5439999103546143,2.5399999618530273,2.5439999103546143,2.5439999103546143,2.5320000648498535,2.51200008392334,2.5160000324249268,2.5199999809265137,2.5199999809265137,2.5280001163482666,2.5439999103546143,2.5439999103546143,2.552000045776367,2.552000045776367,2.555999994277954,2.552000045776367,3.75600004196167,3.75600004196167,3.740000009536743,3.740000009536743,3.7320001125335693,3.740000009536743,3.740000009536743,3.747999906539917,3.747999906539917,3.752000093460083,2.9000000953674316,2.9000000953674316,2.8519999980926514,2.8519999980926514,2.8519999980926514,2.7880001068115234,2.7239999771118164,2.6600000858306885,2.619999885559082,2.568000078201294,2.507999897003174,2.507999897003174,2.4040000438690186,2.364000082015991,2.364000082015991,2.3239998817443848,2.2920000553131104,2.184000015258789,2.180000066757202,2.180000066757202,2.131999969482422,2.1040000915527344,2.0799999237060547,2.0480000972747803,2.007999897003174,1.9780000448226929,1.9780000448226929,1.9500000476837158,1.9160000085830688,1.8940000534057617,1.8739999532699585,1.8600000143051147,1.8539999723434448,1.8420000076293945,1.8320000171661377,1.815999984741211,1.815999984741211,1.8020000457763672,1.7860000133514404,1.7619999647140503,1.7359999418258667,1.715999960899353,1.7020000219345093,1.6799999475479126,1.659999966621399,1.6360000371932983,1.50600004196167,1.5,1.5,1.4919999837875366,1.4919999837875366,1.4819999933242798,1.465999960899353,1.465999960899353,1.434000015258789,1.434000015258789,1.434000015258789,1.4140000343322754,1.4140000343322754,1.4140000343322754,1.4140000343322754,1.399999976158142,...,47.0,47.0,47.0,47.0,47.0,47.0,47.0,47.0,47.0,47.0,47.0,47.0,47.0,47.0,47.0,47.0,47.0,0.0,0.0,0.0,0.0,0.0,0.0,0.0,0.0,0.0,0.0,0.0,0.0,0.0,0.0,0.0,0.0,0.0,0.0,0.0,0.0,0.0,0.0,0.0,0.0,0.0,0.0,0.0,0.0,0.0,0.0,0.0,0.0,0.0,0.0,0.0,0.0,0.0,0.0,0.0,0.0,0.0,0.0,0.0,0.0,0.0,0.0,0.0,0.0,0.0,0.0,0.0,0.0,47.0,47.0,47.0,47.0,47.0,0.0,0.0,0.0,0.0,0.0,0.0,0.0,0.0,0.0,0.0,0.0,0.0,0.0,0.0,0.0,0.0,47.0,47.0,47.0,47.0,47.0,0.0,0.0,0.0,0.0,0.0,0.0,0.0,0.0,0.0,0.0,0.0,0.0,0.0,0.0,0.0,0.0,0.0,0.0,0.0,0.0,0.0,0.0,0.0,0.0,0.0,0.0,0.0,0.0,0.0,0.0,0.0,0.0,0.0,...
1763030780,946746103,laser,-3.1241390705108643,3.1415927410125732,0.0034828970674425364,5.368959318730049e-05,0.09658758342266083,0.15000000596046448,16.0,2.5199999809265137,2.5360000133514404,2.5320000648498535,2.5320000648498535,2.5320000648498535,2.5320000648498535,2.5320000648498535,2.5320000648498535,2.5320000648498535,2.5320000648498535,2.5320000648498535,2.5320000648498535,2.5320000648498535,2.5320000648498535,2.5320000648498535,2.5320000648498535,2.5320000648498535,2.5320000648498535,2.5320000648498535,2.5320000648498535,2.5360000133514404,2.5320000648498535,2.5320000648498535,2.5320000648498535,2.5320000648498535,2.5320000648498535,2.5320000648498535,2.5320000648498535,2.5360000133514404,2.5360000133514404,2.5360000133514404,2.5360000133514404,2.5320000648498535,2.5320000648498535,2.5320000648498535,2.5320000648498535,2.5360000133514404,2.5360000133514404,2.5399999618530273,2.5439999103546143,2.5439999103546143,2.5399999618530273,2.5439999103546143,2.5360000133514404,2.5360000133514404,2.5160000324249268,2.5160000324249268,2.5199999809265137,2.5199999809265137,2.5199999809265137,2.5360000133514404,2.552000045776367,2.552000045776367,2.552000045776367,2.555999994277954,2.555999994277954,3.75600004196167,3.75600004196167,3.75600004196167,3.7360000610351562,3.7279999256134033,3.740000009536743,3.747999906539917,3.747999906539917,3.74399995803833,3.752000093460083,2.9000000953674316,2.9000000953674316,2.9000000953674316,2.8480000495910645,2.8480000495910645,2.7920000553131104,2.7279999256134033,2.6640000343322754,2.619999885559082,2.568000078201294,2.507999897003174,2.4600000381469727,2.4600000381469727,2.364000082015991,2.364000082015991,2.3320000171661377,2.299999952316284,2.200000047683716,2.200000047683716,2.191999912261963,2.1440000534057617,2.1040000915527344,2.0799999237060547,2.049999952316284,2.049999952316284,1.9839999675750732,1.9839999675750732,1.9559999704360962,1.9299999475479126,1.909999966621399,1.8960000276565552,1.8880000114440918,1.8819999694824219,1.8660000562667847,1.8480000495910645,1.8300000429153442,1.809999942779541,1.809999942779541,1.7860000133514404,1.7619999647140503,1.7400000095367432,1.722000002861023,1.7020000219345093,1.6820000410079956,1.6619999408721924,1.6399999856948853,1.5219999551773071,1.5219999551773071,1.50600004196167,1.4919999837875366,1.465999960899353,inf,inf,1.4299999475479126,1.4299999475479126,1.4299999475479126,1.4299999475479126,1.4299999475479126,1.4019999504089355,1.4019999504089355,1.4019999504089355,1.3860000371932983,...,47.0,47.0,47.0,47.0,47.0,47.0,47.0,47.0,47.0,47.0,47.0,47.0,47.0,47.0,47.0,47.0,0.0,0.0,0.0,0.0,0.0,0.0,0.0,0.0,0.0,0.0,0.0,0.0,0.0,0.0,0.0,0.0,0.0,0.0,0.0,0.0,0.0,0.0,0.0,0.0,0.0,0.0,0.0,0.0,0.0,0.0,0.0,0.0,0.0,0.0,0.0,0.0,0.0,0.0,0.0,0.0,0.0,0.0,0.0,0.0,0.0,0.0,0.0,0.0,0.0,0.0,0.0,0.0,0.0,0.0,0.0,0.0,0.0,0.0,0.0,0.0,0.0,0.0,0.0,0.0,0.0,0.0,0.0,0.0,0.0,0.0,0.0,0.0,0.0,47.0,47.0,47.0,47.0,47.0,0.0,0.0,0.0,0.0,0.0,0.0,0.0,0.0,0.0,0.0,0.0,0.0,0.0,0.0,0.0,0.0,0.0,0.0,0.0,0.0,0.0,0.0,0.0,0.0,0.0,0.0,0.0,0.0,0.0,0.0,47.0,47.0,47.0,47.0,...
1763030781,44676947,laser,-3.1241390705108643,3.1415927410125732,0.0034828970674425364,5.728790711145848e-05,0.10306094586849213,0.15000000596046448,16.0,2.5360000133514404,2.5360000133514404,2.5320000648498535,2.5320000648498535,2.5320000648498535,2.5320000648498535,2.5320000648498535,2.5320000648498535,2.5320000648498535,2.5320000648498535,2.5320000648498535,2.5320000648498535,2.5320000648498535,2.5320000648498535,2.5320000648498535,2.5320000648498535,2.5320000648498535,2.5320000648498535,2.5320000648498535,2.5320000648498535,2.5320000648498535,2.5320000648498535,2.5320000648498535,2.5320000648498535,2.5320000648498535,2.5320000648498535,2.5320000648498535,2.5320000648498535,2.5360000133514404,2.5360000133514404,2.5360000133514404,2.5360000133514404,2.5360000133514404,2.5360000133514404,2.5320000648498535,2.5320000648498535,2.5360000133514404,2.5360000133514404,2.5399999618530273,2.5439999103546143,2.5439999103546143,2.5439999103546143,2.5399999618530273,2.5480000972747803,2.5199999809265137,2.503999948501587,2.5199999809265137,2.5199999809265137,2.5199999809265137,2.5320000648498535,2.5320000648498535,2.5439999103546143,2.552000045776367,2.555999994277954,2.555999994277954,2.552000045776367,3.752000093460083,3.752000093460083,3.7360000610351562,3.7360000610351562,3.7360000610351562,3.7360000610351562,3.740000009536743,3.747999906539917,3.747999906539917,3.752000093460083,2.9000000953674316,2.9000000953674316,2.759999990463257,2.759999990463257,2.759999990463257,2.7039999961853027,2.7039999961853027,2.6559998989105225,2.6040000915527344,2.6040000915527344,2.5439999103546143,2.48799991607666,2.444000005722046,2.3919999599456787,2.3480000495910645,2.308000087738037,2.2839999198913574,2.184000015258789,2.1640000343322754,2.1640000343322754,2.131999969482422,2.0999999046325684,2.0999999046325684,2.0739998817443848,2.0439999103546143,2.0139999389648438,1.9859999418258667,1.968000054359436,1.9500000476837158,1.934000015258789,1.9240000247955322,1.9079999923706055,1.9079999923706055,1.8700000047683716,1.8700000047683716,1.8459999561309814,1.8220000267028809,1.7979999780654907,1.7740000486373901,1.7519999742507935,1.7319999933242798,1.7100000381469727,1.690000057220459,1.6699999570846558,1.6699999570846558,1.6480000019073486,1.531999945640564,1.5080000162124634,1.5080000162124634,1.496000051498413,1.4859999418258667,1.4780000448226929,inf,inf,inf,inf,1.4040000438690186,1.4040000438690186,1.4040000438690186,1.4040000438690186,1.4040000438690186,1.3960000276565552,...,47.0,47.0,47.0,47.0,47.0,47.0,47.0,47.0,47.0,47.0,47.0,47.0,47.0,47.0,47.0,0.0,0.0,0.0,0.0,0.0,0.0,0.0,0.0,0.0,0.0,0.0,0.0,0.0,0.0,0.0,0.0,0.0,0.0,0.0,0.0,0.0,0.0,0.0,0.0,0.0,0.0,0.0,0.0,0.0,0.0,0.0,0.0,0.0,0.0,0.0,0.0,0.0,0.0,0.0,0.0,0.0,0.0,0.0,0.0,0.0,0.0,0.0,0.0,0.0,0.0,0.0,0.0,47.0,47.0,47.0,47.0,47.0,0.0,0.0,0.0,0.0,0.0,0.0,0.0,0.0,0.0,0.0,0.0,0.0,0.0,0.0,0.0,0.0,0.0,0.0,0.0,47.0,47.0,47.0,47.0,47.0,0.0,0.0,0.0,0.0,0.0,0.0,0.0,0.0,0.0,0.0,0.0,0.0,0.0,0.0,0.0,0.0,0.0,0.0,0.0,0.0,0.0,0.0,0.0,0.0,0.0,0.0,0.0,0.0,0.0,0.0,0.0,0.0,...
1763030781,149185515,laser,-3.1241390705108643,3.1415927410125732,0.0034828970674425364,5.381879600463435e-05,0.09682001173496246,0.15000000596046448,16.0,2.5199999809265137,2.5320000648498535,2.5320000648498535,2.5320000648498535,2.5320000648498535,2.5320000648498535,2.5320000648498535,2.5320000648498535,2.5320000648498535,2.5320000648498535,2.5280001163482666,2.5320000648498535,2.5320000648498535,2.5320000648498535,2.5320000648498535,2.5320000648498535,2.5360000133514404,2.5320000648498535,2.5320000648498535,2.5320000648498535,2.5320000648498535,2.5320000648498535,2.5320000648498535,2.5320000648498535,2.5320000648498535,2.5320000648498535,2.5320000648498535,2.5320000648498535,2.5360000133514404,2.5360000133514404,2.5360000133514404,2.5360000133514404,2.5360000133514404,2.5360000133514404,2.5320000648498535,2.5320000648498535,2.5360000133514404,2.5399999618530273,2.5399999618530273,2.5399999618530273,2.5399999618530273,2.5399999618530273,2.5399999618530273,2.5480000972747803,2.5239999294281006,2.503999948501587,2.5199999809265137,2.5199999809265137,2.5199999809265137,2.5199999809265137,2.5320000648498535,2.5480000972747803,2.552000045776367,2.555999994277954,2.555999994277954,2.552000045776367,2.552000045776367,3.740000009536743,3.740000009536743,3.740000009536743,3.7360000610351562,3.7360000610351562,3.740000009536743,3.74399995803833,3.747999906539917,3.747999906539917,2.9519999027252197,2.9519999027252197,2.9519999027252197,2.8959999084472656,2.752000093460083,2.752000093460083,2.752000093460083,2.696000099182129,2.6519999504089355,2.6040000915527344,2.5439999103546143,2.4839999675750732,2.440000057220459,2.3440001010894775,2.3440001010894775,2.303999900817871,2.2839999198913574,2.2839999198913574,2.196000099182129,2.196000099182129,2.1519999504089355,2.119999885559082,2.0999999046325684,2.072000026702881,2.0339999198913574,2.00600004196167,1.9819999933242798,1.9579999446868896,1.944000005722046,1.9299999475479126,1.9299999475479126,1.9160000085830688,1.9019999504089355,1.8839999437332153,1.8660000562667847,1.8459999561309814,1.8220000267028809,1.7960000038146973,1.7719999551773071,1.75,1.7300000190734863,1.7100000381469727,1.690000057220459,1.690000057220459,1.6679999828338623,1.6480000019073486,1.5219999551773071,1.5219999551773071,1.5080000162124634,1.4980000257492065,1.4859999418258667,inf,inf,inf,inf,inf,inf,1.4040000438690186,1.4040000438690186,1.4040000438690186,1.4040000438690186,1.4040000438690186,...,47.0,47.0,47.0,47.0,47.0,47.0,47.0,47.0,47.0,47.0,47.0,47.0,47.0,47.0,47.0,47.0,0.0,0.0,0.0,47.0,47.0,47.0,47.0,47.0,0.0,0.0,0.0,0.0,0.0,0.0,0.0,0.0,0.0,0.0,0.0,0.0,0.0,0.0,0.0,0.0,0.0,0.0,0.0,0.0,0.0,0.0,0.0,0.0,0.0,0.0,0.0,0.0,0.0,0.0,0.0,0.0,0.0,0.0,0.0,0.0,0.0,0.0,0.0,0.0,0.0,0.0,0.0,0.0,0.0,0.0,0.0,0.0,47.0,47.0,47.0,47.0,47.0,0.0,0.0,0.0,0.0,0.0,0.0,0.0,0.0,0.0,0.0,0.0,0.0,47.0,47.0,47.0,47.0,47.0,0.0,0.0,0.0,0.0,0.0,0.0,0.0,0.0,0.0,0.0,0.0,0.0,0.0,0.0,0.0,0.0,0.0,0.0,0.0,0.0,0.0,0.0,0.0,0.0,0.0,0.0,0.0,0.0,0.0,0.0,0.0,0.0,0.0,0.0,...
1763030781,247376287,laser,-3.1241390705108643,3.1415927410125732,0.0034828970674425364,5.7276454754173756e-05,0.10304034501314163,0.15000000596046448,16.0,2.5280001163482666,2.5320000648498535,2.5320000648498535,2.5320000648498535,2.5320000648498535,2.5320000648498535,2.5320000648498535,2.5320000648498535,2.5320000648498535,2.5320000648498535,2.5320000648498535,2.5320000648498535,2.5320000648498535,2.5320000648498535,2.5320000648498535,2.5320000648498535,2.5360000133514404,2.5320000648498535,2.5320000648498535,2.5360000133514404,2.5320000648498535,2.5320000648498535,2.5320000648498535,2.5320000648498535,2.5320000648498535,2.5320000648498535,2.5320000648498535,2.5360000133514404,2.5360000133514404,2.5360000133514404,2.5360000133514404,2.5360000133514404,2.5360000133514404,2.5360000133514404,2.5320000648498535,2.5360000133514404,2.5360000133514404,2.5399999618530273,2.5399999618530273,2.5399999618530273,2.5439999103546143,2.5399999618530273,2.5480000972747803,2.5360000133514404,2.5360000133514404,2.5199999809265137,2.5160000324249268,2.5199999809265137,2.5199999809265137,2.5199999809265137,2.5360000133514404,2.552000045776367,2.552000045776367,2.552000045776367,2.555999994277954,2.555999994277954,3.759999990463257,3.759999990463257,3.759999990463257,3.7360000610351562,3.7320001125335693,3.74399995803833,3.747999906539917,3.747999906539917,3.747999906539917,3.747999906539917,3.747999906539917,2.9200000762939453,2.9200000762939453,2.859999895095825,2.859999895095825,2.7960000038146973,2.7279999256134033,2.6600000858306885,2.615999937057495,2.568000078201294,2.5199999809265137,2.4800000190734863,2.4200000762939453,2.368000030517578,2.3320000171661377,2.3320000171661377,2.303999900817871,2.2039999961853027,2.2039999961853027,2.191999912261963,2.1440000534057617,2.1040000915527344,2.072000026702881,2.0460000038146973,2.0160000324249268,1.9900000095367432,1.968000054359436,1.940000057220459,1.940000057220459,1.9259999990463257,1.9160000085830688,1.9040000438690186,1.8880000114440918,1.8660000562667847,1.850000023841858,1.8320000171661377,1.809999942779541,1.7879999876022339,1.7879999876022339,1.7640000581741333,1.7419999837875366,1.722000002861023,1.7039999961853027,1.684000015258789,1.659999966621399,1.6360000371932983,1.5219999551773071,1.5219999551773071,1.50600004196167,1.4919999837875366,inf,inf,inf,inf,inf,inf,1.399999976158142,1.399999976158142,1.399999976158142,1.399999976158142,1.399999976158142,1.3860000371932983,...,47.0,47.0,47.0,47.0,47.0,47.0,47.0,47.0,47.0,47.0,47.0,47.0,47.0,47.0,47.0,47.0,47.0,47.0,47.0,47.0,47.0,47.0,0.0,0.0,0.0,0.0,0.0,0.0,0.0,0.0,0.0,0.0,0.0,0.0,0.0,0.0,0.0,0.0,0.0,0.0,0.0,0.0,0.0,0.0,0.0,0.0,0.0,0.0,0.0,0.0,0.0,0.0,0.0,0.0,0.0,0.0,0.0,0.0,0.0,0.0,0.0,0.0,0.0,0.0,0.0,0.0,0.0,0.0,0.0,0.0,47.0,47.0,47.0,47.0,47.0,0.0,0.0,0.0,0.0,0.0,0.0,0.0,0.0,0.0,0.0,0.0,0.0,0.0,0.0,0.0,0.0,47.0,47.0,47.0,47.0,47.0,0.0,0.0,0.0,0.0,0.0,0.0,0.0,0.0,0.0,0.0,0.0,0.0,0.0,0.0,0.0,0.0,0.0,0.0,0.0,0.0,0.0,0.0,0.0,0.0,0.0,0.0,0.0,0.0,0.0,0.0,47.0,47.0,...
1763030781,351775226,laser,-3.1241390705108643,3.1415927410125732,0.0034828970674425364,5.72470817132853e-05,0.10298749804496765,0.15000000596046448,16.0,2.5360000133514404,2.5360000133514404,2.5320000648498535,2.5320000648498535,2.5320000648498535,2.5320000648498535,2.5320000648498535,2.5320000648498535,2.5320000648498535,2.5280001163482666,2.5280001163482666,2.5320000648498535,2.5320000648498535,2.5320000648498535,2.5320000648498535,2.5320000648498535,2.5320000648498535,2.5320000648498535,2.5320000648498535,2.5320000648498535,2.5360000133514404,2.5360000133514404,2.5360000133514404,2.5320000648498535,2.5320000648498535,2.5320000648498535,2.5320000648498535,2.5320000648498535,2.5360000133514404,2.5360000133514404,2.5360000133514404,2.5360000133514404,2.5360000133514404,2.5360000133514404,2.5320000648498535,2.5360000133514404,2.5360000133514404,2.5360000133514404,2.5399999618530273,2.5439999103546143,2.5439999103546143,2.5439999103546143,2.5399999618530273,2.5480000972747803,2.5239999294281006,2.503999948501587,2.5199999809265137,2.5199999809265137,2.5199999809265137,2.5199999809265137,2.5320000648498535,2.5480000972747803,2.552000045776367,2.555999994277954,2.555999994277954,2.552000045776367,3.752000093460083,3.752000093460083,3.752000093460083,3.752000093460083,3.740000009536743,3.740000009536743,3.74399995803833,3.747999906539917,3.747999906539917,3.752000093460083,2.884000062942505,2.884000062942505,2.884000062942505,2.884000062942505,2.828000068664551,2.828000068664551,2.75600004196167,2.6519999504089355,2.6519999504089355,2.6040000915527344,2.5399999618530273,2.4839999675750732,2.436000108718872,2.380000114440918,2.3359999656677246,2.2960000038146973,2.2799999713897705,2.196000099182129,2.196000099182129,2.1519999504089355,2.1519999504089355,2.119999885559082,2.0999999046325684,2.059999942779541,2.0239999294281006,1.9980000257492065,1.9759999513626099,1.944000005722046,1.9140000343322754,1.8919999599456787,1.8919999599456787,1.8739999532699585,1.8739999532699585,1.8660000562667847,1.8559999465942383,1.8320000171661377,1.815999984741211,1.7960000038146973,1.7740000486373901,1.75,1.7300000190734863,1.7100000381469727,1.690000057220459,1.690000057220459,1.6640000343322754,1.6440000534057617,1.5080000162124634,1.5080000162124634,1.5080000162124634,1.496000051498413,1.4839999675750732,inf,inf,inf,inf,1.4040000438690186,1.4040000438690186,1.4040000438690186,1.4040000438690186,1.4040000438690186,1.3940000534057617,1.3940000534057617,...,47.0,47.0,47.0,47.0,47.0,47.0,47.0,47.0,47.0,47.0,47.0,47.0,47.0,47.0,47.0,0.0,0.0,0.0,47.0,47.0,47.0,47.0,47.0,0.0,0.0,0.0,0.0,0.0,0.0,0.0,0.0,0.0,0.0,0.0,0.0,0.0,0.0,0.0,0.0,0.0,0.0,0.0,0.0,0.0,0.0,0.0,0.0,0.0,0.0,0.0,0.0,0.0,0.0,0.0,0.0,0.0,0.0,0.0,0.0,0.0,0.0,0.0,0.0,0.0,0.0,0.0,0.0,0.0,0.0,0.0,0.0,0.0,0.0,0.0,0.0,0.0,0.0,0.0,0.0,0.0,0.0,0.0,0.0,0.0,0.0,0.0,0.0,0.0,0.0,0.0,0.0,0.0,0.0,0.0,0.0,0.0,0.0,0.0,0.0,0.0,0.0,0.0,0.0,0.0,0.0,0.0,0.0,0.0,0.0,0.0,0.0,0.0,0.0,0.0,0.0,0.0,0.0,0.0,0.0,0.0,0.0,0.0,0.0,0.0,0.0,0.0,0.0,0.0,...
1763030781,456293342,laser,-3.1241390705108643,3.1415927410125732,0.0034828970674425364,5.375143518904224e-05,0.0966988280415535,0.15000000596046448,16.0,2.5199999809265137,2.5320000648498535,2.5320000648498535,2.5320000648498535,2.5320000648498535,2.5320000648498535,2.5320000648498535,2.5320000648498535,2.5320000648498535,2.5320000648498535,2.5280001163482666,2.5320000648498535,2.5320000648498535,2.5320000648498535,2.5320000648498535,2.5320000648498535,2.5320000648498535,2.5320000648498535,2.5320000648498535,2.5320000648498535,2.5360000133514404,2.5320000648498535,2.5320000648498535,2.5320000648498535,2.5320000648498535,2.5320000648498535,2.5320000648498535,2.5320000648498535,2.5360000133514404,2.5360000133514404,2.5360000133514404,2.5360000133514404,2.5360000133514404,2.5360000133514404,2.5320000648498535,2.5320000648498535,2.5360000133514404,2.5399999618530273,2.5399999618530273,2.5439999103546143,2.5439999103546143,2.5399999618530273,2.5399999618530273,2.5480000972747803,2.5239999294281006,2.503999948501587,2.5199999809265137,2.5199999809265137,2.5199999809265137,2.5280001163482666,2.5280001163482666,2.5439999103546143,2.552000045776367,2.552000045776367,2.555999994277954,2.552000045776367,3.752000093460083,3.752000093460083,3.752000093460083,3.740000009536743,3.74399995803833,3.74399995803833,3.74399995803833,3.747999906539917,3.747999906539917,3.752000093460083,2.884000062942505,2.884000062942505,2.884000062942505,2.884000062942505,2.8440001010894775,2.7920000553131104,2.6519999504089355,2.6040000915527344,2.6040000915527344,2.6040000915527344,2.5439999103546143,2.48799991607666,2.440000057220459,2.388000011444092,2.3440001010894775,2.308000087738037,2.2920000553131104,2.1760001182556152,2.1760001182556152,2.1640000343322754,2.119999885559082,2.0999999046325684,2.0999999046325684,2.072000026702881,2.0399999618530273,2.01200008392334,1.9739999771118164,1.944000005722046,1.9199999570846558,1.9040000438690186,1.899999976158142,1.8899999856948853,1.878000020980835,1.8660000562667847,1.8660000562667847,1.843999981880188,1.8200000524520874,1.7979999780654907,1.7760000228881836,1.753999948501587,1.7300000190734863,1.7100000381469727,1.6920000314712524,1.6720000505447388,1.6720000505447388,1.649999976158142,1.496000051498413,1.496000051498413,1.496000051498413,1.496000051498413,1.4839999675750732,1.4780000448226929,inf,inf,inf,1.406000018119812,1.406000018119812,1.406000018119812,1.406000018119812,1.406000018119812,1.3980000019073486,1.3980000019073486,...,47.0,47.0,47.0,47.0,47.0,47.0,47.0,47.0,47.0,47.0,47.0,47.0,47.0,47.0,47.0,47.0,47.0,0.0,0.0,0.0,47.0,47.0,47.0,47.0,47.0,0.0,0.0,0.0,0.0,0.0,0.0,0.0,0.0,0.0,0.0,0.0,0.0,0.0,0.0,0.0,0.0,0.0,0.0,0.0,0.0,0.0,0.0,0.0,0.0,0.0,0.0,0.0,0.0,0.0,0.0,0.0,0.0,0.0,0.0,0.0,0.0,0.0,0.0,0.0,0.0,0.0,0.0,0.0,0.0,0.0,0.0,0.0,0.0,0.0,0.0,0.0,0.0,0.0,0.0,0.0,0.0,0.0,0.0,0.0,0.0,0.0,0.0,0.0,0.0,0.0,0.0,0.0,0.0,0.0,0.0,0.0,0.0,0.0,0.0,0.0,0.0,0.0,0.0,0.0,0.0,0.0,0.0,0.0,0.0,0.0,0.0,0.0,0.0,0.0,0.0,0.0,0.0,0.0,0.0,0.0,0.0,0.0,0.0,0.0,0.0,0.0,0.0,0.0,...
1763030781,554417068,laser,-3.1241390705108643,3.1415927410125732,0.0034828970674425364,5.727983807446435e-05,0.10304643213748932,0.15000000596046448,16.0,2.5199999809265137,2.5320000648498535,2.5360000133514404,2.5320000648498535,2.5320000648498535,2.5320000648498535,2.5320000648498535,2.5320000648498535,2.5320000648498535,2.5320000648498535,2.5320000648498535,2.5320000648498535,2.5320000648498535,2.5320000648498535,2.5320000648498535,2.5320000648498535,2.5320000648498535,2.5320000648498535,2.5320000648498535,2.5320000648498535,2.5360000133514404,2.5320000648498535,2.5320000648498535,2.5320000648498535,2.5320000648498535,2.5320000648498535,2.5320000648498535,2.5320000648498535,2.5360000133514404,2.5360000133514404,2.5360000133514404,2.5360000133514404,2.5320000648498535,2.5320000648498535,2.5320000648498535,2.5320000648498535,2.5360000133514404,2.5399999618530273,2.5399999618530273,2.5439999103546143,2.5439999103546143,2.5399999618530273,2.5399999618530273,2.5480000972747803,2.5239999294281006,2.503999948501587,2.5199999809265137,2.5199999809265137,2.5199999809265137,2.5280001163482666,2.5280001163482666,2.5439999103546143,2.552000045776367,2.552000045776367,2.555999994277954,2.552000045776367,3.75600004196167,3.75600004196167,3.747999906539917,3.747999906539917,3.74399995803833,3.74399995803833,3.74399995803833,3.747999906539917,3.747999906539917,3.752000093460083,2.884000062942505,2.884000062942505,2.8440001010894775,2.8440001010894775,2.8440001010894775,2.7920000553131104,2.7200000286102295,2.6519999504089355,2.611999988555908,2.563999891281128,2.563999891281128,2.5,2.4519999027252197,2.4000000953674316,2.3559999465942383,2.319999933242798,2.2960000038146973,2.184000015258789,2.184000015258789,2.184000015258789,2.131999969482422,2.0999999046325684,2.0759999752044678,2.0759999752044678,2.0139999389648438,2.0139999389648438,1.9839999675750732,1.9559999704360962,1.9320000410079956,1.9179999828338623,1.9119999408721924,1.9019999504089355,1.8899999856948853,1.8700000047683716,1.8480000495910645,1.8480000495910645,1.8300000429153442,1.8020000457763672,1.7760000228881836,1.7580000162124634,1.7339999675750732,1.7139999866485596,1.6959999799728394,1.6759999990463257,1.659999966621399,1.6260000467300415,1.5119999647140503,1.5,1.5,1.4900000095367432,1.4900000095367432,1.4759999513626099,1.4600000381469727,1.4600000381469727,1.4259999990463257,1.4259999990463257,1.4259999990463257,1.3980000019073486,1.3980000019073486,1.3980000019073486,1.3839999437332153,1.3839999437332153,...,47.0,47.0,47.0,47.0,47.0,47.0,47.0,47.0,47.0,47.0,47.0,47.0,47.0,47.0,47.0,47.0,47.0,0.0,0.0,0.0,47.0,47.0,47.0,47.0,47.0,0.0,0.0,0.0,0.0,0.0,0.0,0.0,0.0,0.0,0.0,0.0,0.0,0.0,0.0,0.0,0.0,0.0,0.0,0.0,0.0,0.0,0.0,0.0,0.0,0.0,0.0,0.0,0.0,0.0,0.0,0.0,0.0,0.0,0.0,0.0,0.0,0.0,47.0,47.0,47.0,47.0,47.0,0.0,0.0,0.0,0.0,0.0,0.0,0.0,0.0,0.0,0.0,0.0,0.0,0.0,0.0,0.0,0.0,0.0,0.0,0.0,0.0,0.0,0.0,0.0,47.0,47.0,47.0,47.0,47.0,0.0,0.0,0.0,0.0,0.0,0.0,0.0,0.0,0.0,0.0,0.0,0.0,0.0,0.0,0.0,0.0,0.0,0.0,0.0,0.0,0.0,0.0,0.0,0.0,0.0,0.0,0.0,0.0,0.0,0.0,0.0,0.0,0.0,...
1763030781,659106296,laser,-3.1241390705108643,3.1415927410125732,0.0034828970674425364,5.3664491133531556e-05,0.09654241800308228,0.15000000596046448,16.0,2.5199999809265137,2.5320000648498535,2.5320000648498535,2.5320000648498535,2.5320000648498535,2.5320000648498535,2.5320000648498535,2.5320000648498535,2.5320000648498535,2.5320000648498535,2.5280001163482666,2.5320000648498535,2.5320000648498535,2.5320000648498535,2.5320000648498535,2.5320000648498535,2.5320000648498535,2.5320000648498535,2.5320000648498535,2.5320000648498535,2.5360000133514404,2.5320000648498535,2.5360000133514404,2.5320000648498535,2.5320000648498535,2.5320000648498535,2.5320000648498535,2.5320000648498535,2.5360000133514404,2.5360000133514404,2.5360000133514404,2.5360000133514404,2.5360000133514404,2.5360000133514404,2.5320000648498535,2.5360000133514404,2.5360000133514404,2.5399999618530273,2.5399999618530273,2.5399999618530273,2.5399999618530273,2.5399999618530273,2.5399999618530273,2.552000045776367,2.5320000648498535,2.507999897003174,2.5199999809265137,2.5160000324249268,2.5160000324249268,2.5199999809265137,2.5320000648498535,2.5480000972747803,2.552000045776367,2.555999994277954,2.555999994277954,2.552000045776367,2.552000045776367,3.740000009536743,3.740000009536743,3.740000009536743,3.74399995803833,3.74399995803833,3.74399995803833,3.747999906539917,3.747999906539917,3.747999906539917,2.940000057220459,2.884000062942505,2.884000062942505,2.884000062942505,2.747999906539917,2.747999906539917,2.747999906539917,2.6519999504089355,2.6519999504089355,2.5959999561309814,2.5399999618530273,2.48799991607666,2.440000057220459,2.384000062942505,2.3359999656677246,2.299999952316284,2.2720000743865967,2.24399995803833,2.24399995803833,2.1600000858306885,2.1600000858306885,2.119999885559082,2.0959999561309814,2.068000078201294,2.0320000648498535,2.0,1.9759999513626099,1.9479999542236328,1.9160000085830688,1.8919999599456787,1.8839999437332153,1.8739999532699585,1.8660000562667847,1.8580000400543213,1.8580000400543213,1.840000033378601,1.8200000524520874,1.7979999780654907,1.7740000486373901,1.75,1.7300000190734863,1.7100000381469727,1.690000057220459,1.6699999570846558,1.6699999570846558,1.649999976158142,1.496000051498413,1.496000051498413,1.496000051498413,1.496000051498413,1.4859999418258667,inf,inf,inf,inf,1.4079999923706055,1.4079999923706055,1.4079999923706055,1.4079999923706055,1.4079999923706055,1.3940000534057617,1.3940000534057617,...,47.0,47.0,47.0,47.0,47.0,47.0,47.0,47.0,47.0,47.0,47.0,47.0,47.0,47.0,47.0,47.0,0.0,0.0,0.0,47.0,47.0,47.0,47.0,47.0,0.0,0.0,0.0,0.0,0.0,0.0,0.0,0.0,0.0,0.0,0.0,0.0,0.0,0.0,0.0,0.0,0.0,0.0,0.0,0.0,0.0,0.0,0.0,0.0,0.0,0.0,0.0,0.0,0.0,0.0,0.0,0.0,0.0,0.0,0.0,0.0,0.0,0.0,0.0,0.0,0.0,0.0,0.0,0.0,0.0,0.0,0.0,0.0,0.0,0.0,0.0,0.0,0.0,0.0,0.0,0.0,0.0,0.0,0.0,0.0,0.0,0.0,0.0,0.0,0.0,47.0,47.0,47.0,47.0,47.0,0.0,0.0,0.0,0.0,0.0,0.0,0.0,0.0,0.0,0.0,0.0,0.0,0.0,0.0,0.0,0.0,0.0,0.0,0.0,0.0,0.0,0.0,0.0,0.0,0.0,0.0,0.0,0.0,0.0,47.0,47.0,47.0,47.0,47.0,...
1763030781,757039973,laser,-3.1241390705108643,3.1415927410125732,0.0034828970674425364,5.7229382946388796e-05,0.102955661714077,0.15000000596046448,16.0,2.5360000133514404,2.5320000648498535,2.5320000648498535,2.5320000648498535,2.5320000648498535,2.5320000648498535,2.5320000648498535,2.5320000648498535,2.5280001163482666,2.5320000648498535,2.5320000648498535,2.5320000648498535,2.5320000648498535,2.5320000648498535,2.5320000648498535,2.5320000648498535,2.5320000648498535,2.5320000648498535,2.5320000648498535,2.5360000133514404,2.5360000133514404,2.5320000648498535,2.5320000648498535,2.5320000648498535,2.5320000648498535,2.5320000648498535,2.5320000648498535,2.5360000133514404,2.5360000133514404,2.5360000133514404,2.5360000133514404,2.5360000133514404,2.5360000133514404,2.5320000648498535,2.5320000648498535,2.5360000133514404,2.5360000133514404,2.5399999618530273,2.5399999618530273,2.5399999618530273,2.5439999103546143,2.5399999618530273,2.5399999618530273,2.552000045776367,2.5320000648498535,2.507999897003174,2.507999897003174,2.5199999809265137,2.5160000324249268,2.5199999809265137,2.5320000648498535,2.5480000972747803,2.552000045776367,2.555999994277954,2.555999994277954,2.555999994277954,2.552000045776367,3.74399995803833,3.74399995803833,3.74399995803833,3.74399995803833,3.74399995803833,3.74399995803833,3.747999906539917,3.752000093460083,3.752000093460083,3.752000093460083,2.944000005722046,2.944000005722046,2.884000062942505,2.884000062942505,2.819999933242798,2.752000093460083,2.700000047683716,2.6480000019073486,2.5959999561309814,2.5399999618530273,2.48799991607666,2.440000057220459,2.384000062942505,2.3399999141693115,2.299999952316284,2.2720000743865967,2.2720000743865967,2.24399995803833,2.2039999961853027,2.1600000858306885,2.119999885559082,2.0959999561309814,2.055999994277954,2.0220000743865967,2.0,1.9780000448226929,1.9479999542236328,1.9199999570846558,1.9019999504089355,1.9019999504089355,1.8940000534057617,1.8760000467300415,1.8760000467300415,1.8639999628067017,1.8420000076293945,1.8200000524520874,1.7979999780654907,1.7740000486373901,1.7519999742507935,1.7300000190734863,1.7100000381469727,1.690000057220459,1.6699999570846558,1.6699999570846558,1.649999976158142,1.5099999904632568,1.5099999904632568,1.5099999904632568,1.496000051498413,1.4839999675750732,1.4759999513626099,inf,inf,inf,inf,inf,1.4079999923706055,1.4079999923706055,1.4079999923706055,1.4079999923706055,1.4079999923706055,...,47.0,47.0,47.0,47.0,47.0,47.0,47.0,47.0,47.0,47.0,47.0,47.0,47.0,47.0,47.0,47.0,0.0,0.0,0.0,0.0,0.0,0.0,0.0,0.0,0.0,0.0,0.0,0.0,0.0,0.0,0.0,0.0,0.0,0.0,0.0,0.0,0.0,0.0,0.0,0.0,0.0,0.0,0.0,0.0,0.0,0.0,0.0,0.0,0.0,0.0,0.0,0.0,0.0,0.0,0.0,0.0,0.0,0.0,0.0,0.0,0.0,0.0,0.0,0.0,0.0,0.0,0.0,0.0,0.0,0.0,0.0,0.0,0.0,0.0,0.0,0.0,0.0,0.0,0.0,0.0,0.0,0.0,0.0,0.0,0.0,0.0,0.0,0.0,0.0,0.0,0.0,0.0,0.0,0.0,0.0,0.0,0.0,0.0,0.0,0.0,0.0,0.0,0.0,0.0,0.0,0.0,0.0,0.0,0.0,0.0,0.0,0.0,0.0,0.0,0.0,0.0,0.0,0.0,0.0,0.0,0.0,0.0,0.0,0.0,0.0,0.0,0.0,0.0,...
1763030781,861199388,laser,-3.1241390705108643,3.1415927410125732,0.0034828970674425364,5.392008097260259e-05,0.09700222313404083,0.15000000596046448,16.0,2.5360000133514404,2.5320000648498535,2.5320000648498535,2.5320000648498535,2.5320000648498535,2.5320000648498535,2.5320000648498535,2.5320000648498535,2.5320000648498535,2.5320000648498535,2.5320000648498535,2.5320000648498535,2.5320000648498535,2.5320000648498535,2.5320000648498535,2.5320000648498535,2.5320000648498535,2.5320000648498535,2.5320000648498535,2.5360000133514404,2.5360000133514404,2.5360000133514404,2.5320000648498535,2.5320000648498535,2.5320000648498535,2.5320000648498535,2.5320000648498535,2.5360000133514404,2.5360000133514404,2.5360000133514404,2.5360000133514404,2.5360000133514404,2.5360000133514404,2.5360000133514404,2.5320000648498535,2.5360000133514404,2.5399999618530273,2.5399999618530273,2.5399999618530273,2.5439999103546143,2.5439999103546143,2.5399999618530273,2.5480000972747803,2.5360000133514404,2.5360000133514404,2.51200008392334,2.51200008392334,2.5199999809265137,2.5199999809265137,2.5199999809265137,2.5360000133514404,2.552000045776367,2.552000045776367,2.552000045776367,2.555999994277954,2.552000045776367,3.759999990463257,3.759999990463257,3.74399995803833,3.74399995803833,3.740000009536743,3.74399995803833,3.75600004196167,3.75600004196167,3.752000093460083,3.752000093460083,2.9040000438690186,2.9040000438690186,2.8559999465942383,2.8559999465942383,2.8559999465942383,2.803999900817871,2.7279999256134033,2.6559998989105225,2.611999988555908,2.563999891281128,2.503999948501587,2.447999954223633,2.4040000438690186,2.371999979019165,2.371999979019165,2.3359999656677246,2.299999952316284,2.200000047683716,2.191999912261963,2.191999912261963,2.135999917984009,2.0999999046325684,2.0759999752044678,2.0439999103546143,2.0139999389648438,1.9839999675750732,1.9600000381469727,1.9600000381469727,1.9320000410079956,1.9079999923706055,1.8940000534057617,1.8839999437332153,1.878000020980835,1.8639999628067017,1.8480000495910645,1.8300000429153442,1.809999942779541,1.784000039100647,1.784000039100647,1.7599999904632568,1.7419999837875366,1.722000002861023,1.7059999704360962,1.6859999895095825,1.6660000085830688,1.6419999599456787,1.5240000486373901,1.5080000162124634,1.5080000162124634,1.4919999837875366,1.4639999866485596,inf,1.4279999732971191,1.4279999732971191,1.4279999732971191,1.4279999732971191,1.4279999732971191,1.399999976158142,1.399999976158142,1.399999976158142,1.3880000114440918,1.3880000114440918,...,47.0,47.0,47.0,47.0,47.0,47.0,47.0,47.0,47.0,47.0,47.0,47.0,47.0,47.0,47.0,47.0,47.0,0.0,0.0,0.0,0.0,0.0,0.0,0.0,0.0,0.0,0.0,0.0,0.0,0.0,0.0,0.0,0.0,0.0,0.0,0.0,0.0,0.0,0.0,0.0,0.0,0.0,0.0,0.0,0.0,0.0,0.0,0.0,0.0,0.0,0.0,0.0,0.0,0.0,0.0,0.0,0.0,0.0,0.0,0.0,0.0,0.0,0.0,0.0,0.0,0.0,0.0,0.0,0.0,47.0,47.0,47.0,47.0,47.0,0.0,0.0,0.0,0.0,0.0,0.0,0.0,0.0,0.0,0.0,0.0,0.0,0.0,0.0,0.0,0.0,47.0,47.0,47.0,47.0,47.0,0.0,0.0,0.0,0.0,0.0,0.0,0.0,0.0,0.0,0.0,0.0,0.0,0.0,0.0,0.0,0.0,0.0,0.0,0.0,0.0,0.0,0.0,0.0,0.0,0.0,0.0,0.0,0.0,0.0,0.0,0.0,0.0,0.0,...
1763030781,959734498,laser,-3.1241390705108643,3.1415927410125732,0.0034828970674425364,5.716429586755112e-05,0.10283856838941574,0.15000000596046448,16.0,2.5360000133514404,2.5360000133514404,2.5360000133514404,2.5320000648498535,2.5320000648498535,2.5320000648498535,2.5320000648498535,2.5320000648498535,2.5320000648498535,2.5320000648498535,2.5320000648498535,2.5320000648498535,2.5320000648498535,2.5320000648498535,2.5320000648498535,2.5320000648498535,2.5320000648498535,2.5320000648498535,2.5320000648498535,2.5320000648498535,2.5320000648498535,2.5320000648498535,2.5360000133514404,2.5320000648498535,2.5320000648498535,2.5320000648498535,2.5320000648498535,2.5320000648498535,2.5360000133514404,2.5360000133514404,2.5360000133514404,2.5360000133514404,2.5320000648498535,2.5320000648498535,2.5360000133514404,2.5360000133514404,2.5360000133514404,2.5360000133514404,2.5399999618530273,2.5439999103546143,2.5439999103546143,2.5399999618530273,2.5399999618530273,2.5480000972747803,2.5280001163482666,2.507999897003174,2.5199999809265137,2.5199999809265137,2.5199999809265137,2.5199999809265137,2.5320000648498535,2.5480000972747803,2.552000045776367,2.555999994277954,2.555999994277954,2.552000045776367,3.74399995803833,3.74399995803833,3.74399995803833,3.740000009536743,3.740000009536743,3.740000009536743,3.74399995803833,3.747999906539917,3.747999906539917,3.752000093460083,2.884000062942505,2.884000062942505,2.884000062942505,2.8239998817443848,2.8239998817443848,2.75600004196167,2.7039999961853027,2.6480000019073486,2.5959999561309814,2.5959999561309814,2.5399999618530273,2.492000102996826,2.440000057220459,2.388000011444092,2.3399999141693115,2.299999952316284,2.2760000228881836,2.191999912261963,2.191999912261963,2.1600000858306885,2.119999885559082,2.0999999046325684,2.0999999046325684,2.072000026702881,2.0339999198913574,2.00600004196167,1.9759999513626099,1.944000005722046,1.9119999408721924,1.8880000114440918,1.8819999694824219,1.8739999532699585,1.8639999628067017,1.8539999723434448,1.8539999723434448,1.8339999914169312,1.815999984741211,1.7979999780654907,1.777999997138977,1.753999948501587,1.7319999933242798,1.7120000123977661,1.6920000314712524,1.6699999570846558,1.649999976158142,1.649999976158142,1.5080000162124634,1.5080000162124634,1.496000051498413,1.496000051498413,1.4839999675750732,inf,inf,inf,inf,inf,inf,1.406000018119812,1.406000018119812,1.406000018119812,1.406000018119812,1.406000018119812,...,47.0,47.0,47.0,47.0,47.0,47.0,47.0,47.0,47.0,47.0,47.0,47.0,47.0,47.0,47.0,47.0,0.0,0.0,0.0,0.0,0.0,0.0,0.0,0.0,0.0,0.0,0.0,0.0,0.0,0.0,0.0,0.0,0.0,0.0,0.0,0.0,0.0,0.0,0.0,0.0,0.0,0.0,0.0,0.0,0.0,0.0,0.0,0.0,0.0,0.0,0.0,0.0,0.0,0.0,0.0,0.0,0.0,0.0,0.0,0.0,0.0,0.0,0.0,0.0,0.0,0.0,0.0,0.0,0.0,0.0,0.0,0.0,0.0,0.0,0.0,0.0,0.0,0.0,0.0,0.0,0.0,0.0,0.0,0.0,0.0,0.0,0.0,0.0,0.0,47.0,47.0,47.0,47.0,47.0,0.0,0.0,0.0,0.0,0.0,0.0,0.0,0.0,0.0,0.0,0.0,0.0,0.0,0.0,0.0,0.0,0.0,0.0,0.0,0.0,0.0,0.0,0.0,0.0,0.0,0.0,0.0,0.0,0.0,47.0,47.0,47.0,47.0,47.0,...
1763030782,64124523,laser,-3.1241390705108643,3.1415927410125732,0.0034828970674425364,5.3784377087140456e-05,0.09675808995962143,0.15000000596046448,16.0,2.5320000648498535,2.5320000648498535,2.5320000648498535,2.5320000648498535,2.5320000648498535,2.5320000648498535,2.5320000648498535,2.5320000648498535,2.5320000648498535,2.5320000648498535,2.5320000648498535,2.5320000648498535,2.5320000648498535,2.5320000648498535,2.5320000648498535,2.5360000133514404,2.5360000133514404,2.5320000648498535,2.5320000648498535,2.5360000133514404,2.5320000648498535,2.5320000648498535,2.5320000648498535,2.5320000648498535,2.5320000648498535,2.5320000648498535,2.5320000648498535,2.5360000133514404,2.5360000133514404,2.5360000133514404,2.5360000133514404,2.5360000133514404,2.5360000133514404,2.5360000133514404,2.5320000648498535,2.5360000133514404,2.5360000133514404,2.5360000133514404,2.5399999618530273,2.5399999618530273,2.5439999103546143,2.5399999618530273,2.5399999618530273,2.552000045776367,2.5280001163482666,2.507999897003174,2.5199999809265137,2.5199999809265137,2.5199999809265137,2.5199999809265137,2.5320000648498535,2.5480000972747803,2.552000045776367,2.555999994277954,2.555999994277954,2.552000045776367,3.75600004196167,3.75600004196167,3.75600004196167,3.740000009536743,3.740000009536743,3.740000009536743,3.74399995803833,3.747999906539917,3.747999906539917,3.75600004196167,2.884000062942505,2.884000062942505,2.884000062942505,2.8239998817443848,2.8239998817443848,2.7720000743865967,2.7720000743865967,2.6519999504089355,2.5999999046325684,2.5999999046325684,2.5439999103546143,2.492000102996826,2.444000005722046,2.4000000953674316,2.3519999980926514,2.303999900817871,2.2799999713897705,2.171999931335449,2.171999931335449,2.1640000343322754,2.124000072479248,2.124000072479248,2.0999999046325684,2.072000026702881,2.0399999618530273,2.0139999389648438,1.9819999933242798,1.9500000476837158,1.9199999570846558,1.9079999923706055,1.9040000438690186,1.8919999599456787,1.8919999599456787,1.8660000562667847,1.8660000562667847,1.8459999561309814,1.8279999494552612,1.8040000200271606,1.777999997138977,1.753999948501587,1.7319999933242798,1.7120000123977661,1.694000005722046,1.6740000247955322,1.6540000438690186,1.6540000438690186,1.5099999904632568,1.5099999904632568,1.5,1.5,1.4900000095367432,1.4759999513626099,inf,inf,inf,inf,inf,1.4119999408721924,1.4119999408721924,1.4119999408721924,1.4119999408721924,1.4119999408721924,...,47.0,47.0,47.0,47.0,47.0,47.0,47.0,47.0,47.0,47.0,47.0,47.0,47.0,47.0,47.0,47.0,47.0,0.0,0.0,0.0,0.0,0.0,0.0,0.0,0.0,0.0,0.0,0.0,0.0,0.0,0.0,0.0,0.0,0.0,0.0,0.0,0.0,0.0,0.0,0.0,0.0,0.0,0.0,0.0,0.0,0.0,0.0,0.0,0.0,0.0,0.0,0.0,0.0,0.0,0.0,0.0,0.0,0.0,0.0,0.0,0.0,0.0,0.0,0.0,0.0,0.0,0.0,0.0,0.0,0.0,0.0,0.0,0.0,0.0,0.0,0.0,0.0,0.0,0.0,0.0,0.0,0.0,0.0,0.0,0.0,0.0,0.0,0.0,0.0,0.0,0.0,0.0,0.0,0.0,0.0,0.0,0.0,0.0,0.0,0.0,0.0,0.0,0.0,0.0,0.0,0.0,0.0,0.0,0.0,0.0,0.0,0.0,0.0,0.0,0.0,0.0,0.0,0.0,0.0,0.0,0.0,0.0,0.0,0.0,0.0,0.0,0.0,0.0,...
1763030782,162244558,laser,-3.1241390705108643,3.1415927410125732,0.0034828970674425364,5.725474329665303e-05,0.10300128161907196,0.15000000596046448,16.0,2.5320000648498535,2.5320000648498535,2.5320000648498535,2.5320000648498535,2.5320000648498535,2.5320000648498535,2.5320000648498535,2.5320000648498535,2.5320000648498535,2.5320000648498535,2.5320000648498535,2.5320000648498535,2.5320000648498535,2.5320000648498535,2.5320000648498535,2.5360000133514404,2.5360000133514404,2.5320000648498535,2.5320000648498535,2.5360000133514404,2.5320000648498535,2.5320000648498535,2.5320000648498535,2.5320000648498535,2.5320000648498535,2.5320000648498535,2.5320000648498535,2.5320000648498535,2.5360000133514404,2.5360000133514404,2.5360000133514404,2.5360000133514404,2.5360000133514404,2.5360000133514404,2.5320000648498535,2.5360000133514404,2.5360000133514404,2.5360000133514404,2.5439999103546143,2.5439999103546143,2.5439999103546143,2.5399999618530273,2.5480000972747803,2.5480000972747803,2.5360000133514404,2.5160000324249268,2.5199999809265137,2.5199999809265137,2.5160000324249268,2.5280001163482666,2.5439999103546143,2.5439999103546143,2.552000045776367,2.552000045776367,2.555999994277954,2.552000045776367,3.759999990463257,3.759999990463257,3.759999990463257,3.74399995803833,3.7360000610351562,3.74399995803833,3.74399995803833,3.75600004196167,3.75600004196167,3.75600004196167,2.888000011444092,2.888000011444092,2.888000011444092,2.888000011444092,2.8440001010894775,2.7920000553131104,2.7239999771118164,2.6600000858306885,2.615999937057495,2.568000078201294,2.503999948501587,2.503999948501587,2.4600000381469727,2.364000082015991,2.364000082015991,2.328000068664551,2.2960000038146973,2.187999963760376,2.187999963760376,2.184000015258789,2.131999969482422,2.0999999046325684,2.0759999752044678,2.0439999103546143,2.0139999389648438,1.9839999675750732,1.9579999446868896,1.9579999446868896,1.937999963760376,1.9259999990463257,1.9199999570846558,1.906000018119812,1.8899999856948853,1.8680000305175781,1.8459999561309814,1.8279999494552612,1.8079999685287476,1.8079999685287476,1.781999945640564,1.7599999904632568,1.7359999418258667,1.7139999866485596,1.6979999542236328,1.6820000410079956,1.6619999408721924,1.628000020980835,1.5180000066757202,1.5180000066757202,1.50600004196167,1.4900000095367432,1.4639999866485596,1.4639999866485596,inf,inf,1.4279999732971191,1.4279999732971191,1.4279999732971191,1.4279999732971191,1.4279999732971191,1.399999976158142,1.399999976158142,1.399999976158142,...,47.0,47.0,47.0,47.0,47.0,47.0,47.0,47.0,47.0,47.0,47.0,47.0,47.0,47.0,47.0,47.0,47.0,0.0,0.0,0.0,0.0,0.0,0.0,0.0,0.0,0.0,0.0,0.0,0.0,0.0,0.0,0.0,0.0,0.0,0.0,0.0,0.0,0.0,0.0,0.0,0.0,0.0,0.0,0.0,0.0,0.0,0.0,0.0,0.0,0.0,0.0,0.0,0.0,0.0,0.0,0.0,0.0,0.0,0.0,0.0,0.0,0.0,0.0,0.0,0.0,0.0,0.0,0.0,0.0,0.0,0.0,0.0,0.0,0.0,0.0,0.0,0.0,0.0,0.0,0.0,0.0,0.0,0.0,0.0,0.0,0.0,0.0,0.0,0.0,0.0,0.0,0.0,0.0,0.0,0.0,0.0,0.0,0.0,0.0,0.0,0.0,0.0,0.0,0.0,0.0,0.0,0.0,0.0,0.0,0.0,0.0,0.0,0.0,0.0,0.0,0.0,0.0,0.0,0.0,0.0,0.0,0.0,0.0,0.0,0.0,0.0,0.0,0.0,...
1763030782,266848319,laser,-3.1241390705108643,3.1415927410125732,0.0034828970674425364,5.723377762478776e-05,0.10296355932950974,0.15000000596046448,16.0,2.5199999809265137,2.5320000648498535,2.5320000648498535,2.5320000648498535,2.5320000648498535,2.5320000648498535,2.5320000648498535,2.5320000648498535,2.5320000648498535,2.5320000648498535,2.5320000648498535,2.5320000648498535,2.5320000648498535,2.5320000648498535,2.5320000648498535,2.5360000133514404,2.5320000648498535,2.5320000648498535,2.5320000648498535,2.5320000648498535,2.5360000133514404,2.5320000648498535,2.5360000133514404,2.5320000648498535,2.5320000648498535,2.5320000648498535,2.5320000648498535,2.5320000648498535,2.5360000133514404,2.5360000133514404,2.5360000133514404,2.5360000133514404,2.5320000648498535,2.5320000648498535,2.5320000648498535,2.5360000133514404,2.5360000133514404,2.5360000133514404,2.5399999618530273,2.5399999618530273,2.5439999103546143,2.5399999618530273,2.5399999618530273,2.552000045776367,2.5320000648498535,2.507999897003174,2.5199999809265137,2.5199999809265137,2.5199999809265137,2.5199999809265137,2.5320000648498535,2.5480000972747803,2.552000045776367,2.555999994277954,2.555999994277954,2.555999994277954,2.552000045776367,3.74399995803833,3.74399995803833,3.740000009536743,3.740000009536743,3.747999906539917,3.752000093460083,3.747999906539917,3.752000093460083,3.752000093460083,3.752000093460083,2.944000005722046,2.884000062942505,2.884000062942505,2.884000062942505,2.8239998817443848,2.747999906539917,2.684000015258789,2.640000104904175,2.5239999294281006,2.5239999294281006,2.492000102996826,2.444000005722046,2.384000062942505,2.3399999141693115,2.2960000038146973,2.2760000228881836,2.2760000228881836,2.247999906539917,2.200000047683716,2.1559998989105225,2.115999937057495,2.0920000076293945,2.063999891281128,2.0320000648498535,2.00600004196167,1.9880000352859497,1.972000002861023,1.9600000381469727,1.944000005722046,1.944000005722046,1.9299999475479126,1.9140000343322754,1.8899999856948853,1.8680000305175781,1.843999981880188,1.8200000524520874,1.7960000038146973,1.7719999551773071,1.7519999742507935,1.7319999933242798,1.7120000123977661,1.687999963760376,1.687999963760376,1.6640000343322754,1.6480000019073486,1.527999997138977,1.527999997138977,1.5080000162124634,1.5,1.4900000095367432,1.4759999513626099,inf,inf,inf,inf,1.406000018119812,1.406000018119812,1.406000018119812,1.406000018119812,1.406000018119812,1.3960000276565552,...,47.0,47.0,47.0,47.0,47.0,47.0,47.0,47.0,47.0,47.0,47.0,47.0,47.0,47.0,47.0,47.0,47.0,0.0,0.0,0.0,47.0,47.0,47.0,47.0,47.0,0.0,0.0,0.0,0.0,0.0,0.0,0.0,0.0,0.0,0.0,0.0,0.0,0.0,0.0,0.0,0.0,0.0,0.0,0.0,0.0,0.0,0.0,0.0,0.0,0.0,0.0,0.0,0.0,0.0,0.0,0.0,0.0,0.0,0.0,0.0,0.0,0.0,0.0,0.0,0.0,0.0,0.0,0.0,0.0,0.0,0.0,0.0,0.0,0.0,0.0,0.0,0.0,0.0,0.0,0.0,0.0,0.0,0.0,0.0,0.0,0.0,0.0,0.0,0.0,0.0,47.0,47.0,47.0,47.0,47.0,0.0,0.0,0.0,0.0,0.0,0.0,0.0,0.0,0.0,0.0,0.0,0.0,0.0,0.0,0.0,0.0,0.0,0.0,0.0,0.0,0.0,0.0,0.0,0.0,0.0,0.0,0.0,0.0,0.0,0.0,0.0,0.0,0.0,...
1763030782,371152771,laser,-3.1241390705108643,3.1415927410125732,0.0034828970674425364,5.383833195082843e-05,0.09685516357421875,0.15000000596046448,16.0,2.5360000133514404,2.5320000648498535,2.5320000648498535,2.5320000648498535,2.5320000648498535,2.5320000648498535,2.5320000648498535,2.5320000648498535,2.5320000648498535,2.5320000648498535,2.5320000648498535,2.5320000648498535,2.5320000648498535,2.5320000648498535,2.5320000648498535,2.5360000133514404,2.5360000133514404,2.5320000648498535,2.5320000648498535,2.5360000133514404,2.5360000133514404,2.5360000133514404,2.5320000648498535,2.5320000648498535,2.5320000648498535,2.5320000648498535,2.5320000648498535,2.5360000133514404,2.5360000133514404,2.5360000133514404,2.5360000133514404,2.5360000133514404,2.5360000133514404,2.5360000133514404,2.5320000648498535,2.5360000133514404,2.5360000133514404,2.5399999618530273,2.5399999618530273,2.5439999103546143,2.5439999103546143,2.5399999618530273,2.5480000972747803,2.555999994277954,2.5320000648498535,2.5320000648498535,2.51200008392334,2.5199999809265137,2.5199999809265137,2.5199999809265137,2.5320000648498535,2.5480000972747803,2.552000045776367,2.555999994277954,2.555999994277954,2.555999994277954,3.7760000228881836,3.7760000228881836,3.740000009536743,3.740000009536743,3.7320001125335693,3.74399995803833,3.752000093460083,3.752000093460083,3.747999906539917,3.747999906539917,2.931999921798706,2.864000082015991,2.864000082015991,2.864000082015991,2.864000082015991,2.799999952316284,2.74399995803833,2.671999931335449,2.615999937057495,2.572000026702881,2.5160000324249268,2.4800000190734863,2.364000082015991,2.364000082015991,2.3359999656677246,2.2960000038146973,2.2960000038146973,2.240000009536743,2.2160000801086426,2.200000047683716,2.0999999046325684,2.0840001106262207,2.0840001106262207,2.059999942779541,2.0239999294281006,1.9980000257492065,1.9839999675750732,1.9579999446868896,1.9420000314712524,1.9420000314712524,1.934000015258789,1.9220000505447388,1.9040000438690186,1.8839999437332153,1.8619999885559082,1.8420000076293945,1.8179999589920044,1.7920000553131104,1.7680000066757202,1.7680000066757202,1.7300000190734863,1.7300000190734863,1.7059999704360962,1.684000015258789,1.6640000343322754,1.6440000534057617,1.5219999551773071,1.50600004196167,1.50600004196167,1.496000051498413,1.4839999675750732,1.468000054359436,inf,inf,inf,1.399999976158142,1.399999976158142,1.399999976158142,1.399999976158142,1.399999976158142,1.3860000371932983,1.3860000371932983,...,47.0,47.0,47.0,47.0,47.0,47.0,47.0,47.0,47.0,47.0,47.0,47.0,47.0,47.0,47.0,0.0,0.0,0.0,0.0,0.0,0.0,0.0,0.0,0.0,0.0,0.0,0.0,0.0,0.0,0.0,0.0,0.0,0.0,0.0,0.0,0.0,0.0,0.0,0.0,0.0,0.0,0.0,0.0,0.0,0.0,0.0,0.0,0.0,0.0,0.0,0.0,0.0,0.0,0.0,0.0,0.0,0.0,0.0,0.0,0.0,0.0,0.0,0.0,0.0,0.0,0.0,0.0,0.0,0.0,0.0,0.0,0.0,0.0,0.0,0.0,0.0,0.0,0.0,0.0,0.0,0.0,0.0,0.0,0.0,0.0,0.0,0.0,0.0,0.0,0.0,0.0,0.0,0.0,0.0,0.0,0.0,0.0,0.0,0.0,0.0,0.0,0.0,0.0,0.0,0.0,0.0,0.0,0.0,0.0,0.0,0.0,0.0,0.0,0.0,0.0,0.0,0.0,0.0,0.0,0.0,0.0,0.0,0.0,0.0,0.0,0.0,0.0,0.0,...
1763030782,469354734,laser,-3.1241390705108643,3.1415927410125732,0.0034828970674425364,5.7321674830745906e-05,0.10312169045209885,0.15000000596046448,16.0,2.5360000133514404,2.5320000648498535,2.5320000648498535,2.5320000648498535,2.5360000133514404,2.5320000648498535,2.5320000648498535,2.5320000648498535,2.5320000648498535,2.5320000648498535,2.5320000648498535,2.5320000648498535,2.5320000648498535,2.5320000648498535,2.5320000648498535,2.5360000133514404,2.5360000133514404,2.5320000648498535,2.5320000648498535,2.5320000648498535,2.5360000133514404,2.5360000133514404,2.5360000133514404,2.5320000648498535,2.5360000133514404,2.5360000133514404,2.5360000133514404,2.5360000133514404,2.5360000133514404,2.5360000133514404,2.5360000133514404,2.5360000133514404,2.5360000133514404,2.5360000133514404,2.5360000133514404,2.5360000133514404,2.5360000133514404,2.5360000133514404,2.5399999618530273,2.5399999618530273,2.5399999618530273,2.5399999618530273,2.5399999618530273,2.5480000972747803,2.5320000648498535,2.51200008392334,2.5199999809265137,2.5199999809265137,2.5199999809265137,2.5199999809265137,2.5320000648498535,2.5480000972747803,2.552000045776367,2.555999994277954,2.555999994277954,2.552000045776367,2.552000045776367,3.74399995803833,3.74399995803833,3.7360000610351562,3.7360000610351562,3.740000009536743,3.747999906539917,3.752000093460083,3.752000093460083,3.752000093460083,2.947999954223633,2.947999954223633,2.884000062942505,2.884000062942505,2.819999933242798,2.819999933242798,2.747999906539917,2.691999912261963,2.6440000534057617,2.5959999561309814,2.5399999618530273,2.48799991607666,2.440000057220459,2.384000062942505,2.3399999141693115,2.2960000038146973,2.2760000228881836,2.247999906539917,2.247999906539917,2.200000047683716,2.1559998989105225,2.115999937057495,2.0920000076293945,2.062000036239624,2.0280001163482666,1.9980000257492065,1.9639999866485596,1.9320000410079956,1.9119999408721924,1.8919999599456787,1.8919999599456787,1.8739999532699585,1.8739999532699585,1.8619999885559082,1.8539999723434448,1.8380000591278076,1.8179999589920044,1.7960000038146973,1.7719999551773071,1.75,1.7300000190734863,1.7100000381469727,1.687999963760376,1.687999963760376,1.6640000343322754,1.6480000019073486,1.5080000162124634,1.5080000162124634,1.49399995803833,1.49399995803833,1.4839999675750732,inf,inf,inf,inf,inf,1.4019999504089355,1.4019999504089355,1.4019999504089355,1.4019999504089355,1.4019999504089355,1.3940000534057617,...,47.0,47.0,47.0,47.0,47.0,47.0,47.0,47.0,47.0,47.0,47.0,47.0,47.0,47.0,47.0,47.0,0.0,0.0,0.0,47.0,47.0,47.0,47.0,47.0,0.0,0.0,0.0,0.0,0.0,0.0,0.0,0.0,0.0,0.0,0.0,0.0,0.0,0.0,0.0,0.0,0.0,0.0,0.0,0.0,0.0,0.0,0.0,0.0,0.0,0.0,0.0,0.0,0.0,0.0,0.0,0.0,0.0,0.0,0.0,0.0,0.0,0.0,0.0,0.0,0.0,0.0,0.0,0.0,47.0,47.0,47.0,47.0,47.0,0.0,0.0,0.0,0.0,0.0,0.0,0.0,0.0,0.0,0.0,0.0,0.0,0.0,0.0,0.0,0.0,47.0,47.0,47.0,47.0,47.0,0.0,0.0,0.0,0.0,0.0,0.0,0.0,0.0,0.0,0.0,0.0,0.0,0.0,0.0,0.0,0.0,0.0,0.0,0.0,0.0,0.0,0.0,0.0,0.0,0.0,0.0,0.0,0.0,0.0,0.0,0.0,0.0,0.0,0.0,...
1763030782,573813607,laser,-3.1241390705108643,3.1415927410125732,0.0034828970674425364,5.380673610488884e-05,0.09679831564426422,0.15000000596046448,16.0,2.5360000133514404,2.5360000133514404,2.5320000648498535,2.5320000648498535,2.5320000648498535,2.5320000648498535,2.5320000648498535,2.5320000648498535,2.5320000648498535,2.5320000648498535,2.5320000648498535,2.5320000648498535,2.5320000648498535,2.5320000648498535,2.5320000648498535,2.5360000133514404,2.5360000133514404,2.5320000648498535,2.5320000648498535,2.5360000133514404,2.5360000133514404,2.5320000648498535,2.5320000648498535,2.5360000133514404,2.5360000133514404,2.5320000648498535,2.5320000648498535,2.5360000133514404,2.5360000133514404,2.5360000133514404,2.5360000133514404,2.5360000133514404,2.5360000133514404,2.5360000133514404,2.5320000648498535,2.5360000133514404,2.5360000133514404,2.5399999618530273,2.5399999618530273,2.5399999618530273,2.5399999618530273,2.5399999618530273,2.5399999618530273,2.552000045776367,2.5280001163482666,2.51200008392334,2.5199999809265137,2.5199999809265137,2.5199999809265137,2.5199999809265137,2.5320000648498535,2.5480000972747803,2.552000045776367,2.555999994277954,2.555999994277954,2.5480000972747803,3.74399995803833,3.74399995803833,3.740000009536743,3.740000009536743,3.740000009536743,3.740000009536743,3.747999906539917,3.752000093460083,3.752000093460083,3.75600004196167,2.884000062942505,2.884000062942505,2.819999933242798,2.819999933242798,2.819999933242798,2.747999906539917,2.747999906539917,2.6440000534057617,2.6440000534057617,2.5999999046325684,2.5439999103546143,2.492000102996826,2.440000057220459,2.384000062942505,2.3399999141693115,2.299999952316284,2.2760000228881836,2.252000093460083,2.200000047683716,2.1559998989105225,2.115999937057495,2.115999937057495,2.0920000076293945,2.059999942779541,2.0280001163482666,1.9980000257492065,1.9739999771118164,1.944000005722046,1.9119999408721924,1.8880000114440918,1.8799999952316284,1.871999979019165,1.8619999885559082,1.8539999723434448,1.8539999723434448,1.8359999656677246,1.8179999589920044,1.7960000038146973,1.7719999551773071,1.75,1.7300000190734863,1.7100000381469727,1.6920000314712524,1.6679999828338623,1.6679999828338623,1.6480000019073486,1.5080000162124634,1.496000051498413,1.496000051498413,1.496000051498413,1.4859999418258667,inf,inf,inf,inf,inf,1.4040000438690186,1.4040000438690186,1.4040000438690186,1.4040000438690186,1.4040000438690186,1.3960000276565552,...,47.0,47.0,47.0,47.0,47.0,47.0,47.0,47.0,47.0,47.0,47.0,47.0,47.0,47.0,47.0,0.0,0.0,0.0,0.0,0.0,0.0,0.0,0.0,0.0,0.0,0.0,0.0,0.0,0.0,0.0,0.0,0.0,0.0,0.0,0.0,0.0,0.0,0.0,0.0,0.0,0.0,0.0,0.0,0.0,0.0,0.0,0.0,0.0,0.0,0.0,0.0,0.0,0.0,0.0,0.0,0.0,0.0,0.0,0.0,0.0,0.0,0.0,0.0,0.0,0.0,0.0,0.0,0.0,0.0,0.0,0.0,0.0,0.0,0.0,0.0,0.0,0.0,0.0,0.0,0.0,0.0,0.0,0.0,0.0,0.0,0.0,0.0,0.0,0.0,0.0,0.0,0.0,0.0,0.0,0.0,0.0,0.0,0.0,0.0,0.0,0.0,0.0,0.0,0.0,0.0,47.0,47.0,47.0,47.0,47.0,0.0,0.0,0.0,0.0,0.0,0.0,0.0,0.0,0.0,0.0,0.0,0.0,0.0,47.0,47.0,47.0,47.0,47.0,...
1763030782,671987913,laser,-3.1241390705108643,3.1415927410125732,0.0034828970674425364,5.730735574616119e-05,0.10309593379497528,0.15000000596046448,16.0,2.5360000133514404,2.5320000648498535,2.5320000648498535,2.5320000648498535,2.5320000648498535,2.5320000648498535,2.5320000648498535,2.5320000648498535,2.5320000648498535,2.5320000648498535,2.5320000648498535,2.5320000648498535,2.5320000648498535,2.5320000648498535,2.5320000648498535,2.5320000648498535,2.5360000133514404,2.5320000648498535,2.5320000648498535,2.5360000133514404,2.5360000133514404,2.5320000648498535,2.5360000133514404,2.5360000133514404,2.5360000133514404,2.5320000648498535,2.5320000648498535,2.5320000648498535,2.5360000133514404,2.5360000133514404,2.5360000133514404,2.5360000133514404,2.5360000133514404,2.5360000133514404,2.5320000648498535,2.5360000133514404,2.5360000133514404,2.5399999618530273,2.5399999618530273,2.5399999618530273,2.5439999103546143,2.5399999618530273,2.5399999618530273,2.552000045776367,2.5280001163482666,2.507999897003174,2.5199999809265137,2.5199999809265137,2.5199999809265137,2.5199999809265137,2.5320000648498535,2.5480000972747803,2.552000045776367,2.555999994277954,2.559999942779541,2.5480000972747803,2.5480000972747803,3.747999906539917,3.747999906539917,3.747999906539917,3.74399995803833,3.74399995803833,3.747999906539917,3.752000093460083,3.747999906539917,3.75600004196167,3.75600004196167,2.884000062942505,2.884000062942505,2.884000062942505,2.884000062942505,2.8320000171661377,2.7639999389648438,2.696000099182129,2.6440000534057617,2.5959999561309814,2.5399999618530273,2.48799991607666,2.440000057220459,2.384000062942505,2.3399999141693115,2.299999952316284,2.2760000228881836,2.2760000228881836,2.252000093460083,2.200000047683716,2.1559998989105225,2.115999937057495,2.0920000076293945,2.059999942779541,2.0280001163482666,2.002000093460083,1.9800000190734863,1.9459999799728394,1.9220000505447388,1.9220000505447388,1.9079999923706055,1.8980000019073486,1.8880000114440918,1.8760000467300415,1.8619999885559082,1.8380000591278076,1.8179999589920044,1.7960000038146973,1.7719999551773071,1.7719999551773071,1.7300000190734863,1.7100000381469727,1.7100000381469727,1.690000057220459,1.6679999828338623,1.6480000019073486,1.531999945640564,1.5080000162124634,1.5080000162124634,1.496000051498413,1.4859999418258667,inf,inf,inf,inf,1.4040000438690186,1.4040000438690186,1.4040000438690186,1.4040000438690186,1.4040000438690186,1.3940000534057617,1.3940000534057617,...,47.0,47.0,47.0,47.0,47.0,47.0,47.0,47.0,47.0,47.0,47.0,47.0,47.0,47.0,47.0,0.0,0.0,0.0,0.0,0.0,0.0,0.0,0.0,0.0,0.0,0.0,0.0,0.0,0.0,0.0,0.0,0.0,0.0,0.0,0.0,0.0,0.0,0.0,0.0,0.0,0.0,0.0,0.0,0.0,0.0,0.0,0.0,0.0,0.0,0.0,0.0,0.0,0.0,0.0,0.0,0.0,0.0,0.0,0.0,0.0,0.0,0.0,0.0,0.0,0.0,0.0,0.0,0.0,0.0,0.0,0.0,0.0,0.0,0.0,0.0,0.0,0.0,0.0,0.0,0.0,0.0,0.0,0.0,0.0,0.0,0.0,0.0,0.0,0.0,0.0,0.0,0.0,0.0,0.0,0.0,0.0,0.0,0.0,0.0,0.0,0.0,0.0,0.0,0.0,0.0,47.0,47.0,47.0,47.0,47.0,0.0,0.0,0.0,0.0,0.0,0.0,0.0,0.0,0.0,0.0,0.0,0.0,0.0,47.0,47.0,47.0,47.0,47.0,...
1763030782,776647550,laser,-3.1241390705108643,3.1415927410125732,0.0034828970674425364,5.368519123294391e-05,0.0965796560049057,0.15000000596046448,16.0,2.5239999294281006,2.5320000648498535,2.5320000648498535,2.5320000648498535,2.5320000648498535,2.5320000648498535,2.5320000648498535,2.5320000648498535,2.5320000648498535,2.5320000648498535,2.5320000648498535,2.5320000648498535,2.5320000648498535,2.5320000648498535,2.5320000648498535,2.5320000648498535,2.5320000648498535,2.5320000648498535,2.5320000648498535,2.5360000133514404,2.5360000133514404,2.5320000648498535,2.5360000133514404,2.5360000133514404,2.5360000133514404,2.5320000648498535,2.5320000648498535,2.5320000648498535,2.5360000133514404,2.5360000133514404,2.5360000133514404,2.5360000133514404,2.5360000133514404,2.5360000133514404,2.5320000648498535,2.5320000648498535,2.5360000133514404,2.5399999618530273,2.5399999618530273,2.5399999618530273,2.5439999103546143,2.5399999618530273,2.5399999618530273,2.552000045776367,2.5320000648498535,2.507999897003174,2.5199999809265137,2.5199999809265137,2.5199999809265137,2.5199999809265137,2.5320000648498535,2.5480000972747803,2.552000045776367,2.555999994277954,2.559999942779541,2.5480000972747803,2.5480000972747803,3.747999906539917,3.747999906539917,3.747999906539917,3.740000009536743,3.747999906539917,3.75600004196167,3.752000093460083,3.752000093460083,3.752000093460083,2.944000005722046,2.884000062942505,2.884000062942505,2.884000062942505,2.815999984741211,2.815999984741211,2.747999906539917,2.691999912261963,2.6440000534057617,2.5920000076293945,2.5360000133514404,2.4839999675750732,2.440000057220459,2.384000062942505,2.3399999141693115,2.299999952316284,2.259999990463257,2.259999990463257,2.2360000610351562,2.200000047683716,2.1559998989105225,2.111999988555908,2.0880000591278076,2.059999942779541,2.0280001163482666,1.9980000257492065,1.9759999513626099,1.9459999799728394,1.9199999570846558,1.9199999570846558,1.9079999923706055,1.9019999504089355,1.8880000114440918,1.871999979019165,1.8580000400543213,1.8380000591278076,1.815999984741211,1.7920000553131104,1.7699999809265137,1.7480000257492065,1.7300000190734863,1.7059999704360962,1.7059999704360962,1.6859999895095825,1.6660000085830688,1.6460000276565552,1.5219999551773071,1.50600004196167,1.50600004196167,1.496000051498413,1.4839999675750732,inf,inf,inf,inf,1.4040000438690186,1.4040000438690186,1.4040000438690186,1.4040000438690186,1.4040000438690186,1.3880000114440918,1.3880000114440918,...,47.0,47.0,47.0,47.0,47.0,47.0,47.0,47.0,47.0,47.0,47.0,47.0,47.0,47.0,47.0,47.0,47.0,0.0,0.0,0.0,47.0,47.0,47.0,47.0,47.0,0.0,0.0,0.0,0.0,0.0,0.0,0.0,0.0,0.0,0.0,0.0,0.0,0.0,0.0,0.0,0.0,0.0,0.0,0.0,0.0,0.0,0.0,0.0,0.0,0.0,0.0,0.0,0.0,0.0,0.0,0.0,0.0,0.0,0.0,0.0,0.0,0.0,0.0,0.0,0.0,0.0,0.0,0.0,0.0,0.0,0.0,0.0,0.0,0.0,0.0,0.0,0.0,0.0,0.0,0.0,0.0,0.0,0.0,0.0,0.0,0.0,0.0,0.0,0.0,0.0,47.0,47.0,47.0,47.0,47.0,0.0,0.0,0.0,0.0,0.0,0.0,0.0,0.0,0.0,0.0,0.0,0.0,0.0,0.0,0.0,0.0,0.0,0.0,0.0,0.0,0.0,0.0,0.0,0.0,0.0,0.0,0.0,0.0,0.0,0.0,0.0,0.0,0.0,...
1763030782,874655329,laser,-3.1241390705108643,3.1415927410125732,0.0034828970674425364,5.726510426029563e-05,0.10301992297172546,0.15000000596046448,16.0,2.5239999294281006,2.5320000648498535,2.5320000648498535,2.5320000648498535,2.5320000648498535,2.5320000648498535,2.5320000648498535,2.5320000648498535,2.5320000648498535,2.5320000648498535,2.5320000648498535,2.5320000648498535,2.5320000648498535,2.5320000648498535,2.5320000648498535,2.5320000648498535,2.5320000648498535,2.5320000648498535,2.5320000648498535,2.5360000133514404,2.5360000133514404,2.5320000648498535,2.5360000133514404,2.5360000133514404,2.5320000648498535,2.5320000648498535,2.5320000648498535,2.5360000133514404,2.5360000133514404,2.5360000133514404,2.5360000133514404,2.5360000133514404,2.5360000133514404,2.5360000133514404,2.5320000648498535,2.5360000133514404,2.5360000133514404,2.5399999618530273,2.5439999103546143,2.5439999103546143,2.5439999103546143,2.5399999618530273,2.5480000972747803,2.5439999103546143,2.5439999103546143,2.5199999809265137,2.51200008392334,2.5199999809265137,2.5199999809265137,2.5199999809265137,2.5360000133514404,2.552000045776367,2.552000045776367,2.552000045776367,2.555999994277954,2.552000045776367,3.7760000228881836,3.7760000228881836,3.74399995803833,3.74399995803833,3.7360000610351562,3.74399995803833,3.74399995803833,3.752000093460083,3.75600004196167,3.75600004196167,2.9079999923706055,2.9079999923706055,2.8480000495910645,2.8480000495910645,2.8480000495910645,2.7920000553131104,2.7320001125335693,2.6559998989105225,2.611999988555908,2.568000078201294,2.5160000324249268,2.5160000324249268,2.4719998836517334,2.4119999408721924,2.368000030517578,2.3399999141693115,2.303999900817871,2.200000047683716,2.191999912261963,2.191999912261963,2.1519999504089355,2.115999937057495,2.0840001106262207,2.055999994277954,2.055999994277954,2.01200008392334,1.9819999933242798,1.9539999961853027,1.9199999570846558,1.9019999504089355,1.8880000114440918,1.8760000467300415,1.8660000562667847,1.8539999723434448,1.8420000076293945,1.8259999752044678,1.8259999752044678,1.805999994277954,1.7860000133514404,1.7640000581741333,1.7380000352859497,1.718000054359436,1.7020000219345093,1.6820000410079956,1.659999966621399,1.6319999694824219,1.5180000066757202,1.50600004196167,1.50600004196167,1.4919999837875366,1.4919999837875366,1.4819999933242798,1.465999960899353,1.465999960899353,1.4279999732971191,1.4279999732971191,1.4279999732971191,1.399999976158142,1.399999976158142,1.399999976158142,1.3839999437332153,1.3839999437332153,...,47.0,47.0,47.0,47.0,47.0,47.0,47.0,47.0,47.0,47.0,47.0,47.0,47.0,47.0,47.0,47.0,47.0,0.0,0.0,0.0,0.0,0.0,0.0,0.0,0.0,0.0,0.0,0.0,0.0,0.0,0.0,0.0,0.0,0.0,0.0,0.0,0.0,0.0,0.0,0.0,0.0,0.0,0.0,0.0,0.0,0.0,0.0,0.0,0.0,0.0,0.0,0.0,0.0,0.0,0.0,0.0,0.0,0.0,0.0,0.0,0.0,0.0,0.0,0.0,0.0,0.0,0.0,0.0,0.0,0.0,0.0,0.0,0.0,0.0,0.0,0.0,0.0,0.0,0.0,0.0,0.0,0.0,0.0,0.0,0.0,0.0,0.0,0.0,0.0,0.0,47.0,47.0,47.0,47.0,47.0,0.0,0.0,0.0,0.0,0.0,0.0,0.0,0.0,0.0,0.0,0.0,0.0,0.0,0.0,0.0,0.0,0.0,0.0,0.0,0.0,0.0,0.0,0.0,0.0,0.0,0.0,0.0,0.0,0.0,0.0,0.0,0.0,0.0,...
1763030782,979353169,laser,-3.1241390705108643,3.1415927410125732,0.0034828970674425364,5.3676925745094195e-05,0.09656479209661484,0.15000000596046448,16.0,2.5320000648498535,2.5320000648498535,2.5320000648498535,2.5320000648498535,2.5320000648498535,2.5320000648498535,2.5320000648498535,2.5320000648498535,2.5280001163482666,2.5320000648498535,2.5320000648498535,2.5320000648498535,2.5320000648498535,2.5320000648498535,2.5320000648498535,2.5320000648498535,2.5360000133514404,2.5320000648498535,2.5320000648498535,2.5320000648498535,2.5360000133514404,2.5360000133514404,2.5360000133514404,2.5360000133514404,2.5320000648498535,2.5320000648498535,2.5320000648498535,2.5320000648498535,2.5360000133514404,2.5360000133514404,2.5360000133514404,2.5360000133514404,2.5360000133514404,2.5360000133514404,2.5320000648498535,2.5320000648498535,2.5360000133514404,2.5360000133514404,2.5399999618530273,2.5439999103546143,2.5399999618530273,2.5399999618530273,2.5399999618530273,2.552000045776367,2.5239999294281006,2.503999948501587,2.5199999809265137,2.5199999809265137,2.5199999809265137,2.5199999809265137,2.5320000648498535,2.5480000972747803,2.552000045776367,2.555999994277954,2.559999942779541,2.552000045776367,3.74399995803833,3.74399995803833,3.74399995803833,3.74399995803833,3.74399995803833,3.74399995803833,3.747999906539917,3.747999906539917,3.747999906539917,3.752000093460083,2.880000114440918,2.880000114440918,2.880000114440918,2.880000114440918,2.815999984741211,2.75600004196167,2.75600004196167,2.6440000534057617,2.6440000534057617,2.5999999046325684,2.5399999618530273,2.4839999675750732,2.440000057220459,2.384000062942505,2.3399999141693115,2.2960000038146973,2.2760000228881836,2.252000093460083,2.200000047683716,2.1600000858306885,2.1600000858306885,2.115999937057495,2.0880000591278076,2.059999942779541,2.0280001163482666,1.9980000257492065,1.972000002861023,1.944000005722046,1.9079999923706055,1.8839999437332153,1.8760000467300415,1.8680000305175781,1.8619999885559082,1.8619999885559082,1.8519999980926514,1.8300000429153442,1.812000036239624,1.7940000295639038,1.7719999551773071,1.75,1.7280000448226929,1.7079999446868896,1.687999963760376,1.687999963760376,1.6679999828338623,1.6480000019073486,1.496000051498413,1.496000051498413,1.496000051498413,1.496000051498413,1.4839999675750732,inf,inf,inf,inf,1.4019999504089355,1.4019999504089355,1.4019999504089355,1.4019999504089355,1.4019999504089355,1.3919999599456787,1.3919999599456787,...,47.0,47.0,47.0,47.0,47.0,47.0,47.0,47.0,47.0,47.0,47.0,47.0,47.0,47.0,47.0,47.0,0.0,0.0,0.0,0.0,0.0,0.0,0.0,0.0,0.0,0.0,0.0,0.0,0.0,0.0,0.0,0.0,0.0,0.0,0.0,0.0,0.0,0.0,0.0,0.0,0.0,0.0,0.0,0.0,0.0,0.0,0.0,0.0,0.0,0.0,0.0,0.0,0.0,0.0,0.0,0.0,0.0,0.0,0.0,0.0,0.0,0.0,0.0,0.0,0.0,0.0,0.0,0.0,0.0,0.0,0.0,0.0,0.0,0.0,0.0,0.0,0.0,0.0,0.0,0.0,0.0,0.0,0.0,0.0,0.0,0.0,0.0,0.0,0.0,0.0,0.0,0.0,0.0,0.0,0.0,0.0,0.0,0.0,0.0,0.0,0.0,0.0,0.0,0.0,0.0,0.0,0.0,0.0,0.0,0.0,0.0,0.0,0.0,0.0,0.0,0.0,0.0,0.0,0.0,0.0,0.0,0.0,0.0,0.0,47.0,47.0,47.0,47.0,...
1763030783,77128147,laser,-3.1241390705108643,3.1415927410125732,0.0034828970674425364,5.740935739595443e-05,0.10327943414449692,0.15000000596046448,16.0,2.5239999294281006,2.5320000648498535,2.5320000648498535,2.5320000648498535,2.5320000648498535,2.5320000648498535,2.5320000648498535,2.5320000648498535,2.5320000648498535,2.5320000648498535,2.5320000648498535,2.5320000648498535,2.5320000648498535,2.5320000648498535,2.5320000648498535,2.5320000648498535,2.5320000648498535,2.5320000648498535,2.5320000648498535,2.5320000648498535,2.5360000133514404,2.5320000648498535,2.5320000648498535,2.5320000648498535,2.5320000648498535,2.5320000648498535,2.5320000648498535,2.5320000648498535,2.5360000133514404,2.5360000133514404,2.5360000133514404,2.5360000133514404,2.5360000133514404,2.5360000133514404,2.5320000648498535,2.5320000648498535,2.5360000133514404,2.5399999618530273,2.5399999618530273,2.5399999618530273,2.5399999618530273,2.5399999618530273,2.5399999618530273,2.552000045776367,2.5320000648498535,2.51200008392334,2.5199999809265137,2.5199999809265137,2.5199999809265137,2.5199999809265137,2.5320000648498535,2.5480000972747803,2.552000045776367,2.555999994277954,2.555999994277954,2.555999994277954,2.552000045776367,3.74399995803833,3.74399995803833,3.74399995803833,3.740000009536743,3.74399995803833,3.747999906539917,3.752000093460083,3.747999906539917,3.747999906539917,3.747999906539917,2.936000108718872,2.936000108718872,2.884000062942505,2.884000062942505,2.815999984741211,2.752000093460083,2.696000099182129,2.640000104904175,2.5199999809265137,2.4839999675750732,2.4839999675750732,2.440000057220459,2.384000062942505,2.3399999141693115,2.2960000038146973,2.2760000228881836,2.2760000228881836,2.252000093460083,2.200000047683716,2.1559998989105225,2.115999937057495,2.0880000591278076,2.059999942779541,2.0280001163482666,2.007999897003174,1.9880000352859497,1.9639999866485596,1.9500000476837158,1.9500000476837158,1.937999963760376,1.9240000247955322,1.906000018119812,1.8860000371932983,1.8660000562667847,1.8420000076293945,1.8200000524520874,1.7940000295639038,1.7719999551773071,1.7719999551773071,1.7300000190734863,1.7079999446868896,1.7079999446868896,1.687999963760376,1.6679999828338623,1.6480000019073486,1.5199999809265137,1.5199999809265137,1.50600004196167,1.496000051498413,1.4859999418258667,inf,inf,inf,inf,inf,inf,1.4019999504089355,1.4019999504089355,1.4019999504089355,1.4019999504089355,1.4019999504089355,...,47.0,47.0,47.0,47.0,47.0,47.0,47.0,47.0,47.0,47.0,47.0,47.0,47.0,47.0,47.0,47.0,47.0,0.0,0.0,0.0,0.0,0.0,0.0,0.0,0.0,0.0,0.0,0.0,0.0,0.0,0.0,0.0,0.0,0.0,0.0,0.0,0.0,0.0,0.0,0.0,0.0,0.0,0.0,0.0,0.0,0.0,0.0,0.0,0.0,0.0,0.0,0.0,0.0,0.0,0.0,0.0,0.0,0.0,0.0,0.0,0.0,0.0,0.0,0.0,0.0,0.0,0.0,0.0,0.0,47.0,47.0,47.0,47.0,47.0,0.0,0.0,0.0,0.0,0.0,0.0,0.0,0.0,0.0,0.0,0.0,0.0,0.0,0.0,0.0,0.0,47.0,47.0,47.0,47.0,47.0,0.0,0.0,0.0,0.0,0.0,0.0,0.0,0.0,0.0,0.0,0.0,0.0,0.0,0.0,0.0,0.0,0.0,0.0,0.0,0.0,0.0,0.0,0.0,0.0,0.0,0.0,0.0,0.0,0.0,0.0,0.0,0.0,0.0,...
1763030783,181804262,laser,-3.1241390705108643,3.1415927410125732,0.0034828970674425364,5.3841933549847454e-05,0.09686163812875748,0.15000000596046448,16.0,2.5320000648498535,2.5320000648498535,2.5320000648498535,2.5320000648498535,2.5320000648498535,2.5320000648498535,2.5320000648498535,2.5320000648498535,2.5320000648498535,2.5320000648498535,2.5320000648498535,2.5320000648498535,2.5320000648498535,2.5320000648498535,2.5320000648498535,2.5320000648498535,2.5320000648498535,2.5320000648498535,2.5320000648498535,2.5360000133514404,2.5360000133514404,2.5320000648498535,2.5320000648498535,2.5360000133514404,2.5320000648498535,2.5320000648498535,2.5320000648498535,2.5360000133514404,2.5360000133514404,2.5360000133514404,2.5360000133514404,2.5360000133514404,2.5360000133514404,2.5360000133514404,2.5320000648498535,2.5360000133514404,2.5360000133514404,2.5360000133514404,2.5439999103546143,2.5439999103546143,2.5439999103546143,2.5399999618530273,2.5480000972747803,2.5439999103546143,2.5199999809265137,2.5199999809265137,2.51200008392334,2.5199999809265137,2.5199999809265137,2.5199999809265137,2.5320000648498535,2.5480000972747803,2.552000045776367,2.552000045776367,2.555999994277954,2.552000045776367,3.7760000228881836,3.7760000228881836,3.7760000228881836,3.740000009536743,3.7360000610351562,3.74399995803833,3.752000093460083,3.752000093460083,3.752000093460083,3.747999906539917,2.9159998893737793,2.9159998893737793,2.9159998893737793,2.8480000495910645,2.8480000495910645,2.7960000038146973,2.7320001125335693,2.6600000858306885,2.6080000400543213,2.568000078201294,2.51200008392334,2.4639999866485596,2.4159998893737793,2.371999979019165,2.371999979019165,2.3359999656677246,2.299999952316284,2.2079999446868896,2.2079999446868896,2.200000047683716,2.1559998989105225,2.111999988555908,2.0759999752044678,2.049999952316284,2.0239999294281006,2.00600004196167,1.9980000257492065,1.9980000257492065,1.9800000190734863,1.965999960899353,1.9520000219345093,1.9320000410079956,1.909999966621399,1.8839999437332153,1.8600000143051147,1.8380000591278076,1.812000036239624,1.7879999876022339,1.7879999876022339,1.7640000581741333,1.74399995803833,1.7259999513626099,1.7039999961853027,1.6859999895095825,1.6660000085830688,1.6399999856948853,1.5160000324249268,1.5160000324249268,1.50600004196167,1.49399995803833,1.4839999675750732,1.465999960899353,1.465999960899353,1.4299999475479126,1.4299999475479126,1.4299999475479126,1.4299999475479126,1.4299999475479126,1.399999976158142,1.399999976158142,1.399999976158142,1.3839999437332153,...,47.0,47.0,47.0,47.0,47.0,47.0,47.0,47.0,47.0,47.0,47.0,47.0,47.0,47.0,47.0,47.0,47.0,47.0,47.0,47.0,47.0,47.0,0.0,0.0,0.0,0.0,0.0,0.0,0.0,0.0,0.0,0.0,0.0,0.0,0.0,0.0,0.0,0.0,47.0,47.0,47.0,47.0,47.0,0.0,0.0,0.0,0.0,0.0,0.0,0.0,0.0,0.0,0.0,0.0,0.0,0.0,0.0,0.0,0.0,0.0,0.0,0.0,0.0,0.0,0.0,0.0,0.0,0.0,0.0,0.0,47.0,47.0,47.0,47.0,47.0,0.0,0.0,0.0,0.0,0.0,0.0,0.0,0.0,0.0,0.0,0.0,0.0,0.0,0.0,0.0,0.0,0.0,0.0,0.0,0.0,0.0,0.0,0.0,0.0,0.0,0.0,0.0,0.0,0.0,0.0,0.0,0.0,0.0,0.0,0.0,0.0,0.0,0.0,0.0,0.0,0.0,0.0,0.0,0.0,0.0,0.0,0.0,0.0,0.0,0.0,0.0,47.0,47.0,...
1763030783,280057518,laser,-3.1241390705108643,3.1415927410125732,0.0034828970674425364,5.725833761971444e-05,0.10300774872303009,0.15000000596046448,16.0,2.5360000133514404,2.5320000648498535,2.5320000648498535,2.5320000648498535,2.5360000133514404,2.5360000133514404,2.5320000648498535,2.5320000648498535,2.5280001163482666,2.5320000648498535,2.5320000648498535,2.5320000648498535,2.5320000648498535,2.5320000648498535,2.5320000648498535,2.5320000648498535,2.5320000648498535,2.5320000648498535,2.5320000648498535,2.5320000648498535,2.5360000133514404,2.5360000133514404,2.5360000133514404,2.5360000133514404,2.5320000648498535,2.5320000648498535,2.5320000648498535,2.5360000133514404,2.5360000133514404,2.5360000133514404,2.5360000133514404,2.5360000133514404,2.5360000133514404,2.5360000133514404,2.5320000648498535,2.5360000133514404,2.5360000133514404,2.5360000133514404,2.5399999618530273,2.5439999103546143,2.5439999103546143,2.5399999618530273,2.5399999618530273,2.5480000972747803,2.5439999103546143,2.5199999809265137,2.51200008392334,2.5199999809265137,2.5199999809265137,2.5199999809265137,2.5360000133514404,2.5360000133514404,2.552000045776367,2.552000045776367,2.555999994277954,2.552000045776367,3.7720000743865967,3.7720000743865967,3.74399995803833,3.74399995803833,3.740000009536743,3.74399995803833,3.74399995803833,3.752000093460083,3.752000093460083,3.752000093460083,2.8959999084472656,2.8959999084472656,2.8519999980926514,2.8519999980926514,2.8519999980926514,2.7960000038146973,2.7320001125335693,2.6600000858306885,2.611999988555908,2.568000078201294,2.568000078201294,2.51200008392334,2.4639999866485596,2.4159998893737793,2.371999979019165,2.328000068664551,2.2960000038146973,2.191999912261963,2.187999963760376,2.187999963760376,2.135999917984009,2.1040000915527344,2.0759999752044678,2.0759999752044678,2.0160000324249268,2.0160000324249268,1.9859999418258667,1.9579999446868896,1.9299999475479126,1.909999966621399,1.899999976158142,1.8899999856948853,1.878000020980835,1.8639999628067017,1.8459999561309814,1.8459999561309814,1.8300000429153442,1.809999942779541,1.784000039100647,1.7599999904632568,1.7380000352859497,1.7200000286102295,1.7039999961853027,1.684000015258789,1.6640000343322754,1.6380000114440918,1.5199999809265137,1.50600004196167,1.50600004196167,1.4900000095367432,1.4900000095367432,1.4800000190734863,1.465999960899353,1.465999960899353,1.4299999475479126,1.4299999475479126,1.4299999475479126,1.399999976158142,1.399999976158142,1.399999976158142,1.3839999437332153,1.3839999437332153,...,47.0,47.0,47.0,47.0,47.0,47.0,47.0,47.0,47.0,47.0,47.0,47.0,47.0,47.0,47.0,0.0,0.0,0.0,0.0,0.0,0.0,0.0,0.0,0.0,0.0,0.0,0.0,0.0,0.0,0.0,0.0,0.0,0.0,0.0,0.0,0.0,0.0,0.0,0.0,0.0,0.0,0.0,0.0,0.0,0.0,0.0,0.0,0.0,0.0,0.0,0.0,0.0,0.0,0.0,0.0,0.0,0.0,0.0,0.0,0.0,0.0,0.0,0.0,0.0,0.0,0.0,0.0,0.0,0.0,0.0,0.0,0.0,0.0,0.0,0.0,0.0,0.0,0.0,0.0,0.0,0.0,0.0,0.0,0.0,0.0,0.0,0.0,0.0,0.0,0.0,0.0,0.0,0.0,0.0,0.0,0.0,0.0,0.0,0.0,0.0,0.0,0.0,0.0,0.0,0.0,0.0,0.0,0.0,0.0,0.0,0.0,0.0,0.0,0.0,0.0,0.0,0.0,0.0,0.0,0.0,0.0,0.0,0.0,0.0,0.0,0.0,0.0,0.0,...
1763030783,384610835,laser,-3.1241390705108643,3.1415927410125732,0.0034828970674425364,5.375307227950543e-05,0.09670177847146988,0.15000000596046448,16.0,2.5199999809265137,2.5360000133514404,2.5320000648498535,2.5320000648498535,2.5320000648498535,2.5320000648498535,2.5320000648498535,2.5320000648498535,2.5280001163482666,2.5280001163482666,2.5320000648498535,2.5320000648498535,2.5320000648498535,2.5320000648498535,2.5320000648498535,2.5320000648498535,2.5320000648498535,2.5320000648498535,2.5320000648498535,2.5320000648498535,2.5320000648498535,2.5320000648498535,2.5320000648498535,2.5320000648498535,2.5320000648498535,2.5320000648498535,2.5320000648498535,2.5320000648498535,2.5360000133514404,2.5360000133514404,2.5360000133514404,2.5360000133514404,2.5320000648498535,2.5320000648498535,2.5320000648498535,2.5320000648498535,2.5360000133514404,2.5360000133514404,2.5399999618530273,2.5399999618530273,2.5399999618530273,2.5399999618530273,2.5399999618530273,2.5480000972747803,2.5280001163482666,2.51200008392334,2.5199999809265137,2.5199999809265137,2.5199999809265137,2.5199999809265137,2.5360000133514404,2.5480000972747803,2.552000045776367,2.555999994277954,2.555999994277954,2.552000045776367,3.74399995803833,3.74399995803833,3.74399995803833,3.740000009536743,3.740000009536743,3.74399995803833,3.747999906539917,3.752000093460083,3.747999906539917,3.752000093460083,2.8919999599456787,2.8919999599456787,2.8919999599456787,2.75600004196167,2.75600004196167,2.75600004196167,2.75600004196167,2.6440000534057617,2.5999999046325684,2.5999999046325684,2.5399999618530273,2.48799991607666,2.444000005722046,2.3919999599456787,2.3440001010894775,2.303999900817871,2.2839999198913574,2.180000066757202,2.180000066757202,2.171999931335449,2.1440000534057617,2.1440000534057617,2.111999988555908,2.068000078201294,2.0299999713897705,2.007999897003174,1.9819999933242798,1.9479999542236328,1.9160000085830688,1.8980000019073486,1.8880000114440918,1.878000020980835,1.8700000047683716,1.8619999885559082,1.8619999885559082,1.843999981880188,1.8240000009536743,1.7999999523162842,1.777999997138977,1.753999948501587,1.7300000190734863,1.7120000123977661,1.694000005722046,1.6699999570846558,1.649999976158142,1.649999976158142,1.50600004196167,1.50600004196167,1.4980000257492065,1.4980000257492065,1.4859999418258667,1.4759999513626099,inf,inf,inf,inf,inf,1.406000018119812,1.406000018119812,1.406000018119812,1.406000018119812,1.406000018119812,...,0.0,47.0,47.0,47.0,47.0,47.0,47.0,47.0,47.0,47.0,47.0,47.0,47.0,47.0,47.0,47.0,0.0,0.0,0.0,0.0,0.0,0.0,0.0,0.0,0.0,0.0,0.0,0.0,0.0,0.0,0.0,0.0,0.0,0.0,0.0,0.0,0.0,0.0,0.0,0.0,0.0,0.0,0.0,0.0,0.0,0.0,0.0,0.0,0.0,0.0,0.0,0.0,0.0,0.0,0.0,0.0,0.0,0.0,0.0,0.0,0.0,0.0,0.0,0.0,0.0,0.0,0.0,0.0,0.0,0.0,0.0,0.0,0.0,0.0,0.0,0.0,0.0,0.0,0.0,0.0,0.0,0.0,0.0,0.0,0.0,0.0,0.0,0.0,0.0,47.0,47.0,47.0,47.0,47.0,0.0,0.0,0.0,0.0,0.0,0.0,0.0,0.0,0.0,0.0,0.0,0.0,0.0,0.0,0.0,0.0,0.0,0.0,0.0,0.0,0.0,0.0,0.0,0.0,0.0,0.0,0.0,0.0,0.0,0.0,0.0,0.0,0.0,0.0,...
1763030783,482682795,laser,-3.1241390705108643,3.1415927410125732,0.0034828970674425364,5.725695882574655e-05,0.10300526767969131,0.15000000596046448,16.0,2.5320000648498535,2.5320000648498535,2.5320000648498535,2.5320000648498535,2.5320000648498535,2.5320000648498535,2.5320000648498535,2.5320000648498535,2.5320000648498535,2.5320000648498535,2.5320000648498535,2.5320000648498535,2.5320000648498535,2.5320000648498535,2.5320000648498535,2.5320000648498535,2.5320000648498535,2.5320000648498535,2.5320000648498535,2.5360000133514404,2.5360000133514404,2.5320000648498535,2.5320000648498535,2.5320000648498535,2.5320000648498535,2.5320000648498535,2.5320000648498535,2.5320000648498535,2.5360000133514404,2.5360000133514404,2.5360000133514404,2.5360000133514404,2.5360000133514404,2.5360000133514404,2.5320000648498535,2.5360000133514404,2.5360000133514404,2.5360000133514404,2.5439999103546143,2.5439999103546143,2.5439999103546143,2.5399999618530273,2.5439999103546143,2.5439999103546143,2.5199999809265137,2.5199999809265137,2.51200008392334,2.5199999809265137,2.5160000324249268,2.5199999809265137,2.5360000133514404,2.5480000972747803,2.552000045776367,2.555999994277954,2.555999994277954,2.552000045776367,3.7720000743865967,3.7720000743865967,3.7720000743865967,3.74399995803833,3.7360000610351562,3.74399995803833,3.752000093460083,3.747999906539917,3.747999906539917,3.747999906539917,3.747999906539917,2.931999921798706,2.931999921798706,2.931999921798706,2.871999979019165,2.803999900817871,2.7320001125335693,2.6679999828338623,2.619999885559082,2.572000026702881,2.5239999294281006,2.4839999675750732,2.427999973297119,2.371999979019165,2.3359999656677246,2.303999900817871,2.303999900817871,2.2119998931884766,2.2119998931884766,2.196000099182129,2.1519999504089355,2.111999988555908,2.0759999752044678,2.0480000972747803,2.0179998874664307,1.9919999837875366,1.9780000448226929,1.9520000219345093,1.9520000219345093,1.934000015258789,1.9240000247955322,1.9140000343322754,1.899999976158142,1.878000020980835,1.8580000400543213,1.8359999656677246,1.8140000104904175,1.7920000553131104,1.7640000581741333,1.7640000581741333,1.74399995803833,1.7259999513626099,1.7039999961853027,1.6859999895095825,1.6660000085830688,1.6440000534057617,1.5199999809265137,1.5199999809265137,1.50600004196167,1.496000051498413,1.4839999675750732,inf,inf,inf,inf,inf,inf,1.4040000438690186,1.4040000438690186,1.4040000438690186,1.4040000438690186,1.4040000438690186,...,47.0,47.0,47.0,47.0,47.0,47.0,47.0,47.0,47.0,47.0,47.0,47.0,47.0,47.0,47.0,47.0,47.0,47.0,47.0,47.0,47.0,47.0,0.0,0.0,0.0,0.0,0.0,0.0,0.0,0.0,0.0,0.0,0.0,0.0,0.0,0.0,0.0,0.0,0.0,0.0,0.0,0.0,0.0,0.0,0.0,0.0,0.0,0.0,0.0,0.0,0.0,0.0,0.0,0.0,0.0,0.0,0.0,0.0,0.0,0.0,0.0,0.0,0.0,0.0,0.0,0.0,0.0,0.0,0.0,0.0,0.0,0.0,0.0,0.0,0.0,0.0,0.0,0.0,0.0,0.0,0.0,0.0,0.0,0.0,0.0,0.0,0.0,0.0,0.0,0.0,0.0,0.0,0.0,0.0,0.0,0.0,0.0,0.0,0.0,0.0,0.0,0.0,0.0,0.0,0.0,0.0,0.0,0.0,0.0,0.0,0.0,0.0,0.0,0.0,0.0,0.0,0.0,0.0,0.0,0.0,0.0,0.0,0.0,0.0,0.0,47.0,47.0,47.0,...
1763030783,587168296,laser,-3.1241390705108643,3.1415927410125732,0.0034828970674425364,5.380101720220409e-05,0.09678802639245987,0.15000000596046448,16.0,2.5360000133514404,2.5360000133514404,2.5320000648498535,2.5320000648498535,2.5320000648498535,2.5360000133514404,2.5320000648498535,2.5320000648498535,2.5320000648498535,2.5320000648498535,2.5320000648498535,2.5320000648498535,2.5320000648498535,2.5320000648498535,2.5320000648498535,2.5320000648498535,2.5320000648498535,2.5280001163482666,2.5320000648498535,2.5320000648498535,2.5320000648498535,2.5360000133514404,2.5360000133514404,2.5320000648498535,2.5320000648498535,2.5320000648498535,2.5320000648498535,2.5320000648498535,2.5360000133514404,2.5360000133514404,2.5360000133514404,2.5360000133514404,2.5360000133514404,2.5360000133514404,2.5320000648498535,2.5360000133514404,2.5360000133514404,2.5360000133514404,2.5399999618530273,2.5399999618530273,2.5439999103546143,2.5399999618530273,2.5399999618530273,2.5480000972747803,2.5320000648498535,2.5160000324249268,2.5160000324249268,2.5199999809265137,2.5199999809265137,2.5199999809265137,2.5360000133514404,2.5480000972747803,2.552000045776367,2.555999994277954,2.555999994277954,2.555999994277954,3.7720000743865967,3.7720000743865967,3.7720000743865967,3.740000009536743,3.7360000610351562,3.747999906539917,3.752000093460083,3.747999906539917,3.747999906539917,3.747999906539917,2.931999921798706,2.931999921798706,2.871999979019165,2.871999979019165,2.871999979019165,2.803999900817871,2.7320001125335693,2.6679999828338623,2.624000072479248,2.572000026702881,2.5239999294281006,2.4839999675750732,2.427999973297119,2.375999927520752,2.3359999656677246,2.303999900817871,2.303999900817871,2.259999990463257,2.2279999256134033,2.196000099182129,2.1519999504089355,2.1080000400543213,2.0799999237060547,2.052000045776367,2.0299999713897705,2.00600004196167,1.9800000190734863,1.9620000123977661,1.9520000219345093,1.9520000219345093,1.940000057220459,1.9259999990463257,1.906000018119812,1.8799999952316284,1.8580000400543213,1.8380000591278076,1.8140000104904175,1.7920000553131104,1.7680000066757202,1.7680000066757202,1.7300000190734863,1.7300000190734863,1.7079999446868896,1.6859999895095825,1.6640000343322754,1.6440000534057617,1.5180000066757202,1.5180000066757202,1.50600004196167,1.496000051498413,1.4859999418258667,inf,inf,inf,inf,inf,1.4019999504089355,1.4019999504089355,1.4019999504089355,1.4019999504089355,1.4019999504089355,1.3899999856948853,...,47.0,47.0,47.0,47.0,47.0,47.0,47.0,47.0,47.0,47.0,47.0,47.0,47.0,47.0,47.0,47.0,47.0,0.0,0.0,0.0,0.0,0.0,0.0,0.0,0.0,0.0,0.0,0.0,0.0,0.0,0.0,0.0,0.0,0.0,0.0,0.0,0.0,0.0,0.0,0.0,0.0,0.0,0.0,0.0,0.0,0.0,0.0,0.0,0.0,0.0,0.0,0.0,0.0,0.0,0.0,0.0,0.0,0.0,0.0,0.0,0.0,0.0,0.0,0.0,0.0,0.0,0.0,0.0,0.0,47.0,47.0,47.0,47.0,47.0,0.0,0.0,0.0,0.0,0.0,0.0,0.0,0.0,0.0,0.0,0.0,0.0,0.0,0.0,0.0,0.0,47.0,47.0,47.0,47.0,47.0,0.0,0.0,0.0,0.0,0.0,0.0,0.0,0.0,0.0,0.0,0.0,0.0,0.0,0.0,0.0,0.0,0.0,0.0,0.0,0.0,0.0,0.0,0.0,0.0,0.0,0.0,0.0,0.0,0.0,0.0,0.0,0.0,0.0,...
1763030783,685195304,laser,-3.1241390705108643,3.1415927410125732,0.0034828970674425364,5.7383218518225476e-05,0.10323241353034973,0.15000000596046448,16.0,2.5360000133514404,2.5320000648498535,2.5320000648498535,2.5320000648498535,2.5360000133514404,2.5360000133514404,2.5320000648498535,2.5320000648498535,2.5320000648498535,2.5320000648498535,2.5320000648498535,2.5320000648498535,2.5320000648498535,2.5320000648498535,2.5320000648498535,2.5320000648498535,2.5320000648498535,2.5280001163482666,2.5320000648498535,2.5360000133514404,2.5360000133514404,2.5360000133514404,2.5320000648498535,2.5320000648498535,2.5320000648498535,2.5320000648498535,2.5320000648498535,2.5360000133514404,2.5360000133514404,2.5360000133514404,2.5360000133514404,2.5360000133514404,2.5360000133514404,2.5360000133514404,2.5320000648498535,2.5360000133514404,2.5360000133514404,2.5360000133514404,2.5399999618530273,2.5399999618530273,2.5439999103546143,2.5399999618530273,2.5439999103546143,2.552000045776367,2.5320000648498535,2.5320000648498535,2.5160000324249268,2.5199999809265137,2.5199999809265137,2.5199999809265137,2.5360000133514404,2.5480000972747803,2.552000045776367,2.555999994277954,2.555999994277954,2.555999994277954,3.7760000228881836,3.7760000228881836,3.7760000228881836,3.740000009536743,3.7360000610351562,3.747999906539917,3.752000093460083,3.747999906539917,3.747999906539917,3.747999906539917,2.931999921798706,2.931999921798706,2.871999979019165,2.871999979019165,2.871999979019165,2.803999900817871,2.7320001125335693,2.6679999828338623,2.624000072479248,2.5759999752044678,2.5239999294281006,2.4839999675750732,2.427999973297119,2.375999927520752,2.3359999656677246,2.299999952316284,2.25600004196167,2.25600004196167,2.196000099182129,2.196000099182129,2.1480000019073486,2.1080000400543213,2.0799999237060547,2.052000045776367,2.0280001163482666,2.003999948501587,1.968000054359436,1.937999963760376,1.9240000247955322,1.9240000247955322,1.9079999923706055,1.899999976158142,1.8880000114440918,1.8739999532699585,1.8580000400543213,1.8359999656677246,1.8140000104904175,1.7920000553131104,1.7680000066757202,1.7680000066757202,1.7280000448226929,1.7280000448226929,1.7079999446868896,1.6859999895095825,1.6660000085830688,1.6440000534057617,1.5299999713897705,1.5299999713897705,1.50600004196167,1.496000051498413,1.4839999675750732,inf,inf,inf,inf,inf,1.4019999504089355,1.4019999504089355,1.4019999504089355,1.4019999504089355,1.4019999504089355,1.3899999856948853,...,47.0,47.0,47.0,47.0,47.0,47.0,47.0,47.0,47.0,47.0,47.0,47.0,47.0,47.0,47.0,0.0,0.0,0.0,47.0,47.0,47.0,47.0,47.0,0.0,0.0,0.0,0.0,0.0,0.0,0.0,0.0,0.0,0.0,0.0,0.0,0.0,0.0,0.0,0.0,0.0,0.0,0.0,0.0,0.0,0.0,0.0,0.0,0.0,0.0,0.0,0.0,0.0,0.0,0.0,0.0,0.0,0.0,0.0,0.0,0.0,0.0,0.0,0.0,0.0,0.0,0.0,0.0,0.0,0.0,0.0,0.0,0.0,0.0,0.0,0.0,0.0,0.0,0.0,0.0,0.0,0.0,0.0,0.0,0.0,0.0,0.0,0.0,0.0,0.0,0.0,0.0,0.0,0.0,0.0,0.0,0.0,0.0,0.0,0.0,0.0,0.0,0.0,0.0,0.0,0.0,0.0,0.0,0.0,0.0,0.0,0.0,0.0,0.0,0.0,0.0,0.0,0.0,0.0,0.0,0.0,0.0,0.0,0.0,0.0,0.0,0.0,0.0,0.0,...
1763030783,789723154,laser,-3.1241390705108643,3.1415927410125732,0.0034828970674425364,5.727566531277262e-05,0.10303892195224762,0.15000000596046448,16.0,2.5360000133514404,2.5320000648498535,2.5320000648498535,2.5320000648498535,2.5360000133514404,2.5320000648498535,2.5320000648498535,2.5320000648498535,2.5320000648498535,2.5320000648498535,2.5320000648498535,2.5320000648498535,2.5320000648498535,2.5320000648498535,2.5320000648498535,2.5320000648498535,2.5320000648498535,2.5280001163482666,2.5320000648498535,2.5320000648498535,2.5360000133514404,2.5360000133514404,2.5320000648498535,2.5320000648498535,2.5320000648498535,2.5320000648498535,2.5320000648498535,2.5360000133514404,2.5360000133514404,2.5360000133514404,2.5360000133514404,2.5360000133514404,2.5360000133514404,2.5360000133514404,2.5320000648498535,2.5360000133514404,2.5360000133514404,2.5360000133514404,2.5399999618530273,2.5399999618530273,2.5439999103546143,2.5399999618530273,2.5399999618530273,2.5480000972747803,2.5360000133514404,2.5160000324249268,2.5160000324249268,2.5199999809265137,2.5160000324249268,2.5199999809265137,2.5360000133514404,2.5480000972747803,2.552000045776367,2.555999994277954,2.555999994277954,2.555999994277954,3.7760000228881836,3.7760000228881836,3.7760000228881836,3.740000009536743,3.7360000610351562,3.74399995803833,3.752000093460083,3.747999906539917,3.752000093460083,3.752000093460083,3.752000093460083,2.931999921798706,2.871999979019165,2.871999979019165,2.871999979019165,2.803999900817871,2.7320001125335693,2.684000015258789,2.6440000534057617,2.5840001106262207,2.5280001163482666,2.4839999675750732,2.427999973297119,2.375999927520752,2.3359999656677246,2.299999952316284,2.299999952316284,2.25600004196167,2.2279999256134033,2.196000099182129,2.1519999504089355,2.1080000400543213,2.0799999237060547,2.053999900817871,2.0260000228881836,1.99399995803833,1.968000054359436,1.9459999799728394,1.9119999408721924,1.9119999408721924,1.8739999532699585,1.8739999532699585,1.8619999885559082,1.8480000495910645,1.8420000076293945,1.8300000429153442,1.8140000104904175,1.7920000553131104,1.7680000066757202,1.7680000066757202,1.7280000448226929,1.7280000448226929,1.7079999446868896,1.6859999895095825,1.6660000085830688,1.6440000534057617,1.534000039100647,1.534000039100647,1.50600004196167,1.496000051498413,1.4839999675750732,inf,inf,inf,inf,inf,1.4019999504089355,1.4019999504089355,1.4019999504089355,1.4019999504089355,1.4019999504089355,1.3899999856948853,...,47.0,47.0,47.0,47.0,47.0,47.0,47.0,47.0,47.0,47.0,47.0,47.0,47.0,47.0,47.0,0.0,0.0,0.0,0.0,0.0,0.0,0.0,0.0,0.0,0.0,0.0,0.0,0.0,0.0,0.0,0.0,0.0,0.0,0.0,0.0,0.0,0.0,0.0,0.0,0.0,0.0,0.0,0.0,0.0,0.0,0.0,0.0,0.0,0.0,0.0,0.0,0.0,0.0,0.0,0.0,0.0,0.0,0.0,0.0,0.0,0.0,0.0,0.0,0.0,0.0,0.0,0.0,47.0,47.0,47.0,47.0,47.0,0.0,0.0,0.0,0.0,0.0,0.0,0.0,0.0,0.0,0.0,0.0,0.0,0.0,0.0,0.0,0.0,0.0,0.0,0.0,47.0,47.0,47.0,47.0,47.0,0.0,0.0,0.0,0.0,0.0,0.0,0.0,0.0,0.0,0.0,0.0,0.0,0.0,0.0,0.0,0.0,0.0,0.0,0.0,0.0,0.0,0.0,0.0,0.0,0.0,0.0,0.0,0.0,0.0,0.0,0.0,0.0,...
1763030783,894074393,laser,-3.1241390705108643,3.1415927410125732,0.0034828970674425364,5.387392593547702e-05,0.09691918641328812,0.15000000596046448,16.0,2.5360000133514404,2.5320000648498535,2.5320000648498535,2.5320000648498535,2.5320000648498535,2.5320000648498535,2.5320000648498535,2.5320000648498535,2.5320000648498535,2.5320000648498535,2.5320000648498535,2.5320000648498535,2.5320000648498535,2.5320000648498535,2.5320000648498535,2.5360000133514404,2.5360000133514404,2.5320000648498535,2.5320000648498535,2.5360000133514404,2.5360000133514404,2.5360000133514404,2.5320000648498535,2.5320000648498535,2.5320000648498535,2.5320000648498535,2.5320000648498535,2.5360000133514404,2.5360000133514404,2.5360000133514404,2.5360000133514404,2.5360000133514404,2.5360000133514404,2.5360000133514404,2.5320000648498535,2.5360000133514404,2.5399999618530273,2.5399999618530273,2.5399999618530273,2.5439999103546143,2.5439999103546143,2.5399999618530273,2.5439999103546143,2.5480000972747803,2.5320000648498535,2.5320000648498535,2.5160000324249268,2.5199999809265137,2.5199999809265137,2.5199999809265137,2.5360000133514404,2.552000045776367,2.552000045776367,2.555999994277954,2.555999994277954,2.552000045776367,3.75600004196167,3.75600004196167,3.75600004196167,3.740000009536743,3.7360000610351562,3.74399995803833,3.752000093460083,3.747999906539917,3.747999906539917,3.747999906539917,2.9159998893737793,2.9159998893737793,2.9159998893737793,2.9159998893737793,2.868000030517578,2.803999900817871,2.7320001125335693,2.6679999828338623,2.624000072479248,2.5759999752044678,2.5280001163482666,2.4119999408721924,2.4119999408721924,2.375999927520752,2.3359999656677246,2.3359999656677246,2.299999952316284,2.2039999961853027,2.2039999961853027,2.196000099182129,2.1480000019073486,2.1080000400543213,2.0799999237060547,2.052000045776367,2.0160000324249268,1.9859999418258667,1.9620000123977661,1.9299999475479126,1.9299999475479126,1.9040000438690186,1.8839999437332153,1.8739999532699585,1.8680000305175781,1.8539999723434448,1.843999981880188,1.8300000429153442,1.809999942779541,1.7879999876022339,1.7680000066757202,1.7680000066757202,1.74399995803833,1.722000002861023,1.7039999961853027,1.6859999895095825,1.6640000343322754,1.6419999599456787,1.5199999809265137,1.5199999809265137,1.50600004196167,1.4919999837875366,inf,inf,inf,inf,inf,inf,inf,1.399999976158142,1.399999976158142,1.399999976158142,1.399999976158142,1.399999976158142,...,47.0,47.0,47.0,47.0,47.0,47.0,47.0,47.0,47.0,47.0,47.0,47.0,47.0,47.0,47.0,0.0,0.0,0.0,0.0,0.0,0.0,0.0,0.0,0.0,0.0,0.0,0.0,0.0,0.0,0.0,0.0,0.0,0.0,0.0,0.0,0.0,0.0,0.0,0.0,0.0,0.0,0.0,0.0,0.0,0.0,0.0,0.0,0.0,0.0,0.0,0.0,0.0,0.0,0.0,0.0,0.0,0.0,0.0,0.0,0.0,0.0,0.0,0.0,0.0,0.0,0.0,0.0,0.0,0.0,0.0,0.0,0.0,0.0,0.0,0.0,0.0,0.0,0.0,0.0,0.0,0.0,0.0,0.0,0.0,0.0,0.0,0.0,0.0,0.0,0.0,0.0,0.0,0.0,0.0,0.0,0.0,0.0,0.0,0.0,0.0,0.0,0.0,0.0,0.0,0.0,0.0,0.0,0.0,0.0,0.0,0.0,0.0,0.0,0.0,0.0,0.0,0.0,0.0,0.0,0.0,0.0,0.0,0.0,0.0,0.0,0.0,0.0,0.0,...
1763030783,992399570,laser,-3.1241390705108643,3.1415927410125732,0.0034828970674425364,5.7292818382848054e-05,0.10306978225708008,0.15000000596046448,16.0,2.5399999618530273,2.5320000648498535,2.5320000648498535,2.5320000648498535,2.5320000648498535,2.5320000648498535,2.5320000648498535,2.5320000648498535,2.5320000648498535,2.5320000648498535,2.5320000648498535,2.5320000648498535,2.5320000648498535,2.5320000648498535,2.5320000648498535,2.5360000133514404,2.5320000648498535,2.5280001163482666,2.5320000648498535,2.5320000648498535,2.5320000648498535,2.5360000133514404,2.5320000648498535,2.5320000648498535,2.5320000648498535,2.5320000648498535,2.5320000648498535,2.5360000133514404,2.5360000133514404,2.5360000133514404,2.5360000133514404,2.5360000133514404,2.5360000133514404,2.5360000133514404,2.5320000648498535,2.5360000133514404,2.5360000133514404,2.5360000133514404,2.5399999618530273,2.5399999618530273,2.5399999618530273,2.5399999618530273,2.5399999618530273,2.5480000972747803,2.5320000648498535,2.5160000324249268,2.5199999809265137,2.5199999809265137,2.5160000324249268,2.5199999809265137,2.5360000133514404,2.5480000972747803,2.552000045776367,2.555999994277954,2.555999994277954,2.555999994277954,2.552000045776367,3.740000009536743,3.740000009536743,3.740000009536743,3.7360000610351562,3.740000009536743,3.74399995803833,3.747999906539917,3.752000093460083,3.752000093460083,3.752000093460083,2.875999927520752,2.875999927520752,2.875999927520752,2.875999927520752,2.808000087738037,2.74399995803833,2.680000066757202,2.631999969482422,2.5959999561309814,2.5399999618530273,2.4839999675750732,2.440000057220459,2.384000062942505,2.3359999656677246,2.299999952316284,2.2760000228881836,2.2760000228881836,2.247999906539917,2.196000099182129,2.1519999504089355,2.111999988555908,2.0840001106262207,2.055999994277954,2.0239999294281006,2.009999990463257,1.9880000352859497,1.965999960899353,1.9539999961853027,1.9539999961853027,1.940000057220459,1.9259999990463257,1.9079999923706055,1.8860000371932983,1.8660000562667847,1.843999981880188,1.8179999589920044,1.7940000295639038,1.7699999809265137,1.75,1.7300000190734863,1.7079999446868896,1.7079999446868896,1.6859999895095825,1.6640000343322754,1.6440000534057617,1.5199999809265137,1.50600004196167,1.50600004196167,1.4980000257492065,1.4859999418258667,inf,inf,inf,inf,1.4019999504089355,1.4019999504089355,1.4019999504089355,1.4019999504089355,1.4019999504089355,1.3940000534057617,1.3940000534057617,...,47.0,47.0,47.0,47.0,47.0,47.0,47.0,47.0,47.0,47.0,47.0,47.0,47.0,47.0,47.0,47.0,47.0,0.0,0.0,0.0,0.0,0.0,0.0,0.0,0.0,0.0,0.0,0.0,0.0,0.0,0.0,0.0,0.0,0.0,0.0,0.0,0.0,0.0,0.0,0.0,0.0,0.0,0.0,0.0,0.0,0.0,0.0,0.0,0.0,0.0,0.0,0.0,0.0,0.0,0.0,0.0,0.0,0.0,0.0,0.0,0.0,0.0,0.0,0.0,0.0,0.0,0.0,0.0,0.0,47.0,47.0,47.0,47.0,47.0,0.0,0.0,0.0,0.0,0.0,0.0,0.0,0.0,0.0,0.0,0.0,0.0,0.0,0.0,0.0,0.0,47.0,47.0,47.0,47.0,47.0,0.0,0.0,0.0,0.0,0.0,0.0,0.0,0.0,0.0,0.0,0.0,0.0,0.0,0.0,0.0,0.0,0.0,0.0,0.0,0.0,0.0,0.0,0.0,0.0,0.0,0.0,0.0,0.0,0.0,0.0,0.0,0.0,0.0,...
1763030784,96917405,laser,-3.1241390705108643,3.1415927410125732,0.0034828970674425364,5.375930413720198e-05,0.09671299159526825,0.15000000596046448,16.0,2.5360000133514404,2.5320000648498535,2.5320000648498535,2.5320000648498535,2.5320000648498535,2.5320000648498535,2.5320000648498535,2.5320000648498535,2.5320000648498535,2.5320000648498535,2.5320000648498535,2.5320000648498535,2.5320000648498535,2.5320000648498535,2.5320000648498535,2.5360000133514404,2.5360000133514404,2.5320000648498535,2.5320000648498535,2.5360000133514404,2.5360000133514404,2.5360000133514404,2.5320000648498535,2.5320000648498535,2.5320000648498535,2.5320000648498535,2.5320000648498535,2.5360000133514404,2.5360000133514404,2.5360000133514404,2.5360000133514404,2.5360000133514404,2.5360000133514404,2.5360000133514404,2.5320000648498535,2.5360000133514404,2.5360000133514404,2.5399999618530273,2.5399999618530273,2.5399999618530273,2.5439999103546143,2.5399999618530273,2.5399999618530273,2.5480000972747803,2.5320000648498535,2.5160000324249268,2.5199999809265137,2.5199999809265137,2.5199999809265137,2.5199999809265137,2.5360000133514404,2.552000045776367,2.552000045776367,2.555999994277954,2.555999994277954,2.555999994277954,3.7920000553131104,3.7920000553131104,3.7920000553131104,3.740000009536743,3.7360000610351562,3.74399995803833,3.752000093460083,3.747999906539917,3.752000093460083,3.747999906539917,3.747999906539917,2.944000005722046,2.944000005722046,2.871999979019165,2.871999979019165,2.808000087738037,2.74399995803833,2.680000066757202,2.631999969482422,2.5920000076293945,2.5360000133514404,2.4800000190734863,2.436000108718872,2.384000062942505,2.3359999656677246,2.2960000038146973,2.2639999389648438,2.2639999389648438,2.240000009536743,2.196000099182129,2.1519999504089355,2.111999988555908,2.0840001106262207,2.055999994277954,2.0280001163482666,2.009999990463257,1.99399995803833,1.9759999513626099,1.965999960899353,1.9520000219345093,1.9520000219345093,1.9320000410079956,1.909999966621399,1.8860000371932983,1.8660000562667847,1.8420000076293945,1.8179999589920044,1.7920000553131104,1.7680000066757202,1.7480000257492065,1.7300000190734863,1.7079999446868896,1.6859999895095825,1.6859999895095825,1.6679999828338623,1.6480000019073486,1.5199999809265137,1.5199999809265137,1.50600004196167,1.4980000257492065,1.4859999418258667,inf,inf,inf,inf,inf,inf,1.4019999504089355,1.4019999504089355,1.4019999504089355,1.4019999504089355,1.4019999504089355,...,47.0,47.0,47.0,47.0,47.0,47.0,47.0,47.0,47.0,47.0,47.0,47.0,47.0,47.0,47.0,47.0,0.0,0.0,0.0,0.0,0.0,0.0,0.0,0.0,0.0,0.0,0.0,0.0,0.0,0.0,0.0,0.0,0.0,0.0,0.0,0.0,0.0,0.0,0.0,0.0,0.0,0.0,0.0,0.0,0.0,0.0,0.0,0.0,0.0,0.0,0.0,0.0,0.0,0.0,0.0,0.0,0.0,0.0,0.0,0.0,0.0,0.0,0.0,0.0,0.0,0.0,0.0,0.0,0.0,47.0,47.0,47.0,47.0,47.0,0.0,0.0,0.0,0.0,0.0,0.0,0.0,0.0,0.0,0.0,0.0,0.0,0.0,0.0,0.0,0.0,0.0,0.0,0.0,0.0,0.0,0.0,0.0,0.0,0.0,0.0,0.0,0.0,0.0,0.0,0.0,0.0,47.0,47.0,47.0,47.0,47.0,0.0,0.0,0.0,0.0,0.0,0.0,0.0,0.0,0.0,0.0,0.0,0.0,0.0,47.0,47.0,47.0,47.0,...
1763030784,194998178,laser,-3.1241390705108643,3.1415927410125732,0.0034828970674425364,5.730644261348061e-05,0.10309429466724396,0.15000000596046448,16.0,2.5360000133514404,2.5320000648498535,2.5320000648498535,2.5320000648498535,2.5320000648498535,2.5320000648498535,2.5320000648498535,2.5320000648498535,2.5320000648498535,2.5320000648498535,2.5320000648498535,2.5320000648498535,2.5320000648498535,2.5320000648498535,2.5320000648498535,2.5360000133514404,2.5360000133514404,2.5320000648498535,2.5320000648498535,2.5360000133514404,2.5360000133514404,2.5360000133514404,2.5320000648498535,2.5320000648498535,2.5320000648498535,2.5320000648498535,2.5320000648498535,2.5360000133514404,2.5360000133514404,2.5360000133514404,2.5360000133514404,2.5360000133514404,2.5360000133514404,2.5360000133514404,2.5320000648498535,2.5360000133514404,2.5360000133514404,2.5399999618530273,2.5399999618530273,2.5399999618530273,2.5399999618530273,2.5399999618530273,2.5399999618530273,2.5480000972747803,2.5239999294281006,2.503999948501587,2.5199999809265137,2.5199999809265137,2.5199999809265137,2.5199999809265137,2.5360000133514404,2.5480000972747803,2.552000045776367,2.555999994277954,2.555999994277954,2.552000045776367,2.552000045776367,3.74399995803833,3.74399995803833,3.74399995803833,3.7360000610351562,3.740000009536743,3.74399995803833,3.752000093460083,3.752000093460083,3.752000093460083,2.875999927520752,2.875999927520752,2.875999927520752,2.875999927520752,2.815999984741211,2.815999984741211,2.759999990463257,2.7119998931884766,2.6519999504089355,2.5920000076293945,2.5360000133514404,2.4839999675750732,2.436000108718872,2.388000011444092,2.3440001010894775,2.299999952316284,2.2799999713897705,2.200000047683716,2.200000047683716,2.1559998989105225,2.1559998989105225,2.115999937057495,2.0959999561309814,2.068000078201294,2.0280001163482666,2.00600004196167,1.9839999675750732,1.9559999704360962,1.9279999732971191,1.906000018119812,1.8980000019073486,1.8980000019073486,1.878000020980835,1.878000020980835,1.8639999628067017,1.8420000076293945,1.8220000267028809,1.7999999523162842,1.7760000228881836,1.753999948501587,1.7300000190734863,1.7079999446868896,1.690000057220459,1.6720000505447388,1.6720000505447388,1.6519999504089355,1.4980000257492065,1.4980000257492065,1.4980000257492065,1.4980000257492065,1.4839999675750732,1.4739999771118164,inf,inf,inf,1.4019999504089355,1.4019999504089355,1.4019999504089355,1.4019999504089355,1.4019999504089355,1.3940000534057617,1.3940000534057617,...,47.0,47.0,47.0,47.0,47.0,47.0,47.0,47.0,47.0,47.0,47.0,47.0,47.0,47.0,47.0,47.0,47.0,0.0,0.0,0.0,0.0,0.0,0.0,0.0,0.0,0.0,0.0,0.0,0.0,0.0,0.0,0.0,0.0,0.0,0.0,0.0,0.0,0.0,0.0,0.0,0.0,0.0,0.0,0.0,0.0,0.0,0.0,0.0,0.0,0.0,0.0,0.0,0.0,0.0,0.0,0.0,0.0,0.0,0.0,0.0,0.0,0.0,0.0,0.0,0.0,0.0,0.0,0.0,0.0,0.0,47.0,47.0,47.0,47.0,47.0,0.0,0.0,0.0,0.0,0.0,0.0,0.0,0.0,0.0,0.0,0.0,0.0,0.0,0.0,0.0,0.0,0.0,0.0,0.0,0.0,0.0,0.0,0.0,0.0,0.0,0.0,0.0,0.0,0.0,0.0,0.0,0.0,0.0,0.0,0.0,0.0,0.0,0.0,0.0,0.0,0.0,0.0,0.0,0.0,0.0,0.0,0.0,0.0,0.0,0.0,0.0,0.0,0.0,...
1763030784,299665800,laser,-3.1241390705108643,3.1415927410125732,0.0034828970674425364,5.3760148148285225e-05,0.09671450406312943,0.15000000596046448,16.0,2.5320000648498535,2.5320000648498535,2.5320000648498535,2.5320000648498535,2.5320000648498535,2.5320000648498535,2.5320000648498535,2.5320000648498535,2.5320000648498535,2.5320000648498535,2.5320000648498535,2.5320000648498535,2.5320000648498535,2.5320000648498535,2.5320000648498535,2.5360000133514404,2.5360000133514404,2.5320000648498535,2.5320000648498535,2.5360000133514404,2.5360000133514404,2.5320000648498535,2.5320000648498535,2.5320000648498535,2.5320000648498535,2.5320000648498535,2.5320000648498535,2.5360000133514404,2.5360000133514404,2.5360000133514404,2.5360000133514404,2.5360000133514404,2.5360000133514404,2.5360000133514404,2.5320000648498535,2.5360000133514404,2.5360000133514404,2.5399999618530273,2.5399999618530273,2.5399999618530273,2.5439999103546143,2.5399999618530273,2.5399999618530273,2.552000045776367,2.5239999294281006,2.503999948501587,2.5199999809265137,2.5199999809265137,2.5199999809265137,2.5199999809265137,2.5360000133514404,2.5480000972747803,2.552000045776367,2.555999994277954,2.555999994277954,2.552000045776367,2.552000045776367,3.74399995803833,3.74399995803833,3.740000009536743,3.740000009536743,3.740000009536743,3.747999906539917,3.752000093460083,3.747999906539917,3.752000093460083,2.875999927520752,2.875999927520752,2.828000068664551,2.828000068664551,2.828000068664551,2.828000068664551,2.759999990463257,2.6480000019073486,2.6480000019073486,2.5920000076293945,2.5360000133514404,2.4839999675750732,2.440000057220459,2.384000062942505,2.3399999141693115,2.299999952316284,2.2799999713897705,2.200000047683716,2.1559998989105225,2.1559998989105225,2.1559998989105225,2.115999937057495,2.0959999561309814,2.068000078201294,2.0299999713897705,2.0,1.9780000448226929,1.9479999542236328,1.909999966621399,1.8860000371932983,1.878000020980835,1.8700000047683716,1.8600000143051147,1.8559999465942383,1.8559999465942383,1.840000033378601,1.8220000267028809,1.7979999780654907,1.7760000228881836,1.753999948501587,1.7300000190734863,1.7079999446868896,1.687999963760376,1.6679999828338623,1.6679999828338623,1.6519999504089355,1.5080000162124634,1.4980000257492065,1.4980000257492065,1.4980000257492065,1.4839999675750732,1.4739999771118164,inf,inf,inf,inf,1.4019999504089355,1.4019999504089355,1.4019999504089355,1.4019999504089355,1.4019999504089355,1.3940000534057617,...,47.0,47.0,47.0,47.0,47.0,47.0,47.0,47.0,47.0,47.0,47.0,47.0,47.0,47.0,47.0,47.0,0.0,0.0,0.0,0.0,0.0,0.0,0.0,0.0,0.0,0.0,0.0,0.0,0.0,0.0,0.0,0.0,0.0,0.0,0.0,0.0,0.0,0.0,0.0,0.0,0.0,0.0,0.0,0.0,0.0,0.0,0.0,0.0,0.0,0.0,0.0,0.0,0.0,0.0,0.0,0.0,0.0,0.0,0.0,0.0,0.0,0.0,0.0,0.0,0.0,0.0,0.0,0.0,0.0,0.0,0.0,0.0,0.0,0.0,0.0,0.0,0.0,0.0,0.0,0.0,0.0,0.0,0.0,0.0,0.0,0.0,0.0,0.0,0.0,0.0,0.0,0.0,0.0,0.0,0.0,0.0,0.0,0.0,0.0,0.0,0.0,0.0,0.0,0.0,0.0,0.0,0.0,0.0,0.0,0.0,0.0,0.0,0.0,0.0,0.0,0.0,0.0,0.0,0.0,0.0,0.0,0.0,0.0,0.0,0.0,0.0,0.0,0.0,...
1763030784,397708789,laser,-3.1241390705108643,3.1415927410125732,0.0034828970674425364,5.7262044720118865e-05,0.10301441699266434,0.15000000596046448,16.0,2.5360000133514404,2.5320000648498535,2.5320000648498535,2.5320000648498535,2.5320000648498535,2.5320000648498535,2.5320000648498535,2.5320000648498535,2.5320000648498535,2.5320000648498535,2.5320000648498535,2.5320000648498535,2.5320000648498535,2.5320000648498535,2.5320000648498535,2.5360000133514404,2.5360000133514404,2.5320000648498535,2.5320000648498535,2.5360000133514404,2.5360000133514404,2.5360000133514404,2.5320000648498535,2.5320000648498535,2.5320000648498535,2.5320000648498535,2.5320000648498535,2.5360000133514404,2.5360000133514404,2.5360000133514404,2.5360000133514404,2.5360000133514404,2.5360000133514404,2.5360000133514404,2.5320000648498535,2.5360000133514404,2.5360000133514404,2.5399999618530273,2.5399999618530273,2.5399999618530273,2.5439999103546143,2.5399999618530273,2.5399999618530273,2.5480000972747803,2.5399999618530273,2.5199999809265137,2.5199999809265137,2.5199999809265137,2.5199999809265137,2.5199999809265137,2.5360000133514404,2.552000045776367,2.552000045776367,2.555999994277954,2.555999994277954,2.555999994277954,3.7920000553131104,3.7920000553131104,3.7920000553131104,3.74399995803833,3.740000009536743,3.747999906539917,3.752000093460083,3.752000093460083,3.747999906539917,3.752000093460083,2.944000005722046,2.944000005722046,2.944000005722046,2.875999927520752,2.8239998817443848,2.8239998817443848,2.75600004196167,2.696000099182129,2.6440000534057617,2.5920000076293945,2.5399999618530273,2.4839999675750732,2.440000057220459,2.388000011444092,2.3399999141693115,2.299999952316284,2.2639999389648438,2.240000009536743,2.240000009536743,2.1559998989105225,2.1559998989105225,2.111999988555908,2.0920000076293945,2.063999891281128,2.0280001163482666,1.9980000257492065,1.9759999513626099,1.9459999799728394,1.9160000085830688,1.8980000019073486,1.8980000019073486,1.8919999599456787,1.8760000467300415,1.8760000467300415,1.8619999885559082,1.8420000076293945,1.8200000524520874,1.7979999780654907,1.7699999809265137,1.75,1.7300000190734863,1.7079999446868896,1.687999963760376,1.687999963760376,1.6679999828338623,1.649999976158142,1.5299999713897705,1.5299999713897705,1.5080000162124634,1.4980000257492065,1.4859999418258667,1.4759999513626099,inf,inf,inf,inf,inf,1.406000018119812,1.406000018119812,1.406000018119812,1.406000018119812,1.406000018119812,...,47.0,47.0,47.0,47.0,47.0,47.0,47.0,47.0,47.0,47.0,47.0,47.0,47.0,47.0,47.0,0.0,0.0,0.0,0.0,0.0,0.0,0.0,0.0,0.0,0.0,0.0,0.0,0.0,0.0,0.0,0.0,0.0,0.0,0.0,0.0,0.0,0.0,0.0,0.0,0.0,0.0,0.0,0.0,0.0,0.0,0.0,0.0,0.0,0.0,0.0,0.0,0.0,0.0,0.0,0.0,0.0,0.0,0.0,0.0,0.0,0.0,0.0,0.0,0.0,0.0,0.0,0.0,0.0,0.0,0.0,0.0,0.0,0.0,0.0,0.0,0.0,0.0,0.0,0.0,0.0,0.0,0.0,0.0,0.0,0.0,0.0,0.0,0.0,0.0,0.0,0.0,0.0,0.0,0.0,0.0,0.0,0.0,0.0,0.0,0.0,0.0,0.0,0.0,0.0,0.0,0.0,0.0,0.0,0.0,0.0,0.0,0.0,0.0,0.0,0.0,0.0,0.0,0.0,0.0,0.0,0.0,0.0,0.0,0.0,0.0,0.0,0.0,0.0,...
