1763031036,777606105,laser,-3.1241390705108643,3.1415927410125732,0.0034828970674425364,5.428190706879832e-05,0.09765315055847168,0.15000000596046448,16.0,4.616000175476074,4.599999904632568,4.599999904632568,4.599999904632568,4.584000110626221,4.576000213623047,4.567999839782715,4.576000213623047,4.5920000076293945,4.584000110626221,4.584000110626221,4.5920000076293945,4.599999904632568,4.5920000076293945,4.584000110626221,4.5920000076293945,4.5920000076293945,4.5920000076293945,4.5920000076293945,4.5920000076293945,4.584000110626221,4.584000110626221,4.5920000076293945,4.5920000076293945,4.599999904632568,4.599999904632568,4.599999904632568,4.599999904632568,4.5920000076293945,4.599999904632568,4.599999904632568,4.5920000076293945,4.576000213623047,4.576000213623047,4.576000213623047,4.5920000076293945,4.607999801635742,4.599999904632568,4.5920000076293945,inf,inf,inf,inf,inf,inf,inf,inf,inf,inf,inf,inf,inf,inf,3.7639999389648438,3.7639999389648438,3.7639999389648438,3.7639999389648438,3.7639999389648438,3.740000009536743,3.740000009536743,3.7320001125335693,3.7360000610351562,3.7360000610351562,3.74399995803833,3.752000093460083,3.752000093460083,2.8959999084472656,2.8959999084472656,2.8359999656677246,2.8359999656677246,2.8359999656677246,2.7799999713897705,2.7279999256134033,2.6600000858306885,2.615999937057495,2.615999937057495,2.496000051498413,2.496000051498413,2.4560000896453857,2.4000000953674316,2.3559999465942383,2.308000087738037,2.2880001068115234,2.196000099182129,2.1679999828338623,2.1679999828338623,2.124000072479248,2.124000072479248,2.0959999561309814,2.062000036239624,2.0299999713897705,2.00600004196167,1.9700000286102295,1.944000005722046,1.9240000247955322,1.906000018119812,1.906000018119812,1.8960000276565552,1.8839999437332153,1.8700000047683716,1.8580000400543213,1.8339999914169312,1.815999984741211,1.7960000038146973,1.7699999809265137,1.7480000257492065,1.7280000448226929,1.7079999446868896,1.7079999446868896,1.687999963760376,1.6660000085830688,1.6460000276565552,1.5140000581741333,1.5140000581741333,1.503999948501587,1.4919999837875366,1.468000054359436,inf,inf,1.4299999475479126,1.4299999475479126,1.4299999475479126,1.4299999475479126,1.4299999475479126,1.399999976158142,1.399999976158142,1.399999976158142,1.3860000371932983,...,0.0,0.0,0.0,0.0,0.0,0.0,0.0,0.0,0.0,0.0,0.0,0.0,47.0,47.0,47.0,47.0,47.0,47.0,47.0,47.0,47.0,47.0,47.0,47.0,47.0,47.0,47.0,47.0,0.0,0.0,0.0,0.0,0.0,0.0,0.0,0.0,0.0,0.0,0.0,0.0,0.0,0.0,0.0,0.0,0.0,0.0,0.0,0.0,0.0,0.0,0.0,0.0,0.0,0.0,0.0,0.0,0.0,0.0,0.0,0.0,0.0,0.0,0.0,0.0,0.0,0.0,0.0,0.0,0.0,47.0,47.0,47.0,47.0,47.0,0.0,0.0,0.0,0.0,0.0,0.0,0.0,0.0,0.0,0.0,0.0,0.0,0.0,0.0,0.0,0.0,0.0,0.0,0.0,0.0,0.0,0.0,0.0,0.0,0.0,0.0,0.0,0.0,0.0,0.0,0.0,0.0,0.0,0.0,0.0,0.0,0.0,0.0,0.0,0.0,0.0,0.0,0.0,0.0,0.0,0.0,0.0,0.0,0.0,0.0,0.0,0.0,0.0,0.0,...
1763031036,876845608,laser,-3.1241390705108643,3.1415927410125732,0.0034828970674425364,5.71278142160736e-05,0.10277294367551804,0.15000000596046448,16.0,4.607999801635742,4.607999801635742,4.607999801635742,4.5920000076293945,4.576000213623047,4.567999839782715,4.576000213623047,4.576000213623047,4.5920000076293945,4.5920000076293945,4.5920000076293945,4.5920000076293945,4.5920000076293945,4.584000110626221,4.584000110626221,4.5920000076293945,4.5920000076293945,4.5920000076293945,4.5920000076293945,4.5920000076293945,4.584000110626221,4.5920000076293945,4.5920000076293945,4.5920000076293945,4.599999904632568,4.5920000076293945,4.599999904632568,4.5920000076293945,4.5920000076293945,4.599999904632568,4.599999904632568,4.599999904632568,4.584000110626221,4.576000213623047,4.584000110626221,4.5920000076293945,4.599999904632568,4.599999904632568,4.599999904632568,inf,inf,inf,inf,inf,inf,inf,inf,inf,inf,inf,inf,4.0920000076293945,4.0920000076293945,4.0920000076293945,4.0920000076293945,4.0920000076293945,3.9800000190734863,3.875999927520752,3.7880001068115234,3.74399995803833,3.7360000610351562,3.7360000610351562,3.74399995803833,3.74399995803833,3.747999906539917,3.747999906539917,3.747999906539917,2.9200000762939453,2.9200000762939453,2.864000082015991,2.864000082015991,2.7960000038146973,2.7320001125335693,2.6640000343322754,2.615999937057495,2.5160000324249268,2.5160000324249268,2.5160000324249268,2.4719998836517334,2.4159998893737793,2.371999979019165,2.328000068664551,2.299999952316284,2.184000015258789,2.184000015258789,2.180000066757202,2.128000020980835,2.0999999046325684,2.0999999046325684,2.0759999752044678,2.0399999618530273,2.00600004196167,1.9800000190734863,1.9459999799728394,1.906000018119812,1.8860000371932983,1.8819999694824219,1.8700000047683716,1.8559999465942383,1.8559999465942383,1.850000023841858,1.8320000171661377,1.815999984741211,1.7960000038146973,1.7740000486373901,1.7519999742507935,1.7280000448226929,1.7100000381469727,1.690000057220459,1.690000057220459,1.6679999828338623,1.6480000019073486,1.5080000162124634,1.5080000162124634,1.5080000162124634,1.49399995803833,1.4839999675750732,inf,inf,inf,inf,inf,inf,1.4040000438690186,1.4040000438690186,1.4040000438690186,1.4040000438690186,1.4040000438690186,...,0.0,0.0,0.0,0.0,0.0,0.0,0.0,0.0,0.0,0.0,0.0,0.0,0.0,47.0,47.0,47.0,47.0,47.0,47.0,47.0,47.0,47.0,47.0,47.0,47.0,47.0,47.0,47.0,47.0,0.0,0.0,0.0,0.0,0.0,0.0,0.0,0.0,0.0,0.0,0.0,0.0,0.0,0.0,0.0,0.0,0.0,0.0,0.0,0.0,0.0,0.0,0.0,0.0,0.0,0.0,0.0,0.0,0.0,0.0,0.0,0.0,0.0,0.0,0.0,0.0,0.0,0.0,0.0,0.0,0.0,0.0,0.0,0.0,0.0,0.0,0.0,0.0,0.0,0.0,0.0,0.0,0.0,0.0,0.0,0.0,0.0,0.0,0.0,0.0,0.0,0.0,0.0,0.0,0.0,0.0,0.0,0.0,0.0,0.0,0.0,0.0,0.0,0.0,0.0,0.0,0.0,0.0,0.0,0.0,0.0,0.0,0.0,0.0,0.0,0.0,0.0,0.0,0.0,0.0,0.0,0.0,0.0,0.0,0.0,0.0,0.0,0.0,0.0,...
1763031036,981253942,laser,-3.1241390705108643,3.1415927410125732,0.0034828970674425364,5.3675274102715775e-05,0.09656181931495667,0.15000000596046448,16.0,4.616000175476074,4.5920000076293945,4.5920000076293945,4.5920000076293945,4.576000213623047,4.567999839782715,4.567999839782715,4.567999839782715,4.584000110626221,4.5920000076293945,4.5920000076293945,4.5920000076293945,4.5920000076293945,4.584000110626221,4.584000110626221,4.584000110626221,4.584000110626221,4.5920000076293945,4.5920000076293945,4.5920000076293945,4.584000110626221,4.5920000076293945,4.5920000076293945,4.5920000076293945,4.5920000076293945,4.599999904632568,4.599999904632568,4.599999904632568,4.599999904632568,4.599999904632568,4.599999904632568,4.5920000076293945,4.584000110626221,4.576000213623047,4.584000110626221,4.5920000076293945,4.607999801635742,4.599999904632568,4.599999904632568,inf,inf,inf,inf,inf,inf,inf,inf,inf,inf,inf,inf,3.8320000171661377,3.8320000171661377,3.8320000171661377,3.8320000171661377,3.8320000171661377,3.759999990463257,3.759999990463257,3.759999990463257,3.740000009536743,3.7320001125335693,3.7360000610351562,3.74399995803833,3.74399995803833,3.752000093460083,3.752000093460083,2.8919999599456787,2.8919999599456787,2.8919999599456787,2.8480000495910645,2.8480000495910645,2.7920000553131104,2.7279999256134033,2.6600000858306885,2.615999937057495,2.5,2.5,2.5,2.4000000953674316,2.4000000953674316,2.3559999465942383,2.312000036239624,2.2880001068115234,2.184000015258789,2.184000015258789,2.171999931335449,2.124000072479248,2.0999999046325684,2.072000026702881,2.072000026702881,2.0380001068115234,2.00600004196167,1.9780000448226929,1.9459999799728394,1.9160000085830688,1.9019999504089355,1.8960000276565552,1.8860000371932983,1.871999979019165,1.8600000143051147,1.8600000143051147,1.8359999656677246,1.815999984741211,1.7960000038146973,1.7699999809265137,1.7480000257492065,1.7300000190734863,1.7100000381469727,1.690000057220459,1.690000057220459,1.6660000085830688,1.6480000019073486,1.531999945640564,1.531999945640564,1.5080000162124634,1.49399995803833,1.4839999675750732,inf,inf,inf,inf,inf,inf,1.4040000438690186,1.4040000438690186,1.4040000438690186,1.4040000438690186,1.4040000438690186,...,0.0,0.0,0.0,0.0,0.0,0.0,0.0,0.0,0.0,0.0,0.0,0.0,0.0,47.0,47.0,47.0,47.0,47.0,47.0,47.0,47.0,47.0,47.0,47.0,47.0,47.0,47.0,47.0,0.0,0.0,0.0,0.0,0.0,0.0,0.0,0.0,0.0,0.0,0.0,0.0,0.0,0.0,0.0,0.0,0.0,0.0,0.0,0.0,0.0,0.0,0.0,0.0,0.0,0.0,0.0,0.0,0.0,0.0,0.0,0.0,0.0,0.0,0.0,0.0,0.0,0.0,0.0,0.0,0.0,0.0,0.0,0.0,0.0,0.0,0.0,0.0,0.0,0.0,0.0,0.0,0.0,0.0,0.0,0.0,0.0,0.0,0.0,0.0,0.0,0.0,47.0,47.0,47.0,47.0,47.0,0.0,0.0,0.0,0.0,0.0,0.0,0.0,0.0,0.0,0.0,0.0,0.0,0.0,0.0,0.0,0.0,0.0,0.0,0.0,0.0,0.0,0.0,0.0,0.0,0.0,0.0,0.0,0.0,0.0,0.0,0.0,47.0,47.0,...
1763031037,79363179,laser,-3.1241390705108643,3.1415927410125732,0.0034828970674425364,5.375088949222118e-05,0.0966978445649147,0.15000000596046448,16.0,4.607999801635742,4.5920000076293945,4.5920000076293945,4.5920000076293945,4.576000213623047,4.567999839782715,4.567999839782715,4.576000213623047,4.5920000076293945,4.5920000076293945,4.5920000076293945,4.5920000076293945,4.5920000076293945,4.584000110626221,4.584000110626221,4.5920000076293945,4.5920000076293945,4.584000110626221,4.5920000076293945,4.584000110626221,4.584000110626221,4.5920000076293945,4.5920000076293945,4.5920000076293945,4.599999904632568,4.599999904632568,4.599999904632568,4.599999904632568,4.5920000076293945,4.599999904632568,4.599999904632568,4.5920000076293945,4.576000213623047,4.576000213623047,4.584000110626221,4.5920000076293945,4.599999904632568,4.599999904632568,4.599999904632568,inf,inf,inf,inf,inf,inf,inf,inf,inf,inf,inf,inf,inf,inf,3.759999990463257,3.759999990463257,3.759999990463257,3.759999990463257,3.759999990463257,3.7360000610351562,3.7360000610351562,3.7279999256134033,3.7360000610351562,3.7360000610351562,3.74399995803833,3.747999906539917,3.752000093460083,2.888000011444092,2.888000011444092,2.8480000495910645,2.8480000495910645,2.8480000495910645,2.7880001068115234,2.7239999771118164,2.6600000858306885,2.615999937057495,2.559999942779541,2.559999942779541,2.5,2.4560000896453857,2.4000000953674316,2.3559999465942383,2.312000036239624,2.2920000553131104,2.191999912261963,2.1679999828338623,2.1679999828338623,2.135999917984009,2.135999917984009,2.111999988555908,2.0759999752044678,2.0399999618530273,2.00600004196167,1.9800000190734863,1.9600000381469727,1.9420000314712524,1.9259999990463257,1.9160000085830688,1.9160000085830688,1.9019999504089355,1.8819999694824219,1.8600000143051147,1.8380000591278076,1.8179999589920044,1.7960000038146973,1.7699999809265137,1.7480000257492065,1.7300000190734863,1.7079999446868896,1.687999963760376,1.687999963760376,1.6660000085830688,1.6440000534057617,1.527999997138977,1.527999997138977,1.5080000162124634,1.496000051498413,1.4859999418258667,1.468000054359436,inf,1.434000015258789,1.434000015258789,1.434000015258789,1.434000015258789,1.434000015258789,1.4019999504089355,1.4019999504089355,1.4019999504089355,1.3880000114440918,...,0.0,0.0,0.0,0.0,0.0,0.0,0.0,0.0,0.0,0.0,0.0,0.0,0.0,47.0,47.0,47.0,47.0,47.0,47.0,47.0,47.0,47.0,47.0,47.0,47.0,47.0,47.0,47.0,0.0,0.0,0.0,0.0,0.0,0.0,0.0,0.0,0.0,0.0,0.0,0.0,0.0,0.0,0.0,0.0,0.0,0.0,0.0,0.0,0.0,0.0,0.0,0.0,0.0,0.0,0.0,0.0,0.0,0.0,0.0,0.0,0.0,0.0,0.0,0.0,0.0,0.0,0.0,0.0,0.0,47.0,47.0,47.0,47.0,47.0,0.0,0.0,0.0,0.0,0.0,0.0,0.0,0.0,0.0,0.0,0.0,0.0,0.0,0.0,0.0,0.0,0.0,0.0,0.0,0.0,0.0,0.0,0.0,0.0,0.0,0.0,0.0,0.0,0.0,0.0,0.0,0.0,0.0,0.0,0.0,0.0,0.0,0.0,0.0,0.0,0.0,0.0,0.0,0.0,0.0,0.0,0.0,0.0,0.0,0.0,0.0,0.0,0.0,0.0,...
1763031037,177959461,laser,-3.1241390705108643,3.1415927410125732,0.0034828970674425364,5.697701271856204e-05,0.10250164568424225,0.15000000596046448,16.0,4.599999904632568,4.599999904632568,4.599999904632568,4.5920000076293945,4.576000213623047,4.576000213623047,4.567999839782715,4.576000213623047,4.5920000076293945,4.5920000076293945,4.5920000076293945,4.5920000076293945,4.5920000076293945,4.5920000076293945,4.584000110626221,4.5920000076293945,4.5920000076293945,4.5920000076293945,4.5920000076293945,4.584000110626221,4.584000110626221,4.584000110626221,4.5920000076293945,4.5920000076293945,4.599999904632568,4.5920000076293945,4.599999904632568,4.599999904632568,4.5920000076293945,4.5920000076293945,4.599999904632568,4.5920000076293945,4.584000110626221,4.576000213623047,4.5920000076293945,4.599999904632568,4.599999904632568,4.599999904632568,4.599999904632568,inf,inf,inf,inf,inf,inf,inf,inf,inf,inf,inf,3.9000000953674316,3.9000000953674316,3.9000000953674316,3.9000000953674316,3.9000000953674316,3.799999952316284,3.799999952316284,3.799999952316284,3.799999952316284,3.74399995803833,3.7360000610351562,3.7320001125335693,3.740000009536743,3.74399995803833,3.747999906539917,3.752000093460083,3.752000093460083,2.888000011444092,2.740000009536743,2.740000009536743,2.740000009536743,2.740000009536743,2.684000015258789,2.684000015258789,2.6440000534057617,2.5920000076293945,2.5360000133514404,2.4760000705718994,2.436000108718872,2.3320000171661377,2.3320000171661377,2.3320000171661377,2.2920000553131104,2.247999906539917,2.2239999771118164,2.191999912261963,2.1480000019073486,2.1080000400543213,2.0840001106262207,2.052000045776367,2.052000045776367,1.9819999933242798,1.9539999961853027,1.9539999961853027,1.9240000247955322,1.9040000438690186,1.8819999694824219,1.8700000047683716,1.8639999628067017,1.8480000495910645,1.840000033378601,1.8240000009536743,1.8240000009536743,1.8040000200271606,1.7799999713897705,1.7580000162124634,1.7359999418258667,1.718000054359436,1.7039999961853027,1.6820000410079956,1.659999966621399,1.6360000371932983,1.5080000162124634,1.5080000162124634,1.5,1.5,1.4880000352859497,1.4819999933242798,inf,inf,inf,inf,inf,1.409999966621399,1.409999966621399,1.409999966621399,1.409999966621399,1.409999966621399,...,0.0,0.0,0.0,0.0,0.0,0.0,0.0,0.0,0.0,0.0,0.0,0.0,0.0,47.0,47.0,47.0,47.0,47.0,47.0,47.0,47.0,47.0,47.0,47.0,47.0,47.0,47.0,47.0,47.0,0.0,0.0,0.0,0.0,0.0,0.0,0.0,0.0,0.0,0.0,0.0,0.0,0.0,0.0,0.0,0.0,0.0,0.0,0.0,0.0,0.0,0.0,0.0,0.0,0.0,0.0,0.0,0.0,0.0,0.0,0.0,0.0,0.0,0.0,0.0,0.0,0.0,0.0,0.0,0.0,0.0,0.0,0.0,0.0,0.0,0.0,0.0,0.0,0.0,0.0,0.0,0.0,0.0,0.0,0.0,0.0,0.0,0.0,0.0,0.0,0.0,0.0,0.0,0.0,0.0,0.0,0.0,0.0,0.0,0.0,0.0,0.0,0.0,0.0,0.0,0.0,0.0,0.0,0.0,0.0,0.0,0.0,0.0,0.0,0.0,0.0,0.0,0.0,0.0,0.0,0.0,0.0,0.0,0.0,0.0,0.0,0.0,0.0,0.0,...
1763031037,281823228,laser,-3.1241390705108643,3.1415927410125732,0.0034828970674425364,5.385304757510312e-05,0.09688163548707962,0.15000000596046448,16.0,4.599999904632568,4.599999904632568,4.599999904632568,4.599999904632568,4.584000110626221,4.576000213623047,4.567999839782715,4.576000213623047,4.5920000076293945,4.5920000076293945,4.5920000076293945,4.5920000076293945,4.5920000076293945,4.5920000076293945,4.584000110626221,4.5920000076293945,4.5920000076293945,4.5920000076293945,4.5920000076293945,4.5920000076293945,4.584000110626221,4.584000110626221,4.5920000076293945,4.5920000076293945,4.599999904632568,4.599999904632568,4.599999904632568,4.599999904632568,4.599999904632568,4.5920000076293945,4.599999904632568,4.5920000076293945,4.584000110626221,4.584000110626221,4.576000213623047,4.5920000076293945,4.599999904632568,4.599999904632568,4.5920000076293945,inf,inf,inf,inf,inf,inf,inf,inf,inf,inf,inf,inf,inf,inf,3.759999990463257,3.759999990463257,3.759999990463257,3.759999990463257,3.759999990463257,3.740000009536743,3.740000009536743,3.7320001125335693,3.7360000610351562,3.74399995803833,3.747999906539917,3.747999906539917,3.752000093460083,2.8919999599456787,2.8480000495910645,2.8480000495910645,2.8480000495910645,2.8480000495910645,2.7920000553131104,2.7279999256134033,2.6640000343322754,2.611999988555908,2.559999942779541,2.503999948501587,2.4560000896453857,2.4079999923706055,2.368000030517578,2.368000030517578,2.319999933242798,2.299999952316284,2.1760001182556152,2.171999931335449,2.171999931335449,2.135999917984009,2.1080000400543213,2.072000026702881,2.072000026702881,2.00600004196167,2.00600004196167,1.9700000286102295,1.937999963760376,1.906000018119812,1.8819999694824219,1.8760000467300415,1.8680000305175781,1.8559999465942383,1.8480000495910645,1.8480000495910645,1.8279999494552612,1.812000036239624,1.7979999780654907,1.7740000486373901,1.75,1.7280000448226929,1.7100000381469727,1.687999963760376,1.687999963760376,1.6660000085830688,1.6460000276565552,1.50600004196167,1.50600004196167,1.49399995803833,1.49399995803833,1.4839999675750732,inf,inf,inf,inf,inf,1.399999976158142,1.399999976158142,1.399999976158142,1.399999976158142,1.399999976158142,1.3860000371932983,...,47.0,47.0,47.0,47.0,47.0,0.0,0.0,0.0,0.0,0.0,0.0,0.0,47.0,47.0,47.0,47.0,47.0,47.0,47.0,47.0,47.0,47.0,47.0,47.0,47.0,47.0,47.0,47.0,47.0,0.0,0.0,0.0,0.0,0.0,0.0,0.0,0.0,0.0,0.0,0.0,0.0,0.0,0.0,0.0,0.0,0.0,0.0,0.0,0.0,0.0,0.0,0.0,0.0,0.0,0.0,0.0,0.0,0.0,0.0,0.0,0.0,0.0,0.0,0.0,0.0,0.0,0.0,0.0,0.0,0.0,0.0,0.0,0.0,0.0,0.0,0.0,0.0,0.0,0.0,0.0,0.0,0.0,0.0,0.0,0.0,0.0,0.0,0.0,0.0,0.0,0.0,0.0,0.0,0.0,0.0,0.0,0.0,0.0,0.0,0.0,0.0,0.0,0.0,0.0,0.0,0.0,0.0,0.0,0.0,0.0,0.0,0.0,0.0,0.0,0.0,0.0,0.0,0.0,0.0,0.0,0.0,0.0,0.0,0.0,0.0,0.0,47.0,47.0,...
1763031037,380192940,laser,-3.1241390705108643,3.1415927410125732,0.0034828970674425364,5.3796826250618324e-05,0.09678048640489578,0.15000000596046448,16.0,4.607999801635742,4.607999801635742,4.607999801635742,4.5920000076293945,4.576000213623047,4.567999839782715,4.584000110626221,4.5920000076293945,4.5920000076293945,4.5920000076293945,4.5920000076293945,4.5920000076293945,4.5920000076293945,4.5920000076293945,4.5920000076293945,4.5920000076293945,4.5920000076293945,4.5920000076293945,4.5920000076293945,4.5920000076293945,4.584000110626221,4.5920000076293945,4.5920000076293945,4.599999904632568,4.599999904632568,4.599999904632568,4.599999904632568,4.599999904632568,4.5920000076293945,4.599999904632568,4.599999904632568,4.599999904632568,4.584000110626221,4.576000213623047,4.584000110626221,4.5920000076293945,4.599999904632568,4.599999904632568,inf,inf,inf,inf,inf,inf,inf,inf,inf,inf,inf,inf,inf,inf,inf,3.7799999713897705,3.7799999713897705,3.7799999713897705,3.7799999713897705,3.7799999713897705,3.74399995803833,3.74399995803833,3.7360000610351562,3.740000009536743,3.74399995803833,3.74399995803833,3.747999906539917,3.747999906539917,2.931999921798706,2.864000082015991,2.864000082015991,2.864000082015991,2.864000082015991,2.7920000553131104,2.7320001125335693,2.6679999828338623,2.619999885559082,2.572000026702881,2.5239999294281006,2.4800000190734863,2.4200000762939453,2.368000030517578,2.368000030517578,2.3320000171661377,2.299999952316284,2.200000047683716,2.184000015258789,2.184000015258789,2.135999917984009,2.1040000915527344,2.0799999237060547,2.0480000972747803,2.0160000324249268,1.9900000095367432,1.9900000095367432,1.9639999866485596,1.9459999799728394,1.937999963760376,1.9259999990463257,1.9119999408721924,1.8980000019073486,1.8760000467300415,1.8480000495910645,1.8480000495910645,1.8279999494552612,1.8020000457763672,1.7760000228881836,1.7519999742507935,1.7300000190734863,1.7100000381469727,1.694000005722046,1.6740000247955322,1.6519999504089355,1.6519999504089355,1.5360000133514404,1.5099999904632568,1.5099999904632568,1.496000051498413,1.4819999933242798,1.4759999513626099,inf,inf,inf,inf,1.406000018119812,1.406000018119812,1.406000018119812,1.406000018119812,1.406000018119812,1.3960000276565552,...,0.0,0.0,0.0,0.0,0.0,0.0,0.0,0.0,0.0,0.0,0.0,0.0,0.0,47.0,47.0,47.0,47.0,47.0,47.0,47.0,47.0,47.0,47.0,47.0,47.0,47.0,47.0,47.0,47.0,0.0,0.0,0.0,0.0,0.0,0.0,0.0,0.0,0.0,0.0,0.0,0.0,0.0,0.0,0.0,0.0,0.0,0.0,0.0,0.0,0.0,0.0,0.0,0.0,0.0,0.0,0.0,0.0,0.0,0.0,0.0,0.0,0.0,0.0,0.0,0.0,0.0,0.0,0.0,0.0,0.0,0.0,0.0,0.0,0.0,0.0,0.0,0.0,0.0,0.0,0.0,0.0,0.0,0.0,0.0,0.0,0.0,0.0,0.0,0.0,0.0,0.0,47.0,47.0,47.0,47.0,47.0,0.0,0.0,0.0,0.0,0.0,0.0,0.0,0.0,0.0,0.0,0.0,0.0,0.0,0.0,0.0,0.0,0.0,0.0,0.0,0.0,0.0,0.0,0.0,0.0,0.0,0.0,0.0,47.0,47.0,47.0,47.0,47.0,...
1763031037,478263380,laser,-3.1241390705108643,3.1415927410125732,0.0034828970674425364,5.731594137614593e-05,0.1031113788485527,0.15000000596046448,16.0,4.616000175476074,4.616000175476074,4.616000175476074,4.599999904632568,4.584000110626221,4.567999839782715,4.567999839782715,4.584000110626221,4.5920000076293945,4.5920000076293945,4.5920000076293945,4.5920000076293945,4.599999904632568,4.5920000076293945,4.584000110626221,4.584000110626221,4.5920000076293945,4.5920000076293945,4.5920000076293945,4.5920000076293945,4.584000110626221,4.5920000076293945,4.5920000076293945,4.5920000076293945,4.5920000076293945,4.599999904632568,4.599999904632568,4.599999904632568,4.599999904632568,4.599999904632568,4.599999904632568,4.5920000076293945,4.5920000076293945,4.584000110626221,4.584000110626221,4.5920000076293945,4.607999801635742,4.599999904632568,inf,inf,inf,inf,inf,inf,inf,inf,inf,inf,inf,inf,inf,inf,3.868000030517578,3.868000030517578,3.868000030517578,3.868000030517578,3.868000030517578,3.7799999713897705,3.7799999713897705,3.740000009536743,3.7320001125335693,3.7360000610351562,3.74399995803833,3.747999906539917,3.747999906539917,3.747999906539917,2.9159998893737793,2.9159998893737793,2.9159998893737793,2.9159998893737793,2.859999895095825,2.7920000553131104,2.7279999256134033,2.6640000343322754,2.615999937057495,2.568000078201294,2.568000078201294,2.51200008392334,2.4679999351501465,2.4200000762939453,2.368000030517578,2.3239998817443848,2.303999900817871,2.184000015258789,2.184000015258789,2.1760001182556152,2.135999917984009,2.1040000915527344,2.1040000915527344,2.072000026702881,2.0399999618530273,2.0179998874664307,1.9900000095367432,1.9620000123977661,1.9459999799728394,1.934000015258789,1.9220000505447388,1.9220000505447388,1.9079999923706055,1.8880000114440918,1.8700000047683716,1.8459999561309814,1.8259999752044678,1.8020000457763672,1.7740000486373901,1.75,1.7300000190734863,1.7079999446868896,1.7079999446868896,1.687999963760376,1.6660000085830688,1.6480000019073486,1.5199999809265137,1.5080000162124634,1.5080000162124634,1.4980000257492065,1.4859999418258667,1.468000054359436,inf,inf,inf,1.3980000019073486,1.3980000019073486,1.3980000019073486,1.3980000019073486,1.3980000019073486,1.3839999437332153,1.3839999437332153,...,0.0,0.0,0.0,0.0,0.0,0.0,0.0,0.0,0.0,0.0,0.0,0.0,47.0,47.0,47.0,47.0,47.0,47.0,47.0,47.0,47.0,47.0,47.0,47.0,47.0,47.0,47.0,47.0,47.0,47.0,0.0,0.0,0.0,0.0,0.0,0.0,0.0,0.0,47.0,47.0,47.0,47.0,47.0,0.0,0.0,0.0,0.0,0.0,0.0,0.0,0.0,0.0,0.0,0.0,0.0,0.0,0.0,0.0,0.0,0.0,0.0,0.0,0.0,0.0,0.0,0.0,0.0,0.0,0.0,0.0,0.0,0.0,0.0,0.0,0.0,0.0,0.0,0.0,0.0,0.0,0.0,0.0,0.0,0.0,0.0,0.0,0.0,0.0,0.0,0.0,0.0,0.0,0.0,0.0,0.0,0.0,0.0,0.0,0.0,0.0,0.0,0.0,0.0,0.0,0.0,47.0,47.0,47.0,47.0,47.0,0.0,0.0,0.0,0.0,0.0,0.0,0.0,0.0,0.0,0.0,0.0,0.0,0.0,47.0,47.0,47.0,47.0,47.0,...
1763031037,583019037,laser,-3.1241390705108643,3.1415927410125732,0.0034828970674425364,5.370395228965208e-05,0.09661340713500977,0.15000000596046448,16.0,4.616000175476074,4.599999904632568,4.599999904632568,4.599999904632568,4.584000110626221,4.567999839782715,4.567999839782715,4.576000213623047,4.5920000076293945,4.5920000076293945,4.5920000076293945,4.5920000076293945,4.599999904632568,4.5920000076293945,4.584000110626221,4.584000110626221,4.5920000076293945,4.5920000076293945,4.5920000076293945,4.5920000076293945,4.584000110626221,4.5920000076293945,4.5920000076293945,4.599999904632568,4.599999904632568,4.5920000076293945,4.599999904632568,4.599999904632568,4.599999904632568,4.599999904632568,4.599999904632568,4.5920000076293945,4.5920000076293945,4.584000110626221,4.584000110626221,4.5920000076293945,4.599999904632568,4.599999904632568,inf,inf,inf,inf,inf,inf,inf,inf,inf,inf,inf,inf,3.9000000953674316,3.9000000953674316,3.9000000953674316,3.9000000953674316,3.9000000953674316,3.808000087738037,3.808000087738037,3.808000087738037,3.752000093460083,3.752000093460083,3.740000009536743,3.7360000610351562,3.740000009536743,3.747999906539917,3.747999906539917,3.752000093460083,3.752000093460083,2.940000057220459,2.884000062942505,2.884000062942505,2.884000062942505,2.684000015258789,2.684000015258789,2.684000015258789,2.6480000019073486,2.5280001163482666,2.5280001163482666,2.4800000190734863,2.4240000247955322,2.384000062942505,2.3399999141693115,2.3399999141693115,2.2920000553131104,2.2360000610351562,2.2079999446868896,2.191999912261963,2.1440000534057617,2.1080000400543213,2.0799999237060547,2.049999952316284,2.049999952316284,1.9839999675750732,1.9839999675750732,1.9620000123977661,1.9279999732971191,1.8980000019073486,1.8760000467300415,1.8559999465942383,1.8420000076293945,1.8359999656677246,1.8259999752044678,1.8259999752044678,1.8140000104904175,1.7960000038146973,1.777999997138977,1.75600004196167,1.7319999933242798,1.7139999866485596,1.6979999542236328,1.6759999990463257,1.6540000438690186,1.6540000438690186,1.5140000581741333,1.5140000581741333,1.5140000581741333,1.5,1.4880000352859497,1.4759999513626099,inf,inf,inf,inf,inf,1.4019999504089355,1.4019999504089355,1.4019999504089355,1.4019999504089355,1.4019999504089355,...,0.0,0.0,0.0,0.0,0.0,0.0,0.0,0.0,0.0,0.0,0.0,0.0,47.0,47.0,47.0,47.0,47.0,47.0,47.0,47.0,47.0,47.0,47.0,47.0,47.0,47.0,47.0,0.0,0.0,0.0,0.0,0.0,0.0,0.0,0.0,0.0,0.0,0.0,0.0,0.0,0.0,0.0,0.0,0.0,0.0,0.0,0.0,0.0,0.0,0.0,0.0,0.0,0.0,0.0,0.0,0.0,0.0,0.0,0.0,0.0,0.0,0.0,0.0,0.0,0.0,0.0,0.0,0.0,0.0,0.0,0.0,0.0,0.0,0.0,0.0,0.0,0.0,0.0,0.0,0.0,0.0,0.0,0.0,0.0,0.0,0.0,0.0,0.0,0.0,0.0,0.0,0.0,0.0,0.0,0.0,0.0,0.0,0.0,0.0,0.0,0.0,0.0,0.0,0.0,0.0,0.0,0.0,0.0,0.0,0.0,0.0,0.0,0.0,0.0,0.0,0.0,0.0,0.0,0.0,0.0,0.0,0.0,0.0,0.0,0.0,0.0,0.0,0.0,...
1763031037,681212900,laser,-3.1241390705108643,3.1415927410125732,0.0034828970674425364,5.375257023843005e-05,0.09670086950063705,0.15000000596046448,16.0,4.599999904632568,4.599999904632568,4.599999904632568,4.5920000076293945,4.5920000076293945,4.576000213623047,4.567999839782715,4.576000213623047,4.5920000076293945,4.5920000076293945,4.5920000076293945,4.599999904632568,4.599999904632568,4.5920000076293945,4.5920000076293945,4.5920000076293945,4.5920000076293945,4.5920000076293945,4.5920000076293945,4.5920000076293945,4.584000110626221,4.584000110626221,4.5920000076293945,4.599999904632568,4.599999904632568,4.599999904632568,4.599999904632568,4.599999904632568,4.599999904632568,4.5920000076293945,4.599999904632568,4.5920000076293945,4.576000213623047,4.576000213623047,4.576000213623047,4.599999904632568,4.607999801635742,4.599999904632568,4.5920000076293945,inf,inf,inf,inf,inf,inf,inf,inf,inf,inf,inf,3.8519999980926514,3.8519999980926514,3.8519999980926514,3.8519999980926514,3.8519999980926514,3.7760000228881836,3.7760000228881836,3.7760000228881836,3.7760000228881836,3.740000009536743,3.7360000610351562,3.7360000610351562,3.74399995803833,3.747999906539917,3.747999906539917,3.747999906539917,2.9079999923706055,2.9079999923706055,2.9079999923706055,2.8480000495910645,2.8480000495910645,2.7960000038146973,2.7320001125335693,2.6640000343322754,2.615999937057495,2.568000078201294,2.5160000324249268,2.5160000324249268,2.3559999465942383,2.3559999465942383,2.3559999465942383,2.315999984741211,2.2960000038146973,2.180000066757202,2.180000066757202,2.180000066757202,2.135999917984009,2.1040000915527344,2.063999891281128,2.063999891281128,2.0299999713897705,2.00600004196167,1.9759999513626099,1.9459999799728394,1.906000018119812,1.8839999437332153,1.8739999532699585,1.8600000143051147,1.8519999980926514,1.850000023841858,1.850000023841858,1.8339999914169312,1.815999984741211,1.7960000038146973,1.7760000228881836,1.7519999742507935,1.7300000190734863,1.7100000381469727,1.690000057220459,1.690000057220459,1.6660000085830688,1.6480000019073486,1.5379999876022339,1.5379999876022339,1.5080000162124634,1.4980000257492065,1.4859999418258667,inf,inf,inf,inf,inf,inf,1.3980000019073486,1.3980000019073486,1.3980000019073486,1.3980000019073486,1.3980000019073486,...,47.0,47.0,47.0,47.0,47.0,0.0,0.0,0.0,0.0,0.0,0.0,0.0,0.0,47.0,47.0,47.0,47.0,47.0,47.0,47.0,47.0,47.0,47.0,47.0,47.0,47.0,47.0,47.0,47.0,0.0,0.0,0.0,0.0,0.0,0.0,0.0,0.0,0.0,0.0,0.0,0.0,0.0,0.0,0.0,0.0,0.0,0.0,0.0,0.0,0.0,0.0,0.0,0.0,0.0,0.0,0.0,0.0,0.0,0.0,0.0,0.0,0.0,0.0,0.0,0.0,0.0,0.0,0.0,0.0,0.0,0.0,0.0,0.0,0.0,0.0,0.0,0.0,0.0,0.0,0.0,0.0,0.0,0.0,0.0,0.0,0.0,0.0,0.0,0.0,0.0,0.0,47.0,47.0,47.0,47.0,47.0,0.0,0.0,0.0,0.0,0.0,0.0,0.0,0.0,0.0,0.0,0.0,0.0,0.0,0.0,0.0,0.0,0.0,0.0,0.0,0.0,0.0,0.0,0.0,0.0,0.0,0.0,0.0,47.0,47.0,47.0,47.0,47.0,...
1763031037,779486500,laser,-3.1241390705108643,3.1415927410125732,0.0034828970674425364,5.3730815125163645e-05,0.09666173160076141,0.15000000596046448,16.0,4.5920000076293945,4.5920000076293945,4.5920000076293945,4.5920000076293945,4.576000213623047,4.567999839782715,4.567999839782715,4.584000110626221,4.5920000076293945,4.5920000076293945,4.5920000076293945,4.5920000076293945,4.5920000076293945,4.5920000076293945,4.584000110626221,4.584000110626221,4.584000110626221,4.584000110626221,4.5920000076293945,4.5920000076293945,4.5920000076293945,4.5920000076293945,4.5920000076293945,4.5920000076293945,4.5920000076293945,4.5920000076293945,4.599999904632568,4.599999904632568,4.5920000076293945,4.599999904632568,4.599999904632568,4.599999904632568,4.584000110626221,4.576000213623047,4.584000110626221,4.5920000076293945,4.607999801635742,4.599999904632568,inf,inf,inf,inf,inf,inf,inf,inf,inf,inf,inf,inf,inf,inf,inf,3.859999895095825,3.859999895095825,3.859999895095825,3.859999895095825,3.859999895095825,3.7760000228881836,3.740000009536743,3.7360000610351562,3.7360000610351562,3.74399995803833,3.747999906539917,3.747999906539917,3.747999906539917,2.9079999923706055,2.8480000495910645,2.8480000495910645,2.8480000495910645,2.8480000495910645,2.7960000038146973,2.7279999256134033,2.6600000858306885,2.615999937057495,2.568000078201294,2.5160000324249268,2.5160000324249268,2.4639999866485596,2.4040000438690186,2.3559999465942383,2.315999984741211,2.2960000038146973,2.1760001182556152,2.1760001182556152,2.1760001182556152,2.135999917984009,2.1040000915527344,2.0759999752044678,2.0759999752044678,2.0420000553131104,2.00600004196167,1.9780000448226929,1.9520000219345093,1.9320000410079956,1.9179999828338623,1.9079999923706055,1.8980000019073486,1.8980000019073486,1.8660000562667847,1.8660000562667847,1.843999981880188,1.8200000524520874,1.7960000038146973,1.7740000486373901,1.7519999742507935,1.7300000190734863,1.7079999446868896,1.687999963760376,1.687999963760376,1.6660000085830688,1.6460000276565552,1.5199999809265137,1.5199999809265137,1.5080000162124634,1.496000051498413,1.4859999418258667,inf,inf,inf,inf,inf,1.4140000343322754,1.4140000343322754,1.4140000343322754,1.4140000343322754,1.4140000343322754,1.399999976158142,...,47.0,47.0,47.0,47.0,47.0,0.0,0.0,0.0,0.0,0.0,0.0,0.0,0.0,47.0,47.0,47.0,47.0,47.0,47.0,47.0,47.0,47.0,47.0,47.0,47.0,47.0,47.0,47.0,0.0,0.0,0.0,0.0,0.0,0.0,0.0,0.0,0.0,0.0,0.0,0.0,0.0,0.0,0.0,0.0,0.0,0.0,0.0,0.0,0.0,0.0,0.0,0.0,0.0,0.0,0.0,0.0,0.0,0.0,0.0,0.0,0.0,0.0,0.0,0.0,0.0,0.0,0.0,0.0,0.0,0.0,0.0,0.0,0.0,0.0,0.0,0.0,0.0,0.0,0.0,0.0,0.0,0.0,0.0,0.0,0.0,0.0,0.0,0.0,0.0,0.0,47.0,47.0,47.0,47.0,47.0,0.0,0.0,0.0,0.0,0.0,0.0,0.0,0.0,0.0,0.0,0.0,0.0,0.0,0.0,0.0,0.0,0.0,0.0,0.0,0.0,0.0,0.0,0.0,0.0,0.0,0.0,0.0,0.0,0.0,0.0,0.0,0.0,0.0,...
1763031037,877800218,laser,-3.1241390705108643,3.1415927410125732,0.0034828970674425364,5.709725519409403e-05,0.10271796584129333,0.15000000596046448,16.0,4.616000175476074,4.616000175476074,4.616000175476074,4.599999904632568,4.584000110626221,4.567999839782715,4.567999839782715,4.584000110626221,4.5920000076293945,4.5920000076293945,4.5920000076293945,4.5920000076293945,4.599999904632568,4.5920000076293945,4.584000110626221,4.584000110626221,4.584000110626221,4.584000110626221,4.5920000076293945,4.5920000076293945,4.5920000076293945,4.5920000076293945,4.5920000076293945,4.5920000076293945,4.5920000076293945,4.599999904632568,4.599999904632568,4.599999904632568,4.5920000076293945,4.599999904632568,4.599999904632568,4.584000110626221,4.584000110626221,4.576000213623047,4.584000110626221,4.5920000076293945,4.607999801635742,4.607999801635742,inf,inf,inf,inf,inf,inf,inf,inf,inf,inf,inf,inf,inf,inf,inf,3.8559999465942383,3.8559999465942383,3.8559999465942383,3.8559999465942383,3.8559999465942383,3.7720000743865967,3.740000009536743,3.7360000610351562,3.7360000610351562,3.7360000610351562,3.74399995803833,3.747999906539917,3.747999906539917,3.747999906539917,2.9079999923706055,2.8519999980926514,2.8519999980926514,2.8519999980926514,2.7920000553131104,2.7279999256134033,2.6600000858306885,2.615999937057495,2.615999937057495,2.568000078201294,2.507999897003174,2.4600000381469727,2.4040000438690186,2.3559999465942383,2.315999984741211,2.2960000038146973,2.184000015258789,2.180000066757202,2.180000066757202,2.131999969482422,2.131999969482422,2.1040000915527344,2.0759999752044678,2.0439999103546143,2.0160000324249268,1.9900000095367432,1.9620000123977661,1.940000057220459,1.9299999475479126,1.9199999570846558,1.9199999570846558,1.9019999504089355,1.8839999437332153,1.8660000562667847,1.843999981880188,1.8200000524520874,1.7979999780654907,1.7740000486373901,1.75,1.7300000190734863,1.7100000381469727,1.7100000381469727,1.687999963760376,1.6660000085830688,1.6460000276565552,1.5260000228881836,1.5260000228881836,1.5080000162124634,1.4980000257492065,1.4880000352859497,inf,inf,inf,inf,inf,1.4040000438690186,1.4040000438690186,1.4040000438690186,1.4040000438690186,1.4040000438690186,1.3880000114440918,...,0.0,0.0,0.0,0.0,0.0,0.0,0.0,0.0,0.0,0.0,0.0,0.0,47.0,47.0,47.0,47.0,47.0,47.0,47.0,47.0,47.0,47.0,47.0,47.0,47.0,47.0,47.0,47.0,47.0,47.0,0.0,0.0,0.0,0.0,0.0,0.0,0.0,0.0,0.0,0.0,0.0,0.0,0.0,0.0,0.0,0.0,0.0,0.0,0.0,0.0,0.0,0.0,0.0,0.0,0.0,0.0,0.0,0.0,0.0,0.0,0.0,0.0,0.0,0.0,0.0,0.0,0.0,47.0,47.0,47.0,47.0,47.0,0.0,0.0,0.0,0.0,0.0,0.0,0.0,0.0,0.0,0.0,0.0,0.0,0.0,0.0,0.0,0.0,0.0,0.0,0.0,0.0,0.0,0.0,0.0,0.0,0.0,0.0,0.0,0.0,0.0,0.0,0.0,0.0,0.0,0.0,0.0,0.0,0.0,0.0,0.0,0.0,0.0,0.0,0.0,0.0,0.0,0.0,0.0,0.0,0.0,0.0,0.0,0.0,0.0,0.0,0.0,0.0,...
1763031037,982040822,laser,-3.1241390705108643,3.1415927410125732,0.0034828970674425364,5.377546403906308e-05,0.09674206376075745,0.15000000596046448,16.0,4.616000175476074,4.616000175476074,4.616000175476074,4.5920000076293945,4.576000213623047,4.567999839782715,4.567999839782715,4.576000213623047,4.5920000076293945,4.5920000076293945,4.5920000076293945,4.5920000076293945,4.5920000076293945,4.5920000076293945,4.5920000076293945,4.584000110626221,4.584000110626221,4.584000110626221,4.5920000076293945,4.584000110626221,4.584000110626221,4.5920000076293945,4.5920000076293945,4.5920000076293945,4.5920000076293945,4.5920000076293945,4.599999904632568,4.599999904632568,4.5920000076293945,4.5920000076293945,4.599999904632568,4.599999904632568,4.584000110626221,4.576000213623047,4.584000110626221,4.5920000076293945,4.599999904632568,4.599999904632568,4.599999904632568,inf,inf,inf,inf,inf,inf,inf,inf,inf,inf,inf,inf,inf,inf,inf,3.7720000743865967,3.7720000743865967,3.7720000743865967,3.7720000743865967,3.7720000743865967,3.7360000610351562,3.7320001125335693,3.7360000610351562,3.74399995803833,3.752000093460083,3.752000093460083,3.752000093460083,2.8959999084472656,2.8959999084472656,2.8959999084472656,2.8480000495910645,2.8480000495910645,2.7920000553131104,2.7279999256134033,2.6600000858306885,2.615999937057495,2.563999891281128,2.51200008392334,2.51200008392334,2.3959999084472656,2.3959999084472656,2.3559999465942383,2.315999984741211,2.2960000038146973,2.180000066757202,2.180000066757202,2.171999931335449,2.140000104904175,2.111999988555908,2.111999988555908,2.072000026702881,2.0399999618530273,2.002000093460083,1.972000002861023,1.944000005722046,1.9079999923706055,1.878000020980835,1.8660000562667847,1.8480000495910645,1.8320000171661377,1.8320000171661377,1.8279999494552612,1.8179999589920044,1.805999994277954,1.7879999876022339,1.7699999809265137,1.75,1.7280000448226929,1.7079999446868896,1.7079999446868896,1.687999963760376,1.6660000085830688,1.6460000276565552,1.5080000162124634,1.5080000162124634,1.5080000162124634,1.49399995803833,1.4839999675750732,1.468000054359436,1.468000054359436,inf,1.4320000410079956,1.4320000410079956,1.4320000410079956,1.4320000410079956,1.4320000410079956,1.4040000438690186,1.4040000438690186,1.4040000438690186,...,0.0,0.0,0.0,0.0,0.0,0.0,0.0,0.0,0.0,0.0,0.0,0.0,0.0,47.0,47.0,47.0,47.0,47.0,47.0,47.0,47.0,47.0,47.0,47.0,47.0,47.0,47.0,47.0,47.0,0.0,0.0,0.0,0.0,0.0,0.0,0.0,0.0,0.0,0.0,0.0,0.0,0.0,0.0,0.0,0.0,0.0,0.0,0.0,0.0,0.0,0.0,0.0,0.0,0.0,0.0,0.0,0.0,0.0,0.0,0.0,0.0,0.0,0.0,0.0,0.0,0.0,0.0,0.0,0.0,0.0,0.0,0.0,0.0,0.0,0.0,0.0,0.0,0.0,0.0,0.0,0.0,0.0,0.0,0.0,0.0,0.0,0.0,0.0,0.0,0.0,0.0,0.0,0.0,0.0,0.0,0.0,0.0,0.0,0.0,0.0,0.0,0.0,0.0,0.0,0.0,0.0,0.0,0.0,0.0,0.0,0.0,0.0,0.0,0.0,0.0,0.0,0.0,0.0,0.0,0.0,0.0,0.0,0.0,0.0,0.0,0.0,0.0,0.0,...
1763031038,80151847,laser,-3.1241390705108643,3.1415927410125732,0.0034828970674425364,5.385516124079004e-05,0.09688543528318405,0.15000000596046448,16.0,4.5920000076293945,4.5920000076293945,4.5920000076293945,4.5920000076293945,4.576000213623047,4.567999839782715,4.576000213623047,4.5920000076293945,4.5920000076293945,4.5920000076293945,4.5920000076293945,4.5920000076293945,4.5920000076293945,4.584000110626221,4.5920000076293945,4.5920000076293945,4.5920000076293945,4.584000110626221,4.5920000076293945,4.584000110626221,4.584000110626221,4.584000110626221,4.5920000076293945,4.599999904632568,4.599999904632568,4.599999904632568,4.599999904632568,4.599999904632568,4.5920000076293945,4.599999904632568,4.599999904632568,4.599999904632568,4.584000110626221,4.576000213623047,4.584000110626221,4.5920000076293945,4.599999904632568,4.599999904632568,inf,inf,inf,inf,inf,inf,inf,inf,inf,inf,inf,inf,inf,inf,inf,3.8519999980926514,3.8519999980926514,3.8519999980926514,3.8519999980926514,3.8519999980926514,3.7720000743865967,3.7360000610351562,3.7320001125335693,3.7360000610351562,3.74399995803833,3.747999906539917,3.747999906539917,3.752000093460083,2.9079999923706055,2.9079999923706055,2.8480000495910645,2.8480000495910645,2.8480000495910645,2.7920000553131104,2.7239999771118164,2.6600000858306885,2.615999937057495,2.563999891281128,2.51200008392334,2.51200008392334,2.3959999084472656,2.3959999084472656,2.3559999465942383,2.315999984741211,2.2960000038146973,2.180000066757202,2.171999931335449,2.171999931335449,2.131999969482422,2.0999999046325684,2.0999999046325684,2.0739998817443848,2.0399999618530273,2.002000093460083,1.972000002861023,1.944000005722046,1.9079999923706055,1.8860000371932983,1.8799999952316284,1.8700000047683716,1.8600000143051147,1.8519999980926514,1.8519999980926514,1.8359999656677246,1.8140000104904175,1.7940000295639038,1.7719999551773071,1.7480000257492065,1.7280000448226929,1.7079999446868896,1.687999963760376,1.687999963760376,1.6660000085830688,1.6460000276565552,1.5260000228881836,1.5260000228881836,1.50600004196167,1.49399995803833,1.4839999675750732,1.468000054359436,inf,1.4320000410079956,1.4320000410079956,1.4320000410079956,1.4320000410079956,1.4320000410079956,1.399999976158142,1.399999976158142,1.399999976158142,1.3839999437332153,...,47.0,47.0,47.0,47.0,47.0,0.0,0.0,0.0,0.0,0.0,0.0,0.0,0.0,47.0,47.0,47.0,47.0,47.0,47.0,47.0,47.0,47.0,47.0,47.0,47.0,47.0,47.0,47.0,0.0,0.0,0.0,0.0,0.0,0.0,0.0,0.0,0.0,0.0,0.0,0.0,0.0,0.0,0.0,0.0,0.0,0.0,0.0,0.0,0.0,0.0,0.0,0.0,0.0,0.0,0.0,0.0,0.0,0.0,0.0,0.0,0.0,0.0,0.0,0.0,0.0,0.0,0.0,0.0,0.0,0.0,0.0,0.0,0.0,0.0,0.0,0.0,0.0,0.0,0.0,0.0,0.0,0.0,0.0,0.0,0.0,0.0,0.0,0.0,0.0,0.0,0.0,0.0,0.0,0.0,0.0,0.0,0.0,0.0,0.0,0.0,0.0,0.0,0.0,0.0,0.0,0.0,0.0,0.0,0.0,0.0,0.0,0.0,0.0,0.0,0.0,0.0,0.0,0.0,0.0,0.0,0.0,0.0,0.0,0.0,0.0,0.0,47.0,47.0,...
1763031038,178557670,laser,-3.1241390705108643,3.1415927410125732,0.0034828970674425364,5.383414463722147e-05,0.09684763103723526,0.15000000596046448,16.0,4.607999801635742,4.607999801635742,4.607999801635742,4.5920000076293945,4.584000110626221,4.567999839782715,4.576000213623047,4.584000110626221,4.584000110626221,4.5920000076293945,4.5920000076293945,4.5920000076293945,4.5920000076293945,4.5920000076293945,4.584000110626221,4.584000110626221,4.584000110626221,4.584000110626221,4.5920000076293945,4.584000110626221,4.584000110626221,4.5920000076293945,4.5920000076293945,4.5920000076293945,4.5920000076293945,4.599999904632568,4.599999904632568,4.599999904632568,4.5920000076293945,4.599999904632568,4.599999904632568,4.599999904632568,4.584000110626221,4.576000213623047,4.584000110626221,4.5920000076293945,4.599999904632568,4.599999904632568,inf,inf,inf,inf,inf,inf,inf,inf,inf,inf,inf,inf,inf,3.888000011444092,3.888000011444092,3.888000011444092,3.888000011444092,3.888000011444092,3.7880001068115234,3.7880001068115234,3.740000009536743,3.740000009536743,3.7360000610351562,3.74399995803833,3.74399995803833,3.747999906539917,3.747999906539917,3.74399995803833,3.74399995803833,2.936000108718872,2.936000108718872,2.871999979019165,2.871999979019165,2.799999952316284,2.7279999256134033,2.6679999828338623,2.624000072479248,2.5799999237060547,2.5199999809265137,2.4679999351501465,2.4159998893737793,2.359999895095825,2.3320000171661377,2.3320000171661377,2.2960000038146973,2.2360000610351562,2.2039999961853027,2.187999963760376,2.135999917984009,2.1040000915527344,2.0799999237060547,2.0439999103546143,2.0179998874664307,2.0,2.0,1.9780000448226929,1.9620000123977661,1.9500000476837158,1.937999963760376,1.9199999570846558,1.899999976158142,1.8799999952316284,1.8539999723434448,1.8539999723434448,1.8320000171661377,1.805999994277954,1.7799999713897705,1.75600004196167,1.7319999933242798,1.7100000381469727,1.694000005722046,1.6740000247955322,1.649999976158142,1.649999976158142,1.5080000162124634,1.5080000162124634,1.5080000162124634,1.4980000257492065,1.4839999675750732,1.4759999513626099,inf,inf,inf,1.4040000438690186,1.4040000438690186,1.4040000438690186,1.4040000438690186,1.4040000438690186,1.3960000276565552,1.3960000276565552,...,0.0,0.0,0.0,0.0,0.0,0.0,0.0,0.0,0.0,0.0,0.0,0.0,0.0,47.0,47.0,47.0,47.0,47.0,47.0,47.0,47.0,47.0,47.0,47.0,47.0,47.0,47.0,47.0,47.0,0.0,0.0,0.0,0.0,0.0,0.0,0.0,0.0,0.0,0.0,0.0,0.0,0.0,0.0,0.0,0.0,0.0,0.0,0.0,0.0,0.0,0.0,0.0,0.0,0.0,0.0,0.0,0.0,0.0,0.0,0.0,0.0,0.0,0.0,0.0,0.0,0.0,0.0,0.0,0.0,0.0,0.0,0.0,0.0,0.0,0.0,0.0,0.0,0.0,0.0,0.0,0.0,0.0,0.0,0.0,0.0,0.0,0.0,0.0,0.0,0.0,0.0,0.0,0.0,0.0,0.0,0.0,0.0,0.0,0.0,0.0,0.0,0.0,0.0,0.0,0.0,47.0,47.0,47.0,47.0,47.0,0.0,0.0,0.0,0.0,0.0,0.0,0.0,0.0,0.0,0.0,0.0,0.0,0.0,0.0,0.0,0.0,0.0,0.0,...
1763031038,276553400,laser,-3.1241390705108643,3.1415927410125732,0.0034828970674425364,5.736548700951971e-05,0.1032005101442337,0.15000000596046448,16.0,4.616000175476074,4.599999904632568,4.599999904632568,4.599999904632568,4.5920000076293945,4.576000213623047,4.576000213623047,4.584000110626221,4.5920000076293945,4.5920000076293945,4.5920000076293945,4.5920000076293945,4.5920000076293945,4.5920000076293945,4.584000110626221,4.5920000076293945,4.5920000076293945,4.5920000076293945,4.5920000076293945,4.5920000076293945,4.584000110626221,4.584000110626221,4.5920000076293945,4.599999904632568,4.599999904632568,4.599999904632568,4.599999904632568,4.599999904632568,4.599999904632568,4.599999904632568,4.599999904632568,4.584000110626221,4.576000213623047,4.576000213623047,4.576000213623047,4.5920000076293945,4.607999801635742,4.599999904632568,4.5920000076293945,inf,inf,inf,inf,inf,inf,inf,inf,inf,inf,inf,3.992000102996826,3.992000102996826,3.992000102996826,3.992000102996826,3.992000102996826,3.884000062942505,3.884000062942505,3.884000062942505,3.7880001068115234,3.740000009536743,3.7360000610351562,3.740000009536743,3.74399995803833,3.747999906539917,3.747999906539917,3.747999906539917,3.747999906539917,2.936000108718872,2.936000108718872,2.864000082015991,2.864000082015991,2.7960000038146973,2.7279999256134033,2.6679999828338623,2.624000072479248,2.5759999752044678,2.5199999809265137,2.5199999809265137,2.4679999351501465,2.4240000247955322,2.371999979019165,2.3320000171661377,2.2960000038146973,2.2039999961853027,2.2039999961853027,2.180000066757202,2.131999969482422,2.1040000915527344,2.1040000915527344,2.0799999237060547,2.0460000038146973,2.009999990463257,1.9819999933242798,1.9500000476837158,1.9160000085830688,1.9019999504089355,1.8919999599456787,1.8799999952316284,1.871999979019165,1.8619999885559082,1.8619999885559082,1.8380000591278076,1.8220000267028809,1.8040000200271606,1.777999997138977,1.7519999742507935,1.7300000190734863,1.7100000381469727,1.690000057220459,1.690000057220459,1.6699999570846558,1.649999976158142,1.5080000162124634,1.5080000162124634,1.5080000162124634,1.496000051498413,1.4859999418258667,inf,inf,inf,inf,inf,inf,1.399999976158142,1.399999976158142,1.399999976158142,1.399999976158142,1.399999976158142,...,0.0,0.0,0.0,0.0,0.0,0.0,0.0,0.0,0.0,0.0,0.0,0.0,47.0,47.0,47.0,47.0,47.0,47.0,47.0,47.0,47.0,47.0,47.0,47.0,47.0,47.0,47.0,47.0,0.0,0.0,0.0,0.0,0.0,0.0,0.0,0.0,0.0,0.0,0.0,0.0,0.0,0.0,0.0,0.0,0.0,0.0,0.0,0.0,0.0,0.0,0.0,0.0,0.0,0.0,0.0,0.0,0.0,0.0,0.0,0.0,0.0,0.0,0.0,0.0,0.0,0.0,0.0,0.0,0.0,0.0,0.0,0.0,0.0,0.0,0.0,0.0,0.0,0.0,0.0,0.0,0.0,0.0,0.0,0.0,0.0,0.0,0.0,0.0,0.0,0.0,0.0,0.0,0.0,0.0,0.0,0.0,0.0,0.0,0.0,0.0,0.0,0.0,0.0,0.0,0.0,0.0,0.0,0.0,0.0,0.0,0.0,0.0,0.0,0.0,0.0,0.0,0.0,0.0,0.0,0.0,0.0,0.0,0.0,0.0,0.0,0.0,0.0,0.0,...
1763031038,381107054,laser,-3.1241390705108643,3.1415927410125732,0.0034828970674425364,5.381355367717333e-05,0.09681058675050735,0.15000000596046448,16.0,4.599999904632568,4.599999904632568,4.599999904632568,4.599999904632568,4.584000110626221,4.576000213623047,4.567999839782715,4.584000110626221,4.5920000076293945,4.5920000076293945,4.5920000076293945,4.5920000076293945,4.5920000076293945,4.5920000076293945,4.584000110626221,4.5920000076293945,4.5920000076293945,4.5920000076293945,4.5920000076293945,4.5920000076293945,4.584000110626221,4.5920000076293945,4.5920000076293945,4.5920000076293945,4.599999904632568,4.599999904632568,4.599999904632568,4.599999904632568,4.5920000076293945,4.599999904632568,4.599999904632568,4.584000110626221,4.576000213623047,4.576000213623047,4.576000213623047,4.5920000076293945,4.607999801635742,4.599999904632568,4.5920000076293945,inf,inf,inf,inf,inf,inf,inf,inf,inf,inf,inf,inf,3.812000036239624,3.812000036239624,3.812000036239624,3.812000036239624,3.812000036239624,3.7639999389648438,3.7639999389648438,3.7639999389648438,3.74399995803833,3.740000009536743,3.740000009536743,3.7360000610351562,3.74399995803833,3.747999906539917,3.752000093460083,2.871999979019165,2.871999979019165,2.871999979019165,2.812000036239624,2.812000036239624,2.752000093460083,2.752000093460083,2.6480000019073486,2.6480000019073486,2.5920000076293945,2.5399999618530273,2.48799991607666,2.427999973297119,2.371999979019165,2.3320000171661377,2.303999900817871,2.25600004196167,2.25600004196167,2.187999963760376,2.187999963760376,2.1480000019073486,2.111999988555908,2.0799999237060547,2.0480000972747803,2.009999990463257,1.9819999933242798,1.9620000123977661,1.9299999475479126,1.9299999475479126,1.899999976158142,1.8760000467300415,1.8619999885559082,1.8519999980926514,1.8359999656677246,1.8300000429153442,1.8179999589920044,1.7999999523162842,1.7999999523162842,1.7799999713897705,1.75600004196167,1.7339999675750732,1.715999960899353,1.6979999542236328,1.6759999990463257,1.6579999923706055,1.6260000467300415,1.5160000324249268,1.5160000324249268,1.4980000257492065,1.4980000257492065,1.4839999675750732,1.4800000190734863,inf,inf,inf,1.4040000438690186,1.4040000438690186,1.4040000438690186,1.4040000438690186,1.4040000438690186,1.3940000534057617,1.3940000534057617,...,0.0,0.0,0.0,0.0,0.0,0.0,0.0,0.0,0.0,0.0,0.0,0.0,47.0,47.0,47.0,47.0,47.0,47.0,47.0,47.0,47.0,47.0,47.0,47.0,47.0,47.0,47.0,47.0,47.0,0.0,0.0,0.0,0.0,0.0,0.0,0.0,0.0,0.0,0.0,0.0,0.0,0.0,0.0,0.0,0.0,0.0,0.0,0.0,0.0,0.0,0.0,0.0,0.0,0.0,0.0,0.0,0.0,0.0,0.0,0.0,0.0,0.0,0.0,0.0,0.0,0.0,0.0,0.0,0.0,0.0,0.0,0.0,0.0,0.0,0.0,0.0,0.0,0.0,0.0,0.0,0.0,0.0,0.0,0.0,0.0,0.0,0.0,0.0,0.0,0.0,0.0,47.0,47.0,47.0,47.0,47.0,0.0,0.0,0.0,0.0,0.0,0.0,0.0,0.0,0.0,0.0,0.0,0.0,0.0,0.0,0.0,0.0,0.0,0.0,0.0,0.0,0.0,0.0,0.0,0.0,0.0,0.0,0.0,47.0,47.0,47.0,47.0,47.0,...
1763031038,479451317,laser,-3.1241390705108643,3.1415927410125732,0.0034828970674425364,5.380637594498694e-05,0.09679766744375229,0.15000000596046448,16.0,4.607999801635742,4.584000110626221,4.584000110626221,4.584000110626221,4.576000213623047,4.567999839782715,4.567999839782715,4.584000110626221,4.5920000076293945,4.5920000076293945,4.5920000076293945,4.5920000076293945,4.5920000076293945,4.5920000076293945,4.5920000076293945,4.5920000076293945,4.5920000076293945,4.5920000076293945,4.584000110626221,4.584000110626221,4.584000110626221,4.584000110626221,4.5920000076293945,4.599999904632568,4.599999904632568,4.599999904632568,4.5920000076293945,4.5920000076293945,4.5920000076293945,4.5920000076293945,4.599999904632568,4.5920000076293945,4.576000213623047,4.576000213623047,4.5920000076293945,4.607999801635742,4.607999801635742,4.599999904632568,4.5920000076293945,inf,inf,inf,inf,inf,inf,inf,inf,inf,inf,inf,inf,inf,inf,3.74399995803833,3.74399995803833,3.74399995803833,3.74399995803833,3.74399995803833,3.74399995803833,3.74399995803833,3.74399995803833,3.740000009536743,3.74399995803833,3.747999906539917,3.747999906539917,3.747999906539917,2.936000108718872,2.936000108718872,2.875999927520752,2.875999927520752,2.875999927520752,2.803999900817871,2.74399995803833,2.691999912261963,2.6440000534057617,2.5880000591278076,2.5399999618530273,2.48799991607666,2.427999973297119,2.375999927520752,2.3320000171661377,2.2960000038146973,2.2960000038146973,2.2360000610351562,2.2079999446868896,2.187999963760376,2.140000104904175,2.1040000915527344,2.0799999237060547,2.0480000972747803,2.01200008392334,1.9859999418258667,1.965999960899353,1.965999960899353,1.937999963760376,1.9199999570846558,1.909999966621399,1.899999976158142,1.8880000114440918,1.8700000047683716,1.8480000495910645,1.8279999494552612,1.805999994277954,1.805999994277954,1.7799999713897705,1.75600004196167,1.7339999675750732,1.7139999866485596,1.6979999542236328,1.6740000247955322,1.6540000438690186,1.6540000438690186,1.5080000162124634,1.5080000162124634,1.496000051498413,1.496000051498413,1.4839999675750732,1.4759999513626099,inf,inf,inf,inf,inf,1.4040000438690186,1.4040000438690186,1.4040000438690186,1.4040000438690186,1.4040000438690186,...,0.0,0.0,0.0,0.0,0.0,0.0,0.0,0.0,0.0,0.0,0.0,0.0,0.0,47.0,47.0,47.0,47.0,47.0,47.0,47.0,47.0,47.0,47.0,47.0,47.0,47.0,47.0,47.0,0.0,0.0,0.0,0.0,0.0,0.0,0.0,0.0,0.0,0.0,0.0,0.0,0.0,0.0,0.0,0.0,0.0,0.0,0.0,0.0,0.0,0.0,0.0,0.0,0.0,0.0,0.0,0.0,0.0,0.0,0.0,0.0,0.0,0.0,0.0,0.0,0.0,0.0,0.0,0.0,0.0,0.0,0.0,0.0,0.0,0.0,0.0,0.0,0.0,0.0,0.0,0.0,0.0,0.0,0.0,0.0,0.0,0.0,0.0,0.0,0.0,0.0,47.0,47.0,47.0,47.0,47.0,0.0,0.0,0.0,0.0,0.0,0.0,0.0,0.0,0.0,0.0,0.0,0.0,0.0,0.0,0.0,0.0,0.0,0.0,0.0,0.0,0.0,0.0,0.0,0.0,0.0,0.0,0.0,0.0,0.0,0.0,0.0,47.0,47.0,...
1763031038,577463705,laser,-3.1241390705108643,3.1415927410125732,0.0034828970674425364,5.393640458351001e-05,0.09703158587217331,0.15000000596046448,16.0,4.599999904632568,4.599999904632568,4.599999904632568,4.584000110626221,4.584000110626221,4.576000213623047,4.567999839782715,4.584000110626221,4.5920000076293945,4.5920000076293945,4.5920000076293945,4.5920000076293945,4.5920000076293945,4.5920000076293945,4.5920000076293945,4.5920000076293945,4.5920000076293945,4.5920000076293945,4.5920000076293945,4.5920000076293945,4.584000110626221,4.5920000076293945,4.5920000076293945,4.599999904632568,4.599999904632568,4.599999904632568,4.599999904632568,4.599999904632568,4.5920000076293945,4.5920000076293945,4.599999904632568,4.5920000076293945,4.576000213623047,4.576000213623047,4.576000213623047,4.599999904632568,4.607999801635742,4.599999904632568,4.5920000076293945,inf,inf,inf,inf,inf,inf,inf,inf,inf,inf,inf,inf,inf,inf,3.7880001068115234,3.7880001068115234,3.7880001068115234,3.7880001068115234,3.7880001068115234,3.740000009536743,3.740000009536743,3.7320001125335693,3.7360000610351562,3.747999906539917,3.747999906539917,3.747999906539917,3.747999906539917,3.747999906539917,2.9200000762939453,2.859999895095825,2.859999895095825,2.859999895095825,2.7920000553131104,2.7239999771118164,2.6559998989105225,2.615999937057495,2.568000078201294,2.503999948501587,2.503999948501587,2.4600000381469727,2.4119999408721924,2.359999895095825,2.315999984741211,2.299999952316284,2.187999963760376,2.180000066757202,2.180000066757202,2.128000020980835,2.0999999046325684,2.0999999046325684,2.0759999752044678,2.0439999103546143,2.01200008392334,1.9759999513626099,1.9479999542236328,1.9299999475479126,1.9179999828338623,1.909999966621399,1.909999966621399,1.8940000534057617,1.878000020980835,1.8660000562667847,1.8420000076293945,1.8220000267028809,1.7999999523162842,1.7719999551773071,1.75,1.7300000190734863,1.7059999704360962,1.6859999895095825,1.6859999895095825,1.6640000343322754,1.6460000276565552,1.5260000228881836,1.5260000228881836,1.50600004196167,1.49399995803833,1.4839999675750732,1.465999960899353,inf,1.4320000410079956,1.4320000410079956,1.4320000410079956,1.4320000410079956,1.4320000410079956,1.399999976158142,1.399999976158142,1.399999976158142,1.3839999437332153,...,47.0,47.0,47.0,47.0,47.0,0.0,0.0,0.0,0.0,0.0,0.0,0.0,47.0,47.0,47.0,47.0,47.0,47.0,47.0,47.0,47.0,47.0,47.0,47.0,47.0,47.0,47.0,47.0,47.0,0.0,0.0,0.0,0.0,0.0,0.0,0.0,0.0,0.0,0.0,0.0,0.0,0.0,0.0,0.0,0.0,0.0,0.0,0.0,0.0,0.0,0.0,0.0,0.0,0.0,0.0,0.0,0.0,0.0,0.0,0.0,0.0,0.0,0.0,0.0,0.0,0.0,0.0,0.0,0.0,0.0,0.0,0.0,0.0,0.0,0.0,0.0,0.0,0.0,0.0,0.0,0.0,0.0,0.0,0.0,0.0,0.0,0.0,0.0,0.0,0.0,0.0,47.0,47.0,47.0,47.0,47.0,0.0,0.0,0.0,0.0,0.0,0.0,0.0,0.0,0.0,0.0,0.0,0.0,0.0,0.0,0.0,0.0,0.0,0.0,0.0,0.0,0.0,0.0,0.0,0.0,0.0,0.0,0.0,0.0,0.0,0.0,0.0,0.0,...
1763031038,676149082,laser,-3.1241390705108643,3.1415927410125732,0.0034828970674425364,5.708090611733496e-05,0.10268855094909668,0.15000000596046448,16.0,4.616000175476074,4.616000175476074,4.616000175476074,4.599999904632568,4.584000110626221,4.567999839782715,4.567999839782715,4.584000110626221,4.5920000076293945,4.5920000076293945,4.5920000076293945,4.5920000076293945,4.5920000076293945,4.5920000076293945,4.584000110626221,4.584000110626221,4.5920000076293945,4.5920000076293945,4.5920000076293945,4.584000110626221,4.584000110626221,4.5920000076293945,4.5920000076293945,4.599999904632568,4.599999904632568,4.599999904632568,4.599999904632568,4.599999904632568,4.599999904632568,4.599999904632568,4.599999904632568,4.584000110626221,4.584000110626221,4.584000110626221,4.584000110626221,4.599999904632568,4.607999801635742,4.599999904632568,inf,inf,inf,inf,inf,inf,inf,inf,inf,inf,inf,inf,inf,inf,3.7639999389648438,3.7639999389648438,3.7639999389648438,3.7639999389648438,3.7639999389648438,3.74399995803833,3.74399995803833,3.74399995803833,3.7360000610351562,3.7360000610351562,3.7360000610351562,3.74399995803833,3.752000093460083,3.752000093460083,2.884000062942505,2.884000062942505,2.884000062942505,2.884000062942505,2.8399999141693115,2.7839999198913574,2.7839999198913574,2.611999988555908,2.611999988555908,2.611999988555908,2.563999891281128,2.5,2.447999954223633,2.3959999084472656,2.3480000495910645,2.303999900817871,2.2960000038146973,2.2960000038146973,2.2039999961853027,2.2039999961853027,2.1679999828338623,2.128000020980835,2.0959999561309814,2.059999942779541,2.0239999294281006,1.99399995803833,1.9700000286102295,1.9459999799728394,1.9119999408721924,1.9119999408721924,1.8819999694824219,1.8680000305175781,1.8539999723434448,1.8359999656677246,1.8359999656677246,1.8259999752044678,1.805999994277954,1.7879999876022339,1.7879999876022339,1.7680000066757202,1.746000051498413,1.7259999513626099,1.7059999704360962,1.6859999895095825,1.6640000343322754,1.6419999599456787,1.5180000066757202,1.50600004196167,1.50600004196167,1.4900000095367432,1.4819999933242798,1.4819999933242798,inf,inf,inf,inf,1.3940000534057617,1.3940000534057617,1.3940000534057617,1.3940000534057617,1.3940000534057617,1.3819999694824219,...,0.0,0.0,0.0,0.0,0.0,0.0,0.0,0.0,0.0,0.0,0.0,0.0,47.0,47.0,47.0,47.0,47.0,47.0,47.0,47.0,47.0,47.0,47.0,47.0,47.0,47.0,47.0,47.0,47.0,47.0,0.0,0.0,0.0,0.0,0.0,0.0,0.0,0.0,0.0,0.0,0.0,0.0,0.0,0.0,0.0,0.0,0.0,0.0,0.0,0.0,0.0,0.0,0.0,0.0,0.0,0.0,0.0,0.0,0.0,0.0,0.0,0.0,0.0,0.0,0.0,0.0,0.0,0.0,0.0,0.0,0.0,0.0,0.0,0.0,0.0,0.0,0.0,0.0,0.0,0.0,0.0,0.0,0.0,0.0,0.0,0.0,0.0,0.0,0.0,0.0,0.0,0.0,0.0,0.0,0.0,0.0,0.0,0.0,0.0,0.0,0.0,0.0,0.0,0.0,0.0,0.0,0.0,0.0,0.0,0.0,0.0,0.0,0.0,0.0,0.0,0.0,0.0,0.0,0.0,0.0,0.0,0.0,0.0,0.0,0.0,0.0,0.0,0.0,...
1763031038,780576656,laser,-3.1241390705108643,3.1415927410125732,0.0034828970674425364,5.366505865822546e-05,0.09654343873262405,0.15000000596046448,16.0,4.607999801635742,4.607999801635742,4.5920000076293945,4.5920000076293945,4.576000213623047,4.567999839782715,4.576000213623047,4.576000213623047,4.5920000076293945,4.5920000076293945,4.584000110626221,4.5920000076293945,4.5920000076293945,4.5920000076293945,4.5920000076293945,4.5920000076293945,4.5920000076293945,4.584000110626221,4.5920000076293945,4.584000110626221,4.584000110626221,4.5920000076293945,4.5920000076293945,4.5920000076293945,4.5920000076293945,4.5920000076293945,4.599999904632568,4.599999904632568,4.5920000076293945,4.5920000076293945,4.599999904632568,4.5920000076293945,4.584000110626221,4.576000213623047,4.584000110626221,4.5920000076293945,4.599999904632568,4.599999904632568,4.599999904632568,inf,inf,inf,inf,inf,inf,inf,inf,inf,inf,inf,inf,3.808000087738037,3.808000087738037,3.808000087738037,3.808000087738037,3.808000087738037,3.75600004196167,3.75600004196167,3.75600004196167,3.74399995803833,3.74399995803833,3.740000009536743,3.740000009536743,3.747999906539917,3.747999906539917,3.752000093460083,2.940000057220459,2.940000057220459,2.940000057220459,2.884000062942505,2.7360000610351562,2.7360000610351562,2.7360000610351562,2.691999912261963,2.6440000534057617,2.5880000591278076,2.5360000133514404,2.4800000190734863,2.431999921798706,2.3320000171661377,2.3320000171661377,2.2920000553131104,2.2920000553131104,2.24399995803833,2.2119998931884766,2.187999963760376,2.140000104904175,2.0999999046325684,2.0799999237060547,2.052000045776367,2.0160000324249268,1.9859999418258667,1.9620000123977661,1.9620000123977661,1.9320000410079956,1.909999966621399,1.8980000019073486,1.8880000114440918,1.8799999952316284,1.8639999628067017,1.8459999561309814,1.8279999494552612,1.8279999494552612,1.8079999685287476,1.7799999713897705,1.75600004196167,1.7339999675750732,1.7120000123977661,1.6979999542236328,1.6779999732971191,1.6519999504089355,1.6519999504089355,1.4980000257492065,1.4980000257492065,1.4980000257492065,1.4980000257492065,1.4859999418258667,1.4759999513626099,inf,inf,inf,1.4040000438690186,1.4040000438690186,1.4040000438690186,1.4040000438690186,1.4040000438690186,1.3960000276565552,1.3960000276565552,...,0.0,0.0,0.0,0.0,0.0,0.0,0.0,0.0,0.0,0.0,0.0,0.0,0.0,47.0,47.0,47.0,47.0,47.0,47.0,47.0,47.0,47.0,47.0,47.0,47.0,47.0,47.0,47.0,47.0,47.0,47.0,0.0,0.0,0.0,0.0,0.0,0.0,0.0,0.0,0.0,0.0,0.0,0.0,0.0,0.0,0.0,0.0,0.0,0.0,0.0,0.0,0.0,0.0,0.0,0.0,0.0,0.0,0.0,0.0,0.0,0.0,0.0,0.0,0.0,0.0,0.0,0.0,0.0,0.0,0.0,0.0,0.0,0.0,0.0,0.0,0.0,0.0,0.0,0.0,0.0,0.0,0.0,0.0,0.0,0.0,0.0,0.0,0.0,0.0,0.0,0.0,0.0,0.0,0.0,0.0,0.0,0.0,0.0,0.0,0.0,0.0,0.0,0.0,0.0,0.0,0.0,47.0,47.0,47.0,47.0,47.0,0.0,0.0,0.0,0.0,0.0,0.0,0.0,0.0,0.0,0.0,0.0,0.0,0.0,0.0,47.0,47.0,47.0,...
1763031038,878649983,laser,-3.1241390705108643,3.1415927410125732,0.0034828970674425364,5.379020149121061e-05,0.0967685729265213,0.15000000596046448,16.0,4.599999904632568,4.5920000076293945,4.5920000076293945,4.5920000076293945,4.576000213623047,4.576000213623047,4.567999839782715,4.584000110626221,4.5920000076293945,4.5920000076293945,4.5920000076293945,4.5920000076293945,4.5920000076293945,4.5920000076293945,4.584000110626221,4.5920000076293945,4.5920000076293945,4.584000110626221,4.584000110626221,4.584000110626221,4.584000110626221,4.584000110626221,4.5920000076293945,4.599999904632568,4.599999904632568,4.5920000076293945,4.5920000076293945,4.5920000076293945,4.5920000076293945,4.5920000076293945,4.5920000076293945,4.584000110626221,4.576000213623047,4.576000213623047,4.599999904632568,4.599999904632568,4.607999801635742,4.599999904632568,4.5920000076293945,inf,inf,inf,inf,inf,inf,inf,inf,inf,inf,inf,inf,inf,3.759999990463257,3.759999990463257,3.759999990463257,3.759999990463257,3.759999990463257,3.747999906539917,3.747999906539917,3.747999906539917,3.74399995803833,3.7360000610351562,3.7360000610351562,3.74399995803833,3.747999906539917,3.752000093460083,2.884000062942505,2.884000062942505,2.884000062942505,2.884000062942505,2.828000068664551,2.7639999389648438,2.7079999446868896,2.6480000019073486,2.5959999561309814,2.5959999561309814,2.5439999103546143,2.4800000190734863,2.431999921798706,2.380000114440918,2.3320000171661377,2.2920000553131104,2.2720000743865967,2.247999906539917,2.191999912261963,2.1480000019073486,2.1480000019073486,2.1080000400543213,2.0799999237060547,2.052000045776367,2.0239999294281006,2.007999897003174,1.9880000352859497,1.9639999866485596,1.9520000219345093,1.9520000219345093,1.940000057220459,1.9259999990463257,1.906000018119812,1.8839999437332153,1.8600000143051147,1.8380000591278076,1.812000036239624,1.7860000133514404,1.7619999647140503,1.7619999647140503,1.7400000095367432,1.722000002861023,1.7039999961853027,1.684000015258789,1.6660000085830688,1.6319999694824219,1.5160000324249268,1.50600004196167,1.50600004196167,1.4900000095367432,1.4800000190734863,1.4800000190734863,1.4759999513626099,inf,inf,inf,1.4079999923706055,1.4079999923706055,1.4079999923706055,1.4079999923706055,1.4079999923706055,1.3980000019073486,...,0.0,0.0,0.0,0.0,0.0,0.0,0.0,0.0,0.0,0.0,0.0,0.0,0.0,47.0,47.0,47.0,47.0,47.0,47.0,47.0,47.0,47.0,47.0,47.0,47.0,47.0,47.0,47.0,0.0,0.0,0.0,0.0,0.0,0.0,0.0,0.0,0.0,0.0,0.0,0.0,0.0,0.0,0.0,0.0,0.0,0.0,0.0,0.0,0.0,0.0,0.0,0.0,0.0,0.0,0.0,0.0,0.0,0.0,0.0,0.0,0.0,0.0,0.0,0.0,0.0,0.0,0.0,0.0,0.0,0.0,0.0,0.0,0.0,0.0,0.0,0.0,0.0,0.0,0.0,0.0,0.0,0.0,0.0,0.0,0.0,0.0,0.0,0.0,0.0,0.0,47.0,47.0,47.0,47.0,47.0,0.0,0.0,0.0,0.0,0.0,0.0,0.0,0.0,0.0,0.0,0.0,0.0,0.0,0.0,0.0,0.0,0.0,0.0,0.0,0.0,0.0,0.0,0.0,0.0,0.0,0.0,0.0,0.0,0.0,0.0,0.0,47.0,47.0,...
1763031038,976814171,laser,-3.1241390705108643,3.1415927410125732,0.0034828970674425364,5.386518387240358e-05,0.09690346568822861,0.15000000596046448,16.0,4.607999801635742,4.607999801635742,4.5920000076293945,4.5920000076293945,4.576000213623047,4.567999839782715,4.576000213623047,4.576000213623047,4.5920000076293945,4.5920000076293945,4.5920000076293945,4.5920000076293945,4.5920000076293945,4.5920000076293945,4.5920000076293945,4.5920000076293945,4.5920000076293945,4.584000110626221,4.584000110626221,4.584000110626221,4.584000110626221,4.5920000076293945,4.5920000076293945,4.599999904632568,4.599999904632568,4.5920000076293945,4.599999904632568,4.5920000076293945,4.5920000076293945,4.5920000076293945,4.599999904632568,4.5920000076293945,4.584000110626221,4.576000213623047,4.599999904632568,4.607999801635742,4.599999904632568,4.599999904632568,4.599999904632568,inf,inf,inf,inf,inf,inf,inf,inf,inf,inf,inf,inf,inf,3.808000087738037,3.808000087738037,3.808000087738037,3.808000087738037,3.808000087738037,3.75600004196167,3.75600004196167,3.74399995803833,3.740000009536743,3.740000009536743,3.7360000610351562,3.74399995803833,3.747999906539917,3.752000093460083,2.884000062942505,2.884000062942505,2.884000062942505,2.884000062942505,2.8239998817443848,2.7639999389648438,2.7639999389648438,2.6480000019073486,2.6480000019073486,2.5959999561309814,2.5439999103546143,2.4839999675750732,2.431999921798706,2.384000062942505,2.3359999656677246,2.2960000038146973,2.2720000743865967,2.247999906539917,2.247999906539917,2.196000099182129,2.1600000858306885,2.119999885559082,2.0799999237060547,2.055999994277954,2.0160000324249268,1.9919999837875366,1.9800000190734863,1.9500000476837158,1.9240000247955322,1.9240000247955322,1.909999966621399,1.9019999504089355,1.8940000534057617,1.878000020980835,1.8580000400543213,1.8359999656677246,1.8140000104904175,1.7899999618530273,1.7660000324249268,1.7660000324249268,1.74399995803833,1.722000002861023,1.7039999961853027,1.684000015258789,1.6619999408721924,1.6399999856948853,1.5199999809265137,1.503999948501587,1.503999948501587,1.4900000095367432,1.465999960899353,inf,inf,inf,inf,1.4019999504089355,1.4019999504089355,1.4019999504089355,1.4019999504089355,1.4019999504089355,1.3860000371932983,1.3860000371932983,...,0.0,0.0,0.0,0.0,0.0,0.0,0.0,0.0,0.0,0.0,0.0,0.0,0.0,47.0,47.0,47.0,47.0,47.0,47.0,47.0,47.0,47.0,47.0,47.0,47.0,47.0,47.0,47.0,47.0,47.0,47.0,0.0,0.0,0.0,0.0,0.0,0.0,0.0,0.0,0.0,0.0,0.0,0.0,0.0,0.0,0.0,0.0,0.0,0.0,0.0,0.0,0.0,0.0,0.0,0.0,0.0,0.0,0.0,0.0,0.0,0.0,0.0,0.0,0.0,0.0,0.0,0.0,0.0,0.0,0.0,0.0,0.0,0.0,0.0,0.0,0.0,0.0,0.0,0.0,0.0,0.0,0.0,0.0,0.0,0.0,0.0,0.0,0.0,0.0,47.0,47.0,47.0,47.0,47.0,0.0,0.0,0.0,0.0,0.0,0.0,0.0,0.0,0.0,0.0,0.0,0.0,0.0,0.0,0.0,0.0,0.0,0.0,0.0,0.0,0.0,0.0,0.0,0.0,0.0,0.0,0.0,0.0,0.0,0.0,0.0,0.0,0.0,0.0,...
1763031039,75335663,laser,-3.1241390705108643,3.1415927410125732,0.0034828970674425364,5.708979006158188e-05,0.10270453244447708,0.15000000596046448,16.0,4.599999904632568,4.599999904632568,4.5920000076293945,4.5920000076293945,4.576000213623047,4.576000213623047,4.567999839782715,4.584000110626221,4.5920000076293945,4.5920000076293945,4.5920000076293945,4.5920000076293945,4.5920000076293945,4.5920000076293945,4.584000110626221,4.5920000076293945,4.5920000076293945,4.5920000076293945,4.584000110626221,4.584000110626221,4.584000110626221,4.584000110626221,4.5920000076293945,4.599999904632568,4.599999904632568,4.5920000076293945,4.599999904632568,4.5920000076293945,4.5920000076293945,4.5920000076293945,4.5920000076293945,4.5920000076293945,4.584000110626221,4.584000110626221,4.599999904632568,4.599999904632568,4.599999904632568,4.599999904632568,4.599999904632568,inf,inf,inf,inf,inf,inf,inf,inf,inf,inf,inf,inf,inf,3.7960000038146973,3.7960000038146973,3.7960000038146973,3.7960000038146973,3.7960000038146973,3.74399995803833,3.74399995803833,3.74399995803833,3.747999906539917,3.74399995803833,3.740000009536743,3.747999906539917,3.747999906539917,3.747999906539917,3.747999906539917,2.884000062942505,2.884000062942505,2.884000062942505,2.884000062942505,2.7360000610351562,2.7360000610351562,2.687999963760376,2.6440000534057617,2.5880000591278076,2.5360000133514404,2.4839999675750732,2.4839999675750732,2.371999979019165,2.371999979019165,2.3359999656677246,2.2960000038146973,2.240000009536743,2.2119998931884766,2.191999912261963,2.1440000534057617,2.1040000915527344,2.0799999237060547,2.052000045776367,2.052000045776367,2.01200008392334,1.9839999675750732,1.9600000381469727,1.9240000247955322,1.8960000276565552,1.871999979019165,1.8559999465942383,1.8519999980926514,1.8380000591278076,1.8279999494552612,1.8279999494552612,1.8140000104904175,1.7999999523162842,1.781999945640564,1.7580000162124634,1.7339999675750732,1.715999960899353,1.7000000476837158,1.6759999990463257,1.6759999990463257,1.656000018119812,1.6260000467300415,1.4980000257492065,1.4980000257492065,1.4980000257492065,1.4859999418258667,1.4759999513626099,inf,inf,inf,inf,1.4040000438690186,1.4040000438690186,1.4040000438690186,1.4040000438690186,1.4040000438690186,1.3919999599456787,...,0.0,0.0,0.0,0.0,0.0,0.0,0.0,0.0,0.0,0.0,0.0,0.0,0.0,47.0,47.0,47.0,47.0,47.0,47.0,47.0,47.0,47.0,47.0,47.0,47.0,47.0,47.0,47.0,47.0,47.0,0.0,0.0,0.0,0.0,0.0,0.0,0.0,0.0,0.0,0.0,0.0,0.0,0.0,0.0,0.0,0.0,0.0,0.0,0.0,0.0,0.0,0.0,0.0,0.0,0.0,0.0,0.0,0.0,0.0,0.0,0.0,0.0,0.0,0.0,0.0,0.0,0.0,0.0,0.0,0.0,0.0,0.0,0.0,0.0,0.0,0.0,0.0,0.0,0.0,0.0,0.0,0.0,0.0,0.0,0.0,0.0,0.0,0.0,0.0,0.0,0.0,0.0,0.0,0.0,0.0,0.0,0.0,0.0,0.0,0.0,0.0,0.0,0.0,0.0,0.0,0.0,0.0,0.0,0.0,0.0,0.0,0.0,0.0,0.0,0.0,0.0,0.0,0.0,0.0,0.0,0.0,0.0,0.0,0.0,0.0,0.0,0.0,0.0,...
1763031039,179650171,laser,-3.1241390705108643,3.1415927410125732,0.0034828970674425364,5.378490823204629e-05,0.09675905108451843,0.15000000596046448,16.0,4.599999904632568,4.599999904632568,4.584000110626221,4.584000110626221,4.584000110626221,4.576000213623047,4.567999839782715,4.584000110626221,4.5920000076293945,4.5920000076293945,4.5920000076293945,4.5920000076293945,4.5920000076293945,4.5920000076293945,4.584000110626221,4.5920000076293945,4.5920000076293945,4.5920000076293945,4.5920000076293945,4.5920000076293945,4.584000110626221,4.584000110626221,4.5920000076293945,4.599999904632568,4.599999904632568,4.599999904632568,4.599999904632568,4.599999904632568,4.599999904632568,4.599999904632568,4.599999904632568,4.5920000076293945,4.584000110626221,4.584000110626221,4.576000213623047,4.5920000076293945,4.607999801635742,4.599999904632568,4.5920000076293945,inf,inf,inf,inf,inf,inf,inf,inf,inf,4.104000091552734,4.104000091552734,4.104000091552734,4.104000091552734,4.104000091552734,3.7839999198913574,3.7839999198913574,3.7839999198913574,3.74399995803833,3.74399995803833,3.74399995803833,3.74399995803833,3.74399995803833,3.747999906539917,3.747999906539917,3.747999906539917,3.747999906539917,3.747999906539917,2.927999973297119,2.927999973297119,2.927999973297119,2.871999979019165,2.871999979019165,2.803999900817871,2.684000015258789,2.684000015258789,2.640000104904175,2.5799999237060547,2.5360000133514404,2.4800000190734863,2.431999921798706,2.384000062942505,2.3359999656677246,2.2960000038146973,2.2960000038146973,2.200000047683716,2.191999912261963,2.191999912261963,2.1440000534057617,2.1040000915527344,2.0799999237060547,2.052000045776367,2.0139999389648438,1.9839999675750732,1.9600000381469727,1.9240000247955322,1.9240000247955322,1.8960000276565552,1.871999979019165,1.8580000400543213,1.8519999980926514,1.840000033378601,1.8279999494552612,1.815999984741211,1.7999999523162842,1.7999999523162842,1.781999945640564,1.7580000162124634,1.7339999675750732,1.715999960899353,1.6979999542236328,1.6779999732971191,1.656000018119812,1.6260000467300415,1.5119999647140503,1.5119999647140503,1.4980000257492065,1.4859999418258667,1.4859999418258667,1.4739999771118164,inf,inf,inf,1.4040000438690186,1.4040000438690186,1.4040000438690186,1.4040000438690186,1.4040000438690186,1.3940000534057617,1.3940000534057617,...,0.0,0.0,0.0,0.0,0.0,0.0,0.0,0.0,0.0,0.0,0.0,0.0,47.0,47.0,47.0,47.0,47.0,47.0,47.0,47.0,47.0,47.0,47.0,47.0,47.0,47.0,47.0,47.0,47.0,47.0,0.0,0.0,0.0,0.0,0.0,0.0,0.0,0.0,0.0,0.0,0.0,0.0,0.0,0.0,0.0,0.0,0.0,0.0,0.0,0.0,0.0,0.0,0.0,0.0,0.0,0.0,0.0,0.0,0.0,0.0,0.0,0.0,0.0,0.0,0.0,0.0,0.0,0.0,0.0,0.0,0.0,0.0,0.0,0.0,0.0,0.0,0.0,0.0,0.0,0.0,0.0,0.0,0.0,0.0,0.0,0.0,0.0,0.0,0.0,47.0,47.0,47.0,47.0,47.0,0.0,0.0,0.0,0.0,0.0,0.0,0.0,0.0,0.0,0.0,0.0,0.0,0.0,0.0,0.0,0.0,0.0,0.0,0.0,0.0,0.0,0.0,0.0,0.0,0.0,0.0,0.0,0.0,0.0,0.0,0.0,0.0,0.0,0.0,...
1763031039,278299938,laser,-3.1241390705108643,3.1415927410125732,0.0034828970674425364,5.3505526011576876e-05,0.09625644236803055,0.15000000596046448,16.0,4.616000175476074,4.5920000076293945,4.5920000076293945,4.5920000076293945,4.576000213623047,4.567999839782715,4.567999839782715,4.584000110626221,4.5920000076293945,4.5920000076293945,4.5920000076293945,4.5920000076293945,4.5920000076293945,4.5920000076293945,4.584000110626221,4.584000110626221,4.5920000076293945,4.5920000076293945,4.5920000076293945,4.5920000076293945,4.5920000076293945,4.5920000076293945,4.5920000076293945,4.599999904632568,4.599999904632568,4.599999904632568,4.599999904632568,4.599999904632568,4.5920000076293945,4.599999904632568,4.599999904632568,4.5920000076293945,4.584000110626221,4.584000110626221,4.584000110626221,4.5920000076293945,4.607999801635742,4.599999904632568,inf,inf,inf,inf,inf,inf,inf,inf,inf,inf,inf,inf,inf,inf,3.9040000438690186,3.9040000438690186,3.9040000438690186,3.9040000438690186,3.9040000438690186,3.803999900817871,3.752000093460083,3.752000093460083,3.74399995803833,3.740000009536743,3.740000009536743,3.74399995803833,3.747999906539917,3.747999906539917,2.884000062942505,2.884000062942505,2.884000062942505,2.884000062942505,2.8239998817443848,2.8239998817443848,2.75600004196167,2.696000099182129,2.6440000534057617,2.5920000076293945,2.5439999103546143,2.4800000190734863,2.431999921798706,2.384000062942505,2.3359999656677246,2.2960000038146973,2.2720000743865967,2.2720000743865967,2.24399995803833,2.196000099182129,2.1480000019073486,2.1080000400543213,2.0799999237060547,2.052000045776367,2.0160000324249268,1.9980000257492065,1.9780000448226929,1.9539999961853027,1.9459999799728394,1.9459999799728394,1.934000015258789,1.9220000505447388,1.906000018119812,1.8839999437332153,1.8619999885559082,1.840000033378601,1.815999984741211,1.7920000553131104,1.7680000066757202,1.7680000066757202,1.7480000257492065,1.7300000190734863,1.7079999446868896,1.6859999895095825,1.6619999408721924,1.6419999599456787,1.5180000066757202,1.50600004196167,1.50600004196167,1.496000051498413,1.4839999675750732,inf,inf,inf,inf,1.4019999504089355,1.4019999504089355,1.4019999504089355,1.4019999504089355,1.4019999504089355,1.3839999437332153,1.3839999437332153,...,0.0,0.0,0.0,0.0,0.0,0.0,0.0,0.0,0.0,0.0,0.0,0.0,0.0,47.0,47.0,47.0,47.0,47.0,47.0,47.0,47.0,47.0,47.0,47.0,47.0,47.0,47.0,47.0,47.0,47.0,47.0,0.0,0.0,0.0,0.0,0.0,0.0,0.0,0.0,0.0,0.0,0.0,0.0,0.0,0.0,0.0,0.0,0.0,0.0,0.0,0.0,0.0,0.0,0.0,0.0,0.0,0.0,0.0,0.0,0.0,0.0,0.0,0.0,0.0,0.0,0.0,0.0,0.0,0.0,0.0,0.0,0.0,0.0,0.0,0.0,0.0,0.0,0.0,0.0,0.0,0.0,0.0,0.0,0.0,0.0,0.0,0.0,0.0,0.0,47.0,47.0,47.0,47.0,47.0,0.0,0.0,0.0,0.0,0.0,0.0,0.0,0.0,0.0,0.0,0.0,0.0,0.0,0.0,0.0,0.0,0.0,0.0,0.0,0.0,0.0,0.0,0.0,0.0,0.0,0.0,0.0,0.0,0.0,0.0,0.0,0.0,0.0,0.0,...
1763031039,376208354,laser,-3.1241390705108643,3.1415927410125732,0.0034828970674425364,5.717528983950615e-05,0.10285834968090057,0.15000000596046448,16.0,4.616000175476074,4.616000175476074,4.616000175476074,4.599999904632568,4.584000110626221,4.567999839782715,4.567999839782715,4.584000110626221,4.5920000076293945,4.5920000076293945,4.5920000076293945,4.5920000076293945,4.599999904632568,4.5920000076293945,4.584000110626221,4.5920000076293945,4.5920000076293945,4.5920000076293945,4.5920000076293945,4.5920000076293945,4.584000110626221,4.5920000076293945,4.5920000076293945,4.599999904632568,4.599999904632568,4.599999904632568,4.599999904632568,4.599999904632568,4.5920000076293945,4.599999904632568,4.599999904632568,4.584000110626221,4.576000213623047,4.584000110626221,4.584000110626221,4.5920000076293945,4.599999904632568,4.599999904632568,4.584000110626221,inf,inf,inf,inf,inf,inf,inf,inf,inf,inf,inf,inf,inf,3.7880001068115234,3.7880001068115234,3.7880001068115234,3.7880001068115234,3.7880001068115234,3.740000009536743,3.740000009536743,3.740000009536743,3.7320001125335693,3.7360000610351562,3.74399995803833,3.747999906539917,3.747999906539917,3.74399995803833,2.9159998893737793,2.9159998893737793,2.9159998893737793,2.9159998893737793,2.8559999465942383,2.7960000038146973,2.7320001125335693,2.6640000343322754,2.615999937057495,2.572000026702881,2.5199999809265137,2.4679999351501465,2.4679999351501465,2.371999979019165,2.371999979019165,2.3359999656677246,2.299999952316284,2.200000047683716,2.200000047683716,2.191999912261963,2.1440000534057617,2.1040000915527344,2.0799999237060547,2.052000045776367,2.052000045776367,1.996000051498413,1.996000051498413,1.972000002861023,1.9500000476837158,1.9359999895095825,1.9240000247955322,1.909999966621399,1.8960000276565552,1.8760000467300415,1.8519999980926514,1.8320000171661377,1.8320000171661377,1.8079999685287476,1.7799999713897705,1.7619999647140503,1.7380000352859497,1.715999960899353,1.7020000219345093,1.6799999475479126,1.656000018119812,1.5099999904632568,1.4980000257492065,1.4980000257492065,1.4980000257492065,1.4980000257492065,1.4880000352859497,1.4759999513626099,inf,inf,inf,1.409999966621399,1.409999966621399,1.409999966621399,1.409999966621399,1.409999966621399,1.399999976158142,1.399999976158142,...,0.0,0.0,0.0,0.0,0.0,0.0,0.0,0.0,0.0,0.0,0.0,0.0,0.0,47.0,47.0,47.0,47.0,47.0,47.0,47.0,47.0,47.0,47.0,47.0,47.0,47.0,47.0,47.0,47.0,0.0,0.0,0.0,0.0,0.0,0.0,0.0,0.0,0.0,0.0,0.0,0.0,0.0,0.0,0.0,0.0,0.0,0.0,0.0,0.0,0.0,0.0,0.0,0.0,0.0,0.0,0.0,0.0,0.0,0.0,0.0,0.0,0.0,0.0,0.0,0.0,0.0,0.0,0.0,0.0,0.0,47.0,47.0,47.0,47.0,47.0,0.0,0.0,0.0,0.0,0.0,0.0,0.0,0.0,0.0,0.0,0.0,0.0,0.0,0.0,0.0,0.0,0.0,0.0,0.0,0.0,0.0,0.0,0.0,0.0,0.0,0.0,0.0,0.0,0.0,0.0,0.0,0.0,0.0,0.0,0.0,0.0,0.0,0.0,0.0,0.0,0.0,0.0,0.0,0.0,0.0,0.0,0.0,0.0,0.0,0.0,0.0,0.0,0.0,...
1763031039,480555460,laser,-3.1241390705108643,3.1415927410125732,0.0034828970674425364,5.377862908062525e-05,0.0967477485537529,0.15000000596046448,16.0,4.607999801635742,4.607999801635742,4.584000110626221,4.584000110626221,4.576000213623047,4.567999839782715,4.567999839782715,4.576000213623047,4.5920000076293945,4.5920000076293945,4.5920000076293945,4.5920000076293945,4.5920000076293945,4.5920000076293945,4.5920000076293945,4.5920000076293945,4.5920000076293945,4.5920000076293945,4.5920000076293945,4.5920000076293945,4.584000110626221,4.5920000076293945,4.5920000076293945,4.599999904632568,4.599999904632568,4.5920000076293945,4.599999904632568,4.599999904632568,4.5920000076293945,4.599999904632568,4.599999904632568,4.599999904632568,4.584000110626221,4.576000213623047,4.584000110626221,4.5920000076293945,4.599999904632568,4.599999904632568,4.599999904632568,inf,inf,inf,inf,inf,inf,inf,inf,inf,inf,inf,inf,inf,inf,inf,3.7639999389648438,3.7639999389648438,3.7639999389648438,3.7639999389648438,3.7639999389648438,3.74399995803833,3.7360000610351562,3.7360000610351562,3.7360000610351562,3.74399995803833,3.752000093460083,3.752000093460083,2.888000011444092,2.888000011444092,2.888000011444092,2.8359999656677246,2.8359999656677246,2.7839999198913574,2.7279999256134033,2.6600000858306885,2.6080000400543213,2.563999891281128,2.563999891281128,2.507999897003174,2.4600000381469727,2.4040000438690186,2.359999895095825,2.328000068664551,2.299999952316284,2.180000066757202,2.180000066757202,2.180000066757202,2.131999969482422,2.1040000915527344,2.0759999752044678,2.0759999752044678,2.0139999389648438,2.0139999389648438,1.9819999933242798,1.9479999542236328,1.9160000085830688,1.9019999504089355,1.8960000276565552,1.8860000371932983,1.8760000467300415,1.8619999885559082,1.840000033378601,1.840000033378601,1.8240000009536743,1.805999994277954,1.7799999713897705,1.753999948501587,1.7300000190734863,1.7139999866485596,1.6959999799728394,1.6740000247955322,1.6540000438690186,1.5080000162124634,1.5080000162124634,1.5080000162124634,1.4980000257492065,1.4980000257492065,1.4859999418258667,1.4739999771118164,inf,inf,inf,inf,inf,1.4040000438690186,1.4040000438690186,1.4040000438690186,1.4040000438690186,1.4040000438690186,...,0.0,0.0,0.0,0.0,0.0,0.0,0.0,0.0,0.0,0.0,0.0,0.0,0.0,47.0,47.0,47.0,47.0,47.0,47.0,47.0,47.0,47.0,47.0,47.0,47.0,47.0,47.0,47.0,47.0,47.0,0.0,0.0,0.0,0.0,0.0,0.0,0.0,0.0,0.0,0.0,0.0,0.0,0.0,0.0,0.0,0.0,0.0,0.0,0.0,0.0,0.0,0.0,0.0,0.0,0.0,0.0,0.0,0.0,0.0,0.0,0.0,0.0,0.0,0.0,0.0,0.0,0.0,0.0,0.0,0.0,0.0,0.0,0.0,0.0,0.0,0.0,0.0,0.0,0.0,0.0,0.0,0.0,0.0,0.0,0.0,0.0,0.0,0.0,0.0,0.0,0.0,0.0,0.0,0.0,0.0,0.0,0.0,0.0,0.0,0.0,0.0,0.0,0.0,0.0,0.0,0.0,0.0,0.0,0.0,0.0,0.0,0.0,0.0,0.0,0.0,0.0,0.0,0.0,0.0,0.0,0.0,0.0,0.0,47.0,47.0,47.0,47.0,47.0,...
1763031039,578581714,laser,-3.1241390705108643,3.1415927410125732,0.0034828970674425364,5.728337782784365e-05,0.10305279493331909,0.15000000596046448,16.0,4.616000175476074,4.616000175476074,4.599999904632568,4.599999904632568,4.584000110626221,4.567999839782715,4.567999839782715,4.584000110626221,4.5920000076293945,4.5920000076293945,4.5920000076293945,4.5920000076293945,4.5920000076293945,4.5920000076293945,4.584000110626221,4.5920000076293945,4.5920000076293945,4.5920000076293945,4.5920000076293945,4.5920000076293945,4.584000110626221,4.5920000076293945,4.5920000076293945,4.599999904632568,4.599999904632568,4.599999904632568,4.599999904632568,4.599999904632568,4.599999904632568,4.599999904632568,4.5920000076293945,4.584000110626221,4.576000213623047,4.576000213623047,4.576000213623047,4.5920000076293945,4.607999801635742,4.599999904632568,4.5920000076293945,inf,inf,inf,inf,inf,inf,inf,inf,inf,inf,inf,inf,3.871999979019165,3.871999979019165,3.871999979019165,3.871999979019165,3.871999979019165,3.7839999198913574,3.7839999198913574,3.7839999198913574,3.740000009536743,3.740000009536743,3.740000009536743,3.74399995803833,3.747999906539917,3.747999906539917,3.747999906539917,2.927999973297119,2.927999973297119,2.927999973297119,2.875999927520752,2.875999927520752,2.7320001125335693,2.6760001182556152,2.6760001182556152,2.628000020980835,2.568000078201294,2.51200008392334,2.4679999351501465,2.4240000247955322,2.380000114440918,2.380000114440918,2.3359999656677246,2.2920000553131104,2.240000009536743,2.2119998931884766,2.191999912261963,2.1480000019073486,2.1080000400543213,2.0799999237060547,2.049999952316284,2.0139999389648438,1.9859999418258667,1.965999960899353,1.965999960899353,1.9420000314712524,1.909999966621399,1.8839999437332153,1.8739999532699585,1.8619999885559082,1.8480000495910645,1.8459999561309814,1.8320000171661377,1.8140000104904175,1.7899999618530273,1.7899999618530273,1.7660000324249268,1.7480000257492065,1.7300000190734863,1.7079999446868896,1.6859999895095825,1.6640000343322754,1.6440000534057617,1.5240000486373901,1.5240000486373901,1.50600004196167,1.4900000095367432,1.4780000448226929,inf,inf,inf,inf,inf,1.4019999504089355,1.4019999504089355,1.4019999504089355,1.4019999504089355,1.4019999504089355,1.3880000114440918,...,0.0,0.0,0.0,0.0,0.0,0.0,0.0,0.0,0.0,0.0,0.0,0.0,0.0,47.0,47.0,47.0,47.0,47.0,47.0,47.0,47.0,47.0,47.0,47.0,47.0,47.0,47.0,47.0,47.0,47.0,0.0,0.0,0.0,0.0,0.0,0.0,0.0,0.0,0.0,0.0,0.0,0.0,0.0,0.0,0.0,0.0,0.0,0.0,0.0,0.0,0.0,0.0,0.0,0.0,0.0,0.0,0.0,0.0,0.0,0.0,0.0,0.0,0.0,0.0,0.0,0.0,0.0,0.0,0.0,0.0,0.0,0.0,0.0,0.0,0.0,0.0,0.0,0.0,0.0,0.0,0.0,0.0,0.0,0.0,0.0,0.0,0.0,0.0,0.0,0.0,0.0,0.0,0.0,0.0,0.0,0.0,0.0,0.0,0.0,0.0,0.0,0.0,0.0,0.0,0.0,0.0,0.0,0.0,0.0,0.0,0.0,0.0,0.0,0.0,0.0,0.0,0.0,0.0,0.0,0.0,0.0,0.0,0.0,0.0,0.0,0.0,0.0,0.0,...
1763031039,683021206,laser,-3.1241390705108643,3.1415927410125732,0.0034828970674425364,5.381779192248359e-05,0.09681820869445801,0.15000000596046448,16.0,4.616000175476074,4.599999904632568,4.599999904632568,4.599999904632568,4.584000110626221,4.576000213623047,4.567999839782715,4.584000110626221,4.5920000076293945,4.5920000076293945,4.599999904632568,4.599999904632568,4.599999904632568,4.5920000076293945,4.584000110626221,4.5920000076293945,4.5920000076293945,4.5920000076293945,4.5920000076293945,4.5920000076293945,4.584000110626221,4.584000110626221,4.5920000076293945,4.599999904632568,4.599999904632568,4.5920000076293945,4.5920000076293945,4.599999904632568,4.599999904632568,4.599999904632568,4.599999904632568,4.5920000076293945,4.584000110626221,4.576000213623047,4.584000110626221,4.5920000076293945,4.5920000076293945,4.599999904632568,4.599999904632568,inf,inf,inf,inf,inf,inf,inf,inf,inf,inf,inf,3.871999979019165,3.871999979019165,3.871999979019165,3.871999979019165,3.871999979019165,3.7839999198913574,3.7839999198913574,3.7839999198913574,3.7839999198913574,3.740000009536743,3.740000009536743,3.740000009536743,3.74399995803833,3.747999906539917,3.747999906539917,3.747999906539917,3.747999906539917,2.931999921798706,2.875999927520752,2.875999927520752,2.875999927520752,2.6760001182556152,2.6760001182556152,2.6760001182556152,2.635999917984009,2.5840001106262207,2.5239999294281006,2.4679999351501465,2.427999973297119,2.380000114440918,2.3359999656677246,2.2920000553131104,2.252000093460083,2.252000093460083,2.191999912261963,2.191999912261963,2.1480000019073486,2.1080000400543213,2.0799999237060547,2.052000045776367,2.0160000324249268,1.9919999837875366,1.972000002861023,1.9420000314712524,1.9160000085830688,1.8960000276565552,1.8960000276565552,1.878000020980835,1.878000020980835,1.8600000143051147,1.8480000495910645,1.8320000171661377,1.8140000104904175,1.7899999618530273,1.7680000066757202,1.7480000257492065,1.7280000448226929,1.7079999446868896,1.6859999895095825,1.6859999895095825,1.6640000343322754,1.6440000534057617,1.5240000486373901,1.5240000486373901,1.503999948501587,1.4980000257492065,1.4859999418258667,inf,inf,inf,inf,inf,1.4040000438690186,1.4040000438690186,1.4040000438690186,1.4040000438690186,1.4040000438690186,1.3899999856948853,...,0.0,0.0,0.0,0.0,0.0,0.0,0.0,0.0,0.0,0.0,0.0,0.0,47.0,47.0,47.0,47.0,47.0,47.0,47.0,47.0,47.0,47.0,47.0,47.0,47.0,47.0,47.0,47.0,47.0,47.0,47.0,0.0,0.0,0.0,0.0,0.0,0.0,0.0,0.0,0.0,0.0,0.0,0.0,0.0,0.0,0.0,0.0,0.0,0.0,0.0,0.0,0.0,0.0,0.0,0.0,0.0,0.0,0.0,0.0,0.0,0.0,0.0,0.0,0.0,0.0,0.0,0.0,0.0,0.0,0.0,0.0,0.0,0.0,0.0,0.0,0.0,0.0,0.0,0.0,0.0,0.0,0.0,0.0,0.0,0.0,0.0,0.0,0.0,0.0,0.0,0.0,0.0,0.0,0.0,0.0,0.0,0.0,0.0,0.0,0.0,0.0,0.0,0.0,0.0,0.0,0.0,0.0,0.0,0.0,0.0,0.0,0.0,0.0,0.0,0.0,0.0,0.0,0.0,0.0,0.0,0.0,0.0,0.0,47.0,47.0,47.0,47.0,47.0,...
1763031039,781263386,laser,-3.1241390705108643,3.1415927410125732,0.0034828970674425364,5.727551251766272e-05,0.10303864628076553,0.15000000596046448,16.0,4.599999904632568,4.584000110626221,4.584000110626221,4.584000110626221,4.584000110626221,4.576000213623047,4.567999839782715,4.584000110626221,4.5920000076293945,4.5920000076293945,4.599999904632568,4.599999904632568,4.5920000076293945,4.5920000076293945,4.584000110626221,4.5920000076293945,4.5920000076293945,4.5920000076293945,4.5920000076293945,4.584000110626221,4.584000110626221,4.584000110626221,4.5920000076293945,4.599999904632568,4.599999904632568,4.5920000076293945,4.599999904632568,4.599999904632568,4.599999904632568,4.599999904632568,4.599999904632568,4.5920000076293945,4.584000110626221,4.576000213623047,4.584000110626221,4.5920000076293945,4.599999904632568,4.599999904632568,4.599999904632568,inf,inf,inf,inf,inf,inf,inf,inf,inf,inf,inf,inf,inf,3.803999900817871,3.803999900817871,3.803999900817871,3.803999900817871,3.803999900817871,3.752000093460083,3.752000093460083,3.74399995803833,3.7360000610351562,3.7360000610351562,3.7360000610351562,3.74399995803833,3.752000093460083,3.752000093460083,2.888000011444092,2.888000011444092,2.888000011444092,2.888000011444092,2.8320000171661377,2.7839999198913574,2.7320001125335693,2.6600000858306885,2.611999988555908,2.611999988555908,2.563999891281128,2.507999897003174,2.4639999866485596,2.4119999408721924,2.364000082015991,2.328000068664551,2.308000087738037,2.184000015258789,2.184000015258789,2.184000015258789,2.131999969482422,2.1040000915527344,2.1040000915527344,2.0799999237060547,2.052000045776367,2.0179998874664307,1.9839999675750732,1.9600000381469727,1.940000057220459,1.9279999732971191,1.9199999570846558,1.9079999923706055,1.8960000276565552,1.8960000276565552,1.8760000467300415,1.850000023841858,1.8300000429153442,1.805999994277954,1.7799999713897705,1.7580000162124634,1.7359999418258667,1.715999960899353,1.7000000476837158,1.6799999475479126,1.6579999923706055,1.6579999923706055,1.4980000257492065,1.4980000257492065,1.4980000257492065,1.4980000257492065,1.4859999418258667,1.4759999513626099,inf,inf,1.4079999923706055,1.4079999923706055,1.4079999923706055,1.4079999923706055,1.4079999923706055,1.399999976158142,1.399999976158142,1.399999976158142,...,0.0,0.0,0.0,0.0,0.0,0.0,0.0,0.0,0.0,0.0,0.0,0.0,47.0,47.0,47.0,47.0,47.0,47.0,47.0,47.0,47.0,47.0,47.0,47.0,47.0,47.0,47.0,47.0,47.0,47.0,47.0,0.0,0.0,0.0,0.0,0.0,0.0,0.0,0.0,0.0,0.0,0.0,0.0,0.0,0.0,0.0,0.0,0.0,0.0,0.0,0.0,0.0,0.0,0.0,0.0,0.0,0.0,0.0,0.0,0.0,0.0,0.0,0.0,0.0,0.0,0.0,0.0,0.0,0.0,0.0,0.0,0.0,0.0,0.0,0.0,0.0,0.0,0.0,0.0,0.0,0.0,0.0,0.0,0.0,0.0,0.0,0.0,0.0,0.0,0.0,0.0,0.0,0.0,0.0,0.0,0.0,0.0,0.0,0.0,0.0,0.0,0.0,0.0,0.0,0.0,47.0,47.0,47.0,47.0,47.0,0.0,0.0,0.0,0.0,0.0,0.0,0.0,0.0,0.0,0.0,0.0,0.0,0.0,47.0,47.0,47.0,47.0,47.0,...
1763031039,886120748,laser,-3.1241390705108643,3.1415927410125732,0.0034828970674425364,5.3613366617355496e-05,0.09645044803619385,0.15000000596046448,16.0,4.616000175476074,4.616000175476074,4.616000175476074,4.5920000076293945,4.576000213623047,4.567999839782715,4.567999839782715,4.584000110626221,4.5920000076293945,4.5920000076293945,4.5920000076293945,4.5920000076293945,4.599999904632568,4.5920000076293945,4.584000110626221,4.5920000076293945,4.5920000076293945,4.5920000076293945,4.5920000076293945,4.5920000076293945,4.584000110626221,4.584000110626221,4.5920000076293945,4.5920000076293945,4.599999904632568,4.599999904632568,4.599999904632568,4.599999904632568,4.5920000076293945,4.599999904632568,4.599999904632568,4.5920000076293945,4.576000213623047,4.576000213623047,4.576000213623047,4.5920000076293945,4.607999801635742,4.599999904632568,4.584000110626221,inf,inf,inf,inf,inf,inf,inf,inf,inf,inf,inf,inf,inf,inf,3.75600004196167,3.75600004196167,3.75600004196167,3.75600004196167,3.75600004196167,3.7360000610351562,3.7360000610351562,3.7320001125335693,3.7360000610351562,3.74399995803833,3.747999906539917,3.747999906539917,3.747999906539917,2.9240000247955322,2.859999895095825,2.859999895095825,2.859999895095825,2.859999895095825,2.7960000038146973,2.7320001125335693,2.6760001182556152,2.628000020980835,2.568000078201294,2.507999897003174,2.4719998836517334,2.4200000762939453,2.368000030517578,2.3359999656677246,2.3359999656677246,2.2960000038146973,2.24399995803833,2.2160000801086426,2.191999912261963,2.1440000534057617,2.1040000915527344,2.0799999237060547,2.052000045776367,2.0160000324249268,1.9980000257492065,1.9880000352859497,1.968000054359436,1.9539999961853027,1.9539999961853027,1.944000005722046,1.9279999732971191,1.9079999923706055,1.8860000371932983,1.8600000143051147,1.8380000591278076,1.8140000104904175,1.7920000553131104,1.7660000324249268,1.7660000324249268,1.7259999513626099,1.7259999513626099,1.7039999961853027,1.684000015258789,1.6619999408721924,1.6419999599456787,1.5180000066757202,1.50600004196167,1.50600004196167,1.496000051498413,1.4839999675750732,inf,inf,inf,inf,1.4019999504089355,1.4019999504089355,1.4019999504089355,1.4019999504089355,1.4019999504089355,1.3860000371932983,1.3860000371932983,...,0.0,0.0,0.0,0.0,0.0,0.0,0.0,0.0,0.0,0.0,0.0,0.0,0.0,47.0,47.0,47.0,47.0,47.0,47.0,47.0,47.0,47.0,47.0,47.0,47.0,47.0,47.0,47.0,47.0,0.0,0.0,0.0,0.0,0.0,0.0,0.0,0.0,0.0,0.0,0.0,0.0,0.0,0.0,0.0,0.0,0.0,0.0,0.0,0.0,0.0,0.0,0.0,0.0,0.0,0.0,0.0,0.0,0.0,0.0,0.0,0.0,0.0,0.0,0.0,0.0,0.0,0.0,0.0,0.0,0.0,47.0,47.0,47.0,47.0,47.0,0.0,0.0,0.0,0.0,0.0,0.0,0.0,0.0,0.0,0.0,0.0,0.0,0.0,0.0,0.0,47.0,47.0,47.0,47.0,47.0,0.0,0.0,0.0,0.0,0.0,0.0,0.0,0.0,0.0,0.0,0.0,0.0,0.0,0.0,0.0,0.0,0.0,0.0,0.0,0.0,0.0,0.0,0.0,0.0,0.0,0.0,0.0,0.0,0.0,0.0,0.0,0.0,0.0,...
1763031039,984181095,laser,-3.1241390705108643,3.1415927410125732,0.0034828970674425364,5.71149357710965e-05,0.1027497723698616,0.15000000596046448,16.0,4.599999904632568,4.599999904632568,4.599999904632568,4.599999904632568,4.584000110626221,4.567999839782715,4.567999839782715,4.576000213623047,4.5920000076293945,4.5920000076293945,4.584000110626221,4.5920000076293945,4.5920000076293945,4.5920000076293945,4.584000110626221,4.5920000076293945,4.5920000076293945,4.5920000076293945,4.5920000076293945,4.5920000076293945,4.584000110626221,4.584000110626221,4.5920000076293945,4.5920000076293945,4.5920000076293945,4.5920000076293945,4.599999904632568,4.599999904632568,4.5920000076293945,4.5920000076293945,4.5920000076293945,4.5920000076293945,4.584000110626221,4.576000213623047,4.5920000076293945,4.5920000076293945,4.607999801635742,4.599999904632568,4.599999904632568,inf,inf,inf,inf,inf,inf,inf,inf,inf,inf,inf,inf,inf,3.9079999923706055,3.9079999923706055,3.9079999923706055,3.9079999923706055,3.9079999923706055,3.808000087738037,3.752000093460083,3.740000009536743,3.7360000610351562,3.7360000610351562,3.7360000610351562,3.74399995803833,3.747999906539917,3.752000093460083,2.880000114440918,2.880000114440918,2.880000114440918,2.880000114440918,2.828000068664551,2.7679998874664307,2.7160000801086426,2.6559998989105225,2.611999988555908,2.563999891281128,2.563999891281128,2.5,2.4079999923706055,2.4079999923706055,2.364000082015991,2.319999933242798,2.299999952316284,2.187999963760376,2.187999963760376,2.180000066757202,2.131999969482422,2.1040000915527344,2.0799999237060547,2.0799999237060547,2.0179998874664307,2.0179998874664307,1.9839999675750732,1.9559999704360962,1.9299999475479126,1.9160000085830688,1.9079999923706055,1.8960000276565552,1.8860000371932983,1.8700000047683716,1.843999981880188,1.843999981880188,1.8259999752044678,1.805999994277954,1.7799999713897705,1.75600004196167,1.7339999675750732,1.7139999866485596,1.7000000476837158,1.6799999475479126,1.6579999923706055,1.6239999532699585,1.5140000581741333,1.5140000581741333,1.4980000257492065,1.4859999418258667,1.4859999418258667,1.4800000190734863,inf,inf,inf,inf,inf,inf,1.399999976158142,1.399999976158142,1.399999976158142,1.399999976158142,...,47.0,47.0,47.0,47.0,47.0,0.0,0.0,0.0,0.0,0.0,0.0,0.0,0.0,47.0,47.0,47.0,47.0,47.0,47.0,47.0,47.0,47.0,47.0,47.0,47.0,47.0,47.0,47.0,0.0,0.0,0.0,0.0,0.0,0.0,0.0,0.0,0.0,0.0,0.0,0.0,0.0,0.0,0.0,0.0,0.0,0.0,0.0,0.0,0.0,0.0,0.0,0.0,0.0,0.0,0.0,0.0,0.0,0.0,0.0,0.0,0.0,0.0,0.0,0.0,0.0,0.0,0.0,0.0,0.0,0.0,0.0,0.0,0.0,0.0,0.0,0.0,0.0,0.0,0.0,0.0,0.0,0.0,0.0,0.0,0.0,0.0,0.0,0.0,0.0,47.0,47.0,47.0,47.0,47.0,0.0,0.0,0.0,0.0,0.0,0.0,0.0,0.0,0.0,0.0,0.0,0.0,0.0,0.0,0.0,0.0,0.0,0.0,0.0,0.0,0.0,0.0,0.0,0.0,0.0,0.0,0.0,0.0,0.0,0.0,0.0,0.0,0.0,0.0,...
1763031040,88466207,laser,-3.1241390705108643,3.1415927410125732,0.0034828970674425364,5.3785654017701745e-05,0.09676039218902588,0.15000000596046448,16.0,4.607999801635742,4.607999801635742,4.607999801635742,4.584000110626221,4.576000213623047,4.567999839782715,4.567999839782715,4.576000213623047,4.5920000076293945,4.5920000076293945,4.5920000076293945,4.599999904632568,4.5920000076293945,4.5920000076293945,4.5920000076293945,4.5920000076293945,4.5920000076293945,4.584000110626221,4.5920000076293945,4.5920000076293945,4.584000110626221,4.584000110626221,4.5920000076293945,4.5920000076293945,4.5920000076293945,4.5920000076293945,4.599999904632568,4.599999904632568,4.599999904632568,4.599999904632568,4.599999904632568,4.5920000076293945,4.584000110626221,4.584000110626221,4.584000110626221,4.5920000076293945,4.607999801635742,4.599999904632568,4.567999839782715,inf,inf,inf,inf,inf,inf,inf,inf,inf,inf,inf,3.98799991607666,3.98799991607666,3.98799991607666,3.98799991607666,3.98799991607666,3.74399995803833,3.74399995803833,3.74399995803833,3.740000009536743,3.740000009536743,3.740000009536743,3.740000009536743,3.74399995803833,3.747999906539917,3.747999906539917,3.752000093460083,2.884000062942505,2.884000062942505,2.828000068664551,2.828000068664551,2.828000068664551,2.828000068664551,2.7679998874664307,2.7039999961853027,2.6440000534057617,2.5999999046325684,2.5439999103546143,2.496000051498413,2.444000005722046,2.380000114440918,2.3359999656677246,2.2960000038146973,2.2799999713897705,2.247999906539917,2.247999906539917,2.1640000343322754,2.1640000343322754,2.119999885559082,2.0999999046325684,2.063999891281128,2.0280001163482666,2.0,1.9759999513626099,1.9459999799728394,1.909999966621399,1.8819999694824219,1.8739999532699585,1.8559999465942383,1.8559999465942383,1.840000033378601,1.8380000591278076,1.8240000009536743,1.812000036239624,1.7920000553131104,1.7680000066757202,1.7480000257492065,1.7300000190734863,1.7120000123977661,1.6920000314712524,1.6920000314712524,1.6660000085830688,1.6460000276565552,1.5099999904632568,1.5099999904632568,1.496000051498413,1.496000051498413,1.4819999933242798,inf,inf,inf,inf,inf,1.4040000438690186,1.4040000438690186,1.4040000438690186,1.4040000438690186,1.4040000438690186,1.3919999599456787,...,0.0,0.0,0.0,0.0,0.0,0.0,0.0,0.0,0.0,0.0,0.0,0.0,47.0,47.0,47.0,47.0,47.0,47.0,47.0,47.0,47.0,47.0,47.0,47.0,47.0,47.0,47.0,47.0,47.0,0.0,0.0,0.0,0.0,0.0,0.0,0.0,0.0,0.0,0.0,0.0,0.0,0.0,0.0,0.0,0.0,0.0,0.0,0.0,0.0,0.0,0.0,0.0,0.0,0.0,0.0,0.0,0.0,0.0,0.0,0.0,0.0,0.0,0.0,0.0,0.0,0.0,0.0,0.0,0.0,47.0,47.0,47.0,47.0,47.0,0.0,0.0,0.0,0.0,0.0,0.0,0.0,0.0,0.0,0.0,0.0,0.0,0.0,0.0,0.0,0.0,0.0,0.0,0.0,0.0,0.0,0.0,0.0,0.0,0.0,0.0,0.0,0.0,0.0,0.0,0.0,0.0,47.0,47.0,47.0,47.0,47.0,0.0,0.0,0.0,0.0,0.0,0.0,0.0,0.0,0.0,0.0,0.0,0.0,0.0,47.0,47.0,47.0,47.0,...
1763031040,186930121,laser,-3.1241390705108643,3.1415927410125732,0.0034828970674425364,5.70411175431218e-05,0.10261696577072144,0.15000000596046448,16.0,4.607999801635742,4.5920000076293945,4.5920000076293945,4.5920000076293945,4.576000213623047,4.567999839782715,4.567999839782715,4.576000213623047,4.5920000076293945,4.5920000076293945,4.5920000076293945,4.599999904632568,4.5920000076293945,4.5920000076293945,4.5920000076293945,4.5920000076293945,4.5920000076293945,4.584000110626221,4.5920000076293945,4.584000110626221,4.584000110626221,4.584000110626221,4.5920000076293945,4.5920000076293945,4.5920000076293945,4.5920000076293945,4.599999904632568,4.599999904632568,4.599999904632568,4.599999904632568,4.599999904632568,4.599999904632568,4.584000110626221,4.576000213623047,4.584000110626221,4.599999904632568,4.607999801635742,4.599999904632568,inf,inf,inf,inf,inf,inf,inf,inf,inf,inf,inf,inf,inf,inf,inf,3.812000036239624,3.812000036239624,3.812000036239624,3.812000036239624,3.812000036239624,3.759999990463257,3.747999906539917,3.740000009536743,3.7360000610351562,3.7360000610351562,3.74399995803833,3.752000093460083,3.752000093460083,2.884000062942505,2.884000062942505,2.828000068664551,2.828000068664551,2.828000068664551,2.7679998874664307,2.7079999446868896,2.6480000019073486,2.611999988555908,2.563999891281128,2.5,2.5,2.3959999084472656,2.359999895095825,2.359999895095825,2.312000036239624,2.2799999713897705,2.191999912261963,2.187999963760376,2.187999963760376,2.135999917984009,2.1040000915527344,2.0759999752044678,2.0399999618530273,2.002000093460083,2.002000093460083,1.9780000448226929,1.9479999542236328,1.909999966621399,1.8880000114440918,1.878000020980835,1.8660000562667847,1.8600000143051147,1.850000023841858,1.8380000591278076,1.8220000267028809,1.8220000267028809,1.8020000457763672,1.7799999713897705,1.75600004196167,1.7339999675750732,1.7139999866485596,1.7000000476837158,1.6779999732971191,1.656000018119812,1.5140000581741333,1.5140000581741333,1.4980000257492065,1.4980000257492065,1.4980000257492065,1.4859999418258667,1.4800000190734863,inf,inf,inf,inf,1.399999976158142,1.399999976158142,1.399999976158142,1.399999976158142,1.399999976158142,1.3880000114440918,...,0.0,0.0,0.0,0.0,0.0,0.0,0.0,0.0,0.0,0.0,0.0,0.0,47.0,47.0,47.0,47.0,47.0,47.0,47.0,47.0,47.0,47.0,47.0,47.0,47.0,47.0,47.0,47.0,47.0,47.0,47.0,0.0,0.0,0.0,0.0,0.0,0.0,0.0,0.0,0.0,0.0,0.0,0.0,0.0,0.0,0.0,0.0,0.0,0.0,0.0,0.0,0.0,0.0,0.0,0.0,0.0,0.0,0.0,0.0,0.0,0.0,0.0,0.0,0.0,0.0,0.0,0.0,0.0,0.0,0.0,0.0,0.0,0.0,0.0,0.0,0.0,0.0,0.0,0.0,0.0,0.0,0.0,0.0,0.0,0.0,0.0,0.0,0.0,0.0,0.0,0.0,0.0,0.0,0.0,0.0,0.0,0.0,0.0,0.0,0.0,0.0,0.0,0.0,0.0,0.0,0.0,0.0,0.0,0.0,0.0,0.0,0.0,0.0,0.0,0.0,0.0,0.0,0.0,0.0,0.0,0.0,0.0,0.0,0.0,0.0,0.0,0.0,0.0,...
1763031040,290975242,laser,-3.1241390705108643,3.1415927410125732,0.0034828970674425364,5.384844189393334e-05,0.09687334299087524,0.15000000596046448,16.0,4.607999801635742,4.5920000076293945,4.5920000076293945,4.5920000076293945,4.576000213623047,4.567999839782715,4.567999839782715,4.584000110626221,4.5920000076293945,4.5920000076293945,4.584000110626221,4.5920000076293945,4.5920000076293945,4.5920000076293945,4.584000110626221,4.584000110626221,4.584000110626221,4.584000110626221,4.5920000076293945,4.5920000076293945,4.584000110626221,4.584000110626221,4.5920000076293945,4.599999904632568,4.5920000076293945,4.5920000076293945,4.599999904632568,4.599999904632568,4.5920000076293945,4.599999904632568,4.599999904632568,4.584000110626221,4.576000213623047,4.576000213623047,4.576000213623047,4.5920000076293945,4.607999801635742,4.599999904632568,4.5920000076293945,inf,inf,inf,inf,inf,inf,inf,inf,inf,inf,inf,3.868000030517578,3.868000030517578,3.868000030517578,3.868000030517578,3.868000030517578,3.7839999198913574,3.7839999198913574,3.7839999198913574,3.7839999198913574,3.74399995803833,3.7360000610351562,3.7360000610351562,3.74399995803833,3.747999906539917,3.747999906539917,3.747999906539917,3.747999906539917,2.927999973297119,2.927999973297119,2.868000030517578,2.868000030517578,2.799999952316284,2.7320001125335693,2.671999931335449,2.628000020980835,2.563999891281128,2.503999948501587,2.4679999351501465,2.4159998893737793,2.364000082015991,2.364000082015991,2.3359999656677246,2.299999952316284,2.240000009536743,2.2079999446868896,2.191999912261963,2.140000104904175,2.1040000915527344,2.0759999752044678,2.0460000038146973,2.01200008392334,1.9880000352859497,1.968000054359436,1.968000054359436,1.940000057220459,1.9179999828338623,1.9079999923706055,1.9019999504089355,1.8899999856948853,1.871999979019165,1.8519999980926514,1.8300000429153442,1.8079999685287476,1.784000039100647,1.784000039100647,1.7580000162124634,1.7419999837875366,1.722000002861023,1.7000000476837158,1.6820000410079956,1.6619999408721924,1.6399999856948853,1.5180000066757202,1.5180000066757202,1.50600004196167,1.4900000095367432,1.4800000190734863,inf,inf,inf,inf,inf,1.399999976158142,1.399999976158142,1.399999976158142,1.399999976158142,1.399999976158142,1.3880000114440918,...,0.0,0.0,0.0,0.0,0.0,0.0,0.0,0.0,0.0,0.0,0.0,0.0,0.0,47.0,47.0,47.0,47.0,47.0,47.0,47.0,47.0,47.0,47.0,47.0,47.0,47.0,47.0,47.0,0.0,0.0,0.0,0.0,0.0,0.0,0.0,0.0,0.0,0.0,0.0,0.0,0.0,0.0,0.0,0.0,0.0,0.0,0.0,0.0,0.0,0.0,0.0,0.0,0.0,0.0,0.0,0.0,0.0,0.0,0.0,0.0,0.0,0.0,0.0,0.0,0.0,0.0,0.0,0.0,0.0,0.0,0.0,0.0,0.0,0.0,0.0,0.0,0.0,0.0,0.0,0.0,0.0,0.0,0.0,0.0,0.0,0.0,0.0,0.0,0.0,47.0,47.0,47.0,47.0,47.0,0.0,0.0,0.0,0.0,0.0,0.0,0.0,0.0,0.0,0.0,0.0,0.0,0.0,0.0,0.0,0.0,0.0,0.0,0.0,0.0,0.0,0.0,0.0,0.0,0.0,0.0,0.0,0.0,0.0,0.0,0.0,0.0,0.0,0.0,...
1763031040,389256516,laser,-3.1241390705108643,3.1415927410125732,0.0034828970674425364,5.7269498938694596e-05,0.1030278280377388,0.15000000596046448,16.0,4.624000072479248,4.599999904632568,4.599999904632568,4.5920000076293945,4.5920000076293945,4.576000213623047,4.567999839782715,4.584000110626221,4.5920000076293945,4.5920000076293945,4.5920000076293945,4.5920000076293945,4.5920000076293945,4.5920000076293945,4.584000110626221,4.5920000076293945,4.5920000076293945,4.584000110626221,4.584000110626221,4.584000110626221,4.584000110626221,4.584000110626221,4.5920000076293945,4.599999904632568,4.599999904632568,4.5920000076293945,4.5920000076293945,4.5920000076293945,4.5920000076293945,4.5920000076293945,4.599999904632568,4.5920000076293945,4.576000213623047,4.576000213623047,4.584000110626221,4.5920000076293945,4.599999904632568,4.599999904632568,4.599999904632568,inf,inf,inf,inf,inf,inf,inf,inf,inf,inf,inf,inf,inf,3.8959999084472656,3.8959999084472656,3.8959999084472656,3.8959999084472656,3.8959999084472656,3.812000036239624,3.75600004196167,3.74399995803833,3.74399995803833,3.740000009536743,3.740000009536743,3.747999906539917,3.747999906539917,3.752000093460083,2.884000062942505,2.884000062942505,2.884000062942505,2.884000062942505,2.8359999656677246,2.7720000743865967,2.7720000743865967,2.640000104904175,2.5999999046325684,2.5999999046325684,2.5399999618530273,2.4800000190734863,2.431999921798706,2.380000114440918,2.3359999656677246,2.299999952316284,2.2799999713897705,2.252000093460083,2.191999912261963,2.1559998989105225,2.1559998989105225,2.124000072479248,2.0880000591278076,2.059999942779541,2.0360000133514404,2.009999990463257,1.9900000095367432,1.965999960899353,1.9539999961853027,1.940000057220459,1.940000057220459,1.9240000247955322,1.9079999923706055,1.8860000371932983,1.8660000562667847,1.843999981880188,1.8240000009536743,1.7979999780654907,1.7719999551773071,1.75,1.7300000190734863,1.7100000381469727,1.7100000381469727,1.687999963760376,1.6640000343322754,1.6460000276565552,1.5240000486373901,1.50600004196167,1.50600004196167,1.4980000257492065,1.4859999418258667,inf,inf,inf,inf,1.4040000438690186,1.4040000438690186,1.4040000438690186,1.4040000438690186,1.4040000438690186,1.3919999599456787,1.3919999599456787,...,0.0,0.0,0.0,0.0,0.0,0.0,0.0,0.0,0.0,0.0,0.0,0.0,47.0,47.0,47.0,47.0,47.0,47.0,47.0,47.0,47.0,47.0,47.0,47.0,47.0,47.0,47.0,47.0,47.0,47.0,47.0,0.0,0.0,0.0,0.0,0.0,0.0,0.0,0.0,0.0,0.0,0.0,0.0,0.0,0.0,0.0,0.0,0.0,0.0,0.0,0.0,0.0,0.0,0.0,0.0,0.0,0.0,0.0,0.0,0.0,0.0,0.0,0.0,0.0,0.0,0.0,0.0,0.0,0.0,0.0,0.0,47.0,47.0,47.0,47.0,47.0,0.0,0.0,0.0,0.0,0.0,0.0,0.0,0.0,0.0,0.0,0.0,0.0,0.0,0.0,0.0,0.0,0.0,0.0,0.0,0.0,0.0,0.0,0.0,0.0,0.0,0.0,0.0,0.0,0.0,47.0,47.0,47.0,47.0,47.0,0.0,0.0,0.0,0.0,0.0,0.0,0.0,0.0,0.0,0.0,0.0,0.0,0.0,47.0,47.0,47.0,47.0,47.0,...
1763031040,493926841,laser,-3.1241390705108643,3.1415927410125732,0.0034828970674425364,5.373109524953179e-05,0.096662238240242,0.15000000596046448,16.0,4.624000072479248,4.624000072479248,4.624000072479248,4.5920000076293945,4.576000213623047,4.567999839782715,4.576000213623047,4.584000110626221,4.584000110626221,4.5920000076293945,4.5920000076293945,4.5920000076293945,4.5920000076293945,4.5920000076293945,4.584000110626221,4.584000110626221,4.584000110626221,4.584000110626221,4.5920000076293945,4.5920000076293945,4.584000110626221,4.584000110626221,4.5920000076293945,4.599999904632568,4.599999904632568,4.599999904632568,4.599999904632568,4.599999904632568,4.5920000076293945,4.599999904632568,4.599999904632568,4.5920000076293945,4.584000110626221,4.584000110626221,4.584000110626221,4.599999904632568,4.607999801635742,4.599999904632568,4.559999942779541,inf,inf,inf,inf,inf,inf,inf,inf,inf,inf,inf,inf,inf,inf,3.880000114440918,3.880000114440918,3.880000114440918,3.880000114440918,3.880000114440918,3.7880001068115234,3.74399995803833,3.740000009536743,3.74399995803833,3.74399995803833,3.747999906539917,3.747999906539917,3.747999906539917,2.931999921798706,2.871999979019165,2.871999979019165,2.871999979019165,2.871999979019165,2.803999900817871,2.7320001125335693,2.6760001182556152,2.628000020980835,2.572000026702881,2.5239999294281006,2.4040000438690186,2.4040000438690186,2.368000030517578,2.368000030517578,2.3359999656677246,2.299999952316284,2.240000009536743,2.2079999446868896,2.191999912261963,2.140000104904175,2.1040000915527344,2.0799999237060547,2.0480000972747803,2.01200008392334,1.9839999675750732,1.9839999675750732,1.9600000381469727,1.9320000410079956,1.9079999923706055,1.8880000114440918,1.871999979019165,1.8639999628067017,1.8519999980926514,1.8420000076293945,1.8259999752044678,1.8259999752044678,1.8040000200271606,1.781999945640564,1.7580000162124634,1.7380000352859497,1.718000054359436,1.7039999961853027,1.6859999895095825,1.6619999408721924,1.6380000114440918,1.5219999551773071,1.5019999742507935,1.5019999742507935,1.4880000352859497,1.4880000352859497,1.4819999933242798,inf,inf,inf,inf,1.4140000343322754,1.4140000343322754,1.4140000343322754,1.4140000343322754,1.4140000343322754,1.4019999504089355,...,0.0,0.0,0.0,0.0,0.0,0.0,0.0,0.0,0.0,0.0,0.0,0.0,0.0,47.0,47.0,47.0,47.0,47.0,47.0,47.0,47.0,47.0,47.0,47.0,47.0,47.0,47.0,47.0,47.0,0.0,0.0,0.0,0.0,0.0,0.0,0.0,0.0,0.0,0.0,0.0,0.0,0.0,0.0,0.0,0.0,0.0,0.0,0.0,0.0,0.0,0.0,0.0,0.0,0.0,0.0,0.0,0.0,0.0,0.0,0.0,0.0,0.0,0.0,0.0,0.0,0.0,0.0,0.0,0.0,0.0,0.0,0.0,0.0,0.0,0.0,0.0,0.0,0.0,0.0,0.0,0.0,0.0,0.0,0.0,0.0,0.0,0.0,0.0,0.0,0.0,0.0,0.0,0.0,0.0,0.0,0.0,0.0,0.0,0.0,0.0,0.0,0.0,0.0,0.0,0.0,0.0,0.0,0.0,0.0,0.0,0.0,0.0,0.0,0.0,0.0,0.0,0.0,0.0,0.0,0.0,0.0,0.0,0.0,0.0,0.0,47.0,47.0,47.0,...
1763031040,592281544,laser,-3.1241390705108643,3.1415927410125732,0.0034828970674425364,5.7073761126957834e-05,0.10267569124698639,0.15000000596046448,16.0,4.607999801635742,4.607999801635742,4.607999801635742,4.5920000076293945,4.576000213623047,4.576000213623047,4.576000213623047,4.584000110626221,4.5920000076293945,4.5920000076293945,4.5920000076293945,4.5920000076293945,4.5920000076293945,4.5920000076293945,4.5920000076293945,4.5920000076293945,4.5920000076293945,4.584000110626221,4.584000110626221,4.584000110626221,4.584000110626221,4.584000110626221,4.584000110626221,4.599999904632568,4.599999904632568,4.5920000076293945,4.599999904632568,4.599999904632568,4.5920000076293945,4.599999904632568,4.599999904632568,4.599999904632568,4.584000110626221,4.576000213623047,4.584000110626221,4.5920000076293945,4.599999904632568,4.599999904632568,4.599999904632568,inf,inf,inf,inf,inf,inf,inf,inf,inf,inf,inf,inf,inf,3.815999984741211,3.815999984741211,3.815999984741211,3.815999984741211,3.815999984741211,3.75600004196167,3.75600004196167,3.74399995803833,3.740000009536743,3.7360000610351562,3.74399995803833,3.74399995803833,3.747999906539917,3.752000093460083,2.884000062942505,2.884000062942505,2.884000062942505,2.884000062942505,2.8359999656677246,2.7880001068115234,2.7239999771118164,2.6559998989105225,2.615999937057495,2.568000078201294,2.51200008392334,2.51200008392334,2.384000062942505,2.384000062942505,2.3519999980926514,2.319999933242798,2.2920000553131104,2.1760001182556152,2.1760001182556152,2.1760001182556152,2.135999917984009,2.1040000915527344,2.072000026702881,2.072000026702881,1.996000051498413,1.996000051498413,1.965999960899353,1.9420000314712524,1.9079999923706055,1.8819999694824219,1.8619999885559082,1.843999981880188,1.8339999914169312,1.8259999752044678,1.815999984741211,1.815999984741211,1.8040000200271606,1.7920000553131104,1.7760000228881836,1.75600004196167,1.7319999933242798,1.7139999866485596,1.6959999799728394,1.6720000505447388,1.656000018119812,1.656000018119812,1.5119999647140503,1.5119999647140503,1.5,1.5,1.4859999418258667,1.4759999513626099,inf,inf,inf,1.406000018119812,1.406000018119812,1.406000018119812,1.406000018119812,1.406000018119812,1.3960000276565552,1.3960000276565552,...,0.0,0.0,0.0,0.0,0.0,0.0,0.0,0.0,0.0,0.0,0.0,0.0,47.0,47.0,47.0,47.0,47.0,47.0,47.0,47.0,47.0,47.0,47.0,47.0,47.0,47.0,47.0,47.0,47.0,0.0,0.0,0.0,0.0,0.0,0.0,0.0,0.0,0.0,0.0,0.0,0.0,0.0,0.0,0.0,0.0,0.0,0.0,0.0,0.0,0.0,0.0,0.0,0.0,0.0,0.0,0.0,0.0,0.0,0.0,0.0,0.0,0.0,0.0,0.0,0.0,0.0,0.0,0.0,0.0,0.0,0.0,0.0,0.0,0.0,0.0,0.0,0.0,0.0,0.0,0.0,0.0,0.0,0.0,0.0,0.0,0.0,0.0,0.0,0.0,0.0,47.0,47.0,47.0,47.0,47.0,0.0,0.0,0.0,0.0,0.0,0.0,0.0,0.0,0.0,0.0,0.0,0.0,0.0,0.0,0.0,0.0,0.0,0.0,0.0,0.0,0.0,0.0,0.0,0.0,0.0,0.0,0.0,0.0,0.0,0.0,0.0,0.0,0.0,...
1763031040,696647520,laser,-3.1241390705108643,3.1415927410125732,0.0034828970674425364,5.3671035857405514e-05,0.09655419737100601,0.15000000596046448,16.0,4.607999801635742,4.607999801635742,4.607999801635742,4.5920000076293945,4.584000110626221,4.567999839782715,4.567999839782715,4.576000213623047,4.5920000076293945,4.5920000076293945,4.5920000076293945,4.5920000076293945,4.599999904632568,4.5920000076293945,4.584000110626221,4.5920000076293945,4.5920000076293945,4.5920000076293945,4.5920000076293945,4.5920000076293945,4.584000110626221,4.584000110626221,4.5920000076293945,4.599999904632568,4.599999904632568,4.599999904632568,4.599999904632568,4.599999904632568,4.5920000076293945,4.5920000076293945,4.5920000076293945,4.584000110626221,4.576000213623047,4.576000213623047,4.599999904632568,4.599999904632568,4.607999801635742,4.599999904632568,4.5920000076293945,inf,inf,inf,inf,inf,inf,inf,inf,inf,inf,inf,inf,inf,inf,3.759999990463257,3.759999990463257,3.759999990463257,3.759999990463257,3.759999990463257,3.740000009536743,3.740000009536743,3.7320001125335693,3.7360000610351562,3.74399995803833,3.74399995803833,3.747999906539917,3.752000093460083,2.9119999408721924,2.9119999408721924,2.8480000495910645,2.8480000495910645,2.8480000495910645,2.7960000038146973,2.7320001125335693,2.6640000343322754,2.615999937057495,2.568000078201294,2.507999897003174,2.507999897003174,2.4079999923706055,2.364000082015991,2.364000082015991,2.3320000171661377,2.303999900817871,2.191999912261963,2.184000015258789,2.184000015258789,2.135999917984009,2.1040000915527344,2.0799999237060547,2.0439999103546143,2.00600004196167,2.00600004196167,1.9819999933242798,1.9520000219345093,1.9199999570846558,1.9019999504089355,1.8899999856948853,1.8819999694824219,1.8760000467300415,1.8619999885559082,1.8459999561309814,1.8300000429153442,1.8300000429153442,1.809999942779541,1.781999945640564,1.7580000162124634,1.7359999418258667,1.7139999866485596,1.7000000476837158,1.6820000410079956,1.659999966621399,1.6260000467300415,1.5160000324249268,1.5019999742507935,1.5019999742507935,1.4859999418258667,1.4859999418258667,1.4759999513626099,inf,inf,inf,inf,1.399999976158142,1.399999976158142,1.399999976158142,1.399999976158142,1.399999976158142,1.3860000371932983,...,0.0,0.0,0.0,0.0,0.0,0.0,0.0,0.0,0.0,0.0,0.0,0.0,0.0,47.0,47.0,47.0,47.0,47.0,47.0,47.0,47.0,47.0,47.0,47.0,47.0,47.0,47.0,47.0,47.0,0.0,0.0,0.0,0.0,0.0,0.0,0.0,0.0,0.0,0.0,0.0,0.0,0.0,0.0,0.0,0.0,0.0,0.0,0.0,0.0,0.0,0.0,0.0,0.0,0.0,0.0,0.0,0.0,0.0,0.0,0.0,0.0,0.0,0.0,0.0,0.0,0.0,0.0,0.0,0.0,0.0,0.0,0.0,0.0,0.0,0.0,0.0,0.0,0.0,0.0,0.0,0.0,0.0,0.0,0.0,0.0,0.0,0.0,0.0,0.0,0.0,0.0,0.0,0.0,0.0,0.0,0.0,0.0,0.0,0.0,0.0,0.0,0.0,0.0,0.0,0.0,0.0,0.0,47.0,47.0,47.0,47.0,47.0,0.0,0.0,0.0,0.0,0.0,0.0,0.0,0.0,0.0,0.0,0.0,0.0,0.0,0.0,47.0,47.0,...
1763031040,794718689,laser,-3.1241390705108643,3.1415927410125732,0.0034828970674425364,5.715537554351613e-05,0.10282251983880997,0.15000000596046448,16.0,4.5920000076293945,4.5920000076293945,4.5920000076293945,4.5920000076293945,4.584000110626221,4.576000213623047,4.567999839782715,4.576000213623047,4.5920000076293945,4.584000110626221,4.5920000076293945,4.5920000076293945,4.5920000076293945,4.5920000076293945,4.584000110626221,4.5920000076293945,4.5920000076293945,4.5920000076293945,4.5920000076293945,4.584000110626221,4.584000110626221,4.584000110626221,4.5920000076293945,4.599999904632568,4.599999904632568,4.599999904632568,4.599999904632568,4.5920000076293945,4.5920000076293945,4.5920000076293945,4.599999904632568,4.5920000076293945,4.576000213623047,4.584000110626221,4.599999904632568,4.607999801635742,4.607999801635742,4.599999904632568,4.599999904632568,inf,inf,inf,inf,inf,inf,inf,inf,inf,inf,inf,inf,3.884000062942505,3.884000062942505,3.884000062942505,3.884000062942505,3.884000062942505,3.7920000553131104,3.7920000553131104,3.7920000553131104,3.74399995803833,3.740000009536743,3.7360000610351562,3.740000009536743,3.747999906539917,3.747999906539917,3.747999906539917,3.747999906539917,2.947999954223633,2.947999954223633,2.888000011444092,2.888000011444092,2.8320000171661377,2.7679998874664307,2.696000099182129,2.640000104904175,2.5959999561309814,2.5360000133514404,2.4800000190734863,2.440000057220459,2.3359999656677246,2.3359999656677246,2.2920000553131104,2.2920000553131104,2.2639999389648438,2.240000009536743,2.196000099182129,2.1679999828338623,2.124000072479248,2.0799999237060547,2.059999942779541,2.0360000133514404,2.0160000324249268,1.99399995803833,1.9700000286102295,1.9600000381469727,1.9600000381469727,1.9500000476837158,1.934000015258789,1.9119999408721924,1.8860000371932983,1.8639999628067017,1.843999981880188,1.8200000524520874,1.7940000295639038,1.7699999809265137,1.7699999809265137,1.7319999933242798,1.7319999933242798,1.7100000381469727,1.6859999895095825,1.6679999828338623,1.6480000019073486,1.5199999809265137,1.5199999809265137,1.5099999904632568,1.5,1.4859999418258667,inf,inf,inf,inf,inf,inf,1.406000018119812,1.406000018119812,1.406000018119812,1.406000018119812,1.406000018119812,...,47.0,47.0,47.0,47.0,47.0,0.0,0.0,0.0,0.0,0.0,0.0,0.0,47.0,47.0,47.0,47.0,47.0,47.0,47.0,47.0,47.0,47.0,47.0,47.0,47.0,47.0,47.0,47.0,0.0,0.0,0.0,0.0,0.0,0.0,0.0,0.0,0.0,0.0,0.0,0.0,0.0,0.0,0.0,0.0,0.0,0.0,0.0,0.0,0.0,0.0,0.0,0.0,0.0,0.0,0.0,0.0,0.0,0.0,0.0,0.0,0.0,0.0,0.0,0.0,0.0,0.0,0.0,0.0,0.0,0.0,0.0,0.0,0.0,0.0,0.0,0.0,0.0,0.0,0.0,0.0,0.0,0.0,0.0,0.0,0.0,0.0,0.0,0.0,0.0,0.0,0.0,0.0,0.0,0.0,0.0,0.0,0.0,0.0,0.0,0.0,0.0,0.0,0.0,0.0,0.0,0.0,47.0,47.0,47.0,47.0,47.0,0.0,0.0,0.0,0.0,0.0,0.0,0.0,0.0,0.0,0.0,0.0,0.0,0.0,47.0,47.0,47.0,47.0,...
1763031040,899092252,laser,-3.1241390705108643,3.1415927410125732,0.0034828970674425364,5.373662133933976e-05,0.0966721773147583,0.15000000596046448,16.0,4.607999801635742,4.607999801635742,4.5920000076293945,4.5920000076293945,4.576000213623047,4.567999839782715,4.567999839782715,4.584000110626221,4.5920000076293945,4.5920000076293945,4.5920000076293945,4.599999904632568,4.5920000076293945,4.5920000076293945,4.5920000076293945,4.5920000076293945,4.5920000076293945,4.584000110626221,4.5920000076293945,4.5920000076293945,4.584000110626221,4.5920000076293945,4.5920000076293945,4.5920000076293945,4.5920000076293945,4.5920000076293945,4.599999904632568,4.599999904632568,4.599999904632568,4.599999904632568,4.599999904632568,4.599999904632568,4.584000110626221,4.576000213623047,4.584000110626221,4.599999904632568,4.607999801635742,4.599999904632568,inf,inf,inf,inf,inf,inf,inf,inf,inf,inf,inf,inf,3.859999895095825,3.859999895095825,3.859999895095825,3.859999895095825,3.859999895095825,3.7799999713897705,3.7799999713897705,3.7799999713897705,3.7799999713897705,3.740000009536743,3.7320001125335693,3.7360000610351562,3.74399995803833,3.747999906539917,3.752000093460083,3.752000093460083,2.931999921798706,2.931999921798706,2.868000030517578,2.868000030517578,2.868000030517578,2.7960000038146973,2.7279999256134033,2.6600000858306885,2.615999937057495,2.5759999752044678,2.5239999294281006,2.4760000705718994,2.4200000762939453,2.364000082015991,2.3359999656677246,2.3359999656677246,2.2920000553131104,2.2320001125335693,2.2079999446868896,2.187999963760376,2.140000104904175,2.1040000915527344,2.0799999237060547,2.058000087738037,2.0260000228881836,1.9980000257492065,1.9780000448226929,1.9780000448226929,1.9579999446868896,1.9459999799728394,1.9359999895095825,1.9220000505447388,1.9019999504089355,1.8799999952316284,1.8559999465942383,1.8359999656677246,1.812000036239624,1.784000039100647,1.784000039100647,1.7619999647140503,1.74399995803833,1.7200000286102295,1.7039999961853027,1.6859999895095825,1.6619999408721924,1.6360000371932983,1.5199999809265137,1.5199999809265137,1.5080000162124634,1.4919999837875366,1.465999960899353,inf,inf,1.4299999475479126,1.4299999475479126,1.4299999475479126,1.4299999475479126,1.4299999475479126,1.399999976158142,1.399999976158142,1.399999976158142,1.3860000371932983,...,0.0,0.0,0.0,0.0,0.0,0.0,0.0,0.0,0.0,0.0,0.0,0.0,47.0,47.0,47.0,47.0,47.0,47.0,47.0,47.0,47.0,47.0,47.0,47.0,47.0,47.0,47.0,47.0,47.0,47.0,0.0,0.0,0.0,0.0,0.0,0.0,0.0,0.0,0.0,0.0,0.0,0.0,0.0,0.0,0.0,0.0,0.0,0.0,0.0,0.0,0.0,0.0,0.0,0.0,0.0,0.0,0.0,0.0,0.0,0.0,0.0,0.0,0.0,0.0,0.0,0.0,0.0,0.0,0.0,0.0,0.0,0.0,0.0,0.0,0.0,0.0,0.0,0.0,0.0,0.0,0.0,0.0,0.0,0.0,0.0,0.0,0.0,0.0,0.0,0.0,0.0,47.0,47.0,47.0,47.0,47.0,0.0,0.0,0.0,0.0,0.0,0.0,0.0,0.0,0.0,0.0,0.0,0.0,0.0,0.0,0.0,0.0,0.0,0.0,0.0,0.0,0.0,0.0,0.0,0.0,0.0,0.0,0.0,0.0,0.0,0.0,0.0,0.0,...
1763031040,997274229,laser,-3.1241390705108643,3.1415927410125732,0.0034828970674425364,5.720911576645449e-05,0.10291919857263565,0.15000000596046448,16.0,4.607999801635742,4.599999904632568,4.599999904632568,4.584000110626221,4.584000110626221,4.576000213623047,4.567999839782715,4.584000110626221,4.5920000076293945,4.5920000076293945,4.5920000076293945,4.599999904632568,4.599999904632568,4.5920000076293945,4.584000110626221,4.5920000076293945,4.5920000076293945,4.5920000076293945,4.5920000076293945,4.584000110626221,4.584000110626221,4.584000110626221,4.5920000076293945,4.599999904632568,4.599999904632568,4.5920000076293945,4.5920000076293945,4.5920000076293945,4.5920000076293945,4.5920000076293945,4.599999904632568,4.5920000076293945,4.584000110626221,4.576000213623047,4.584000110626221,4.5920000076293945,4.599999904632568,4.599999904632568,4.599999904632568,inf,inf,inf,inf,inf,inf,inf,inf,inf,inf,inf,3.8919999599456787,3.8919999599456787,3.8919999599456787,3.8919999599456787,3.8919999599456787,3.803999900817871,3.803999900817871,3.803999900817871,3.803999900817871,3.74399995803833,3.740000009536743,3.740000009536743,3.740000009536743,3.747999906539917,3.747999906539917,3.752000093460083,3.752000093460083,2.888000011444092,2.8239998817443848,2.8239998817443848,2.8239998817443848,2.8239998817443848,2.75600004196167,2.700000047683716,2.6519999504089355,2.5999999046325684,2.5360000133514404,2.4760000705718994,2.440000057220459,2.3359999656677246,2.3359999656677246,2.2960000038146973,2.2960000038146973,2.2679998874664307,2.240000009536743,2.200000047683716,2.1559998989105225,2.111999988555908,2.0799999237060547,2.058000087738037,2.0320000648498535,2.003999948501587,1.9780000448226929,1.9459999799728394,1.9199999570846558,1.9199999570846558,1.906000018119812,1.8980000019073486,1.8860000371932983,1.8700000047683716,1.8539999723434448,1.8359999656677246,1.815999984741211,1.7940000295639038,1.7680000066757202,1.7680000066757202,1.7300000190734863,1.7300000190734863,1.7079999446868896,1.6859999895095825,1.6619999408721924,1.6440000534057617,1.5260000228881836,1.5260000228881836,1.50600004196167,1.49399995803833,1.4800000190734863,inf,inf,inf,inf,inf,1.4019999504089355,1.4019999504089355,1.4019999504089355,1.4019999504089355,1.4019999504089355,1.3880000114440918,...,0.0,0.0,0.0,0.0,0.0,0.0,0.0,0.0,0.0,0.0,0.0,0.0,47.0,47.0,47.0,47.0,47.0,47.0,47.0,47.0,47.0,47.0,47.0,47.0,47.0,47.0,47.0,47.0,47.0,47.0,47.0,0.0,0.0,0.0,0.0,0.0,0.0,0.0,0.0,0.0,0.0,0.0,0.0,0.0,0.0,0.0,0.0,0.0,0.0,0.0,0.0,0.0,0.0,0.0,0.0,0.0,0.0,0.0,0.0,0.0,0.0,0.0,0.0,0.0,0.0,0.0,0.0,0.0,0.0,0.0,0.0,47.0,47.0,47.0,47.0,47.0,0.0,0.0,0.0,0.0,0.0,0.0,0.0,0.0,0.0,0.0,0.0,0.0,0.0,0.0,0.0,0.0,0.0,0.0,0.0,0.0,0.0,0.0,0.0,0.0,0.0,0.0,0.0,0.0,0.0,0.0,0.0,0.0,0.0,0.0,0.0,0.0,0.0,0.0,0.0,0.0,0.0,0.0,0.0,0.0,0.0,0.0,0.0,0.0,0.0,0.0,0.0,0.0,...
1763031041,101401993,laser,-3.1241390705108643,3.1415927410125732,0.0034828970674425364,5.39783613930922e-05,0.09710707515478134,0.15000000596046448,16.0,4.607999801635742,4.5920000076293945,4.5920000076293945,4.5920000076293945,4.576000213623047,4.576000213623047,4.584000110626221,4.584000110626221,4.5920000076293945,4.5920000076293945,4.5920000076293945,4.5920000076293945,4.5920000076293945,4.5920000076293945,4.584000110626221,4.584000110626221,4.584000110626221,4.5920000076293945,4.5920000076293945,4.5920000076293945,4.584000110626221,4.5920000076293945,4.5920000076293945,4.599999904632568,4.599999904632568,4.5920000076293945,4.599999904632568,4.599999904632568,4.599999904632568,4.599999904632568,4.599999904632568,4.584000110626221,4.584000110626221,4.584000110626221,4.584000110626221,4.599999904632568,4.607999801635742,4.599999904632568,4.584000110626221,inf,inf,inf,inf,inf,inf,inf,inf,inf,inf,inf,inf,3.808000087738037,3.808000087738037,3.808000087738037,3.808000087738037,3.808000087738037,3.752000093460083,3.752000093460083,3.752000093460083,3.740000009536743,3.740000009536743,3.740000009536743,3.7360000610351562,3.74399995803833,3.747999906539917,3.752000093460083,2.884000062942505,2.884000062942505,2.884000062942505,2.8239998817443848,2.8239998817443848,2.75600004196167,2.700000047683716,2.6519999504089355,2.5999999046325684,2.5999999046325684,2.5480000972747803,2.5,2.447999954223633,2.384000062942505,2.3359999656677246,2.303999900817871,2.2880001068115234,2.191999912261963,2.191999912261963,2.1640000343322754,2.119999885559082,2.119999885559082,2.0920000076293945,2.063999891281128,2.0320000648498535,1.9980000257492065,1.972000002861023,1.944000005722046,1.9079999923706055,1.8799999952316284,1.8639999628067017,1.843999981880188,1.8339999914169312,1.8320000171661377,1.8320000171661377,1.8200000524520874,1.8079999685287476,1.7920000553131104,1.7680000066757202,1.7480000257492065,1.7300000190734863,1.7100000381469727,1.6920000314712524,1.6679999828338623,1.6679999828338623,1.6440000534057617,1.6119999885559082,1.50600004196167,1.50600004196167,1.496000051498413,1.4819999933242798,inf,inf,inf,inf,inf,inf,1.4019999504089355,1.4019999504089355,1.4019999504089355,1.4019999504089355,1.4019999504089355,...,0.0,0.0,0.0,0.0,0.0,0.0,0.0,0.0,0.0,0.0,0.0,0.0,0.0,47.0,47.0,47.0,47.0,47.0,47.0,47.0,47.0,47.0,47.0,47.0,47.0,47.0,47.0,47.0,0.0,0.0,0.0,0.0,0.0,0.0,0.0,0.0,0.0,0.0,0.0,0.0,0.0,0.0,0.0,0.0,0.0,0.0,0.0,0.0,0.0,0.0,0.0,0.0,0.0,0.0,0.0,0.0,0.0,0.0,0.0,0.0,0.0,0.0,0.0,0.0,0.0,0.0,0.0,0.0,0.0,0.0,0.0,0.0,0.0,0.0,0.0,0.0,0.0,0.0,0.0,0.0,0.0,0.0,0.0,0.0,0.0,0.0,0.0,0.0,0.0,0.0,0.0,0.0,0.0,0.0,0.0,0.0,0.0,0.0,0.0,0.0,0.0,0.0,0.0,0.0,0.0,0.0,0.0,0.0,0.0,0.0,0.0,0.0,0.0,0.0,0.0,0.0,0.0,0.0,0.0,0.0,0.0,0.0,0.0,0.0,47.0,47.0,47.0,47.0,...
1763031041,200032591,laser,-3.1241390705108643,3.1415927410125732,0.0034828970674425364,5.711959602194838e-05,0.10275815427303314,0.15000000596046448,16.0,4.607999801635742,4.607999801635742,4.599999904632568,4.599999904632568,4.584000110626221,4.576000213623047,4.567999839782715,4.584000110626221,4.5920000076293945,4.5920000076293945,4.5920000076293945,4.5920000076293945,4.599999904632568,4.5920000076293945,4.584000110626221,4.5920000076293945,4.599999904632568,4.599999904632568,4.5920000076293945,4.5920000076293945,4.584000110626221,4.5920000076293945,4.5920000076293945,4.599999904632568,4.599999904632568,4.599999904632568,4.599999904632568,4.599999904632568,4.5920000076293945,4.5920000076293945,4.599999904632568,4.584000110626221,4.576000213623047,4.576000213623047,4.576000213623047,4.599999904632568,4.607999801635742,4.599999904632568,4.584000110626221,inf,inf,inf,inf,inf,inf,inf,inf,inf,inf,inf,inf,inf,inf,3.799999952316284,3.799999952316284,3.799999952316284,3.799999952316284,3.799999952316284,3.747999906539917,3.747999906539917,3.74399995803833,3.740000009536743,3.740000009536743,3.747999906539917,3.747999906539917,3.747999906539917,3.752000093460083,2.884000062942505,2.884000062942505,2.884000062942505,2.884000062942505,2.74399995803833,2.74399995803833,2.700000047683716,2.6480000019073486,2.5880000591278076,2.5360000133514404,2.496000051498413,2.444000005722046,2.384000062942505,2.3359999656677246,2.2960000038146973,2.2960000038146973,2.2639999389648438,2.2360000610351562,2.200000047683716,2.1519999504089355,2.1080000400543213,2.0880000591278076,2.063999891281128,2.0280001163482666,2.002000093460083,1.968000054359436,1.940000057220459,1.940000057220459,1.9259999990463257,1.9079999923706055,1.9040000438690186,1.8980000019073486,1.8760000467300415,1.8559999465942383,1.8380000591278076,1.8179999589920044,1.7920000553131104,1.7920000553131104,1.7680000066757202,1.7480000257492065,1.7280000448226929,1.7079999446868896,1.690000057220459,1.6660000085830688,1.6440000534057617,1.5199999809265137,1.503999948501587,1.503999948501587,1.496000051498413,1.4839999675750732,inf,1.4299999475479126,1.4299999475479126,1.4299999475479126,1.4299999475479126,1.4299999475479126,1.4019999504089355,1.4019999504089355,1.4019999504089355,1.3899999856948853,1.3899999856948853,...,0.0,0.0,0.0,0.0,0.0,0.0,0.0,0.0,0.0,0.0,0.0,0.0,0.0,47.0,47.0,47.0,47.0,47.0,47.0,47.0,47.0,47.0,47.0,47.0,47.0,47.0,47.0,47.0,47.0,47.0,0.0,0.0,0.0,0.0,0.0,0.0,0.0,0.0,0.0,0.0,0.0,0.0,0.0,0.0,0.0,0.0,0.0,0.0,0.0,0.0,0.0,0.0,0.0,0.0,0.0,0.0,0.0,0.0,0.0,0.0,0.0,0.0,0.0,0.0,0.0,0.0,0.0,0.0,0.0,0.0,0.0,0.0,0.0,0.0,0.0,0.0,0.0,0.0,0.0,0.0,0.0,0.0,0.0,0.0,0.0,0.0,0.0,0.0,0.0,0.0,0.0,0.0,0.0,0.0,0.0,0.0,0.0,0.0,0.0,0.0,0.0,0.0,0.0,0.0,0.0,47.0,47.0,47.0,47.0,47.0,0.0,0.0,0.0,0.0,0.0,0.0,0.0,0.0,0.0,0.0,0.0,0.0,0.0,0.0,0.0,0.0,0.0,0.0,...
1763031041,303989314,laser,-3.1241390705108643,3.1415927410125732,0.0034828970674425364,5.401823727879673e-05,0.09717880934476852,0.15000000596046448,16.0,4.607999801635742,4.607999801635742,4.607999801635742,4.5920000076293945,4.576000213623047,4.576000213623047,4.576000213623047,4.576000213623047,4.584000110626221,4.5920000076293945,4.5920000076293945,4.5920000076293945,4.5920000076293945,4.5920000076293945,4.5920000076293945,4.584000110626221,4.584000110626221,4.5920000076293945,4.5920000076293945,4.5920000076293945,4.5920000076293945,4.5920000076293945,4.5920000076293945,4.5920000076293945,4.599999904632568,4.599999904632568,4.599999904632568,4.599999904632568,4.599999904632568,4.599999904632568,4.599999904632568,4.599999904632568,4.584000110626221,4.576000213623047,4.584000110626221,4.599999904632568,4.607999801635742,4.599999904632568,4.584000110626221,4.584000110626221,inf,inf,inf,inf,inf,inf,inf,inf,inf,inf,inf,inf,inf,3.871999979019165,3.871999979019165,3.871999979019165,3.871999979019165,3.871999979019165,3.7839999198913574,3.74399995803833,3.74399995803833,3.74399995803833,3.747999906539917,3.747999906539917,3.747999906539917,3.747999906539917,3.747999906539917,2.868000030517578,2.868000030517578,2.868000030517578,2.868000030517578,2.799999952316284,2.7320001125335693,2.6679999828338623,2.619999885559082,2.5759999752044678,2.5239999294281006,2.4839999675750732,2.431999921798706,2.371999979019165,2.3359999656677246,2.3359999656677246,2.2920000553131104,2.2079999446868896,2.2079999446868896,2.196000099182129,2.1480000019073486,2.1080000400543213,2.0799999237060547,2.052000045776367,2.0239999294281006,1.996000051498413,1.9759999513626099,1.9539999961853027,1.9539999961853027,1.944000005722046,1.9320000410079956,1.9160000085830688,1.9040000438690186,1.8819999694824219,1.8559999465942383,1.8359999656677246,1.8140000104904175,1.7860000133514404,1.7860000133514404,1.7640000581741333,1.746000051498413,1.7239999771118164,1.7039999961853027,1.6820000410079956,1.6619999408721924,1.6360000371932983,1.5140000581741333,1.503999948501587,1.503999948501587,1.4919999837875366,1.4800000190734863,1.4800000190734863,1.4639999866485596,inf,inf,1.3960000276565552,1.3960000276565552,1.3960000276565552,1.3960000276565552,1.3960000276565552,1.3819999694824219,1.3819999694824219,...,0.0,0.0,0.0,0.0,0.0,0.0,0.0,0.0,0.0,0.0,0.0,0.0,0.0,47.0,47.0,47.0,47.0,47.0,47.0,47.0,47.0,47.0,47.0,47.0,47.0,47.0,47.0,47.0,47.0,0.0,0.0,0.0,0.0,0.0,0.0,0.0,0.0,0.0,0.0,0.0,0.0,0.0,0.0,0.0,0.0,0.0,0.0,0.0,0.0,0.0,0.0,0.0,0.0,0.0,0.0,0.0,0.0,0.0,0.0,0.0,0.0,0.0,0.0,0.0,0.0,0.0,0.0,0.0,0.0,0.0,0.0,0.0,0.0,0.0,0.0,0.0,0.0,0.0,0.0,0.0,0.0,0.0,0.0,0.0,0.0,0.0,0.0,0.0,0.0,0.0,0.0,0.0,0.0,0.0,0.0,0.0,0.0,0.0,0.0,0.0,0.0,0.0,0.0,0.0,0.0,0.0,0.0,47.0,47.0,47.0,47.0,47.0,0.0,0.0,0.0,0.0,0.0,0.0,0.0,0.0,0.0,0.0,0.0,0.0,0.0,0.0,47.0,47.0,...
1763031041,402695048,laser,-3.1241390705108643,3.1415927410125732,0.0034828970674425364,5.7144421589327976e-05,0.1028028130531311,0.15000000596046448,16.0,4.599999904632568,4.599999904632568,4.599999904632568,4.5920000076293945,4.576000213623047,4.576000213623047,4.576000213623047,4.584000110626221,4.599999904632568,4.5920000076293945,4.5920000076293945,4.599999904632568,4.599999904632568,4.5920000076293945,4.5920000076293945,4.5920000076293945,4.5920000076293945,4.5920000076293945,4.5920000076293945,4.584000110626221,4.584000110626221,4.5920000076293945,4.5920000076293945,4.599999904632568,4.599999904632568,4.5920000076293945,4.599999904632568,4.599999904632568,4.5920000076293945,4.599999904632568,4.599999904632568,4.5920000076293945,4.576000213623047,4.576000213623047,4.584000110626221,4.5920000076293945,4.599999904632568,4.599999904632568,4.599999904632568,inf,inf,inf,inf,inf,inf,inf,inf,inf,inf,inf,inf,inf,3.7639999389648438,3.7639999389648438,3.7639999389648438,3.7639999389648438,3.7639999389648438,3.747999906539917,3.747999906539917,3.747999906539917,3.7360000610351562,3.740000009536743,3.740000009536743,3.747999906539917,3.752000093460083,3.752000093460083,2.888000011444092,2.888000011444092,2.888000011444092,2.888000011444092,2.8359999656677246,2.7839999198913574,2.7279999256134033,2.6559998989105225,2.615999937057495,2.563999891281128,2.563999891281128,2.507999897003174,2.4560000896453857,2.4000000953674316,2.359999895095825,2.328000068664551,2.299999952316284,2.180000066757202,2.180000066757202,2.184000015258789,2.135999917984009,2.1080000400543213,2.1080000400543213,2.072000026702881,2.0399999618530273,2.009999990463257,1.9780000448226929,1.9459999799728394,1.909999966621399,1.8919999599456787,1.8880000114440918,1.878000020980835,1.8680000305175781,1.8600000143051147,1.8600000143051147,1.840000033378601,1.8220000267028809,1.7999999523162842,1.777999997138977,1.7580000162124634,1.7319999933242798,1.7120000123977661,1.6959999799728394,1.6740000247955322,1.6740000247955322,1.6540000438690186,1.496000051498413,1.496000051498413,1.496000051498413,1.496000051498413,1.4819999933242798,inf,inf,inf,inf,1.4019999504089355,1.4019999504089355,1.4019999504089355,1.4019999504089355,1.4019999504089355,1.3940000534057617,1.3940000534057617,...,0.0,0.0,0.0,0.0,0.0,0.0,0.0,0.0,0.0,0.0,0.0,0.0,47.0,47.0,47.0,47.0,47.0,47.0,47.0,47.0,47.0,47.0,47.0,47.0,47.0,47.0,47.0,47.0,47.0,0.0,0.0,0.0,0.0,0.0,0.0,0.0,0.0,0.0,0.0,0.0,0.0,0.0,0.0,0.0,0.0,0.0,0.0,0.0,0.0,0.0,0.0,0.0,0.0,0.0,0.0,0.0,0.0,0.0,0.0,0.0,0.0,0.0,0.0,0.0,0.0,0.0,0.0,0.0,0.0,0.0,0.0,0.0,0.0,0.0,0.0,0.0,0.0,0.0,0.0,0.0,0.0,0.0,0.0,0.0,0.0,0.0,0.0,0.0,0.0,0.0,47.0,47.0,47.0,47.0,47.0,0.0,0.0,0.0,0.0,0.0,0.0,0.0,0.0,0.0,0.0,0.0,0.0,0.0,0.0,0.0,0.0,0.0,0.0,0.0,0.0,0.0,0.0,0.0,0.0,0.0,0.0,0.0,0.0,0.0,0.0,0.0,0.0,0.0,...
1763031041,506751539,laser,-3.1241390705108643,3.1415927410125732,0.0034828970674425364,5.3949021094013005e-05,0.09705428779125214,0.15000000596046448,16.0,4.607999801635742,4.607999801635742,4.607999801635742,4.599999904632568,4.584000110626221,4.576000213623047,4.567999839782715,4.584000110626221,4.5920000076293945,4.5920000076293945,4.5920000076293945,4.5920000076293945,4.599999904632568,4.5920000076293945,4.584000110626221,4.5920000076293945,4.599999904632568,4.5920000076293945,4.5920000076293945,4.5920000076293945,4.584000110626221,4.5920000076293945,4.5920000076293945,4.599999904632568,4.599999904632568,4.599999904632568,4.599999904632568,4.599999904632568,4.599999904632568,4.599999904632568,4.599999904632568,4.5920000076293945,4.576000213623047,4.576000213623047,4.599999904632568,4.599999904632568,4.607999801635742,4.599999904632568,4.584000110626221,inf,inf,inf,inf,inf,inf,inf,inf,inf,inf,inf,inf,inf,inf,3.815999984741211,3.815999984741211,3.815999984741211,3.815999984741211,3.815999984741211,3.75600004196167,3.74399995803833,3.740000009536743,3.7360000610351562,3.7360000610351562,3.74399995803833,3.747999906539917,3.752000093460083,2.884000062942505,2.884000062942505,2.8320000171661377,2.8320000171661377,2.8320000171661377,2.7720000743865967,2.7119998931884766,2.6559998989105225,2.6040000915527344,2.5399999618530273,2.5399999618530273,2.496000051498413,2.4519999027252197,2.3959999084472656,2.3480000495910645,2.312000036239624,2.299999952316284,2.180000066757202,2.1679999828338623,2.1679999828338623,2.1440000534057617,2.115999937057495,2.115999937057495,2.072000026702881,2.0320000648498535,1.9980000257492065,1.9700000286102295,1.9420000314712524,1.906000018119812,1.8819999694824219,1.8700000047683716,1.8580000400543213,1.8480000495910645,1.840000033378601,1.840000033378601,1.8279999494552612,1.8140000104904175,1.7960000038146973,1.7740000486373901,1.753999948501587,1.7319999933242798,1.7120000123977661,1.694000005722046,1.6720000505447388,1.6720000505447388,1.6519999504089355,1.50600004196167,1.496000051498413,1.496000051498413,1.496000051498413,1.4839999675750732,inf,inf,inf,inf,inf,1.406000018119812,1.406000018119812,1.406000018119812,1.406000018119812,1.406000018119812,1.3960000276565552,...,0.0,0.0,0.0,0.0,0.0,0.0,0.0,0.0,0.0,0.0,0.0,0.0,0.0,47.0,47.0,47.0,47.0,47.0,47.0,47.0,47.0,47.0,47.0,47.0,47.0,47.0,47.0,47.0,47.0,0.0,0.0,0.0,0.0,0.0,0.0,0.0,0.0,0.0,0.0,0.0,0.0,0.0,0.0,0.0,0.0,0.0,0.0,0.0,0.0,0.0,0.0,0.0,0.0,0.0,0.0,0.0,0.0,0.0,0.0,0.0,0.0,0.0,0.0,0.0,0.0,0.0,0.0,0.0,0.0,0.0,0.0,0.0,0.0,0.0,0.0,0.0,0.0,0.0,0.0,0.0,0.0,0.0,0.0,0.0,0.0,0.0,0.0,0.0,0.0,0.0,0.0,0.0,0.0,0.0,0.0,0.0,0.0,0.0,0.0,0.0,0.0,0.0,0.0,0.0,0.0,0.0,0.0,47.0,47.0,47.0,47.0,47.0,0.0,0.0,0.0,0.0,0.0,0.0,0.0,0.0,0.0,0.0,0.0,0.0,0.0,0.0,47.0,47.0,...
1763031041,605179507,laser,-3.1241390705108643,3.1415927410125732,0.0034828970674425364,5.384550604503602e-05,0.09686806052923203,0.15000000596046448,16.0,4.599999904632568,4.599999904632568,4.599999904632568,4.599999904632568,4.584000110626221,4.567999839782715,4.567999839782715,4.584000110626221,4.5920000076293945,4.5920000076293945,4.5920000076293945,4.5920000076293945,4.599999904632568,4.5920000076293945,4.584000110626221,4.5920000076293945,4.5920000076293945,4.5920000076293945,4.5920000076293945,4.5920000076293945,4.584000110626221,4.5920000076293945,4.5920000076293945,4.599999904632568,4.599999904632568,4.599999904632568,4.599999904632568,4.599999904632568,4.599999904632568,4.599999904632568,4.599999904632568,4.5920000076293945,4.576000213623047,4.576000213623047,4.599999904632568,4.599999904632568,4.607999801635742,4.599999904632568,4.584000110626221,inf,inf,inf,inf,inf,inf,inf,inf,inf,inf,inf,inf,3.799999952316284,3.799999952316284,3.799999952316284,3.799999952316284,3.799999952316284,3.74399995803833,3.74399995803833,3.74399995803833,3.74399995803833,3.74399995803833,3.740000009536743,3.740000009536743,3.74399995803833,3.747999906539917,3.752000093460083,2.944000005722046,2.944000005722046,2.944000005722046,2.884000062942505,2.819999933242798,2.819999933242798,2.747999906539917,2.7039999961853027,2.6519999504089355,2.5920000076293945,2.5320000648498535,2.4800000190734863,2.436000108718872,2.384000062942505,2.3359999656677246,2.2960000038146973,2.2679998874664307,2.2679998874664307,2.240000009536743,2.196000099182129,2.1519999504089355,2.1080000400543213,2.0799999237060547,2.055999994277954,2.0299999713897705,2.0,1.9739999771118164,1.9479999542236328,1.9259999990463257,1.9259999990463257,1.9119999408721924,1.9079999923706055,1.8960000276565552,1.8760000467300415,1.8600000143051147,1.840000033378601,1.8179999589920044,1.7940000295639038,1.7680000066757202,1.7680000066757202,1.7300000190734863,1.7300000190734863,1.7059999704360962,1.687999963760376,1.6660000085830688,1.6440000534057617,1.5240000486373901,1.5240000486373901,1.50600004196167,1.496000051498413,1.4839999675750732,1.465999960899353,inf,inf,1.4299999475479126,1.4299999475479126,1.4299999475479126,1.4299999475479126,1.4299999475479126,1.4019999504089355,1.4019999504089355,1.4019999504089355,...,47.0,47.0,47.0,47.0,47.0,0.0,0.0,0.0,0.0,0.0,0.0,0.0,0.0,47.0,47.0,47.0,47.0,47.0,47.0,47.0,47.0,47.0,47.0,47.0,47.0,47.0,47.0,47.0,0.0,0.0,0.0,0.0,0.0,0.0,0.0,0.0,0.0,0.0,0.0,0.0,0.0,0.0,0.0,0.0,0.0,0.0,0.0,0.0,0.0,0.0,0.0,0.0,0.0,0.0,0.0,0.0,0.0,0.0,0.0,0.0,0.0,0.0,0.0,0.0,0.0,0.0,0.0,0.0,0.0,0.0,0.0,0.0,0.0,0.0,0.0,0.0,0.0,0.0,0.0,0.0,0.0,0.0,0.0,0.0,0.0,0.0,0.0,0.0,0.0,0.0,0.0,0.0,0.0,0.0,0.0,0.0,0.0,0.0,0.0,0.0,0.0,0.0,0.0,0.0,0.0,0.0,47.0,47.0,47.0,47.0,47.0,0.0,0.0,0.0,0.0,0.0,0.0,0.0,0.0,0.0,0.0,0.0,0.0,0.0,47.0,47.0,47.0,47.0,...
1763031041,703916031,laser,-3.1241390705108643,3.1415927410125732,0.0034828970674425364,5.698133827536367e-05,0.10250943154096603,0.15000000596046448,16.0,4.607999801635742,4.607999801635742,4.5920000076293945,4.5920000076293945,4.576000213623047,4.567999839782715,4.584000110626221,4.584000110626221,4.5920000076293945,4.5920000076293945,4.5920000076293945,4.5920000076293945,4.599999904632568,4.5920000076293945,4.584000110626221,4.584000110626221,4.584000110626221,4.5920000076293945,4.5920000076293945,4.5920000076293945,4.5920000076293945,4.5920000076293945,4.5920000076293945,4.5920000076293945,4.5920000076293945,4.5920000076293945,4.599999904632568,4.599999904632568,4.5920000076293945,4.599999904632568,4.599999904632568,4.584000110626221,4.584000110626221,4.576000213623047,4.584000110626221,4.599999904632568,4.607999801635742,4.607999801635742,4.544000148773193,inf,inf,inf,inf,inf,inf,inf,inf,inf,inf,inf,inf,inf,3.9119999408721924,3.9119999408721924,3.9119999408721924,3.9119999408721924,3.9119999408721924,3.812000036239624,3.75600004196167,3.74399995803833,3.740000009536743,3.740000009536743,3.740000009536743,3.74399995803833,3.747999906539917,3.752000093460083,2.888000011444092,2.888000011444092,2.888000011444092,2.888000011444092,2.819999933242798,2.759999990463257,2.7119998931884766,2.6519999504089355,2.5920000076293945,2.5320000648498535,2.5320000648498535,2.4800000190734863,2.436000108718872,2.384000062942505,2.3399999141693115,2.2960000038146973,2.2839999198913574,2.200000047683716,2.200000047683716,2.1640000343322754,2.135999917984009,2.111999988555908,2.111999988555908,2.068000078201294,2.0399999618530273,2.0280001163482666,2.01200008392334,1.996000051498413,1.9839999675750732,1.9639999866485596,1.9420000314712524,1.9199999570846558,1.9199999570846558,1.8940000534057617,1.8680000305175781,1.843999981880188,1.8200000524520874,1.7960000038146973,1.7719999551773071,1.75,1.7319999933242798,1.7100000381469727,1.6920000314712524,1.6660000085830688,1.6660000085830688,1.6440000534057617,1.50600004196167,1.50600004196167,1.50600004196167,1.496000051498413,1.4839999675750732,1.4780000448226929,inf,inf,inf,1.4040000438690186,1.4040000438690186,1.4040000438690186,1.4040000438690186,1.4040000438690186,1.3960000276565552,1.3960000276565552,...,0.0,0.0,0.0,0.0,0.0,0.0,0.0,0.0,0.0,0.0,0.0,0.0,0.0,47.0,47.0,47.0,47.0,47.0,47.0,47.0,47.0,47.0,47.0,47.0,47.0,47.0,47.0,47.0,47.0,47.0,0.0,0.0,0.0,0.0,0.0,0.0,0.0,0.0,0.0,0.0,0.0,0.0,0.0,0.0,0.0,0.0,0.0,0.0,0.0,0.0,0.0,0.0,0.0,0.0,0.0,0.0,0.0,0.0,0.0,0.0,0.0,0.0,0.0,0.0,0.0,0.0,0.0,47.0,47.0,47.0,47.0,47.0,0.0,0.0,0.0,0.0,0.0,0.0,0.0,0.0,0.0,0.0,0.0,0.0,0.0,0.0,0.0,0.0,0.0,0.0,0.0,0.0,0.0,0.0,0.0,0.0,0.0,0.0,0.0,0.0,0.0,0.0,0.0,0.0,0.0,0.0,0.0,0.0,0.0,0.0,0.0,0.0,0.0,0.0,0.0,0.0,0.0,0.0,0.0,0.0,0.0,0.0,0.0,47.0,47.0,47.0,47.0,47.0,...
1763031041,808096543,laser,-3.1241390705108643,3.1415927410125732,0.0034828970674425364,5.371698716771789e-05,0.09663686156272888,0.15000000596046448,16.0,4.607999801635742,4.607999801635742,4.607999801635742,4.5920000076293945,4.576000213623047,4.567999839782715,4.567999839782715,4.584000110626221,4.5920000076293945,4.5920000076293945,4.5920000076293945,4.5920000076293945,4.599999904632568,4.5920000076293945,4.584000110626221,4.5920000076293945,4.5920000076293945,4.5920000076293945,4.5920000076293945,4.5920000076293945,4.584000110626221,4.5920000076293945,4.5920000076293945,4.5920000076293945,4.5920000076293945,4.599999904632568,4.599999904632568,4.599999904632568,4.599999904632568,4.599999904632568,4.599999904632568,4.584000110626221,4.576000213623047,4.576000213623047,4.576000213623047,4.599999904632568,4.607999801635742,4.599999904632568,4.5920000076293945,inf,inf,inf,inf,inf,inf,inf,inf,inf,inf,inf,inf,inf,inf,3.7639999389648438,3.7639999389648438,3.7639999389648438,3.7639999389648438,3.7639999389648438,3.747999906539917,3.747999906539917,3.740000009536743,3.740000009536743,3.740000009536743,3.747999906539917,3.752000093460083,3.752000093460083,2.8959999084472656,2.8959999084472656,2.8239998817443848,2.8239998817443848,2.8239998817443848,2.7639999389648438,2.7119998931884766,2.6559998989105225,2.6080000400543213,2.559999942779541,2.559999942779541,2.496000051498413,2.440000057220459,2.388000011444092,2.3519999980926514,2.2839999198913574,2.2839999198913574,2.180000066757202,2.1679999828338623,2.1679999828338623,2.135999917984009,2.1080000400543213,2.068000078201294,2.068000078201294,2.0380001068115234,2.0199999809265137,1.9859999418258667,1.9559999704360962,1.940000057220459,1.9259999990463257,1.9199999570846558,1.9040000438690186,1.8860000371932983,1.8680000305175781,1.8680000305175781,1.843999981880188,1.8240000009536743,1.7999999523162842,1.7760000228881836,1.75600004196167,1.7319999933242798,1.7120000123977661,1.6920000314712524,1.6699999570846558,1.6519999504089355,1.6519999504089355,1.5099999904632568,1.496000051498413,1.496000051498413,1.496000051498413,1.4839999675750732,1.4759999513626099,inf,inf,inf,inf,1.4040000438690186,1.4040000438690186,1.4040000438690186,1.4040000438690186,1.4040000438690186,1.3960000276565552,...,0.0,0.0,0.0,0.0,0.0,0.0,0.0,0.0,0.0,0.0,0.0,0.0,0.0,47.0,47.0,47.0,47.0,47.0,47.0,47.0,47.0,47.0,47.0,47.0,47.0,47.0,47.0,47.0,47.0,0.0,0.0,0.0,0.0,0.0,0.0,0.0,0.0,0.0,0.0,0.0,0.0,0.0,0.0,0.0,0.0,0.0,0.0,0.0,0.0,0.0,0.0,0.0,0.0,0.0,0.0,0.0,0.0,0.0,0.0,0.0,0.0,0.0,0.0,0.0,0.0,0.0,0.0,0.0,0.0,0.0,0.0,0.0,0.0,0.0,0.0,0.0,0.0,0.0,0.0,0.0,0.0,0.0,0.0,0.0,0.0,0.0,0.0,0.0,0.0,0.0,0.0,0.0,0.0,0.0,0.0,0.0,0.0,0.0,0.0,0.0,0.0,0.0,0.0,0.0,0.0,0.0,0.0,47.0,47.0,47.0,47.0,47.0,0.0,0.0,0.0,0.0,0.0,0.0,0.0,0.0,0.0,0.0,0.0,0.0,0.0,0.0,47.0,47.0,...
1763031041,905969934,laser,-3.1241390705108643,3.1415927410125732,0.0034828970674425364,5.733775469707325e-05,0.1031506210565567,0.15000000596046448,16.0,4.599999904632568,4.599999904632568,4.599999904632568,4.599999904632568,4.584000110626221,4.567999839782715,4.567999839782715,4.576000213623047,4.5920000076293945,4.5920000076293945,4.5920000076293945,4.5920000076293945,4.599999904632568,4.5920000076293945,4.584000110626221,4.5920000076293945,4.5920000076293945,4.5920000076293945,4.5920000076293945,4.5920000076293945,4.584000110626221,4.5920000076293945,4.5920000076293945,4.5920000076293945,4.599999904632568,4.599999904632568,4.599999904632568,4.599999904632568,4.599999904632568,4.599999904632568,4.599999904632568,4.584000110626221,4.576000213623047,4.576000213623047,4.5920000076293945,4.5920000076293945,4.599999904632568,4.599999904632568,4.5920000076293945,inf,inf,inf,inf,inf,inf,inf,inf,inf,inf,inf,inf,inf,inf,inf,3.75600004196167,3.75600004196167,3.75600004196167,3.75600004196167,3.75600004196167,3.759999990463257,3.759999990463257,3.75600004196167,3.7360000610351562,3.740000009536743,3.74399995803833,3.752000093460083,2.888000011444092,2.888000011444092,2.888000011444092,2.8239998817443848,2.8239998817443848,2.7639999389648438,2.7119998931884766,2.6559998989105225,2.611999988555908,2.611999988555908,2.559999942779541,2.503999948501587,2.447999954223633,2.4000000953674316,2.3559999465942383,2.303999900817871,2.2880001068115234,2.180000066757202,2.180000066757202,2.1679999828338623,2.135999917984009,2.135999917984009,2.1080000400543213,2.063999891281128,2.0299999713897705,2.0,1.9739999771118164,1.9479999542236328,1.9119999408721924,1.8860000371932983,1.871999979019165,1.8519999980926514,1.8359999656677246,1.8359999656677246,1.8320000171661377,1.8240000009536743,1.809999942779541,1.7940000295639038,1.7760000228881836,1.753999948501587,1.7319999933242798,1.7120000123977661,1.6920000314712524,1.6920000314712524,1.6699999570846558,1.649999976158142,1.5099999904632568,1.5099999904632568,1.5099999904632568,1.4980000257492065,1.4839999675750732,1.4800000190734863,inf,inf,inf,inf,inf,1.4040000438690186,1.4040000438690186,1.4040000438690186,1.4040000438690186,1.4040000438690186,...,47.0,47.0,47.0,47.0,47.0,0.0,0.0,0.0,0.0,0.0,0.0,0.0,47.0,47.0,47.0,47.0,47.0,47.0,47.0,47.0,47.0,47.0,47.0,47.0,47.0,47.0,47.0,47.0,0.0,0.0,0.0,0.0,0.0,0.0,0.0,0.0,0.0,0.0,0.0,0.0,0.0,0.0,0.0,0.0,0.0,0.0,0.0,0.0,0.0,0.0,0.0,0.0,0.0,0.0,0.0,0.0,0.0,0.0,0.0,0.0,0.0,0.0,0.0,0.0,0.0,0.0,0.0,0.0,0.0,47.0,47.0,47.0,47.0,47.0,0.0,0.0,0.0,0.0,0.0,0.0,0.0,0.0,0.0,0.0,0.0,0.0,0.0,0.0,0.0,0.0,0.0,0.0,0.0,0.0,0.0,0.0,0.0,0.0,0.0,0.0,0.0,0.0,0.0,0.0,0.0,0.0,0.0,0.0,0.0,0.0,0.0,0.0,0.0,0.0,0.0,0.0,0.0,0.0,0.0,0.0,0.0,0.0,0.0,0.0,0.0,47.0,47.0,47.0,...
1763031042,10939867,laser,-3.1241390705108643,3.1415927410125732,0.0034828970674425364,5.364130265661515e-05,0.0965007022023201,0.15000000596046448,16.0,4.607999801635742,4.607999801635742,4.599999904632568,4.599999904632568,4.584000110626221,4.567999839782715,4.567999839782715,4.576000213623047,4.5920000076293945,4.5920000076293945,4.5920000076293945,4.5920000076293945,4.599999904632568,4.5920000076293945,4.584000110626221,4.5920000076293945,4.5920000076293945,4.5920000076293945,4.5920000076293945,4.5920000076293945,4.584000110626221,4.5920000076293945,4.5920000076293945,4.5920000076293945,4.5920000076293945,4.5920000076293945,4.599999904632568,4.599999904632568,4.599999904632568,4.599999904632568,4.599999904632568,4.584000110626221,4.576000213623047,4.576000213623047,4.576000213623047,4.599999904632568,4.607999801635742,4.599999904632568,4.5920000076293945,inf,inf,inf,inf,inf,inf,inf,inf,inf,inf,inf,inf,inf,3.75600004196167,3.75600004196167,3.75600004196167,3.75600004196167,3.75600004196167,3.759999990463257,3.759999990463257,3.759999990463257,3.759999990463257,3.75600004196167,3.740000009536743,3.74399995803833,3.74399995803833,3.752000093460083,2.888000011444092,2.888000011444092,2.888000011444092,2.888000011444092,2.8239998817443848,2.75600004196167,2.75600004196167,2.6519999504089355,2.6519999504089355,2.6080000400543213,2.5480000972747803,2.496000051498413,2.447999954223633,2.384000062942505,2.3399999141693115,2.303999900817871,2.2839999198913574,2.200000047683716,2.200000047683716,2.1640000343322754,2.1640000343322754,2.119999885559082,2.0959999561309814,2.068000078201294,2.0280001163482666,2.0,1.9739999771118164,1.9479999542236328,1.9179999828338623,1.8980000019073486,1.8980000019073486,1.8799999952316284,1.8680000305175781,1.8680000305175781,1.8619999885559082,1.8420000076293945,1.8140000104904175,1.7940000295639038,1.7719999551773071,1.75,1.7300000190734863,1.7100000381469727,1.690000057220459,1.690000057220459,1.6679999828338623,1.649999976158142,1.5099999904632568,1.5099999904632568,1.5099999904632568,1.4980000257492065,1.4839999675750732,inf,inf,inf,inf,1.4040000438690186,1.4040000438690186,1.4040000438690186,1.4040000438690186,1.4040000438690186,1.3940000534057617,1.3940000534057617,...,0.0,0.0,0.0,0.0,0.0,0.0,0.0,0.0,0.0,0.0,0.0,0.0,0.0,47.0,47.0,47.0,47.0,47.0,47.0,47.0,47.0,47.0,47.0,47.0,47.0,47.0,47.0,47.0,47.0,47.0,47.0,0.0,0.0,0.0,0.0,0.0,0.0,0.0,0.0,0.0,0.0,0.0,0.0,0.0,0.0,0.0,0.0,0.0,0.0,0.0,0.0,0.0,0.0,0.0,0.0,0.0,0.0,0.0,0.0,0.0,0.0,0.0,0.0,0.0,0.0,0.0,0.0,0.0,0.0,0.0,0.0,0.0,0.0,0.0,0.0,0.0,0.0,0.0,0.0,0.0,0.0,0.0,0.0,0.0,0.0,0.0,0.0,0.0,0.0,0.0,0.0,0.0,0.0,0.0,0.0,0.0,0.0,0.0,0.0,0.0,0.0,0.0,0.0,0.0,0.0,47.0,47.0,47.0,47.0,47.0,0.0,0.0,0.0,0.0,0.0,0.0,0.0,0.0,0.0,0.0,0.0,0.0,0.0,47.0,47.0,47.0,47.0,47.0,...
1763031042,108905286,laser,-3.1241390705108643,3.1415927410125732,0.0034828970674425364,5.718005195376463e-05,0.10286691784858704,0.15000000596046448,16.0,4.607999801635742,4.607999801635742,4.607999801635742,4.5920000076293945,4.584000110626221,4.567999839782715,4.567999839782715,4.584000110626221,4.5920000076293945,4.5920000076293945,4.5920000076293945,4.5920000076293945,4.599999904632568,4.5920000076293945,4.584000110626221,4.5920000076293945,4.5920000076293945,4.5920000076293945,4.5920000076293945,4.5920000076293945,4.5920000076293945,4.5920000076293945,4.5920000076293945,4.599999904632568,4.5920000076293945,4.5920000076293945,4.599999904632568,4.599999904632568,4.5920000076293945,4.599999904632568,4.599999904632568,4.584000110626221,4.576000213623047,4.576000213623047,4.576000213623047,4.5920000076293945,4.607999801635742,4.599999904632568,4.5920000076293945,inf,inf,inf,inf,inf,inf,inf,inf,inf,inf,inf,inf,3.888000011444092,3.888000011444092,3.888000011444092,3.888000011444092,3.888000011444092,3.799999952316284,3.799999952316284,3.747999906539917,3.747999906539917,3.740000009536743,3.7360000610351562,3.740000009536743,3.74399995803833,3.74399995803833,3.752000093460083,2.888000011444092,2.888000011444092,2.888000011444092,2.8239998817443848,2.8239998817443848,2.8239998817443848,2.75600004196167,2.700000047683716,2.6519999504089355,2.5959999561309814,2.5360000133514404,2.4839999675750732,2.436000108718872,2.384000062942505,2.3399999141693115,2.299999952316284,2.2720000743865967,2.2720000743865967,2.24399995803833,2.2039999961853027,2.1559998989105225,2.1080000400543213,2.0840001106262207,2.055999994277954,2.0280001163482666,2.003999948501587,1.9800000190734863,1.9539999961853027,1.940000057220459,1.940000057220459,1.9299999475479126,1.9179999828338623,1.9040000438690186,1.8799999952316284,1.8619999885559082,1.8420000076293945,1.815999984741211,1.7920000553131104,1.7699999809265137,1.7699999809265137,1.7300000190734863,1.7300000190734863,1.7059999704360962,1.6859999895095825,1.6660000085830688,1.6440000534057617,1.5219999551773071,1.5219999551773071,1.5080000162124634,1.496000051498413,1.4859999418258667,inf,inf,inf,1.4320000410079956,1.4320000410079956,1.4320000410079956,1.4320000410079956,1.4320000410079956,1.4019999504089355,1.4019999504089355,1.4019999504089355,...,0.0,0.0,0.0,0.0,0.0,0.0,0.0,0.0,0.0,0.0,0.0,0.0,0.0,47.0,47.0,47.0,47.0,47.0,47.0,47.0,47.0,47.0,47.0,47.0,47.0,47.0,47.0,47.0,47.0,0.0,0.0,0.0,0.0,0.0,0.0,0.0,0.0,0.0,0.0,0.0,0.0,0.0,0.0,0.0,0.0,0.0,0.0,0.0,0.0,0.0,0.0,0.0,0.0,0.0,0.0,0.0,0.0,0.0,0.0,0.0,0.0,0.0,0.0,0.0,0.0,0.0,0.0,0.0,0.0,0.0,0.0,0.0,0.0,0.0,0.0,0.0,0.0,0.0,0.0,0.0,0.0,0.0,0.0,0.0,0.0,0.0,0.0,0.0,0.0,0.0,0.0,0.0,0.0,0.0,0.0,0.0,0.0,0.0,0.0,0.0,0.0,0.0,0.0,0.0,0.0,0.0,0.0,47.0,47.0,47.0,47.0,47.0,0.0,0.0,0.0,0.0,0.0,0.0,0.0,0.0,0.0,0.0,0.0,0.0,0.0,0.0,47.0,47.0,...
1763031042,213110155,laser,-3.1241390705108643,3.1415927410125732,0.0034828970674425364,5.3857806051382795e-05,0.09689019620418549,0.15000000596046448,16.0,4.607999801635742,4.607999801635742,4.5920000076293945,4.5920000076293945,4.584000110626221,4.576000213623047,4.576000213623047,4.576000213623047,4.5920000076293945,4.599999904632568,4.5920000076293945,4.5920000076293945,4.5920000076293945,4.5920000076293945,4.584000110626221,4.584000110626221,4.584000110626221,4.584000110626221,4.5920000076293945,4.5920000076293945,4.5920000076293945,4.5920000076293945,4.5920000076293945,4.599999904632568,4.599999904632568,4.599999904632568,4.599999904632568,4.599999904632568,4.5920000076293945,4.599999904632568,4.599999904632568,4.584000110626221,4.584000110626221,4.576000213623047,4.584000110626221,4.5920000076293945,4.607999801635742,4.607999801635742,4.559999942779541,inf,inf,inf,inf,inf,inf,inf,inf,inf,inf,inf,3.880000114440918,3.880000114440918,3.880000114440918,3.880000114440918,3.880000114440918,3.7920000553131104,3.7920000553131104,3.7920000553131104,3.7920000553131104,3.74399995803833,3.740000009536743,3.74399995803833,3.747999906539917,3.74399995803833,3.747999906539917,3.747999906539917,3.747999906539917,2.944000005722046,2.884000062942505,2.884000062942505,2.884000062942505,2.7360000610351562,2.6760001182556152,2.6760001182556152,2.631999969482422,2.5920000076293945,2.5360000133514404,2.4839999675750732,2.431999921798706,2.375999927520752,2.3359999656677246,2.299999952316284,2.299999952316284,2.24399995803833,2.2200000286102295,2.200000047683716,2.1480000019073486,2.1040000915527344,2.0799999237060547,2.055999994277954,2.0199999809265137,1.9919999837875366,1.972000002861023,1.940000057220459,1.9179999828338623,1.9179999828338623,1.9079999923706055,1.8980000019073486,1.8860000371932983,1.8680000305175781,1.8519999980926514,1.8359999656677246,1.8140000104904175,1.7879999876022339,1.7660000324249268,1.7660000324249268,1.74399995803833,1.7239999771118164,1.7039999961853027,1.6859999895095825,1.6660000085830688,1.6419999599456787,1.5219999551773071,1.5219999551773071,1.5080000162124634,1.49399995803833,1.4700000286102295,inf,inf,inf,inf,inf,1.399999976158142,1.399999976158142,1.399999976158142,1.399999976158142,1.399999976158142,1.3839999437332153,...,0.0,0.0,0.0,0.0,0.0,0.0,0.0,0.0,0.0,0.0,0.0,0.0,0.0,47.0,47.0,47.0,47.0,47.0,47.0,47.0,47.0,47.0,47.0,47.0,47.0,47.0,47.0,47.0,47.0,47.0,0.0,0.0,0.0,0.0,0.0,0.0,0.0,0.0,0.0,0.0,0.0,0.0,0.0,0.0,0.0,0.0,0.0,0.0,0.0,0.0,0.0,0.0,0.0,0.0,0.0,0.0,0.0,0.0,0.0,0.0,0.0,0.0,0.0,0.0,0.0,0.0,0.0,0.0,0.0,0.0,0.0,0.0,0.0,0.0,0.0,0.0,0.0,0.0,0.0,0.0,0.0,0.0,0.0,0.0,0.0,0.0,0.0,0.0,0.0,0.0,0.0,0.0,0.0,0.0,0.0,0.0,0.0,0.0,0.0,0.0,0.0,0.0,0.0,0.0,0.0,0.0,0.0,0.0,0.0,0.0,0.0,0.0,0.0,0.0,0.0,0.0,0.0,0.0,0.0,0.0,0.0,0.0,0.0,47.0,47.0,47.0,47.0,47.0,...
1763031042,311425867,laser,-3.1241390705108643,3.1415927410125732,0.0034828970674425364,5.7256165746366605e-05,0.1030038446187973,0.15000000596046448,16.0,4.607999801635742,4.5920000076293945,4.5920000076293945,4.5920000076293945,4.584000110626221,4.584000110626221,4.576000213623047,4.584000110626221,4.5920000076293945,4.5920000076293945,4.5920000076293945,4.599999904632568,4.5920000076293945,4.5920000076293945,4.5920000076293945,4.5920000076293945,4.5920000076293945,4.584000110626221,4.5920000076293945,4.5920000076293945,4.584000110626221,4.5920000076293945,4.5920000076293945,4.599999904632568,4.599999904632568,4.599999904632568,4.599999904632568,4.599999904632568,4.5920000076293945,4.599999904632568,4.599999904632568,4.599999904632568,4.584000110626221,4.576000213623047,4.584000110626221,4.5920000076293945,4.607999801635742,4.599999904632568,inf,inf,inf,inf,inf,inf,inf,inf,inf,inf,inf,inf,inf,inf,3.888000011444092,3.888000011444092,3.888000011444092,3.888000011444092,3.888000011444092,3.799999952316284,3.747999906539917,3.747999906539917,3.740000009536743,3.7360000610351562,3.740000009536743,3.747999906539917,3.747999906539917,3.752000093460083,2.884000062942505,2.884000062942505,2.884000062942505,2.884000062942505,2.8239998817443848,2.8239998817443848,2.747999906539917,2.680000066757202,2.635999917984009,2.5920000076293945,2.5360000133514404,2.4839999675750732,2.436000108718872,2.384000062942505,2.3359999656677246,2.299999952316284,2.2720000743865967,2.2720000743865967,2.24399995803833,2.200000047683716,2.1559998989105225,2.1080000400543213,2.0840001106262207,2.055999994277954,2.0239999294281006,1.9980000257492065,1.972000002861023,1.940000057220459,1.9079999923706055,1.9079999923706055,1.8760000467300415,1.8760000467300415,1.8619999885559082,1.8480000495910645,1.843999981880188,1.8300000429153442,1.812000036239624,1.7879999876022339,1.7660000324249268,1.7660000324249268,1.7259999513626099,1.7259999513626099,1.7059999704360962,1.6859999895095825,1.6660000085830688,1.6440000534057617,1.5260000228881836,1.503999948501587,1.503999948501587,1.49399995803833,1.4819999933242798,1.465999960899353,1.4320000410079956,1.4320000410079956,1.4320000410079956,1.4320000410079956,1.4320000410079956,1.4019999504089355,1.4019999504089355,1.4019999504089355,1.3880000114440918,1.3880000114440918,...,0.0,0.0,0.0,0.0,0.0,0.0,0.0,0.0,0.0,0.0,0.0,0.0,47.0,47.0,47.0,47.0,47.0,47.0,47.0,47.0,47.0,47.0,47.0,47.0,47.0,47.0,47.0,47.0,47.0,47.0,47.0,0.0,0.0,0.0,0.0,0.0,0.0,0.0,0.0,0.0,0.0,0.0,0.0,0.0,0.0,0.0,0.0,0.0,0.0,0.0,0.0,0.0,0.0,0.0,0.0,0.0,0.0,0.0,0.0,0.0,0.0,0.0,0.0,0.0,0.0,0.0,0.0,0.0,0.0,0.0,0.0,0.0,0.0,0.0,0.0,0.0,0.0,0.0,0.0,0.0,0.0,0.0,0.0,0.0,0.0,0.0,0.0,0.0,0.0,47.0,47.0,47.0,47.0,47.0,0.0,0.0,0.0,0.0,0.0,0.0,0.0,0.0,0.0,0.0,0.0,0.0,0.0,0.0,0.0,0.0,0.0,0.0,0.0,0.0,0.0,0.0,0.0,0.0,0.0,0.0,0.0,0.0,0.0,0.0,0.0,0.0,0.0,0.0,...
1763031042,416160006,laser,-3.1241390705108643,3.1415927410125732,0.0034828970674425364,5.36858024133835e-05,0.09658075869083405,0.15000000596046448,16.0,4.607999801635742,4.607999801635742,4.607999801635742,4.5920000076293945,4.584000110626221,4.576000213623047,4.576000213623047,4.584000110626221,4.584000110626221,4.5920000076293945,4.5920000076293945,4.5920000076293945,4.5920000076293945,4.5920000076293945,4.584000110626221,4.584000110626221,4.584000110626221,4.5920000076293945,4.5920000076293945,4.5920000076293945,4.584000110626221,4.5920000076293945,4.5920000076293945,4.599999904632568,4.599999904632568,4.5920000076293945,4.599999904632568,4.599999904632568,4.599999904632568,4.599999904632568,4.599999904632568,4.584000110626221,4.584000110626221,4.576000213623047,4.584000110626221,4.5920000076293945,4.599999904632568,4.599999904632568,4.559999942779541,inf,inf,inf,inf,inf,inf,inf,inf,inf,inf,inf,inf,inf,inf,3.7880001068115234,3.7880001068115234,3.7880001068115234,3.7880001068115234,3.7880001068115234,3.74399995803833,3.74399995803833,3.7360000610351562,3.7360000610351562,3.74399995803833,3.74399995803833,3.74399995803833,3.74399995803833,2.927999973297119,2.868000030517578,2.868000030517578,2.868000030517578,2.868000030517578,2.799999952316284,2.7360000610351562,2.6760001182556152,2.631999969482422,2.5759999752044678,2.507999897003174,2.4600000381469727,2.4200000762939453,2.375999927520752,2.3359999656677246,2.3359999656677246,2.299999952316284,2.2039999961853027,2.191999912261963,2.191999912261963,2.140000104904175,2.1040000915527344,2.0799999237060547,2.052000045776367,2.01200008392334,1.9819999933242798,1.9539999961853027,1.9539999961853027,1.9199999570846558,1.8980000019073486,1.8839999437332153,1.8739999532699585,1.8700000047683716,1.8559999465942383,1.840000033378601,1.8240000009536743,1.8240000009536743,1.8040000200271606,1.781999945640564,1.7599999904632568,1.7380000352859497,1.7200000286102295,1.7020000219345093,1.6799999475479126,1.656000018119812,1.6239999532699585,1.5140000581741333,1.503999948501587,1.503999948501587,1.503999948501587,1.4919999837875366,1.4839999675750732,inf,inf,inf,inf,1.4079999923706055,1.4079999923706055,1.4079999923706055,1.4079999923706055,1.4079999923706055,1.399999976158142,...,0.0,0.0,0.0,0.0,0.0,0.0,0.0,0.0,0.0,0.0,0.0,0.0,0.0,47.0,47.0,47.0,47.0,47.0,47.0,47.0,47.0,47.0,47.0,47.0,47.0,47.0,47.0,47.0,47.0,0.0,0.0,0.0,0.0,0.0,0.0,0.0,0.0,0.0,0.0,0.0,0.0,0.0,0.0,0.0,0.0,0.0,0.0,0.0,0.0,0.0,0.0,0.0,0.0,0.0,0.0,0.0,0.0,0.0,0.0,0.0,0.0,0.0,0.0,0.0,0.0,0.0,0.0,0.0,0.0,0.0,0.0,0.0,0.0,0.0,0.0,0.0,0.0,0.0,0.0,0.0,0.0,0.0,0.0,0.0,0.0,0.0,0.0,0.0,0.0,0.0,0.0,0.0,0.0,0.0,0.0,0.0,0.0,0.0,0.0,0.0,0.0,0.0,0.0,0.0,0.0,0.0,0.0,0.0,0.0,0.0,0.0,0.0,0.0,0.0,0.0,0.0,0.0,0.0,0.0,0.0,0.0,0.0,0.0,0.0,0.0,0.0,47.0,47.0,...
1763031042,514652541,laser,-3.1241390705108643,3.1415927410125732,0.0034828970674425364,5.352271182346158e-05,0.09628736227750778,0.15000000596046448,16.0,4.599999904632568,4.599999904632568,4.599999904632568,4.5920000076293945,4.584000110626221,4.576000213623047,4.576000213623047,4.584000110626221,4.5920000076293945,4.5920000076293945,4.5920000076293945,4.5920000076293945,4.5920000076293945,4.5920000076293945,4.5920000076293945,4.5920000076293945,4.5920000076293945,4.5920000076293945,4.5920000076293945,4.584000110626221,4.584000110626221,4.5920000076293945,4.5920000076293945,4.5920000076293945,4.599999904632568,4.599999904632568,4.599999904632568,4.599999904632568,4.599999904632568,4.599999904632568,4.599999904632568,4.5920000076293945,4.576000213623047,4.576000213623047,4.584000110626221,4.5920000076293945,4.599999904632568,4.599999904632568,inf,inf,inf,inf,inf,inf,inf,inf,inf,inf,inf,inf,inf,inf,inf,3.7880001068115234,3.7880001068115234,3.7880001068115234,3.7880001068115234,3.7880001068115234,3.740000009536743,3.740000009536743,3.7360000610351562,3.7360000610351562,3.74399995803833,3.747999906539917,3.747999906539917,3.747999906539917,2.927999973297119,2.868000030517578,2.868000030517578,2.868000030517578,2.868000030517578,2.799999952316284,2.7320001125335693,2.671999931335449,2.628000020980835,2.572000026702881,2.507999897003174,2.4600000381469727,2.4600000381469727,2.371999979019165,2.371999979019165,2.3359999656677246,2.308000087738037,2.200000047683716,2.187999963760376,2.187999963760376,2.135999917984009,2.1040000915527344,2.0799999237060547,2.052000045776367,2.052000045776367,1.9839999675750732,1.9839999675750732,1.965999960899353,1.9479999542236328,1.9359999895095825,1.9259999990463257,1.9119999408721924,1.899999976158142,1.8799999952316284,1.850000023841858,1.8279999494552612,1.8279999494552612,1.805999994277954,1.781999945640564,1.7599999904632568,1.7380000352859497,1.7200000286102295,1.7020000219345093,1.6779999732971191,1.656000018119812,1.656000018119812,1.5099999904632568,1.5019999742507935,1.5019999742507935,1.5019999742507935,1.4900000095367432,1.4759999513626099,inf,inf,inf,inf,1.406000018119812,1.406000018119812,1.406000018119812,1.406000018119812,1.406000018119812,1.3980000019073486,...,0.0,0.0,0.0,0.0,0.0,0.0,0.0,0.0,0.0,0.0,0.0,0.0,0.0,47.0,47.0,47.0,47.0,47.0,47.0,47.0,47.0,47.0,47.0,47.0,47.0,47.0,47.0,47.0,47.0,0.0,0.0,0.0,0.0,0.0,0.0,0.0,0.0,0.0,0.0,0.0,0.0,0.0,0.0,0.0,0.0,0.0,0.0,0.0,0.0,0.0,0.0,0.0,0.0,0.0,0.0,0.0,0.0,0.0,0.0,0.0,0.0,0.0,0.0,0.0,0.0,0.0,0.0,0.0,0.0,47.0,47.0,47.0,47.0,47.0,0.0,0.0,0.0,0.0,0.0,0.0,0.0,0.0,0.0,0.0,0.0,0.0,0.0,0.0,0.0,0.0,0.0,0.0,0.0,0.0,0.0,0.0,0.0,0.0,0.0,0.0,0.0,0.0,0.0,0.0,0.0,0.0,0.0,0.0,0.0,0.0,0.0,0.0,0.0,0.0,0.0,0.0,0.0,0.0,0.0,0.0,0.0,0.0,0.0,0.0,0.0,47.0,47.0,47.0,...
1763031042,612637263,laser,-3.1241390705108643,3.1415927410125732,0.0034828970674425364,5.707032687496394e-05,0.10266952216625214,0.15000000596046448,16.0,4.607999801635742,4.607999801635742,4.607999801635742,4.5920000076293945,4.576000213623047,4.567999839782715,4.567999839782715,4.584000110626221,4.5920000076293945,4.5920000076293945,4.5920000076293945,4.599999904632568,4.5920000076293945,4.5920000076293945,4.5920000076293945,4.5920000076293945,4.5920000076293945,4.5920000076293945,4.5920000076293945,4.584000110626221,4.584000110626221,4.5920000076293945,4.5920000076293945,4.5920000076293945,4.599999904632568,4.599999904632568,4.599999904632568,4.599999904632568,4.599999904632568,4.599999904632568,4.599999904632568,4.5920000076293945,4.576000213623047,4.576000213623047,4.584000110626221,4.5920000076293945,4.599999904632568,4.599999904632568,4.599999904632568,inf,inf,inf,inf,inf,inf,inf,inf,inf,inf,3.9600000381469727,3.9600000381469727,3.9600000381469727,3.9600000381469727,3.9600000381469727,3.8480000495910645,3.8480000495910645,3.8480000495910645,3.8480000495910645,3.7679998874664307,3.740000009536743,3.7320001125335693,3.740000009536743,3.74399995803833,3.74399995803833,3.747999906539917,3.747999906539917,3.747999906539917,2.9240000247955322,2.864000082015991,2.864000082015991,2.864000082015991,2.7960000038146973,2.7320001125335693,2.6640000343322754,2.615999937057495,2.572000026702881,2.572000026702881,2.507999897003174,2.4600000381469727,2.4200000762939453,2.371999979019165,2.328000068664551,2.299999952316284,2.191999912261963,2.187999963760376,2.187999963760376,2.135999917984009,2.1040000915527344,2.1040000915527344,2.065999984741211,2.0360000133514404,2.0160000324249268,1.9839999675750732,1.9620000123977661,1.9459999799728394,1.9320000410079956,1.9220000505447388,1.9079999923706055,1.9079999923706055,1.8919999599456787,1.8739999532699585,1.850000023841858,1.8279999494552612,1.8040000200271606,1.7799999713897705,1.75600004196167,1.7339999675750732,1.7139999866485596,1.6920000314712524,1.6679999828338623,1.6679999828338623,1.649999976158142,1.5099999904632568,1.496000051498413,1.496000051498413,1.496000051498413,1.4839999675750732,1.4759999513626099,inf,inf,inf,inf,1.4040000438690186,1.4040000438690186,1.4040000438690186,1.4040000438690186,1.4040000438690186,1.3960000276565552,...,0.0,0.0,0.0,0.0,0.0,0.0,0.0,0.0,0.0,0.0,0.0,0.0,0.0,47.0,47.0,47.0,47.0,47.0,47.0,47.0,47.0,47.0,47.0,47.0,47.0,47.0,47.0,47.0,47.0,0.0,0.0,0.0,0.0,0.0,0.0,0.0,0.0,0.0,0.0,0.0,0.0,0.0,0.0,0.0,0.0,0.0,0.0,0.0,0.0,0.0,0.0,0.0,0.0,0.0,0.0,0.0,0.0,0.0,0.0,0.0,0.0,0.0,0.0,0.0,0.0,0.0,0.0,0.0,0.0,0.0,0.0,0.0,0.0,0.0,0.0,0.0,0.0,0.0,0.0,0.0,0.0,0.0,0.0,0.0,0.0,0.0,0.0,0.0,0.0,0.0,0.0,0.0,0.0,0.0,0.0,0.0,0.0,0.0,0.0,0.0,0.0,0.0,0.0,0.0,0.0,0.0,0.0,0.0,0.0,0.0,0.0,0.0,0.0,0.0,0.0,0.0,0.0,0.0,0.0,0.0,0.0,0.0,0.0,0.0,0.0,0.0,47.0,47.0,...
1763031042,716990157,laser,-3.1241390705108643,3.1415927410125732,0.0034828970674425364,5.3692063374910504e-05,0.096592016518116,0.15000000596046448,16.0,4.607999801635742,4.607999801635742,4.607999801635742,4.5920000076293945,4.576000213623047,4.576000213623047,4.576000213623047,4.584000110626221,4.5920000076293945,4.5920000076293945,4.5920000076293945,4.5920000076293945,4.5920000076293945,4.5920000076293945,4.5920000076293945,4.5920000076293945,4.5920000076293945,4.584000110626221,4.5920000076293945,4.584000110626221,4.584000110626221,4.584000110626221,4.5920000076293945,4.5920000076293945,4.599999904632568,4.599999904632568,4.599999904632568,4.599999904632568,4.599999904632568,4.599999904632568,4.599999904632568,4.5920000076293945,4.576000213623047,4.576000213623047,4.584000110626221,4.5920000076293945,4.599999904632568,4.599999904632568,4.599999904632568,inf,inf,inf,inf,inf,inf,inf,inf,inf,inf,inf,inf,3.992000102996826,3.992000102996826,3.992000102996826,3.992000102996826,3.992000102996826,3.884000062942505,3.7960000038146973,3.74399995803833,3.74399995803833,3.740000009536743,3.740000009536743,3.74399995803833,3.752000093460083,3.752000093460083,3.752000093460083,2.940000057220459,2.940000057220459,2.940000057220459,2.880000114440918,2.7320001125335693,2.7320001125335693,2.6760001182556152,2.6760001182556152,2.635999917984009,2.5880000591278076,2.5360000133514404,2.4839999675750732,2.436000108718872,2.380000114440918,2.3320000171661377,2.2920000553131104,2.24399995803833,2.24399995803833,2.187999963760376,2.187999963760376,2.140000104904175,2.1080000400543213,2.0840001106262207,2.052000045776367,2.0160000324249268,1.9859999418258667,1.965999960899353,1.9359999895095825,1.909999966621399,1.909999966621399,1.8960000276565552,1.8880000114440918,1.8799999952316284,1.8619999885559082,1.8459999561309814,1.8300000429153442,1.809999942779541,1.784000039100647,1.7599999904632568,1.7599999904632568,1.7400000095367432,1.722000002861023,1.7039999961853027,1.684000015258789,1.6619999408721924,1.6380000114440918,1.5160000324249268,1.5160000324249268,1.5,1.4900000095367432,1.4759999513626099,1.4759999513626099,1.4579999446868896,inf,1.4259999990463257,1.4259999990463257,1.4259999990463257,1.4259999990463257,1.4259999990463257,1.399999976158142,1.399999976158142,1.399999976158142,...,0.0,0.0,0.0,0.0,0.0,0.0,0.0,0.0,0.0,0.0,0.0,0.0,0.0,47.0,47.0,47.0,47.0,47.0,47.0,47.0,47.0,47.0,47.0,47.0,47.0,47.0,47.0,47.0,47.0,0.0,0.0,0.0,0.0,0.0,0.0,0.0,0.0,0.0,0.0,0.0,0.0,0.0,0.0,0.0,0.0,0.0,0.0,0.0,0.0,0.0,0.0,0.0,0.0,0.0,0.0,0.0,0.0,0.0,0.0,0.0,0.0,0.0,0.0,0.0,0.0,0.0,0.0,0.0,0.0,0.0,0.0,0.0,0.0,0.0,0.0,0.0,0.0,0.0,0.0,0.0,0.0,0.0,0.0,0.0,0.0,0.0,0.0,0.0,0.0,0.0,0.0,0.0,0.0,0.0,0.0,0.0,0.0,0.0,0.0,0.0,0.0,0.0,0.0,0.0,0.0,0.0,0.0,0.0,0.0,0.0,0.0,0.0,0.0,0.0,0.0,0.0,0.0,0.0,0.0,0.0,0.0,0.0,0.0,0.0,0.0,0.0,47.0,47.0,...
1763031042,815085735,laser,-3.1241390705108643,3.1415927410125732,0.0034828970674425364,5.382572635426186e-05,0.09683247655630112,0.15000000596046448,16.0,4.607999801635742,4.607999801635742,4.5920000076293945,4.5920000076293945,4.584000110626221,4.576000213623047,4.567999839782715,4.584000110626221,4.5920000076293945,4.5920000076293945,4.5920000076293945,4.5920000076293945,4.5920000076293945,4.5920000076293945,4.584000110626221,4.5920000076293945,4.5920000076293945,4.5920000076293945,4.5920000076293945,4.5920000076293945,4.584000110626221,4.5920000076293945,4.5920000076293945,4.599999904632568,4.5920000076293945,4.5920000076293945,4.599999904632568,4.599999904632568,4.599999904632568,4.599999904632568,4.599999904632568,4.5920000076293945,4.584000110626221,4.584000110626221,4.584000110626221,4.599999904632568,4.607999801635742,4.599999904632568,4.559999942779541,inf,inf,inf,inf,inf,inf,inf,inf,inf,inf,inf,inf,inf,3.812000036239624,3.812000036239624,3.812000036239624,3.812000036239624,3.812000036239624,3.7639999389648438,3.7639999389648438,3.747999906539917,3.740000009536743,3.740000009536743,3.740000009536743,3.74399995803833,3.752000093460083,3.752000093460083,2.880000114440918,2.880000114440918,2.880000114440918,2.880000114440918,2.828000068664551,2.7639999389648438,2.7039999961853027,2.6519999504089355,2.611999988555908,2.611999988555908,2.563999891281128,2.503999948501587,2.444000005722046,2.380000114440918,2.3399999141693115,2.2960000038146973,2.2799999713897705,2.191999912261963,2.191999912261963,2.1679999828338623,2.1679999828338623,2.131999969482422,2.0959999561309814,2.055999994277954,2.0280001163482666,1.9980000257492065,1.9739999771118164,1.9500000476837158,1.9140000343322754,1.8860000371932983,1.8819999694824219,1.871999979019165,1.871999979019165,1.8580000400543213,1.850000023841858,1.8300000429153442,1.8140000104904175,1.7960000038146973,1.7699999809265137,1.746000051498413,1.7280000448226929,1.7100000381469727,1.7100000381469727,1.6859999895095825,1.6640000343322754,1.6440000534057617,1.5180000066757202,1.50600004196167,1.50600004196167,1.496000051498413,1.4839999675750732,1.465999960899353,1.4320000410079956,1.4320000410079956,1.4320000410079956,1.4320000410079956,1.4320000410079956,1.399999976158142,1.399999976158142,1.399999976158142,1.3860000371932983,1.3860000371932983,...,0.0,0.0,0.0,0.0,0.0,0.0,0.0,0.0,0.0,0.0,0.0,0.0,0.0,47.0,47.0,47.0,47.0,47.0,47.0,47.0,47.0,47.0,47.0,47.0,47.0,47.0,47.0,47.0,47.0,47.0,47.0,0.0,0.0,0.0,0.0,0.0,0.0,0.0,0.0,0.0,0.0,0.0,0.0,0.0,0.0,0.0,0.0,0.0,0.0,0.0,0.0,0.0,0.0,0.0,0.0,0.0,0.0,0.0,0.0,0.0,0.0,0.0,0.0,0.0,0.0,0.0,0.0,0.0,0.0,0.0,0.0,0.0,0.0,0.0,0.0,0.0,0.0,0.0,0.0,0.0,0.0,0.0,0.0,0.0,0.0,0.0,0.0,0.0,0.0,47.0,47.0,47.0,47.0,47.0,0.0,0.0,0.0,0.0,0.0,0.0,0.0,0.0,0.0,0.0,0.0,0.0,0.0,0.0,0.0,0.0,0.0,0.0,0.0,0.0,0.0,0.0,0.0,0.0,0.0,0.0,0.0,0.0,0.0,0.0,0.0,0.0,0.0,0.0,...
1763031042,913335068,laser,-3.1241390705108643,3.1415927410125732,0.0034828970674425364,5.718053944292478e-05,0.10286778956651688,0.15000000596046448,16.0,4.599999904632568,4.599999904632568,4.5920000076293945,4.5920000076293945,4.576000213623047,4.576000213623047,4.567999839782715,4.584000110626221,4.5920000076293945,4.5920000076293945,4.5920000076293945,4.5920000076293945,4.5920000076293945,4.5920000076293945,4.5920000076293945,4.5920000076293945,4.5920000076293945,4.584000110626221,4.5920000076293945,4.584000110626221,4.584000110626221,4.584000110626221,4.5920000076293945,4.5920000076293945,4.599999904632568,4.5920000076293945,4.5920000076293945,4.5920000076293945,4.5920000076293945,4.599999904632568,4.599999904632568,4.5920000076293945,4.576000213623047,4.576000213623047,4.599999904632568,4.607999801635742,4.607999801635742,4.599999904632568,4.599999904632568,inf,inf,inf,inf,inf,inf,inf,inf,inf,inf,inf,3.8399999141693115,3.8399999141693115,3.8399999141693115,3.8399999141693115,3.8399999141693115,3.7639999389648438,3.7639999389648438,3.7639999389648438,3.7639999389648438,3.740000009536743,3.7320001125335693,3.7360000610351562,3.74399995803833,3.747999906539917,3.747999906539917,3.752000093460083,2.888000011444092,2.888000011444092,2.888000011444092,2.8320000171661377,2.8320000171661377,2.7799999713897705,2.7200000286102295,2.6519999504089355,2.615999937057495,2.563999891281128,2.503999948501587,2.503999948501587,2.3919999599456787,2.3919999599456787,2.359999895095825,2.328000068664551,2.299999952316284,2.1760001182556152,2.1760001182556152,2.1679999828338623,2.131999969482422,2.1040000915527344,2.1040000915527344,2.063999891281128,2.0299999713897705,2.009999990463257,1.9839999675750732,1.9500000476837158,1.9279999732971191,1.9160000085830688,1.909999966621399,1.8980000019073486,1.8980000019073486,1.8660000562667847,1.8660000562667847,1.843999981880188,1.8220000267028809,1.7960000038146973,1.7699999809265137,1.75,1.7319999933242798,1.7120000123977661,1.687999963760376,1.687999963760376,1.6640000343322754,1.6480000019073486,1.5299999713897705,1.5299999713897705,1.50600004196167,1.4980000257492065,1.4859999418258667,1.4759999513626099,inf,inf,inf,inf,inf,1.399999976158142,1.399999976158142,1.399999976158142,1.399999976158142,1.399999976158142,...,0.0,0.0,0.0,0.0,0.0,0.0,0.0,0.0,0.0,0.0,0.0,0.0,47.0,47.0,47.0,47.0,47.0,47.0,47.0,47.0,47.0,47.0,47.0,47.0,47.0,47.0,47.0,47.0,47.0,47.0,0.0,0.0,0.0,0.0,0.0,0.0,0.0,0.0,0.0,0.0,0.0,0.0,0.0,0.0,0.0,0.0,0.0,0.0,0.0,0.0,0.0,0.0,0.0,0.0,0.0,0.0,0.0,0.0,0.0,0.0,0.0,0.0,0.0,0.0,0.0,0.0,0.0,0.0,0.0,0.0,0.0,0.0,0.0,0.0,0.0,0.0,0.0,0.0,0.0,0.0,0.0,0.0,0.0,0.0,0.0,0.0,0.0,0.0,0.0,0.0,0.0,0.0,0.0,0.0,0.0,0.0,0.0,0.0,0.0,0.0,0.0,0.0,0.0,0.0,0.0,0.0,0.0,0.0,0.0,0.0,0.0,0.0,0.0,0.0,0.0,0.0,0.0,0.0,0.0,0.0,0.0,0.0,0.0,0.0,0.0,0.0,0.0,0.0,...
1763031043,17590719,laser,-3.1241390705108643,3.1415927410125732,0.0034828970674425364,5.384939140640199e-05,0.09687505662441254,0.15000000596046448,16.0,4.607999801635742,4.5920000076293945,4.5920000076293945,4.5920000076293945,4.576000213623047,4.567999839782715,4.576000213623047,4.576000213623047,4.5920000076293945,4.5920000076293945,4.5920000076293945,4.5920000076293945,4.5920000076293945,4.5920000076293945,4.5920000076293945,4.5920000076293945,4.5920000076293945,4.584000110626221,4.5920000076293945,4.584000110626221,4.584000110626221,4.5920000076293945,4.5920000076293945,4.5920000076293945,4.599999904632568,4.5920000076293945,4.599999904632568,4.599999904632568,4.5920000076293945,4.599999904632568,4.599999904632568,4.5920000076293945,4.576000213623047,4.576000213623047,4.584000110626221,4.5920000076293945,4.599999904632568,4.599999904632568,4.599999904632568,inf,inf,inf,inf,inf,inf,inf,inf,inf,inf,inf,inf,inf,3.7639999389648438,3.7639999389648438,3.7639999389648438,3.7639999389648438,3.7639999389648438,3.74399995803833,3.74399995803833,3.74399995803833,3.7360000610351562,3.7360000610351562,3.7360000610351562,3.74399995803833,3.752000093460083,3.752000093460083,2.884000062942505,2.884000062942505,2.884000062942505,2.884000062942505,2.8320000171661377,2.7760000228881836,2.7160000801086426,2.6559998989105225,2.611999988555908,2.5,2.5,2.447999954223633,2.447999954223633,2.3919999599456787,2.3480000495910645,2.299999952316284,2.2880001068115234,2.196000099182129,2.196000099182129,2.1679999828338623,2.131999969482422,2.131999969482422,2.1040000915527344,2.072000026702881,2.0360000133514404,2.009999990463257,1.9819999933242798,1.9600000381469727,1.9479999542236328,1.934000015258789,1.9220000505447388,1.9220000505447388,1.9040000438690186,1.8839999437332153,1.8660000562667847,1.843999981880188,1.8220000267028809,1.7960000038146973,1.7699999809265137,1.75,1.7319999933242798,1.7100000381469727,1.6859999895095825,1.6859999895095825,1.6640000343322754,1.6419999599456787,1.5160000324249268,1.50600004196167,1.50600004196167,1.496000051498413,1.4839999675750732,1.465999960899353,1.4320000410079956,1.4320000410079956,1.4320000410079956,1.4320000410079956,1.4320000410079956,1.3980000019073486,1.3980000019073486,1.3980000019073486,1.3839999437332153,1.3839999437332153,...,0.0,0.0,0.0,0.0,0.0,0.0,0.0,0.0,0.0,0.0,0.0,0.0,0.0,47.0,47.0,47.0,47.0,47.0,47.0,47.0,47.0,47.0,47.0,47.0,47.0,47.0,47.0,47.0,0.0,0.0,0.0,0.0,0.0,0.0,0.0,0.0,0.0,0.0,0.0,0.0,0.0,0.0,0.0,0.0,0.0,0.0,0.0,0.0,0.0,0.0,0.0,0.0,0.0,0.0,0.0,0.0,0.0,0.0,0.0,0.0,0.0,47.0,47.0,47.0,47.0,47.0,0.0,0.0,0.0,0.0,0.0,0.0,0.0,0.0,0.0,0.0,0.0,0.0,0.0,0.0,0.0,0.0,0.0,0.0,0.0,0.0,0.0,0.0,0.0,0.0,47.0,47.0,47.0,47.0,47.0,0.0,0.0,0.0,0.0,0.0,0.0,0.0,0.0,0.0,0.0,0.0,0.0,0.0,0.0,0.0,0.0,0.0,0.0,0.0,0.0,0.0,0.0,0.0,0.0,0.0,0.0,0.0,0.0,0.0,0.0,0.0,0.0,0.0,...
1763031043,115872102,laser,-3.1241390705108643,3.1415927410125732,0.0034828970674425364,5.38794556632638e-05,0.0969291403889656,0.15000000596046448,16.0,4.607999801635742,4.607999801635742,4.5920000076293945,4.5920000076293945,4.576000213623047,4.576000213623047,4.567999839782715,4.576000213623047,4.5920000076293945,4.5920000076293945,4.5920000076293945,4.599999904632568,4.5920000076293945,4.5920000076293945,4.5920000076293945,4.5920000076293945,4.5920000076293945,4.5920000076293945,4.5920000076293945,4.584000110626221,4.584000110626221,4.584000110626221,4.5920000076293945,4.5920000076293945,4.599999904632568,4.5920000076293945,4.5920000076293945,4.5920000076293945,4.599999904632568,4.599999904632568,4.599999904632568,4.5920000076293945,4.584000110626221,4.576000213623047,4.5920000076293945,4.599999904632568,4.599999904632568,4.599999904632568,4.599999904632568,4.567999839782715,inf,inf,inf,inf,inf,inf,inf,inf,inf,inf,inf,inf,inf,inf,3.759999990463257,3.759999990463257,3.759999990463257,3.759999990463257,3.759999990463257,3.74399995803833,3.740000009536743,3.740000009536743,3.740000009536743,3.74399995803833,3.747999906539917,3.752000093460083,2.888000011444092,2.888000011444092,2.888000011444092,2.828000068664551,2.828000068664551,2.7720000743865967,2.7720000743865967,2.6519999504089355,2.6519999504089355,2.5999999046325684,2.5439999103546143,2.496000051498413,2.444000005722046,2.3919999599456787,2.3480000495910645,2.299999952316284,2.2760000228881836,2.24399995803833,2.24399995803833,2.200000047683716,2.1640000343322754,2.119999885559082,2.0920000076293945,2.059999942779541,2.0260000228881836,2.0,1.9739999771118164,1.937999963760376,1.9040000438690186,1.9040000438690186,1.871999979019165,1.871999979019165,1.8619999885559082,1.8459999561309814,1.8380000591278076,1.8240000009536743,1.805999994277954,1.7860000133514404,1.7860000133514404,1.7640000581741333,1.74399995803833,1.722000002861023,1.7020000219345093,1.6820000410079956,1.6640000343322754,1.6419999599456787,1.5219999551773071,1.5219999551773071,1.50600004196167,1.4900000095367432,1.4759999513626099,1.4759999513626099,1.4639999866485596,inf,1.437999963760376,1.437999963760376,1.437999963760376,1.437999963760376,1.437999963760376,1.4140000343322754,1.4140000343322754,1.4140000343322754,...,0.0,0.0,0.0,0.0,0.0,0.0,0.0,0.0,0.0,0.0,0.0,0.0,0.0,47.0,47.0,47.0,47.0,47.0,47.0,47.0,47.0,47.0,47.0,47.0,47.0,47.0,47.0,47.0,47.0,47.0,0.0,0.0,0.0,0.0,0.0,0.0,0.0,0.0,0.0,0.0,0.0,0.0,0.0,0.0,0.0,0.0,0.0,0.0,0.0,0.0,0.0,0.0,0.0,0.0,0.0,0.0,0.0,0.0,0.0,0.0,0.0,0.0,0.0,0.0,0.0,0.0,0.0,0.0,0.0,0.0,0.0,47.0,47.0,47.0,47.0,47.0,0.0,0.0,0.0,0.0,0.0,0.0,0.0,0.0,0.0,0.0,0.0,0.0,0.0,47.0,47.0,47.0,47.0,47.0,0.0,0.0,0.0,0.0,0.0,0.0,0.0,0.0,0.0,0.0,0.0,0.0,0.0,0.0,0.0,0.0,0.0,0.0,0.0,0.0,0.0,0.0,0.0,0.0,0.0,0.0,0.0,0.0,0.0,0.0,0.0,0.0,0.0,0.0,...
1763031043,214456803,laser,-3.1241390705108643,3.1415927410125732,0.0034828970674425364,5.705203875550069e-05,0.10263662040233612,0.15000000596046448,16.0,4.599999904632568,4.5920000076293945,4.5920000076293945,4.5920000076293945,4.576000213623047,4.576000213623047,4.567999839782715,4.576000213623047,4.5920000076293945,4.5920000076293945,4.5920000076293945,4.599999904632568,4.5920000076293945,4.5920000076293945,4.584000110626221,4.5920000076293945,4.5920000076293945,4.5920000076293945,4.5920000076293945,4.584000110626221,4.584000110626221,4.584000110626221,4.5920000076293945,4.599999904632568,4.599999904632568,4.5920000076293945,4.5920000076293945,4.5920000076293945,4.5920000076293945,4.599999904632568,4.599999904632568,4.5920000076293945,4.584000110626221,4.576000213623047,4.5920000076293945,4.599999904632568,4.599999904632568,4.599999904632568,4.599999904632568,inf,inf,inf,inf,inf,inf,inf,inf,inf,inf,inf,inf,inf,3.8239998817443848,3.8239998817443848,3.8239998817443848,3.8239998817443848,3.8239998817443848,3.759999990463257,3.759999990463257,3.74399995803833,3.7360000610351562,3.7360000610351562,3.740000009536743,3.74399995803833,3.747999906539917,3.752000093460083,2.888000011444092,2.888000011444092,2.888000011444092,2.888000011444092,2.828000068664551,2.7760000228881836,2.7760000228881836,2.6519999504089355,2.6519999504089355,2.6040000915527344,2.552000045776367,2.5,2.444000005722046,2.388000011444092,2.3440001010894775,2.299999952316284,2.2760000228881836,2.191999912261963,2.191999912261963,2.191999912261963,2.1640000343322754,2.119999885559082,2.0920000076293945,2.059999942779541,2.0239999294281006,1.996000051498413,1.9700000286102295,1.944000005722046,1.909999966621399,1.909999966621399,1.871999979019165,1.871999979019165,1.8619999885559082,1.850000023841858,1.843999981880188,1.8300000429153442,1.809999942779541,1.7860000133514404,1.7660000324249268,1.7660000324249268,1.74399995803833,1.7259999513626099,1.7059999704360962,1.684000015258789,1.6640000343322754,1.6419999599456787,1.5219999551773071,1.50600004196167,1.50600004196167,1.4919999837875366,1.465999960899353,inf,1.4299999475479126,1.4299999475479126,1.4299999475479126,1.4299999475479126,1.4299999475479126,1.3980000019073486,1.3980000019073486,1.3980000019073486,1.3799999952316284,1.3799999952316284,...,0.0,0.0,0.0,0.0,0.0,0.0,0.0,0.0,0.0,0.0,0.0,0.0,0.0,47.0,47.0,47.0,47.0,47.0,47.0,47.0,47.0,47.0,47.0,47.0,47.0,47.0,47.0,47.0,0.0,0.0,0.0,0.0,0.0,0.0,0.0,0.0,0.0,0.0,0.0,0.0,0.0,0.0,0.0,0.0,0.0,0.0,0.0,0.0,0.0,0.0,0.0,0.0,0.0,0.0,0.0,0.0,0.0,0.0,0.0,0.0,0.0,0.0,0.0,0.0,0.0,0.0,0.0,0.0,0.0,0.0,0.0,0.0,0.0,0.0,0.0,0.0,0.0,0.0,0.0,0.0,0.0,0.0,0.0,0.0,0.0,0.0,0.0,0.0,0.0,0.0,47.0,47.0,47.0,47.0,47.0,0.0,0.0,0.0,0.0,0.0,0.0,0.0,0.0,0.0,0.0,0.0,0.0,0.0,0.0,0.0,0.0,0.0,0.0,0.0,0.0,0.0,0.0,0.0,0.0,0.0,0.0,0.0,0.0,0.0,0.0,0.0,0.0,0.0,...
1763031043,318593403,laser,-3.1241390705108643,3.1415927410125732,0.0034828970674425364,5.3810323151992634e-05,0.09680476784706116,0.15000000596046448,16.0,4.607999801635742,4.607999801635742,4.5920000076293945,4.5920000076293945,4.576000213623047,4.576000213623047,4.567999839782715,4.576000213623047,4.5920000076293945,4.5920000076293945,4.5920000076293945,4.599999904632568,4.5920000076293945,4.5920000076293945,4.5920000076293945,4.5920000076293945,4.5920000076293945,4.5920000076293945,4.5920000076293945,4.584000110626221,4.584000110626221,4.584000110626221,4.5920000076293945,4.5920000076293945,4.599999904632568,4.5920000076293945,4.5920000076293945,4.5920000076293945,4.5920000076293945,4.5920000076293945,4.599999904632568,4.5920000076293945,4.584000110626221,4.576000213623047,4.584000110626221,4.5920000076293945,4.5920000076293945,4.599999904632568,4.599999904632568,inf,inf,inf,inf,inf,inf,inf,inf,inf,inf,inf,inf,3.8239998817443848,3.8239998817443848,3.8239998817443848,3.8239998817443848,3.8239998817443848,3.759999990463257,3.759999990463257,3.759999990463257,3.740000009536743,3.7360000610351562,3.7360000610351562,3.74399995803833,3.74399995803833,3.747999906539917,3.752000093460083,2.8919999599456787,2.8919999599456787,2.8919999599456787,2.8320000171661377,2.8320000171661377,2.7760000228881836,2.7160000801086426,2.6519999504089355,2.6040000915527344,2.552000045776367,2.5,2.5,2.3959999084472656,2.3959999084472656,2.3480000495910645,2.303999900817871,2.2920000553131104,2.184000015258789,2.184000015258789,2.1640000343322754,2.124000072479248,2.0959999561309814,2.0959999561309814,2.059999942779541,2.0260000228881836,2.003999948501587,1.9839999675750732,1.9620000123977661,1.9420000314712524,1.9299999475479126,1.9199999570846558,1.9199999570846558,1.9079999923706055,1.8880000114440918,1.8680000305175781,1.843999981880188,1.8220000267028809,1.7960000038146973,1.7699999809265137,1.75,1.7319999933242798,1.7059999704360962,1.684000015258789,1.684000015258789,1.6640000343322754,1.6419999599456787,1.5160000324249268,1.5160000324249268,1.50600004196167,1.496000051498413,1.4859999418258667,inf,inf,inf,1.4299999475479126,1.4299999475479126,1.4299999475479126,1.4299999475479126,1.4299999475479126,1.4019999504089355,1.4019999504089355,1.4019999504089355,...,0.0,0.0,0.0,0.0,0.0,0.0,0.0,0.0,0.0,0.0,0.0,0.0,0.0,47.0,47.0,47.0,47.0,47.0,47.0,47.0,47.0,47.0,47.0,47.0,47.0,47.0,47.0,47.0,47.0,47.0,0.0,0.0,0.0,0.0,0.0,0.0,0.0,0.0,0.0,0.0,0.0,0.0,0.0,0.0,0.0,0.0,0.0,0.0,0.0,0.0,0.0,0.0,0.0,0.0,0.0,0.0,0.0,0.0,0.0,0.0,0.0,0.0,0.0,0.0,0.0,0.0,0.0,0.0,0.0,0.0,0.0,0.0,0.0,0.0,0.0,0.0,0.0,0.0,0.0,0.0,0.0,0.0,0.0,0.0,0.0,0.0,0.0,0.0,0.0,47.0,47.0,47.0,47.0,47.0,0.0,0.0,0.0,0.0,0.0,0.0,0.0,0.0,0.0,0.0,0.0,0.0,0.0,0.0,0.0,0.0,0.0,0.0,0.0,0.0,0.0,0.0,0.0,0.0,0.0,0.0,0.0,0.0,0.0,0.0,47.0,47.0,47.0,47.0,...
1763031043,416855328,laser,-3.1241390705108643,3.1415927410125732,0.0034828970674425364,5.3805943025508896e-05,0.09679689258337021,0.15000000596046448,16.0,4.607999801635742,4.5920000076293945,4.5920000076293945,4.5920000076293945,4.576000213623047,4.567999839782715,4.576000213623047,4.5920000076293945,4.5920000076293945,4.5920000076293945,4.5920000076293945,4.5920000076293945,4.5920000076293945,4.5920000076293945,4.5920000076293945,4.5920000076293945,4.5920000076293945,4.584000110626221,4.5920000076293945,4.584000110626221,4.584000110626221,4.5920000076293945,4.5920000076293945,4.5920000076293945,4.599999904632568,4.5920000076293945,4.599999904632568,4.599999904632568,4.5920000076293945,4.599999904632568,4.599999904632568,4.599999904632568,4.584000110626221,4.576000213623047,4.584000110626221,4.5920000076293945,4.599999904632568,4.599999904632568,4.599999904632568,inf,inf,inf,inf,inf,inf,inf,inf,inf,inf,inf,inf,inf,3.880000114440918,3.880000114440918,3.880000114440918,3.880000114440918,3.880000114440918,3.7839999198913574,3.7839999198913574,3.740000009536743,3.7360000610351562,3.740000009536743,3.74399995803833,3.747999906539917,3.747999906539917,2.940000057220459,2.940000057220459,2.871999979019165,2.871999979019165,2.871999979019165,2.871999979019165,2.7960000038146973,2.7279999256134033,2.671999931335449,2.628000020980835,2.568000078201294,2.5199999809265137,2.4800000190734863,2.4200000762939453,2.368000030517578,2.3359999656677246,2.3359999656677246,2.299999952316284,2.200000047683716,2.187999963760376,2.187999963760376,2.131999969482422,2.0999999046325684,2.0799999237060547,2.0480000972747803,2.01200008392334,1.9800000190734863,1.9800000190734863,1.9520000219345093,1.9279999732971191,1.9119999408721924,1.899999976158142,1.8899999856948853,1.8819999694824219,1.8680000305175781,1.8459999561309814,1.8279999494552612,1.8279999494552612,1.8020000457763672,1.7740000486373901,1.75600004196167,1.7339999675750732,1.7120000123977661,1.6979999542236328,1.6779999732971191,1.6540000438690186,1.6540000438690186,1.5080000162124634,1.4980000257492065,1.4980000257492065,1.4980000257492065,1.4859999418258667,1.4739999771118164,inf,inf,inf,inf,1.4019999504089355,1.4019999504089355,1.4019999504089355,1.4019999504089355,1.4019999504089355,1.3960000276565552,...,0.0,0.0,0.0,0.0,0.0,0.0,0.0,0.0,0.0,0.0,0.0,0.0,0.0,47.0,47.0,47.0,47.0,47.0,47.0,47.0,47.0,47.0,47.0,47.0,47.0,47.0,47.0,47.0,0.0,0.0,0.0,0.0,0.0,0.0,0.0,0.0,0.0,0.0,0.0,0.0,0.0,0.0,0.0,0.0,0.0,0.0,0.0,0.0,0.0,0.0,0.0,0.0,0.0,0.0,0.0,0.0,0.0,0.0,0.0,0.0,0.0,0.0,0.0,0.0,0.0,0.0,0.0,0.0,0.0,0.0,0.0,0.0,0.0,0.0,0.0,0.0,0.0,0.0,0.0,0.0,0.0,0.0,0.0,0.0,0.0,0.0,0.0,0.0,0.0,0.0,47.0,47.0,47.0,47.0,47.0,0.0,0.0,0.0,0.0,0.0,0.0,0.0,0.0,0.0,0.0,0.0,0.0,0.0,0.0,0.0,0.0,0.0,0.0,0.0,0.0,0.0,0.0,0.0,0.0,0.0,0.0,0.0,0.0,0.0,0.0,47.0,47.0,47.0,...
1763031043,515341048,laser,-3.1241390705108643,3.1415927410125732,0.0034828970674425364,5.712692654924467e-05,0.1027713418006897,0.15000000596046448,16.0,4.607999801635742,4.607999801635742,4.607999801635742,4.599999904632568,4.584000110626221,4.567999839782715,4.567999839782715,4.584000110626221,4.5920000076293945,4.5920000076293945,4.5920000076293945,4.5920000076293945,4.599999904632568,4.5920000076293945,4.584000110626221,4.5920000076293945,4.5920000076293945,4.5920000076293945,4.5920000076293945,4.5920000076293945,4.584000110626221,4.5920000076293945,4.5920000076293945,4.5920000076293945,4.5920000076293945,4.5920000076293945,4.599999904632568,4.599999904632568,4.599999904632568,4.599999904632568,4.599999904632568,4.5920000076293945,4.584000110626221,4.584000110626221,4.584000110626221,4.5920000076293945,4.599999904632568,4.599999904632568,4.559999942779541,inf,inf,inf,inf,inf,inf,inf,inf,inf,inf,inf,inf,inf,inf,3.752000093460083,3.752000093460083,3.752000093460083,3.752000093460083,3.752000093460083,3.74399995803833,3.74399995803833,3.74399995803833,3.7360000610351562,3.7360000610351562,3.74399995803833,3.747999906539917,3.752000093460083,2.8959999084472656,2.8959999084472656,2.828000068664551,2.828000068664551,2.828000068664551,2.7760000228881836,2.7760000228881836,2.6519999504089355,2.6519999504089355,2.6080000400543213,2.552000045776367,2.496000051498413,2.444000005722046,2.380000114440918,2.3399999141693115,2.303999900817871,2.2799999713897705,2.187999963760376,2.1640000343322754,2.1640000343322754,2.1640000343322754,2.131999969482422,2.1080000400543213,2.063999891281128,2.0260000228881836,1.996000051498413,1.9700000286102295,1.944000005722046,1.9079999923706055,1.9079999923706055,1.8660000562667847,1.8660000562667847,1.850000023841858,1.8339999914169312,1.8339999914169312,1.8240000009536743,1.8079999685287476,1.7940000295639038,1.7699999809265137,1.7699999809265137,1.7280000448226929,1.7280000448226929,1.7059999704360962,1.684000015258789,1.6640000343322754,1.6440000534057617,1.5299999713897705,1.5299999713897705,1.50600004196167,1.4900000095367432,1.4800000190734863,1.465999960899353,inf,1.4320000410079956,1.4320000410079956,1.4320000410079956,1.4320000410079956,1.4320000410079956,1.4019999504089355,1.4019999504089355,1.4019999504089355,1.3880000114440918,...,0.0,0.0,0.0,0.0,0.0,0.0,0.0,0.0,0.0,0.0,0.0,0.0,0.0,47.0,47.0,47.0,47.0,47.0,47.0,47.0,47.0,47.0,47.0,47.0,47.0,47.0,47.0,47.0,47.0,47.0,0.0,0.0,0.0,0.0,0.0,0.0,0.0,0.0,0.0,0.0,0.0,0.0,0.0,0.0,0.0,0.0,0.0,0.0,0.0,0.0,0.0,0.0,0.0,0.0,0.0,0.0,0.0,0.0,0.0,0.0,0.0,0.0,0.0,0.0,0.0,0.0,0.0,0.0,0.0,0.0,0.0,0.0,0.0,0.0,0.0,0.0,0.0,0.0,0.0,0.0,0.0,0.0,0.0,0.0,0.0,0.0,0.0,0.0,0.0,0.0,0.0,0.0,0.0,0.0,0.0,0.0,0.0,0.0,0.0,0.0,0.0,0.0,0.0,0.0,0.0,0.0,0.0,0.0,0.0,0.0,0.0,0.0,0.0,0.0,0.0,0.0,0.0,0.0,0.0,0.0,0.0,0.0,0.0,0.0,0.0,0.0,0.0,0.0,...
1763031043,619589168,laser,-3.1241390705108643,3.1415927410125732,0.0034828970674425364,5.3760046284878626e-05,0.0967143252491951,0.15000000596046448,16.0,4.599999904632568,4.599999904632568,4.599999904632568,4.5920000076293945,4.5920000076293945,4.576000213623047,4.567999839782715,4.576000213623047,4.5920000076293945,4.5920000076293945,4.5920000076293945,4.599999904632568,4.599999904632568,4.5920000076293945,4.584000110626221,4.5920000076293945,4.5920000076293945,4.584000110626221,4.5920000076293945,4.5920000076293945,4.584000110626221,4.584000110626221,4.5920000076293945,4.5920000076293945,4.599999904632568,4.599999904632568,4.5920000076293945,4.5920000076293945,4.5920000076293945,4.5920000076293945,4.599999904632568,4.5920000076293945,4.584000110626221,4.576000213623047,4.5920000076293945,4.5920000076293945,4.599999904632568,4.599999904632568,4.599999904632568,4.567999839782715,inf,inf,inf,inf,inf,inf,inf,inf,inf,inf,inf,inf,3.752000093460083,3.752000093460083,3.752000093460083,3.752000093460083,3.752000093460083,3.74399995803833,3.74399995803833,3.74399995803833,3.7360000610351562,3.7360000610351562,3.74399995803833,3.74399995803833,3.747999906539917,3.752000093460083,2.884000062942505,2.884000062942505,2.884000062942505,2.884000062942505,2.828000068664551,2.7760000228881836,2.7160000801086426,2.6519999504089355,2.6080000400543213,2.5480000972747803,2.5480000972747803,2.496000051498413,2.444000005722046,2.384000062942505,2.3399999141693115,2.303999900817871,2.2799999713897705,2.187999963760376,2.187999963760376,2.1640000343322754,2.131999969482422,2.1080000400543213,2.1080000400543213,2.063999891281128,2.0280001163482666,2.002000093460083,1.9739999771118164,1.9459999799728394,1.9160000085830688,1.8960000276565552,1.8899999856948853,1.8799999952316284,1.8639999628067017,1.8639999628067017,1.8559999465942383,1.8380000591278076,1.8179999589920044,1.7960000038146973,1.7699999809265137,1.746000051498413,1.7280000448226929,1.7059999704360962,1.7059999704360962,1.6859999895095825,1.6640000343322754,1.6440000534057617,1.5260000228881836,1.503999948501587,1.503999948501587,1.496000051498413,1.4839999675750732,1.465999960899353,1.4320000410079956,1.4320000410079956,1.4320000410079956,1.4320000410079956,1.4320000410079956,1.3980000019073486,1.3980000019073486,1.3980000019073486,1.3839999437332153,1.3839999437332153,...,0.0,0.0,0.0,0.0,0.0,0.0,0.0,0.0,0.0,0.0,0.0,0.0,47.0,47.0,47.0,47.0,47.0,47.0,47.0,47.0,47.0,47.0,47.0,47.0,47.0,47.0,47.0,47.0,47.0,0.0,0.0,0.0,0.0,0.0,0.0,0.0,0.0,0.0,0.0,0.0,0.0,0.0,0.0,0.0,0.0,0.0,0.0,0.0,0.0,0.0,0.0,0.0,0.0,0.0,0.0,0.0,0.0,0.0,0.0,0.0,0.0,0.0,0.0,0.0,0.0,0.0,0.0,0.0,0.0,0.0,0.0,0.0,0.0,0.0,0.0,0.0,0.0,0.0,0.0,0.0,0.0,0.0,0.0,0.0,0.0,0.0,0.0,0.0,0.0,0.0,0.0,0.0,0.0,0.0,0.0,0.0,0.0,0.0,0.0,0.0,0.0,0.0,0.0,0.0,0.0,0.0,0.0,0.0,0.0,0.0,0.0,0.0,0.0,0.0,0.0,0.0,0.0,0.0,0.0,0.0,0.0,0.0,0.0,0.0,0.0,0.0,0.0,0.0,...
1763031043,717760020,laser,-3.1241390705108643,3.1415927410125732,0.0034828970674425364,5.384549149312079e-05,0.09686803817749023,0.15000000596046448,16.0,4.599999904632568,4.599999904632568,4.584000110626221,4.584000110626221,4.576000213623047,4.576000213623047,4.567999839782715,4.576000213623047,4.5920000076293945,4.5920000076293945,4.5920000076293945,4.599999904632568,4.5920000076293945,4.584000110626221,4.584000110626221,4.5920000076293945,4.5920000076293945,4.584000110626221,4.584000110626221,4.584000110626221,4.584000110626221,4.584000110626221,4.5920000076293945,4.5920000076293945,4.5920000076293945,4.5920000076293945,4.5920000076293945,4.5920000076293945,4.5920000076293945,4.5920000076293945,4.5920000076293945,4.5920000076293945,4.584000110626221,4.576000213623047,4.5920000076293945,4.599999904632568,4.599999904632568,4.599999904632568,4.5920000076293945,inf,inf,inf,inf,inf,inf,inf,inf,inf,inf,inf,inf,inf,3.752000093460083,3.752000093460083,3.752000093460083,3.752000093460083,3.752000093460083,3.740000009536743,3.740000009536743,3.740000009536743,3.7360000610351562,3.7360000610351562,3.7360000610351562,3.74399995803833,3.747999906539917,3.752000093460083,2.888000011444092,2.888000011444092,2.888000011444092,2.888000011444092,2.828000068664551,2.7639999389648438,2.7079999446868896,2.6559998989105225,2.6040000915527344,2.6040000915527344,2.5480000972747803,2.492000102996826,2.444000005722046,2.384000062942505,2.3440001010894775,2.303999900817871,2.2799999713897705,2.247999906539917,2.200000047683716,2.1640000343322754,2.1640000343322754,2.119999885559082,2.0920000076293945,2.063999891281128,2.0280001163482666,2.007999897003174,1.9859999418258667,1.9579999446868896,1.940000057220459,1.9279999732971191,1.9279999732971191,1.9179999828338623,1.9040000438690186,1.878000020980835,1.8559999465942383,1.8380000591278076,1.8179999589920044,1.7940000295639038,1.7680000066757202,1.746000051498413,1.7280000448226929,1.7059999704360962,1.7059999704360962,1.6859999895095825,1.6640000343322754,1.6440000534057617,1.5140000581741333,1.503999948501587,1.503999948501587,1.49399995803833,1.4839999675750732,1.465999960899353,1.4320000410079956,1.4320000410079956,1.4320000410079956,1.4320000410079956,1.4320000410079956,1.3980000019073486,1.3980000019073486,1.3980000019073486,1.3839999437332153,1.3839999437332153,...,0.0,0.0,0.0,0.0,0.0,0.0,0.0,0.0,0.0,0.0,0.0,0.0,0.0,47.0,47.0,47.0,47.0,47.0,47.0,47.0,47.0,47.0,47.0,47.0,47.0,47.0,47.0,47.0,47.0,47.0,0.0,0.0,0.0,0.0,0.0,0.0,0.0,0.0,0.0,0.0,0.0,0.0,0.0,0.0,0.0,0.0,0.0,0.0,0.0,0.0,0.0,0.0,0.0,0.0,0.0,0.0,0.0,0.0,0.0,0.0,0.0,0.0,0.0,0.0,0.0,0.0,0.0,0.0,0.0,0.0,0.0,0.0,0.0,0.0,0.0,0.0,0.0,0.0,0.0,0.0,0.0,0.0,0.0,0.0,0.0,0.0,0.0,0.0,0.0,0.0,0.0,0.0,0.0,0.0,0.0,0.0,0.0,0.0,0.0,0.0,0.0,0.0,0.0,0.0,0.0,0.0,0.0,0.0,0.0,0.0,0.0,0.0,0.0,0.0,0.0,0.0,0.0,0.0,0.0,0.0,0.0,0.0,0.0,0.0,47.0,47.0,47.0,47.0,...
1763031043,815955365,laser,-3.1241390705108643,3.1415927410125732,0.0034828970674425364,5.7244218623964116e-05,0.10298234969377518,0.15000000596046448,16.0,4.599999904632568,4.599999904632568,4.584000110626221,4.584000110626221,4.584000110626221,4.576000213623047,4.567999839782715,4.576000213623047,4.5920000076293945,4.5920000076293945,4.599999904632568,4.599999904632568,4.599999904632568,4.5920000076293945,4.584000110626221,4.5920000076293945,4.5920000076293945,4.5920000076293945,4.5920000076293945,4.5920000076293945,4.584000110626221,4.584000110626221,4.5920000076293945,4.5920000076293945,4.599999904632568,4.599999904632568,4.599999904632568,4.599999904632568,4.599999904632568,4.5920000076293945,4.599999904632568,4.5920000076293945,4.584000110626221,4.584000110626221,4.5920000076293945,4.5920000076293945,4.599999904632568,4.599999904632568,4.5920000076293945,inf,inf,inf,inf,inf,inf,inf,inf,inf,inf,inf,inf,inf,inf,3.880000114440918,3.880000114440918,3.880000114440918,3.880000114440918,3.880000114440918,3.7839999198913574,3.740000009536743,3.740000009536743,3.74399995803833,3.747999906539917,3.74399995803833,3.74399995803833,3.747999906539917,2.940000057220459,2.940000057220459,2.871999979019165,2.871999979019165,2.871999979019165,2.7920000553131104,2.7279999256134033,2.6760001182556152,2.619999885559082,2.559999942779541,2.5199999809265137,2.5199999809265137,2.4800000190734863,2.4200000762939453,2.371999979019165,2.3359999656677246,2.303999900817871,2.200000047683716,2.187999963760376,2.187999963760376,2.131999969482422,2.0959999561309814,2.0799999237060547,2.0799999237060547,2.0480000972747803,2.0160000324249268,1.9880000352859497,1.9620000123977661,1.937999963760376,1.9220000505447388,1.9079999923706055,1.8980000019073486,1.8880000114440918,1.8700000047683716,1.8700000047683716,1.8459999561309814,1.8300000429153442,1.805999994277954,1.777999997138977,1.75600004196167,1.7319999933242798,1.7120000123977661,1.7000000476837158,1.6799999475479126,1.6799999475479126,1.6579999923706055,1.5099999904632568,1.4980000257492065,1.4980000257492065,1.4980000257492065,1.4859999418258667,1.4739999771118164,inf,inf,inf,inf,1.4040000438690186,1.4040000438690186,1.4040000438690186,1.4040000438690186,1.4040000438690186,1.3940000534057617,...,0.0,0.0,0.0,0.0,0.0,0.0,0.0,0.0,0.0,0.0,0.0,0.0,47.0,47.0,47.0,47.0,47.0,47.0,47.0,47.0,47.0,47.0,47.0,47.0,47.0,47.0,47.0,47.0,47.0,47.0,0.0,0.0,0.0,0.0,0.0,0.0,0.0,0.0,0.0,0.0,0.0,0.0,0.0,0.0,0.0,0.0,0.0,0.0,0.0,0.0,0.0,0.0,0.0,0.0,0.0,0.0,0.0,0.0,0.0,0.0,0.0,0.0,0.0,0.0,0.0,0.0,0.0,47.0,47.0,47.0,47.0,47.0,0.0,0.0,0.0,0.0,0.0,0.0,0.0,0.0,0.0,0.0,0.0,0.0,0.0,0.0,0.0,0.0,0.0,0.0,0.0,0.0,0.0,0.0,0.0,0.0,0.0,0.0,0.0,0.0,0.0,0.0,0.0,0.0,0.0,0.0,0.0,0.0,0.0,0.0,0.0,0.0,0.0,0.0,0.0,0.0,0.0,0.0,0.0,0.0,0.0,0.0,0.0,0.0,0.0,0.0,0.0,0.0,...
1763031043,920268762,laser,-3.1241390705108643,3.1415927410125732,0.0034828970674425364,5.387427154346369e-05,0.09691981971263885,0.15000000596046448,16.0,4.607999801635742,4.607999801635742,4.607999801635742,4.5920000076293945,4.576000213623047,4.567999839782715,4.567999839782715,4.567999839782715,4.584000110626221,4.5920000076293945,4.5920000076293945,4.5920000076293945,4.5920000076293945,4.5920000076293945,4.5920000076293945,4.584000110626221,4.584000110626221,4.584000110626221,4.5920000076293945,4.5920000076293945,4.584000110626221,4.5920000076293945,4.5920000076293945,4.5920000076293945,4.5920000076293945,4.5920000076293945,4.599999904632568,4.599999904632568,4.5920000076293945,4.599999904632568,4.599999904632568,4.599999904632568,4.5920000076293945,4.584000110626221,4.584000110626221,4.5920000076293945,4.599999904632568,4.599999904632568,4.599999904632568,inf,inf,inf,inf,inf,inf,inf,inf,inf,inf,inf,inf,inf,3.828000068664551,3.828000068664551,3.828000068664551,3.828000068664551,3.828000068664551,3.759999990463257,3.759999990463257,3.740000009536743,3.7320001125335693,3.7360000610351562,3.747999906539917,3.747999906539917,3.747999906539917,3.752000093460083,2.8919999599456787,2.8919999599456787,2.8919999599456787,2.8919999599456787,2.8480000495910645,2.7920000553131104,2.7200000286102295,2.6559998989105225,2.611999988555908,2.559999942779541,2.503999948501587,2.503999948501587,2.3919999599456787,2.3919999599456787,2.3559999465942383,2.3239998817443848,2.2960000038146973,2.180000066757202,2.180000066757202,2.171999931335449,2.124000072479248,2.0999999046325684,2.068000078201294,2.068000078201294,2.007999897003174,2.007999897003174,1.9800000190734863,1.9520000219345093,1.909999966621399,1.8860000371932983,1.878000020980835,1.8660000562667847,1.8580000400543213,1.8519999980926514,1.8519999980926514,1.8359999656677246,1.8179999589920044,1.7960000038146973,1.7719999551773071,1.75,1.7280000448226929,1.7079999446868896,1.687999963760376,1.6660000085830688,1.6660000085830688,1.6480000019073486,1.4980000257492065,1.4980000257492065,1.4980000257492065,1.4980000257492065,1.4859999418258667,inf,inf,inf,inf,1.4040000438690186,1.4040000438690186,1.4040000438690186,1.4040000438690186,1.4040000438690186,1.3899999856948853,1.3899999856948853,...,0.0,0.0,0.0,0.0,0.0,0.0,0.0,0.0,0.0,0.0,0.0,0.0,0.0,47.0,47.0,47.0,47.0,47.0,47.0,47.0,47.0,47.0,47.0,47.0,47.0,47.0,47.0,47.0,47.0,0.0,0.0,0.0,0.0,0.0,0.0,0.0,0.0,0.0,0.0,0.0,0.0,0.0,0.0,0.0,0.0,0.0,0.0,0.0,0.0,0.0,0.0,0.0,0.0,0.0,0.0,0.0,0.0,0.0,0.0,0.0,0.0,0.0,0.0,0.0,0.0,0.0,0.0,0.0,0.0,0.0,0.0,0.0,0.0,0.0,0.0,0.0,0.0,0.0,0.0,0.0,0.0,0.0,0.0,0.0,0.0,0.0,0.0,0.0,0.0,0.0,0.0,47.0,47.0,47.0,47.0,47.0,0.0,0.0,0.0,0.0,0.0,0.0,0.0,0.0,0.0,0.0,0.0,0.0,0.0,0.0,0.0,0.0,0.0,0.0,0.0,0.0,0.0,0.0,0.0,0.0,0.0,0.0,0.0,0.0,0.0,0.0,0.0,0.0,...
1763031044,18917847,laser,-3.1241390705108643,3.1415927410125732,0.0034828970674425364,5.3878033213550225e-05,0.09692657738924026,0.15000000596046448,16.0,4.607999801635742,4.607999801635742,4.5920000076293945,4.5920000076293945,4.576000213623047,4.567999839782715,4.584000110626221,4.584000110626221,4.599999904632568,4.5920000076293945,4.599999904632568,4.599999904632568,4.5920000076293945,4.5920000076293945,4.5920000076293945,4.5920000076293945,4.5920000076293945,4.584000110626221,4.584000110626221,4.584000110626221,4.584000110626221,4.5920000076293945,4.5920000076293945,4.5920000076293945,4.599999904632568,4.5920000076293945,4.599999904632568,4.599999904632568,4.5920000076293945,4.599999904632568,4.599999904632568,4.5920000076293945,4.584000110626221,4.576000213623047,4.584000110626221,4.5920000076293945,4.599999904632568,4.599999904632568,4.599999904632568,inf,inf,inf,inf,inf,inf,inf,inf,inf,inf,inf,3.992000102996826,3.992000102996826,3.992000102996826,3.992000102996826,3.992000102996826,3.884000062942505,3.884000062942505,3.803999900817871,3.752000093460083,3.740000009536743,3.740000009536743,3.740000009536743,3.740000009536743,3.747999906539917,3.747999906539917,3.752000093460083,2.944000005722046,2.944000005722046,2.884000062942505,2.884000062942505,2.8320000171661377,2.8320000171661377,2.7679998874664307,2.7079999446868896,2.6519999504089355,2.5920000076293945,2.5360000133514404,2.4800000190734863,2.436000108718872,2.3919999599456787,2.3440001010894775,2.2960000038146973,2.247999906539917,2.247999906539917,2.196000099182129,2.196000099182129,2.1480000019073486,2.1080000400543213,2.0799999237060547,2.053999900817871,2.0179998874664307,1.9859999418258667,1.9600000381469727,1.9320000410079956,1.9160000085830688,1.9160000085830688,1.906000018119812,1.8960000276565552,1.8860000371932983,1.8680000305175781,1.8480000495910645,1.8320000171661377,1.812000036239624,1.784000039100647,1.784000039100647,1.7599999904632568,1.74399995803833,1.7239999771118164,1.7020000219345093,1.684000015258789,1.6640000343322754,1.6319999694824219,1.5180000066757202,1.5180000066757202,1.503999948501587,1.4880000352859497,1.4739999771118164,inf,inf,inf,inf,inf,inf,1.4079999923706055,1.4079999923706055,1.4079999923706055,1.4079999923706055,1.4079999923706055,...,0.0,0.0,0.0,0.0,0.0,0.0,0.0,0.0,0.0,0.0,0.0,0.0,0.0,47.0,47.0,47.0,47.0,47.0,47.0,47.0,47.0,47.0,47.0,47.0,47.0,47.0,47.0,47.0,47.0,47.0,0.0,0.0,0.0,0.0,0.0,0.0,0.0,0.0,0.0,0.0,0.0,0.0,0.0,0.0,0.0,0.0,0.0,0.0,0.0,0.0,0.0,0.0,0.0,0.0,0.0,0.0,0.0,0.0,0.0,0.0,0.0,0.0,0.0,0.0,0.0,0.0,0.0,0.0,0.0,0.0,0.0,0.0,0.0,0.0,0.0,0.0,0.0,0.0,0.0,0.0,0.0,0.0,0.0,0.0,0.0,0.0,0.0,0.0,0.0,47.0,47.0,47.0,47.0,47.0,0.0,0.0,0.0,0.0,0.0,0.0,0.0,0.0,0.0,0.0,0.0,0.0,0.0,0.0,0.0,0.0,0.0,0.0,0.0,0.0,0.0,0.0,0.0,0.0,0.0,0.0,0.0,0.0,0.0,0.0,0.0,0.0,0.0,0.0,...
1763031044,117286077,laser,-3.1241390705108643,3.1415927410125732,0.0034828970674425364,5.7021145039470866e-05,0.10258103907108307,0.15000000596046448,16.0,4.599999904632568,4.599999904632568,4.599999904632568,4.599999904632568,4.584000110626221,4.567999839782715,4.567999839782715,4.584000110626221,4.5920000076293945,4.5920000076293945,4.5920000076293945,4.5920000076293945,4.599999904632568,4.5920000076293945,4.584000110626221,4.5920000076293945,4.5920000076293945,4.5920000076293945,4.5920000076293945,4.5920000076293945,4.584000110626221,4.5920000076293945,4.5920000076293945,4.599999904632568,4.5920000076293945,4.599999904632568,4.599999904632568,4.599999904632568,4.5920000076293945,4.5920000076293945,4.599999904632568,4.5920000076293945,4.584000110626221,4.576000213623047,4.576000213623047,4.5920000076293945,4.607999801635742,4.599999904632568,4.5920000076293945,inf,inf,inf,inf,inf,inf,inf,inf,inf,inf,inf,inf,inf,3.759999990463257,3.759999990463257,3.759999990463257,3.759999990463257,3.759999990463257,3.740000009536743,3.740000009536743,3.740000009536743,3.7320001125335693,3.740000009536743,3.740000009536743,3.747999906539917,3.752000093460083,3.752000093460083,2.8919999599456787,2.8919999599456787,2.8919999599456787,2.8919999599456787,2.8480000495910645,2.7920000553131104,2.7239999771118164,2.6600000858306885,2.611999988555908,2.611999988555908,2.559999942779541,2.507999897003174,2.4519999027252197,2.3959999084472656,2.3559999465942383,2.3239998817443848,2.303999900817871,2.180000066757202,2.180000066757202,2.1760001182556152,2.140000104904175,2.140000104904175,2.1080000400543213,2.072000026702881,2.0439999103546143,2.0139999389648438,1.9859999418258667,1.9539999961853027,1.9220000505447388,1.909999966621399,1.909999966621399,1.906000018119812,1.8919999599456787,1.8799999952316284,1.8680000305175781,1.8420000076293945,1.8179999589920044,1.7979999780654907,1.7740000486373901,1.7480000257492065,1.7280000448226929,1.7079999446868896,1.7079999446868896,1.687999963760376,1.6660000085830688,1.6460000276565552,1.5299999713897705,1.50600004196167,1.50600004196167,1.4980000257492065,1.4859999418258667,inf,inf,inf,inf,1.4019999504089355,1.4019999504089355,1.4019999504089355,1.4019999504089355,1.4019999504089355,1.3880000114440918,1.3880000114440918,...,47.0,47.0,47.0,47.0,47.0,0.0,0.0,0.0,0.0,0.0,0.0,0.0,47.0,47.0,47.0,47.0,47.0,47.0,47.0,47.0,47.0,47.0,47.0,47.0,47.0,47.0,47.0,47.0,47.0,0.0,0.0,0.0,0.0,0.0,0.0,0.0,0.0,0.0,0.0,0.0,0.0,0.0,0.0,0.0,0.0,0.0,0.0,0.0,0.0,0.0,0.0,0.0,0.0,0.0,0.0,0.0,0.0,0.0,0.0,0.0,0.0,0.0,0.0,0.0,0.0,0.0,0.0,0.0,0.0,0.0,0.0,0.0,0.0,0.0,0.0,0.0,0.0,0.0,0.0,0.0,0.0,0.0,0.0,0.0,0.0,0.0,0.0,0.0,0.0,0.0,0.0,0.0,0.0,0.0,0.0,0.0,0.0,0.0,0.0,0.0,0.0,0.0,0.0,0.0,0.0,0.0,0.0,0.0,0.0,0.0,0.0,0.0,0.0,0.0,0.0,0.0,0.0,0.0,0.0,0.0,0.0,0.0,0.0,0.0,0.0,0.0,47.0,47.0,...
1763031044,221568181,laser,-3.1241390705108643,3.1415927410125732,0.0034828970674425364,5.3669609769713134e-05,0.09655162692070007,0.15000000596046448,16.0,4.607999801635742,4.607999801635742,4.5920000076293945,4.5920000076293945,4.576000213623047,4.576000213623047,4.567999839782715,4.584000110626221,4.5920000076293945,4.5920000076293945,4.5920000076293945,4.5920000076293945,4.5920000076293945,4.5920000076293945,4.5920000076293945,4.5920000076293945,4.5920000076293945,4.584000110626221,4.5920000076293945,4.584000110626221,4.584000110626221,4.584000110626221,4.5920000076293945,4.5920000076293945,4.599999904632568,4.599999904632568,4.599999904632568,4.599999904632568,4.5920000076293945,4.5920000076293945,4.599999904632568,4.599999904632568,4.584000110626221,4.576000213623047,4.584000110626221,4.5920000076293945,4.599999904632568,4.599999904632568,4.599999904632568,inf,inf,inf,inf,inf,inf,inf,inf,inf,inf,4.079999923706055,4.079999923706055,4.079999923706055,4.079999923706055,4.079999923706055,3.7799999713897705,3.7799999713897705,3.7799999713897705,3.7799999713897705,3.7360000610351562,3.7360000610351562,3.7320001125335693,3.740000009536743,3.747999906539917,3.747999906539917,3.747999906539917,3.747999906539917,3.747999906539917,2.864000082015991,2.864000082015991,2.864000082015991,2.864000082015991,2.7920000553131104,2.7239999771118164,2.6600000858306885,2.611999988555908,2.559999942779541,2.507999897003174,2.4560000896453857,2.3959999084472656,2.359999895095825,2.359999895095825,2.3239998817443848,2.303999900817871,2.184000015258789,2.184000015258789,2.184000015258789,2.140000104904175,2.1080000400543213,2.0759999752044678,2.0480000972747803,2.007999897003174,2.007999897003174,1.9739999771118164,1.9420000314712524,1.9119999408721924,1.8940000534057617,1.8839999437332153,1.871999979019165,1.8660000562667847,1.8580000400543213,1.8380000591278076,1.8380000591278076,1.8179999589920044,1.7979999780654907,1.7760000228881836,1.7519999742507935,1.7280000448226929,1.7100000381469727,1.687999963760376,1.6660000085830688,1.6660000085830688,1.6460000276565552,1.5099999904632568,1.5,1.5,1.5,1.4859999418258667,inf,inf,inf,inf,inf,1.4019999504089355,1.4019999504089355,1.4019999504089355,1.4019999504089355,1.4019999504089355,1.3880000114440918,...,0.0,0.0,0.0,0.0,0.0,0.0,0.0,0.0,0.0,0.0,0.0,0.0,0.0,47.0,47.0,47.0,47.0,47.0,47.0,47.0,47.0,47.0,47.0,47.0,47.0,47.0,47.0,47.0,47.0,47.0,0.0,0.0,0.0,0.0,0.0,0.0,0.0,0.0,0.0,0.0,0.0,0.0,0.0,0.0,0.0,0.0,0.0,0.0,0.0,0.0,0.0,0.0,0.0,0.0,0.0,0.0,0.0,0.0,0.0,0.0,0.0,0.0,0.0,0.0,0.0,0.0,0.0,0.0,0.0,0.0,0.0,47.0,47.0,47.0,47.0,47.0,0.0,0.0,0.0,0.0,0.0,0.0,0.0,0.0,0.0,0.0,0.0,0.0,0.0,47.0,47.0,47.0,47.0,47.0,0.0,0.0,0.0,0.0,0.0,0.0,0.0,0.0,0.0,0.0,0.0,0.0,0.0,0.0,0.0,0.0,0.0,0.0,0.0,0.0,0.0,0.0,0.0,0.0,0.0,0.0,0.0,0.0,0.0,0.0,0.0,0.0,0.0,0.0,...
1763031044,319919734,laser,-3.1241390705108643,3.1415927410125732,0.0034828970674425364,5.3634557843906805e-05,0.09648856520652771,0.15000000596046448,16.0,4.607999801635742,4.607999801635742,4.607999801635742,4.5920000076293945,4.576000213623047,4.567999839782715,4.584000110626221,4.5920000076293945,4.5920000076293945,4.5920000076293945,4.5920000076293945,4.5920000076293945,4.5920000076293945,4.5920000076293945,4.5920000076293945,4.5920000076293945,4.5920000076293945,4.584000110626221,4.5920000076293945,4.584000110626221,4.584000110626221,4.5920000076293945,4.5920000076293945,4.599999904632568,4.599999904632568,4.5920000076293945,4.599999904632568,4.599999904632568,4.5920000076293945,4.599999904632568,4.599999904632568,4.599999904632568,4.584000110626221,4.576000213623047,4.584000110626221,4.5920000076293945,4.599999904632568,4.5920000076293945,inf,inf,inf,inf,inf,inf,inf,inf,inf,inf,inf,inf,3.871999979019165,3.871999979019165,3.871999979019165,3.871999979019165,3.871999979019165,3.7799999713897705,3.7799999713897705,3.7799999713897705,3.7799999713897705,3.7360000610351562,3.740000009536743,3.74399995803833,3.747999906539917,3.747999906539917,3.747999906539917,3.747999906539917,3.747999906539917,2.927999973297119,2.864000082015991,2.864000082015991,2.864000082015991,2.7960000038146973,2.7279999256134033,2.6640000343322754,2.615999937057495,2.563999891281128,2.51200008392334,2.4679999351501465,2.4679999351501465,2.359999895095825,2.359999895095825,2.3359999656677246,2.312000036239624,2.196000099182129,2.196000099182129,2.184000015258789,2.140000104904175,2.1080000400543213,2.0759999752044678,2.0480000972747803,2.009999990463257,1.9800000190734863,1.9800000190734863,1.9520000219345093,1.9220000505447388,1.9079999923706055,1.8980000019073486,1.8880000114440918,1.8799999952316284,1.8639999628067017,1.843999981880188,1.843999981880188,1.8240000009536743,1.7999999523162842,1.777999997138977,1.7580000162124634,1.7319999933242798,1.7100000381469727,1.694000005722046,1.6699999570846558,1.649999976158142,1.649999976158142,1.50600004196167,1.50600004196167,1.496000051498413,1.496000051498413,1.4839999675750732,1.4739999771118164,inf,inf,inf,inf,inf,1.409999966621399,1.409999966621399,1.409999966621399,1.409999966621399,1.409999966621399,...,0.0,0.0,0.0,0.0,0.0,0.0,0.0,0.0,0.0,0.0,0.0,0.0,0.0,47.0,47.0,47.0,47.0,47.0,47.0,47.0,47.0,47.0,47.0,47.0,47.0,47.0,47.0,47.0,47.0,0.0,0.0,0.0,0.0,0.0,0.0,0.0,0.0,0.0,0.0,0.0,0.0,0.0,0.0,0.0,0.0,0.0,0.0,0.0,0.0,0.0,0.0,0.0,0.0,0.0,0.0,0.0,0.0,0.0,0.0,0.0,0.0,0.0,0.0,0.0,0.0,0.0,0.0,0.0,0.0,0.0,47.0,47.0,47.0,47.0,47.0,0.0,0.0,0.0,0.0,0.0,0.0,0.0,0.0,0.0,0.0,0.0,0.0,0.0,0.0,0.0,0.0,47.0,47.0,47.0,47.0,47.0,0.0,0.0,0.0,0.0,0.0,0.0,0.0,0.0,0.0,0.0,0.0,0.0,0.0,0.0,0.0,0.0,0.0,0.0,0.0,0.0,0.0,0.0,0.0,0.0,0.0,0.0,0.0,0.0,0.0,0.0,0.0,0.0,...
1763031044,417697191,laser,-3.1241390705108643,3.1415927410125732,0.0034828970674425364,5.733052603318356e-05,0.10313761234283447,0.15000000596046448,16.0,4.607999801635742,4.5920000076293945,4.5920000076293945,4.5920000076293945,4.584000110626221,4.576000213623047,4.576000213623047,4.584000110626221,4.584000110626221,4.5920000076293945,4.5920000076293945,4.5920000076293945,4.5920000076293945,4.5920000076293945,4.584000110626221,4.584000110626221,4.584000110626221,4.584000110626221,4.5920000076293945,4.5920000076293945,4.584000110626221,4.5920000076293945,4.5920000076293945,4.599999904632568,4.599999904632568,4.599999904632568,4.599999904632568,4.599999904632568,4.599999904632568,4.599999904632568,4.599999904632568,4.599999904632568,4.584000110626221,4.576000213623047,4.584000110626221,4.5920000076293945,4.599999904632568,4.599999904632568,inf,inf,inf,inf,inf,inf,inf,inf,inf,inf,inf,inf,inf,inf,inf,inf,3.759999990463257,3.759999990463257,3.759999990463257,3.759999990463257,3.759999990463257,3.7360000610351562,3.7320001125335693,3.740000009536743,3.747999906539917,3.747999906539917,3.747999906539917,3.747999906539917,2.9000000953674316,2.9000000953674316,2.9000000953674316,2.8480000495910645,2.8480000495910645,2.7920000553131104,2.7239999771118164,2.6600000858306885,2.615999937057495,2.563999891281128,2.563999891281128,2.507999897003174,2.4679999351501465,2.4119999408721924,2.364000082015991,2.3239998817443848,2.303999900817871,2.184000015258789,2.184000015258789,2.180000066757202,2.135999917984009,2.1040000915527344,2.1040000915527344,2.0759999752044678,2.0460000038146973,2.0160000324249268,1.9859999418258667,1.9539999961853027,1.9240000247955322,1.9119999408721924,1.9079999923706055,1.9079999923706055,1.8919999599456787,1.8639999628067017,1.8639999628067017,1.8380000591278076,1.8200000524520874,1.7999999523162842,1.7760000228881836,1.75600004196167,1.7319999933242798,1.7100000381469727,1.690000057220459,1.690000057220459,1.6679999828338623,1.649999976158142,1.534000039100647,1.534000039100647,1.50600004196167,1.496000051498413,1.4859999418258667,1.4780000448226929,inf,inf,inf,inf,inf,1.399999976158142,1.399999976158142,1.399999976158142,1.399999976158142,1.399999976158142,...,0.0,0.0,0.0,0.0,0.0,0.0,0.0,0.0,0.0,0.0,0.0,0.0,0.0,47.0,47.0,47.0,47.0,47.0,47.0,47.0,47.0,47.0,47.0,47.0,47.0,47.0,47.0,47.0,0.0,0.0,0.0,0.0,0.0,0.0,0.0,0.0,0.0,0.0,0.0,0.0,0.0,0.0,0.0,0.0,0.0,0.0,0.0,0.0,0.0,0.0,0.0,0.0,0.0,0.0,0.0,0.0,0.0,0.0,0.0,0.0,0.0,0.0,0.0,0.0,0.0,0.0,0.0,0.0,0.0,47.0,47.0,47.0,47.0,47.0,0.0,0.0,0.0,0.0,0.0,0.0,0.0,0.0,0.0,0.0,0.0,0.0,0.0,0.0,0.0,0.0,47.0,47.0,47.0,47.0,47.0,0.0,0.0,0.0,0.0,0.0,0.0,0.0,0.0,0.0,0.0,0.0,0.0,0.0,0.0,0.0,0.0,0.0,0.0,0.0,0.0,0.0,0.0,0.0,0.0,0.0,0.0,0.0,0.0,0.0,0.0,0.0,0.0,0.0,...
1763031044,522289035,laser,-3.1241390705108643,3.1415927410125732,0.0034828970674425364,5.377641355153173e-05,0.09674376994371414,0.15000000596046448,16.0,4.607999801635742,4.5920000076293945,4.5920000076293945,4.5920000076293945,4.576000213623047,4.567999839782715,4.567999839782715,4.584000110626221,4.5920000076293945,4.5920000076293945,4.5920000076293945,4.599999904632568,4.5920000076293945,4.5920000076293945,4.5920000076293945,4.5920000076293945,4.5920000076293945,4.584000110626221,4.5920000076293945,4.584000110626221,4.584000110626221,4.584000110626221,4.5920000076293945,4.5920000076293945,4.599999904632568,4.599999904632568,4.599999904632568,4.599999904632568,4.5920000076293945,4.5920000076293945,4.599999904632568,4.5920000076293945,4.576000213623047,4.576000213623047,4.584000110626221,4.5920000076293945,4.599999904632568,4.599999904632568,4.599999904632568,inf,inf,inf,inf,inf,inf,inf,inf,inf,inf,inf,inf,inf,inf,inf,3.759999990463257,3.759999990463257,3.759999990463257,3.759999990463257,3.759999990463257,3.74399995803833,3.740000009536743,3.740000009536743,3.740000009536743,3.747999906539917,3.747999906539917,3.752000093460083,2.888000011444092,2.888000011444092,2.888000011444092,2.8359999656677246,2.8359999656677246,2.7799999713897705,2.7200000286102295,2.6559998989105225,2.611999988555908,2.563999891281128,2.563999891281128,2.507999897003174,2.4519999027252197,2.4000000953674316,2.3519999980926514,2.303999900817871,2.2920000553131104,2.191999912261963,2.191999912261963,2.1760001182556152,2.131999969482422,2.1040000915527344,2.1040000915527344,2.0759999752044678,2.0360000133514404,2.0,1.9780000448226929,1.9479999542236328,1.9119999408721924,1.8899999856948853,1.8799999952316284,1.871999979019165,1.8600000143051147,1.8519999980926514,1.8519999980926514,1.8359999656677246,1.8200000524520874,1.7979999780654907,1.7740000486373901,1.75,1.7280000448226929,1.7100000381469727,1.690000057220459,1.690000057220459,1.6660000085830688,1.649999976158142,1.534000039100647,1.534000039100647,1.50600004196167,1.496000051498413,1.4859999418258667,inf,inf,inf,inf,inf,inf,1.399999976158142,1.399999976158142,1.399999976158142,1.399999976158142,1.399999976158142,...,0.0,0.0,0.0,0.0,0.0,0.0,0.0,0.0,0.0,0.0,0.0,0.0,0.0,47.0,47.0,47.0,47.0,47.0,47.0,47.0,47.0,47.0,47.0,47.0,47.0,47.0,47.0,47.0,0.0,0.0,0.0,0.0,0.0,0.0,0.0,0.0,0.0,0.0,0.0,0.0,0.0,0.0,0.0,0.0,0.0,0.0,0.0,0.0,0.0,0.0,0.0,0.0,0.0,0.0,0.0,0.0,0.0,0.0,0.0,0.0,0.0,47.0,47.0,47.0,47.0,47.0,0.0,0.0,0.0,0.0,0.0,0.0,0.0,0.0,0.0,0.0,0.0,0.0,0.0,0.0,0.0,0.0,0.0,0.0,0.0,0.0,0.0,0.0,0.0,0.0,0.0,0.0,0.0,0.0,0.0,0.0,0.0,0.0,0.0,0.0,0.0,0.0,0.0,0.0,0.0,0.0,0.0,0.0,0.0,0.0,0.0,0.0,0.0,0.0,0.0,0.0,0.0,0.0,0.0,0.0,0.0,0.0,0.0,0.0,0.0,0.0,0.0,0.0,...
1763031044,620355935,laser,-3.1241390705108643,3.1415927410125732,0.0034828970674425364,5.3884850785834715e-05,0.0969388484954834,0.15000000596046448,16.0,4.599999904632568,4.5920000076293945,4.5920000076293945,4.5920000076293945,4.5920000076293945,4.576000213623047,4.576000213623047,4.584000110626221,4.5920000076293945,4.5920000076293945,4.5920000076293945,4.599999904632568,4.5920000076293945,4.5920000076293945,4.5920000076293945,4.5920000076293945,4.5920000076293945,4.5920000076293945,4.5920000076293945,4.584000110626221,4.584000110626221,4.584000110626221,4.5920000076293945,4.599999904632568,4.599999904632568,4.5920000076293945,4.5920000076293945,4.5920000076293945,4.5920000076293945,4.5920000076293945,4.5920000076293945,4.5920000076293945,4.584000110626221,4.576000213623047,4.599999904632568,4.607999801635742,4.607999801635742,4.599999904632568,4.599999904632568,inf,inf,inf,inf,inf,inf,inf,inf,inf,inf,inf,inf,inf,3.808000087738037,3.808000087738037,3.808000087738037,3.808000087738037,3.808000087738037,3.75600004196167,3.75600004196167,3.75600004196167,3.752000093460083,3.752000093460083,3.740000009536743,3.747999906539917,3.747999906539917,3.752000093460083,2.888000011444092,2.888000011444092,2.888000011444092,2.888000011444092,2.8359999656677246,2.7720000743865967,2.7119998931884766,2.6559998989105225,2.611999988555908,2.611999988555908,2.555999994277954,2.503999948501587,2.4519999027252197,2.3959999084472656,2.3519999980926514,2.303999900817871,2.2920000553131104,2.2039999961853027,2.2039999961853027,2.171999931335449,2.171999931335449,2.131999969482422,2.1040000915527344,2.072000026702881,2.0320000648498535,2.0,1.9780000448226929,1.9459999799728394,1.9119999408721924,1.8899999856948853,1.8799999952316284,1.8660000562667847,1.8660000562667847,1.8539999723434448,1.850000023841858,1.8359999656677246,1.8179999589920044,1.7979999780654907,1.7719999551773071,1.7480000257492065,1.7280000448226929,1.7079999446868896,1.7079999446868896,1.687999963760376,1.6660000085830688,1.6460000276565552,1.5299999713897705,1.50600004196167,1.50600004196167,1.496000051498413,1.4839999675750732,inf,inf,inf,inf,1.4040000438690186,1.4040000438690186,1.4040000438690186,1.4040000438690186,1.4040000438690186,1.3880000114440918,1.3880000114440918,...,0.0,0.0,0.0,0.0,0.0,0.0,0.0,0.0,0.0,0.0,0.0,0.0,47.0,47.0,47.0,47.0,47.0,47.0,47.0,47.0,47.0,47.0,47.0,47.0,47.0,47.0,47.0,47.0,47.0,47.0,47.0,0.0,0.0,0.0,0.0,0.0,0.0,0.0,0.0,0.0,0.0,0.0,0.0,0.0,0.0,0.0,0.0,0.0,0.0,0.0,0.0,0.0,0.0,0.0,0.0,0.0,0.0,0.0,0.0,0.0,0.0,0.0,0.0,0.0,0.0,0.0,0.0,0.0,47.0,47.0,47.0,47.0,47.0,0.0,0.0,0.0,0.0,0.0,0.0,0.0,0.0,0.0,0.0,0.0,0.0,0.0,0.0,0.0,0.0,0.0,0.0,0.0,0.0,0.0,0.0,0.0,0.0,0.0,0.0,0.0,0.0,0.0,0.0,0.0,0.0,0.0,0.0,0.0,0.0,0.0,0.0,0.0,0.0,0.0,0.0,0.0,0.0,0.0,0.0,0.0,0.0,0.0,0.0,0.0,47.0,47.0,47.0,47.0,...
1763031044,718712537,laser,-3.1241390705108643,3.1415927410125732,0.0034828970674425364,5.7295408623758703e-05,0.10307443886995316,0.15000000596046448,16.0,4.616000175476074,4.616000175476074,4.599999904632568,4.599999904632568,4.5920000076293945,4.576000213623047,4.567999839782715,4.584000110626221,4.5920000076293945,4.5920000076293945,4.5920000076293945,4.5920000076293945,4.599999904632568,4.5920000076293945,4.584000110626221,4.5920000076293945,4.5920000076293945,4.5920000076293945,4.5920000076293945,4.5920000076293945,4.584000110626221,4.5920000076293945,4.5920000076293945,4.599999904632568,4.599999904632568,4.599999904632568,4.599999904632568,4.599999904632568,4.5920000076293945,4.5920000076293945,4.599999904632568,4.5920000076293945,4.584000110626221,4.576000213623047,4.599999904632568,4.599999904632568,4.607999801635742,4.599999904632568,4.5920000076293945,inf,inf,inf,inf,inf,inf,inf,4.0920000076293945,4.0920000076293945,4.0920000076293945,4.0920000076293945,4.0920000076293945,3.98799991607666,3.98799991607666,3.98799991607666,3.880000114440918,3.880000114440918,3.880000114440918,3.880000114440918,3.7880001068115234,3.740000009536743,3.740000009536743,3.74399995803833,3.747999906539917,3.747999906539917,3.747999906539917,3.747999906539917,3.747999906539917,2.875999927520752,2.875999927520752,2.875999927520752,2.875999927520752,2.815999984741211,2.671999931335449,2.671999931335449,2.624000072479248,2.563999891281128,2.5239999294281006,2.4800000190734863,2.4200000762939453,2.371999979019165,2.371999979019165,2.3359999656677246,2.299999952316284,2.200000047683716,2.187999963760376,2.187999963760376,2.1559998989105225,2.115999937057495,2.0799999237060547,2.052000045776367,2.052000045776367,1.9800000190734863,1.9800000190734863,1.9600000381469727,1.9279999732971191,1.9019999504089355,1.8839999437332153,1.871999979019165,1.8639999628067017,1.8539999723434448,1.843999981880188,1.8259999752044678,1.8259999752044678,1.805999994277954,1.781999945640564,1.7580000162124634,1.7339999675750732,1.715999960899353,1.6979999542236328,1.6779999732971191,1.6619999408721924,1.6319999694824219,1.5160000324249268,1.5,1.5,1.5,1.4880000352859497,1.4800000190734863,inf,inf,inf,inf,1.409999966621399,1.409999966621399,1.409999966621399,1.409999966621399,1.409999966621399,1.399999976158142,...,0.0,0.0,0.0,0.0,0.0,0.0,0.0,0.0,0.0,0.0,0.0,0.0,47.0,47.0,47.0,47.0,47.0,47.0,47.0,47.0,47.0,47.0,47.0,47.0,47.0,47.0,47.0,47.0,47.0,47.0,0.0,0.0,0.0,0.0,0.0,0.0,0.0,0.0,0.0,0.0,0.0,0.0,0.0,0.0,0.0,0.0,0.0,0.0,0.0,0.0,0.0,0.0,0.0,0.0,0.0,0.0,0.0,0.0,0.0,0.0,0.0,0.0,0.0,0.0,0.0,0.0,0.0,0.0,0.0,0.0,0.0,0.0,0.0,0.0,0.0,0.0,0.0,0.0,0.0,0.0,0.0,0.0,0.0,0.0,0.0,0.0,0.0,0.0,0.0,0.0,0.0,0.0,0.0,0.0,0.0,0.0,0.0,0.0,0.0,0.0,0.0,0.0,0.0,0.0,0.0,0.0,0.0,0.0,0.0,0.0,0.0,0.0,0.0,0.0,0.0,0.0,0.0,0.0,0.0,0.0,0.0,0.0,0.0,0.0,0.0,0.0,0.0,0.0,...
1763031044,823209273,laser,-3.1241390705108643,3.1415927410125732,0.0034828970674425364,5.3789732191944495e-05,0.09676773101091385,0.15000000596046448,16.0,4.616000175476074,4.616000175476074,4.616000175476074,4.5920000076293945,4.576000213623047,4.576000213623047,4.576000213623047,4.584000110626221,4.584000110626221,4.5920000076293945,4.5920000076293945,4.5920000076293945,4.5920000076293945,4.5920000076293945,4.584000110626221,4.584000110626221,4.584000110626221,4.584000110626221,4.5920000076293945,4.5920000076293945,4.5920000076293945,4.5920000076293945,4.5920000076293945,4.5920000076293945,4.5920000076293945,4.5920000076293945,4.599999904632568,4.599999904632568,4.5920000076293945,4.599999904632568,4.599999904632568,4.599999904632568,4.5920000076293945,4.584000110626221,4.584000110626221,4.599999904632568,4.607999801635742,4.599999904632568,inf,inf,inf,inf,inf,inf,inf,inf,inf,inf,inf,inf,inf,inf,3.7639999389648438,3.7639999389648438,3.7639999389648438,3.7639999389648438,3.7639999389648438,3.74399995803833,3.74399995803833,3.74399995803833,3.7360000610351562,3.7360000610351562,3.747999906539917,3.747999906539917,3.747999906539917,3.752000093460083,2.8919999599456787,2.8919999599456787,2.8919999599456787,2.8919999599456787,2.8399999141693115,2.7839999198913574,2.7239999771118164,2.6640000343322754,2.615999937057495,2.563999891281128,2.507999897003174,2.507999897003174,2.4079999923706055,2.4079999923706055,2.371999979019165,2.3239998817443848,2.303999900817871,2.184000015258789,2.184000015258789,2.180000066757202,2.128000020980835,2.0999999046325684,2.072000026702881,2.072000026702881,2.0439999103546143,2.0179998874664307,1.9859999418258667,1.9559999704360962,1.9299999475479126,1.9199999570846558,1.9160000085830688,1.899999976158142,1.8860000371932983,1.8680000305175781,1.8680000305175781,1.8420000076293945,1.8220000267028809,1.7999999523162842,1.7760000228881836,1.7519999742507935,1.7300000190734863,1.7100000381469727,1.694000005722046,1.6699999570846558,1.6699999570846558,1.649999976158142,1.50600004196167,1.50600004196167,1.50600004196167,1.5,1.4900000095367432,inf,inf,inf,inf,1.399999976158142,1.399999976158142,1.399999976158142,1.399999976158142,1.399999976158142,1.3919999599456787,1.3919999599456787,...,0.0,0.0,0.0,0.0,0.0,0.0,0.0,0.0,0.0,0.0,0.0,0.0,0.0,47.0,47.0,47.0,47.0,47.0,47.0,47.0,47.0,47.0,47.0,47.0,47.0,47.0,47.0,47.0,47.0,0.0,0.0,0.0,0.0,0.0,0.0,0.0,0.0,0.0,0.0,0.0,0.0,0.0,0.0,0.0,0.0,0.0,0.0,0.0,0.0,0.0,0.0,0.0,0.0,0.0,0.0,0.0,0.0,0.0,0.0,0.0,0.0,0.0,0.0,0.0,0.0,0.0,0.0,0.0,0.0,0.0,0.0,0.0,0.0,0.0,0.0,0.0,0.0,0.0,0.0,0.0,0.0,0.0,0.0,0.0,0.0,0.0,0.0,0.0,0.0,0.0,0.0,0.0,0.0,0.0,0.0,0.0,0.0,0.0,0.0,0.0,0.0,0.0,0.0,0.0,0.0,0.0,0.0,0.0,0.0,0.0,0.0,0.0,0.0,0.0,0.0,0.0,0.0,0.0,0.0,0.0,0.0,0.0,0.0,0.0,0.0,0.0,0.0,0.0,...
1763031044,921485988,laser,-3.1241390705108643,3.1415927410125732,0.0034828970674425364,5.37968153366819e-05,0.09678047150373459,0.15000000596046448,16.0,4.599999904632568,4.599999904632568,4.5920000076293945,4.5920000076293945,4.5920000076293945,4.576000213623047,4.576000213623047,4.584000110626221,4.5920000076293945,4.5920000076293945,4.5920000076293945,4.599999904632568,4.599999904632568,4.599999904632568,4.5920000076293945,4.5920000076293945,4.5920000076293945,4.584000110626221,4.584000110626221,4.584000110626221,4.584000110626221,4.584000110626221,4.5920000076293945,4.5920000076293945,4.599999904632568,4.5920000076293945,4.5920000076293945,4.5920000076293945,4.5920000076293945,4.5920000076293945,4.599999904632568,4.5920000076293945,4.584000110626221,4.584000110626221,4.584000110626221,4.5920000076293945,4.599999904632568,4.599999904632568,4.599999904632568,inf,inf,inf,inf,inf,inf,inf,inf,inf,inf,inf,inf,3.98799991607666,3.98799991607666,3.98799991607666,3.98799991607666,3.98799991607666,3.888000011444092,3.7960000038146973,3.7960000038146973,3.740000009536743,3.7360000610351562,3.7360000610351562,3.740000009536743,3.747999906539917,3.747999906539917,3.747999906539917,3.747999906539917,2.931999921798706,2.931999921798706,2.888000011444092,2.888000011444092,2.740000009536743,2.740000009536743,2.684000015258789,2.640000104904175,2.5999999046325684,2.5399999618530273,2.4839999675750732,2.436000108718872,2.384000062942505,2.3359999656677246,2.2960000038146973,2.2960000038146973,2.252000093460083,2.2279999256134033,2.191999912261963,2.1440000534057617,2.1080000400543213,2.0799999237060547,2.052000045776367,2.0179998874664307,1.996000051498413,1.9780000448226929,1.9520000219345093,1.9520000219345093,1.934000015258789,1.9259999990463257,1.9160000085830688,1.899999976158142,1.878000020980835,1.8559999465942383,1.8380000591278076,1.815999984741211,1.784000039100647,1.784000039100647,1.7580000162124634,1.7400000095367432,1.722000002861023,1.7039999961853027,1.684000015258789,1.6619999408721924,1.6380000114440918,1.5199999809265137,1.5199999809265137,1.503999948501587,1.4880000352859497,1.4800000190734863,1.4800000190734863,1.468000054359436,inf,inf,inf,inf,inf,1.399999976158142,1.399999976158142,1.399999976158142,1.399999976158142,...,0.0,0.0,0.0,0.0,0.0,0.0,0.0,0.0,0.0,0.0,0.0,0.0,47.0,47.0,47.0,47.0,47.0,47.0,47.0,47.0,47.0,47.0,47.0,47.0,47.0,47.0,47.0,47.0,47.0,47.0,0.0,0.0,0.0,0.0,0.0,0.0,0.0,0.0,0.0,0.0,0.0,0.0,0.0,0.0,0.0,0.0,0.0,0.0,0.0,0.0,0.0,0.0,0.0,0.0,0.0,0.0,0.0,0.0,0.0,0.0,0.0,0.0,0.0,0.0,0.0,0.0,0.0,0.0,0.0,0.0,0.0,0.0,0.0,0.0,0.0,0.0,0.0,0.0,0.0,0.0,0.0,0.0,0.0,0.0,0.0,0.0,0.0,0.0,0.0,0.0,0.0,0.0,0.0,0.0,0.0,0.0,0.0,0.0,0.0,0.0,0.0,0.0,0.0,0.0,0.0,0.0,0.0,0.0,0.0,0.0,0.0,0.0,0.0,0.0,0.0,0.0,0.0,0.0,0.0,0.0,0.0,0.0,0.0,0.0,0.0,0.0,0.0,0.0,...
1763031045,19852957,laser,-3.1241390705108643,3.1415927410125732,0.0034828970674425364,5.7117289543384686e-05,0.10275400429964066,0.15000000596046448,16.0,4.616000175476074,4.616000175476074,4.599999904632568,4.599999904632568,4.584000110626221,4.567999839782715,4.567999839782715,4.584000110626221,4.5920000076293945,4.5920000076293945,4.5920000076293945,4.5920000076293945,4.599999904632568,4.5920000076293945,4.584000110626221,4.584000110626221,4.584000110626221,4.584000110626221,4.5920000076293945,4.5920000076293945,4.584000110626221,4.5920000076293945,4.5920000076293945,4.599999904632568,4.599999904632568,4.5920000076293945,4.599999904632568,4.599999904632568,4.599999904632568,4.599999904632568,4.599999904632568,4.5920000076293945,4.5920000076293945,4.584000110626221,4.584000110626221,4.599999904632568,4.607999801635742,4.599999904632568,4.567999839782715,inf,inf,inf,inf,inf,inf,inf,4.104000091552734,4.104000091552734,4.104000091552734,4.104000091552734,4.104000091552734,3.98799991607666,3.98799991607666,3.98799991607666,3.884000062942505,3.884000062942505,3.884000062942505,3.7920000553131104,3.74399995803833,3.74399995803833,3.7360000610351562,3.740000009536743,3.74399995803833,3.747999906539917,3.747999906539917,2.931999921798706,2.931999921798706,2.884000062942505,2.884000062942505,2.884000062942505,2.884000062942505,2.740000009536743,2.740000009536743,2.684000015258789,2.628000020980835,2.572000026702881,2.5320000648498535,2.4800000190734863,2.4240000247955322,2.371999979019165,2.3359999656677246,2.2960000038146973,2.2960000038146973,2.2360000610351562,2.2079999446868896,2.191999912261963,2.140000104904175,2.0999999046325684,2.0799999237060547,2.052000045776367,2.0160000324249268,1.9859999418258667,1.9539999961853027,1.9539999961853027,1.9240000247955322,1.9040000438690186,1.8819999694824219,1.8700000047683716,1.8639999628067017,1.8519999980926514,1.840000033378601,1.8220000267028809,1.8020000457763672,1.8020000457763672,1.7799999713897705,1.7580000162124634,1.7380000352859497,1.7200000286102295,1.7000000476837158,1.6779999732971191,1.659999966621399,1.6360000371932983,1.5140000581741333,1.5,1.5,1.4880000352859497,1.4880000352859497,inf,inf,inf,inf,inf,1.4040000438690186,1.4040000438690186,1.4040000438690186,1.4040000438690186,1.4040000438690186,1.3960000276565552,...,0.0,0.0,0.0,0.0,0.0,0.0,0.0,0.0,0.0,0.0,0.0,0.0,0.0,47.0,47.0,47.0,47.0,47.0,47.0,47.0,47.0,47.0,47.0,47.0,47.0,47.0,47.0,47.0,47.0,47.0,47.0,0.0,0.0,0.0,0.0,0.0,0.0,0.0,0.0,0.0,0.0,0.0,0.0,0.0,0.0,0.0,0.0,0.0,0.0,0.0,0.0,0.0,0.0,0.0,0.0,0.0,0.0,0.0,0.0,0.0,0.0,0.0,0.0,0.0,0.0,0.0,0.0,0.0,0.0,0.0,0.0,47.0,47.0,47.0,47.0,47.0,0.0,0.0,0.0,0.0,0.0,0.0,0.0,0.0,0.0,0.0,0.0,0.0,0.0,47.0,47.0,47.0,47.0,47.0,0.0,0.0,0.0,0.0,0.0,0.0,0.0,0.0,0.0,0.0,0.0,0.0,0.0,0.0,0.0,0.0,0.0,0.0,0.0,0.0,0.0,0.0,0.0,0.0,0.0,0.0,0.0,0.0,0.0,0.0,0.0,0.0,0.0,0.0,...
1763031045,124182648,laser,-3.1241390705108643,3.1415927410125732,0.0034828970674425364,5.3755731642013416e-05,0.0967065617442131,0.15000000596046448,16.0,4.616000175476074,4.616000175476074,4.616000175476074,4.5920000076293945,4.576000213623047,4.576000213623047,4.567999839782715,4.584000110626221,4.5920000076293945,4.5920000076293945,4.5920000076293945,4.5920000076293945,4.5920000076293945,4.5920000076293945,4.584000110626221,4.584000110626221,4.5920000076293945,4.5920000076293945,4.5920000076293945,4.5920000076293945,4.584000110626221,4.5920000076293945,4.5920000076293945,4.599999904632568,4.599999904632568,4.5920000076293945,4.599999904632568,4.599999904632568,4.599999904632568,4.599999904632568,4.599999904632568,4.5920000076293945,4.584000110626221,4.584000110626221,4.584000110626221,4.599999904632568,4.607999801635742,4.599999904632568,4.544000148773193,inf,inf,inf,inf,inf,inf,inf,inf,inf,inf,inf,inf,inf,3.8440001010894775,3.8440001010894775,3.8440001010894775,3.8440001010894775,3.8440001010894775,3.7679998874664307,3.7679998874664307,3.740000009536743,3.7320001125335693,3.7360000610351562,3.74399995803833,3.74399995803833,3.747999906539917,3.752000093460083,2.8919999599456787,2.8919999599456787,2.8919999599456787,2.8919999599456787,2.8399999141693115,2.7880001068115234,2.7239999771118164,2.6559998989105225,2.615999937057495,2.559999942779541,2.503999948501587,2.503999948501587,2.4079999923706055,2.4079999923706055,2.368000030517578,2.3239998817443848,2.303999900817871,2.184000015258789,2.184000015258789,2.180000066757202,2.131999969482422,2.0999999046325684,2.063999891281128,2.063999891281128,2.0360000133514404,2.0160000324249268,1.9859999418258667,1.9539999961853027,1.9240000247955322,1.9040000438690186,1.8980000019073486,1.8899999856948853,1.878000020980835,1.8660000562667847,1.8660000562667847,1.8420000076293945,1.8220000267028809,1.8020000457763672,1.7760000228881836,1.7519999742507935,1.7300000190734863,1.7100000381469727,1.690000057220459,1.6679999828338623,1.6679999828338623,1.6460000276565552,1.50600004196167,1.50600004196167,1.50600004196167,1.5,1.4900000095367432,inf,inf,inf,inf,1.4019999504089355,1.4019999504089355,1.4019999504089355,1.4019999504089355,1.4019999504089355,1.3860000371932983,1.3860000371932983,...,0.0,0.0,0.0,0.0,0.0,0.0,0.0,0.0,0.0,0.0,0.0,0.0,0.0,47.0,47.0,47.0,47.0,47.0,47.0,47.0,47.0,47.0,47.0,47.0,47.0,47.0,47.0,47.0,47.0,0.0,0.0,0.0,0.0,0.0,0.0,0.0,0.0,0.0,0.0,0.0,0.0,0.0,0.0,0.0,0.0,0.0,0.0,0.0,0.0,0.0,0.0,0.0,0.0,0.0,0.0,0.0,0.0,0.0,0.0,0.0,0.0,0.0,0.0,0.0,0.0,0.0,0.0,0.0,0.0,0.0,0.0,0.0,0.0,0.0,0.0,0.0,0.0,0.0,0.0,0.0,0.0,0.0,0.0,0.0,0.0,0.0,0.0,0.0,0.0,0.0,0.0,47.0,47.0,47.0,47.0,47.0,0.0,0.0,0.0,0.0,0.0,0.0,0.0,0.0,0.0,0.0,0.0,0.0,0.0,0.0,0.0,0.0,0.0,0.0,0.0,0.0,0.0,0.0,0.0,0.0,0.0,0.0,0.0,0.0,0.0,0.0,0.0,0.0,...
1763031045,222464240,laser,-3.1241390705108643,3.1415927410125732,0.0034828970674425364,5.380004222388379e-05,0.09678627550601959,0.15000000596046448,16.0,4.607999801635742,4.607999801635742,4.5920000076293945,4.5920000076293945,4.576000213623047,4.567999839782715,4.584000110626221,4.584000110626221,4.5920000076293945,4.5920000076293945,4.5920000076293945,4.5920000076293945,4.599999904632568,4.5920000076293945,4.5920000076293945,4.5920000076293945,4.5920000076293945,4.584000110626221,4.5920000076293945,4.5920000076293945,4.584000110626221,4.5920000076293945,4.5920000076293945,4.5920000076293945,4.599999904632568,4.599999904632568,4.599999904632568,4.599999904632568,4.5920000076293945,4.599999904632568,4.599999904632568,4.599999904632568,4.584000110626221,4.576000213623047,4.584000110626221,4.5920000076293945,4.599999904632568,4.599999904632568,4.599999904632568,inf,inf,inf,inf,inf,inf,inf,inf,inf,inf,inf,inf,inf,3.875999927520752,3.875999927520752,3.875999927520752,3.875999927520752,3.875999927520752,3.7880001068115234,3.7880001068115234,3.740000009536743,3.7360000610351562,3.7360000610351562,3.74399995803833,3.747999906539917,3.747999906539917,3.747999906539917,3.747999906539917,2.9240000247955322,2.9240000247955322,2.9240000247955322,2.859999895095825,2.7920000553131104,2.7239999771118164,2.6600000858306885,2.615999937057495,2.559999942779541,2.507999897003174,2.507999897003174,2.4679999351501465,2.4159998893737793,2.368000030517578,2.3239998817443848,2.303999900817871,2.184000015258789,2.184000015258789,2.180000066757202,2.131999969482422,2.0999999046325684,2.0999999046325684,2.063999891281128,2.0360000133514404,2.0179998874664307,1.9859999418258667,1.9600000381469727,1.9420000314712524,1.9320000410079956,1.9240000247955322,1.909999966621399,1.909999966621399,1.8919999599456787,1.871999979019165,1.8459999561309814,1.8259999752044678,1.8020000457763672,1.777999997138977,1.753999948501587,1.7319999933242798,1.7100000381469727,1.690000057220459,1.690000057220459,1.6679999828338623,1.6480000019073486,1.50600004196167,1.50600004196167,1.50600004196167,1.4980000257492065,1.4880000352859497,inf,inf,inf,inf,1.4019999504089355,1.4019999504089355,1.4019999504089355,1.4019999504089355,1.4019999504089355,1.3880000114440918,1.3880000114440918,...,0.0,0.0,0.0,0.0,0.0,0.0,0.0,0.0,0.0,0.0,0.0,0.0,0.0,47.0,47.0,47.0,47.0,47.0,47.0,47.0,47.0,47.0,47.0,47.0,47.0,47.0,47.0,47.0,47.0,47.0,0.0,0.0,0.0,0.0,0.0,0.0,0.0,0.0,0.0,0.0,0.0,0.0,0.0,0.0,0.0,0.0,0.0,0.0,0.0,0.0,0.0,0.0,0.0,0.0,0.0,0.0,0.0,0.0,0.0,0.0,0.0,0.0,0.0,0.0,0.0,0.0,0.0,0.0,0.0,0.0,0.0,0.0,0.0,0.0,0.0,0.0,0.0,0.0,0.0,0.0,0.0,0.0,0.0,0.0,0.0,0.0,0.0,0.0,0.0,47.0,47.0,47.0,47.0,47.0,0.0,0.0,0.0,0.0,0.0,0.0,0.0,0.0,0.0,0.0,0.0,0.0,0.0,0.0,0.0,0.0,0.0,0.0,0.0,0.0,0.0,0.0,0.0,0.0,0.0,0.0,0.0,0.0,0.0,0.0,0.0,0.0,0.0,0.0,...
1763031045,320780528,laser,-3.1241390705108643,3.1415927410125732,0.0034828970674425364,5.712382699130103e-05,0.1027657613158226,0.15000000596046448,16.0,4.607999801635742,4.607999801635742,4.599999904632568,4.599999904632568,4.584000110626221,4.567999839782715,4.576000213623047,4.584000110626221,4.584000110626221,4.5920000076293945,4.5920000076293945,4.5920000076293945,4.5920000076293945,4.5920000076293945,4.584000110626221,4.584000110626221,4.584000110626221,4.584000110626221,4.5920000076293945,4.5920000076293945,4.584000110626221,4.5920000076293945,4.5920000076293945,4.599999904632568,4.599999904632568,4.599999904632568,4.599999904632568,4.599999904632568,4.5920000076293945,4.5920000076293945,4.599999904632568,4.599999904632568,4.584000110626221,4.576000213623047,4.576000213623047,4.5920000076293945,4.607999801635742,4.599999904632568,inf,inf,inf,inf,inf,inf,inf,inf,inf,inf,inf,inf,inf,inf,3.759999990463257,3.759999990463257,3.759999990463257,3.759999990463257,3.759999990463257,3.74399995803833,3.74399995803833,3.74399995803833,3.7360000610351562,3.7360000610351562,3.7360000610351562,3.74399995803833,3.747999906539917,3.752000093460083,2.884000062942505,2.884000062942505,2.884000062942505,2.884000062942505,2.828000068664551,2.7760000228881836,2.7760000228881836,2.6600000858306885,2.611999988555908,2.611999988555908,2.555999994277954,2.5,2.4600000381469727,2.4040000438690186,2.3480000495910645,2.299999952316284,2.2880001068115234,2.191999912261963,2.191999912261963,2.191999912261963,2.1600000858306885,2.128000020980835,2.0999999046325684,2.063999891281128,2.0280001163482666,2.003999948501587,1.9800000190734863,1.9520000219345093,1.9240000247955322,1.9240000247955322,1.9079999923706055,1.8980000019073486,1.8899999856948853,1.871999979019165,1.8559999465942383,1.8380000591278076,1.8200000524520874,1.7960000038146973,1.7719999551773071,1.7719999551773071,1.7519999742507935,1.7300000190734863,1.7079999446868896,1.687999963760376,1.6660000085830688,1.6440000534057617,1.527999997138977,1.50600004196167,1.50600004196167,1.49399995803833,1.4839999675750732,1.468000054359436,1.468000054359436,1.4320000410079956,1.4320000410079956,1.4320000410079956,1.4320000410079956,1.3980000019073486,1.3980000019073486,1.3980000019073486,1.3819999694824219,1.3819999694824219,...,0.0,0.0,0.0,0.0,0.0,0.0,0.0,0.0,0.0,0.0,0.0,0.0,0.0,47.0,47.0,47.0,47.0,47.0,47.0,47.0,47.0,47.0,47.0,47.0,47.0,47.0,47.0,47.0,47.0,47.0,47.0,0.0,0.0,0.0,0.0,0.0,0.0,0.0,0.0,0.0,0.0,0.0,0.0,0.0,0.0,0.0,0.0,0.0,0.0,0.0,0.0,0.0,0.0,0.0,0.0,0.0,0.0,0.0,0.0,0.0,0.0,0.0,0.0,0.0,0.0,0.0,0.0,0.0,0.0,0.0,0.0,0.0,0.0,0.0,0.0,0.0,0.0,0.0,0.0,0.0,0.0,0.0,0.0,0.0,0.0,0.0,0.0,0.0,0.0,0.0,0.0,0.0,0.0,0.0,0.0,0.0,0.0,0.0,0.0,0.0,0.0,0.0,0.0,0.0,0.0,0.0,47.0,47.0,47.0,47.0,47.0,0.0,0.0,0.0,0.0,0.0,0.0,0.0,0.0,0.0,0.0,0.0,0.0,0.0,0.0,47.0,47.0,47.0,...
1763031045,425034852,laser,-3.1241390705108643,3.1415927410125732,0.0034828970674425364,5.3786679927725345e-05,0.09676223993301392,0.15000000596046448,16.0,4.607999801635742,4.607999801635742,4.5920000076293945,4.5920000076293945,4.576000213623047,4.567999839782715,4.567999839782715,4.576000213623047,4.5920000076293945,4.5920000076293945,4.5920000076293945,4.5920000076293945,4.5920000076293945,4.5920000076293945,4.5920000076293945,4.5920000076293945,4.5920000076293945,4.584000110626221,4.584000110626221,4.584000110626221,4.584000110626221,4.584000110626221,4.5920000076293945,4.5920000076293945,4.599999904632568,4.5920000076293945,4.5920000076293945,4.5920000076293945,4.5920000076293945,4.5920000076293945,4.5920000076293945,4.5920000076293945,4.584000110626221,4.576000213623047,4.584000110626221,4.5920000076293945,4.5920000076293945,4.599999904632568,4.599999904632568,inf,inf,inf,inf,inf,inf,inf,inf,inf,inf,inf,inf,inf,3.7639999389648438,3.7639999389648438,3.7639999389648438,3.7639999389648438,3.7639999389648438,3.740000009536743,3.740000009536743,3.740000009536743,3.7320001125335693,3.7360000610351562,3.74399995803833,3.74399995803833,3.74399995803833,3.747999906539917,2.9079999923706055,2.9079999923706055,2.9079999923706055,2.9079999923706055,2.8480000495910645,2.7960000038146973,2.7239999771118164,2.6600000858306885,2.615999937057495,2.559999942779541,2.507999897003174,2.447999954223633,2.3919999599456787,2.3559999465942383,2.3559999465942383,2.319999933242798,2.2960000038146973,2.1760001182556152,2.1760001182556152,2.1760001182556152,2.131999969482422,2.0999999046325684,2.068000078201294,2.068000078201294,1.996000051498413,1.996000051498413,1.972000002861023,1.9479999542236328,1.909999966621399,1.8819999694824219,1.8660000562667847,1.8459999561309814,1.8320000171661377,1.8279999494552612,1.8279999494552612,1.8200000524520874,1.805999994277954,1.7899999618530273,1.7699999809265137,1.7519999742507935,1.7300000190734863,1.7100000381469727,1.690000057220459,1.6660000085830688,1.6660000085830688,1.6460000276565552,1.496000051498413,1.496000051498413,1.496000051498413,1.496000051498413,1.4819999933242798,inf,inf,inf,inf,1.4040000438690186,1.4040000438690186,1.4040000438690186,1.4040000438690186,1.4040000438690186,1.3919999599456787,1.3919999599456787,...,0.0,0.0,0.0,0.0,0.0,0.0,0.0,0.0,0.0,0.0,0.0,0.0,0.0,47.0,47.0,47.0,47.0,47.0,47.0,47.0,47.0,47.0,47.0,47.0,47.0,47.0,47.0,47.0,47.0,47.0,0.0,0.0,0.0,0.0,0.0,0.0,0.0,0.0,0.0,0.0,0.0,0.0,0.0,0.0,0.0,0.0,0.0,0.0,0.0,0.0,0.0,0.0,0.0,0.0,0.0,0.0,0.0,0.0,0.0,0.0,0.0,0.0,0.0,0.0,0.0,0.0,0.0,0.0,0.0,0.0,0.0,0.0,0.0,0.0,0.0,0.0,0.0,0.0,0.0,0.0,0.0,0.0,0.0,0.0,0.0,0.0,0.0,0.0,0.0,47.0,47.0,47.0,47.0,47.0,0.0,0.0,0.0,0.0,0.0,0.0,0.0,0.0,0.0,0.0,0.0,0.0,0.0,0.0,0.0,0.0,0.0,0.0,0.0,0.0,0.0,0.0,0.0,0.0,0.0,0.0,0.0,0.0,0.0,0.0,0.0,0.0,0.0,0.0,...
1763031045,523464078,laser,-3.1241390705108643,3.1415927410125732,0.0034828970674425364,5.3694562666350976e-05,0.09659651666879654,0.15000000596046448,16.0,4.607999801635742,4.607999801635742,4.5920000076293945,4.5920000076293945,4.576000213623047,4.567999839782715,4.576000213623047,4.5920000076293945,4.5920000076293945,4.5920000076293945,4.5920000076293945,4.5920000076293945,4.5920000076293945,4.5920000076293945,4.5920000076293945,4.5920000076293945,4.5920000076293945,4.584000110626221,4.5920000076293945,4.5920000076293945,4.584000110626221,4.5920000076293945,4.5920000076293945,4.5920000076293945,4.599999904632568,4.599999904632568,4.599999904632568,4.599999904632568,4.5920000076293945,4.599999904632568,4.599999904632568,4.599999904632568,4.584000110626221,4.576000213623047,4.584000110626221,4.599999904632568,4.607999801635742,4.599999904632568,inf,inf,inf,inf,inf,inf,inf,inf,inf,inf,inf,inf,3.992000102996826,3.992000102996826,3.992000102996826,3.992000102996826,3.992000102996826,3.8919999599456787,3.8919999599456787,3.812000036239624,3.75600004196167,3.75600004196167,3.740000009536743,3.740000009536743,3.74399995803833,3.747999906539917,3.747999906539917,3.752000093460083,2.884000062942505,2.884000062942505,2.747999906539917,2.747999906539917,2.747999906539917,2.747999906539917,2.691999912261963,2.691999912261963,2.6480000019073486,2.5959999561309814,2.5399999618530273,2.4839999675750732,2.431999921798706,2.380000114440918,2.3359999656677246,2.2960000038146973,2.2960000038146973,2.247999906539917,2.2200000286102295,2.191999912261963,2.1480000019073486,2.1080000400543213,2.0799999237060547,2.055999994277954,2.0179998874664307,1.9800000190734863,1.9620000123977661,1.9620000123977661,1.934000015258789,1.906000018119812,1.8860000371932983,1.871999979019165,1.8660000562667847,1.8539999723434448,1.8420000076293945,1.8240000009536743,1.805999994277954,1.805999994277954,1.784000039100647,1.7599999904632568,1.7359999418258667,1.715999960899353,1.7039999961853027,1.6820000410079956,1.659999966621399,1.6299999952316284,1.5160000324249268,1.5160000324249268,1.4980000257492065,1.4880000352859497,1.4880000352859497,1.4759999513626099,inf,inf,inf,inf,inf,1.399999976158142,1.399999976158142,1.399999976158142,1.399999976158142,1.399999976158142,...,0.0,0.0,0.0,0.0,0.0,0.0,0.0,0.0,0.0,0.0,0.0,0.0,0.0,47.0,47.0,47.0,47.0,47.0,47.0,47.0,47.0,47.0,47.0,47.0,47.0,47.0,47.0,47.0,47.0,47.0,47.0,0.0,0.0,0.0,0.0,0.0,0.0,0.0,0.0,0.0,0.0,0.0,0.0,0.0,0.0,0.0,0.0,0.0,0.0,0.0,0.0,0.0,0.0,0.0,0.0,0.0,0.0,0.0,0.0,0.0,0.0,0.0,0.0,0.0,0.0,0.0,0.0,0.0,0.0,0.0,0.0,0.0,0.0,0.0,0.0,0.0,0.0,0.0,0.0,0.0,0.0,0.0,0.0,0.0,0.0,0.0,0.0,0.0,0.0,47.0,47.0,47.0,47.0,47.0,0.0,0.0,0.0,0.0,0.0,0.0,0.0,0.0,0.0,0.0,0.0,0.0,0.0,0.0,0.0,0.0,0.0,0.0,0.0,0.0,0.0,0.0,0.0,0.0,0.0,0.0,0.0,0.0,0.0,0.0,47.0,47.0,47.0,47.0,...
1763031045,621840864,laser,-3.1241390705108643,3.1415927410125732,0.0034828970674425364,5.703398346668109e-05,0.10260413587093353,0.15000000596046448,16.0,4.599999904632568,4.599999904632568,4.599999904632568,4.584000110626221,4.584000110626221,4.576000213623047,4.567999839782715,4.584000110626221,4.5920000076293945,4.5920000076293945,4.5920000076293945,4.5920000076293945,4.5920000076293945,4.5920000076293945,4.584000110626221,4.5920000076293945,4.5920000076293945,4.5920000076293945,4.5920000076293945,4.5920000076293945,4.584000110626221,4.584000110626221,4.5920000076293945,4.599999904632568,4.5920000076293945,4.599999904632568,4.599999904632568,4.599999904632568,4.599999904632568,4.599999904632568,4.599999904632568,4.5920000076293945,4.576000213623047,4.576000213623047,4.576000213623047,4.599999904632568,4.607999801635742,4.599999904632568,4.584000110626221,inf,inf,inf,inf,inf,inf,inf,inf,inf,inf,inf,inf,3.888000011444092,3.888000011444092,3.888000011444092,3.888000011444092,3.888000011444092,3.7960000038146973,3.7960000038146973,3.7960000038146973,3.74399995803833,3.740000009536743,3.740000009536743,3.74399995803833,3.747999906539917,3.747999906539917,3.747999906539917,3.747999906539917,2.944000005722046,2.944000005722046,2.944000005722046,2.884000062942505,2.740000009536743,2.740000009536743,2.680000066757202,2.619999885559082,2.5799999237060547,2.5239999294281006,2.4719998836517334,2.427999973297119,2.371999979019165,2.371999979019165,2.3359999656677246,2.2960000038146973,2.247999906539917,2.2200000286102295,2.191999912261963,2.1440000534057617,2.111999988555908,2.0920000076293945,2.055999994277954,2.055999994277954,1.9919999837875366,1.9919999837875366,1.9780000448226929,1.9600000381469727,1.9500000476837158,1.937999963760376,1.9199999570846558,1.9019999504089355,1.8799999952316284,1.8539999723434448,1.8539999723434448,1.8339999914169312,1.809999942779541,1.784000039100647,1.7599999904632568,1.7359999418258667,1.715999960899353,1.7020000219345093,1.6820000410079956,1.659999966621399,1.659999966621399,1.4980000257492065,1.4980000257492065,1.4980000257492065,1.4980000257492065,1.4880000352859497,1.4759999513626099,inf,inf,inf,1.4040000438690186,1.4040000438690186,1.4040000438690186,1.4040000438690186,1.4040000438690186,1.3960000276565552,1.3960000276565552,...,0.0,0.0,0.0,0.0,0.0,0.0,0.0,0.0,0.0,0.0,0.0,47.0,47.0,47.0,47.0,47.0,47.0,47.0,47.0,47.0,47.0,47.0,47.0,47.0,47.0,47.0,47.0,47.0,47.0,0.0,0.0,0.0,0.0,0.0,0.0,0.0,0.0,0.0,0.0,0.0,0.0,0.0,0.0,0.0,0.0,0.0,0.0,0.0,0.0,0.0,0.0,0.0,0.0,0.0,0.0,0.0,0.0,0.0,0.0,0.0,0.0,0.0,0.0,0.0,0.0,0.0,0.0,0.0,0.0,0.0,0.0,0.0,0.0,0.0,0.0,0.0,0.0,0.0,0.0,0.0,0.0,0.0,0.0,0.0,0.0,0.0,0.0,0.0,0.0,0.0,0.0,0.0,0.0,0.0,0.0,0.0,0.0,0.0,0.0,0.0,0.0,0.0,0.0,0.0,0.0,0.0,0.0,0.0,0.0,0.0,0.0,0.0,0.0,0.0,0.0,0.0,0.0,0.0,0.0,0.0,0.0,0.0,0.0,0.0,0.0,0.0,0.0,0.0,...
1763031045,725747529,laser,-3.1241390705108643,3.1415927410125732,0.0034828970674425364,5.391065133153461e-05,0.09698525816202164,0.15000000596046448,16.0,4.607999801635742,4.599999904632568,4.599999904632568,4.599999904632568,4.584000110626221,4.567999839782715,4.567999839782715,4.584000110626221,4.5920000076293945,4.5920000076293945,4.584000110626221,4.5920000076293945,4.5920000076293945,4.5920000076293945,4.584000110626221,4.5920000076293945,4.5920000076293945,4.5920000076293945,4.5920000076293945,4.5920000076293945,4.584000110626221,4.584000110626221,4.5920000076293945,4.599999904632568,4.599999904632568,4.599999904632568,4.599999904632568,4.599999904632568,4.599999904632568,4.599999904632568,4.599999904632568,4.5920000076293945,4.576000213623047,4.576000213623047,4.576000213623047,4.599999904632568,4.607999801635742,4.599999904632568,4.5920000076293945,inf,inf,inf,inf,inf,inf,inf,inf,inf,inf,inf,inf,inf,inf,3.875999927520752,3.875999927520752,3.875999927520752,3.875999927520752,3.875999927520752,3.7839999198913574,3.740000009536743,3.7360000610351562,3.7360000610351562,3.74399995803833,3.747999906539917,3.747999906539917,3.747999906539917,2.9200000762939453,2.8559999465942383,2.8559999465942383,2.8559999465942383,2.8559999465942383,2.7920000553131104,2.7360000610351562,2.671999931335449,2.615999937057495,2.568000078201294,2.51200008392334,2.4040000438690186,2.4040000438690186,2.371999979019165,2.371999979019165,2.328000068664551,2.303999900817871,2.184000015258789,2.184000015258789,2.184000015258789,2.131999969482422,2.1040000915527344,2.0759999752044678,2.0480000972747803,2.0160000324249268,2.0160000324249268,1.9839999675750732,1.9500000476837158,1.9179999828338623,1.9019999504089355,1.8960000276565552,1.8860000371932983,1.878000020980835,1.8639999628067017,1.8639999628067017,1.8380000591278076,1.8179999589920044,1.7999999523162842,1.7760000228881836,1.7519999742507935,1.7319999933242798,1.7120000123977661,1.6920000314712524,1.6679999828338623,1.6679999828338623,1.6480000019073486,1.50600004196167,1.50600004196167,1.49399995803833,1.49399995803833,1.4859999418258667,inf,inf,inf,inf,inf,1.399999976158142,1.399999976158142,1.399999976158142,1.399999976158142,1.399999976158142,1.3880000114440918,...,0.0,0.0,0.0,0.0,0.0,0.0,0.0,0.0,0.0,0.0,0.0,0.0,47.0,47.0,47.0,47.0,47.0,47.0,47.0,47.0,47.0,47.0,47.0,47.0,47.0,47.0,47.0,47.0,47.0,47.0,47.0,0.0,0.0,0.0,0.0,0.0,0.0,0.0,0.0,0.0,0.0,0.0,0.0,0.0,0.0,0.0,0.0,0.0,0.0,0.0,0.0,0.0,0.0,0.0,0.0,0.0,0.0,0.0,0.0,0.0,0.0,0.0,0.0,0.0,0.0,0.0,0.0,0.0,0.0,0.0,0.0,0.0,0.0,0.0,0.0,0.0,0.0,0.0,0.0,0.0,0.0,0.0,0.0,0.0,0.0,0.0,0.0,0.0,0.0,0.0,0.0,0.0,0.0,0.0,0.0,0.0,0.0,0.0,0.0,0.0,0.0,0.0,0.0,0.0,0.0,0.0,0.0,0.0,0.0,0.0,0.0,0.0,0.0,0.0,0.0,0.0,0.0,0.0,0.0,0.0,0.0,0.0,0.0,0.0,0.0,47.0,47.0,47.0,...
1763031045,824471969,laser,-3.1241390705108643,3.1415927410125732,0.0034828970674425364,5.360100112739019e-05,0.09642820060253143,0.15000000596046448,16.0,4.607999801635742,4.607999801635742,4.607999801635742,4.599999904632568,4.584000110626221,4.567999839782715,4.567999839782715,4.584000110626221,4.5920000076293945,4.5920000076293945,4.5920000076293945,4.5920000076293945,4.5920000076293945,4.5920000076293945,4.584000110626221,4.584000110626221,4.584000110626221,4.584000110626221,4.5920000076293945,4.5920000076293945,4.584000110626221,4.5920000076293945,4.5920000076293945,4.599999904632568,4.599999904632568,4.599999904632568,4.599999904632568,4.599999904632568,4.599999904632568,4.599999904632568,4.599999904632568,4.584000110626221,4.584000110626221,4.576000213623047,4.584000110626221,4.5920000076293945,4.607999801635742,4.599999904632568,inf,inf,inf,inf,inf,inf,inf,inf,inf,inf,inf,inf,inf,inf,inf,3.75600004196167,3.75600004196167,3.75600004196167,3.75600004196167,3.75600004196167,3.74399995803833,3.74399995803833,3.740000009536743,3.740000009536743,3.7360000610351562,3.74399995803833,3.747999906539917,3.752000093460083,2.884000062942505,2.884000062942505,2.828000068664551,2.828000068664551,2.828000068664551,2.7679998874664307,2.7079999446868896,2.6519999504089355,2.5959999561309814,2.5959999561309814,2.5399999618530273,2.496000051498413,2.444000005722046,2.380000114440918,2.3359999656677246,2.299999952316284,2.2839999198913574,2.196000099182129,2.1559998989105225,2.1559998989105225,2.1559998989105225,2.124000072479248,2.0920000076293945,2.053999900817871,2.0220000743865967,1.9919999837875366,1.9579999446868896,1.9359999895095825,1.9119999408721924,1.9119999408721924,1.8680000305175781,1.8680000305175781,1.8539999723434448,1.8380000591278076,1.8359999656677246,1.8279999494552612,1.812000036239624,1.7860000133514404,1.7640000581741333,1.7640000581741333,1.7259999513626099,1.7259999513626099,1.7079999446868896,1.687999963760376,1.6660000085830688,1.6440000534057617,1.5240000486373901,1.5240000486373901,1.50600004196167,1.4900000095367432,1.465999960899353,inf,inf,1.4359999895095825,1.4359999895095825,1.4359999895095825,1.4359999895095825,1.4359999895095825,1.4160000085830688,1.4160000085830688,1.4160000085830688,1.4160000085830688,...,0.0,0.0,0.0,0.0,0.0,0.0,0.0,0.0,0.0,0.0,0.0,47.0,47.0,47.0,47.0,47.0,47.0,47.0,47.0,47.0,47.0,47.0,47.0,47.0,47.0,47.0,47.0,47.0,47.0,47.0,0.0,0.0,0.0,0.0,0.0,0.0,0.0,0.0,0.0,0.0,0.0,0.0,0.0,0.0,0.0,0.0,0.0,0.0,0.0,0.0,0.0,0.0,0.0,0.0,0.0,0.0,0.0,0.0,0.0,0.0,0.0,0.0,0.0,0.0,0.0,0.0,0.0,0.0,0.0,0.0,0.0,0.0,0.0,0.0,0.0,0.0,0.0,0.0,0.0,0.0,0.0,0.0,0.0,0.0,0.0,0.0,0.0,0.0,0.0,0.0,0.0,0.0,0.0,0.0,0.0,0.0,0.0,0.0,0.0,0.0,0.0,0.0,0.0,0.0,0.0,47.0,47.0,47.0,47.0,47.0,0.0,0.0,0.0,0.0,0.0,0.0,0.0,0.0,0.0,0.0,0.0,0.0,0.0,47.0,47.0,47.0,47.0,47.0,...
1763031045,921901452,laser,-3.1241390705108643,3.1415927410125732,0.0034828970674425364,5.750160926254466e-05,0.1034453958272934,0.15000000596046448,16.0,4.607999801635742,4.607999801635742,4.607999801635742,4.584000110626221,4.576000213623047,4.567999839782715,4.567999839782715,4.584000110626221,4.5920000076293945,4.5920000076293945,4.5920000076293945,4.5920000076293945,4.5920000076293945,4.5920000076293945,4.5920000076293945,4.5920000076293945,4.5920000076293945,4.584000110626221,4.584000110626221,4.584000110626221,4.584000110626221,4.584000110626221,4.5920000076293945,4.5920000076293945,4.599999904632568,4.599999904632568,4.599999904632568,4.5920000076293945,4.5920000076293945,4.5920000076293945,4.599999904632568,4.5920000076293945,4.584000110626221,4.576000213623047,4.5920000076293945,4.599999904632568,4.599999904632568,4.599999904632568,4.599999904632568,inf,inf,inf,inf,inf,inf,inf,inf,inf,inf,inf,inf,inf,3.828000068664551,3.828000068664551,3.828000068664551,3.828000068664551,3.828000068664551,3.75600004196167,3.75600004196167,3.74399995803833,3.7360000610351562,3.7360000610351562,3.7360000610351562,3.74399995803833,3.747999906539917,3.752000093460083,2.888000011444092,2.888000011444092,2.888000011444092,2.888000011444092,2.8320000171661377,2.7720000743865967,2.7119998931884766,2.6559998989105225,2.615999937057495,2.615999937057495,2.563999891281128,2.503999948501587,2.447999954223633,2.3959999084472656,2.3519999980926514,2.303999900817871,2.2880001068115234,2.187999963760376,2.187999963760376,2.1640000343322754,2.1640000343322754,2.124000072479248,2.0920000076293945,2.055999994277954,2.0239999294281006,2.0,1.9780000448226929,1.9500000476837158,1.9240000247955322,1.909999966621399,1.909999966621399,1.899999976158142,1.8919999599456787,1.878000020980835,1.8660000562667847,1.8420000076293945,1.8200000524520874,1.7979999780654907,1.7719999551773071,1.7719999551773071,1.7300000190734863,1.7300000190734863,1.7079999446868896,1.687999963760376,1.6660000085830688,1.6480000019073486,1.5180000066757202,1.50600004196167,1.50600004196167,1.496000051498413,1.4859999418258667,inf,inf,inf,inf,1.4019999504089355,1.4019999504089355,1.4019999504089355,1.4019999504089355,1.4019999504089355,1.3880000114440918,1.3880000114440918,...,0.0,0.0,0.0,0.0,0.0,0.0,0.0,0.0,0.0,0.0,0.0,0.0,47.0,47.0,47.0,47.0,47.0,47.0,47.0,47.0,47.0,47.0,47.0,47.0,47.0,47.0,47.0,47.0,47.0,0.0,0.0,0.0,0.0,0.0,0.0,0.0,0.0,0.0,0.0,0.0,0.0,0.0,0.0,0.0,0.0,0.0,0.0,0.0,0.0,0.0,0.0,0.0,0.0,0.0,0.0,0.0,0.0,0.0,0.0,0.0,0.0,0.0,0.0,0.0,0.0,0.0,0.0,0.0,0.0,0.0,0.0,0.0,0.0,0.0,0.0,0.0,0.0,0.0,0.0,0.0,0.0,0.0,0.0,0.0,0.0,0.0,0.0,0.0,0.0,0.0,0.0,47.0,47.0,47.0,47.0,47.0,0.0,0.0,0.0,0.0,0.0,0.0,0.0,0.0,0.0,0.0,0.0,0.0,0.0,0.0,0.0,0.0,0.0,0.0,0.0,0.0,0.0,0.0,0.0,0.0,0.0,0.0,0.0,0.0,0.0,0.0,0.0,0.0,...
1763031046,26893748,laser,-3.1241390705108643,3.1415927410125732,0.0034828970674425364,5.383868483477272e-05,0.09685579687356949,0.15000000596046448,16.0,4.607999801635742,4.607999801635742,4.5920000076293945,4.5920000076293945,4.576000213623047,4.576000213623047,4.567999839782715,4.584000110626221,4.5920000076293945,4.5920000076293945,4.5920000076293945,4.5920000076293945,4.599999904632568,4.599999904632568,4.5920000076293945,4.5920000076293945,4.5920000076293945,4.5920000076293945,4.5920000076293945,4.5920000076293945,4.5920000076293945,4.5920000076293945,4.5920000076293945,4.5920000076293945,4.599999904632568,4.599999904632568,4.599999904632568,4.599999904632568,4.5920000076293945,4.5920000076293945,4.599999904632568,4.599999904632568,4.584000110626221,4.576000213623047,4.584000110626221,4.5920000076293945,4.5920000076293945,4.599999904632568,4.599999904632568,inf,inf,inf,inf,inf,inf,inf,inf,inf,inf,inf,3.868000030517578,3.868000030517578,3.868000030517578,3.868000030517578,3.868000030517578,3.7760000228881836,3.7760000228881836,3.7760000228881836,3.7760000228881836,3.7360000610351562,3.7320001125335693,3.7360000610351562,3.74399995803833,3.747999906539917,3.752000093460083,3.752000093460083,3.747999906539917,2.9119999408721924,2.7880001068115234,2.7880001068115234,2.7880001068115234,2.7880001068115234,2.7279999256134033,2.6600000858306885,2.615999937057495,2.563999891281128,2.507999897003174,2.4639999866485596,2.4639999866485596,2.364000082015991,2.364000082015991,2.328000068664551,2.299999952316284,2.184000015258789,2.184000015258789,2.124000072479248,2.124000072479248,2.0999999046325684,2.0759999752044678,2.0480000972747803,2.0199999809265137,2.0199999809265137,1.9880000352859497,1.9559999704360962,1.9299999475479126,1.9179999828338623,1.9119999408721924,1.8960000276565552,1.878000020980835,1.8639999628067017,1.8639999628067017,1.8420000076293945,1.8200000524520874,1.7979999780654907,1.7719999551773071,1.7480000257492065,1.7300000190734863,1.7100000381469727,1.690000057220459,1.6660000085830688,1.6660000085830688,1.6460000276565552,1.531999945640564,1.531999945640564,1.50600004196167,1.496000051498413,1.4859999418258667,inf,inf,inf,inf,inf,inf,1.3980000019073486,1.3980000019073486,1.3980000019073486,1.3980000019073486,1.3980000019073486,...,0.0,0.0,0.0,0.0,0.0,0.0,0.0,0.0,0.0,0.0,0.0,47.0,47.0,47.0,47.0,47.0,47.0,47.0,47.0,47.0,47.0,47.0,47.0,47.0,47.0,47.0,47.0,47.0,47.0,47.0,0.0,0.0,0.0,0.0,0.0,0.0,0.0,0.0,0.0,0.0,0.0,0.0,0.0,0.0,0.0,0.0,0.0,0.0,0.0,0.0,0.0,0.0,0.0,0.0,0.0,0.0,0.0,0.0,0.0,0.0,0.0,0.0,0.0,0.0,0.0,0.0,0.0,0.0,0.0,0.0,0.0,0.0,0.0,0.0,0.0,0.0,0.0,0.0,0.0,0.0,0.0,0.0,0.0,0.0,0.0,0.0,0.0,0.0,0.0,47.0,47.0,47.0,47.0,47.0,0.0,0.0,0.0,0.0,0.0,0.0,0.0,0.0,0.0,0.0,0.0,0.0,0.0,0.0,0.0,0.0,0.0,0.0,0.0,0.0,0.0,0.0,0.0,0.0,0.0,0.0,0.0,0.0,0.0,0.0,0.0,0.0,0.0,0.0,...
1763031046,125214660,laser,-3.1241390705108643,3.1415927410125732,0.0034828970674425364,5.377609340939671e-05,0.09674318879842758,0.15000000596046448,16.0,4.5920000076293945,4.5920000076293945,4.5920000076293945,4.5920000076293945,4.576000213623047,4.567999839782715,4.576000213623047,4.584000110626221,4.5920000076293945,4.5920000076293945,4.5920000076293945,4.5920000076293945,4.5920000076293945,4.5920000076293945,4.584000110626221,4.584000110626221,4.584000110626221,4.5920000076293945,4.5920000076293945,4.5920000076293945,4.584000110626221,4.5920000076293945,4.5920000076293945,4.599999904632568,4.599999904632568,4.599999904632568,4.599999904632568,4.599999904632568,4.5920000076293945,4.599999904632568,4.599999904632568,4.584000110626221,4.584000110626221,4.576000213623047,4.584000110626221,4.5920000076293945,4.599999904632568,4.599999904632568,inf,inf,inf,inf,inf,inf,inf,inf,inf,inf,inf,inf,inf,inf,inf,3.7760000228881836,3.7760000228881836,3.7760000228881836,3.7760000228881836,3.7760000228881836,3.7360000610351562,3.7360000610351562,3.7320001125335693,3.7360000610351562,3.74399995803833,3.747999906539917,3.747999906539917,3.752000093460083,2.9079999923706055,2.8559999465942383,2.8559999465942383,2.8559999465942383,2.8559999465942383,2.7880001068115234,2.7279999256134033,2.6600000858306885,2.615999937057495,2.563999891281128,2.507999897003174,2.507999897003174,2.4639999866485596,2.4119999408721924,2.364000082015991,2.3239998817443848,2.299999952316284,2.180000066757202,2.1760001182556152,2.1760001182556152,2.128000020980835,2.0999999046325684,2.0759999752044678,2.0759999752044678,2.009999990463257,2.009999990463257,1.9800000190734863,1.9479999542236328,1.9079999923706055,1.8880000114440918,1.878000020980835,1.8639999628067017,1.8539999723434448,1.850000023841858,1.850000023841858,1.8320000171661377,1.815999984741211,1.7979999780654907,1.7740000486373901,1.7519999742507935,1.7300000190734863,1.7100000381469727,1.690000057220459,1.6660000085830688,1.6660000085830688,1.6460000276565552,1.5099999904632568,1.496000051498413,1.496000051498413,1.496000051498413,1.4819999933242798,inf,inf,inf,inf,inf,1.3980000019073486,1.3980000019073486,1.3980000019073486,1.3980000019073486,1.3980000019073486,1.3860000371932983,...,47.0,47.0,47.0,47.0,47.0,0.0,0.0,0.0,0.0,0.0,0.0,0.0,47.0,47.0,47.0,47.0,47.0,47.0,47.0,47.0,47.0,47.0,47.0,47.0,47.0,47.0,47.0,47.0,47.0,47.0,47.0,47.0,0.0,0.0,0.0,0.0,0.0,0.0,0.0,0.0,0.0,0.0,0.0,0.0,0.0,0.0,0.0,0.0,0.0,0.0,0.0,0.0,0.0,0.0,0.0,0.0,0.0,0.0,0.0,0.0,0.0,0.0,0.0,0.0,0.0,0.0,0.0,0.0,0.0,0.0,0.0,0.0,0.0,0.0,0.0,0.0,0.0,0.0,0.0,0.0,0.0,0.0,0.0,0.0,0.0,0.0,0.0,0.0,0.0,0.0,47.0,47.0,47.0,47.0,47.0,0.0,0.0,0.0,0.0,0.0,0.0,0.0,0.0,0.0,0.0,0.0,0.0,0.0,0.0,0.0,0.0,0.0,0.0,0.0,0.0,0.0,0.0,0.0,0.0,0.0,0.0,0.0,0.0,0.0,0.0,0.0,0.0,0.0,...
1763031046,223508051,laser,-3.1241390705108643,3.1415927410125732,0.0034828970674425364,5.3736868721898645e-05,0.09667262434959412,0.15000000596046448,16.0,4.607999801635742,4.607999801635742,4.607999801635742,4.5920000076293945,4.576000213623047,4.567999839782715,4.584000110626221,4.584000110626221,4.5920000076293945,4.5920000076293945,4.5920000076293945,4.5920000076293945,4.5920000076293945,4.5920000076293945,4.5920000076293945,4.5920000076293945,4.5920000076293945,4.5920000076293945,4.5920000076293945,4.5920000076293945,4.584000110626221,4.5920000076293945,4.5920000076293945,4.5920000076293945,4.599999904632568,4.599999904632568,4.599999904632568,4.599999904632568,4.5920000076293945,4.599999904632568,4.599999904632568,4.599999904632568,4.584000110626221,4.576000213623047,4.584000110626221,4.5920000076293945,4.599999904632568,4.599999904632568,4.599999904632568,inf,inf,inf,inf,inf,inf,inf,inf,inf,inf,inf,inf,inf,3.8519999980926514,3.8519999980926514,3.8519999980926514,3.8519999980926514,3.8519999980926514,3.7760000228881836,3.7760000228881836,3.7360000610351562,3.7320001125335693,3.7360000610351562,3.74399995803833,3.747999906539917,3.747999906539917,3.747999906539917,3.747999906539917,2.9119999408721924,2.9119999408721924,2.9119999408721924,2.8559999465942383,2.7880001068115234,2.7279999256134033,2.6600000858306885,2.619999885559082,2.563999891281128,2.507999897003174,2.507999897003174,2.3959999084472656,2.3959999084472656,2.364000082015991,2.3239998817443848,2.299999952316284,2.180000066757202,2.180000066757202,2.1760001182556152,2.128000020980835,2.0999999046325684,2.0759999752044678,2.0759999752044678,2.0480000972747803,2.009999990463257,1.9800000190734863,1.9479999542236328,1.9160000085830688,1.899999976158142,1.8919999599456787,1.8819999694824219,1.871999979019165,1.8600000143051147,1.8600000143051147,1.840000033378601,1.8200000524520874,1.7979999780654907,1.7740000486373901,1.7519999742507935,1.7300000190734863,1.7100000381469727,1.6920000314712524,1.6679999828338623,1.6679999828338623,1.6480000019073486,1.496000051498413,1.496000051498413,1.496000051498413,1.496000051498413,1.4839999675750732,inf,inf,inf,inf,1.4040000438690186,1.4040000438690186,1.4040000438690186,1.4040000438690186,1.4040000438690186,1.3940000534057617,1.3940000534057617,...,0.0,0.0,0.0,0.0,0.0,0.0,0.0,0.0,0.0,0.0,0.0,0.0,47.0,47.0,47.0,47.0,47.0,47.0,47.0,47.0,47.0,47.0,47.0,47.0,47.0,47.0,47.0,47.0,47.0,0.0,0.0,0.0,0.0,0.0,0.0,0.0,0.0,0.0,0.0,0.0,0.0,0.0,0.0,0.0,0.0,0.0,0.0,0.0,0.0,0.0,0.0,0.0,0.0,0.0,0.0,0.0,0.0,0.0,0.0,0.0,0.0,0.0,0.0,0.0,0.0,0.0,0.0,0.0,0.0,0.0,0.0,0.0,0.0,0.0,0.0,0.0,0.0,0.0,0.0,0.0,0.0,0.0,0.0,0.0,0.0,0.0,0.0,0.0,0.0,0.0,0.0,47.0,47.0,47.0,47.0,47.0,0.0,0.0,0.0,0.0,0.0,0.0,0.0,0.0,0.0,0.0,0.0,0.0,0.0,0.0,0.0,0.0,0.0,0.0,0.0,0.0,0.0,0.0,0.0,0.0,0.0,0.0,0.0,0.0,0.0,0.0,0.0,0.0,...
1763031046,321590100,laser,-3.1241390705108643,3.1415927410125732,0.0034828970674425364,5.7269073295174167e-05,0.10302706807851791,0.15000000596046448,16.0,4.607999801635742,4.607999801635742,4.5920000076293945,4.5920000076293945,4.576000213623047,4.567999839782715,4.584000110626221,4.584000110626221,4.5920000076293945,4.5920000076293945,4.5920000076293945,4.5920000076293945,4.5920000076293945,4.584000110626221,4.584000110626221,4.584000110626221,4.5920000076293945,4.5920000076293945,4.5920000076293945,4.5920000076293945,4.584000110626221,4.5920000076293945,4.5920000076293945,4.5920000076293945,4.599999904632568,4.599999904632568,4.599999904632568,4.599999904632568,4.5920000076293945,4.599999904632568,4.599999904632568,4.599999904632568,4.584000110626221,4.576000213623047,4.584000110626221,4.5920000076293945,4.599999904632568,4.599999904632568,4.599999904632568,inf,inf,inf,inf,inf,inf,inf,inf,inf,inf,inf,inf,3.9079999923706055,3.9079999923706055,3.9079999923706055,3.9079999923706055,3.9079999923706055,3.808000087738037,3.808000087738037,3.752000093460083,3.740000009536743,3.740000009536743,3.7360000610351562,3.7360000610351562,3.74399995803833,3.747999906539917,3.752000093460083,2.880000114440918,2.880000114440918,2.880000114440918,2.8239998817443848,2.8239998817443848,2.7639999389648438,2.7119998931884766,2.6559998989105225,2.5999999046325684,2.5439999103546143,2.5439999103546143,2.496000051498413,2.444000005722046,2.380000114440918,2.3359999656677246,2.2960000038146973,2.2799999713897705,2.200000047683716,2.200000047683716,2.1679999828338623,2.128000020980835,2.128000020980835,2.0920000076293945,2.059999942779541,2.0280001163482666,2.0,1.9780000448226929,1.9479999542236328,1.9220000505447388,1.9079999923706055,1.9079999923706055,1.899999976158142,1.8919999599456787,1.8760000467300415,1.8600000143051147,1.8420000076293945,1.815999984741211,1.7899999618530273,1.7680000066757202,1.7480000257492065,1.7280000448226929,1.7079999446868896,1.7079999446868896,1.687999963760376,1.6660000085830688,1.6419999599456787,1.5140000581741333,1.5140000581741333,1.5080000162124634,1.4980000257492065,1.4859999418258667,1.465999960899353,inf,inf,1.4299999475479126,1.4299999475479126,1.4299999475479126,1.4299999475479126,1.4299999475479126,1.3980000019073486,1.3980000019073486,1.3980000019073486,...,0.0,0.0,0.0,0.0,0.0,0.0,0.0,0.0,0.0,0.0,0.0,0.0,47.0,47.0,47.0,47.0,47.0,47.0,47.0,47.0,47.0,47.0,47.0,47.0,47.0,47.0,47.0,47.0,47.0,47.0,0.0,0.0,0.0,0.0,0.0,0.0,0.0,0.0,0.0,0.0,0.0,0.0,0.0,0.0,0.0,0.0,0.0,0.0,0.0,0.0,0.0,0.0,0.0,0.0,0.0,0.0,0.0,0.0,0.0,0.0,0.0,0.0,0.0,0.0,0.0,0.0,0.0,0.0,0.0,0.0,0.0,47.0,47.0,47.0,47.0,47.0,0.0,0.0,0.0,0.0,0.0,0.0,0.0,0.0,0.0,0.0,0.0,0.0,0.0,47.0,47.0,47.0,47.0,47.0,0.0,0.0,0.0,0.0,0.0,0.0,0.0,0.0,0.0,0.0,0.0,0.0,0.0,0.0,0.0,0.0,0.0,0.0,0.0,0.0,0.0,0.0,0.0,0.0,0.0,0.0,0.0,0.0,0.0,0.0,0.0,0.0,0.0,0.0,...
1763031046,426145712,laser,-3.1241390705108643,3.1415927410125732,0.0034828970674425364,5.372086161514744e-05,0.096643827855587,0.15000000596046448,16.0,4.599999904632568,4.584000110626221,4.584000110626221,4.584000110626221,4.584000110626221,4.576000213623047,4.567999839782715,4.584000110626221,4.5920000076293945,4.5920000076293945,4.5920000076293945,4.5920000076293945,4.5920000076293945,4.5920000076293945,4.584000110626221,4.5920000076293945,4.5920000076293945,4.5920000076293945,4.5920000076293945,4.584000110626221,4.584000110626221,4.5920000076293945,4.5920000076293945,4.5920000076293945,4.599999904632568,4.599999904632568,4.599999904632568,4.5920000076293945,4.5920000076293945,4.5920000076293945,4.599999904632568,4.5920000076293945,4.584000110626221,4.576000213623047,4.599999904632568,4.607999801635742,4.607999801635742,4.599999904632568,4.5920000076293945,inf,inf,inf,inf,inf,inf,inf,inf,inf,inf,inf,inf,inf,3.75600004196167,3.75600004196167,3.75600004196167,3.75600004196167,3.75600004196167,3.740000009536743,3.740000009536743,3.740000009536743,3.7360000610351562,3.7360000610351562,3.74399995803833,3.74399995803833,3.747999906539917,3.752000093460083,2.8919999599456787,2.8919999599456787,2.8919999599456787,2.8919999599456787,2.8239998817443848,2.7679998874664307,2.7119998931884766,2.6559998989105225,2.611999988555908,2.559999942779541,2.559999942779541,2.5,2.447999954223633,2.3959999084472656,2.364000082015991,2.319999933242798,2.2960000038146973,2.184000015258789,2.184000015258789,2.171999931335449,2.128000020980835,2.0999999046325684,2.0999999046325684,2.068000078201294,2.0280001163482666,2.00600004196167,1.9839999675750732,1.9500000476837158,1.9220000505447388,1.9079999923706055,1.899999976158142,1.8919999599456787,1.8919999599456787,1.8600000143051147,1.8600000143051147,1.840000033378601,1.8200000524520874,1.7979999780654907,1.7719999551773071,1.75,1.7300000190734863,1.7100000381469727,1.690000057220459,1.6660000085830688,1.6660000085830688,1.6480000019073486,1.5080000162124634,1.5080000162124634,1.5080000162124634,1.4980000257492065,1.4859999418258667,inf,inf,inf,inf,1.399999976158142,1.399999976158142,1.399999976158142,1.399999976158142,1.399999976158142,1.3880000114440918,1.3880000114440918,...,0.0,0.0,0.0,0.0,0.0,0.0,0.0,0.0,0.0,0.0,0.0,0.0,47.0,47.0,47.0,47.0,47.0,47.0,47.0,47.0,47.0,47.0,47.0,47.0,47.0,47.0,47.0,47.0,47.0,47.0,47.0,0.0,0.0,0.0,0.0,0.0,0.0,0.0,0.0,0.0,0.0,0.0,0.0,0.0,0.0,0.0,0.0,0.0,0.0,0.0,0.0,0.0,0.0,0.0,0.0,0.0,0.0,0.0,0.0,0.0,0.0,0.0,0.0,0.0,0.0,0.0,0.0,0.0,47.0,47.0,47.0,47.0,47.0,0.0,0.0,0.0,0.0,0.0,0.0,0.0,0.0,0.0,0.0,0.0,0.0,0.0,0.0,0.0,0.0,0.0,0.0,0.0,0.0,0.0,0.0,0.0,0.0,0.0,0.0,0.0,0.0,0.0,0.0,0.0,0.0,0.0,47.0,47.0,47.0,47.0,47.0,0.0,0.0,0.0,0.0,0.0,0.0,0.0,0.0,0.0,0.0,0.0,0.0,0.0,0.0,47.0,47.0,47.0,...
1763031046,524453308,laser,-3.1241390705108643,3.1415927410125732,0.0034828970674425364,5.7087858294835314e-05,0.10270106047391891,0.15000000596046448,16.0,4.624000072479248,4.624000072479248,4.599999904632568,4.584000110626221,4.576000213623047,4.576000213623047,4.567999839782715,4.584000110626221,4.5920000076293945,4.5920000076293945,4.5920000076293945,4.5920000076293945,4.5920000076293945,4.5920000076293945,4.584000110626221,4.5920000076293945,4.5920000076293945,4.5920000076293945,4.5920000076293945,4.584000110626221,4.5920000076293945,4.5920000076293945,4.5920000076293945,4.5920000076293945,4.599999904632568,4.599999904632568,4.599999904632568,4.5920000076293945,4.5920000076293945,4.5920000076293945,4.599999904632568,4.599999904632568,4.584000110626221,4.584000110626221,4.599999904632568,4.607999801635742,4.599999904632568,4.599999904632568,4.599999904632568,inf,inf,inf,inf,inf,inf,inf,4.111999988555908,4.111999988555908,4.111999988555908,4.111999988555908,4.111999988555908,inf,3.7960000038146973,3.7960000038146973,3.7960000038146973,3.7960000038146973,3.7960000038146973,3.740000009536743,3.740000009536743,3.740000009536743,3.740000009536743,3.740000009536743,3.74399995803833,3.747999906539917,3.747999906539917,3.747999906539917,3.747999906539917,2.880000114440918,2.880000114440918,2.880000114440918,2.880000114440918,2.7200000286102295,2.7200000286102295,2.684000015258789,2.635999917984009,2.5759999752044678,2.5320000648498535,2.4800000190734863,2.4240000247955322,2.371999979019165,2.3359999656677246,2.3359999656677246,2.299999952316284,2.240000009536743,2.2079999446868896,2.187999963760376,2.1440000534057617,2.1080000400543213,2.0840001106262207,2.059999942779541,2.059999942779541,1.9839999675750732,1.9839999675750732,1.9620000123977661,1.9279999732971191,1.899999976158142,1.8839999437332153,1.8739999532699585,1.8660000562667847,1.8539999723434448,1.8420000076293945,1.8240000009536743,1.8240000009536743,1.805999994277954,1.781999945640564,1.7580000162124634,1.7339999675750732,1.715999960899353,1.7020000219345093,1.6820000410079956,1.6579999923706055,1.6299999952316284,1.5160000324249268,1.5,1.5,1.5,1.4880000352859497,1.4759999513626099,inf,inf,inf,inf,1.406000018119812,1.406000018119812,1.406000018119812,1.406000018119812,1.406000018119812,1.3960000276565552,...,0.0,0.0,0.0,0.0,0.0,0.0,0.0,0.0,0.0,0.0,0.0,0.0,0.0,0.0,0.0,47.0,47.0,47.0,47.0,47.0,47.0,47.0,47.0,47.0,47.0,47.0,47.0,47.0,47.0,47.0,0.0,0.0,0.0,0.0,0.0,0.0,0.0,0.0,0.0,0.0,0.0,0.0,0.0,0.0,0.0,0.0,0.0,0.0,0.0,0.0,0.0,0.0,0.0,0.0,0.0,0.0,0.0,0.0,0.0,0.0,0.0,0.0,0.0,0.0,0.0,0.0,0.0,0.0,0.0,0.0,0.0,0.0,0.0,0.0,0.0,0.0,0.0,0.0,0.0,0.0,0.0,0.0,0.0,0.0,0.0,0.0,0.0,0.0,0.0,0.0,0.0,0.0,0.0,0.0,0.0,0.0,0.0,0.0,0.0,0.0,0.0,0.0,0.0,0.0,0.0,47.0,47.0,47.0,47.0,47.0,0.0,0.0,0.0,0.0,0.0,0.0,0.0,0.0,0.0,0.0,0.0,0.0,0.0,47.0,47.0,47.0,47.0,47.0,...
1763031046,628741327,laser,-3.1241390705108643,3.1415927410125732,0.0034828970674425364,5.374274041969329e-05,0.09668318927288055,0.15000000596046448,16.0,4.607999801635742,4.607999801635742,4.607999801635742,4.599999904632568,4.584000110626221,4.567999839782715,4.567999839782715,4.584000110626221,4.5920000076293945,4.5920000076293945,4.5920000076293945,4.5920000076293945,4.5920000076293945,4.5920000076293945,4.584000110626221,4.5920000076293945,4.5920000076293945,4.5920000076293945,4.5920000076293945,4.5920000076293945,4.584000110626221,4.5920000076293945,4.5920000076293945,4.5920000076293945,4.5920000076293945,4.5920000076293945,4.599999904632568,4.599999904632568,4.5920000076293945,4.5920000076293945,4.599999904632568,4.5920000076293945,4.5920000076293945,4.5920000076293945,4.584000110626221,4.5920000076293945,4.607999801635742,4.599999904632568,4.559999942779541,inf,inf,inf,inf,inf,inf,inf,inf,inf,inf,inf,inf,3.859999895095825,3.859999895095825,3.859999895095825,3.859999895095825,3.859999895095825,3.7760000228881836,3.7760000228881836,3.7760000228881836,3.740000009536743,3.7320001125335693,3.7360000610351562,3.74399995803833,3.747999906539917,3.747999906539917,3.747999906539917,2.9159998893737793,2.9159998893737793,2.9159998893737793,2.9159998893737793,2.859999895095825,2.7880001068115234,2.7200000286102295,2.6600000858306885,2.615999937057495,2.563999891281128,2.507999897003174,2.4679999351501465,2.4679999351501465,2.371999979019165,2.371999979019165,2.328000068664551,2.303999900817871,2.180000066757202,2.180000066757202,2.180000066757202,2.135999917984009,2.1040000915527344,2.0759999752044678,2.0439999103546143,2.0139999389648438,2.0139999389648438,1.9839999675750732,1.9500000476837158,1.9179999828338623,1.899999976158142,1.8960000276565552,1.8839999437332153,1.871999979019165,1.8619999885559082,1.840000033378601,1.840000033378601,1.8200000524520874,1.7999999523162842,1.7740000486373901,1.7519999742507935,1.7300000190734863,1.7100000381469727,1.6920000314712524,1.6679999828338623,1.6679999828338623,1.6480000019073486,1.4980000257492065,1.4980000257492065,1.4980000257492065,1.4980000257492065,1.4839999675750732,1.4759999513626099,inf,inf,inf,1.399999976158142,1.399999976158142,1.399999976158142,1.399999976158142,1.399999976158142,1.3899999856948853,1.3899999856948853,...,0.0,0.0,0.0,0.0,0.0,0.0,0.0,0.0,0.0,0.0,0.0,47.0,47.0,47.0,47.0,47.0,47.0,47.0,47.0,47.0,47.0,47.0,47.0,47.0,47.0,47.0,47.0,47.0,47.0,0.0,0.0,0.0,0.0,0.0,0.0,0.0,0.0,0.0,0.0,0.0,0.0,0.0,0.0,0.0,0.0,0.0,0.0,0.0,0.0,0.0,0.0,0.0,0.0,0.0,0.0,0.0,0.0,0.0,0.0,0.0,0.0,0.0,0.0,0.0,0.0,0.0,0.0,0.0,0.0,0.0,0.0,0.0,0.0,0.0,0.0,0.0,0.0,0.0,0.0,0.0,0.0,0.0,0.0,0.0,0.0,0.0,0.0,0.0,0.0,0.0,0.0,47.0,47.0,47.0,47.0,47.0,0.0,0.0,0.0,0.0,0.0,0.0,0.0,0.0,0.0,0.0,0.0,0.0,0.0,0.0,0.0,0.0,0.0,0.0,0.0,0.0,0.0,0.0,0.0,0.0,0.0,0.0,0.0,47.0,47.0,47.0,47.0,47.0,...
1763031046,726518177,laser,-3.1241390705108643,3.1415927410125732,0.0034828970674425364,5.4041560360929e-05,0.0972207635641098,0.15000000596046448,16.0,4.607999801635742,4.607999801635742,4.5920000076293945,4.5920000076293945,4.576000213623047,4.567999839782715,4.584000110626221,4.584000110626221,4.5920000076293945,4.5920000076293945,4.5920000076293945,4.5920000076293945,4.5920000076293945,4.5920000076293945,4.5920000076293945,4.5920000076293945,4.5920000076293945,4.5920000076293945,4.5920000076293945,4.5920000076293945,4.5920000076293945,4.5920000076293945,4.584000110626221,4.584000110626221,4.5920000076293945,4.599999904632568,4.599999904632568,4.5920000076293945,4.5920000076293945,4.599999904632568,4.599999904632568,4.599999904632568,4.584000110626221,4.576000213623047,4.584000110626221,4.5920000076293945,4.599999904632568,4.599999904632568,inf,inf,inf,inf,inf,inf,inf,inf,inf,inf,inf,inf,inf,4.02400016784668,4.02400016784668,4.02400016784668,4.02400016784668,4.02400016784668,3.9119999408721924,3.812000036239624,3.752000093460083,3.740000009536743,3.740000009536743,3.7360000610351562,3.7360000610351562,3.740000009536743,3.747999906539917,3.752000093460083,2.8919999599456787,2.8919999599456787,2.8919999599456787,2.819999933242798,2.819999933242798,2.75600004196167,2.75600004196167,2.6519999504089355,2.6519999504089355,2.5999999046325684,2.5320000648498535,2.4719998836517334,2.436000108718872,2.384000062942505,2.3359999656677246,2.2960000038146973,2.2679998874664307,2.24399995803833,2.24399995803833,2.191999912261963,2.1480000019073486,2.1080000400543213,2.0759999752044678,2.052000045776367,2.0260000228881836,1.996000051498413,1.9759999513626099,1.9539999961853027,1.9359999895095825,1.9359999895095825,1.9240000247955322,1.9119999408721924,1.8980000019073486,1.8760000467300415,1.8559999465942383,1.8380000591278076,1.815999984741211,1.7920000553131104,1.7660000324249268,1.7660000324249268,1.7259999513626099,1.7259999513626099,1.7039999961853027,1.684000015258789,1.6640000343322754,1.6419999599456787,1.5199999809265137,1.5199999809265137,1.50600004196167,1.4919999837875366,1.465999960899353,inf,inf,inf,1.4299999475479126,1.4299999475479126,1.4299999475479126,1.4299999475479126,1.4299999475479126,1.3960000276565552,1.3960000276565552,1.3960000276565552,...,0.0,0.0,0.0,0.0,0.0,0.0,0.0,47.0,47.0,47.0,47.0,47.0,47.0,47.0,47.0,47.0,47.0,47.0,47.0,47.0,47.0,47.0,47.0,47.0,47.0,47.0,47.0,0.0,0.0,0.0,0.0,0.0,0.0,0.0,0.0,0.0,0.0,0.0,0.0,0.0,0.0,0.0,0.0,0.0,0.0,0.0,0.0,0.0,0.0,0.0,0.0,0.0,0.0,0.0,0.0,0.0,0.0,0.0,0.0,0.0,0.0,0.0,0.0,0.0,0.0,0.0,0.0,0.0,0.0,0.0,0.0,47.0,47.0,47.0,47.0,47.0,0.0,0.0,0.0,0.0,0.0,0.0,0.0,0.0,0.0,0.0,0.0,0.0,0.0,47.0,47.0,47.0,47.0,47.0,0.0,0.0,0.0,0.0,0.0,0.0,0.0,0.0,0.0,0.0,0.0,0.0,0.0,0.0,0.0,0.0,0.0,0.0,0.0,0.0,0.0,0.0,0.0,0.0,0.0,0.0,0.0,0.0,0.0,0.0,0.0,0.0,0.0,0.0,...
1763031046,825323778,laser,-3.1241390705108643,3.1415927410125732,0.0034828970674425364,5.712790152756497e-05,0.10277309268712997,0.15000000596046448,16.0,4.607999801635742,4.599999904632568,4.599999904632568,4.584000110626221,4.584000110626221,4.576000213623047,4.567999839782715,4.584000110626221,4.5920000076293945,4.5920000076293945,4.5920000076293945,4.5920000076293945,4.5920000076293945,4.5920000076293945,4.584000110626221,4.5920000076293945,4.5920000076293945,4.5920000076293945,4.5920000076293945,4.5920000076293945,4.584000110626221,4.5920000076293945,4.5920000076293945,4.5920000076293945,4.599999904632568,4.599999904632568,4.599999904632568,4.599999904632568,4.5920000076293945,4.5920000076293945,4.599999904632568,4.5920000076293945,4.584000110626221,4.576000213623047,4.5920000076293945,4.5920000076293945,4.607999801635742,4.599999904632568,4.5920000076293945,inf,inf,inf,inf,inf,inf,inf,inf,inf,inf,inf,3.8959999084472656,3.8959999084472656,3.8959999084472656,3.8959999084472656,3.8959999084472656,3.799999952316284,3.799999952316284,3.799999952316284,3.799999952316284,3.74399995803833,3.740000009536743,3.7360000610351562,3.740000009536743,3.747999906539917,3.747999906539917,3.747999906539917,3.747999906539917,2.9560000896453857,2.8919999599456787,2.8919999599456787,2.8919999599456787,2.819999933242798,2.75600004196167,2.700000047683716,2.6480000019073486,2.5959999561309814,2.5320000648498535,2.4760000705718994,2.436000108718872,2.384000062942505,2.3359999656677246,2.3359999656677246,2.2920000553131104,2.252000093460083,2.2239999771118164,2.191999912261963,2.1480000019073486,2.1080000400543213,2.0759999752044678,2.052000045776367,2.0179998874664307,1.9880000352859497,1.972000002861023,1.972000002861023,1.940000057220459,1.9160000085830688,1.9040000438690186,1.8919999599456787,1.8819999694824219,1.8639999628067017,1.850000023841858,1.8320000171661377,1.8079999685287476,1.8079999685287476,1.784000039100647,1.7599999904632568,1.7400000095367432,1.722000002861023,1.7039999961853027,1.684000015258789,1.6640000343322754,1.6380000114440918,1.5199999809265137,1.5199999809265137,1.50600004196167,1.4919999837875366,1.4919999837875366,1.4819999933242798,inf,inf,inf,inf,inf,1.4079999923706055,1.4079999923706055,1.4079999923706055,1.4079999923706055,1.4079999923706055,...,0.0,0.0,0.0,47.0,47.0,47.0,47.0,47.0,47.0,47.0,47.0,47.0,47.0,47.0,47.0,47.0,47.0,47.0,47.0,47.0,47.0,47.0,47.0,47.0,47.0,47.0,47.0,47.0,0.0,0.0,0.0,0.0,0.0,0.0,0.0,0.0,0.0,0.0,0.0,0.0,0.0,0.0,0.0,0.0,0.0,0.0,0.0,0.0,0.0,0.0,0.0,0.0,0.0,0.0,0.0,0.0,0.0,0.0,0.0,0.0,0.0,0.0,0.0,0.0,0.0,0.0,0.0,0.0,47.0,47.0,47.0,47.0,47.0,0.0,0.0,0.0,0.0,0.0,0.0,0.0,0.0,0.0,0.0,0.0,0.0,0.0,0.0,0.0,0.0,0.0,0.0,0.0,0.0,0.0,0.0,0.0,0.0,0.0,0.0,0.0,0.0,0.0,0.0,0.0,0.0,0.0,0.0,0.0,0.0,0.0,0.0,0.0,0.0,0.0,0.0,0.0,0.0,0.0,0.0,0.0,0.0,0.0,0.0,0.0,0.0,0.0,0.0,0.0,...
1763031046,929718949,laser,-3.1241390705108643,3.1415927410125732,0.0034828970674425364,5.3715317335445434e-05,0.09663385152816772,0.15000000596046448,16.0,4.599999904632568,4.599999904632568,4.599999904632568,4.599999904632568,4.584000110626221,4.567999839782715,4.567999839782715,4.584000110626221,4.5920000076293945,4.5920000076293945,4.5920000076293945,4.5920000076293945,4.5920000076293945,4.5920000076293945,4.584000110626221,4.5920000076293945,4.5920000076293945,4.5920000076293945,4.5920000076293945,4.5920000076293945,4.584000110626221,4.5920000076293945,4.5920000076293945,4.5920000076293945,4.599999904632568,4.599999904632568,4.599999904632568,4.599999904632568,4.5920000076293945,4.5920000076293945,4.599999904632568,4.5920000076293945,4.584000110626221,4.584000110626221,4.576000213623047,4.5920000076293945,4.607999801635742,4.599999904632568,4.584000110626221,inf,inf,inf,inf,inf,inf,inf,inf,4.0960001945495605,4.0960001945495605,4.0960001945495605,4.0960001945495605,4.0960001945495605,inf,3.7880001068115234,3.7880001068115234,3.7880001068115234,3.7880001068115234,3.7880001068115234,3.74399995803833,3.74399995803833,3.740000009536743,3.740000009536743,3.74399995803833,3.747999906539917,3.747999906539917,3.752000093460083,2.940000057220459,2.940000057220459,2.888000011444092,2.888000011444092,2.7279999256134033,2.680000066757202,2.680000066757202,2.680000066757202,2.640000104904175,2.5759999752044678,2.5199999809265137,2.4719998836517334,2.4240000247955322,2.371999979019165,2.3359999656677246,2.2960000038146973,2.2960000038146973,2.2039999961853027,2.2039999961853027,2.191999912261963,2.1480000019073486,2.1080000400543213,2.0799999237060547,2.052000045776367,2.0160000324249268,1.9880000352859497,1.9639999866485596,1.9299999475479126,1.9299999475479126,1.9040000438690186,1.8839999437332153,1.8739999532699585,1.8700000047683716,1.8580000400543213,1.843999981880188,1.8259999752044678,1.8079999685287476,1.8079999685287476,1.784000039100647,1.7599999904632568,1.7400000095367432,1.7200000286102295,1.7020000219345093,1.684000015258789,1.6619999408721924,1.628000020980835,1.5160000324249268,1.5160000324249268,1.5019999742507935,1.4900000095367432,1.4900000095367432,1.4759999513626099,inf,inf,inf,inf,inf,1.4040000438690186,1.4040000438690186,1.4040000438690186,1.4040000438690186,1.4040000438690186,...,47.0,47.0,47.0,47.0,47.0,47.0,47.0,47.0,47.0,47.0,47.0,47.0,47.0,47.0,47.0,47.0,47.0,47.0,47.0,47.0,47.0,47.0,47.0,47.0,47.0,47.0,47.0,47.0,0.0,0.0,0.0,0.0,0.0,0.0,0.0,0.0,0.0,0.0,0.0,0.0,0.0,0.0,0.0,0.0,0.0,0.0,0.0,0.0,0.0,0.0,0.0,0.0,0.0,0.0,0.0,0.0,0.0,0.0,0.0,0.0,0.0,0.0,0.0,0.0,0.0,0.0,0.0,0.0,0.0,0.0,0.0,0.0,0.0,0.0,0.0,0.0,0.0,0.0,0.0,0.0,0.0,0.0,0.0,0.0,0.0,0.0,0.0,0.0,0.0,0.0,47.0,47.0,47.0,47.0,47.0,0.0,0.0,0.0,0.0,0.0,0.0,0.0,0.0,0.0,0.0,0.0,0.0,0.0,0.0,0.0,0.0,0.0,0.0,0.0,0.0,0.0,0.0,0.0,0.0,0.0,0.0,0.0,0.0,0.0,0.0,47.0,47.0,47.0,...
