1763031123,981265450,laser,-3.1241390705108643,3.1415927410125732,0.0034828970674425364,5.421053720056079e-05,0.09752475470304489,0.15000000596046448,16.0,5.656000137329102,5.656000137329102,5.656000137329102,5.656000137329102,5.656000137329102,5.664000034332275,5.664000034332275,5.664000034332275,5.664000034332275,5.656000137329102,5.6479997634887695,5.6479997634887695,5.6479997634887695,5.656000137329102,5.656000137329102,5.664000034332275,5.664000034332275,5.6479997634887695,5.656000137329102,5.656000137329102,5.656000137329102,5.664000034332275,5.664000034332275,5.664000034332275,5.656000137329102,5.656000137329102,5.656000137329102,5.664000034332275,5.671999931335449,5.671999931335449,5.664000034332275,5.664000034332275,5.664000034332275,5.664000034332275,5.664000034332275,inf,inf,inf,inf,inf,inf,inf,inf,inf,inf,inf,inf,inf,inf,inf,inf,inf,inf,inf,3.7639999389648438,3.7639999389648438,3.7639999389648438,3.7639999389648438,3.7639999389648438,3.74399995803833,3.7360000610351562,3.740000009536743,3.740000009536743,3.747999906539917,3.752000093460083,3.752000093460083,2.8919999599456787,2.8919999599456787,2.8919999599456787,2.8480000495910645,2.8480000495910645,2.7920000553131104,2.7200000286102295,2.6519999504089355,2.5999999046325684,2.5999999046325684,2.5439999103546143,2.48799991607666,2.447999954223633,2.3919999599456787,2.3399999141693115,2.2960000038146973,2.2839999198913574,2.200000047683716,2.200000047683716,2.1600000858306885,2.1600000858306885,2.115999937057495,2.0840001106262207,2.055999994277954,2.0320000648498535,2.003999948501587,1.9780000448226929,1.9500000476837158,1.9240000247955322,1.9079999923706055,1.9079999923706055,1.8980000019073486,1.8899999856948853,1.8700000047683716,1.8519999980926514,1.8339999914169312,1.8179999589920044,1.7960000038146973,1.7699999809265137,1.7699999809265137,1.7239999771118164,1.7239999771118164,1.7020000219345093,1.6820000410079956,1.6619999408721924,1.6399999856948853,1.5219999551773071,1.5219999551773071,1.50600004196167,1.4919999837875366,1.4759999513626099,1.4600000381469727,1.4600000381469727,inf,1.434000015258789,1.434000015258789,1.434000015258789,1.434000015258789,1.434000015258789,1.4140000343322754,1.4140000343322754,1.4140000343322754,...,0.0,0.0,0.0,0.0,0.0,0.0,0.0,0.0,0.0,47.0,47.0,47.0,47.0,47.0,47.0,47.0,47.0,47.0,47.0,47.0,47.0,47.0,47.0,47.0,0.0,0.0,0.0,0.0,0.0,0.0,0.0,0.0,0.0,0.0,0.0,0.0,0.0,0.0,0.0,0.0,0.0,0.0,0.0,0.0,0.0,0.0,0.0,0.0,0.0,0.0,0.0,0.0,0.0,0.0,0.0,0.0,0.0,0.0,0.0,0.0,0.0,0.0,0.0,0.0,0.0,0.0,0.0,0.0,47.0,47.0,47.0,47.0,47.0,0.0,0.0,0.0,0.0,0.0,0.0,0.0,0.0,0.0,0.0,0.0,0.0,0.0,0.0,0.0,0.0,0.0,0.0,0.0,0.0,0.0,0.0,0.0,0.0,0.0,0.0,0.0,0.0,0.0,0.0,0.0,0.0,0.0,0.0,0.0,0.0,0.0,0.0,0.0,0.0,0.0,0.0,0.0,0.0,0.0,0.0,0.0,0.0,0.0,0.0,0.0,0.0,47.0,47.0,47.0,...
1763031124,80374572,laser,-3.1241390705108643,3.1415927410125732,0.0034828970674425364,5.372491796151735e-05,0.09665112942457199,0.15000000596046448,16.0,5.671999931335449,5.671999931335449,5.671999931335449,5.671999931335449,5.671999931335449,5.656000137329102,5.656000137329102,5.656000137329102,5.656000137329102,5.6479997634887695,5.639999866485596,5.656000137329102,5.656000137329102,5.664000034332275,5.656000137329102,5.656000137329102,5.656000137329102,5.6479997634887695,5.6479997634887695,5.6479997634887695,5.6479997634887695,5.656000137329102,5.656000137329102,5.656000137329102,5.639999866485596,5.6479997634887695,5.671999931335449,5.671999931335449,5.671999931335449,5.671999931335449,5.664000034332275,5.664000034332275,5.656000137329102,5.664000034332275,inf,inf,inf,inf,inf,inf,inf,inf,inf,inf,inf,inf,inf,inf,inf,inf,inf,inf,inf,inf,3.759999990463257,3.759999990463257,3.759999990463257,3.759999990463257,3.759999990463257,3.740000009536743,3.7320001125335693,3.740000009536743,3.747999906539917,3.747999906539917,3.752000093460083,3.752000093460083,2.8919999599456787,2.8919999599456787,2.8919999599456787,2.8480000495910645,2.8480000495910645,2.7880001068115234,2.7200000286102295,2.6519999504089355,2.6040000915527344,2.555999994277954,2.555999994277954,2.5,2.447999954223633,2.4000000953674316,2.3519999980926514,2.299999952316284,2.2839999198913574,2.180000066757202,2.180000066757202,2.1600000858306885,2.115999937057495,2.0959999561309814,2.0959999561309814,2.068000078201294,2.0320000648498535,2.003999948501587,1.9780000448226929,1.9500000476837158,1.9199999570846558,1.899999976158142,1.8919999599456787,1.8919999599456787,1.8639999628067017,1.8519999980926514,1.8519999980926514,1.8339999914169312,1.8179999589920044,1.7979999780654907,1.7719999551773071,1.746000051498413,1.7280000448226929,1.7059999704360962,1.684000015258789,1.684000015258789,1.6619999408721924,1.6440000534057617,1.5180000066757202,1.5180000066757202,1.50600004196167,1.4919999837875366,1.4800000190734863,1.468000054359436,inf,inf,1.4320000410079956,1.4320000410079956,1.4320000410079956,1.4320000410079956,1.4320000410079956,1.4019999504089355,1.4019999504089355,1.4019999504089355,...,0.0,0.0,0.0,0.0,0.0,0.0,0.0,0.0,47.0,47.0,47.0,47.0,47.0,47.0,47.0,47.0,47.0,47.0,47.0,47.0,47.0,47.0,47.0,47.0,0.0,0.0,0.0,0.0,0.0,0.0,0.0,0.0,0.0,0.0,0.0,0.0,0.0,0.0,0.0,0.0,0.0,0.0,0.0,0.0,0.0,0.0,0.0,0.0,0.0,0.0,0.0,0.0,0.0,0.0,0.0,0.0,0.0,0.0,0.0,0.0,0.0,0.0,0.0,0.0,0.0,0.0,0.0,0.0,0.0,47.0,47.0,47.0,47.0,47.0,0.0,0.0,0.0,0.0,0.0,0.0,0.0,0.0,0.0,0.0,0.0,0.0,0.0,0.0,0.0,0.0,47.0,47.0,47.0,47.0,47.0,0.0,0.0,0.0,0.0,0.0,0.0,0.0,0.0,0.0,0.0,0.0,0.0,0.0,0.0,0.0,0.0,0.0,0.0,0.0,0.0,0.0,0.0,0.0,0.0,0.0,0.0,0.0,0.0,0.0,0.0,47.0,47.0,47.0,...
1763031124,178488822,laser,-3.1241390705108643,3.1415927410125732,0.0034828970674425364,5.3825784561922774e-05,0.09683258086442947,0.15000000596046448,16.0,5.671999931335449,5.671999931335449,5.671999931335449,5.671999931335449,5.656000137329102,5.656000137329102,5.656000137329102,5.656000137329102,5.656000137329102,5.6479997634887695,5.6479997634887695,5.664000034332275,5.664000034332275,5.664000034332275,5.656000137329102,5.656000137329102,5.656000137329102,5.6479997634887695,5.656000137329102,5.656000137329102,5.656000137329102,5.656000137329102,5.664000034332275,5.664000034332275,5.6479997634887695,5.6479997634887695,5.656000137329102,5.664000034332275,5.671999931335449,5.671999931335449,5.671999931335449,5.664000034332275,5.656000137329102,5.664000034332275,5.599999904632568,inf,inf,inf,inf,inf,inf,inf,inf,inf,inf,inf,inf,inf,inf,inf,inf,inf,inf,3.8359999656677246,3.8359999656677246,3.8359999656677246,3.8359999656677246,3.8359999656677246,3.759999990463257,3.74399995803833,3.740000009536743,3.740000009536743,3.740000009536743,3.74399995803833,3.747999906539917,3.752000093460083,2.8919999599456787,2.8919999599456787,2.8320000171661377,2.8320000171661377,2.8320000171661377,2.7639999389648438,2.7639999389648438,2.6519999504089355,2.6519999504089355,2.5999999046325684,2.5439999103546143,2.492000102996826,2.447999954223633,2.384000062942505,2.3359999656677246,2.299999952316284,2.2679998874664307,2.2679998874664307,2.240000009536743,2.200000047683716,2.1600000858306885,2.115999937057495,2.0840001106262207,2.058000087738037,2.0299999713897705,2.002000093460083,1.9780000448226929,1.9500000476837158,1.9199999570846558,1.9199999570846558,1.8980000019073486,1.8899999856948853,1.8799999952316284,1.8619999885559082,1.850000023841858,1.8339999914169312,1.8140000104904175,1.7879999876022339,1.7879999876022339,1.7660000324249268,1.746000051498413,1.7239999771118164,1.7020000219345093,1.6820000410079956,1.6619999408721924,1.6360000371932983,1.5180000066757202,1.5180000066757202,1.503999948501587,1.4919999837875366,1.4759999513626099,1.4759999513626099,inf,inf,inf,inf,inf,1.399999976158142,1.399999976158142,1.399999976158142,1.399999976158142,1.399999976158142,...,0.0,0.0,0.0,0.0,0.0,0.0,0.0,0.0,47.0,47.0,47.0,47.0,47.0,47.0,47.0,47.0,47.0,47.0,47.0,47.0,47.0,47.0,47.0,47.0,0.0,0.0,0.0,0.0,0.0,0.0,0.0,0.0,0.0,0.0,0.0,0.0,0.0,0.0,0.0,0.0,0.0,0.0,0.0,0.0,0.0,0.0,0.0,0.0,0.0,0.0,0.0,0.0,0.0,0.0,0.0,0.0,0.0,0.0,0.0,0.0,0.0,0.0,0.0,0.0,0.0,0.0,0.0,0.0,0.0,0.0,0.0,0.0,0.0,0.0,0.0,0.0,0.0,0.0,0.0,0.0,0.0,0.0,0.0,0.0,0.0,0.0,0.0,0.0,0.0,0.0,47.0,47.0,47.0,47.0,47.0,0.0,0.0,0.0,0.0,0.0,0.0,0.0,0.0,0.0,0.0,0.0,0.0,0.0,0.0,0.0,0.0,0.0,0.0,0.0,0.0,0.0,0.0,0.0,0.0,0.0,0.0,0.0,0.0,0.0,0.0,0.0,0.0,0.0,...
1763031124,276777424,laser,-3.1241390705108643,3.1415927410125732,0.0034828970674425364,5.7173405366484076e-05,0.10285495966672897,0.15000000596046448,16.0,5.671999931335449,5.671999931335449,5.671999931335449,5.656000137329102,5.656000137329102,5.656000137329102,5.656000137329102,5.664000034332275,5.656000137329102,5.6479997634887695,5.639999866485596,5.656000137329102,5.656000137329102,5.664000034332275,5.656000137329102,5.656000137329102,5.656000137329102,5.6479997634887695,5.6479997634887695,5.6479997634887695,5.6479997634887695,5.656000137329102,5.664000034332275,5.656000137329102,5.6479997634887695,5.656000137329102,5.671999931335449,5.671999931335449,5.671999931335449,5.671999931335449,5.664000034332275,5.664000034332275,5.656000137329102,5.664000034332275,5.664000034332275,inf,inf,inf,inf,inf,inf,inf,inf,inf,inf,inf,inf,inf,inf,inf,inf,inf,3.9679999351501465,3.9679999351501465,3.9679999351501465,3.9679999351501465,3.9679999351501465,3.868000030517578,3.7799999713897705,3.740000009536743,3.7320001125335693,3.740000009536743,3.747999906539917,3.747999906539917,3.74399995803833,3.747999906539917,3.747999906539917,2.9079999923706055,2.9079999923706055,2.9079999923706055,2.8480000495910645,2.7920000553131104,2.7239999771118164,2.6559998989105225,2.615999937057495,2.563999891281128,2.563999891281128,2.5,2.447999954223633,2.4000000953674316,2.364000082015991,2.328000068664551,2.308000087738037,2.191999912261963,2.191999912261963,2.119999885559082,2.0959999561309814,2.0959999561309814,2.0959999561309814,2.0759999752044678,2.0480000972747803,2.0220000743865967,1.9900000095367432,1.9579999446868896,1.937999963760376,1.9279999732971191,1.9199999570846558,1.9199999570846558,1.906000018119812,1.8880000114440918,1.8700000047683716,1.8459999561309814,1.8220000267028809,1.7979999780654907,1.7719999551773071,1.7480000257492065,1.7280000448226929,1.7079999446868896,1.7079999446868896,1.6859999895095825,1.6640000343322754,1.6460000276565552,1.5260000228881836,1.50600004196167,1.50600004196167,1.4980000257492065,1.4859999418258667,inf,inf,inf,inf,1.4019999504089355,1.4019999504089355,1.4019999504089355,1.4019999504089355,1.4019999504089355,1.3860000371932983,1.3860000371932983,...,0.0,0.0,0.0,0.0,0.0,0.0,0.0,0.0,47.0,47.0,47.0,47.0,47.0,47.0,47.0,47.0,47.0,47.0,47.0,47.0,47.0,47.0,47.0,47.0,47.0,47.0,0.0,0.0,0.0,0.0,0.0,0.0,0.0,0.0,0.0,0.0,0.0,0.0,0.0,0.0,0.0,0.0,0.0,0.0,0.0,0.0,0.0,0.0,0.0,0.0,0.0,0.0,0.0,0.0,0.0,0.0,0.0,0.0,0.0,0.0,0.0,0.0,0.0,0.0,0.0,0.0,0.0,0.0,0.0,0.0,0.0,0.0,0.0,0.0,0.0,0.0,0.0,0.0,0.0,0.0,0.0,0.0,0.0,0.0,0.0,0.0,0.0,0.0,0.0,0.0,0.0,47.0,47.0,47.0,47.0,47.0,0.0,0.0,0.0,0.0,0.0,0.0,0.0,0.0,0.0,0.0,0.0,0.0,0.0,0.0,0.0,0.0,0.0,0.0,0.0,0.0,0.0,0.0,0.0,0.0,0.0,0.0,0.0,47.0,47.0,47.0,47.0,47.0,...
1763031124,381182947,laser,-3.1241390705108643,3.1415927410125732,0.0034828970674425364,5.379144204198383e-05,0.09677080810070038,0.15000000596046448,16.0,5.656000137329102,5.656000137329102,5.656000137329102,5.656000137329102,5.656000137329102,5.664000034332275,5.664000034332275,5.664000034332275,5.664000034332275,5.6479997634887695,5.6479997634887695,5.6479997634887695,5.6479997634887695,5.656000137329102,5.656000137329102,5.656000137329102,5.664000034332275,5.6479997634887695,5.656000137329102,5.656000137329102,5.6479997634887695,5.6479997634887695,5.664000034332275,5.664000034332275,5.6479997634887695,5.6479997634887695,5.656000137329102,5.664000034332275,5.671999931335449,5.671999931335449,5.664000034332275,5.664000034332275,5.656000137329102,5.664000034332275,5.6479997634887695,inf,inf,inf,inf,inf,inf,inf,inf,inf,inf,inf,inf,inf,inf,inf,3.8559999465942383,3.8559999465942383,3.8559999465942383,3.8559999465942383,3.8559999465942383,3.7799999713897705,3.7799999713897705,3.7799999713897705,3.7799999713897705,3.7360000610351562,3.7320001125335693,3.740000009536743,3.747999906539917,3.747999906539917,3.747999906539917,3.747999906539917,3.747999906539917,2.9079999923706055,2.8519999980926514,2.8519999980926514,2.8519999980926514,2.7920000553131104,2.7239999771118164,2.6559998989105225,2.615999937057495,2.563999891281128,2.507999897003174,2.4519999027252197,2.4000000953674316,2.364000082015991,2.364000082015991,2.328000068664551,2.303999900817871,2.187999963760376,2.187999963760376,2.1760001182556152,2.124000072479248,2.0959999561309814,2.0759999752044678,2.0759999752044678,2.0160000324249268,2.0160000324249268,1.9859999418258667,1.9539999961853027,1.9220000505447388,1.906000018119812,1.899999976158142,1.8880000114440918,1.8760000467300415,1.8639999628067017,1.8639999628067017,1.840000033378601,1.8179999589920044,1.7979999780654907,1.7719999551773071,1.7480000257492065,1.7280000448226929,1.7079999446868896,1.6859999895095825,1.6859999895095825,1.6640000343322754,1.6460000276565552,1.527999997138977,1.527999997138977,1.50600004196167,1.496000051498413,1.4839999675750732,1.468000054359436,inf,inf,1.4320000410079956,1.4320000410079956,1.4320000410079956,1.4320000410079956,1.4320000410079956,1.399999976158142,1.399999976158142,1.399999976158142,...,0.0,0.0,0.0,0.0,0.0,0.0,0.0,0.0,47.0,47.0,47.0,47.0,47.0,47.0,47.0,47.0,47.0,47.0,47.0,47.0,47.0,47.0,47.0,0.0,0.0,0.0,0.0,0.0,0.0,0.0,0.0,0.0,0.0,0.0,0.0,0.0,0.0,0.0,0.0,0.0,0.0,0.0,0.0,0.0,0.0,0.0,0.0,0.0,0.0,0.0,0.0,0.0,0.0,0.0,0.0,0.0,0.0,0.0,0.0,0.0,0.0,0.0,0.0,0.0,0.0,0.0,0.0,0.0,47.0,47.0,47.0,47.0,47.0,0.0,0.0,0.0,0.0,0.0,0.0,0.0,0.0,0.0,0.0,0.0,0.0,0.0,0.0,0.0,0.0,0.0,0.0,0.0,0.0,0.0,0.0,0.0,0.0,0.0,0.0,0.0,0.0,0.0,0.0,0.0,0.0,0.0,47.0,47.0,47.0,47.0,47.0,0.0,0.0,0.0,0.0,0.0,0.0,0.0,0.0,0.0,0.0,0.0,0.0,0.0,0.0,47.0,47.0,47.0,...
1763031124,479416249,laser,-3.1241390705108643,3.1415927410125732,0.0034828970674425364,5.377117486204952e-05,0.09673434495925903,0.15000000596046448,16.0,5.656000137329102,5.656000137329102,5.656000137329102,5.656000137329102,5.656000137329102,5.656000137329102,5.656000137329102,5.656000137329102,5.656000137329102,5.6479997634887695,5.6479997634887695,5.656000137329102,5.656000137329102,5.656000137329102,5.656000137329102,5.656000137329102,5.664000034332275,5.6479997634887695,5.656000137329102,5.656000137329102,5.656000137329102,5.664000034332275,5.664000034332275,5.664000034332275,5.6479997634887695,5.656000137329102,5.656000137329102,5.664000034332275,5.671999931335449,5.664000034332275,5.664000034332275,5.664000034332275,5.656000137329102,5.664000034332275,5.656000137329102,inf,inf,inf,inf,inf,inf,inf,inf,inf,inf,inf,inf,inf,inf,inf,inf,inf,3.7960000038146973,3.7960000038146973,3.7960000038146973,3.7960000038146973,3.7960000038146973,3.740000009536743,3.740000009536743,3.740000009536743,3.740000009536743,3.740000009536743,3.74399995803833,3.747999906539917,3.747999906539917,3.747999906539917,2.940000057220459,2.8919999599456787,2.8919999599456787,2.8919999599456787,2.8919999599456787,2.7360000610351562,2.7360000610351562,2.691999912261963,2.6519999504089355,2.5920000076293945,2.5399999618530273,2.496000051498413,2.440000057220459,2.375999927520752,2.3359999656677246,2.2960000038146973,2.2960000038146973,2.2360000610351562,2.2079999446868896,2.196000099182129,2.1519999504089355,2.1080000400543213,2.0840001106262207,2.052000045776367,2.01200008392334,1.9859999418258667,1.9600000381469727,1.9600000381469727,1.9259999990463257,1.8980000019073486,1.8739999532699585,1.8600000143051147,1.8519999980926514,1.8380000591278076,1.8300000429153442,1.8179999589920044,1.7979999780654907,1.7979999780654907,1.7799999713897705,1.7599999904632568,1.7339999675750732,1.7139999866485596,1.6979999542236328,1.6759999990463257,1.6519999504089355,1.6239999532699585,1.5119999647140503,1.4980000257492065,1.4980000257492065,1.4859999418258667,1.4859999418258667,1.4759999513626099,inf,inf,inf,inf,1.4040000438690186,1.4040000438690186,1.4040000438690186,1.4040000438690186,1.4040000438690186,1.3960000276565552,...,0.0,0.0,0.0,0.0,0.0,0.0,0.0,0.0,47.0,47.0,47.0,47.0,47.0,47.0,47.0,47.0,47.0,47.0,47.0,47.0,47.0,47.0,47.0,47.0,47.0,0.0,0.0,0.0,0.0,0.0,0.0,0.0,0.0,0.0,0.0,0.0,0.0,0.0,0.0,0.0,0.0,0.0,0.0,0.0,0.0,0.0,0.0,0.0,0.0,0.0,0.0,0.0,0.0,0.0,0.0,0.0,0.0,0.0,0.0,0.0,0.0,0.0,0.0,0.0,0.0,0.0,0.0,0.0,0.0,0.0,0.0,0.0,0.0,0.0,0.0,0.0,0.0,0.0,0.0,0.0,0.0,0.0,0.0,0.0,0.0,0.0,0.0,0.0,0.0,0.0,0.0,0.0,0.0,0.0,0.0,0.0,0.0,0.0,0.0,0.0,0.0,0.0,0.0,0.0,0.0,0.0,0.0,0.0,0.0,0.0,0.0,0.0,0.0,0.0,0.0,0.0,0.0,0.0,0.0,0.0,0.0,0.0,0.0,0.0,0.0,0.0,0.0,0.0,...
1763031124,577630029,laser,-3.1241390705108643,3.1415927410125732,0.0034828970674425364,5.381485971156508e-05,0.09681293368339539,0.15000000596046448,16.0,inf,5.664000034332275,5.664000034332275,5.664000034332275,5.664000034332275,5.664000034332275,5.656000137329102,5.664000034332275,5.656000137329102,5.656000137329102,5.6479997634887695,5.6479997634887695,5.664000034332275,5.664000034332275,5.656000137329102,5.664000034332275,5.656000137329102,5.656000137329102,5.664000034332275,5.656000137329102,5.6479997634887695,5.656000137329102,5.664000034332275,5.656000137329102,5.6479997634887695,5.6479997634887695,5.6479997634887695,5.664000034332275,5.671999931335449,5.671999931335449,5.664000034332275,5.664000034332275,5.656000137329102,5.656000137329102,5.6479997634887695,inf,inf,inf,inf,inf,inf,inf,inf,inf,4.703999996185303,4.703999996185303,4.703999996185303,4.703999996185303,4.703999996185303,4.104000091552734,4.104000091552734,4.104000091552734,3.868000030517578,3.868000030517578,3.868000030517578,3.7839999198913574,3.7839999198913574,3.7839999198913574,3.7839999198913574,3.740000009536743,3.740000009536743,3.74399995803833,3.747999906539917,3.747999906539917,3.747999906539917,3.747999906539917,3.747999906539917,2.9240000247955322,2.9240000247955322,2.8559999465942383,2.8559999465942383,2.7960000038146973,2.7360000610351562,2.6679999828338623,2.615999937057495,2.568000078201294,2.5160000324249268,2.5160000324249268,2.4600000381469727,2.4119999408721924,2.375999927520752,2.3359999656677246,2.312000036239624,2.180000066757202,2.180000066757202,2.184000015258789,2.140000104904175,2.1080000400543213,2.0759999752044678,2.0759999752044678,2.0460000038146973,2.007999897003174,1.9780000448226929,1.9479999542236328,1.9160000085830688,1.8980000019073486,1.8860000371932983,1.8760000467300415,1.8680000305175781,1.8580000400543213,1.8580000400543213,1.8359999656677246,1.8179999589920044,1.7979999780654907,1.7760000228881836,1.7519999742507935,1.7280000448226929,1.7100000381469727,1.687999963760376,1.687999963760376,1.6679999828338623,1.649999976158142,1.50600004196167,1.50600004196167,1.50600004196167,1.4980000257492065,1.4859999418258667,inf,inf,inf,inf,inf,inf,1.399999976158142,1.399999976158142,1.399999976158142,1.399999976158142,1.399999976158142,...,0.0,0.0,0.0,0.0,0.0,0.0,0.0,0.0,47.0,47.0,47.0,47.0,47.0,47.0,47.0,47.0,47.0,47.0,47.0,47.0,47.0,47.0,47.0,47.0,47.0,47.0,0.0,0.0,0.0,0.0,0.0,0.0,0.0,0.0,0.0,0.0,0.0,0.0,0.0,0.0,0.0,0.0,0.0,0.0,0.0,0.0,0.0,0.0,0.0,0.0,0.0,0.0,0.0,0.0,0.0,0.0,0.0,0.0,0.0,0.0,0.0,0.0,0.0,0.0,0.0,0.0,0.0,0.0,0.0,0.0,0.0,0.0,0.0,0.0,0.0,0.0,0.0,0.0,0.0,0.0,0.0,0.0,0.0,0.0,0.0,0.0,0.0,0.0,0.0,47.0,47.0,47.0,47.0,47.0,0.0,0.0,0.0,0.0,0.0,0.0,0.0,0.0,0.0,0.0,0.0,0.0,0.0,0.0,0.0,0.0,0.0,0.0,0.0,0.0,0.0,0.0,0.0,0.0,0.0,0.0,0.0,0.0,0.0,0.0,0.0,0.0,0.0,0.0,...
1763031124,676447187,laser,-3.1241390705108643,3.1415927410125732,0.0034828970674425364,5.686872100341134e-05,0.10230682790279388,0.15000000596046448,16.0,5.656000137329102,5.656000137329102,5.656000137329102,5.656000137329102,5.664000034332275,5.664000034332275,5.664000034332275,5.664000034332275,5.656000137329102,5.6479997634887695,5.6479997634887695,5.6479997634887695,5.6479997634887695,5.656000137329102,5.656000137329102,5.656000137329102,5.664000034332275,5.656000137329102,5.664000034332275,5.656000137329102,5.656000137329102,5.664000034332275,5.664000034332275,5.664000034332275,5.656000137329102,5.656000137329102,5.656000137329102,5.664000034332275,5.671999931335449,5.664000034332275,5.664000034332275,5.664000034332275,5.664000034332275,5.664000034332275,5.656000137329102,inf,inf,inf,inf,inf,inf,inf,inf,inf,inf,inf,inf,inf,inf,inf,inf,inf,3.799999952316284,3.799999952316284,3.799999952316284,3.799999952316284,3.799999952316284,3.74399995803833,3.74399995803833,3.74399995803833,3.740000009536743,3.740000009536743,3.74399995803833,3.747999906539917,3.747999906539917,3.747999906539917,3.747999906539917,2.8919999599456787,2.8919999599456787,2.8919999599456787,2.8919999599456787,2.752000093460083,2.752000093460083,2.691999912261963,2.640000104904175,2.5920000076293945,2.5280001163482666,2.4800000190734863,2.436000108718872,2.380000114440918,2.328000068664551,2.328000068664551,2.2839999198913574,2.240000009536743,2.2119998931884766,2.191999912261963,2.1480000019073486,2.1080000400543213,2.0799999237060547,2.052000045776367,2.052000045776367,1.996000051498413,1.996000051498413,1.9780000448226929,1.9600000381469727,1.9479999542236328,1.937999963760376,1.9220000505447388,1.9019999504089355,1.8760000467300415,1.850000023841858,1.850000023841858,1.8320000171661377,1.805999994277954,1.777999997138977,1.75600004196167,1.7339999675750732,1.7139999866485596,1.6979999542236328,1.6759999990463257,1.6759999990463257,1.6519999504089355,1.5399999618530273,1.5399999618530273,1.5119999647140503,1.4980000257492065,1.4859999418258667,1.4759999513626099,inf,inf,inf,inf,1.4040000438690186,1.4040000438690186,1.4040000438690186,1.4040000438690186,1.4040000438690186,1.3960000276565552,...,0.0,0.0,0.0,0.0,0.0,0.0,0.0,0.0,0.0,47.0,47.0,47.0,47.0,47.0,47.0,47.0,47.0,47.0,47.0,47.0,47.0,47.0,47.0,47.0,47.0,0.0,0.0,0.0,0.0,0.0,0.0,0.0,0.0,0.0,0.0,0.0,0.0,0.0,0.0,0.0,0.0,0.0,0.0,0.0,0.0,0.0,0.0,0.0,0.0,0.0,0.0,0.0,0.0,0.0,0.0,0.0,0.0,0.0,0.0,0.0,0.0,0.0,0.0,0.0,0.0,0.0,0.0,0.0,0.0,0.0,0.0,0.0,0.0,0.0,0.0,0.0,0.0,0.0,0.0,0.0,0.0,0.0,0.0,0.0,0.0,0.0,0.0,0.0,0.0,0.0,0.0,0.0,0.0,0.0,0.0,0.0,0.0,0.0,0.0,0.0,0.0,0.0,0.0,0.0,0.0,0.0,0.0,0.0,0.0,0.0,0.0,0.0,0.0,0.0,0.0,0.0,0.0,0.0,0.0,0.0,0.0,0.0,0.0,0.0,0.0,0.0,0.0,0.0,...
1763031124,780645143,laser,-3.1241390705108643,3.1415927410125732,0.0034828970674425364,5.3631905757356435e-05,0.09648379683494568,0.15000000596046448,16.0,inf,5.664000034332275,5.664000034332275,5.664000034332275,5.664000034332275,5.664000034332275,5.656000137329102,5.664000034332275,5.656000137329102,5.656000137329102,5.656000137329102,5.656000137329102,5.664000034332275,5.664000034332275,5.664000034332275,5.664000034332275,5.664000034332275,5.664000034332275,5.664000034332275,5.656000137329102,5.6479997634887695,5.656000137329102,5.656000137329102,5.656000137329102,5.656000137329102,5.6479997634887695,5.6479997634887695,5.664000034332275,5.671999931335449,5.671999931335449,5.664000034332275,5.664000034332275,5.664000034332275,5.656000137329102,5.6479997634887695,inf,inf,inf,inf,inf,inf,inf,inf,inf,inf,inf,inf,inf,inf,inf,3.871999979019165,3.871999979019165,3.871999979019165,3.871999979019165,3.871999979019165,3.7839999198913574,3.7839999198913574,3.7839999198913574,3.7839999198913574,3.740000009536743,3.7360000610351562,3.740000009536743,3.747999906539917,3.747999906539917,3.747999906539917,3.747999906539917,3.747999906539917,2.927999973297119,2.927999973297119,2.868000030517578,2.868000030517578,2.799999952316284,2.7320001125335693,2.6600000858306885,2.615999937057495,2.568000078201294,2.51200008392334,2.4600000381469727,2.4600000381469727,2.375999927520752,2.375999927520752,2.3320000171661377,2.303999900817871,2.184000015258789,2.184000015258789,2.184000015258789,2.140000104904175,2.1080000400543213,2.0759999752044678,2.0759999752044678,2.0139999389648438,2.0139999389648438,1.9759999513626099,1.944000005722046,1.9199999570846558,1.906000018119812,1.906000018119812,1.8940000534057617,1.8940000534057617,1.8639999628067017,1.8639999628067017,1.8380000591278076,1.8200000524520874,1.7999999523162842,1.7760000228881836,1.75,1.7300000190734863,1.7100000381469727,1.687999963760376,1.687999963760376,1.6660000085830688,1.6480000019073486,1.5080000162124634,1.5080000162124634,1.5080000162124634,1.4980000257492065,1.4859999418258667,inf,inf,inf,inf,inf,inf,1.399999976158142,1.399999976158142,1.399999976158142,1.399999976158142,1.399999976158142,...,0.0,0.0,0.0,0.0,0.0,0.0,0.0,0.0,47.0,47.0,47.0,47.0,47.0,47.0,47.0,47.0,47.0,47.0,47.0,47.0,47.0,47.0,47.0,47.0,47.0,47.0,0.0,0.0,0.0,0.0,0.0,0.0,0.0,0.0,0.0,0.0,0.0,0.0,0.0,0.0,0.0,0.0,0.0,0.0,0.0,0.0,0.0,0.0,0.0,0.0,0.0,0.0,0.0,0.0,0.0,0.0,0.0,0.0,0.0,0.0,0.0,0.0,0.0,0.0,0.0,0.0,0.0,0.0,0.0,0.0,0.0,47.0,47.0,47.0,47.0,47.0,0.0,0.0,0.0,0.0,0.0,0.0,0.0,0.0,0.0,0.0,0.0,0.0,0.0,47.0,47.0,47.0,47.0,47.0,0.0,0.0,0.0,0.0,0.0,0.0,0.0,0.0,0.0,0.0,0.0,0.0,0.0,0.0,0.0,0.0,0.0,0.0,0.0,0.0,0.0,0.0,0.0,0.0,0.0,0.0,0.0,0.0,0.0,0.0,0.0,0.0,0.0,0.0,...
1763031124,878752393,laser,-3.1241390705108643,3.1415927410125732,0.0034828970674425364,5.374261672841385e-05,0.09668296575546265,0.15000000596046448,16.0,5.656000137329102,5.656000137329102,5.656000137329102,5.656000137329102,5.656000137329102,5.656000137329102,5.656000137329102,5.656000137329102,5.656000137329102,5.6479997634887695,5.6479997634887695,5.656000137329102,5.656000137329102,5.656000137329102,5.664000034332275,5.664000034332275,5.664000034332275,5.656000137329102,5.656000137329102,5.656000137329102,5.656000137329102,5.664000034332275,5.664000034332275,5.664000034332275,5.6479997634887695,5.656000137329102,5.664000034332275,5.671999931335449,5.671999931335449,5.671999931335449,5.671999931335449,5.664000034332275,5.664000034332275,5.664000034332275,5.656000137329102,inf,inf,inf,inf,inf,inf,inf,inf,inf,inf,inf,inf,inf,inf,inf,inf,inf,3.884000062942505,3.884000062942505,3.884000062942505,3.884000062942505,3.884000062942505,3.7960000038146973,3.7960000038146973,3.74399995803833,3.740000009536743,3.74399995803833,3.747999906539917,3.747999906539917,3.747999906539917,3.747999906539917,3.747999906539917,2.884000062942505,2.884000062942505,2.884000062942505,2.884000062942505,2.7320001125335693,2.7320001125335693,2.671999931335449,2.628000020980835,2.568000078201294,2.5239999294281006,2.4800000190734863,2.4200000762939453,2.375999927520752,2.328000068664551,2.328000068664551,2.2920000553131104,2.200000047683716,2.184000015258789,2.184000015258789,2.140000104904175,2.1040000915527344,2.0799999237060547,2.052000045776367,2.052000045776367,1.9780000448226929,1.9780000448226929,1.9559999704360962,1.9220000505447388,1.8980000019073486,1.8700000047683716,1.8539999723434448,1.8480000495910645,1.8359999656677246,1.8259999752044678,1.8259999752044678,1.815999984741211,1.7999999523162842,1.7760000228881836,1.753999948501587,1.7339999675750732,1.7139999866485596,1.6979999542236328,1.6759999990463257,1.6519999504089355,1.6519999504089355,1.5080000162124634,1.4980000257492065,1.4980000257492065,1.4980000257492065,1.4839999675750732,inf,inf,inf,inf,inf,1.4040000438690186,1.4040000438690186,1.4040000438690186,1.4040000438690186,1.4040000438690186,1.3940000534057617,...,0.0,0.0,0.0,0.0,0.0,0.0,0.0,0.0,0.0,0.0,47.0,47.0,47.0,47.0,47.0,47.0,47.0,47.0,47.0,47.0,47.0,47.0,47.0,47.0,47.0,0.0,0.0,0.0,0.0,0.0,0.0,0.0,0.0,0.0,0.0,0.0,0.0,0.0,0.0,0.0,0.0,0.0,0.0,0.0,0.0,0.0,0.0,0.0,0.0,0.0,0.0,0.0,0.0,0.0,0.0,0.0,0.0,0.0,0.0,0.0,0.0,0.0,0.0,0.0,0.0,0.0,0.0,0.0,0.0,47.0,47.0,47.0,47.0,47.0,0.0,0.0,0.0,0.0,0.0,0.0,0.0,0.0,0.0,0.0,0.0,0.0,0.0,0.0,0.0,0.0,0.0,0.0,0.0,0.0,0.0,0.0,0.0,0.0,0.0,0.0,0.0,0.0,0.0,0.0,0.0,0.0,0.0,0.0,0.0,0.0,0.0,0.0,0.0,0.0,0.0,0.0,0.0,0.0,0.0,0.0,0.0,0.0,0.0,0.0,0.0,0.0,47.0,47.0,...
1763031124,977075414,laser,-3.1241390705108643,3.1415927410125732,0.0034828970674425364,5.364933895180002e-05,0.09651516377925873,0.15000000596046448,16.0,inf,5.664000034332275,5.664000034332275,5.664000034332275,5.664000034332275,5.664000034332275,5.656000137329102,5.664000034332275,5.656000137329102,5.656000137329102,5.6479997634887695,5.656000137329102,5.664000034332275,5.664000034332275,5.664000034332275,5.664000034332275,5.664000034332275,5.656000137329102,5.656000137329102,5.656000137329102,5.6479997634887695,5.656000137329102,5.664000034332275,5.656000137329102,5.656000137329102,5.6479997634887695,5.656000137329102,5.671999931335449,5.679999828338623,5.671999931335449,5.664000034332275,5.664000034332275,5.664000034332275,5.656000137329102,5.6479997634887695,inf,inf,inf,inf,inf,inf,inf,inf,inf,inf,inf,inf,inf,inf,inf,3.888000011444092,3.888000011444092,3.888000011444092,3.888000011444092,3.888000011444092,3.799999952316284,3.799999952316284,3.799999952316284,3.799999952316284,3.74399995803833,3.740000009536743,3.740000009536743,3.74399995803833,3.747999906539917,3.747999906539917,3.747999906539917,3.752000093460083,2.940000057220459,2.884000062942505,2.884000062942505,2.884000062942505,2.7320001125335693,2.671999931335449,2.671999931335449,2.628000020980835,2.5799999237060547,2.5360000133514404,2.4800000190734863,2.4200000762939453,2.375999927520752,2.375999927520752,2.328000068664551,2.2920000553131104,2.200000047683716,2.200000047683716,2.184000015258789,2.140000104904175,2.1040000915527344,2.0799999237060547,2.052000045776367,2.052000045776367,1.9800000190734863,1.9800000190734863,1.9559999704360962,1.9240000247955322,1.899999976158142,1.8819999694824219,1.8680000305175781,1.8619999885559082,1.850000023841858,1.8380000591278076,1.8380000591278076,1.8220000267028809,1.7999999523162842,1.777999997138977,1.75600004196167,1.7339999675750732,1.7139999866485596,1.6959999799728394,1.6740000247955322,1.6740000247955322,1.6519999504089355,1.5080000162124634,1.5080000162124634,1.5080000162124634,1.4980000257492065,1.4839999675750732,1.4759999513626099,inf,inf,inf,inf,inf,1.4079999923706055,1.4079999923706055,1.4079999923706055,1.4079999923706055,1.4079999923706055,...,0.0,0.0,0.0,0.0,0.0,0.0,0.0,47.0,47.0,47.0,47.0,47.0,47.0,47.0,47.0,47.0,47.0,47.0,47.0,47.0,47.0,47.0,47.0,47.0,47.0,47.0,0.0,0.0,0.0,0.0,0.0,0.0,0.0,0.0,0.0,0.0,0.0,0.0,0.0,0.0,0.0,0.0,0.0,0.0,0.0,0.0,0.0,0.0,0.0,0.0,0.0,0.0,0.0,0.0,0.0,0.0,0.0,0.0,0.0,0.0,0.0,0.0,0.0,0.0,0.0,0.0,0.0,0.0,0.0,0.0,0.0,0.0,0.0,0.0,0.0,0.0,0.0,0.0,0.0,0.0,0.0,0.0,0.0,0.0,0.0,0.0,0.0,0.0,0.0,0.0,0.0,0.0,0.0,0.0,0.0,0.0,0.0,0.0,0.0,0.0,0.0,0.0,0.0,0.0,0.0,0.0,0.0,0.0,0.0,0.0,0.0,0.0,0.0,0.0,0.0,0.0,0.0,0.0,0.0,0.0,0.0,0.0,0.0,0.0,0.0,0.0,0.0,0.0,...
1763031125,75189290,laser,-3.1241390705108643,3.1415927410125732,0.0034828970674425364,5.71791642869357e-05,0.1028653159737587,0.15000000596046448,16.0,5.664000034332275,5.664000034332275,5.664000034332275,5.664000034332275,5.656000137329102,5.656000137329102,5.656000137329102,5.664000034332275,5.656000137329102,5.656000137329102,5.6479997634887695,5.656000137329102,5.664000034332275,5.664000034332275,5.664000034332275,5.664000034332275,5.664000034332275,5.656000137329102,5.664000034332275,5.656000137329102,5.6479997634887695,5.656000137329102,5.664000034332275,5.656000137329102,5.656000137329102,5.6479997634887695,5.6479997634887695,5.671999931335449,5.679999828338623,5.671999931335449,5.671999931335449,5.671999931335449,5.664000034332275,5.656000137329102,5.6479997634887695,inf,inf,inf,inf,inf,inf,inf,inf,inf,inf,inf,inf,inf,inf,inf,inf,inf,3.799999952316284,3.799999952316284,3.799999952316284,3.799999952316284,3.799999952316284,3.74399995803833,3.74399995803833,3.74399995803833,3.740000009536743,3.74399995803833,3.74399995803833,3.747999906539917,3.747999906539917,3.747999906539917,3.747999906539917,2.868000030517578,2.868000030517578,2.868000030517578,2.868000030517578,2.799999952316284,2.7320001125335693,2.6760001182556152,2.628000020980835,2.5799999237060547,2.5199999809265137,2.4719998836517334,2.4719998836517334,2.371999979019165,2.371999979019165,2.328000068664551,2.2920000553131104,2.200000047683716,2.184000015258789,2.184000015258789,2.140000104904175,2.115999937057495,2.0380001068115234,2.0380001068115234,2.0199999809265137,2.0199999809265137,1.9980000257492065,1.9759999513626099,1.9579999446868896,1.9459999799728394,1.9320000410079956,1.9160000085830688,1.9160000085830688,1.8980000019073486,1.8760000467300415,1.8480000495910645,1.8259999752044678,1.8020000457763672,1.777999997138977,1.75600004196167,1.7339999675750732,1.7139999866485596,1.6920000314712524,1.6699999570846558,1.6699999570846558,1.6519999504089355,1.527999997138977,1.527999997138977,1.5080000162124634,1.4980000257492065,1.4859999418258667,inf,inf,inf,inf,inf,1.399999976158142,1.399999976158142,1.399999976158142,1.399999976158142,1.399999976158142,1.3899999856948853,...,0.0,0.0,0.0,0.0,0.0,0.0,0.0,47.0,47.0,47.0,47.0,47.0,47.0,47.0,47.0,47.0,47.0,47.0,47.0,47.0,47.0,47.0,47.0,47.0,47.0,0.0,0.0,0.0,0.0,0.0,0.0,0.0,0.0,0.0,0.0,0.0,0.0,0.0,0.0,0.0,0.0,0.0,0.0,0.0,0.0,0.0,0.0,0.0,0.0,0.0,0.0,0.0,0.0,0.0,0.0,0.0,0.0,0.0,0.0,0.0,0.0,0.0,0.0,0.0,0.0,0.0,0.0,0.0,0.0,0.0,0.0,0.0,0.0,0.0,0.0,0.0,0.0,0.0,0.0,0.0,0.0,0.0,0.0,0.0,0.0,0.0,0.0,0.0,0.0,0.0,0.0,0.0,0.0,0.0,0.0,0.0,0.0,0.0,0.0,0.0,0.0,0.0,0.0,0.0,0.0,0.0,0.0,0.0,0.0,0.0,0.0,0.0,0.0,0.0,0.0,0.0,0.0,0.0,0.0,0.0,0.0,0.0,0.0,0.0,0.0,0.0,0.0,0.0,...
1763031125,179499943,laser,-3.1241390705108643,3.1415927410125732,0.0034828970674425364,5.373741441871971e-05,0.09667360782623291,0.15000000596046448,16.0,inf,5.664000034332275,5.664000034332275,5.664000034332275,5.664000034332275,5.664000034332275,5.656000137329102,5.664000034332275,5.656000137329102,5.656000137329102,5.6479997634887695,5.656000137329102,5.664000034332275,5.664000034332275,5.664000034332275,5.664000034332275,5.664000034332275,5.656000137329102,5.664000034332275,5.656000137329102,5.6479997634887695,5.656000137329102,5.664000034332275,5.656000137329102,5.656000137329102,5.6479997634887695,5.6479997634887695,5.664000034332275,5.671999931335449,5.671999931335449,5.664000034332275,5.664000034332275,5.664000034332275,5.656000137329102,5.6479997634887695,inf,inf,inf,inf,inf,inf,inf,inf,inf,inf,inf,inf,inf,inf,inf,inf,3.875999927520752,3.875999927520752,3.875999927520752,3.875999927520752,3.875999927520752,3.7880001068115234,3.7880001068115234,3.74399995803833,3.74399995803833,3.740000009536743,3.74399995803833,3.747999906539917,3.747999906539917,3.747999906539917,2.9240000247955322,2.9240000247955322,2.9240000247955322,2.9240000247955322,2.864000082015991,2.864000082015991,2.7960000038146973,2.7320001125335693,2.671999931335449,2.624000072479248,2.5759999752044678,2.5199999809265137,2.4719998836517334,2.4240000247955322,2.371999979019165,2.328000068664551,2.328000068664551,2.303999900817871,2.196000099182129,2.196000099182129,2.184000015258789,2.135999917984009,2.1040000915527344,2.068000078201294,2.0399999618530273,2.0199999809265137,1.9900000095367432,1.9900000095367432,1.9520000219345093,1.9259999990463257,1.9140000343322754,1.906000018119812,1.8940000534057617,1.8819999694824219,1.8680000305175781,1.8420000076293945,1.8420000076293945,1.8220000267028809,1.8020000457763672,1.7760000228881836,1.75600004196167,1.7339999675750732,1.7120000123977661,1.6920000314712524,1.6660000085830688,1.6660000085830688,1.6480000019073486,1.496000051498413,1.496000051498413,1.496000051498413,1.496000051498413,1.4859999418258667,inf,inf,inf,inf,1.399999976158142,1.399999976158142,1.399999976158142,1.399999976158142,1.399999976158142,1.3899999856948853,1.3899999856948853,...,0.0,0.0,0.0,0.0,0.0,0.0,0.0,47.0,47.0,47.0,47.0,47.0,47.0,47.0,47.0,47.0,47.0,47.0,47.0,47.0,47.0,47.0,47.0,47.0,47.0,47.0,0.0,0.0,0.0,0.0,0.0,0.0,0.0,0.0,0.0,0.0,0.0,0.0,0.0,0.0,0.0,0.0,0.0,0.0,0.0,0.0,0.0,0.0,0.0,0.0,0.0,0.0,0.0,0.0,0.0,0.0,0.0,0.0,0.0,0.0,0.0,0.0,0.0,0.0,0.0,0.0,0.0,0.0,0.0,0.0,0.0,47.0,47.0,47.0,47.0,47.0,0.0,0.0,0.0,0.0,0.0,0.0,0.0,0.0,0.0,0.0,0.0,0.0,0.0,47.0,47.0,47.0,47.0,47.0,0.0,0.0,0.0,0.0,0.0,0.0,0.0,0.0,0.0,0.0,0.0,0.0,0.0,0.0,0.0,0.0,0.0,0.0,0.0,0.0,0.0,0.0,0.0,0.0,0.0,0.0,0.0,0.0,0.0,0.0,47.0,47.0,47.0,47.0,...
1763031125,277399962,laser,-3.1241390705108643,3.1415927410125732,0.0034828970674425364,5.3989890147931874e-05,0.09712781757116318,0.15000000596046448,16.0,5.656000137329102,5.656000137329102,5.656000137329102,5.656000137329102,5.656000137329102,5.656000137329102,5.656000137329102,5.664000034332275,5.656000137329102,5.656000137329102,5.6479997634887695,5.656000137329102,5.664000034332275,5.671999931335449,5.664000034332275,5.664000034332275,5.656000137329102,5.656000137329102,5.656000137329102,5.656000137329102,5.6479997634887695,5.656000137329102,5.656000137329102,5.656000137329102,5.656000137329102,5.656000137329102,5.656000137329102,5.671999931335449,5.671999931335449,5.664000034332275,5.664000034332275,5.664000034332275,5.664000034332275,5.664000034332275,5.664000034332275,inf,inf,inf,inf,inf,inf,inf,inf,inf,inf,inf,inf,inf,inf,inf,3.8559999465942383,3.8559999465942383,3.8559999465942383,3.8559999465942383,3.8559999465942383,3.7839999198913574,3.7839999198913574,3.7839999198913574,3.7839999198913574,3.74399995803833,3.7320001125335693,3.7360000610351562,3.74399995803833,3.74399995803833,3.752000093460083,3.752000093460083,2.9079999923706055,2.9079999923706055,2.9079999923706055,2.8480000495910645,2.8480000495910645,2.7960000038146973,2.7239999771118164,2.6559998989105225,2.615999937057495,2.563999891281128,2.563999891281128,2.507999897003174,2.4040000438690186,2.364000082015991,2.364000082015991,2.319999933242798,2.299999952316284,2.191999912261963,2.191999912261963,2.1760001182556152,2.135999917984009,2.135999917984009,2.1040000915527344,2.072000026702881,2.0339999198913574,1.996000051498413,1.9700000286102295,1.9459999799728394,1.909999966621399,1.878000020980835,1.8680000305175781,1.850000023841858,1.8359999656677246,1.8359999656677246,1.8359999656677246,1.8240000009536743,1.8079999685287476,1.7899999618530273,1.7660000324249268,1.746000051498413,1.7280000448226929,1.7079999446868896,1.7079999446868896,1.6859999895095825,1.6660000085830688,1.6440000534057617,1.527999997138977,1.527999997138977,1.503999948501587,1.4900000095367432,1.465999960899353,inf,inf,inf,inf,inf,inf,inf,1.399999976158142,1.399999976158142,1.399999976158142,1.399999976158142,...,0.0,0.0,0.0,0.0,0.0,0.0,0.0,0.0,47.0,47.0,47.0,47.0,47.0,47.0,47.0,47.0,47.0,47.0,47.0,47.0,47.0,47.0,47.0,47.0,0.0,0.0,0.0,0.0,0.0,0.0,0.0,0.0,0.0,0.0,0.0,0.0,0.0,0.0,0.0,0.0,0.0,0.0,0.0,0.0,0.0,0.0,0.0,0.0,0.0,0.0,0.0,0.0,0.0,0.0,0.0,0.0,0.0,0.0,0.0,0.0,0.0,0.0,0.0,0.0,0.0,0.0,0.0,0.0,0.0,47.0,47.0,47.0,47.0,47.0,0.0,0.0,0.0,0.0,0.0,0.0,0.0,0.0,0.0,0.0,0.0,0.0,0.0,0.0,0.0,0.0,47.0,47.0,47.0,47.0,47.0,0.0,0.0,0.0,0.0,0.0,0.0,0.0,0.0,0.0,0.0,0.0,0.0,0.0,0.0,0.0,0.0,0.0,0.0,0.0,0.0,0.0,0.0,0.0,0.0,0.0,0.0,0.0,0.0,0.0,0.0,0.0,0.0,0.0,...
1763031125,376169318,laser,-3.1241390705108643,3.1415927410125732,0.0034828970674425364,5.3691022912971675e-05,0.09659014642238617,0.15000000596046448,16.0,5.656000137329102,5.656000137329102,5.656000137329102,5.656000137329102,5.656000137329102,5.656000137329102,5.656000137329102,5.656000137329102,5.656000137329102,5.6479997634887695,5.6479997634887695,5.664000034332275,5.664000034332275,5.656000137329102,5.656000137329102,5.664000034332275,5.664000034332275,5.656000137329102,5.656000137329102,5.656000137329102,5.656000137329102,5.664000034332275,5.664000034332275,5.656000137329102,5.6479997634887695,5.6479997634887695,5.656000137329102,5.664000034332275,5.671999931335449,5.671999931335449,5.664000034332275,5.664000034332275,5.664000034332275,5.664000034332275,5.656000137329102,inf,inf,inf,inf,inf,inf,inf,inf,inf,inf,inf,inf,inf,inf,inf,inf,3.8519999980926514,3.8519999980926514,3.8519999980926514,3.8519999980926514,3.8519999980926514,3.7799999713897705,3.7799999713897705,3.7799999713897705,3.74399995803833,3.7320001125335693,3.7360000610351562,3.74399995803833,3.74399995803833,3.747999906539917,3.747999906539917,2.8959999084472656,2.8959999084472656,2.8959999084472656,2.8480000495910645,2.8480000495910645,2.7960000038146973,2.7279999256134033,2.6640000343322754,2.615999937057495,2.563999891281128,2.563999891281128,2.507999897003174,2.4519999027252197,2.3919999599456787,2.3559999465942383,2.3239998817443848,2.299999952316284,2.180000066757202,2.180000066757202,2.171999931335449,2.128000020980835,2.128000020980835,2.0959999561309814,2.072000026702881,2.0339999198913574,2.00600004196167,1.9739999771118164,1.944000005722046,1.9220000505447388,1.9079999923706055,1.9079999923706055,1.9019999504089355,1.8960000276565552,1.8819999694824219,1.8619999885559082,1.840000033378601,1.8200000524520874,1.7979999780654907,1.7719999551773071,1.746000051498413,1.7280000448226929,1.7079999446868896,1.7079999446868896,1.6859999895095825,1.6660000085830688,1.6440000534057617,1.5219999551773071,1.5219999551773071,1.503999948501587,1.496000051498413,1.4819999933242798,inf,inf,inf,1.4119999408721924,1.4119999408721924,1.4119999408721924,1.4119999408721924,1.4119999408721924,1.399999976158142,1.399999976158142,1.399999976158142,...,0.0,0.0,0.0,0.0,0.0,0.0,0.0,0.0,47.0,47.0,47.0,47.0,47.0,47.0,47.0,47.0,47.0,47.0,47.0,47.0,47.0,47.0,47.0,47.0,47.0,0.0,0.0,0.0,0.0,0.0,0.0,0.0,0.0,0.0,0.0,0.0,0.0,0.0,0.0,0.0,0.0,0.0,0.0,0.0,0.0,0.0,0.0,0.0,0.0,0.0,0.0,0.0,0.0,0.0,0.0,0.0,0.0,0.0,0.0,0.0,0.0,0.0,0.0,0.0,0.0,0.0,0.0,0.0,0.0,0.0,0.0,0.0,0.0,0.0,0.0,0.0,0.0,0.0,0.0,0.0,0.0,0.0,0.0,0.0,0.0,0.0,0.0,0.0,0.0,0.0,0.0,0.0,0.0,0.0,0.0,0.0,0.0,0.0,0.0,0.0,0.0,0.0,0.0,0.0,0.0,0.0,0.0,0.0,0.0,0.0,0.0,0.0,0.0,0.0,0.0,0.0,0.0,0.0,0.0,0.0,0.0,0.0,0.0,0.0,0.0,0.0,0.0,0.0,...
1763031125,474590746,laser,-3.1241390705108643,3.1415927410125732,0.0034828970674425364,5.7001005188794807e-05,0.10254481434822083,0.15000000596046448,16.0,5.671999931335449,5.671999931335449,5.671999931335449,5.671999931335449,5.656000137329102,5.656000137329102,5.656000137329102,5.656000137329102,5.656000137329102,5.6479997634887695,5.6479997634887695,5.664000034332275,5.664000034332275,5.656000137329102,5.656000137329102,5.664000034332275,5.664000034332275,5.6479997634887695,5.656000137329102,5.656000137329102,5.656000137329102,5.656000137329102,5.664000034332275,5.656000137329102,5.6479997634887695,5.6479997634887695,5.656000137329102,5.664000034332275,5.671999931335449,5.671999931335449,5.664000034332275,5.664000034332275,5.664000034332275,5.664000034332275,5.631999969482422,inf,inf,inf,inf,inf,inf,inf,inf,inf,inf,inf,inf,inf,inf,inf,3.868000030517578,3.868000030517578,3.868000030517578,3.868000030517578,3.868000030517578,3.7799999713897705,3.7799999713897705,3.7799999713897705,3.7799999713897705,3.740000009536743,3.7320001125335693,3.7360000610351562,3.74399995803833,3.74399995803833,3.747999906539917,3.747999906539917,3.747999906539917,2.9119999408721924,2.9119999408721924,2.864000082015991,2.864000082015991,2.7920000553131104,2.7320001125335693,2.6640000343322754,2.615999937057495,2.563999891281128,2.563999891281128,2.507999897003174,2.4679999351501465,2.4119999408721924,2.359999895095825,2.3239998817443848,2.299999952316284,2.187999963760376,2.187999963760376,2.180000066757202,2.128000020980835,2.0959999561309814,2.0959999561309814,2.072000026702881,2.0439999103546143,2.0139999389648438,1.9839999675750732,1.9639999866485596,1.9539999961853027,1.9420000314712524,1.9320000410079956,1.9320000410079956,1.9140000343322754,1.8919999599456787,1.871999979019165,1.843999981880188,1.8220000267028809,1.7999999523162842,1.7740000486373901,1.75,1.7280000448226929,1.7100000381469727,1.690000057220459,1.690000057220459,1.6660000085830688,1.6460000276565552,1.527999997138977,1.527999997138977,1.50600004196167,1.496000051498413,1.4839999675750732,inf,inf,inf,inf,inf,inf,1.399999976158142,1.399999976158142,1.399999976158142,1.399999976158142,1.399999976158142,...,0.0,0.0,0.0,0.0,0.0,0.0,0.0,0.0,47.0,47.0,47.0,47.0,47.0,47.0,47.0,47.0,47.0,47.0,47.0,47.0,47.0,47.0,47.0,47.0,47.0,0.0,0.0,0.0,0.0,0.0,0.0,0.0,0.0,0.0,0.0,0.0,0.0,0.0,0.0,0.0,0.0,0.0,0.0,0.0,0.0,0.0,0.0,0.0,0.0,0.0,0.0,0.0,0.0,0.0,0.0,0.0,0.0,0.0,0.0,0.0,0.0,0.0,0.0,0.0,0.0,0.0,0.0,0.0,0.0,0.0,0.0,0.0,0.0,0.0,0.0,0.0,0.0,0.0,0.0,0.0,0.0,0.0,0.0,0.0,0.0,0.0,0.0,0.0,0.0,0.0,0.0,0.0,0.0,0.0,0.0,0.0,0.0,0.0,0.0,0.0,0.0,0.0,0.0,0.0,0.0,0.0,0.0,47.0,47.0,47.0,47.0,47.0,0.0,0.0,0.0,0.0,0.0,0.0,0.0,0.0,0.0,0.0,0.0,0.0,0.0,0.0,47.0,47.0,...
1763031125,578572694,laser,-3.1241390705108643,3.1415927410125732,0.0034828970674425364,5.378329660743475e-05,0.09675614535808563,0.15000000596046448,16.0,5.679999828338623,5.679999828338623,5.679999828338623,5.679999828338623,5.656000137329102,5.656000137329102,5.656000137329102,5.656000137329102,5.656000137329102,5.6479997634887695,5.6479997634887695,5.656000137329102,5.656000137329102,5.656000137329102,5.656000137329102,5.656000137329102,5.656000137329102,5.6479997634887695,5.656000137329102,5.656000137329102,5.6479997634887695,5.664000034332275,5.664000034332275,5.664000034332275,5.6479997634887695,5.6479997634887695,5.656000137329102,5.664000034332275,5.671999931335449,5.671999931335449,5.664000034332275,5.664000034332275,5.656000137329102,5.664000034332275,5.656000137329102,inf,inf,inf,inf,inf,inf,inf,inf,inf,inf,inf,inf,inf,inf,inf,inf,inf,inf,inf,3.7760000228881836,3.7760000228881836,3.7760000228881836,3.7760000228881836,3.7760000228881836,3.74399995803833,3.7360000610351562,3.7360000610351562,3.74399995803833,3.74399995803833,3.747999906539917,3.747999906539917,2.8959999084472656,2.8959999084472656,2.8959999084472656,2.8320000171661377,2.8320000171661377,2.7799999713897705,2.7239999771118164,2.6600000858306885,2.615999937057495,2.563999891281128,2.507999897003174,2.507999897003174,2.4639999866485596,2.4079999923706055,2.3559999465942383,2.312000036239624,2.2920000553131104,2.187999963760376,2.187999963760376,2.171999931335449,2.128000020980835,2.0959999561309814,2.0959999561309814,2.059999942779541,2.0299999713897705,2.0139999389648438,1.9859999418258667,1.9579999446868896,1.9299999475479126,1.9140000343322754,1.909999966621399,1.899999976158142,1.899999976158142,1.8619999885559082,1.8619999885559082,1.840000033378601,1.8200000524520874,1.7979999780654907,1.7719999551773071,1.7480000257492065,1.7280000448226929,1.7079999446868896,1.6859999895095825,1.6859999895095825,1.6660000085830688,1.6440000534057617,1.5160000324249268,1.5160000324249268,1.50600004196167,1.49399995803833,1.4819999933242798,1.465999960899353,inf,inf,inf,inf,inf,1.399999976158142,1.399999976158142,1.399999976158142,1.399999976158142,1.399999976158142,...,0.0,0.0,0.0,0.0,0.0,0.0,0.0,0.0,47.0,47.0,47.0,47.0,47.0,47.0,47.0,47.0,47.0,47.0,47.0,47.0,47.0,47.0,47.0,47.0,47.0,0.0,0.0,0.0,0.0,0.0,0.0,0.0,0.0,0.0,0.0,0.0,0.0,0.0,0.0,0.0,0.0,0.0,0.0,0.0,0.0,0.0,0.0,0.0,0.0,0.0,0.0,0.0,0.0,0.0,0.0,0.0,0.0,0.0,0.0,0.0,0.0,0.0,0.0,0.0,0.0,0.0,0.0,0.0,0.0,0.0,0.0,0.0,0.0,0.0,0.0,0.0,0.0,0.0,0.0,0.0,0.0,0.0,0.0,0.0,0.0,0.0,0.0,0.0,0.0,0.0,47.0,47.0,47.0,47.0,47.0,0.0,0.0,0.0,0.0,0.0,0.0,0.0,0.0,0.0,0.0,0.0,0.0,0.0,0.0,0.0,0.0,0.0,0.0,0.0,0.0,0.0,0.0,0.0,0.0,0.0,0.0,0.0,0.0,0.0,0.0,0.0,47.0,47.0,...
1763031125,676970250,laser,-3.1241390705108643,3.1415927410125732,0.0034828970674425364,5.377502748160623e-05,0.09674127399921417,0.15000000596046448,16.0,5.679999828338623,5.679999828338623,5.679999828338623,5.679999828338623,5.656000137329102,5.656000137329102,5.656000137329102,5.656000137329102,5.656000137329102,5.6479997634887695,5.6479997634887695,5.664000034332275,5.664000034332275,5.664000034332275,5.656000137329102,5.656000137329102,5.656000137329102,5.6479997634887695,5.6479997634887695,5.6479997634887695,5.656000137329102,5.656000137329102,5.664000034332275,5.656000137329102,5.6479997634887695,5.656000137329102,5.664000034332275,5.664000034332275,5.671999931335449,5.671999931335449,5.664000034332275,5.656000137329102,5.656000137329102,5.664000034332275,inf,inf,inf,inf,inf,inf,inf,inf,inf,inf,inf,inf,inf,inf,inf,inf,3.8559999465942383,3.8559999465942383,3.8559999465942383,3.8559999465942383,3.8559999465942383,3.7760000228881836,3.7760000228881836,3.7760000228881836,3.7760000228881836,3.740000009536743,3.7360000610351562,3.7360000610351562,3.74399995803833,3.747999906539917,3.747999906539917,3.747999906539917,3.747999906539917,2.9119999408721924,2.9119999408721924,2.864000082015991,2.864000082015991,2.7960000038146973,2.7320001125335693,2.6679999828338623,2.615999937057495,2.563999891281128,2.507999897003174,2.507999897003174,2.4639999866485596,2.4079999923706055,2.359999895095825,2.3239998817443848,2.299999952316284,2.1760001182556152,2.1760001182556152,2.180000066757202,2.128000020980835,2.0959999561309814,2.068000078201294,2.068000078201294,2.0399999618530273,2.00600004196167,1.9780000448226929,1.9479999542236328,1.9119999408721924,1.8919999599456787,1.8799999952316284,1.8680000305175781,1.8600000143051147,1.8519999980926514,1.8519999980926514,1.8359999656677246,1.8200000524520874,1.7979999780654907,1.7740000486373901,1.753999948501587,1.7319999933242798,1.7100000381469727,1.6920000314712524,1.6679999828338623,1.6679999828338623,1.6480000019073486,1.50600004196167,1.50600004196167,1.50600004196167,1.496000051498413,1.4880000352859497,inf,inf,inf,inf,inf,inf,1.399999976158142,1.399999976158142,1.399999976158142,1.399999976158142,1.399999976158142,...,0.0,0.0,0.0,0.0,0.0,0.0,0.0,0.0,47.0,47.0,47.0,47.0,47.0,47.0,47.0,47.0,47.0,47.0,47.0,47.0,47.0,47.0,47.0,47.0,0.0,0.0,0.0,0.0,0.0,0.0,0.0,0.0,0.0,0.0,0.0,0.0,0.0,0.0,0.0,0.0,0.0,0.0,0.0,0.0,0.0,0.0,0.0,0.0,0.0,0.0,0.0,0.0,0.0,0.0,0.0,0.0,0.0,0.0,0.0,0.0,0.0,0.0,0.0,0.0,0.0,0.0,0.0,0.0,0.0,47.0,47.0,47.0,47.0,47.0,0.0,0.0,0.0,0.0,0.0,0.0,0.0,0.0,0.0,0.0,0.0,0.0,0.0,0.0,0.0,0.0,47.0,47.0,47.0,47.0,47.0,0.0,0.0,0.0,0.0,0.0,0.0,0.0,0.0,0.0,0.0,0.0,0.0,0.0,0.0,0.0,0.0,0.0,0.0,0.0,0.0,0.0,0.0,0.0,0.0,0.0,0.0,0.0,0.0,0.0,0.0,0.0,0.0,0.0,...
1763031125,775414405,laser,-3.1241390705108643,3.1415927410125732,0.0034828970674425364,5.702022463083267e-05,0.10257938504219055,0.15000000596046448,16.0,5.679999828338623,5.679999828338623,5.679999828338623,5.679999828338623,5.656000137329102,5.656000137329102,5.656000137329102,5.656000137329102,5.656000137329102,5.6479997634887695,5.6479997634887695,5.664000034332275,5.664000034332275,5.656000137329102,5.656000137329102,5.656000137329102,5.656000137329102,5.6479997634887695,5.656000137329102,5.656000137329102,5.656000137329102,5.656000137329102,5.664000034332275,5.664000034332275,5.6479997634887695,5.656000137329102,5.656000137329102,5.664000034332275,5.671999931335449,5.671999931335449,5.664000034332275,5.664000034332275,5.656000137329102,5.664000034332275,5.656000137329102,inf,inf,inf,inf,inf,inf,inf,inf,inf,inf,inf,inf,inf,inf,inf,inf,4.01200008392334,4.01200008392334,4.01200008392334,4.01200008392334,4.01200008392334,3.9040000438690186,3.803999900817871,3.747999906539917,3.747999906539917,3.740000009536743,3.740000009536743,3.740000009536743,3.747999906539917,3.747999906539917,3.752000093460083,3.752000093460083,2.884000062942505,2.884000062942505,2.747999906539917,2.747999906539917,2.747999906539917,2.747999906539917,2.7039999961853027,2.6480000019073486,2.5880000591278076,2.5399999618530273,2.4839999675750732,2.436000108718872,2.328000068664551,2.328000068664551,2.328000068664551,2.2880001068115234,2.25600004196167,2.2279999256134033,2.191999912261963,2.1480000019073486,2.1080000400543213,2.0799999237060547,2.052000045776367,2.0179998874664307,1.996000051498413,1.9739999771118164,1.9739999771118164,1.944000005722046,1.9240000247955322,1.9140000343322754,1.9040000438690186,1.8919999599456787,1.871999979019165,1.8519999980926514,1.8339999914169312,1.8140000104904175,1.8140000104904175,1.7860000133514404,1.7640000581741333,1.74399995803833,1.722000002861023,1.7039999961853027,1.6859999895095825,1.6640000343322754,1.6360000371932983,1.5160000324249268,1.5160000324249268,1.503999948501587,1.4919999837875366,1.4919999837875366,1.4780000448226929,1.4579999446868896,inf,inf,1.4240000247955322,1.4240000247955322,1.4240000247955322,1.4240000247955322,1.4240000247955322,1.3980000019073486,1.3980000019073486,...,0.0,0.0,0.0,0.0,0.0,0.0,0.0,0.0,47.0,47.0,47.0,47.0,47.0,47.0,47.0,47.0,47.0,47.0,47.0,47.0,47.0,47.0,47.0,47.0,0.0,0.0,0.0,0.0,0.0,0.0,0.0,0.0,0.0,0.0,0.0,0.0,0.0,0.0,0.0,0.0,0.0,0.0,0.0,0.0,0.0,0.0,0.0,0.0,0.0,0.0,0.0,0.0,0.0,0.0,0.0,0.0,0.0,0.0,0.0,0.0,0.0,0.0,0.0,0.0,0.0,0.0,0.0,0.0,0.0,0.0,0.0,0.0,0.0,0.0,0.0,0.0,0.0,0.0,0.0,0.0,0.0,0.0,0.0,0.0,0.0,0.0,0.0,0.0,0.0,0.0,0.0,0.0,0.0,0.0,0.0,0.0,0.0,0.0,0.0,0.0,0.0,0.0,0.0,0.0,0.0,0.0,0.0,0.0,0.0,0.0,0.0,0.0,0.0,0.0,0.0,0.0,0.0,0.0,0.0,0.0,0.0,0.0,0.0,0.0,0.0,0.0,0.0,0.0,...
1763031125,879615889,laser,-3.1241390705108643,3.1415927410125732,0.0034828970674425364,5.375203909352422e-05,0.09669992327690125,0.15000000596046448,16.0,5.671999931335449,5.671999931335449,5.671999931335449,5.671999931335449,5.671999931335449,5.656000137329102,5.656000137329102,5.664000034332275,5.656000137329102,5.656000137329102,5.6479997634887695,5.656000137329102,5.664000034332275,5.664000034332275,5.656000137329102,5.656000137329102,5.656000137329102,5.656000137329102,5.656000137329102,5.656000137329102,5.6479997634887695,5.656000137329102,5.664000034332275,5.656000137329102,5.656000137329102,5.6479997634887695,5.6479997634887695,5.664000034332275,5.671999931335449,5.664000034332275,5.664000034332275,5.664000034332275,5.656000137329102,5.6479997634887695,5.639999866485596,inf,inf,inf,inf,inf,inf,inf,inf,inf,inf,inf,inf,inf,inf,inf,inf,inf,3.9040000438690186,3.9040000438690186,3.9040000438690186,3.9040000438690186,3.9040000438690186,3.7960000038146973,3.74399995803833,3.740000009536743,3.740000009536743,3.740000009536743,3.74399995803833,3.747999906539917,3.747999906539917,3.747999906539917,2.884000062942505,2.884000062942505,2.884000062942505,2.884000062942505,2.75600004196167,2.75600004196167,2.75600004196167,2.700000047683716,2.635999917984009,2.5880000591278076,2.5399999618530273,2.4839999675750732,2.436000108718872,2.384000062942505,2.3320000171661377,2.2880001068115234,2.25600004196167,2.25600004196167,2.191999912261963,2.191999912261963,2.1480000019073486,2.1080000400543213,2.0799999237060547,2.052000045776367,2.0160000324249268,1.996000051498413,1.9739999771118164,1.9500000476837158,1.9500000476837158,1.9359999895095825,1.9299999475479126,1.9160000085830688,1.899999976158142,1.8760000467300415,1.8519999980926514,1.8339999914169312,1.8140000104904175,1.7860000133514404,1.7860000133514404,1.7640000581741333,1.74399995803833,1.722000002861023,1.7000000476837158,1.6820000410079956,1.6640000343322754,1.6319999694824219,1.5160000324249268,1.503999948501587,1.503999948501587,1.4919999837875366,1.4919999837875366,1.4780000448226929,inf,inf,inf,inf,1.409999966621399,1.409999966621399,1.409999966621399,1.409999966621399,1.409999966621399,1.3980000019073486,...,0.0,0.0,0.0,0.0,0.0,0.0,0.0,47.0,47.0,47.0,47.0,47.0,47.0,47.0,47.0,47.0,47.0,47.0,47.0,47.0,47.0,47.0,47.0,47.0,0.0,0.0,0.0,0.0,0.0,0.0,0.0,0.0,0.0,0.0,0.0,0.0,0.0,0.0,0.0,0.0,0.0,0.0,0.0,0.0,0.0,0.0,0.0,0.0,0.0,0.0,0.0,0.0,0.0,0.0,0.0,0.0,0.0,0.0,0.0,0.0,0.0,0.0,0.0,0.0,0.0,0.0,0.0,0.0,0.0,0.0,0.0,0.0,0.0,0.0,0.0,0.0,0.0,0.0,0.0,0.0,0.0,0.0,0.0,0.0,0.0,0.0,0.0,0.0,0.0,0.0,0.0,0.0,0.0,0.0,0.0,0.0,0.0,0.0,0.0,0.0,0.0,0.0,0.0,0.0,0.0,0.0,47.0,47.0,47.0,47.0,47.0,0.0,0.0,0.0,0.0,0.0,0.0,0.0,0.0,0.0,0.0,0.0,0.0,0.0,0.0,47.0,47.0,47.0,...
1763031125,978215451,laser,-3.1241390705108643,3.1415927410125732,0.0034828970674425364,5.3537889471044764e-05,0.09631466120481491,0.15000000596046448,16.0,inf,5.664000034332275,5.664000034332275,5.664000034332275,5.664000034332275,5.664000034332275,5.664000034332275,5.671999931335449,5.656000137329102,5.656000137329102,5.6479997634887695,5.656000137329102,5.664000034332275,5.664000034332275,5.656000137329102,5.656000137329102,5.656000137329102,5.656000137329102,5.656000137329102,5.6479997634887695,5.6479997634887695,5.656000137329102,5.664000034332275,5.656000137329102,5.656000137329102,5.6479997634887695,5.6479997634887695,5.664000034332275,5.671999931335449,5.664000034332275,5.664000034332275,5.656000137329102,5.6479997634887695,5.6479997634887695,5.639999866485596,inf,inf,inf,inf,inf,inf,inf,inf,inf,inf,inf,inf,inf,inf,inf,inf,3.803999900817871,3.803999900817871,3.803999900817871,3.803999900817871,3.803999900817871,3.75600004196167,3.75600004196167,3.75600004196167,3.747999906539917,3.740000009536743,3.740000009536743,3.7360000610351562,3.740000009536743,3.74399995803833,3.747999906539917,2.888000011444092,2.888000011444092,2.888000011444092,2.819999933242798,2.819999933242798,2.759999990463257,2.759999990463257,2.640000104904175,2.640000104904175,2.5959999561309814,2.5439999103546143,2.4839999675750732,2.440000057220459,2.384000062942505,2.3320000171661377,2.2920000553131104,2.2720000743865967,2.247999906539917,2.247999906539917,2.1519999504089355,2.1519999504089355,2.115999937057495,2.0920000076293945,2.052000045776367,2.0199999809265137,1.996000051498413,1.9739999771118164,1.944000005722046,1.9140000343322754,1.9140000343322754,1.878000020980835,1.878000020980835,1.8700000047683716,1.8539999723434448,1.8480000495910645,1.8339999914169312,1.8179999589920044,1.7940000295639038,1.7680000066757202,1.7680000066757202,1.7259999513626099,1.7259999513626099,1.7059999704360962,1.6859999895095825,1.6640000343322754,1.6440000534057617,1.5260000228881836,1.5260000228881836,1.503999948501587,1.4919999837875366,1.468000054359436,inf,inf,inf,inf,inf,inf,inf,1.3960000276565552,1.3960000276565552,1.3960000276565552,1.3960000276565552,...,0.0,0.0,0.0,0.0,0.0,0.0,0.0,0.0,0.0,0.0,47.0,47.0,47.0,47.0,47.0,47.0,47.0,47.0,47.0,47.0,47.0,47.0,47.0,0.0,0.0,0.0,0.0,0.0,0.0,0.0,0.0,0.0,0.0,0.0,0.0,0.0,0.0,0.0,0.0,0.0,0.0,0.0,0.0,0.0,0.0,0.0,0.0,0.0,0.0,0.0,0.0,0.0,0.0,0.0,0.0,0.0,0.0,0.0,0.0,0.0,0.0,0.0,0.0,0.0,0.0,0.0,0.0,47.0,47.0,47.0,47.0,47.0,0.0,0.0,0.0,0.0,0.0,0.0,0.0,0.0,0.0,0.0,0.0,0.0,0.0,0.0,0.0,0.0,0.0,0.0,0.0,0.0,0.0,0.0,0.0,0.0,0.0,0.0,0.0,0.0,0.0,0.0,0.0,0.0,0.0,47.0,47.0,47.0,47.0,47.0,0.0,0.0,0.0,0.0,0.0,0.0,0.0,0.0,0.0,0.0,0.0,0.0,0.0,47.0,47.0,47.0,47.0,47.0,...
1763031126,76345456,laser,-3.1241390705108643,3.1415927410125732,0.0034828970674425364,5.7030589232454076e-05,0.10259803384542465,0.15000000596046448,16.0,5.671999931335449,5.671999931335449,5.671999931335449,5.671999931335449,5.671999931335449,5.664000034332275,5.664000034332275,5.664000034332275,5.656000137329102,5.6479997634887695,5.6479997634887695,5.6479997634887695,5.664000034332275,5.664000034332275,5.664000034332275,5.656000137329102,5.656000137329102,5.656000137329102,5.656000137329102,5.6479997634887695,5.6479997634887695,5.656000137329102,5.664000034332275,5.656000137329102,5.6479997634887695,5.6479997634887695,5.6479997634887695,5.664000034332275,5.671999931335449,5.671999931335449,5.664000034332275,5.664000034332275,5.656000137329102,5.656000137329102,5.656000137329102,inf,inf,inf,inf,inf,inf,inf,inf,inf,inf,inf,inf,inf,inf,inf,inf,inf,inf,3.8559999465942383,3.8559999465942383,3.8559999465942383,3.8559999465942383,3.8559999465942383,3.7760000228881836,3.740000009536743,3.7360000610351562,3.7360000610351562,3.7360000610351562,3.74399995803833,3.747999906539917,3.74399995803833,2.9000000953674316,2.9000000953674316,2.8519999980926514,2.8519999980926514,2.8519999980926514,2.799999952316284,2.7239999771118164,2.6519999504089355,2.611999988555908,2.568000078201294,2.568000078201294,2.507999897003174,2.4519999027252197,2.3959999084472656,2.359999895095825,2.319999933242798,2.2880001068115234,2.180000066757202,2.184000015258789,2.184000015258789,2.135999917984009,2.0999999046325684,2.0999999046325684,2.0739998817443848,2.0399999618530273,1.9980000257492065,1.9700000286102295,1.9479999542236328,1.9119999408721924,1.8880000114440918,1.8739999532699585,1.8619999885559082,1.8539999723434448,1.8539999723434448,1.8459999561309814,1.8320000171661377,1.8179999589920044,1.7979999780654907,1.7760000228881836,1.753999948501587,1.7319999933242798,1.7100000381469727,1.6920000314712524,1.6920000314712524,1.6679999828338623,1.6480000019073486,1.5080000162124634,1.5080000162124634,1.49399995803833,1.49399995803833,1.4819999933242798,inf,inf,inf,inf,inf,1.4019999504089355,1.4019999504089355,1.4019999504089355,1.4019999504089355,1.4019999504089355,1.3919999599456787,...,0.0,0.0,0.0,0.0,0.0,0.0,0.0,0.0,47.0,47.0,47.0,47.0,47.0,47.0,47.0,47.0,47.0,47.0,47.0,47.0,47.0,47.0,47.0,47.0,0.0,0.0,0.0,0.0,0.0,0.0,0.0,0.0,0.0,0.0,0.0,0.0,0.0,0.0,0.0,0.0,0.0,0.0,0.0,0.0,0.0,0.0,0.0,0.0,0.0,0.0,0.0,0.0,0.0,0.0,0.0,0.0,0.0,0.0,0.0,0.0,0.0,0.0,0.0,0.0,0.0,0.0,0.0,0.0,0.0,0.0,0.0,0.0,0.0,0.0,0.0,0.0,0.0,0.0,0.0,0.0,0.0,0.0,0.0,0.0,0.0,0.0,0.0,0.0,0.0,0.0,0.0,0.0,0.0,0.0,0.0,0.0,0.0,0.0,0.0,0.0,0.0,0.0,0.0,0.0,0.0,0.0,47.0,47.0,47.0,47.0,47.0,0.0,0.0,0.0,0.0,0.0,0.0,0.0,0.0,0.0,0.0,0.0,0.0,0.0,0.0,47.0,47.0,47.0,...
1763031126,180531430,laser,-3.1241390705108643,3.1415927410125732,0.0034828970674425364,5.373637395678088e-05,0.09667173773050308,0.15000000596046448,16.0,5.671999931335449,5.671999931335449,5.671999931335449,5.656000137329102,5.656000137329102,5.656000137329102,5.656000137329102,5.656000137329102,5.656000137329102,5.6479997634887695,5.6479997634887695,5.664000034332275,5.664000034332275,5.664000034332275,5.656000137329102,5.656000137329102,5.656000137329102,5.6479997634887695,5.656000137329102,5.656000137329102,5.656000137329102,5.656000137329102,5.664000034332275,5.664000034332275,5.6479997634887695,5.6479997634887695,5.664000034332275,5.664000034332275,5.664000034332275,5.671999931335449,5.664000034332275,5.664000034332275,5.656000137329102,5.656000137329102,5.616000175476074,5.616000175476074,inf,inf,inf,inf,inf,inf,inf,inf,inf,inf,inf,inf,inf,3.9760000705718994,3.9760000705718994,3.9760000705718994,3.9760000705718994,3.9760000705718994,3.868000030517578,3.868000030517578,3.868000030517578,3.868000030517578,3.7799999713897705,3.74399995803833,3.740000009536743,3.740000009536743,3.74399995803833,3.747999906539917,3.74399995803833,3.74399995803833,2.931999921798706,2.868000030517578,2.868000030517578,2.868000030517578,2.868000030517578,2.799999952316284,2.7239999771118164,2.671999931335449,2.631999969482422,2.568000078201294,2.51200008392334,2.4639999866485596,2.4079999923706055,2.364000082015991,2.3320000171661377,2.3320000171661377,2.299999952316284,2.196000099182129,2.191999912261963,2.191999912261963,2.1440000534057617,2.0999999046325684,2.0799999237060547,2.0480000972747803,2.007999897003174,1.9819999933242798,1.9520000219345093,1.9520000219345093,1.9259999990463257,1.909999966621399,1.899999976158142,1.8880000114440918,1.8819999694824219,1.8680000305175781,1.843999981880188,1.8259999752044678,1.8259999752044678,1.8020000457763672,1.7760000228881836,1.75600004196167,1.7339999675750732,1.7120000123977661,1.6959999799728394,1.6759999990463257,1.656000018119812,1.656000018119812,1.5099999904632568,1.4980000257492065,1.4980000257492065,1.4980000257492065,1.4880000352859497,1.4759999513626099,inf,inf,inf,inf,1.4019999504089355,1.4019999504089355,1.4019999504089355,1.4019999504089355,1.4019999504089355,1.3940000534057617,...,0.0,0.0,0.0,0.0,0.0,0.0,0.0,0.0,0.0,47.0,47.0,47.0,47.0,47.0,47.0,47.0,47.0,47.0,47.0,47.0,47.0,47.0,0.0,0.0,0.0,0.0,0.0,0.0,0.0,0.0,0.0,0.0,0.0,0.0,0.0,0.0,0.0,0.0,0.0,0.0,0.0,0.0,0.0,0.0,0.0,0.0,0.0,0.0,0.0,0.0,0.0,0.0,0.0,0.0,0.0,0.0,0.0,0.0,0.0,0.0,0.0,0.0,0.0,0.0,0.0,0.0,0.0,0.0,0.0,0.0,0.0,0.0,0.0,0.0,0.0,0.0,0.0,0.0,0.0,0.0,0.0,0.0,0.0,0.0,0.0,0.0,0.0,0.0,0.0,0.0,0.0,0.0,0.0,0.0,0.0,0.0,0.0,0.0,0.0,0.0,0.0,0.0,0.0,0.0,0.0,0.0,0.0,0.0,0.0,0.0,0.0,0.0,0.0,0.0,0.0,0.0,0.0,0.0,0.0,0.0,0.0,0.0,0.0,0.0,0.0,0.0,0.0,0.0,...
1763031126,278427217,laser,-3.1241390705108643,3.1415927410125732,0.0034828970674425364,5.3946721891406924e-05,0.09705015271902084,0.15000000596046448,16.0,5.671999931335449,5.671999931335449,5.671999931335449,5.656000137329102,5.656000137329102,5.656000137329102,5.656000137329102,5.656000137329102,5.656000137329102,5.6479997634887695,5.6479997634887695,5.664000034332275,5.664000034332275,5.656000137329102,5.656000137329102,5.656000137329102,5.656000137329102,5.6479997634887695,5.6479997634887695,5.656000137329102,5.656000137329102,5.656000137329102,5.664000034332275,5.664000034332275,5.6479997634887695,5.6479997634887695,5.656000137329102,5.664000034332275,5.671999931335449,5.671999931335449,5.664000034332275,5.656000137329102,5.656000137329102,5.656000137329102,5.639999866485596,inf,inf,inf,inf,inf,inf,inf,inf,inf,inf,inf,inf,4.127999782562256,4.127999782562256,4.127999782562256,4.127999782562256,4.127999782562256,3.884000062942505,3.884000062942505,3.884000062942505,3.7920000553131104,3.7920000553131104,3.7920000553131104,3.7920000553131104,3.74399995803833,3.740000009536743,3.74399995803833,3.74399995803833,3.747999906539917,3.747999906539917,3.747999906539917,3.747999906539917,2.936000108718872,2.884000062942505,2.884000062942505,2.884000062942505,2.740000009536743,2.687999963760376,2.687999963760376,2.640000104904175,2.5920000076293945,2.5280001163482666,2.4719998836517334,2.431999921798706,2.375999927520752,2.3320000171661377,2.3320000171661377,2.2920000553131104,2.24399995803833,2.2200000286102295,2.191999912261963,2.1480000019073486,2.1080000400543213,2.0799999237060547,2.053999900817871,2.0160000324249268,1.9839999675750732,1.9700000286102295,1.9700000286102295,1.9559999704360962,1.9420000314712524,1.934000015258789,1.9179999828338623,1.9019999504089355,1.878000020980835,1.8519999980926514,1.8339999914169312,1.812000036239624,1.812000036239624,1.7899999618530273,1.7640000581741333,1.7400000095367432,1.7200000286102295,1.7020000219345093,1.6820000410079956,1.659999966621399,1.628000020980835,1.5180000066757202,1.5180000066757202,1.5019999742507935,1.4880000352859497,1.4880000352859497,1.4759999513626099,inf,inf,inf,inf,inf,1.399999976158142,1.399999976158142,1.399999976158142,1.399999976158142,1.399999976158142,...,0.0,0.0,0.0,0.0,0.0,0.0,0.0,0.0,0.0,47.0,47.0,47.0,47.0,47.0,47.0,47.0,47.0,47.0,47.0,47.0,47.0,47.0,0.0,0.0,0.0,0.0,0.0,0.0,0.0,0.0,0.0,0.0,0.0,0.0,0.0,0.0,0.0,0.0,0.0,0.0,0.0,0.0,0.0,0.0,0.0,0.0,0.0,0.0,0.0,0.0,0.0,0.0,0.0,0.0,0.0,0.0,0.0,0.0,0.0,0.0,0.0,0.0,0.0,0.0,0.0,0.0,0.0,0.0,0.0,0.0,47.0,47.0,47.0,47.0,47.0,0.0,0.0,0.0,0.0,0.0,0.0,0.0,0.0,0.0,0.0,0.0,0.0,0.0,0.0,0.0,0.0,47.0,47.0,47.0,47.0,47.0,0.0,0.0,0.0,0.0,0.0,0.0,0.0,0.0,0.0,0.0,0.0,0.0,0.0,0.0,0.0,0.0,0.0,0.0,0.0,0.0,0.0,0.0,0.0,0.0,0.0,0.0,0.0,0.0,0.0,0.0,0.0,0.0,...
1763031126,377351711,laser,-3.1241390705108643,3.1415927410125732,0.0034828970674425364,5.699507164536044e-05,0.10253413021564484,0.15000000596046448,16.0,5.656000137329102,5.656000137329102,5.656000137329102,5.656000137329102,5.664000034332275,5.664000034332275,5.664000034332275,5.664000034332275,5.664000034332275,5.6479997634887695,5.6479997634887695,5.656000137329102,5.656000137329102,5.656000137329102,5.656000137329102,5.656000137329102,5.664000034332275,5.6479997634887695,5.656000137329102,5.656000137329102,5.6479997634887695,5.664000034332275,5.664000034332275,5.664000034332275,5.6479997634887695,5.656000137329102,5.656000137329102,5.664000034332275,5.671999931335449,5.664000034332275,5.664000034332275,5.664000034332275,5.656000137329102,5.664000034332275,5.664000034332275,inf,inf,inf,inf,inf,inf,inf,inf,inf,inf,inf,inf,inf,inf,inf,inf,inf,inf,inf,3.759999990463257,3.759999990463257,3.759999990463257,3.759999990463257,3.759999990463257,3.747999906539917,3.740000009536743,3.740000009536743,3.7360000610351562,3.74399995803833,3.747999906539917,3.752000093460083,2.884000062942505,2.884000062942505,2.884000062942505,2.8359999656677246,2.8359999656677246,2.7760000228881836,2.7160000801086426,2.6519999504089355,2.611999988555908,2.611999988555908,2.5,2.5,2.4560000896453857,2.4000000953674316,2.3440001010894775,2.2960000038146973,2.2760000228881836,2.187999963760376,2.187999963760376,2.1640000343322754,2.1640000343322754,2.124000072479248,2.0999999046325684,2.063999891281128,2.0260000228881836,2.002000093460083,1.9819999933242798,1.9479999542236328,1.9160000085830688,1.8960000276565552,1.8960000276565552,1.878000020980835,1.878000020980835,1.8600000143051147,1.8480000495910645,1.8339999914169312,1.815999984741211,1.7940000295639038,1.7699999809265137,1.746000051498413,1.7239999771118164,1.7059999704360962,1.7059999704360962,1.6859999895095825,1.6640000343322754,1.6460000276565552,1.527999997138977,1.527999997138977,1.50600004196167,1.4919999837875366,1.4800000190734863,1.465999960899353,inf,inf,1.4320000410079956,1.4320000410079956,1.4320000410079956,1.4320000410079956,1.4320000410079956,1.4019999504089355,1.4019999504089355,1.4019999504089355,...,0.0,0.0,0.0,0.0,0.0,0.0,0.0,0.0,0.0,47.0,47.0,47.0,47.0,47.0,47.0,47.0,47.0,47.0,47.0,47.0,47.0,0.0,0.0,0.0,0.0,0.0,0.0,0.0,0.0,0.0,0.0,0.0,0.0,0.0,0.0,0.0,0.0,0.0,0.0,0.0,0.0,0.0,0.0,0.0,0.0,0.0,0.0,0.0,0.0,0.0,0.0,0.0,0.0,0.0,0.0,0.0,0.0,0.0,0.0,0.0,0.0,0.0,0.0,0.0,0.0,0.0,0.0,0.0,0.0,47.0,47.0,47.0,47.0,47.0,0.0,0.0,0.0,0.0,0.0,0.0,0.0,0.0,0.0,0.0,0.0,0.0,0.0,0.0,0.0,0.0,47.0,47.0,47.0,47.0,47.0,0.0,0.0,0.0,0.0,0.0,0.0,0.0,0.0,0.0,0.0,0.0,0.0,0.0,0.0,0.0,0.0,0.0,0.0,0.0,0.0,0.0,0.0,0.0,0.0,0.0,0.0,0.0,0.0,0.0,0.0,0.0,0.0,0.0,...
1763031126,481721360,laser,-3.1241390705108643,3.1415927410125732,0.0034828970674425364,5.3629079047823325e-05,0.09647871553897858,0.15000000596046448,16.0,5.671999931335449,5.671999931335449,5.671999931335449,5.671999931335449,5.671999931335449,5.656000137329102,5.656000137329102,5.664000034332275,5.656000137329102,5.656000137329102,5.656000137329102,5.656000137329102,5.664000034332275,5.664000034332275,5.664000034332275,5.656000137329102,5.656000137329102,5.656000137329102,5.656000137329102,5.656000137329102,5.6479997634887695,5.656000137329102,5.656000137329102,5.6479997634887695,5.6479997634887695,5.6479997634887695,5.6479997634887695,5.664000034332275,5.671999931335449,5.664000034332275,5.664000034332275,5.664000034332275,5.656000137329102,5.656000137329102,5.656000137329102,inf,inf,inf,inf,inf,inf,inf,inf,inf,inf,inf,inf,inf,inf,3.9679999351501465,3.9679999351501465,3.9679999351501465,3.9679999351501465,3.9679999351501465,3.7639999389648438,3.7639999389648438,3.7639999389648438,3.7639999389648438,3.74399995803833,3.74399995803833,3.7360000610351562,3.7360000610351562,3.74399995803833,3.747999906539917,3.747999906539917,3.747999906539917,3.747999906539917,2.859999895095825,2.859999895095825,2.859999895095825,2.859999895095825,2.7920000553131104,2.7279999256134033,2.6640000343322754,2.611999988555908,2.559999942779541,2.507999897003174,2.4040000438690186,2.4040000438690186,2.371999979019165,2.371999979019165,2.328000068664551,2.2960000038146973,2.184000015258789,2.187999963760376,2.187999963760376,2.1519999504089355,2.115999937057495,2.0739998817443848,2.0420000553131104,2.003999948501587,1.9780000448226929,1.9780000448226929,1.9500000476837158,1.9160000085830688,1.8919999599456787,1.878000020980835,1.8680000305175781,1.8639999628067017,1.8539999723434448,1.8359999656677246,1.8359999656677246,1.8179999589920044,1.7999999523162842,1.777999997138977,1.75600004196167,1.7319999933242798,1.7139999866485596,1.6979999542236328,1.6740000247955322,1.6540000438690186,1.6540000438690186,1.5099999904632568,1.4980000257492065,1.4980000257492065,1.4980000257492065,1.4880000352859497,1.4759999513626099,inf,inf,inf,inf,1.4040000438690186,1.4040000438690186,1.4040000438690186,1.4040000438690186,1.4040000438690186,1.3940000534057617,...,0.0,0.0,0.0,0.0,0.0,0.0,0.0,0.0,0.0,47.0,47.0,47.0,47.0,47.0,47.0,47.0,47.0,47.0,47.0,47.0,47.0,47.0,47.0,47.0,0.0,0.0,0.0,0.0,0.0,0.0,0.0,0.0,0.0,0.0,0.0,0.0,0.0,0.0,0.0,0.0,0.0,0.0,0.0,0.0,0.0,0.0,0.0,0.0,0.0,0.0,0.0,0.0,0.0,0.0,0.0,0.0,0.0,0.0,0.0,0.0,0.0,0.0,0.0,0.0,0.0,0.0,0.0,0.0,47.0,47.0,47.0,47.0,47.0,0.0,0.0,0.0,0.0,0.0,0.0,0.0,0.0,0.0,0.0,0.0,0.0,0.0,0.0,0.0,0.0,0.0,0.0,0.0,0.0,0.0,0.0,0.0,0.0,0.0,0.0,0.0,0.0,0.0,0.0,0.0,0.0,0.0,0.0,0.0,0.0,0.0,0.0,0.0,0.0,0.0,0.0,0.0,0.0,0.0,0.0,0.0,0.0,0.0,0.0,0.0,47.0,47.0,47.0,47.0,...
1763031126,579766935,laser,-3.1241390705108643,3.1415927410125732,0.0034828970674425364,5.372923624236137e-05,0.09665889292955399,0.15000000596046448,16.0,5.671999931335449,5.671999931335449,5.671999931335449,5.664000034332275,5.664000034332275,5.664000034332275,5.664000034332275,5.664000034332275,5.656000137329102,5.6479997634887695,5.6479997634887695,5.664000034332275,5.664000034332275,5.664000034332275,5.656000137329102,5.656000137329102,5.656000137329102,5.656000137329102,5.6479997634887695,5.6479997634887695,5.6479997634887695,5.656000137329102,5.664000034332275,5.656000137329102,5.6479997634887695,5.6479997634887695,5.656000137329102,5.656000137329102,5.656000137329102,5.664000034332275,5.664000034332275,5.656000137329102,5.656000137329102,5.656000137329102,inf,inf,inf,inf,inf,inf,inf,inf,inf,inf,inf,inf,inf,inf,4.119999885559082,4.119999885559082,4.119999885559082,4.119999885559082,4.119999885559082,3.7839999198913574,3.7839999198913574,3.7839999198913574,3.74399995803833,3.74399995803833,3.74399995803833,3.74399995803833,3.740000009536743,3.740000009536743,3.740000009536743,3.747999906539917,3.747999906539917,3.747999906539917,3.747999906539917,2.9240000247955322,2.9240000247955322,2.871999979019165,2.871999979019165,2.8239998817443848,2.747999906539917,2.684000015258789,2.631999969482422,2.5759999752044678,2.5320000648498535,2.4800000190734863,2.4200000762939453,2.371999979019165,2.3359999656677246,2.3359999656677246,2.2960000038146973,2.240000009536743,2.2119998931884766,2.191999912261963,2.1440000534057617,2.1040000915527344,2.0759999752044678,2.0480000972747803,2.0199999809265137,1.9919999837875366,1.9700000286102295,1.9700000286102295,1.944000005722046,1.9279999732971191,1.9220000505447388,1.9119999408721924,1.8980000019073486,1.8760000467300415,1.850000023841858,1.8339999914169312,1.812000036239624,1.812000036239624,1.784000039100647,1.7599999904632568,1.7400000095367432,1.7200000286102295,1.7020000219345093,1.6859999895095825,1.6640000343322754,1.5119999647140503,1.5019999742507935,1.5019999742507935,1.5019999742507935,1.4900000095367432,1.4900000095367432,1.4759999513626099,inf,inf,1.409999966621399,1.409999966621399,1.409999966621399,1.409999966621399,1.409999966621399,1.399999976158142,1.399999976158142,1.399999976158142,...,0.0,0.0,0.0,0.0,0.0,0.0,0.0,0.0,47.0,47.0,47.0,47.0,47.0,47.0,47.0,47.0,47.0,47.0,47.0,47.0,47.0,47.0,0.0,0.0,0.0,0.0,0.0,0.0,0.0,0.0,0.0,0.0,0.0,0.0,0.0,0.0,0.0,0.0,0.0,0.0,0.0,0.0,0.0,0.0,0.0,0.0,0.0,0.0,0.0,0.0,0.0,0.0,0.0,0.0,0.0,0.0,0.0,0.0,0.0,0.0,0.0,0.0,0.0,0.0,0.0,0.0,0.0,0.0,0.0,0.0,0.0,0.0,0.0,0.0,0.0,0.0,0.0,0.0,0.0,0.0,0.0,0.0,0.0,0.0,0.0,0.0,0.0,0.0,0.0,0.0,0.0,0.0,0.0,0.0,0.0,0.0,0.0,0.0,0.0,0.0,0.0,0.0,0.0,0.0,0.0,0.0,0.0,0.0,0.0,0.0,0.0,0.0,0.0,0.0,0.0,0.0,0.0,0.0,0.0,0.0,0.0,0.0,0.0,0.0,0.0,0.0,0.0,0.0,...
1763031126,678192052,laser,-3.1241390705108643,3.1415927410125732,0.0034828970674425364,5.7008099247468635e-05,0.10255756974220276,0.15000000596046448,16.0,5.656000137329102,5.656000137329102,5.656000137329102,5.656000137329102,5.656000137329102,5.656000137329102,5.656000137329102,5.656000137329102,5.656000137329102,5.6479997634887695,5.6479997634887695,5.656000137329102,5.656000137329102,5.656000137329102,5.656000137329102,5.656000137329102,5.664000034332275,5.656000137329102,5.656000137329102,5.656000137329102,5.6479997634887695,5.664000034332275,5.664000034332275,5.664000034332275,5.656000137329102,5.656000137329102,5.656000137329102,5.664000034332275,5.671999931335449,5.664000034332275,5.664000034332275,5.664000034332275,5.664000034332275,5.664000034332275,5.6479997634887695,inf,inf,inf,inf,inf,inf,inf,inf,inf,inf,inf,inf,inf,inf,inf,inf,inf,inf,3.884000062942505,3.884000062942505,3.884000062942505,3.884000062942505,3.884000062942505,3.7920000553131104,3.74399995803833,3.740000009536743,3.74399995803833,3.74399995803833,3.747999906539917,3.747999906539917,3.747999906539917,2.927999973297119,2.864000082015991,2.864000082015991,2.864000082015991,2.864000082015991,2.808000087738037,2.74399995803833,2.680000066757202,2.628000020980835,2.5759999752044678,2.5280001163482666,2.4760000705718994,2.4760000705718994,2.371999979019165,2.371999979019165,2.3239998817443848,2.2920000553131104,2.2079999446868896,2.191999912261963,2.191999912261963,2.1440000534057617,2.1040000915527344,2.0759999752044678,2.0480000972747803,2.0160000324249268,1.9900000095367432,1.9900000095367432,1.9700000286102295,1.9459999799728394,1.9299999475479126,1.9220000505447388,1.909999966621399,1.8980000019073486,1.8739999532699585,1.850000023841858,1.850000023841858,1.8320000171661377,1.809999942779541,1.784000039100647,1.7580000162124634,1.7400000095367432,1.7200000286102295,1.7020000219345093,1.6820000410079956,1.659999966621399,1.659999966621399,1.5119999647140503,1.5019999742507935,1.5019999742507935,1.5019999742507935,1.4900000095367432,1.4759999513626099,inf,inf,inf,inf,1.406000018119812,1.406000018119812,1.406000018119812,1.406000018119812,1.406000018119812,1.3980000019073486,...,0.0,0.0,0.0,0.0,0.0,0.0,0.0,0.0,47.0,47.0,47.0,47.0,47.0,47.0,47.0,47.0,47.0,47.0,47.0,47.0,47.0,47.0,47.0,0.0,0.0,0.0,0.0,0.0,0.0,0.0,0.0,0.0,0.0,0.0,0.0,0.0,0.0,0.0,0.0,0.0,0.0,0.0,0.0,0.0,0.0,0.0,0.0,0.0,0.0,0.0,0.0,0.0,0.0,0.0,0.0,0.0,0.0,0.0,0.0,0.0,0.0,0.0,0.0,0.0,0.0,0.0,0.0,0.0,0.0,0.0,0.0,0.0,0.0,0.0,0.0,0.0,0.0,0.0,0.0,0.0,0.0,0.0,0.0,0.0,0.0,0.0,0.0,0.0,0.0,0.0,0.0,0.0,0.0,0.0,0.0,0.0,0.0,0.0,0.0,0.0,0.0,0.0,0.0,0.0,0.0,0.0,0.0,0.0,0.0,0.0,0.0,0.0,0.0,0.0,0.0,0.0,0.0,0.0,0.0,0.0,0.0,0.0,0.0,0.0,0.0,0.0,0.0,0.0,...
1763031126,782338133,laser,-3.1241390705108643,3.1415927410125732,0.0034828970674425364,5.373599924496375e-05,0.09667106717824936,0.15000000596046448,16.0,5.671999931335449,5.671999931335449,5.671999931335449,5.656000137329102,5.656000137329102,5.656000137329102,5.656000137329102,5.656000137329102,5.656000137329102,5.6479997634887695,5.656000137329102,5.664000034332275,5.664000034332275,5.656000137329102,5.656000137329102,5.656000137329102,5.664000034332275,5.656000137329102,5.656000137329102,5.656000137329102,5.656000137329102,5.656000137329102,5.664000034332275,5.664000034332275,5.6479997634887695,5.6479997634887695,5.656000137329102,5.664000034332275,5.671999931335449,5.671999931335449,5.664000034332275,5.664000034332275,5.656000137329102,5.664000034332275,5.656000137329102,inf,inf,inf,inf,inf,inf,inf,inf,inf,inf,inf,inf,inf,inf,inf,inf,inf,inf,3.759999990463257,3.759999990463257,3.759999990463257,3.759999990463257,3.759999990463257,3.747999906539917,3.747999906539917,3.740000009536743,3.740000009536743,3.7360000610351562,3.74399995803833,3.752000093460083,3.752000093460083,2.8959999084472656,2.8959999084472656,2.828000068664551,2.828000068664551,2.828000068664551,2.7679998874664307,2.7119998931884766,2.6519999504089355,2.611999988555908,2.611999988555908,2.5,2.5,2.447999954223633,2.388000011444092,2.3480000495910645,2.299999952316284,2.2760000228881836,2.184000015258789,2.1600000858306885,2.1600000858306885,2.128000020980835,2.1040000915527344,2.1040000915527344,2.063999891281128,2.0299999713897705,2.0,1.972000002861023,1.9479999542236328,1.909999966621399,1.8819999694824219,1.8700000047683716,1.8559999465942383,1.843999981880188,1.8420000076293945,1.8420000076293945,1.8300000429153442,1.8140000104904175,1.7940000295639038,1.7719999551773071,1.75,1.7280000448226929,1.7079999446868896,1.687999963760376,1.6640000343322754,1.6640000343322754,1.6460000276565552,1.5119999647140503,1.5119999647140503,1.5,1.5,1.4839999675750732,inf,inf,inf,inf,inf,1.4019999504089355,1.4019999504089355,1.4019999504089355,1.4019999504089355,1.4019999504089355,1.3899999856948853,...,0.0,0.0,0.0,0.0,0.0,0.0,0.0,0.0,47.0,47.0,47.0,47.0,47.0,47.0,47.0,47.0,47.0,47.0,47.0,47.0,47.0,47.0,0.0,0.0,0.0,0.0,0.0,0.0,0.0,0.0,0.0,0.0,0.0,0.0,0.0,0.0,0.0,0.0,0.0,0.0,0.0,0.0,0.0,0.0,0.0,0.0,0.0,0.0,0.0,0.0,0.0,0.0,0.0,0.0,0.0,0.0,0.0,0.0,0.0,0.0,0.0,0.0,0.0,0.0,0.0,0.0,0.0,0.0,0.0,0.0,0.0,0.0,0.0,0.0,0.0,0.0,0.0,0.0,0.0,0.0,0.0,0.0,0.0,0.0,0.0,0.0,0.0,0.0,0.0,0.0,0.0,47.0,47.0,47.0,47.0,47.0,0.0,0.0,0.0,0.0,0.0,0.0,0.0,0.0,0.0,0.0,0.0,0.0,0.0,0.0,0.0,0.0,0.0,0.0,0.0,0.0,0.0,0.0,0.0,0.0,0.0,0.0,0.0,0.0,0.0,0.0,0.0,0.0,...
1763031126,880975533,laser,-3.1241390705108643,3.1415927410125732,0.0034828970674425364,5.694565697922371e-05,0.10244523733854294,0.15000000596046448,16.0,5.671999931335449,5.671999931335449,5.671999931335449,5.671999931335449,5.656000137329102,5.656000137329102,5.656000137329102,5.664000034332275,5.656000137329102,5.656000137329102,5.656000137329102,5.656000137329102,5.664000034332275,5.664000034332275,5.656000137329102,5.656000137329102,5.656000137329102,5.656000137329102,5.664000034332275,5.656000137329102,5.6479997634887695,5.656000137329102,5.656000137329102,5.656000137329102,5.6479997634887695,5.6479997634887695,5.6479997634887695,5.664000034332275,5.671999931335449,5.664000034332275,5.664000034332275,5.664000034332275,5.656000137329102,5.656000137329102,5.664000034332275,inf,inf,inf,inf,inf,inf,inf,inf,inf,inf,inf,inf,inf,inf,inf,4.019999980926514,4.019999980926514,4.019999980926514,4.019999980926514,4.019999980926514,3.7960000038146973,3.7960000038146973,3.7960000038146973,3.752000093460083,3.74399995803833,3.74399995803833,3.740000009536743,3.7360000610351562,3.74399995803833,3.747999906539917,3.752000093460083,2.8919999599456787,2.8919999599456787,2.8239998817443848,2.8239998817443848,2.8239998817443848,2.8239998817443848,2.759999990463257,2.7039999961853027,2.6519999504089355,2.5920000076293945,2.5360000133514404,2.496000051498413,2.444000005722046,2.380000114440918,2.3399999141693115,2.299999952316284,2.2760000228881836,2.2760000228881836,2.247999906539917,2.196000099182129,2.1559998989105225,2.115999937057495,2.0880000591278076,2.062000036239624,2.0220000743865967,1.99399995803833,1.9739999771118164,1.9459999799728394,1.9119999408721924,1.9119999408721924,1.8819999694824219,1.8700000047683716,1.8559999465942383,1.840000033378601,1.840000033378601,1.8279999494552612,1.809999942779541,1.7899999618530273,1.7640000581741333,1.7640000581741333,1.746000051498413,1.7280000448226929,1.7059999704360962,1.6859999895095825,1.6640000343322754,1.6440000534057617,1.5240000486373901,1.5240000486373901,1.50600004196167,1.4919999837875366,1.465999960899353,inf,inf,inf,inf,inf,1.399999976158142,1.399999976158142,1.399999976158142,1.399999976158142,1.399999976158142,1.3860000371932983,...,0.0,0.0,0.0,0.0,0.0,0.0,0.0,47.0,47.0,47.0,47.0,47.0,47.0,47.0,47.0,47.0,47.0,47.0,47.0,47.0,47.0,0.0,0.0,0.0,0.0,0.0,0.0,0.0,0.0,0.0,0.0,0.0,0.0,0.0,0.0,0.0,0.0,0.0,0.0,0.0,0.0,0.0,0.0,0.0,0.0,0.0,0.0,0.0,0.0,0.0,0.0,0.0,0.0,0.0,0.0,0.0,0.0,0.0,0.0,0.0,0.0,0.0,0.0,0.0,0.0,0.0,0.0,0.0,0.0,0.0,0.0,0.0,0.0,0.0,0.0,0.0,0.0,0.0,0.0,0.0,0.0,0.0,0.0,0.0,0.0,0.0,0.0,0.0,0.0,0.0,47.0,47.0,47.0,47.0,47.0,0.0,0.0,0.0,0.0,0.0,0.0,0.0,0.0,0.0,0.0,0.0,0.0,0.0,0.0,0.0,0.0,0.0,0.0,0.0,0.0,0.0,0.0,0.0,0.0,0.0,0.0,0.0,0.0,0.0,0.0,0.0,0.0,0.0,...
1763031126,985051960,laser,-3.1241390705108643,3.1415927410125732,0.0034828970674425364,5.372327723307535e-05,0.09664817154407501,0.15000000596046448,16.0,5.664000034332275,5.664000034332275,5.664000034332275,5.664000034332275,5.656000137329102,5.656000137329102,5.656000137329102,5.664000034332275,5.664000034332275,5.656000137329102,5.6479997634887695,5.656000137329102,5.664000034332275,5.664000034332275,5.656000137329102,5.664000034332275,5.664000034332275,5.656000137329102,5.656000137329102,5.656000137329102,5.6479997634887695,5.656000137329102,5.664000034332275,5.656000137329102,5.656000137329102,5.6479997634887695,5.6479997634887695,5.664000034332275,5.671999931335449,5.671999931335449,5.664000034332275,5.664000034332275,5.664000034332275,5.656000137329102,5.6479997634887695,inf,inf,inf,inf,inf,inf,inf,inf,inf,inf,inf,inf,inf,4.0960001945495605,4.0960001945495605,4.0960001945495605,4.0960001945495605,4.0960001945495605,3.875999927520752,3.875999927520752,3.875999927520752,3.7880001068115234,3.7880001068115234,3.74399995803833,3.74399995803833,3.74399995803833,3.747999906539917,3.747999906539917,3.747999906539917,3.747999906539917,3.747999906539917,2.944000005722046,2.944000005722046,2.944000005722046,2.888000011444092,2.812000036239624,2.812000036239624,2.740000009536743,2.680000066757202,2.635999917984009,2.5880000591278076,2.5320000648498535,2.4800000190734863,2.427999973297119,2.375999927520752,2.3399999141693115,2.299999952316284,2.240000009536743,2.240000009536743,2.191999912261963,2.191999912261963,2.1440000534057617,2.1040000915527344,2.0799999237060547,2.0480000972747803,2.0199999809265137,1.99399995803833,1.9700000286102295,1.9479999542236328,1.9479999542236328,1.934000015258789,1.9299999475479126,1.9179999828338623,1.9019999504089355,1.8799999952316284,1.8519999980926514,1.8320000171661377,1.812000036239624,1.812000036239624,1.7879999876022339,1.7640000581741333,1.7419999837875366,1.7200000286102295,1.7020000219345093,1.6820000410079956,1.659999966621399,1.5140000581741333,1.50600004196167,1.50600004196167,1.50600004196167,1.4919999837875366,1.4919999837875366,1.4759999513626099,inf,inf,inf,1.409999966621399,1.409999966621399,1.409999966621399,1.409999966621399,1.409999966621399,1.399999976158142,1.399999976158142,...,0.0,0.0,0.0,0.0,0.0,0.0,0.0,0.0,0.0,47.0,47.0,47.0,47.0,47.0,47.0,47.0,47.0,47.0,47.0,47.0,47.0,0.0,0.0,0.0,0.0,0.0,0.0,0.0,0.0,0.0,0.0,0.0,0.0,0.0,0.0,0.0,0.0,0.0,0.0,0.0,0.0,0.0,0.0,0.0,0.0,0.0,0.0,0.0,0.0,0.0,0.0,0.0,0.0,0.0,0.0,0.0,0.0,0.0,0.0,0.0,0.0,0.0,0.0,0.0,0.0,0.0,0.0,0.0,0.0,0.0,0.0,0.0,0.0,0.0,0.0,0.0,0.0,0.0,0.0,0.0,0.0,0.0,0.0,0.0,0.0,0.0,0.0,0.0,0.0,0.0,0.0,0.0,0.0,0.0,0.0,0.0,0.0,0.0,0.0,0.0,0.0,0.0,0.0,0.0,0.0,0.0,0.0,0.0,0.0,0.0,0.0,0.0,0.0,0.0,0.0,0.0,0.0,0.0,0.0,0.0,0.0,0.0,0.0,0.0,0.0,0.0,47.0,47.0,...
1763031127,83938880,laser,-3.1241390705108643,3.1415927410125732,0.0034828970674425364,5.338962728274055e-05,0.09604793787002563,0.15000000596046448,16.0,5.671999931335449,5.671999931335449,5.671999931335449,5.671999931335449,5.671999931335449,5.656000137329102,5.656000137329102,5.664000034332275,5.656000137329102,5.6479997634887695,5.6479997634887695,5.664000034332275,5.664000034332275,5.656000137329102,5.656000137329102,5.656000137329102,5.664000034332275,5.656000137329102,5.656000137329102,5.656000137329102,5.6479997634887695,5.656000137329102,5.664000034332275,5.664000034332275,5.6479997634887695,5.6479997634887695,5.656000137329102,5.664000034332275,5.671999931335449,5.664000034332275,5.664000034332275,5.664000034332275,5.664000034332275,5.664000034332275,5.656000137329102,inf,inf,inf,inf,inf,inf,inf,inf,inf,inf,inf,inf,4.119999885559082,4.119999885559082,4.119999885559082,4.119999885559082,4.119999885559082,3.880000114440918,3.880000114440918,3.880000114440918,3.7920000553131104,3.7920000553131104,3.7920000553131104,3.74399995803833,3.74399995803833,3.740000009536743,3.740000009536743,3.740000009536743,3.747999906539917,3.747999906539917,3.747999906539917,3.747999906539917,2.944000005722046,2.884000062942505,2.884000062942505,2.884000062942505,2.815999984741211,2.74399995803833,2.680000066757202,2.635999917984009,2.5880000591278076,2.5280001163482666,2.4800000190734863,2.427999973297119,2.375999927520752,2.3399999141693115,2.2960000038146973,2.2960000038146973,2.240000009536743,2.2160000801086426,2.196000099182129,2.1440000534057617,2.1080000400543213,2.0799999237060547,2.0480000972747803,2.0199999809265137,2.0,1.9839999675750732,1.9839999675750732,1.9620000123977661,1.9500000476837158,1.937999963760376,1.9199999570846558,1.9040000438690186,1.8799999952316284,1.8519999980926514,1.8320000171661377,1.812000036239624,1.812000036239624,1.7860000133514404,1.7640000581741333,1.74399995803833,1.722000002861023,1.7020000219345093,1.6820000410079956,1.659999966621399,1.6299999952316284,1.5140000581741333,1.5140000581741333,1.503999948501587,1.4900000095367432,1.4759999513626099,1.4759999513626099,inf,inf,inf,inf,inf,1.399999976158142,1.399999976158142,1.399999976158142,1.399999976158142,1.399999976158142,...,0.0,0.0,0.0,0.0,0.0,0.0,0.0,0.0,47.0,47.0,47.0,47.0,47.0,47.0,47.0,47.0,47.0,47.0,47.0,47.0,47.0,47.0,47.0,0.0,0.0,0.0,0.0,0.0,0.0,0.0,0.0,0.0,0.0,0.0,0.0,0.0,0.0,0.0,0.0,0.0,0.0,0.0,0.0,0.0,0.0,0.0,0.0,0.0,0.0,0.0,0.0,0.0,0.0,0.0,0.0,0.0,0.0,0.0,0.0,0.0,0.0,0.0,0.0,0.0,0.0,0.0,0.0,0.0,0.0,0.0,0.0,47.0,47.0,47.0,47.0,47.0,0.0,0.0,0.0,0.0,0.0,0.0,0.0,0.0,0.0,0.0,0.0,0.0,0.0,0.0,0.0,0.0,0.0,0.0,0.0,0.0,0.0,0.0,0.0,0.0,0.0,0.0,0.0,0.0,0.0,0.0,0.0,0.0,0.0,0.0,0.0,0.0,0.0,0.0,0.0,0.0,0.0,0.0,0.0,0.0,0.0,0.0,0.0,0.0,0.0,0.0,0.0,0.0,...
1763031127,181698979,laser,-3.1241390705108643,3.1415927410125732,0.0034828970674425364,5.703807619283907e-05,0.1026114970445633,0.15000000596046448,16.0,5.656000137329102,5.656000137329102,5.656000137329102,5.656000137329102,5.656000137329102,5.656000137329102,5.656000137329102,5.664000034332275,5.664000034332275,5.6479997634887695,5.6479997634887695,5.656000137329102,5.656000137329102,5.656000137329102,5.664000034332275,5.664000034332275,5.664000034332275,5.656000137329102,5.656000137329102,5.656000137329102,5.6479997634887695,5.664000034332275,5.664000034332275,5.664000034332275,5.656000137329102,5.656000137329102,5.656000137329102,5.664000034332275,5.671999931335449,5.664000034332275,5.664000034332275,5.664000034332275,5.664000034332275,5.664000034332275,5.656000137329102,inf,inf,inf,inf,inf,inf,inf,inf,inf,inf,inf,inf,inf,inf,inf,inf,inf,3.884000062942505,3.884000062942505,3.884000062942505,3.884000062942505,3.884000062942505,3.7960000038146973,3.7960000038146973,3.747999906539917,3.740000009536743,3.740000009536743,3.74399995803833,3.747999906539917,3.747999906539917,3.747999906539917,3.752000093460083,2.884000062942505,2.884000062942505,2.884000062942505,2.884000062942505,2.828000068664551,2.680000066757202,2.680000066757202,2.635999917984009,2.5880000591278076,2.5320000648498535,2.4800000190734863,2.431999921798706,2.384000062942505,2.3399999141693115,2.3399999141693115,2.2960000038146973,2.240000009536743,2.2160000801086426,2.191999912261963,2.1519999504089355,2.115999937057495,2.0799999237060547,2.0480000972747803,2.01200008392334,1.9839999675750732,1.9620000123977661,1.9620000123977661,1.9320000410079956,1.906000018119812,1.8819999694824219,1.8660000562667847,1.8639999628067017,1.850000023841858,1.8359999656677246,1.8200000524520874,1.8200000524520874,1.8040000200271606,1.7860000133514404,1.7619999647140503,1.7380000352859497,1.718000054359436,1.7000000476837158,1.6799999475479126,1.659999966621399,1.6360000371932983,1.5140000581741333,1.50600004196167,1.50600004196167,1.4900000095367432,1.4900000095367432,1.4819999933242798,inf,inf,inf,inf,1.3980000019073486,1.3980000019073486,1.3980000019073486,1.3980000019073486,1.3980000019073486,1.3860000371932983,...,0.0,0.0,0.0,0.0,0.0,0.0,0.0,0.0,0.0,47.0,47.0,47.0,47.0,47.0,47.0,47.0,47.0,47.0,47.0,47.0,47.0,0.0,0.0,0.0,0.0,0.0,0.0,0.0,0.0,0.0,0.0,0.0,0.0,0.0,0.0,0.0,0.0,0.0,0.0,0.0,0.0,0.0,0.0,0.0,0.0,0.0,0.0,0.0,0.0,0.0,0.0,0.0,0.0,0.0,0.0,0.0,0.0,0.0,0.0,0.0,0.0,0.0,0.0,0.0,0.0,0.0,0.0,0.0,0.0,0.0,0.0,0.0,0.0,0.0,0.0,0.0,0.0,0.0,0.0,0.0,0.0,0.0,0.0,0.0,0.0,0.0,0.0,0.0,0.0,0.0,47.0,47.0,47.0,47.0,47.0,0.0,0.0,0.0,0.0,0.0,0.0,0.0,0.0,0.0,0.0,0.0,0.0,0.0,0.0,0.0,0.0,0.0,0.0,0.0,0.0,0.0,0.0,0.0,0.0,0.0,0.0,0.0,0.0,0.0,0.0,47.0,47.0,47.0,...
1763031127,286165214,laser,-3.1241390705108643,3.1415927410125732,0.0034828970674425364,5.361560397432186e-05,0.09645447134971619,0.15000000596046448,16.0,inf,5.664000034332275,5.664000034332275,5.664000034332275,5.664000034332275,5.664000034332275,5.656000137329102,5.656000137329102,5.664000034332275,5.656000137329102,5.6479997634887695,5.656000137329102,5.664000034332275,5.664000034332275,5.664000034332275,5.664000034332275,5.664000034332275,5.656000137329102,5.656000137329102,5.656000137329102,5.6479997634887695,5.656000137329102,5.664000034332275,5.664000034332275,5.656000137329102,5.6479997634887695,5.656000137329102,5.664000034332275,5.679999828338623,5.671999931335449,5.671999931335449,5.664000034332275,5.664000034332275,5.656000137329102,5.6479997634887695,inf,inf,inf,inf,inf,inf,inf,inf,inf,inf,inf,inf,inf,inf,inf,inf,3.880000114440918,3.880000114440918,3.880000114440918,3.880000114440918,3.880000114440918,3.7920000553131104,3.7920000553131104,3.747999906539917,3.747999906539917,3.74399995803833,3.740000009536743,3.74399995803833,3.747999906539917,3.747999906539917,3.747999906539917,2.940000057220459,2.940000057220459,2.940000057220459,2.880000114440918,2.815999984741211,2.815999984741211,2.74399995803833,2.684000015258789,2.640000104904175,2.5880000591278076,2.5320000648498535,2.4800000190734863,2.4240000247955322,2.375999927520752,2.3359999656677246,2.2960000038146973,2.2960000038146973,2.240000009536743,2.2119998931884766,2.191999912261963,2.1440000534057617,2.1080000400543213,2.0799999237060547,2.0480000972747803,2.01200008392334,1.9819999933242798,1.9520000219345093,1.9220000505447388,1.9220000505447388,1.9040000438690186,1.8799999952316284,1.8660000562667847,1.8519999980926514,1.8339999914169312,1.8300000429153442,1.8200000524520874,1.8040000200271606,1.8040000200271606,1.7860000133514404,1.7619999647140503,1.7400000095367432,1.7200000286102295,1.7000000476837158,1.6799999475479126,1.659999966621399,1.6360000371932983,1.5080000162124634,1.5080000162124634,1.5,1.4900000095367432,1.4900000095367432,1.4819999933242798,inf,inf,inf,inf,inf,inf,1.3940000534057617,1.3940000534057617,1.3940000534057617,1.3940000534057617,...,0.0,0.0,0.0,0.0,0.0,0.0,0.0,0.0,0.0,47.0,47.0,47.0,47.0,47.0,47.0,47.0,47.0,47.0,47.0,47.0,47.0,47.0,0.0,0.0,0.0,0.0,0.0,0.0,0.0,0.0,0.0,0.0,0.0,0.0,0.0,0.0,0.0,0.0,0.0,0.0,0.0,0.0,0.0,0.0,0.0,0.0,0.0,0.0,0.0,0.0,0.0,0.0,0.0,0.0,0.0,0.0,0.0,0.0,0.0,0.0,0.0,0.0,0.0,0.0,0.0,0.0,0.0,0.0,0.0,0.0,0.0,0.0,0.0,0.0,0.0,0.0,0.0,0.0,0.0,0.0,0.0,0.0,0.0,0.0,0.0,0.0,0.0,0.0,0.0,0.0,0.0,0.0,0.0,0.0,0.0,0.0,0.0,0.0,0.0,0.0,0.0,0.0,0.0,0.0,0.0,0.0,0.0,0.0,0.0,0.0,0.0,0.0,0.0,0.0,0.0,0.0,0.0,0.0,0.0,0.0,0.0,0.0,0.0,47.0,47.0,47.0,47.0,47.0,...
1763031127,384487264,laser,-3.1241390705108643,3.1415927410125732,0.0034828970674425364,5.3587486036121845e-05,0.09640388935804367,0.15000000596046448,16.0,5.656000137329102,5.656000137329102,5.656000137329102,5.656000137329102,5.656000137329102,5.656000137329102,5.656000137329102,5.664000034332275,5.664000034332275,5.656000137329102,5.6479997634887695,5.656000137329102,5.656000137329102,5.656000137329102,5.664000034332275,5.664000034332275,5.664000034332275,5.656000137329102,5.656000137329102,5.656000137329102,5.6479997634887695,5.656000137329102,5.664000034332275,5.656000137329102,5.656000137329102,5.6479997634887695,5.656000137329102,5.671999931335449,5.679999828338623,5.671999931335449,5.664000034332275,5.664000034332275,5.664000034332275,5.664000034332275,5.656000137329102,inf,inf,inf,inf,inf,inf,inf,inf,inf,inf,inf,inf,inf,inf,inf,inf,inf,inf,3.815999984741211,3.815999984741211,3.815999984741211,3.815999984741211,3.815999984741211,3.759999990463257,3.75600004196167,3.74399995803833,3.74399995803833,3.740000009536743,3.74399995803833,3.747999906539917,3.752000093460083,2.884000062942505,2.884000062942505,2.819999933242798,2.819999933242798,2.819999933242798,2.7639999389648438,2.7079999446868896,2.6480000019073486,2.5999999046325684,2.5999999046325684,2.5439999103546143,2.492000102996826,2.444000005722046,2.388000011444092,2.3440001010894775,2.2960000038146973,2.2760000228881836,2.247999906539917,2.196000099182129,2.1559998989105225,2.1559998989105225,2.115999937057495,2.0840001106262207,2.052000045776367,2.0220000743865967,1.9980000257492065,1.9780000448226929,1.9520000219345093,1.9299999475479126,1.9179999828338623,1.9179999828338623,1.909999966621399,1.8980000019073486,1.8760000467300415,1.8580000400543213,1.8380000591278076,1.8179999589920044,1.7899999618530273,1.7619999647140503,1.7619999647140503,1.7280000448226929,1.7280000448226929,1.7039999961853027,1.6799999475479126,1.6619999408721924,1.6419999599456787,1.5199999809265137,1.5199999809265137,1.503999948501587,1.49399995803833,1.4839999675750732,1.465999960899353,inf,1.434000015258789,1.434000015258789,1.434000015258789,1.434000015258789,1.434000015258789,1.4079999923706055,1.4079999923706055,1.4079999923706055,1.3980000019073486,...,0.0,0.0,0.0,0.0,0.0,0.0,0.0,0.0,0.0,47.0,47.0,47.0,47.0,47.0,47.0,47.0,47.0,47.0,47.0,47.0,47.0,47.0,47.0,47.0,0.0,0.0,0.0,0.0,0.0,0.0,0.0,0.0,0.0,0.0,0.0,0.0,0.0,0.0,0.0,0.0,0.0,0.0,0.0,0.0,0.0,0.0,0.0,0.0,0.0,0.0,0.0,0.0,0.0,0.0,0.0,0.0,0.0,0.0,0.0,0.0,0.0,0.0,0.0,0.0,0.0,0.0,0.0,0.0,0.0,0.0,0.0,0.0,0.0,0.0,0.0,0.0,0.0,0.0,0.0,0.0,0.0,0.0,0.0,0.0,0.0,0.0,0.0,0.0,0.0,47.0,47.0,47.0,47.0,47.0,0.0,0.0,0.0,0.0,0.0,0.0,0.0,0.0,0.0,0.0,0.0,0.0,0.0,0.0,0.0,0.0,0.0,0.0,0.0,0.0,0.0,0.0,0.0,0.0,0.0,0.0,0.0,0.0,0.0,0.0,47.0,47.0,47.0,47.0,...
1763031127,482602763,laser,-3.1241390705108643,3.1415927410125732,0.0034828970674425364,5.705092189600691e-05,0.10263460874557495,0.15000000596046448,16.0,5.671999931335449,5.671999931335449,5.671999931335449,5.664000034332275,5.664000034332275,5.664000034332275,5.664000034332275,5.664000034332275,5.656000137329102,5.656000137329102,5.656000137329102,5.656000137329102,5.664000034332275,5.664000034332275,5.664000034332275,5.664000034332275,5.656000137329102,5.656000137329102,5.6479997634887695,5.6479997634887695,5.6479997634887695,5.656000137329102,5.656000137329102,5.656000137329102,5.6479997634887695,5.6479997634887695,5.664000034332275,5.664000034332275,5.671999931335449,5.671999931335449,5.671999931335449,5.664000034332275,5.656000137329102,5.664000034332275,5.664000034332275,inf,inf,inf,inf,inf,inf,inf,inf,inf,inf,inf,inf,inf,inf,inf,inf,3.9159998893737793,3.9159998893737793,3.9159998893737793,3.9159998893737793,3.9159998893737793,3.812000036239624,3.812000036239624,3.812000036239624,3.752000093460083,3.74399995803833,3.740000009536743,3.74399995803833,3.747999906539917,3.747999906539917,3.752000093460083,3.752000093460083,2.884000062942505,2.884000062942505,2.815999984741211,2.815999984741211,2.815999984741211,2.75600004196167,2.7039999961853027,2.6480000019073486,2.5880000591278076,2.5320000648498535,2.48799991607666,2.440000057220459,2.384000062942505,2.3359999656677246,2.3359999656677246,2.2960000038146973,2.25600004196167,2.2320001125335693,2.196000099182129,2.1519999504089355,2.111999988555908,2.0799999237060547,2.052000045776367,2.0160000324249268,1.9919999837875366,1.9780000448226929,1.9780000448226929,1.9500000476837158,1.9259999990463257,1.9140000343322754,1.9040000438690186,1.8919999599456787,1.8700000047683716,1.8480000495910645,1.8339999914169312,1.8140000104904175,1.8140000104904175,1.7860000133514404,1.7619999647140503,1.7419999837875366,1.7200000286102295,1.7020000219345093,1.6820000410079956,1.659999966621399,1.6339999437332153,1.5180000066757202,1.5180000066757202,1.503999948501587,1.4900000095367432,1.4900000095367432,1.4759999513626099,inf,inf,inf,inf,inf,inf,1.399999976158142,1.399999976158142,1.399999976158142,1.399999976158142,...,0.0,0.0,0.0,0.0,0.0,0.0,0.0,0.0,0.0,47.0,47.0,47.0,47.0,47.0,47.0,47.0,47.0,47.0,47.0,47.0,47.0,47.0,0.0,0.0,0.0,0.0,0.0,0.0,0.0,0.0,0.0,0.0,0.0,0.0,0.0,0.0,0.0,0.0,0.0,0.0,0.0,0.0,0.0,0.0,0.0,0.0,0.0,0.0,0.0,0.0,0.0,0.0,0.0,0.0,0.0,0.0,0.0,0.0,0.0,0.0,0.0,0.0,0.0,0.0,0.0,0.0,0.0,0.0,0.0,0.0,0.0,0.0,0.0,0.0,0.0,0.0,0.0,0.0,0.0,0.0,0.0,0.0,0.0,0.0,0.0,0.0,0.0,0.0,0.0,0.0,0.0,0.0,0.0,0.0,0.0,0.0,0.0,0.0,0.0,0.0,0.0,0.0,0.0,0.0,0.0,0.0,0.0,0.0,0.0,0.0,0.0,0.0,0.0,0.0,0.0,0.0,0.0,0.0,0.0,0.0,0.0,0.0,0.0,0.0,0.0,0.0,0.0,0.0,...
1763031127,586868329,laser,-3.1241390705108643,3.1415927410125732,0.0034828970674425364,5.373574822442606e-05,0.09667060524225235,0.15000000596046448,16.0,5.664000034332275,5.664000034332275,5.664000034332275,5.664000034332275,5.664000034332275,5.656000137329102,5.656000137329102,5.664000034332275,5.664000034332275,5.656000137329102,5.6479997634887695,5.656000137329102,5.664000034332275,5.664000034332275,5.664000034332275,5.664000034332275,5.664000034332275,5.656000137329102,5.664000034332275,5.656000137329102,5.6479997634887695,5.656000137329102,5.664000034332275,5.656000137329102,5.656000137329102,5.6479997634887695,5.6479997634887695,5.664000034332275,5.671999931335449,5.664000034332275,5.664000034332275,5.664000034332275,5.664000034332275,5.656000137329102,5.6479997634887695,inf,inf,inf,inf,inf,inf,inf,inf,inf,inf,inf,inf,inf,inf,inf,inf,inf,inf,3.8559999465942383,3.8559999465942383,3.8559999465942383,3.8559999465942383,3.8559999465942383,3.7799999713897705,3.74399995803833,3.7360000610351562,3.740000009536743,3.747999906539917,3.747999906539917,3.747999906539917,3.747999906539917,3.747999906539917,2.8559999465942383,2.8559999465942383,2.8559999465942383,2.8559999465942383,2.799999952316284,2.6559998989105225,2.6559998989105225,2.611999988555908,2.563999891281128,2.5160000324249268,2.4719998836517334,2.4119999408721924,2.368000030517578,2.368000030517578,2.328000068664551,2.299999952316284,2.184000015258789,2.184000015258789,2.184000015258789,2.135999917984009,2.1080000400543213,2.0759999752044678,2.0420000553131104,2.00600004196167,2.00600004196167,1.9759999513626099,1.9459999799728394,1.9079999923706055,1.8860000371932983,1.8760000467300415,1.8600000143051147,1.8519999980926514,1.8459999561309814,1.8320000171661377,1.8320000171661377,1.815999984741211,1.7940000295639038,1.7740000486373901,1.753999948501587,1.7319999933242798,1.7120000123977661,1.6920000314712524,1.6679999828338623,1.6679999828338623,1.6480000019073486,1.5080000162124634,1.496000051498413,1.496000051498413,1.496000051498413,1.4819999933242798,1.4800000190734863,inf,inf,inf,inf,1.4040000438690186,1.4040000438690186,1.4040000438690186,1.4040000438690186,1.4040000438690186,1.3899999856948853,...,0.0,0.0,0.0,0.0,0.0,0.0,0.0,47.0,47.0,47.0,47.0,47.0,47.0,47.0,47.0,47.0,47.0,47.0,47.0,47.0,47.0,47.0,47.0,47.0,0.0,0.0,0.0,0.0,0.0,0.0,0.0,0.0,0.0,0.0,0.0,0.0,0.0,0.0,0.0,0.0,0.0,0.0,0.0,0.0,0.0,0.0,0.0,0.0,0.0,0.0,0.0,0.0,0.0,0.0,0.0,0.0,0.0,0.0,0.0,0.0,0.0,0.0,0.0,0.0,0.0,0.0,0.0,0.0,47.0,47.0,47.0,47.0,47.0,0.0,0.0,0.0,0.0,0.0,0.0,0.0,0.0,0.0,0.0,0.0,0.0,0.0,0.0,0.0,0.0,0.0,0.0,0.0,0.0,0.0,0.0,0.0,0.0,0.0,0.0,0.0,0.0,0.0,0.0,0.0,0.0,0.0,0.0,0.0,0.0,0.0,0.0,0.0,0.0,0.0,0.0,0.0,0.0,0.0,0.0,0.0,0.0,0.0,0.0,0.0,0.0,47.0,47.0,47.0,...
1763031127,684953935,laser,-3.1241390705108643,3.1415927410125732,0.0034828970674425364,5.3896645113127306e-05,0.09696006774902344,0.15000000596046448,16.0,5.671999931335449,5.671999931335449,5.671999931335449,5.656000137329102,5.656000137329102,5.656000137329102,5.656000137329102,5.656000137329102,5.656000137329102,5.6479997634887695,5.6479997634887695,5.664000034332275,5.664000034332275,5.656000137329102,5.656000137329102,5.656000137329102,5.656000137329102,5.656000137329102,5.656000137329102,5.656000137329102,5.656000137329102,5.656000137329102,5.664000034332275,5.664000034332275,5.6479997634887695,5.6479997634887695,5.656000137329102,5.664000034332275,5.671999931335449,5.671999931335449,5.664000034332275,5.664000034332275,5.664000034332275,5.664000034332275,5.656000137329102,inf,inf,inf,inf,inf,inf,inf,inf,inf,inf,inf,inf,inf,inf,inf,4.01200008392334,4.01200008392334,4.01200008392334,4.01200008392334,4.01200008392334,3.7960000038146973,3.7960000038146973,3.7960000038146973,3.74399995803833,3.74399995803833,3.74399995803833,3.74399995803833,3.74399995803833,3.747999906539917,3.747999906539917,3.752000093460083,2.944000005722046,2.944000005722046,2.888000011444092,2.888000011444092,2.819999933242798,2.819999933242798,2.747999906539917,2.700000047683716,2.6480000019073486,2.5880000591278076,2.5320000648498535,2.4839999675750732,2.436000108718872,2.380000114440918,2.3359999656677246,2.2960000038146973,2.2960000038146973,2.240000009536743,2.2160000801086426,2.191999912261963,2.1480000019073486,2.1080000400543213,2.0840001106262207,2.049999952316284,2.01200008392334,1.9819999933242798,1.9600000381469727,1.9320000410079956,1.9320000410079956,1.906000018119812,1.8819999694824219,1.871999979019165,1.8639999628067017,1.8480000495910645,1.8380000591278076,1.8320000171661377,1.809999942779541,1.809999942779541,1.781999945640564,1.7580000162124634,1.7380000352859497,1.718000054359436,1.7020000219345093,1.6799999475479126,1.659999966621399,1.628000020980835,1.5140000581741333,1.5140000581741333,1.4980000257492065,1.4900000095367432,1.4900000095367432,1.4759999513626099,inf,inf,inf,inf,inf,1.4040000438690186,1.4040000438690186,1.4040000438690186,1.4040000438690186,1.4040000438690186,...,0.0,0.0,0.0,0.0,0.0,0.0,0.0,0.0,47.0,47.0,47.0,47.0,47.0,47.0,47.0,47.0,47.0,47.0,47.0,47.0,47.0,47.0,0.0,0.0,0.0,0.0,0.0,0.0,0.0,0.0,0.0,0.0,0.0,0.0,0.0,0.0,0.0,0.0,0.0,0.0,0.0,0.0,0.0,0.0,0.0,0.0,0.0,0.0,0.0,0.0,0.0,0.0,0.0,0.0,0.0,0.0,0.0,0.0,0.0,0.0,0.0,0.0,0.0,0.0,0.0,0.0,0.0,0.0,0.0,0.0,0.0,0.0,0.0,0.0,0.0,0.0,0.0,0.0,0.0,0.0,0.0,0.0,0.0,0.0,0.0,0.0,0.0,0.0,0.0,0.0,0.0,47.0,47.0,47.0,47.0,47.0,0.0,0.0,0.0,0.0,0.0,0.0,0.0,0.0,0.0,0.0,0.0,0.0,0.0,0.0,0.0,0.0,0.0,0.0,0.0,0.0,0.0,0.0,0.0,0.0,0.0,0.0,0.0,0.0,0.0,0.0,0.0,0.0,...
1763031127,783689319,laser,-3.1241390705108643,3.1415927410125732,0.0034828970674425364,5.697036976926029e-05,0.10248969495296478,0.15000000596046448,16.0,5.664000034332275,5.664000034332275,5.664000034332275,5.664000034332275,5.656000137329102,5.656000137329102,5.656000137329102,5.664000034332275,5.656000137329102,5.656000137329102,5.6479997634887695,5.6479997634887695,5.664000034332275,5.664000034332275,5.664000034332275,5.664000034332275,5.656000137329102,5.656000137329102,5.664000034332275,5.656000137329102,5.6479997634887695,5.656000137329102,5.664000034332275,5.656000137329102,5.656000137329102,5.6479997634887695,5.6479997634887695,5.664000034332275,5.671999931335449,5.664000034332275,5.664000034332275,5.664000034332275,5.664000034332275,5.656000137329102,5.6479997634887695,inf,inf,inf,inf,inf,inf,inf,inf,inf,inf,inf,inf,inf,4.076000213623047,4.076000213623047,4.076000213623047,4.076000213623047,4.076000213623047,3.9679999351501465,3.9679999351501465,3.9679999351501465,3.9679999351501465,3.859999895095825,3.7799999713897705,3.74399995803833,3.7360000610351562,3.740000009536743,3.740000009536743,3.752000093460083,3.752000093460083,3.752000093460083,2.9079999923706055,2.9079999923706055,2.9079999923706055,2.9079999923706055,2.8559999465942383,2.7960000038146973,2.7360000610351562,2.6600000858306885,2.611999988555908,2.611999988555908,2.563999891281128,2.507999897003174,2.4639999866485596,2.4119999408721924,2.364000082015991,2.328000068664551,2.303999900817871,2.184000015258789,2.184000015258789,2.184000015258789,2.135999917984009,2.135999917984009,2.1080000400543213,2.0759999752044678,2.0439999103546143,2.0139999389648438,1.9839999675750732,1.9579999446868896,1.944000005722046,1.9320000410079956,1.9199999570846558,1.9199999570846558,1.906000018119812,1.8899999856948853,1.8700000047683716,1.8459999561309814,1.8220000267028809,1.7979999780654907,1.7740000486373901,1.7519999742507935,1.7319999933242798,1.7100000381469727,1.7100000381469727,1.687999963760376,1.6660000085830688,1.6460000276565552,1.5260000228881836,1.503999948501587,1.503999948501587,1.496000051498413,1.4859999418258667,inf,inf,inf,inf,1.4019999504089355,1.4019999504089355,1.4019999504089355,1.4019999504089355,1.4019999504089355,1.3899999856948853,1.3899999856948853,...,0.0,0.0,0.0,0.0,0.0,0.0,0.0,47.0,47.0,47.0,47.0,47.0,47.0,47.0,47.0,47.0,47.0,47.0,47.0,47.0,47.0,47.0,0.0,0.0,0.0,0.0,0.0,0.0,0.0,0.0,0.0,0.0,0.0,0.0,0.0,0.0,0.0,0.0,0.0,0.0,0.0,0.0,0.0,0.0,0.0,0.0,0.0,0.0,0.0,0.0,0.0,0.0,0.0,0.0,0.0,0.0,0.0,0.0,0.0,0.0,0.0,0.0,0.0,0.0,0.0,0.0,0.0,0.0,0.0,0.0,0.0,0.0,0.0,0.0,0.0,0.0,0.0,0.0,0.0,0.0,0.0,0.0,0.0,0.0,0.0,0.0,0.0,0.0,0.0,0.0,0.0,0.0,0.0,0.0,0.0,0.0,0.0,0.0,0.0,0.0,0.0,0.0,0.0,0.0,0.0,0.0,0.0,0.0,0.0,0.0,0.0,0.0,0.0,0.0,0.0,0.0,0.0,0.0,0.0,0.0,0.0,0.0,0.0,0.0,0.0,0.0,0.0,0.0,...
1763031127,887798778,laser,-3.1241390705108643,3.1415927410125732,0.0034828970674425364,5.37011910637375e-05,0.09660843759775162,0.15000000596046448,16.0,inf,5.671999931335449,5.671999931335449,5.671999931335449,5.671999931335449,5.671999931335449,5.656000137329102,5.656000137329102,5.656000137329102,5.6479997634887695,5.6479997634887695,5.664000034332275,5.664000034332275,5.664000034332275,5.656000137329102,5.656000137329102,5.656000137329102,5.6479997634887695,5.656000137329102,5.656000137329102,5.656000137329102,5.656000137329102,5.664000034332275,5.664000034332275,5.6479997634887695,5.6479997634887695,5.656000137329102,5.664000034332275,5.664000034332275,5.671999931335449,5.664000034332275,5.664000034332275,5.664000034332275,5.664000034332275,5.631999969482422,5.631999969482422,inf,inf,inf,inf,inf,inf,inf,inf,inf,inf,inf,inf,inf,inf,inf,inf,inf,3.803999900817871,3.803999900817871,3.803999900817871,3.803999900817871,3.803999900817871,3.752000093460083,3.74399995803833,3.740000009536743,3.740000009536743,3.740000009536743,3.747999906539917,3.747999906539917,3.752000093460083,2.880000114440918,2.880000114440918,2.8239998817443848,2.8239998817443848,2.8239998817443848,2.7720000743865967,2.7720000743865967,2.6480000019073486,2.6480000019073486,2.5880000591278076,2.5320000648498535,2.4839999675750732,2.440000057220459,2.384000062942505,2.3359999656677246,2.2920000553131104,2.25600004196167,2.2320001125335693,2.196000099182129,2.196000099182129,2.1480000019073486,2.1080000400543213,2.0799999237060547,2.053999900817871,2.0220000743865967,1.9880000352859497,1.968000054359436,1.9479999542236328,1.9299999475479126,1.9299999475479126,1.9240000247955322,1.9179999828338623,1.9040000438690186,1.8760000467300415,1.8480000495910645,1.8300000429153442,1.812000036239624,1.7879999876022339,1.7879999876022339,1.7640000581741333,1.7419999837875366,1.722000002861023,1.7020000219345093,1.684000015258789,1.6640000343322754,1.6299999952316284,1.5160000324249268,1.5160000324249268,1.503999948501587,1.4900000095367432,1.4759999513626099,1.4759999513626099,inf,inf,inf,inf,inf,1.4079999923706055,1.4079999923706055,1.4079999923706055,1.4079999923706055,1.4079999923706055,...,0.0,0.0,0.0,0.0,0.0,0.0,0.0,0.0,47.0,47.0,47.0,47.0,47.0,47.0,47.0,47.0,47.0,47.0,47.0,47.0,47.0,47.0,47.0,0.0,0.0,0.0,0.0,0.0,0.0,0.0,0.0,0.0,0.0,0.0,0.0,0.0,0.0,0.0,0.0,0.0,0.0,0.0,0.0,0.0,0.0,0.0,0.0,0.0,0.0,0.0,0.0,0.0,0.0,0.0,0.0,0.0,0.0,0.0,0.0,0.0,0.0,0.0,0.0,0.0,0.0,0.0,0.0,0.0,0.0,0.0,0.0,0.0,0.0,0.0,0.0,0.0,0.0,0.0,0.0,0.0,0.0,0.0,0.0,0.0,0.0,0.0,0.0,0.0,0.0,47.0,47.0,47.0,47.0,47.0,0.0,0.0,0.0,0.0,0.0,0.0,0.0,0.0,0.0,0.0,0.0,0.0,0.0,0.0,0.0,0.0,0.0,0.0,0.0,0.0,0.0,0.0,0.0,0.0,0.0,0.0,0.0,0.0,0.0,0.0,47.0,47.0,47.0,47.0,...
1763031127,986103168,laser,-3.1241390705108643,3.1415927410125732,0.0034828970674425364,5.383198003983125e-05,0.09684373438358307,0.15000000596046448,16.0,5.664000034332275,5.664000034332275,5.664000034332275,5.664000034332275,5.664000034332275,5.664000034332275,5.664000034332275,5.664000034332275,5.656000137329102,5.6479997634887695,5.6479997634887695,5.6479997634887695,5.664000034332275,5.664000034332275,5.664000034332275,5.664000034332275,5.656000137329102,5.656000137329102,5.656000137329102,5.656000137329102,5.6479997634887695,5.656000137329102,5.664000034332275,5.656000137329102,5.6479997634887695,5.6479997634887695,5.6479997634887695,5.664000034332275,5.671999931335449,5.671999931335449,5.664000034332275,5.664000034332275,5.656000137329102,5.6479997634887695,5.6479997634887695,inf,inf,inf,inf,inf,inf,inf,inf,inf,inf,inf,inf,inf,inf,inf,inf,3.7960000038146973,3.7960000038146973,3.7960000038146973,3.7960000038146973,3.7960000038146973,3.74399995803833,3.74399995803833,3.74399995803833,3.74399995803833,3.74399995803833,3.752000093460083,3.752000093460083,3.747999906539917,3.747999906539917,2.9200000762939453,2.9200000762939453,2.9200000762939453,2.9200000762939453,2.875999927520752,2.875999927520752,2.808000087738037,2.7320001125335693,2.680000066757202,2.635999917984009,2.5759999752044678,2.5320000648498535,2.4159998893737793,2.4159998893737793,2.380000114440918,2.3359999656677246,2.3359999656677246,2.299999952316284,2.200000047683716,2.200000047683716,2.191999912261963,2.1440000534057617,2.1080000400543213,2.0840001106262207,2.0480000972747803,2.009999990463257,1.9800000190734863,1.9539999961853027,1.9539999961853027,1.9220000505447388,1.8960000276565552,1.8819999694824219,1.8700000047683716,1.8619999885559082,1.8539999723434448,1.8359999656677246,1.8220000267028809,1.8220000267028809,1.8040000200271606,1.7799999713897705,1.7580000162124634,1.7339999675750732,1.715999960899353,1.6959999799728394,1.6720000505447388,1.656000018119812,1.656000018119812,1.49399995803833,1.49399995803833,1.49399995803833,1.49399995803833,1.4839999675750732,1.4759999513626099,inf,inf,inf,1.4019999504089355,1.4019999504089355,1.4019999504089355,1.4019999504089355,1.4019999504089355,1.3919999599456787,1.3919999599456787,...,0.0,0.0,0.0,0.0,0.0,0.0,0.0,0.0,47.0,47.0,47.0,47.0,47.0,47.0,47.0,47.0,47.0,47.0,47.0,47.0,47.0,47.0,0.0,0.0,0.0,0.0,0.0,0.0,0.0,0.0,0.0,0.0,0.0,0.0,0.0,0.0,0.0,0.0,0.0,0.0,0.0,0.0,0.0,0.0,0.0,0.0,0.0,0.0,0.0,0.0,0.0,0.0,0.0,0.0,0.0,0.0,0.0,0.0,0.0,0.0,0.0,0.0,0.0,0.0,0.0,0.0,0.0,0.0,0.0,0.0,0.0,0.0,0.0,0.0,0.0,0.0,0.0,0.0,0.0,0.0,0.0,0.0,0.0,0.0,0.0,0.0,0.0,0.0,0.0,0.0,0.0,0.0,0.0,0.0,0.0,0.0,0.0,0.0,0.0,0.0,0.0,0.0,0.0,0.0,0.0,0.0,0.0,0.0,0.0,0.0,0.0,0.0,0.0,0.0,0.0,0.0,0.0,0.0,0.0,0.0,0.0,0.0,0.0,0.0,0.0,0.0,0.0,0.0,...
1763031128,84605492,laser,-3.1241390705108643,3.1415927410125732,0.0034828970674425364,5.3543979447567835e-05,0.09632562100887299,0.15000000596046448,16.0,5.656000137329102,5.656000137329102,5.656000137329102,5.656000137329102,5.656000137329102,5.664000034332275,5.664000034332275,5.664000034332275,5.664000034332275,5.656000137329102,5.6479997634887695,5.656000137329102,5.656000137329102,5.656000137329102,5.664000034332275,5.664000034332275,5.664000034332275,5.656000137329102,5.656000137329102,5.656000137329102,5.6479997634887695,5.664000034332275,5.664000034332275,5.656000137329102,5.656000137329102,5.656000137329102,5.6479997634887695,5.664000034332275,5.671999931335449,5.664000034332275,5.664000034332275,5.664000034332275,5.664000034332275,5.664000034332275,5.656000137329102,inf,inf,inf,inf,inf,inf,inf,inf,inf,inf,inf,inf,inf,inf,inf,inf,inf,inf,3.803999900817871,3.803999900817871,3.803999900817871,3.803999900817871,3.803999900817871,3.75600004196167,3.752000093460083,3.74399995803833,3.74399995803833,3.740000009536743,3.747999906539917,3.747999906539917,3.752000093460083,2.880000114440918,2.880000114440918,2.819999933242798,2.819999933242798,2.819999933242798,2.7639999389648438,2.7639999389648438,2.6440000534057617,2.5999999046325684,2.5999999046325684,2.5439999103546143,2.48799991607666,2.440000057220459,2.388000011444092,2.3399999141693115,2.2960000038146973,2.2720000743865967,2.24399995803833,2.24399995803833,2.1559998989105225,2.1559998989105225,2.111999988555908,2.0840001106262207,2.055999994277954,2.0260000228881836,1.9980000257492065,1.9700000286102295,1.944000005722046,1.9199999570846558,1.9199999570846558,1.8919999599456787,1.8819999694824219,1.8760000467300415,1.8619999885559082,1.8519999980926514,1.8320000171661377,1.8140000104904175,1.7940000295639038,1.7719999551773071,1.7719999551773071,1.7280000448226929,1.7280000448226929,1.7079999446868896,1.6859999895095825,1.6660000085830688,1.6440000534057617,1.5180000066757202,1.5180000066757202,1.5080000162124634,1.4919999837875366,1.465999960899353,inf,inf,1.4299999475479126,1.4299999475479126,1.4299999475479126,1.4299999475479126,1.4299999475479126,1.4019999504089355,1.4019999504089355,1.4019999504089355,1.3860000371932983,...,0.0,0.0,0.0,0.0,0.0,0.0,0.0,47.0,47.0,47.0,47.0,47.0,47.0,47.0,47.0,47.0,47.0,47.0,47.0,47.0,47.0,47.0,47.0,47.0,0.0,0.0,0.0,0.0,0.0,0.0,0.0,0.0,0.0,0.0,0.0,0.0,0.0,0.0,0.0,0.0,0.0,0.0,0.0,0.0,0.0,0.0,0.0,0.0,0.0,0.0,0.0,0.0,0.0,0.0,0.0,0.0,0.0,0.0,0.0,0.0,0.0,0.0,0.0,0.0,0.0,0.0,0.0,0.0,47.0,47.0,47.0,47.0,47.0,0.0,0.0,0.0,0.0,0.0,0.0,0.0,0.0,0.0,0.0,0.0,0.0,0.0,0.0,0.0,0.0,0.0,0.0,0.0,0.0,0.0,0.0,0.0,0.0,0.0,0.0,0.0,0.0,0.0,0.0,0.0,0.0,0.0,47.0,47.0,47.0,47.0,47.0,0.0,0.0,0.0,0.0,0.0,0.0,0.0,0.0,0.0,0.0,0.0,0.0,0.0,0.0,0.0,0.0,0.0,...
1763031128,182299734,laser,-3.1241390705108643,3.1415927410125732,0.0034828970674425364,5.7259367167716846e-05,0.10300959646701813,0.15000000596046448,16.0,5.671999931335449,5.671999931335449,5.671999931335449,5.671999931335449,5.664000034332275,5.664000034332275,5.664000034332275,5.671999931335449,5.656000137329102,5.6479997634887695,5.6479997634887695,5.6479997634887695,5.664000034332275,5.664000034332275,5.664000034332275,5.664000034332275,5.656000137329102,5.6479997634887695,5.6479997634887695,5.6479997634887695,5.6479997634887695,5.656000137329102,5.664000034332275,5.656000137329102,5.6479997634887695,5.6479997634887695,5.664000034332275,5.664000034332275,5.671999931335449,5.671999931335449,5.664000034332275,5.664000034332275,5.656000137329102,5.656000137329102,5.656000137329102,inf,inf,inf,inf,inf,inf,inf,inf,inf,inf,inf,inf,inf,inf,inf,inf,inf,inf,inf,3.75600004196167,3.75600004196167,3.75600004196167,3.75600004196167,3.75600004196167,3.747999906539917,3.747999906539917,3.740000009536743,3.740000009536743,3.752000093460083,3.752000093460083,3.752000093460083,2.884000062942505,2.884000062942505,2.884000062942505,2.8239998817443848,2.8239998817443848,2.7679998874664307,2.7679998874664307,2.6480000019073486,2.6480000019073486,2.5999999046325684,2.5439999103546143,2.48799991607666,2.444000005722046,2.388000011444092,2.3440001010894775,2.299999952316284,2.2799999713897705,2.2799999713897705,2.196000099182129,2.196000099182129,2.1559998989105225,2.115999937057495,2.0840001106262207,2.055999994277954,2.0260000228881836,2.003999948501587,1.9839999675750732,1.9579999446868896,1.940000057220459,1.940000057220459,1.9259999990463257,1.9160000085830688,1.9019999504089355,1.878000020980835,1.8559999465942383,1.8339999914169312,1.8140000104904175,1.7940000295639038,1.7940000295639038,1.7699999809265137,1.7480000257492065,1.7280000448226929,1.7079999446868896,1.6859999895095825,1.6660000085830688,1.6440000534057617,1.5219999551773071,1.5219999551773071,1.5080000162124634,1.4919999837875366,1.465999960899353,1.465999960899353,inf,inf,1.4299999475479126,1.4299999475479126,1.4299999475479126,1.4299999475479126,1.4299999475479126,1.4019999504089355,1.4019999504089355,1.4019999504089355,...,0.0,0.0,0.0,0.0,0.0,0.0,0.0,0.0,47.0,47.0,47.0,47.0,47.0,47.0,47.0,47.0,47.0,47.0,47.0,47.0,47.0,47.0,0.0,0.0,0.0,0.0,0.0,0.0,0.0,0.0,0.0,0.0,0.0,0.0,0.0,0.0,0.0,0.0,0.0,0.0,0.0,0.0,0.0,0.0,0.0,0.0,0.0,0.0,0.0,0.0,0.0,0.0,0.0,0.0,0.0,0.0,0.0,0.0,0.0,0.0,0.0,0.0,0.0,0.0,0.0,0.0,0.0,0.0,0.0,0.0,0.0,0.0,0.0,0.0,0.0,0.0,0.0,0.0,0.0,0.0,0.0,0.0,0.0,0.0,0.0,0.0,0.0,0.0,0.0,0.0,0.0,47.0,47.0,47.0,47.0,47.0,0.0,0.0,0.0,0.0,0.0,0.0,0.0,0.0,0.0,0.0,0.0,0.0,0.0,0.0,0.0,0.0,0.0,0.0,0.0,0.0,0.0,0.0,0.0,0.0,0.0,0.0,0.0,0.0,0.0,0.0,0.0,0.0,...
1763031128,286987855,laser,-3.1241390705108643,3.1415927410125732,0.0034828970674425364,5.3781062888447195e-05,0.09675213694572449,0.15000000596046448,16.0,5.671999931335449,5.671999931335449,5.671999931335449,5.671999931335449,5.671999931335449,5.664000034332275,5.664000034332275,5.664000034332275,5.656000137329102,5.6479997634887695,5.6479997634887695,5.6479997634887695,5.664000034332275,5.664000034332275,5.664000034332275,5.664000034332275,5.656000137329102,5.6479997634887695,5.6479997634887695,5.6479997634887695,5.6479997634887695,5.656000137329102,5.664000034332275,5.656000137329102,5.6479997634887695,5.6479997634887695,5.6479997634887695,5.664000034332275,5.671999931335449,5.671999931335449,5.664000034332275,5.664000034332275,5.656000137329102,5.656000137329102,5.656000137329102,inf,inf,inf,inf,inf,inf,inf,inf,inf,inf,inf,inf,inf,inf,inf,inf,inf,3.759999990463257,3.759999990463257,3.759999990463257,3.759999990463257,3.759999990463257,3.7320001125335693,3.7320001125335693,3.7320001125335693,3.7239999771118164,3.740000009536743,3.747999906539917,3.747999906539917,3.752000093460083,3.752000093460083,2.884000062942505,2.884000062942505,2.884000062942505,2.884000062942505,2.8239998817443848,2.7679998874664307,2.7119998931884766,2.6519999504089355,2.6040000915527344,2.555999994277954,2.496000051498413,2.496000051498413,2.3919999599456787,2.3919999599456787,2.3440001010894775,2.299999952316284,2.2839999198913574,2.184000015258789,2.184000015258789,2.1600000858306885,2.131999969482422,2.1080000400543213,2.063999891281128,2.063999891281128,2.0280001163482666,2.002000093460083,1.9800000190734863,1.9500000476837158,1.9179999828338623,1.8980000019073486,1.8919999599456787,1.8839999437332153,1.8660000562667847,1.8539999723434448,1.8539999723434448,1.8339999914169312,1.8140000104904175,1.7940000295639038,1.7699999809265137,1.7480000257492065,1.7280000448226929,1.7079999446868896,1.6859999895095825,1.6859999895095825,1.6660000085830688,1.6460000276565552,1.5260000228881836,1.50600004196167,1.50600004196167,1.49399995803833,1.4800000190734863,1.465999960899353,1.4320000410079956,1.4320000410079956,1.4320000410079956,1.4320000410079956,1.4320000410079956,1.4019999504089355,1.4019999504089355,1.4019999504089355,1.3880000114440918,1.3880000114440918,...,0.0,0.0,0.0,0.0,0.0,47.0,47.0,47.0,47.0,47.0,47.0,47.0,47.0,47.0,47.0,47.0,47.0,47.0,47.0,47.0,47.0,0.0,0.0,0.0,0.0,0.0,0.0,0.0,0.0,0.0,0.0,0.0,0.0,0.0,0.0,0.0,0.0,0.0,0.0,0.0,0.0,0.0,0.0,0.0,0.0,0.0,0.0,0.0,0.0,0.0,0.0,0.0,0.0,0.0,0.0,0.0,0.0,0.0,0.0,0.0,0.0,0.0,0.0,0.0,0.0,0.0,0.0,0.0,0.0,47.0,47.0,47.0,47.0,47.0,0.0,0.0,0.0,0.0,0.0,0.0,0.0,0.0,0.0,0.0,0.0,0.0,0.0,0.0,0.0,0.0,47.0,47.0,47.0,47.0,47.0,0.0,0.0,0.0,0.0,0.0,0.0,0.0,0.0,0.0,0.0,0.0,0.0,0.0,0.0,0.0,0.0,0.0,0.0,0.0,0.0,0.0,0.0,0.0,0.0,0.0,0.0,0.0,0.0,0.0,0.0,47.0,47.0,47.0,...
1763031128,385326941,laser,-3.1241390705108643,3.1415927410125732,0.0034828970674425364,5.369860809878446e-05,0.09660379588603973,0.15000000596046448,16.0,inf,5.671999931335449,5.671999931335449,5.671999931335449,5.671999931335449,5.671999931335449,5.656000137329102,5.656000137329102,5.656000137329102,5.6479997634887695,5.6479997634887695,5.656000137329102,5.656000137329102,5.664000034332275,5.656000137329102,5.656000137329102,5.656000137329102,5.656000137329102,5.6479997634887695,5.6479997634887695,5.6479997634887695,5.656000137329102,5.664000034332275,5.656000137329102,5.6479997634887695,5.6479997634887695,5.664000034332275,5.671999931335449,5.671999931335449,5.671999931335449,5.671999931335449,5.664000034332275,5.656000137329102,5.656000137329102,inf,inf,inf,inf,inf,inf,inf,inf,inf,inf,inf,inf,inf,inf,inf,inf,inf,inf,inf,3.812000036239624,3.812000036239624,3.812000036239624,3.812000036239624,3.812000036239624,3.75600004196167,3.747999906539917,3.74399995803833,3.74399995803833,3.740000009536743,3.74399995803833,3.747999906539917,3.752000093460083,2.888000011444092,2.888000011444092,2.8239998817443848,2.8239998817443848,2.8239998817443848,2.7679998874664307,2.7119998931884766,2.6480000019073486,2.6040000915527344,2.6040000915527344,2.5439999103546143,2.48799991607666,2.444000005722046,2.388000011444092,2.3440001010894775,2.299999952316284,2.2839999198913574,2.200000047683716,2.1600000858306885,2.1600000858306885,2.1600000858306885,2.115999937057495,2.0880000591278076,2.058000087738037,2.0260000228881836,1.996000051498413,1.9739999771118164,1.9500000476837158,1.9179999828338623,1.8940000534057617,1.8940000534057617,1.8739999532699585,1.8739999532699585,1.8619999885559082,1.8519999980926514,1.8339999914169312,1.8140000104904175,1.7920000553131104,1.7699999809265137,1.7480000257492065,1.7259999513626099,1.7059999704360962,1.7059999704360962,1.6859999895095825,1.6640000343322754,1.6419999599456787,1.5140000581741333,1.5140000581741333,1.50600004196167,1.49399995803833,1.465999960899353,inf,inf,1.4299999475479126,1.4299999475479126,1.4299999475479126,1.4299999475479126,1.4299999475479126,1.3980000019073486,1.3980000019073486,1.3980000019073486,1.3839999437332153,...,0.0,0.0,0.0,0.0,0.0,0.0,47.0,47.0,47.0,47.0,47.0,47.0,47.0,47.0,47.0,47.0,47.0,47.0,47.0,47.0,47.0,47.0,47.0,0.0,0.0,0.0,0.0,0.0,0.0,0.0,0.0,0.0,0.0,0.0,0.0,0.0,0.0,0.0,0.0,0.0,0.0,0.0,0.0,0.0,0.0,0.0,0.0,0.0,0.0,0.0,0.0,0.0,0.0,0.0,0.0,0.0,0.0,0.0,0.0,0.0,0.0,0.0,0.0,0.0,0.0,0.0,0.0,0.0,0.0,0.0,0.0,47.0,47.0,47.0,47.0,47.0,0.0,0.0,0.0,0.0,0.0,0.0,0.0,0.0,0.0,0.0,0.0,0.0,0.0,47.0,47.0,47.0,47.0,47.0,0.0,0.0,0.0,0.0,0.0,0.0,0.0,0.0,0.0,0.0,0.0,0.0,0.0,0.0,0.0,0.0,0.0,0.0,0.0,0.0,0.0,0.0,0.0,0.0,0.0,0.0,0.0,0.0,0.0,0.0,0.0,0.0,0.0,0.0,...
1763031128,483581657,laser,-3.1241390705108643,3.1415927410125732,0.0034828970674425364,5.706983938580379e-05,0.1026686429977417,0.15000000596046448,16.0,5.671999931335449,5.671999931335449,5.671999931335449,5.671999931335449,5.671999931335449,5.671999931335449,5.671999931335449,5.664000034332275,5.656000137329102,5.6479997634887695,5.6479997634887695,5.6479997634887695,5.656000137329102,5.664000034332275,5.664000034332275,5.664000034332275,5.656000137329102,5.656000137329102,5.656000137329102,5.656000137329102,5.6479997634887695,5.656000137329102,5.664000034332275,5.656000137329102,5.6479997634887695,5.6479997634887695,5.6479997634887695,5.664000034332275,5.671999931335449,5.671999931335449,5.664000034332275,5.664000034332275,5.656000137329102,5.656000137329102,5.656000137329102,inf,inf,inf,inf,inf,inf,inf,inf,inf,inf,inf,inf,inf,inf,inf,inf,4.019999980926514,4.019999980926514,4.019999980926514,4.019999980926514,4.019999980926514,3.9079999923706055,3.812000036239624,3.752000093460083,3.747999906539917,3.747999906539917,3.74399995803833,3.740000009536743,3.74399995803833,3.747999906539917,3.752000093460083,2.884000062942505,2.884000062942505,2.884000062942505,2.8239998817443848,2.8239998817443848,2.8239998817443848,2.7639999389648438,2.7079999446868896,2.6480000019073486,2.5999999046325684,2.5439999103546143,2.48799991607666,2.444000005722046,2.384000062942505,2.3399999141693115,2.299999952316284,2.2679998874664307,2.2679998874664307,2.24399995803833,2.200000047683716,2.1559998989105225,2.111999988555908,2.0840001106262207,2.055999994277954,2.0260000228881836,2.0,1.9739999771118164,1.9459999799728394,1.9459999799728394,1.9240000247955322,1.909999966621399,1.899999976158142,1.8899999856948853,1.871999979019165,1.8559999465942383,1.8339999914169312,1.8140000104904175,1.7920000553131104,1.7920000553131104,1.7680000066757202,1.746000051498413,1.722000002861023,1.7039999961853027,1.6859999895095825,1.6640000343322754,1.6419999599456787,1.5180000066757202,1.5180000066757202,1.503999948501587,1.4919999837875366,1.465999960899353,1.465999960899353,inf,inf,1.4320000410079956,1.4320000410079956,1.4320000410079956,1.4320000410079956,1.4320000410079956,1.409999966621399,1.409999966621399,1.409999966621399,...,0.0,0.0,0.0,0.0,0.0,0.0,0.0,0.0,47.0,47.0,47.0,47.0,47.0,47.0,47.0,47.0,47.0,47.0,47.0,47.0,47.0,47.0,0.0,0.0,0.0,0.0,0.0,0.0,0.0,0.0,0.0,0.0,0.0,0.0,0.0,0.0,0.0,0.0,0.0,0.0,0.0,0.0,0.0,0.0,0.0,0.0,0.0,0.0,0.0,0.0,0.0,0.0,0.0,0.0,0.0,0.0,0.0,0.0,0.0,0.0,0.0,0.0,0.0,0.0,0.0,0.0,0.0,0.0,0.0,0.0,0.0,0.0,0.0,0.0,0.0,0.0,0.0,0.0,0.0,0.0,0.0,0.0,0.0,0.0,0.0,0.0,0.0,0.0,0.0,0.0,0.0,0.0,0.0,0.0,0.0,0.0,0.0,0.0,0.0,0.0,0.0,0.0,0.0,0.0,0.0,0.0,0.0,0.0,0.0,0.0,0.0,0.0,0.0,0.0,0.0,0.0,0.0,0.0,0.0,0.0,0.0,0.0,0.0,0.0,0.0,0.0,0.0,0.0,...
1763031128,587876280,laser,-3.1241390705108643,3.1415927410125732,0.0034828970674425364,5.379287540563382e-05,0.09677338600158691,0.15000000596046448,16.0,5.664000034332275,5.664000034332275,5.664000034332275,5.664000034332275,5.664000034332275,5.664000034332275,5.664000034332275,5.664000034332275,5.656000137329102,5.656000137329102,5.6479997634887695,5.6479997634887695,5.656000137329102,5.664000034332275,5.664000034332275,5.664000034332275,5.656000137329102,5.656000137329102,5.656000137329102,5.656000137329102,5.6479997634887695,5.656000137329102,5.664000034332275,5.664000034332275,5.6479997634887695,5.6479997634887695,5.6479997634887695,5.664000034332275,5.671999931335449,5.671999931335449,5.664000034332275,5.664000034332275,5.656000137329102,5.656000137329102,5.656000137329102,inf,inf,inf,inf,inf,inf,inf,inf,inf,inf,inf,inf,inf,inf,inf,inf,inf,inf,inf,3.75600004196167,3.75600004196167,3.75600004196167,3.75600004196167,3.75600004196167,3.740000009536743,3.7320001125335693,3.740000009536743,3.747999906539917,3.747999906539917,3.752000093460083,3.752000093460083,2.888000011444092,2.888000011444092,2.888000011444092,2.8399999141693115,2.8399999141693115,2.7839999198913574,2.7200000286102295,2.6559998989105225,2.6040000915527344,2.552000045776367,2.503999948501587,2.503999948501587,2.3919999599456787,2.3919999599456787,2.3559999465942383,2.3239998817443848,2.303999900817871,2.171999931335449,2.171999931335449,2.1679999828338623,2.124000072479248,2.0959999561309814,2.072000026702881,2.072000026702881,2.0439999103546143,2.009999990463257,1.9800000190734863,1.9500000476837158,1.9199999570846558,1.9040000438690186,1.8980000019073486,1.8880000114440918,1.8760000467300415,1.8639999628067017,1.8639999628067017,1.840000033378601,1.8179999589920044,1.7979999780654907,1.7699999809265137,1.7480000257492065,1.7280000448226929,1.7100000381469727,1.687999963760376,1.687999963760376,1.6660000085830688,1.6460000276565552,1.5080000162124634,1.5080000162124634,1.5080000162124634,1.4980000257492065,1.4859999418258667,inf,inf,inf,inf,inf,inf,1.4019999504089355,1.4019999504089355,1.4019999504089355,1.4019999504089355,1.4019999504089355,...,0.0,0.0,0.0,0.0,0.0,0.0,0.0,47.0,47.0,47.0,47.0,47.0,47.0,47.0,47.0,47.0,47.0,47.0,47.0,47.0,0.0,0.0,0.0,0.0,0.0,0.0,0.0,0.0,0.0,0.0,0.0,0.0,0.0,0.0,0.0,0.0,0.0,0.0,0.0,0.0,0.0,0.0,0.0,0.0,0.0,0.0,0.0,0.0,0.0,0.0,0.0,0.0,0.0,0.0,0.0,0.0,0.0,0.0,0.0,0.0,0.0,0.0,0.0,0.0,0.0,0.0,0.0,0.0,0.0,0.0,0.0,0.0,0.0,0.0,0.0,0.0,0.0,0.0,0.0,0.0,0.0,0.0,0.0,0.0,0.0,0.0,0.0,0.0,0.0,0.0,0.0,0.0,0.0,0.0,0.0,0.0,0.0,0.0,0.0,0.0,0.0,0.0,0.0,0.0,0.0,0.0,0.0,0.0,0.0,0.0,0.0,0.0,0.0,0.0,0.0,0.0,0.0,0.0,0.0,0.0,0.0,0.0,0.0,0.0,0.0,47.0,47.0,47.0,...
1763031128,686418333,laser,-3.1241390705108643,3.1415927410125732,0.0034828970674425364,5.3570925956591964e-05,0.09637409448623657,0.15000000596046448,16.0,5.671999931335449,5.671999931335449,5.671999931335449,5.671999931335449,5.671999931335449,5.664000034332275,5.664000034332275,5.671999931335449,5.656000137329102,5.6479997634887695,5.6479997634887695,5.6479997634887695,5.664000034332275,5.664000034332275,5.656000137329102,5.656000137329102,5.656000137329102,5.656000137329102,5.6479997634887695,5.6479997634887695,5.656000137329102,5.656000137329102,5.664000034332275,5.664000034332275,5.6479997634887695,5.6479997634887695,5.664000034332275,5.664000034332275,5.671999931335449,5.671999931335449,5.664000034332275,5.664000034332275,5.656000137329102,5.656000137329102,inf,inf,inf,inf,inf,inf,inf,inf,inf,inf,inf,inf,inf,inf,inf,inf,inf,inf,3.75600004196167,3.75600004196167,3.75600004196167,3.75600004196167,3.75600004196167,3.747999906539917,3.747999906539917,3.747999906539917,3.740000009536743,3.740000009536743,3.740000009536743,3.747999906539917,3.752000093460083,3.752000093460083,2.884000062942505,2.884000062942505,2.884000062942505,2.884000062942505,2.8399999141693115,2.7799999713897705,2.7119998931884766,2.6519999504089355,2.6040000915527344,2.6040000915527344,2.555999994277954,2.503999948501587,2.4519999027252197,2.3919999599456787,2.3480000495910645,2.315999984741211,2.299999952316284,2.187999963760376,2.187999963760376,2.1679999828338623,2.1679999828338623,2.124000072479248,2.0880000591278076,2.063999891281128,2.0399999618530273,2.007999897003174,1.9759999513626099,1.9459999799728394,1.909999966621399,1.8839999437332153,1.871999979019165,1.8600000143051147,1.8600000143051147,1.8480000495910645,1.8459999561309814,1.8339999914169312,1.8140000104904175,1.7920000553131104,1.7699999809265137,1.7699999809265137,1.7280000448226929,1.7280000448226929,1.7079999446868896,1.6859999895095825,1.6660000085830688,1.6460000276565552,1.5080000162124634,1.49399995803833,1.49399995803833,1.49399995803833,1.4819999933242798,inf,inf,inf,inf,1.4019999504089355,1.4019999504089355,1.4019999504089355,1.4019999504089355,1.4019999504089355,1.3899999856948853,1.3899999856948853,...,0.0,0.0,0.0,0.0,0.0,0.0,0.0,0.0,47.0,47.0,47.0,47.0,47.0,47.0,47.0,47.0,47.0,47.0,47.0,47.0,47.0,0.0,0.0,0.0,0.0,0.0,0.0,0.0,0.0,0.0,0.0,0.0,0.0,0.0,0.0,0.0,0.0,0.0,0.0,0.0,0.0,0.0,0.0,0.0,0.0,0.0,0.0,0.0,0.0,0.0,0.0,0.0,0.0,0.0,0.0,0.0,0.0,0.0,0.0,0.0,0.0,0.0,0.0,0.0,0.0,0.0,0.0,0.0,0.0,0.0,0.0,0.0,0.0,0.0,0.0,0.0,0.0,0.0,0.0,0.0,0.0,0.0,0.0,0.0,0.0,0.0,0.0,0.0,0.0,0.0,0.0,0.0,0.0,0.0,0.0,0.0,0.0,0.0,0.0,0.0,0.0,0.0,0.0,0.0,0.0,0.0,0.0,0.0,0.0,0.0,0.0,0.0,0.0,0.0,0.0,0.0,0.0,0.0,0.0,0.0,0.0,0.0,0.0,0.0,0.0,47.0,47.0,47.0,...
1763031128,784554530,laser,-3.1241390705108643,3.1415927410125732,0.0034828970674425364,5.703513670596294e-05,0.10260621458292007,0.15000000596046448,16.0,inf,5.671999931335449,5.671999931335449,5.671999931335449,5.671999931335449,5.671999931335449,5.664000034332275,5.664000034332275,5.656000137329102,5.656000137329102,5.656000137329102,5.656000137329102,5.664000034332275,5.664000034332275,5.664000034332275,5.664000034332275,5.656000137329102,5.656000137329102,5.656000137329102,5.656000137329102,5.656000137329102,5.656000137329102,5.664000034332275,5.664000034332275,5.656000137329102,5.656000137329102,5.656000137329102,5.664000034332275,5.671999931335449,5.671999931335449,5.664000034332275,5.664000034332275,5.656000137329102,5.656000137329102,5.656000137329102,inf,inf,inf,inf,inf,inf,inf,inf,inf,inf,inf,4.067999839782715,4.067999839782715,4.067999839782715,4.067999839782715,4.067999839782715,3.9719998836517334,3.9719998836517334,3.9719998836517334,3.880000114440918,3.880000114440918,3.880000114440918,3.880000114440918,3.7920000553131104,3.740000009536743,3.74399995803833,3.747999906539917,3.747999906539917,3.74399995803833,3.747999906539917,3.747999906539917,2.936000108718872,2.871999979019165,2.871999979019165,2.871999979019165,2.871999979019165,2.7960000038146973,2.7200000286102295,2.6679999828338623,2.631999969482422,2.507999897003174,2.507999897003174,2.4679999351501465,2.4679999351501465,2.371999979019165,2.371999979019165,2.328000068664551,2.2920000553131104,2.2039999961853027,2.191999912261963,2.191999912261963,2.135999917984009,2.0999999046325684,2.0840001106262207,2.052000045776367,2.052000045776367,1.9839999675750732,1.9839999675750732,1.9620000123977661,1.9320000410079956,1.906000018119812,1.8899999856948853,1.8799999952316284,1.8739999532699585,1.8600000143051147,1.8480000495910645,1.8480000495910645,1.8320000171661377,1.805999994277954,1.7799999713897705,1.7580000162124634,1.7319999933242798,1.7139999866485596,1.6979999542236328,1.6799999475479126,1.6579999923706055,1.6579999923706055,1.5119999647140503,1.4980000257492065,1.4980000257492065,1.4980000257492065,1.4900000095367432,1.4759999513626099,inf,inf,inf,inf,1.3940000534057617,1.3940000534057617,1.3940000534057617,1.3940000534057617,1.3940000534057617,1.3860000371932983,...,0.0,0.0,0.0,0.0,0.0,0.0,0.0,0.0,47.0,47.0,47.0,47.0,47.0,47.0,47.0,47.0,47.0,47.0,47.0,47.0,47.0,47.0,47.0,0.0,0.0,0.0,0.0,0.0,0.0,0.0,0.0,0.0,0.0,0.0,0.0,0.0,0.0,0.0,0.0,0.0,0.0,0.0,0.0,0.0,0.0,0.0,0.0,0.0,0.0,0.0,0.0,0.0,0.0,0.0,0.0,0.0,0.0,0.0,0.0,0.0,0.0,0.0,0.0,0.0,0.0,0.0,0.0,0.0,0.0,0.0,0.0,0.0,0.0,0.0,0.0,0.0,0.0,0.0,0.0,0.0,0.0,0.0,0.0,0.0,0.0,0.0,0.0,0.0,0.0,0.0,0.0,0.0,0.0,0.0,0.0,0.0,0.0,0.0,0.0,0.0,0.0,0.0,0.0,0.0,0.0,0.0,0.0,0.0,0.0,0.0,0.0,0.0,0.0,0.0,0.0,0.0,0.0,0.0,0.0,0.0,0.0,0.0,0.0,0.0,0.0,0.0,0.0,0.0,...
1763031128,888892087,laser,-3.1241390705108643,3.1415927410125732,0.0034828970674425364,5.367645644582808e-05,0.09656394273042679,0.15000000596046448,16.0,5.671999931335449,5.671999931335449,5.671999931335449,5.656000137329102,5.656000137329102,5.656000137329102,5.656000137329102,5.664000034332275,5.664000034332275,5.6479997634887695,5.656000137329102,5.664000034332275,5.664000034332275,5.664000034332275,5.656000137329102,5.664000034332275,5.664000034332275,5.656000137329102,5.656000137329102,5.656000137329102,5.656000137329102,5.656000137329102,5.664000034332275,5.664000034332275,5.656000137329102,5.6479997634887695,5.656000137329102,5.664000034332275,5.671999931335449,5.671999931335449,5.664000034332275,5.664000034332275,5.664000034332275,5.664000034332275,5.656000137329102,inf,inf,inf,inf,inf,inf,inf,inf,inf,inf,inf,inf,inf,inf,inf,3.9119999408721924,3.9119999408721924,3.9119999408721924,3.9119999408721924,3.9119999408721924,3.815999984741211,3.815999984741211,3.815999984741211,3.75600004196167,3.74399995803833,3.740000009536743,3.740000009536743,3.740000009536743,3.74399995803833,3.747999906539917,3.752000093460083,2.888000011444092,2.888000011444092,2.828000068664551,2.828000068664551,2.828000068664551,2.7679998874664307,2.7119998931884766,2.6519999504089355,2.5999999046325684,2.5999999046325684,2.5439999103546143,2.4839999675750732,2.436000108718872,2.388000011444092,2.3480000495910645,2.303999900817871,2.2799999713897705,2.196000099182129,2.1600000858306885,2.1600000858306885,2.124000072479248,2.124000072479248,2.0920000076293945,2.063999891281128,2.0380001068115234,2.0160000324249268,1.99399995803833,1.972000002861023,1.9579999446868896,1.944000005722046,1.9279999732971191,1.9279999732971191,1.9119999408721924,1.8860000371932983,1.8619999885559082,1.843999981880188,1.8220000267028809,1.7940000295639038,1.7680000066757202,1.7480000257492065,1.7280000448226929,1.7079999446868896,1.7079999446868896,1.684000015258789,1.659999966621399,1.6419999599456787,1.5160000324249268,1.5160000324249268,1.503999948501587,1.49399995803833,1.4839999675750732,1.468000054359436,inf,inf,inf,inf,1.4019999504089355,1.4019999504089355,1.4019999504089355,1.4019999504089355,1.4019999504089355,1.3860000371932983,...,0.0,0.0,0.0,0.0,0.0,0.0,0.0,47.0,47.0,47.0,47.0,47.0,47.0,47.0,47.0,47.0,47.0,47.0,47.0,47.0,47.0,47.0,0.0,0.0,0.0,0.0,0.0,0.0,0.0,0.0,0.0,0.0,0.0,0.0,0.0,0.0,0.0,0.0,0.0,0.0,0.0,0.0,0.0,0.0,0.0,0.0,0.0,0.0,0.0,0.0,0.0,0.0,0.0,0.0,0.0,0.0,0.0,0.0,0.0,0.0,0.0,0.0,0.0,0.0,0.0,0.0,0.0,0.0,0.0,0.0,0.0,0.0,0.0,0.0,0.0,0.0,0.0,0.0,0.0,0.0,0.0,0.0,0.0,0.0,0.0,0.0,0.0,0.0,0.0,0.0,0.0,47.0,47.0,47.0,47.0,47.0,0.0,0.0,0.0,0.0,0.0,0.0,0.0,0.0,0.0,0.0,0.0,0.0,0.0,0.0,0.0,0.0,0.0,0.0,0.0,0.0,0.0,0.0,0.0,0.0,0.0,0.0,0.0,0.0,0.0,0.0,0.0,0.0,...
1763031128,987350108,laser,-3.1241390705108643,3.1415927410125732,0.0034828970674425364,5.358546695788391e-05,0.09640026092529297,0.15000000596046448,16.0,5.671999931335449,5.671999931335449,5.671999931335449,5.671999931335449,5.664000034332275,5.664000034332275,5.664000034332275,5.671999931335449,5.656000137329102,5.656000137329102,5.656000137329102,5.656000137329102,5.664000034332275,5.664000034332275,5.664000034332275,5.664000034332275,5.656000137329102,5.664000034332275,5.664000034332275,5.656000137329102,5.6479997634887695,5.656000137329102,5.664000034332275,5.664000034332275,5.656000137329102,5.6479997634887695,5.6479997634887695,5.664000034332275,5.671999931335449,5.671999931335449,5.664000034332275,5.664000034332275,5.656000137329102,5.656000137329102,5.656000137329102,inf,inf,inf,inf,inf,inf,inf,inf,inf,inf,inf,inf,inf,inf,inf,3.871999979019165,3.871999979019165,3.871999979019165,3.871999979019165,3.871999979019165,3.7839999198913574,3.7839999198913574,3.7839999198913574,3.7839999198913574,3.740000009536743,3.740000009536743,3.747999906539917,3.747999906539917,3.747999906539917,3.747999906539917,3.747999906539917,2.936000108718872,2.936000108718872,2.936000108718872,2.864000082015991,2.864000082015991,2.7880001068115234,2.7200000286102295,2.6600000858306885,2.611999988555908,2.563999891281128,2.507999897003174,2.4519999027252197,2.4079999923706055,2.368000030517578,2.368000030517578,2.328000068664551,2.299999952316284,2.2039999961853027,2.2039999961853027,2.180000066757202,2.128000020980835,2.1080000400543213,2.0920000076293945,2.049999952316284,2.049999952316284,2.0179998874664307,1.9919999837875366,1.9739999771118164,1.965999960899353,1.9539999961853027,1.940000057220459,1.9199999570846558,1.9019999504089355,1.9019999504089355,1.8459999561309814,1.8459999561309814,1.8300000429153442,1.805999994277954,1.7799999713897705,1.75600004196167,1.7319999933242798,1.7139999866485596,1.6959999799728394,1.6740000247955322,1.6519999504089355,1.6519999504089355,1.5360000133514404,1.5080000162124634,1.5080000162124634,1.4980000257492065,1.4859999418258667,1.4739999771118164,inf,inf,inf,inf,inf,1.4019999504089355,1.4019999504089355,1.4019999504089355,1.4019999504089355,1.4019999504089355,...,0.0,0.0,0.0,0.0,0.0,0.0,0.0,47.0,47.0,47.0,47.0,47.0,47.0,47.0,47.0,47.0,47.0,47.0,47.0,47.0,47.0,47.0,0.0,0.0,0.0,0.0,0.0,0.0,0.0,0.0,0.0,0.0,0.0,0.0,0.0,0.0,0.0,0.0,0.0,0.0,0.0,0.0,0.0,0.0,0.0,0.0,0.0,0.0,0.0,0.0,0.0,0.0,0.0,0.0,0.0,0.0,0.0,0.0,0.0,0.0,0.0,0.0,0.0,0.0,0.0,0.0,0.0,0.0,0.0,0.0,0.0,0.0,0.0,0.0,0.0,0.0,0.0,0.0,0.0,0.0,0.0,0.0,0.0,0.0,0.0,0.0,0.0,0.0,0.0,0.0,0.0,0.0,0.0,0.0,0.0,0.0,0.0,0.0,0.0,0.0,0.0,0.0,0.0,0.0,47.0,47.0,47.0,47.0,47.0,0.0,0.0,0.0,0.0,0.0,0.0,0.0,0.0,0.0,0.0,0.0,0.0,0.0,0.0,0.0,0.0,0.0,0.0,0.0,...
1763031129,85307465,laser,-3.1241390705108643,3.1415927410125732,0.0034828970674425364,5.7121429563267156e-05,0.10276145488023758,0.15000000596046448,16.0,5.671999931335449,5.671999931335449,5.671999931335449,5.671999931335449,5.664000034332275,5.664000034332275,5.664000034332275,5.664000034332275,5.664000034332275,5.656000137329102,5.656000137329102,5.664000034332275,5.664000034332275,5.656000137329102,5.656000137329102,5.664000034332275,5.664000034332275,5.656000137329102,5.656000137329102,5.656000137329102,5.656000137329102,5.656000137329102,5.664000034332275,5.664000034332275,5.656000137329102,5.656000137329102,5.656000137329102,5.664000034332275,5.671999931335449,5.671999931335449,5.664000034332275,5.664000034332275,5.664000034332275,5.656000137329102,5.6479997634887695,inf,inf,inf,inf,inf,inf,inf,inf,inf,inf,inf,inf,inf,inf,inf,inf,inf,inf,inf,3.799999952316284,3.799999952316284,3.799999952316284,3.799999952316284,3.799999952316284,3.740000009536743,3.740000009536743,3.747999906539917,3.747999906539917,3.747999906539917,3.752000093460083,3.752000093460083,3.752000093460083,2.936000108718872,2.884000062942505,2.884000062942505,2.884000062942505,2.7239999771118164,2.6760001182556152,2.6760001182556152,2.631999969482422,2.568000078201294,2.5280001163482666,2.4839999675750732,2.4200000762939453,2.371999979019165,2.328000068664551,2.328000068664551,2.2920000553131104,2.2039999961853027,2.2039999961853027,2.191999912261963,2.140000104904175,2.0999999046325684,2.0799999237060547,2.052000045776367,2.052000045776367,1.9859999418258667,1.9859999418258667,1.9620000123977661,1.9279999732971191,1.9019999504089355,1.8799999952316284,1.8660000562667847,1.8580000400543213,1.8480000495910645,1.8380000591278076,1.8240000009536743,1.8240000009536743,1.8020000457763672,1.7799999713897705,1.7580000162124634,1.7339999675750732,1.7139999866485596,1.6979999542236328,1.6779999732971191,1.6579999923706055,1.6299999952316284,1.5219999551773071,1.5219999551773071,1.503999948501587,1.503999948501587,1.4859999418258667,inf,inf,inf,inf,inf,inf,1.4079999923706055,1.4079999923706055,1.4079999923706055,1.4079999923706055,1.4079999923706055,...,0.0,0.0,0.0,0.0,0.0,0.0,47.0,47.0,47.0,47.0,47.0,47.0,47.0,47.0,47.0,47.0,47.0,47.0,47.0,47.0,47.0,0.0,0.0,0.0,0.0,0.0,0.0,0.0,0.0,0.0,0.0,0.0,0.0,0.0,0.0,0.0,0.0,0.0,0.0,0.0,0.0,0.0,0.0,0.0,0.0,0.0,0.0,0.0,0.0,0.0,0.0,0.0,0.0,0.0,0.0,0.0,0.0,0.0,0.0,0.0,0.0,0.0,0.0,0.0,0.0,0.0,0.0,0.0,0.0,47.0,47.0,47.0,47.0,47.0,0.0,0.0,0.0,0.0,0.0,0.0,0.0,0.0,0.0,0.0,0.0,0.0,0.0,0.0,0.0,0.0,47.0,47.0,47.0,47.0,47.0,0.0,0.0,0.0,0.0,0.0,0.0,0.0,0.0,0.0,0.0,0.0,0.0,0.0,0.0,0.0,0.0,0.0,0.0,0.0,0.0,0.0,0.0,0.0,0.0,0.0,0.0,0.0,0.0,0.0,0.0,0.0,0.0,0.0,...
1763031129,189670299,laser,-3.1241390705108643,3.1415927410125732,0.0034828970674425364,5.372870873543434e-05,0.09665794670581818,0.15000000596046448,16.0,5.664000034332275,5.664000034332275,5.664000034332275,5.664000034332275,5.664000034332275,5.664000034332275,5.664000034332275,5.664000034332275,5.664000034332275,5.656000137329102,5.656000137329102,5.656000137329102,5.656000137329102,5.656000137329102,5.656000137329102,5.656000137329102,5.664000034332275,5.656000137329102,5.656000137329102,5.656000137329102,5.6479997634887695,5.664000034332275,5.664000034332275,5.664000034332275,5.656000137329102,5.656000137329102,5.656000137329102,5.664000034332275,5.671999931335449,5.664000034332275,5.664000034332275,5.664000034332275,5.664000034332275,5.664000034332275,5.656000137329102,inf,inf,inf,inf,inf,inf,inf,inf,inf,inf,inf,inf,inf,4.047999858856201,4.047999858856201,4.047999858856201,4.047999858856201,4.047999858856201,3.812000036239624,3.812000036239624,3.812000036239624,3.812000036239624,3.75600004196167,3.75600004196167,3.747999906539917,3.740000009536743,3.7360000610351562,3.7360000610351562,3.747999906539917,3.752000093460083,3.752000093460083,2.888000011444092,2.888000011444092,2.888000011444092,2.888000011444092,2.8399999141693115,2.7839999198913574,2.7160000801086426,2.6559998989105225,2.611999988555908,2.563999891281128,2.563999891281128,2.507999897003174,2.4519999027252197,2.388000011444092,2.3480000495910645,2.315999984741211,2.2920000553131104,2.191999912261963,2.191999912261963,2.171999931335449,2.140000104904175,2.111999988555908,2.111999988555908,2.063999891281128,2.0280001163482666,2.002000093460083,1.9739999771118164,1.9459999799728394,1.9079999923706055,1.8819999694824219,1.8680000305175781,1.8519999980926514,1.8420000076293945,1.840000033378601,1.840000033378601,1.8259999752044678,1.809999942779541,1.7940000295639038,1.7719999551773071,1.75,1.7300000190734863,1.7100000381469727,1.690000057220459,1.690000057220459,1.6660000085830688,1.6480000019073486,1.4980000257492065,1.4980000257492065,1.4980000257492065,1.4980000257492065,1.4839999675750732,inf,inf,inf,inf,1.4019999504089355,1.4019999504089355,1.4019999504089355,1.4019999504089355,1.4019999504089355,1.3880000114440918,1.3880000114440918,...,0.0,0.0,0.0,0.0,0.0,0.0,47.0,47.0,47.0,47.0,47.0,47.0,47.0,47.0,47.0,47.0,47.0,47.0,47.0,47.0,47.0,0.0,0.0,0.0,0.0,0.0,0.0,0.0,0.0,0.0,0.0,0.0,0.0,0.0,0.0,0.0,0.0,0.0,0.0,0.0,0.0,0.0,0.0,0.0,0.0,0.0,0.0,0.0,0.0,0.0,0.0,0.0,0.0,0.0,0.0,0.0,0.0,0.0,0.0,0.0,0.0,0.0,0.0,0.0,0.0,0.0,0.0,0.0,0.0,0.0,0.0,0.0,0.0,0.0,0.0,0.0,0.0,0.0,0.0,0.0,0.0,0.0,0.0,0.0,0.0,0.0,0.0,0.0,0.0,0.0,47.0,47.0,47.0,47.0,47.0,0.0,0.0,0.0,0.0,0.0,0.0,0.0,0.0,0.0,0.0,0.0,0.0,0.0,0.0,0.0,0.0,0.0,0.0,0.0,0.0,0.0,0.0,0.0,0.0,0.0,0.0,0.0,0.0,0.0,0.0,0.0,0.0,0.0,...
1763031129,287753792,laser,-3.1241390705108643,3.1415927410125732,0.0034828970674425364,5.3838342864764854e-05,0.09685517847537994,0.15000000596046448,16.0,inf,5.671999931335449,5.671999931335449,5.671999931335449,5.671999931335449,5.671999931335449,5.664000034332275,5.671999931335449,5.664000034332275,5.656000137329102,5.6479997634887695,5.6479997634887695,5.664000034332275,5.664000034332275,5.664000034332275,5.664000034332275,5.664000034332275,5.656000137329102,5.6479997634887695,5.6479997634887695,5.6479997634887695,5.656000137329102,5.664000034332275,5.664000034332275,5.656000137329102,5.656000137329102,5.664000034332275,5.664000034332275,5.671999931335449,5.671999931335449,5.664000034332275,5.664000034332275,5.656000137329102,5.664000034332275,inf,inf,inf,inf,inf,inf,inf,inf,inf,inf,inf,inf,inf,inf,inf,inf,inf,3.884000062942505,3.884000062942505,3.884000062942505,3.884000062942505,3.884000062942505,3.799999952316284,3.799999952316284,3.799999952316284,3.74399995803833,3.74399995803833,3.74399995803833,3.747999906539917,3.747999906539917,3.752000093460083,3.752000093460083,3.752000093460083,2.936000108718872,2.936000108718872,2.936000108718872,2.875999927520752,2.799999952316284,2.7239999771118164,2.6760001182556152,2.628000020980835,2.568000078201294,2.5239999294281006,2.4839999675750732,2.431999921798706,2.384000062942505,2.384000062942505,2.3399999141693115,2.303999900817871,2.2039999961853027,2.2039999961853027,2.187999963760376,2.1440000534057617,2.111999988555908,2.0799999237060547,2.052000045776367,2.052000045776367,1.9839999675750732,1.9839999675750732,1.9639999866485596,1.9359999895095825,1.9160000085830688,1.9079999923706055,1.8980000019073486,1.8899999856948853,1.871999979019165,1.8459999561309814,1.8300000429153442,1.8300000429153442,1.8079999685287476,1.7799999713897705,1.7580000162124634,1.7380000352859497,1.718000054359436,1.7000000476837158,1.6799999475479126,1.656000018119812,1.656000018119812,1.5,1.5,1.5,1.5,1.4880000352859497,1.4739999771118164,inf,inf,inf,1.4119999408721924,1.4119999408721924,1.4119999408721924,1.4119999408721924,1.4119999408721924,1.399999976158142,1.399999976158142,...,0.0,0.0,0.0,0.0,0.0,0.0,0.0,0.0,47.0,47.0,47.0,47.0,47.0,47.0,47.0,47.0,47.0,47.0,47.0,47.0,47.0,47.0,47.0,0.0,0.0,0.0,0.0,0.0,0.0,0.0,0.0,0.0,0.0,0.0,0.0,0.0,0.0,0.0,0.0,0.0,0.0,0.0,0.0,0.0,0.0,0.0,0.0,0.0,0.0,0.0,0.0,0.0,0.0,0.0,0.0,0.0,0.0,0.0,0.0,0.0,0.0,0.0,0.0,0.0,0.0,0.0,0.0,0.0,0.0,0.0,0.0,0.0,0.0,0.0,0.0,0.0,0.0,0.0,0.0,0.0,0.0,0.0,0.0,0.0,0.0,0.0,0.0,0.0,0.0,0.0,0.0,0.0,0.0,0.0,0.0,0.0,0.0,0.0,0.0,0.0,0.0,0.0,0.0,0.0,0.0,47.0,47.0,47.0,47.0,47.0,0.0,0.0,0.0,0.0,0.0,0.0,0.0,0.0,0.0,0.0,0.0,0.0,0.0,0.0,0.0,0.0,0.0,0.0,...
1763031129,386136819,laser,-3.1241390705108643,3.1415927410125732,0.0034828970674425364,5.7161436416208744e-05,0.10283342003822327,0.15000000596046448,16.0,5.656000137329102,5.656000137329102,5.656000137329102,5.656000137329102,5.656000137329102,5.664000034332275,5.664000034332275,5.664000034332275,5.664000034332275,5.656000137329102,5.656000137329102,5.656000137329102,5.656000137329102,5.656000137329102,5.656000137329102,5.656000137329102,5.664000034332275,5.656000137329102,5.656000137329102,5.656000137329102,5.6479997634887695,5.656000137329102,5.664000034332275,5.664000034332275,5.656000137329102,5.656000137329102,5.656000137329102,5.664000034332275,5.679999828338623,5.671999931335449,5.671999931335449,5.671999931335449,5.664000034332275,5.664000034332275,5.656000137329102,inf,inf,inf,inf,inf,inf,inf,inf,inf,inf,inf,inf,inf,inf,4.039999961853027,4.039999961853027,4.039999961853027,4.039999961853027,4.039999961853027,3.808000087738037,3.808000087738037,3.808000087738037,3.752000093460083,3.752000093460083,3.74399995803833,3.74399995803833,3.74399995803833,3.7360000610351562,3.74399995803833,3.752000093460083,3.752000093460083,2.888000011444092,2.888000011444092,2.888000011444092,2.888000011444092,2.828000068664551,2.759999990463257,2.759999990463257,2.6440000534057617,2.6440000534057617,2.5999999046325684,2.5399999618530273,2.4839999675750732,2.436000108718872,2.384000062942505,2.3399999141693115,2.299999952316284,2.2720000743865967,2.24399995803833,2.24399995803833,2.200000047683716,2.1640000343322754,2.124000072479248,2.0880000591278076,2.052000045776367,2.0280001163482666,2.0160000324249268,1.99399995803833,1.9700000286102295,1.9559999704360962,1.9559999704360962,1.9459999799728394,1.9299999475479126,1.909999966621399,1.8839999437332153,1.8600000143051147,1.8420000076293945,1.8200000524520874,1.7920000553131104,1.7640000581741333,1.7640000581741333,1.74399995803833,1.7259999513626099,1.7039999961853027,1.6799999475479126,1.6619999408721924,1.6419999599456787,1.5180000066757202,1.503999948501587,1.503999948501587,1.4919999837875366,1.4819999933242798,1.465999960899353,1.465999960899353,1.4279999732971191,1.4279999732971191,1.4279999732971191,1.4279999732971191,1.3960000276565552,1.3960000276565552,1.3960000276565552,1.3819999694824219,1.3819999694824219,...,0.0,0.0,0.0,0.0,0.0,0.0,47.0,47.0,47.0,47.0,47.0,47.0,47.0,47.0,47.0,47.0,47.0,47.0,47.0,47.0,0.0,0.0,0.0,0.0,0.0,0.0,0.0,0.0,0.0,0.0,0.0,0.0,0.0,0.0,0.0,0.0,0.0,0.0,0.0,0.0,0.0,0.0,0.0,0.0,0.0,0.0,0.0,0.0,0.0,0.0,0.0,0.0,0.0,0.0,0.0,0.0,0.0,0.0,0.0,0.0,0.0,0.0,0.0,0.0,0.0,0.0,0.0,0.0,0.0,0.0,0.0,0.0,0.0,0.0,0.0,0.0,0.0,0.0,0.0,0.0,0.0,0.0,0.0,0.0,0.0,0.0,0.0,0.0,0.0,47.0,47.0,47.0,47.0,47.0,0.0,0.0,0.0,0.0,0.0,0.0,0.0,0.0,0.0,0.0,0.0,0.0,0.0,0.0,0.0,0.0,0.0,0.0,0.0,0.0,0.0,0.0,0.0,0.0,0.0,0.0,0.0,0.0,0.0,0.0,47.0,47.0,47.0,47.0,...
1763031129,490789730,laser,-3.1241390705108643,3.1415927410125732,0.0034828970674425364,5.3665731684304774e-05,0.09654465317726135,0.15000000596046448,16.0,inf,5.664000034332275,5.664000034332275,5.664000034332275,5.664000034332275,5.664000034332275,5.664000034332275,5.671999931335449,5.664000034332275,5.656000137329102,5.656000137329102,5.656000137329102,5.664000034332275,5.671999931335449,5.664000034332275,5.664000034332275,5.656000137329102,5.664000034332275,5.664000034332275,5.656000137329102,5.6479997634887695,5.656000137329102,5.656000137329102,5.656000137329102,5.656000137329102,5.656000137329102,5.656000137329102,5.664000034332275,5.679999828338623,5.671999931335449,5.664000034332275,5.664000034332275,5.656000137329102,5.656000137329102,5.664000034332275,inf,inf,inf,inf,inf,inf,inf,inf,inf,inf,inf,inf,inf,inf,inf,3.8919999599456787,3.8919999599456787,3.8919999599456787,3.8919999599456787,3.8919999599456787,3.7960000038146973,3.7960000038146973,3.7960000038146973,3.7960000038146973,3.74399995803833,3.74399995803833,3.747999906539917,3.747999906539917,3.747999906539917,3.752000093460083,3.752000093460083,3.752000093460083,2.940000057220459,2.875999927520752,2.875999927520752,2.875999927520752,2.799999952316284,2.7320001125335693,2.680000066757202,2.631999969482422,2.572000026702881,2.5239999294281006,2.4800000190734863,2.4240000247955322,2.371999979019165,2.3399999141693115,2.3399999141693115,2.299999952316284,2.2039999961853027,2.2039999961853027,2.187999963760376,2.135999917984009,2.0999999046325684,2.0799999237060547,2.0480000972747803,2.009999990463257,1.9859999418258667,1.9559999704360962,1.9559999704360962,1.9240000247955322,1.9079999923706055,1.8940000534057617,1.8819999694824219,1.878000020980835,1.8619999885559082,1.8420000076293945,1.8259999752044678,1.805999994277954,1.805999994277954,1.781999945640564,1.75600004196167,1.7339999675750732,1.7139999866485596,1.6979999542236328,1.6779999732971191,1.656000018119812,1.621999979019165,1.5080000162124634,1.5080000162124634,1.4980000257492065,1.4980000257492065,1.4859999418258667,1.4739999771118164,inf,inf,inf,inf,inf,1.4040000438690186,1.4040000438690186,1.4040000438690186,1.4040000438690186,1.4040000438690186,...,0.0,0.0,0.0,0.0,0.0,0.0,0.0,0.0,47.0,47.0,47.0,47.0,47.0,47.0,47.0,47.0,47.0,47.0,47.0,47.0,47.0,47.0,47.0,0.0,0.0,0.0,0.0,0.0,0.0,0.0,0.0,0.0,0.0,0.0,0.0,0.0,0.0,0.0,0.0,0.0,0.0,0.0,0.0,0.0,0.0,0.0,0.0,0.0,0.0,0.0,0.0,0.0,0.0,0.0,0.0,0.0,0.0,0.0,0.0,0.0,0.0,0.0,0.0,0.0,0.0,0.0,0.0,0.0,0.0,0.0,0.0,0.0,0.0,0.0,0.0,0.0,0.0,0.0,0.0,0.0,0.0,0.0,0.0,0.0,0.0,0.0,0.0,0.0,0.0,0.0,0.0,0.0,0.0,0.0,0.0,0.0,0.0,0.0,0.0,0.0,0.0,0.0,0.0,0.0,0.0,47.0,47.0,47.0,47.0,47.0,0.0,0.0,0.0,0.0,0.0,0.0,0.0,0.0,0.0,0.0,0.0,0.0,0.0,47.0,47.0,47.0,47.0,47.0,...
1763031129,589365973,laser,-3.1241390705108643,3.1415927410125732,0.0034828970674425364,5.346052785171196e-05,0.09617549180984497,0.15000000596046448,16.0,5.664000034332275,5.664000034332275,5.664000034332275,5.664000034332275,5.664000034332275,5.664000034332275,5.664000034332275,5.664000034332275,5.664000034332275,5.6479997634887695,5.656000137329102,5.656000137329102,5.656000137329102,5.656000137329102,5.656000137329102,5.656000137329102,5.656000137329102,5.6479997634887695,5.656000137329102,5.656000137329102,5.656000137329102,5.664000034332275,5.664000034332275,5.664000034332275,5.656000137329102,5.656000137329102,5.656000137329102,5.664000034332275,5.671999931335449,5.664000034332275,5.671999931335449,5.671999931335449,5.664000034332275,5.664000034332275,5.656000137329102,inf,inf,inf,inf,inf,inf,inf,inf,inf,inf,inf,inf,inf,inf,inf,inf,inf,inf,3.7839999198913574,3.7839999198913574,3.7839999198913574,3.7839999198913574,3.7839999198913574,3.74399995803833,3.74399995803833,3.74399995803833,3.747999906539917,3.747999906539917,3.747999906539917,3.747999906539917,3.747999906539917,2.9200000762939453,2.859999895095825,2.859999895095825,2.859999895095825,2.859999895095825,2.799999952316284,2.7320001125335693,2.6640000343322754,2.619999885559082,2.572000026702881,2.5239999294281006,2.5239999294281006,2.4079999923706055,2.4079999923706055,2.371999979019165,2.3320000171661377,2.2960000038146973,2.187999963760376,2.187999963760376,2.187999963760376,2.1480000019073486,2.1080000400543213,2.0820000171661377,2.0820000171661377,2.0460000038146973,2.002000093460083,1.9739999771118164,1.9479999542236328,1.9119999408721924,1.8860000371932983,1.8680000305175781,1.8539999723434448,1.8459999561309814,1.8380000591278076,1.8380000591278076,1.8279999494552612,1.8140000104904175,1.7960000038146973,1.777999997138977,1.75600004196167,1.7339999675750732,1.7139999866485596,1.694000005722046,1.6699999570846558,1.6699999570846558,1.6519999504089355,1.50600004196167,1.49399995803833,1.49399995803833,1.49399995803833,1.4839999675750732,inf,inf,inf,inf,inf,1.4040000438690186,1.4040000438690186,1.4040000438690186,1.4040000438690186,1.4040000438690186,1.3919999599456787,...,0.0,0.0,0.0,0.0,0.0,0.0,47.0,47.0,47.0,47.0,47.0,47.0,47.0,47.0,47.0,47.0,47.0,47.0,47.0,47.0,47.0,0.0,0.0,0.0,0.0,0.0,0.0,0.0,0.0,0.0,0.0,0.0,0.0,0.0,0.0,0.0,0.0,0.0,0.0,0.0,0.0,0.0,0.0,0.0,0.0,0.0,0.0,0.0,0.0,0.0,0.0,0.0,0.0,0.0,0.0,0.0,0.0,0.0,0.0,0.0,0.0,0.0,0.0,0.0,0.0,0.0,0.0,0.0,0.0,0.0,0.0,0.0,0.0,0.0,0.0,0.0,0.0,0.0,0.0,0.0,0.0,0.0,0.0,0.0,0.0,0.0,0.0,0.0,0.0,0.0,47.0,47.0,47.0,47.0,47.0,0.0,0.0,0.0,0.0,0.0,0.0,0.0,0.0,0.0,0.0,0.0,0.0,0.0,0.0,0.0,0.0,0.0,0.0,0.0,0.0,0.0,0.0,0.0,0.0,0.0,0.0,0.0,0.0,0.0,0.0,0.0,47.0,47.0,...
1763031129,687442468,laser,-3.1241390705108643,3.1415927410125732,0.0034828970674425364,5.6959703215397894e-05,0.1024705022573471,0.15000000596046448,16.0,inf,inf,5.664000034332275,5.664000034332275,5.664000034332275,5.664000034332275,5.664000034332275,5.664000034332275,5.664000034332275,5.656000137329102,5.656000137329102,5.656000137329102,5.664000034332275,5.656000137329102,5.656000137329102,5.656000137329102,5.664000034332275,5.656000137329102,5.656000137329102,5.656000137329102,5.656000137329102,5.664000034332275,5.664000034332275,5.664000034332275,5.656000137329102,5.656000137329102,5.656000137329102,5.671999931335449,5.671999931335449,5.671999931335449,5.664000034332275,5.664000034332275,5.664000034332275,5.664000034332275,5.656000137329102,inf,inf,inf,inf,inf,inf,inf,inf,inf,inf,inf,inf,inf,inf,inf,inf,3.7960000038146973,3.7960000038146973,3.7960000038146973,3.7960000038146973,3.7960000038146973,3.74399995803833,3.74399995803833,3.74399995803833,3.74399995803833,3.74399995803833,3.74399995803833,3.747999906539917,3.747999906539917,3.752000093460083,3.752000093460083,2.9240000247955322,2.9240000247955322,2.9240000247955322,2.9240000247955322,2.864000082015991,2.799999952316284,2.7279999256134033,2.6760001182556152,2.631999969482422,2.572000026702881,2.5239999294281006,2.4760000705718994,2.4760000705718994,2.371999979019165,2.371999979019165,2.328000068664551,2.2880001068115234,2.2039999961853027,2.2039999961853027,2.187999963760376,2.1440000534057617,2.1080000400543213,2.0799999237060547,2.0799999237060547,2.0139999389648438,2.0139999389648438,1.9919999837875366,1.9620000123977661,1.937999963760376,1.9279999732971191,1.9220000505447388,1.909999966621399,1.8960000276565552,1.8960000276565552,1.8760000467300415,1.8480000495910645,1.8279999494552612,1.8079999685287476,1.7799999713897705,1.75600004196167,1.7339999675750732,1.7139999866485596,1.6979999542236328,1.6740000247955322,1.6740000247955322,1.6519999504089355,1.5080000162124634,1.5080000162124634,1.5080000162124634,1.496000051498413,1.4819999933242798,1.4739999771118164,inf,inf,inf,1.4040000438690186,1.4040000438690186,1.4040000438690186,1.4040000438690186,1.4040000438690186,1.3960000276565552,1.3960000276565552,...,0.0,0.0,0.0,0.0,0.0,0.0,47.0,47.0,47.0,47.0,47.0,47.0,47.0,47.0,47.0,47.0,47.0,47.0,47.0,47.0,47.0,47.0,0.0,0.0,0.0,0.0,0.0,0.0,0.0,0.0,0.0,0.0,0.0,0.0,0.0,0.0,0.0,0.0,0.0,0.0,0.0,0.0,0.0,0.0,0.0,0.0,0.0,0.0,0.0,0.0,0.0,0.0,0.0,0.0,0.0,0.0,0.0,0.0,0.0,0.0,0.0,0.0,0.0,0.0,0.0,0.0,0.0,0.0,0.0,0.0,0.0,0.0,0.0,0.0,0.0,0.0,0.0,0.0,0.0,0.0,0.0,0.0,0.0,0.0,0.0,0.0,0.0,0.0,0.0,0.0,0.0,0.0,0.0,0.0,0.0,0.0,0.0,0.0,0.0,0.0,0.0,0.0,0.0,0.0,0.0,0.0,0.0,0.0,0.0,0.0,0.0,0.0,0.0,0.0,0.0,0.0,0.0,0.0,0.0,0.0,0.0,0.0,0.0,0.0,0.0,0.0,0.0,0.0,...
1763031129,791487146,laser,-3.1241390705108643,3.1415927410125732,0.0034828970674425364,5.3751602536067367e-05,0.09669913351535797,0.15000000596046448,16.0,5.664000034332275,5.664000034332275,5.664000034332275,5.664000034332275,5.664000034332275,5.664000034332275,5.664000034332275,5.664000034332275,5.664000034332275,5.656000137329102,5.656000137329102,5.656000137329102,5.664000034332275,5.664000034332275,5.664000034332275,5.656000137329102,5.664000034332275,5.656000137329102,5.656000137329102,5.656000137329102,5.6479997634887695,5.656000137329102,5.656000137329102,5.664000034332275,5.656000137329102,5.6479997634887695,5.656000137329102,5.671999931335449,5.679999828338623,5.671999931335449,5.671999931335449,5.664000034332275,5.664000034332275,5.664000034332275,5.656000137329102,inf,inf,inf,inf,inf,inf,inf,inf,inf,inf,inf,inf,inf,inf,inf,inf,3.880000114440918,3.880000114440918,3.880000114440918,3.880000114440918,3.880000114440918,3.7839999198913574,3.7839999198913574,3.7839999198913574,3.74399995803833,3.740000009536743,3.74399995803833,3.747999906539917,3.747999906539917,3.747999906539917,3.747999906539917,3.747999906539917,2.9079999923706055,2.9079999923706055,2.9079999923706055,2.859999895095825,2.799999952316284,2.7279999256134033,2.6640000343322754,2.619999885559082,2.572000026702881,2.51200008392334,2.4639999866485596,2.4200000762939453,2.371999979019165,2.371999979019165,2.319999933242798,2.2960000038146973,2.184000015258789,2.184000015258789,2.187999963760376,2.140000104904175,2.1080000400543213,2.0799999237060547,2.0480000972747803,2.0160000324249268,2.0160000324249268,1.9900000095367432,1.9639999866485596,1.9420000314712524,1.9279999732971191,1.9220000505447388,1.909999966621399,1.8899999856948853,1.8700000047683716,1.8700000047683716,1.8480000495910645,1.8259999752044678,1.805999994277954,1.7799999713897705,1.75600004196167,1.7339999675750732,1.7120000123977661,1.6920000314712524,1.6699999570846558,1.6699999570846558,1.6480000019073486,1.5080000162124634,1.5080000162124634,1.5080000162124634,1.496000051498413,1.4859999418258667,inf,inf,inf,inf,1.399999976158142,1.399999976158142,1.399999976158142,1.399999976158142,1.399999976158142,1.3860000371932983,1.3860000371932983,...,0.0,0.0,0.0,0.0,0.0,0.0,47.0,47.0,47.0,47.0,47.0,47.0,47.0,47.0,47.0,47.0,47.0,47.0,47.0,47.0,0.0,0.0,0.0,0.0,0.0,0.0,0.0,0.0,0.0,0.0,0.0,0.0,0.0,0.0,0.0,0.0,0.0,0.0,0.0,0.0,0.0,0.0,0.0,0.0,0.0,0.0,0.0,0.0,0.0,0.0,0.0,0.0,0.0,0.0,0.0,0.0,0.0,0.0,0.0,0.0,0.0,0.0,0.0,0.0,0.0,0.0,0.0,0.0,47.0,47.0,47.0,47.0,47.0,0.0,0.0,0.0,0.0,0.0,0.0,0.0,0.0,0.0,0.0,0.0,0.0,0.0,0.0,0.0,0.0,0.0,0.0,0.0,0.0,0.0,0.0,0.0,0.0,0.0,0.0,0.0,0.0,0.0,0.0,0.0,0.0,0.0,47.0,47.0,47.0,47.0,47.0,0.0,0.0,0.0,0.0,0.0,0.0,0.0,0.0,0.0,0.0,0.0,0.0,0.0,0.0,47.0,47.0,47.0,...
1763031129,890120931,laser,-3.1241390705108643,3.1415927410125732,0.0034828970674425364,5.355995017453097e-05,0.09635435044765472,0.15000000596046448,16.0,5.664000034332275,5.664000034332275,5.664000034332275,5.664000034332275,5.664000034332275,5.664000034332275,5.664000034332275,5.664000034332275,5.664000034332275,5.6479997634887695,5.6479997634887695,5.656000137329102,5.664000034332275,5.656000137329102,5.656000137329102,5.656000137329102,5.664000034332275,5.656000137329102,5.656000137329102,5.656000137329102,5.6479997634887695,5.664000034332275,5.664000034332275,5.664000034332275,5.656000137329102,5.6479997634887695,5.656000137329102,5.671999931335449,5.671999931335449,5.664000034332275,5.664000034332275,5.664000034332275,5.664000034332275,5.664000034332275,5.656000137329102,inf,inf,inf,inf,inf,inf,inf,inf,inf,inf,inf,inf,inf,inf,inf,inf,3.8959999084472656,3.8959999084472656,3.8959999084472656,3.8959999084472656,3.8959999084472656,3.808000087738037,3.808000087738037,3.752000093460083,3.74399995803833,3.740000009536743,3.740000009536743,3.7360000610351562,3.74399995803833,3.752000093460083,3.752000093460083,2.875999927520752,2.875999927520752,2.875999927520752,2.8239998817443848,2.8239998817443848,2.759999990463257,2.759999990463257,2.6440000534057617,2.6440000534057617,2.5999999046325684,2.5399999618530273,2.4839999675750732,2.436000108718872,2.384000062942505,2.3359999656677246,2.2960000038146973,2.2639999389648438,2.2360000610351562,2.2360000610351562,2.200000047683716,2.1559998989105225,2.111999988555908,2.0840001106262207,2.052000045776367,2.0179998874664307,1.9919999837875366,1.968000054359436,1.9359999895095825,1.9040000438690186,1.9040000438690186,1.8639999628067017,1.8639999628067017,1.850000023841858,1.8300000429153442,1.8279999494552612,1.815999984741211,1.7999999523162842,1.7799999713897705,1.7799999713897705,1.7599999904632568,1.7380000352859497,1.715999960899353,1.6979999542236328,1.6820000410079956,1.6619999408721924,1.6380000114440918,1.5240000486373901,1.5240000486373901,1.503999948501587,1.4880000352859497,1.4800000190734863,1.4800000190734863,inf,inf,1.4140000343322754,1.4140000343322754,1.4140000343322754,1.4140000343322754,1.4140000343322754,1.3980000019073486,1.3980000019073486,1.3980000019073486,...,0.0,0.0,0.0,0.0,0.0,0.0,47.0,47.0,47.0,47.0,47.0,47.0,47.0,47.0,47.0,47.0,47.0,47.0,47.0,47.0,47.0,47.0,47.0,47.0,0.0,0.0,0.0,0.0,0.0,0.0,0.0,0.0,0.0,0.0,0.0,0.0,0.0,0.0,0.0,0.0,0.0,0.0,0.0,0.0,0.0,0.0,0.0,0.0,0.0,0.0,0.0,0.0,0.0,0.0,0.0,0.0,0.0,0.0,0.0,0.0,0.0,0.0,0.0,0.0,0.0,0.0,0.0,0.0,47.0,47.0,47.0,47.0,47.0,0.0,0.0,0.0,0.0,0.0,0.0,0.0,0.0,0.0,0.0,0.0,0.0,0.0,0.0,0.0,0.0,0.0,0.0,0.0,0.0,0.0,0.0,0.0,0.0,0.0,0.0,0.0,0.0,0.0,0.0,0.0,0.0,0.0,0.0,0.0,0.0,0.0,0.0,0.0,0.0,0.0,0.0,0.0,0.0,0.0,0.0,0.0,0.0,0.0,0.0,0.0,0.0,47.0,47.0,47.0,...
1763031129,987973195,laser,-3.1241390705108643,3.1415927410125732,0.0034828970674425364,5.717813110095449e-05,0.10286346077919006,0.15000000596046448,16.0,5.671999931335449,5.671999931335449,5.671999931335449,5.671999931335449,5.671999931335449,5.664000034332275,5.664000034332275,5.664000034332275,5.656000137329102,5.6479997634887695,5.656000137329102,5.664000034332275,5.664000034332275,5.664000034332275,5.664000034332275,5.664000034332275,5.656000137329102,5.656000137329102,5.6479997634887695,5.6479997634887695,5.656000137329102,5.656000137329102,5.656000137329102,5.656000137329102,5.6479997634887695,5.656000137329102,5.664000034332275,5.664000034332275,5.671999931335449,5.671999931335449,5.664000034332275,5.664000034332275,5.656000137329102,5.664000034332275,5.664000034332275,inf,inf,inf,inf,inf,inf,inf,inf,inf,inf,inf,inf,inf,4.084000110626221,4.084000110626221,4.084000110626221,4.084000110626221,4.084000110626221,3.7920000553131104,3.7920000553131104,3.7920000553131104,3.74399995803833,3.74399995803833,3.74399995803833,3.74399995803833,3.740000009536743,3.74399995803833,3.747999906539917,3.747999906539917,3.752000093460083,3.752000093460083,3.752000093460083,2.9240000247955322,2.9240000247955322,2.9240000247955322,2.864000082015991,2.799999952316284,2.7279999256134033,2.671999931335449,2.628000020980835,2.572000026702881,2.5239999294281006,2.4040000438690186,2.4040000438690186,2.371999979019165,2.371999979019165,2.3359999656677246,2.299999952316284,2.196000099182129,2.196000099182129,2.187999963760376,2.1519999504089355,2.115999937057495,2.0799999237060547,2.0799999237060547,2.003999948501587,2.003999948501587,1.972000002861023,1.944000005722046,1.9119999408721924,1.8860000371932983,1.8700000047683716,1.8559999465942383,1.850000023841858,1.8380000591278076,1.8380000591278076,1.8279999494552612,1.8179999589920044,1.8020000457763672,1.7799999713897705,1.7580000162124634,1.7339999675750732,1.7139999866485596,1.6959999799728394,1.6740000247955322,1.6740000247955322,1.649999976158142,1.5,1.5,1.5,1.5,1.4859999418258667,1.4780000448226929,inf,inf,inf,1.4040000438690186,1.4040000438690186,1.4040000438690186,1.4040000438690186,1.4040000438690186,1.3940000534057617,1.3940000534057617,...,0.0,0.0,0.0,0.0,0.0,0.0,0.0,0.0,47.0,47.0,47.0,47.0,47.0,47.0,47.0,47.0,47.0,47.0,47.0,47.0,47.0,47.0,47.0,47.0,0.0,0.0,0.0,0.0,0.0,0.0,0.0,0.0,0.0,0.0,0.0,0.0,0.0,0.0,0.0,0.0,0.0,0.0,0.0,0.0,0.0,0.0,0.0,0.0,0.0,0.0,0.0,0.0,0.0,0.0,0.0,0.0,0.0,0.0,0.0,0.0,0.0,0.0,0.0,0.0,0.0,0.0,0.0,0.0,0.0,0.0,0.0,0.0,0.0,0.0,0.0,0.0,0.0,0.0,0.0,0.0,0.0,0.0,0.0,0.0,0.0,0.0,0.0,0.0,0.0,0.0,47.0,47.0,47.0,47.0,47.0,0.0,0.0,0.0,0.0,0.0,0.0,0.0,0.0,0.0,0.0,0.0,0.0,0.0,0.0,0.0,0.0,0.0,0.0,0.0,0.0,0.0,0.0,0.0,0.0,0.0,0.0,0.0,0.0,0.0,0.0,0.0,0.0,0.0,...
1763031130,92466173,laser,-3.1241390705108643,3.1415927410125732,0.0034828970674425364,5.3709900385001674e-05,0.09662411361932755,0.15000000596046448,16.0,5.664000034332275,5.664000034332275,5.664000034332275,5.664000034332275,5.664000034332275,5.664000034332275,5.664000034332275,5.664000034332275,5.664000034332275,5.656000137329102,5.656000137329102,5.656000137329102,5.656000137329102,5.656000137329102,5.656000137329102,5.656000137329102,5.664000034332275,5.656000137329102,5.656000137329102,5.656000137329102,5.6479997634887695,5.664000034332275,5.664000034332275,5.664000034332275,5.656000137329102,5.656000137329102,5.656000137329102,5.664000034332275,5.671999931335449,5.664000034332275,5.664000034332275,5.664000034332275,5.664000034332275,5.664000034332275,5.6479997634887695,inf,inf,inf,inf,inf,inf,inf,inf,inf,inf,inf,inf,inf,inf,inf,inf,3.884000062942505,3.884000062942505,3.884000062942505,3.884000062942505,3.884000062942505,3.7920000553131104,3.7920000553131104,3.74399995803833,3.74399995803833,3.740000009536743,3.74399995803833,3.747999906539917,3.747999906539917,3.747999906539917,3.747999906539917,3.747999906539917,2.9240000247955322,2.9240000247955322,2.864000082015991,2.864000082015991,2.799999952316284,2.7279999256134033,2.671999931335449,2.628000020980835,2.568000078201294,2.507999897003174,2.4639999866485596,2.4200000762939453,2.371999979019165,2.3359999656677246,2.3359999656677246,2.303999900817871,2.196000099182129,2.196000099182129,2.187999963760376,2.135999917984009,2.1040000915527344,2.0799999237060547,2.0439999103546143,2.0160000324249268,1.9919999837875366,1.9919999837875366,1.965999960899353,1.9479999542236328,1.940000057220459,1.9299999475479126,1.9160000085830688,1.8980000019073486,1.8739999532699585,1.8480000495910645,1.8480000495910645,1.8259999752044678,1.8020000457763672,1.7799999713897705,1.75600004196167,1.7339999675750732,1.7139999866485596,1.6920000314712524,1.6699999570846558,1.6699999570846558,1.649999976158142,1.5080000162124634,1.5080000162124634,1.5080000162124634,1.4980000257492065,1.4859999418258667,1.4780000448226929,inf,inf,inf,1.4040000438690186,1.4040000438690186,1.4040000438690186,1.4040000438690186,1.4040000438690186,1.3940000534057617,1.3940000534057617,...,0.0,0.0,0.0,0.0,0.0,0.0,0.0,47.0,47.0,47.0,47.0,47.0,47.0,47.0,47.0,47.0,47.0,47.0,47.0,47.0,47.0,47.0,47.0,47.0,0.0,0.0,0.0,0.0,0.0,0.0,0.0,0.0,0.0,0.0,0.0,0.0,0.0,0.0,0.0,0.0,0.0,0.0,0.0,0.0,0.0,0.0,0.0,0.0,0.0,0.0,0.0,0.0,0.0,0.0,0.0,0.0,0.0,0.0,0.0,0.0,0.0,0.0,0.0,0.0,0.0,0.0,0.0,0.0,47.0,47.0,47.0,47.0,47.0,0.0,0.0,0.0,0.0,0.0,0.0,0.0,0.0,0.0,0.0,0.0,0.0,0.0,0.0,0.0,0.0,0.0,0.0,0.0,0.0,0.0,0.0,0.0,0.0,0.0,0.0,0.0,0.0,0.0,0.0,0.0,0.0,0.0,47.0,47.0,47.0,47.0,47.0,0.0,0.0,0.0,0.0,0.0,0.0,0.0,0.0,0.0,0.0,0.0,0.0,0.0,0.0,47.0,47.0,47.0,...
1763031130,191007004,laser,-3.1241390705108643,3.1415927410125732,0.0034828970674425364,5.3536125051323324e-05,0.09631148725748062,0.15000000596046448,16.0,5.656000137329102,5.656000137329102,5.656000137329102,5.656000137329102,5.656000137329102,5.664000034332275,5.664000034332275,5.664000034332275,5.664000034332275,5.656000137329102,5.656000137329102,5.656000137329102,5.656000137329102,5.656000137329102,5.656000137329102,5.656000137329102,5.664000034332275,5.656000137329102,5.656000137329102,5.656000137329102,5.6479997634887695,5.664000034332275,5.664000034332275,5.6479997634887695,5.6479997634887695,5.6479997634887695,5.656000137329102,5.664000034332275,5.671999931335449,5.664000034332275,5.664000034332275,5.664000034332275,5.664000034332275,5.664000034332275,5.6479997634887695,inf,inf,inf,inf,inf,inf,inf,inf,inf,inf,inf,inf,inf,inf,inf,inf,3.8959999084472656,3.8959999084472656,3.8959999084472656,3.8959999084472656,3.8959999084472656,3.799999952316284,3.799999952316284,3.74399995803833,3.740000009536743,3.740000009536743,3.740000009536743,3.74399995803833,3.752000093460083,3.752000093460083,3.752000093460083,2.880000114440918,2.880000114440918,2.880000114440918,2.74399995803833,2.74399995803833,2.74399995803833,2.74399995803833,2.640000104904175,2.640000104904175,2.5959999561309814,2.5360000133514404,2.4800000190734863,2.436000108718872,2.384000062942505,2.3359999656677246,2.2960000038146973,2.252000093460083,2.252000093460083,2.196000099182129,2.196000099182129,2.1519999504089355,2.1080000400543213,2.0799999237060547,2.0480000972747803,2.0199999809265137,1.9980000257492065,1.9780000448226929,1.9479999542236328,1.934000015258789,1.934000015258789,1.9299999475479126,1.9160000085830688,1.8980000019073486,1.8760000467300415,1.850000023841858,1.8300000429153442,1.812000036239624,1.784000039100647,1.784000039100647,1.7599999904632568,1.7400000095367432,1.718000054359436,1.7000000476837158,1.684000015258789,1.6619999408721924,1.6319999694824219,1.5199999809265137,1.5199999809265137,1.50600004196167,1.4900000095367432,1.4780000448226929,1.4780000448226929,inf,inf,1.4160000085830688,1.4160000085830688,1.4160000085830688,1.4160000085830688,1.4160000085830688,1.399999976158142,1.399999976158142,1.399999976158142,...,0.0,0.0,0.0,0.0,0.0,0.0,47.0,47.0,47.0,47.0,47.0,47.0,47.0,47.0,47.0,47.0,47.0,47.0,47.0,47.0,0.0,0.0,0.0,0.0,0.0,0.0,0.0,0.0,0.0,0.0,0.0,0.0,0.0,0.0,0.0,0.0,0.0,0.0,0.0,0.0,0.0,0.0,0.0,0.0,0.0,0.0,0.0,0.0,0.0,0.0,0.0,0.0,0.0,0.0,0.0,0.0,0.0,0.0,0.0,0.0,0.0,0.0,0.0,0.0,0.0,0.0,0.0,0.0,0.0,0.0,0.0,0.0,0.0,0.0,0.0,0.0,0.0,0.0,0.0,0.0,0.0,0.0,0.0,0.0,0.0,0.0,0.0,0.0,0.0,0.0,0.0,0.0,0.0,0.0,0.0,0.0,0.0,0.0,0.0,0.0,0.0,0.0,0.0,0.0,0.0,0.0,47.0,47.0,47.0,47.0,47.0,0.0,0.0,0.0,0.0,0.0,0.0,0.0,0.0,0.0,0.0,0.0,0.0,0.0,47.0,47.0,47.0,47.0,...
1763031130,289310155,laser,-3.1241390705108643,3.1415927410125732,0.0034828970674425364,5.353765664040111e-05,0.09631424397230148,0.15000000596046448,16.0,5.664000034332275,5.664000034332275,5.664000034332275,5.664000034332275,5.664000034332275,5.664000034332275,5.664000034332275,5.664000034332275,5.656000137329102,5.656000137329102,5.6479997634887695,5.656000137329102,5.664000034332275,5.664000034332275,5.664000034332275,5.664000034332275,5.656000137329102,5.656000137329102,5.664000034332275,5.656000137329102,5.6479997634887695,5.656000137329102,5.656000137329102,5.6479997634887695,5.6479997634887695,5.6479997634887695,5.656000137329102,5.664000034332275,5.671999931335449,5.671999931335449,5.664000034332275,5.664000034332275,5.656000137329102,5.656000137329102,5.6479997634887695,inf,inf,inf,inf,inf,inf,inf,inf,inf,inf,inf,inf,inf,inf,inf,3.8919999599456787,3.8919999599456787,3.8919999599456787,3.8919999599456787,3.8919999599456787,3.799999952316284,3.799999952316284,3.799999952316284,3.799999952316284,3.74399995803833,3.740000009536743,3.740000009536743,3.74399995803833,3.747999906539917,3.752000093460083,3.752000093460083,3.752000093460083,2.927999973297119,2.880000114440918,2.880000114440918,2.880000114440918,2.815999984741211,2.7320001125335693,2.671999931335449,2.628000020980835,2.5759999752044678,2.5280001163482666,2.4719998836517334,2.4119999408721924,2.371999979019165,2.3359999656677246,2.3359999656677246,2.299999952316284,2.200000047683716,2.200000047683716,2.196000099182129,2.1519999504089355,2.111999988555908,2.0799999237060547,2.049999952316284,2.049999952316284,1.9819999933242798,1.9819999933242798,1.9579999446868896,1.9240000247955322,1.899999976158142,1.878000020980835,1.8639999628067017,1.8619999885559082,1.850000023841858,1.8359999656677246,1.8220000267028809,1.8220000267028809,1.8020000457763672,1.7799999713897705,1.7599999904632568,1.7359999418258667,1.7139999866485596,1.6959999799728394,1.6740000247955322,1.656000018119812,1.656000018119812,1.5080000162124634,1.5080000162124634,1.4980000257492065,1.4980000257492065,1.4859999418258667,1.4759999513626099,inf,inf,inf,inf,inf,1.4040000438690186,1.4040000438690186,1.4040000438690186,1.4040000438690186,1.4040000438690186,...,0.0,0.0,0.0,0.0,0.0,0.0,0.0,47.0,47.0,47.0,47.0,47.0,47.0,47.0,47.0,47.0,47.0,47.0,47.0,47.0,0.0,0.0,0.0,0.0,0.0,0.0,0.0,0.0,0.0,0.0,0.0,0.0,0.0,0.0,0.0,0.0,0.0,0.0,0.0,0.0,0.0,0.0,0.0,0.0,0.0,0.0,0.0,0.0,0.0,0.0,0.0,0.0,0.0,0.0,0.0,0.0,0.0,0.0,0.0,0.0,0.0,0.0,0.0,0.0,0.0,0.0,0.0,0.0,47.0,47.0,47.0,47.0,47.0,0.0,0.0,0.0,0.0,0.0,0.0,0.0,0.0,0.0,0.0,0.0,0.0,0.0,0.0,0.0,0.0,0.0,0.0,0.0,0.0,0.0,0.0,0.0,0.0,0.0,0.0,0.0,0.0,0.0,0.0,0.0,0.0,0.0,47.0,47.0,47.0,47.0,47.0,0.0,0.0,0.0,0.0,0.0,0.0,0.0,0.0,0.0,0.0,0.0,0.0,0.0,0.0,0.0,0.0,0.0,...
1763031130,387463125,laser,-3.1241390705108643,3.1415927410125732,0.0034828970674425364,5.6996239436557516e-05,0.10253623872995377,0.15000000596046448,16.0,5.656000137329102,5.656000137329102,5.656000137329102,5.656000137329102,5.664000034332275,5.664000034332275,5.664000034332275,5.664000034332275,5.656000137329102,5.656000137329102,5.6479997634887695,5.656000137329102,5.664000034332275,5.664000034332275,5.664000034332275,5.664000034332275,5.664000034332275,5.656000137329102,5.656000137329102,5.656000137329102,5.6479997634887695,5.656000137329102,5.656000137329102,5.656000137329102,5.656000137329102,5.6479997634887695,5.656000137329102,5.664000034332275,5.671999931335449,5.664000034332275,5.664000034332275,5.664000034332275,5.664000034332275,5.664000034332275,5.6479997634887695,inf,inf,inf,inf,inf,inf,inf,inf,inf,inf,inf,inf,inf,inf,4.004000186920166,4.004000186920166,4.004000186920166,4.004000186920166,4.004000186920166,3.8919999599456787,3.8919999599456787,3.8919999599456787,3.799999952316284,3.747999906539917,3.747999906539917,3.740000009536743,3.740000009536743,3.74399995803833,3.752000093460083,3.747999906539917,3.752000093460083,3.752000093460083,2.880000114440918,2.880000114440918,2.880000114440918,2.880000114440918,2.819999933242798,2.7360000610351562,2.6760001182556152,2.640000104904175,2.5840001106262207,2.5280001163482666,2.4719998836517334,2.4240000247955322,2.380000114440918,2.3359999656677246,2.3359999656677246,2.2960000038146973,2.240000009536743,2.2119998931884766,2.191999912261963,2.1480000019073486,2.1080000400543213,2.0799999237060547,2.0480000972747803,2.01200008392334,1.9839999675750732,1.9639999866485596,1.9639999866485596,1.9359999895095825,1.9119999408721924,1.899999976158142,1.8899999856948853,1.8819999694824219,1.8639999628067017,1.8480000495910645,1.8320000171661377,1.8320000171661377,1.809999942779541,1.784000039100647,1.7599999904632568,1.7359999418258667,1.7139999866485596,1.6979999542236328,1.6799999475479126,1.659999966621399,1.6260000467300415,1.5080000162124634,1.4980000257492065,1.4980000257492065,1.4980000257492065,1.4859999418258667,1.4759999513626099,inf,inf,inf,inf,1.3960000276565552,1.3960000276565552,1.3960000276565552,1.3960000276565552,1.3960000276565552,1.3839999437332153,...,0.0,0.0,0.0,0.0,0.0,0.0,0.0,47.0,47.0,47.0,47.0,47.0,47.0,47.0,47.0,47.0,47.0,47.0,47.0,47.0,47.0,0.0,0.0,0.0,0.0,0.0,0.0,0.0,0.0,0.0,0.0,0.0,0.0,0.0,0.0,0.0,0.0,0.0,0.0,0.0,0.0,0.0,0.0,0.0,0.0,0.0,0.0,0.0,0.0,0.0,0.0,0.0,0.0,0.0,0.0,0.0,0.0,0.0,0.0,0.0,0.0,0.0,0.0,0.0,0.0,0.0,0.0,0.0,0.0,47.0,47.0,47.0,47.0,47.0,0.0,0.0,0.0,0.0,0.0,0.0,0.0,0.0,0.0,0.0,0.0,0.0,0.0,0.0,0.0,0.0,0.0,0.0,0.0,0.0,0.0,0.0,0.0,0.0,0.0,0.0,0.0,0.0,0.0,0.0,0.0,0.0,0.0,47.0,47.0,47.0,47.0,47.0,0.0,0.0,0.0,0.0,0.0,0.0,0.0,0.0,0.0,0.0,0.0,0.0,0.0,0.0,47.0,47.0,...
1763031130,491876034,laser,-3.1241390705108643,3.1415927410125732,0.0034828970674425364,5.3572624892694876e-05,0.09637714922428131,0.15000000596046448,16.0,inf,5.664000034332275,5.664000034332275,5.664000034332275,5.664000034332275,5.664000034332275,5.664000034332275,5.671999931335449,5.656000137329102,5.656000137329102,5.6479997634887695,5.656000137329102,5.664000034332275,5.664000034332275,5.664000034332275,5.664000034332275,5.656000137329102,5.656000137329102,5.664000034332275,5.656000137329102,5.6479997634887695,5.656000137329102,5.664000034332275,5.656000137329102,5.656000137329102,5.6479997634887695,5.6479997634887695,5.664000034332275,5.679999828338623,5.671999931335449,5.664000034332275,5.664000034332275,5.664000034332275,5.656000137329102,5.6479997634887695,inf,inf,inf,inf,inf,inf,inf,inf,inf,inf,inf,inf,inf,inf,inf,inf,4.019999980926514,4.019999980926514,4.019999980926514,4.019999980926514,4.019999980926514,3.808000087738037,3.808000087738037,3.75600004196167,3.740000009536743,3.740000009536743,3.740000009536743,3.740000009536743,3.74399995803833,3.747999906539917,3.752000093460083,2.880000114440918,2.880000114440918,2.880000114440918,2.819999933242798,2.819999933242798,2.75600004196167,2.691999912261963,2.640000104904175,2.5959999561309814,2.5959999561309814,2.5399999618530273,2.4839999675750732,2.440000057220459,2.384000062942505,2.3359999656677246,2.2960000038146973,2.2720000743865967,2.247999906539917,2.247999906539917,2.1640000343322754,2.1640000343322754,2.119999885559082,2.0799999237060547,2.052000045776367,2.0220000743865967,2.002000093460083,1.972000002861023,1.944000005722046,1.9299999475479126,1.9299999475479126,1.9160000085830688,1.906000018119812,1.8940000534057617,1.8739999532699585,1.8519999980926514,1.8339999914169312,1.812000036239624,1.7899999618530273,1.7660000324249268,1.7660000324249268,1.7400000095367432,1.718000054359436,1.7020000219345093,1.684000015258789,1.6619999408721924,1.6380000114440918,1.5180000066757202,1.5180000066757202,1.503999948501587,1.4880000352859497,1.4759999513626099,1.4759999513626099,1.4639999866485596,inf,inf,inf,inf,inf,1.399999976158142,1.399999976158142,1.399999976158142,1.399999976158142,...,0.0,0.0,0.0,0.0,0.0,0.0,0.0,47.0,47.0,47.0,47.0,47.0,47.0,47.0,47.0,47.0,47.0,47.0,47.0,47.0,47.0,47.0,47.0,0.0,0.0,0.0,0.0,0.0,0.0,0.0,0.0,0.0,0.0,0.0,0.0,0.0,0.0,0.0,0.0,0.0,0.0,0.0,0.0,0.0,0.0,0.0,0.0,0.0,0.0,0.0,0.0,0.0,0.0,0.0,0.0,0.0,0.0,0.0,0.0,0.0,0.0,0.0,0.0,0.0,0.0,0.0,0.0,0.0,0.0,0.0,0.0,0.0,0.0,0.0,0.0,0.0,0.0,0.0,0.0,0.0,0.0,0.0,0.0,0.0,0.0,0.0,0.0,0.0,0.0,0.0,0.0,0.0,0.0,0.0,0.0,0.0,0.0,0.0,0.0,0.0,0.0,0.0,0.0,0.0,0.0,0.0,0.0,0.0,0.0,0.0,0.0,0.0,0.0,0.0,0.0,0.0,0.0,0.0,0.0,0.0,0.0,0.0,0.0,0.0,0.0,0.0,0.0,0.0,...
1763031130,590051970,laser,-3.1241390705108643,3.1415927410125732,0.0034828970674425364,5.3638086683349684e-05,0.09649491310119629,0.15000000596046448,16.0,5.664000034332275,5.664000034332275,5.664000034332275,5.664000034332275,5.664000034332275,5.664000034332275,5.664000034332275,5.664000034332275,5.656000137329102,5.6479997634887695,5.6479997634887695,5.656000137329102,5.664000034332275,5.664000034332275,5.664000034332275,5.664000034332275,5.656000137329102,5.664000034332275,5.664000034332275,5.656000137329102,5.6479997634887695,5.656000137329102,5.656000137329102,5.656000137329102,5.6479997634887695,5.6479997634887695,5.6479997634887695,5.664000034332275,5.679999828338623,5.671999931335449,5.664000034332275,5.664000034332275,5.656000137329102,5.6479997634887695,5.6479997634887695,inf,inf,inf,inf,inf,inf,inf,inf,inf,inf,inf,inf,inf,inf,inf,inf,inf,3.7639999389648438,3.7639999389648438,3.7639999389648438,3.7639999389648438,3.7639999389648438,3.747999906539917,3.747999906539917,3.747999906539917,3.7360000610351562,3.740000009536743,3.740000009536743,3.747999906539917,3.75600004196167,3.752000093460083,2.884000062942505,2.884000062942505,2.884000062942505,2.884000062942505,2.8320000171661377,2.7720000743865967,2.7160000801086426,2.6559998989105225,2.5959999561309814,2.5959999561309814,2.5480000972747803,2.492000102996826,2.440000057220459,2.388000011444092,2.3440001010894775,2.2960000038146973,2.2760000228881836,2.196000099182129,2.196000099182129,2.1600000858306885,2.131999969482422,2.131999969482422,2.1080000400543213,2.063999891281128,2.0239999294281006,2.002000093460083,1.9800000190734863,1.9500000476837158,1.9199999570846558,1.8960000276565552,1.8960000276565552,1.8839999437332153,1.8839999437332153,1.8660000562667847,1.8519999980926514,1.8339999914169312,1.8140000104904175,1.7940000295639038,1.7699999809265137,1.74399995803833,1.7259999513626099,1.7079999446868896,1.7079999446868896,1.684000015258789,1.6640000343322754,1.6440000534057617,1.5260000228881836,1.50600004196167,1.50600004196167,1.4919999837875366,1.468000054359436,inf,inf,inf,inf,1.399999976158142,1.399999976158142,1.399999976158142,1.399999976158142,1.399999976158142,1.3860000371932983,1.3860000371932983,...,0.0,0.0,0.0,0.0,0.0,0.0,0.0,0.0,47.0,47.0,47.0,47.0,47.0,47.0,47.0,47.0,47.0,47.0,47.0,47.0,47.0,0.0,0.0,0.0,0.0,0.0,0.0,0.0,0.0,0.0,0.0,0.0,0.0,0.0,0.0,0.0,0.0,0.0,0.0,0.0,0.0,0.0,0.0,0.0,0.0,0.0,0.0,0.0,0.0,0.0,0.0,0.0,0.0,0.0,0.0,0.0,0.0,0.0,0.0,0.0,0.0,0.0,0.0,0.0,0.0,0.0,0.0,0.0,0.0,0.0,0.0,0.0,0.0,0.0,0.0,0.0,0.0,0.0,0.0,0.0,0.0,0.0,0.0,0.0,0.0,0.0,0.0,0.0,0.0,0.0,0.0,0.0,0.0,0.0,0.0,0.0,0.0,0.0,0.0,0.0,0.0,0.0,0.0,0.0,0.0,0.0,0.0,0.0,0.0,0.0,0.0,0.0,0.0,0.0,0.0,0.0,0.0,0.0,0.0,0.0,0.0,0.0,0.0,0.0,0.0,0.0,0.0,0.0,...
1763031130,688164735,laser,-3.1241390705108643,3.1415927410125732,0.0034828970674425364,5.71381242480129e-05,0.10279148817062378,0.15000000596046448,16.0,inf,5.671999931335449,5.671999931335449,5.671999931335449,5.671999931335449,5.671999931335449,5.656000137329102,5.656000137329102,5.656000137329102,5.6479997634887695,5.6479997634887695,5.664000034332275,5.664000034332275,5.664000034332275,5.656000137329102,5.656000137329102,5.656000137329102,5.656000137329102,5.6479997634887695,5.6479997634887695,5.6479997634887695,5.656000137329102,5.656000137329102,5.656000137329102,5.6479997634887695,5.656000137329102,5.656000137329102,5.664000034332275,5.664000034332275,5.671999931335449,5.664000034332275,5.664000034332275,5.656000137329102,5.656000137329102,inf,inf,inf,inf,inf,inf,inf,inf,inf,inf,inf,inf,inf,inf,inf,inf,inf,3.812000036239624,3.812000036239624,3.812000036239624,3.812000036239624,3.812000036239624,3.759999990463257,3.759999990463257,3.759999990463257,3.747999906539917,3.747999906539917,3.7360000610351562,3.7360000610351562,3.74399995803833,3.747999906539917,3.752000093460083,2.884000062942505,2.884000062942505,2.884000062942505,2.8320000171661377,2.8320000171661377,2.8320000171661377,2.7720000743865967,2.7119998931884766,2.6519999504089355,2.5999999046325684,2.5439999103546143,2.48799991607666,2.440000057220459,2.388000011444092,2.3440001010894775,2.2960000038146973,2.2760000228881836,2.2760000228881836,2.247999906539917,2.200000047683716,2.1600000858306885,2.119999885559082,2.0959999561309814,2.063999891281128,2.0239999294281006,1.9919999837875366,1.9700000286102295,1.9459999799728394,1.9459999799728394,1.9079999923706055,1.8819999694824219,1.871999979019165,1.8600000143051147,1.8459999561309814,1.843999981880188,1.8320000171661377,1.8140000104904175,1.7920000553131104,1.7920000553131104,1.7680000066757202,1.746000051498413,1.7200000286102295,1.7020000219345093,1.684000015258789,1.6619999408721924,1.6399999856948853,1.5219999551773071,1.5219999551773071,1.50600004196167,1.4919999837875366,1.4819999933242798,1.4819999933242798,1.4639999866485596,inf,1.4259999990463257,1.4259999990463257,1.4259999990463257,1.4259999990463257,1.4259999990463257,1.399999976158142,1.399999976158142,1.399999976158142,...,0.0,0.0,0.0,0.0,0.0,0.0,47.0,47.0,47.0,47.0,47.0,47.0,47.0,47.0,47.0,47.0,47.0,47.0,47.0,47.0,47.0,47.0,47.0,0.0,0.0,0.0,0.0,0.0,0.0,0.0,0.0,0.0,0.0,0.0,0.0,0.0,0.0,0.0,0.0,0.0,0.0,0.0,0.0,0.0,0.0,0.0,0.0,0.0,0.0,0.0,0.0,0.0,0.0,0.0,0.0,0.0,0.0,0.0,0.0,0.0,0.0,0.0,0.0,0.0,0.0,0.0,0.0,0.0,0.0,0.0,0.0,47.0,47.0,47.0,47.0,47.0,0.0,0.0,0.0,0.0,0.0,0.0,0.0,0.0,0.0,0.0,0.0,0.0,0.0,47.0,47.0,47.0,47.0,47.0,0.0,0.0,0.0,0.0,0.0,0.0,0.0,0.0,0.0,0.0,0.0,0.0,0.0,0.0,0.0,0.0,0.0,0.0,0.0,0.0,0.0,0.0,0.0,0.0,0.0,0.0,0.0,0.0,0.0,0.0,47.0,47.0,47.0,47.0,...
1763031130,792879394,laser,-3.1241390705108643,3.1415927410125732,0.0034828970674425364,5.352395965019241e-05,0.09628960490226746,0.15000000596046448,16.0,5.671999931335449,5.671999931335449,5.671999931335449,5.671999931335449,5.671999931335449,5.664000034332275,5.664000034332275,5.656000137329102,5.656000137329102,5.6479997634887695,5.6479997634887695,5.6479997634887695,5.664000034332275,5.664000034332275,5.656000137329102,5.656000137329102,5.656000137329102,5.656000137329102,5.6479997634887695,5.6479997634887695,5.6479997634887695,5.656000137329102,5.656000137329102,5.656000137329102,5.6479997634887695,5.6479997634887695,5.6479997634887695,5.664000034332275,5.671999931335449,5.664000034332275,5.664000034332275,5.656000137329102,5.656000137329102,5.664000034332275,5.664000034332275,inf,inf,inf,inf,inf,inf,inf,inf,inf,inf,inf,inf,inf,inf,inf,inf,inf,inf,inf,3.7639999389648438,3.7639999389648438,3.7639999389648438,3.7639999389648438,3.7639999389648438,3.740000009536743,3.7320001125335693,3.7360000610351562,3.747999906539917,3.747999906539917,3.74399995803833,3.74399995803833,2.9000000953674316,2.9000000953674316,2.9000000953674316,2.8480000495910645,2.8480000495910645,2.7760000228881836,2.7160000801086426,2.6559998989105225,2.611999988555908,2.559999942779541,2.496000051498413,2.4560000896453857,2.4000000953674316,2.3559999465942383,2.3559999465942383,2.2880001068115234,2.184000015258789,2.184000015258789,2.184000015258789,2.171999931335449,2.124000072479248,2.0959999561309814,2.063999891281128,2.063999891281128,2.0339999198913574,2.0199999809265137,1.9900000095367432,1.9639999866485596,1.9500000476837158,1.9359999895095825,1.9240000247955322,1.9119999408721924,1.9119999408721924,1.8919999599456787,1.8700000047683716,1.8459999561309814,1.8240000009536743,1.7999999523162842,1.7719999551773071,1.7519999742507935,1.7319999933242798,1.7079999446868896,1.6859999895095825,1.6859999895095825,1.6640000343322754,1.6460000276565552,1.5219999551773071,1.5219999551773071,1.50600004196167,1.496000051498413,1.4859999418258667,inf,inf,inf,inf,inf,inf,1.4040000438690186,1.4040000438690186,1.4040000438690186,1.4040000438690186,1.4040000438690186,...,0.0,0.0,0.0,0.0,0.0,0.0,0.0,0.0,47.0,47.0,47.0,47.0,47.0,47.0,47.0,47.0,47.0,47.0,47.0,47.0,47.0,0.0,0.0,0.0,0.0,0.0,0.0,0.0,0.0,0.0,0.0,0.0,0.0,0.0,0.0,0.0,0.0,0.0,0.0,0.0,0.0,0.0,0.0,0.0,0.0,0.0,0.0,0.0,0.0,0.0,0.0,0.0,0.0,0.0,0.0,0.0,0.0,0.0,0.0,0.0,0.0,0.0,0.0,0.0,0.0,0.0,0.0,0.0,0.0,0.0,0.0,0.0,0.0,0.0,0.0,0.0,0.0,0.0,0.0,0.0,0.0,0.0,0.0,0.0,0.0,0.0,0.0,0.0,0.0,0.0,47.0,47.0,47.0,47.0,47.0,0.0,0.0,0.0,0.0,0.0,0.0,0.0,0.0,0.0,0.0,0.0,0.0,0.0,0.0,0.0,0.0,0.0,0.0,0.0,0.0,0.0,0.0,0.0,0.0,0.0,0.0,0.0,0.0,0.0,0.0,0.0,47.0,47.0,...
1763031130,890874816,laser,-3.1241390705108643,3.1415927410125732,0.0034828970674425364,5.3666470194002613e-05,0.0965459793806076,0.15000000596046448,16.0,5.671999931335449,5.671999931335449,5.671999931335449,5.671999931335449,5.664000034332275,5.664000034332275,5.664000034332275,5.664000034332275,5.664000034332275,5.6479997634887695,5.6479997634887695,5.664000034332275,5.664000034332275,5.656000137329102,5.656000137329102,5.664000034332275,5.664000034332275,5.656000137329102,5.656000137329102,5.656000137329102,5.656000137329102,5.656000137329102,5.656000137329102,5.664000034332275,5.656000137329102,5.6479997634887695,5.656000137329102,5.664000034332275,5.671999931335449,5.671999931335449,5.664000034332275,5.664000034332275,5.664000034332275,5.664000034332275,5.631999969482422,inf,inf,inf,inf,inf,inf,inf,inf,inf,inf,inf,inf,inf,inf,inf,3.8440001010894775,3.8440001010894775,3.8440001010894775,3.8440001010894775,3.8440001010894775,3.7639999389648438,3.7639999389648438,3.7639999389648438,3.7639999389648438,3.740000009536743,3.7320001125335693,3.7360000610351562,3.747999906539917,3.747999906539917,3.747999906539917,3.747999906539917,3.747999906539917,2.9000000953674316,2.9000000953674316,2.8480000495910645,2.8480000495910645,2.7799999713897705,2.7200000286102295,2.6559998989105225,2.611999988555908,2.559999942779541,2.507999897003174,2.507999897003174,2.4639999866485596,2.4119999408721924,2.364000082015991,2.312000036239624,2.2920000553131104,2.187999963760376,2.187999963760376,2.180000066757202,2.124000072479248,2.0959999561309814,2.072000026702881,2.072000026702881,2.0139999389648438,2.0139999389648438,1.9859999418258667,1.9520000219345093,1.9220000505447388,1.906000018119812,1.8980000019073486,1.8880000114440918,1.8760000467300415,1.8639999628067017,1.8639999628067017,1.8420000076293945,1.8200000524520874,1.7999999523162842,1.7719999551773071,1.75,1.7300000190734863,1.7079999446868896,1.6859999895095825,1.6640000343322754,1.6640000343322754,1.6460000276565552,1.531999945640564,1.531999945640564,1.5080000162124634,1.496000051498413,1.4859999418258667,inf,inf,inf,inf,inf,inf,1.3980000019073486,1.3980000019073486,1.3980000019073486,1.3980000019073486,1.3980000019073486,...,0.0,0.0,0.0,0.0,0.0,0.0,0.0,0.0,0.0,0.0,47.0,47.0,47.0,47.0,47.0,47.0,47.0,47.0,47.0,47.0,47.0,0.0,0.0,0.0,0.0,0.0,0.0,0.0,0.0,0.0,0.0,0.0,0.0,0.0,0.0,0.0,0.0,0.0,0.0,0.0,0.0,0.0,0.0,0.0,0.0,0.0,0.0,0.0,0.0,0.0,0.0,0.0,0.0,0.0,0.0,0.0,0.0,0.0,0.0,0.0,0.0,0.0,0.0,0.0,0.0,0.0,0.0,0.0,0.0,0.0,0.0,0.0,0.0,0.0,0.0,0.0,0.0,0.0,0.0,0.0,0.0,0.0,0.0,0.0,0.0,0.0,0.0,0.0,0.0,0.0,47.0,47.0,47.0,47.0,47.0,0.0,0.0,0.0,0.0,0.0,0.0,0.0,0.0,0.0,0.0,0.0,0.0,0.0,0.0,0.0,0.0,0.0,0.0,0.0,0.0,0.0,0.0,0.0,0.0,0.0,0.0,0.0,0.0,0.0,0.0,0.0,47.0,47.0,...
1763031130,988971344,laser,-3.1241390705108643,3.1415927410125732,0.0034828970674425364,5.3799813031218946e-05,0.09678586572408676,0.15000000596046448,16.0,5.679999828338623,5.679999828338623,5.679999828338623,5.679999828338623,5.664000034332275,5.664000034332275,5.664000034332275,5.664000034332275,5.664000034332275,5.6479997634887695,5.6479997634887695,5.664000034332275,5.664000034332275,5.656000137329102,5.656000137329102,5.656000137329102,5.664000034332275,5.656000137329102,5.656000137329102,5.656000137329102,5.656000137329102,5.656000137329102,5.664000034332275,5.664000034332275,5.656000137329102,5.656000137329102,5.656000137329102,5.664000034332275,5.671999931335449,5.671999931335449,5.664000034332275,5.664000034332275,5.656000137329102,5.664000034332275,5.631999969482422,inf,inf,inf,inf,inf,inf,inf,inf,inf,inf,inf,inf,inf,inf,inf,inf,inf,inf,3.759999990463257,3.759999990463257,3.759999990463257,3.759999990463257,3.759999990463257,3.740000009536743,3.740000009536743,3.7360000610351562,3.7360000610351562,3.7360000610351562,3.747999906539917,3.752000093460083,3.752000093460083,2.8919999599456787,2.8919999599456787,2.8440001010894775,2.8440001010894775,2.8440001010894775,2.7760000228881836,2.7160000801086426,2.6559998989105225,2.611999988555908,2.611999988555908,2.559999942779541,2.496000051498413,2.447999954223633,2.3919999599456787,2.3440001010894775,2.303999900817871,2.2880001068115234,2.184000015258789,2.171999931335449,2.171999931335449,2.171999931335449,2.124000072479248,2.0959999561309814,2.062000036239624,2.0260000228881836,1.9980000257492065,1.9739999771118164,1.9479999542236328,1.9140000343322754,1.8860000371932983,1.8739999532699585,1.8639999628067017,1.8639999628067017,1.850000023841858,1.843999981880188,1.8300000429153442,1.812000036239624,1.7960000038146973,1.7719999551773071,1.75,1.7300000190734863,1.7079999446868896,1.7079999446868896,1.6859999895095825,1.6640000343322754,1.6440000534057617,1.5299999713897705,1.5299999713897705,1.5080000162124634,1.49399995803833,1.4819999933242798,1.468000054359436,inf,inf,inf,inf,1.3980000019073486,1.3980000019073486,1.3980000019073486,1.3980000019073486,1.3980000019073486,1.3860000371932983,...,0.0,0.0,0.0,0.0,0.0,0.0,0.0,0.0,47.0,47.0,47.0,47.0,47.0,47.0,47.0,47.0,47.0,47.0,47.0,47.0,47.0,0.0,0.0,0.0,0.0,0.0,0.0,0.0,0.0,0.0,0.0,0.0,0.0,0.0,0.0,0.0,0.0,0.0,0.0,0.0,0.0,0.0,0.0,0.0,0.0,0.0,0.0,0.0,0.0,0.0,0.0,0.0,0.0,0.0,0.0,0.0,0.0,0.0,0.0,0.0,0.0,0.0,0.0,0.0,0.0,0.0,0.0,0.0,0.0,0.0,0.0,0.0,0.0,0.0,0.0,0.0,0.0,0.0,0.0,0.0,0.0,0.0,0.0,0.0,0.0,0.0,0.0,0.0,0.0,0.0,47.0,47.0,47.0,47.0,47.0,0.0,0.0,0.0,0.0,0.0,0.0,0.0,0.0,0.0,0.0,0.0,0.0,0.0,0.0,0.0,0.0,0.0,0.0,0.0,0.0,0.0,0.0,0.0,0.0,0.0,0.0,0.0,0.0,0.0,0.0,0.0,47.0,47.0,...
1763031131,87461761,laser,-3.1241390705108643,3.1415927410125732,0.0034828970674425364,5.7072684285230935e-05,0.10267376154661179,0.15000000596046448,16.0,5.679999828338623,5.679999828338623,5.679999828338623,5.664000034332275,5.664000034332275,5.664000034332275,5.664000034332275,5.664000034332275,5.656000137329102,5.6479997634887695,5.656000137329102,5.664000034332275,5.664000034332275,5.664000034332275,5.656000137329102,5.656000137329102,5.656000137329102,5.656000137329102,5.6479997634887695,5.6479997634887695,5.656000137329102,5.656000137329102,5.664000034332275,5.656000137329102,5.656000137329102,5.656000137329102,5.664000034332275,5.664000034332275,5.671999931335449,5.664000034332275,5.664000034332275,5.664000034332275,5.656000137329102,5.656000137329102,inf,inf,inf,inf,inf,inf,inf,inf,inf,inf,inf,inf,inf,inf,inf,inf,inf,inf,3.888000011444092,3.888000011444092,3.888000011444092,3.888000011444092,3.888000011444092,3.7920000553131104,3.7920000553131104,3.740000009536743,3.7360000610351562,3.7360000610351562,3.740000009536743,3.747999906539917,3.747999906539917,3.747999906539917,3.752000093460083,2.880000114440918,2.880000114440918,2.880000114440918,2.880000114440918,2.7239999771118164,2.7239999771118164,2.684000015258789,2.6519999504089355,2.5880000591278076,2.5320000648498535,2.4760000705718994,2.4240000247955322,2.380000114440918,2.3359999656677246,2.3359999656677246,2.299999952316284,2.240000009536743,2.2079999446868896,2.187999963760376,2.1440000534057617,2.1080000400543213,2.0799999237060547,2.052000045776367,2.052000045776367,1.9819999933242798,1.9819999933242798,1.9600000381469727,1.9279999732971191,1.9040000438690186,1.8839999437332153,1.8739999532699585,1.8680000305175781,1.8519999980926514,1.843999981880188,1.8279999494552612,1.8279999494552612,1.8079999685287476,1.784000039100647,1.7599999904632568,1.7400000095367432,1.7200000286102295,1.7020000219345093,1.684000015258789,1.6619999408721924,1.6619999408721924,1.5140000581741333,1.5,1.5,1.5,1.4859999418258667,1.4759999513626099,inf,inf,inf,inf,1.4019999504089355,1.4019999504089355,1.4019999504089355,1.4019999504089355,1.4019999504089355,1.3940000534057617,...,0.0,0.0,0.0,0.0,0.0,0.0,0.0,47.0,47.0,47.0,47.0,47.0,47.0,47.0,47.0,47.0,47.0,47.0,47.0,47.0,47.0,47.0,0.0,0.0,0.0,0.0,0.0,0.0,0.0,0.0,0.0,0.0,0.0,0.0,0.0,0.0,0.0,0.0,0.0,0.0,0.0,0.0,0.0,0.0,0.0,0.0,0.0,0.0,0.0,0.0,0.0,0.0,0.0,0.0,0.0,0.0,0.0,0.0,0.0,0.0,0.0,0.0,0.0,0.0,0.0,0.0,0.0,0.0,0.0,0.0,0.0,0.0,0.0,0.0,0.0,0.0,0.0,0.0,0.0,0.0,0.0,0.0,0.0,0.0,0.0,0.0,0.0,0.0,0.0,0.0,0.0,0.0,0.0,0.0,0.0,0.0,0.0,0.0,0.0,0.0,0.0,0.0,0.0,0.0,0.0,0.0,0.0,0.0,0.0,0.0,0.0,0.0,0.0,0.0,0.0,0.0,0.0,0.0,0.0,0.0,0.0,0.0,0.0,0.0,0.0,0.0,0.0,0.0,...
1763031131,191848206,laser,-3.1241390705108643,3.1415927410125732,0.0034828970674425364,5.3650481277145445e-05,0.09651722013950348,0.15000000596046448,16.0,inf,5.656000137329102,5.656000137329102,5.656000137329102,5.656000137329102,5.656000137329102,5.664000034332275,5.664000034332275,5.664000034332275,5.6479997634887695,5.6479997634887695,5.656000137329102,5.664000034332275,5.664000034332275,5.664000034332275,5.664000034332275,5.664000034332275,5.656000137329102,5.664000034332275,5.656000137329102,5.6479997634887695,5.656000137329102,5.664000034332275,5.656000137329102,5.656000137329102,5.6479997634887695,5.6479997634887695,5.664000034332275,5.671999931335449,5.671999931335449,5.664000034332275,5.664000034332275,5.664000034332275,5.656000137329102,5.6479997634887695,inf,inf,inf,inf,inf,inf,inf,inf,inf,inf,inf,inf,inf,inf,inf,inf,inf,3.7639999389648438,3.7639999389648438,3.7639999389648438,3.7639999389648438,3.7639999389648438,3.740000009536743,3.740000009536743,3.740000009536743,3.7320001125335693,3.7360000610351562,3.747999906539917,3.747999906539917,3.752000093460083,3.752000093460083,2.9000000953674316,2.9000000953674316,2.9000000953674316,2.9000000953674316,2.8480000495910645,2.7839999198913574,2.7239999771118164,2.6600000858306885,2.611999988555908,2.563999891281128,2.503999948501587,2.503999948501587,2.3919999599456787,2.3919999599456787,2.3559999465942383,2.312000036239624,2.2880001068115234,2.187999963760376,2.187999963760376,2.1679999828338623,2.131999969482422,2.1040000915527344,2.072000026702881,2.072000026702881,2.0360000133514404,2.0139999389648438,1.9919999837875366,1.965999960899353,1.9500000476837158,1.9359999895095825,1.9240000247955322,1.9079999923706055,1.9079999923706055,1.8680000305175781,1.8680000305175781,1.843999981880188,1.8200000524520874,1.7960000038146973,1.7719999551773071,1.75,1.7280000448226929,1.7079999446868896,1.6859999895095825,1.6859999895095825,1.6640000343322754,1.6440000534057617,1.50600004196167,1.50600004196167,1.50600004196167,1.4980000257492065,1.4880000352859497,1.468000054359436,inf,inf,inf,1.399999976158142,1.399999976158142,1.399999976158142,1.399999976158142,1.399999976158142,1.3860000371932983,1.3860000371932983,...,0.0,0.0,0.0,0.0,47.0,47.0,47.0,47.0,47.0,47.0,47.0,47.0,47.0,47.0,47.0,47.0,47.0,47.0,47.0,47.0,47.0,47.0,47.0,0.0,0.0,0.0,0.0,0.0,0.0,0.0,0.0,0.0,0.0,0.0,0.0,0.0,0.0,0.0,0.0,0.0,0.0,0.0,0.0,0.0,0.0,0.0,0.0,0.0,0.0,0.0,0.0,0.0,0.0,0.0,0.0,0.0,0.0,0.0,0.0,0.0,0.0,0.0,0.0,0.0,0.0,0.0,0.0,0.0,0.0,0.0,0.0,0.0,0.0,0.0,0.0,0.0,0.0,0.0,0.0,0.0,0.0,0.0,0.0,0.0,0.0,0.0,0.0,0.0,0.0,0.0,0.0,0.0,0.0,0.0,0.0,0.0,0.0,0.0,0.0,0.0,0.0,0.0,0.0,0.0,0.0,0.0,0.0,0.0,0.0,0.0,0.0,0.0,0.0,0.0,0.0,0.0,0.0,0.0,0.0,0.0,0.0,0.0,0.0,0.0,47.0,47.0,47.0,47.0,...
1763031131,290463754,laser,-3.1241390705108643,3.1415927410125732,0.0034828970674425364,5.349907951313071e-05,0.09624484181404114,0.15000000596046448,16.0,inf,5.679999828338623,5.679999828338623,5.679999828338623,5.679999828338623,5.679999828338623,5.664000034332275,5.656000137329102,5.656000137329102,5.6479997634887695,5.656000137329102,5.664000034332275,5.664000034332275,5.664000034332275,5.656000137329102,5.656000137329102,5.656000137329102,5.656000137329102,5.6479997634887695,5.6479997634887695,5.6479997634887695,5.656000137329102,5.664000034332275,5.656000137329102,5.6479997634887695,5.656000137329102,5.656000137329102,5.664000034332275,5.664000034332275,5.664000034332275,5.664000034332275,5.664000034332275,5.656000137329102,5.656000137329102,inf,inf,inf,inf,inf,inf,inf,inf,inf,inf,inf,inf,inf,inf,inf,inf,inf,inf,inf,3.884000062942505,3.884000062942505,3.884000062942505,3.884000062942505,3.884000062942505,3.7880001068115234,3.740000009536743,3.7360000610351562,3.740000009536743,3.747999906539917,3.747999906539917,3.747999906539917,3.747999906539917,2.936000108718872,2.859999895095825,2.859999895095825,2.859999895095825,2.859999895095825,2.7839999198913574,2.7239999771118164,2.6600000858306885,2.611999988555908,2.563999891281128,2.507999897003174,2.4679999351501465,2.4679999351501465,2.368000030517578,2.368000030517578,2.3320000171661377,2.299999952316284,2.196000099182129,2.187999963760376,2.187999963760376,2.1440000534057617,2.1040000915527344,2.0799999237060547,2.052000045776367,2.052000045776367,2.0239999294281006,1.9919999837875366,1.9700000286102295,1.9579999446868896,1.9479999542236328,1.937999963760376,1.9199999570846558,1.899999976158142,1.899999976158142,1.8519999980926514,1.8519999980926514,1.8300000429153442,1.8020000457763672,1.7760000228881836,1.75600004196167,1.7300000190734863,1.7079999446868896,1.6920000314712524,1.6740000247955322,1.6740000247955322,1.6519999504089355,1.5360000133514404,1.5080000162124634,1.5080000162124634,1.4980000257492065,1.4859999418258667,1.4759999513626099,inf,inf,inf,inf,1.4019999504089355,1.4019999504089355,1.4019999504089355,1.4019999504089355,1.4019999504089355,1.3940000534057617,...,0.0,0.0,0.0,0.0,47.0,47.0,47.0,47.0,47.0,47.0,47.0,47.0,47.0,47.0,47.0,47.0,47.0,47.0,47.0,47.0,47.0,47.0,47.0,0.0,0.0,0.0,0.0,0.0,0.0,0.0,0.0,0.0,0.0,0.0,0.0,0.0,0.0,0.0,0.0,0.0,0.0,0.0,0.0,0.0,0.0,0.0,0.0,0.0,0.0,0.0,0.0,0.0,0.0,0.0,0.0,0.0,0.0,0.0,0.0,0.0,0.0,0.0,0.0,0.0,0.0,0.0,0.0,0.0,0.0,0.0,0.0,47.0,47.0,47.0,47.0,47.0,0.0,0.0,0.0,0.0,0.0,0.0,0.0,0.0,0.0,0.0,0.0,0.0,0.0,47.0,47.0,47.0,47.0,47.0,0.0,0.0,0.0,0.0,0.0,0.0,0.0,0.0,0.0,0.0,0.0,0.0,0.0,0.0,0.0,0.0,0.0,0.0,0.0,0.0,0.0,0.0,0.0,0.0,0.0,0.0,0.0,0.0,0.0,0.0,0.0,0.0,0.0,0.0,...
1763031131,388416460,laser,-3.1241390705108643,3.1415927410125732,0.0034828970674425364,5.7005996495718136e-05,0.10255378484725952,0.15000000596046448,16.0,inf,inf,5.656000137329102,5.656000137329102,5.656000137329102,5.656000137329102,5.656000137329102,5.664000034332275,5.664000034332275,5.656000137329102,5.6479997634887695,5.664000034332275,5.664000034332275,5.656000137329102,5.656000137329102,5.664000034332275,5.664000034332275,5.656000137329102,5.656000137329102,5.656000137329102,5.6479997634887695,5.664000034332275,5.664000034332275,5.664000034332275,5.656000137329102,5.656000137329102,5.656000137329102,5.664000034332275,5.671999931335449,5.671999931335449,5.664000034332275,5.664000034332275,5.664000034332275,5.664000034332275,5.656000137329102,inf,inf,inf,inf,inf,inf,inf,inf,inf,inf,inf,inf,inf,inf,inf,inf,inf,3.8320000171661377,3.8320000171661377,3.8320000171661377,3.8320000171661377,3.8320000171661377,3.7639999389648438,3.7639999389648438,3.740000009536743,3.7320001125335693,3.7320001125335693,3.7360000610351562,3.747999906539917,3.752000093460083,3.752000093460083,2.8959999084472656,2.8959999084472656,2.8959999084472656,2.8959999084472656,2.8480000495910645,2.7839999198913574,2.7160000801086426,2.6559998989105225,2.611999988555908,2.611999988555908,2.563999891281128,2.503999948501587,2.447999954223633,2.3919999599456787,2.3440001010894775,2.303999900817871,2.2799999713897705,2.187999963760376,2.187999963760376,2.1679999828338623,2.1679999828338623,2.128000020980835,2.0999999046325684,2.072000026702881,2.0320000648498535,1.9980000257492065,1.9739999771118164,1.944000005722046,1.909999966621399,1.909999966621399,1.8799999952316284,1.8799999952316284,1.8680000305175781,1.8559999465942383,1.850000023841858,1.8320000171661377,1.8140000104904175,1.7960000038146973,1.7719999551773071,1.7719999551773071,1.7300000190734863,1.7300000190734863,1.7079999446868896,1.6859999895095825,1.6640000343322754,1.6440000534057617,1.5240000486373901,1.503999948501587,1.503999948501587,1.49399995803833,1.4819999933242798,1.468000054359436,inf,inf,inf,1.399999976158142,1.399999976158142,1.399999976158142,1.399999976158142,1.399999976158142,1.3860000371932983,1.3860000371932983,...,0.0,0.0,0.0,0.0,0.0,47.0,47.0,47.0,47.0,47.0,47.0,47.0,47.0,47.0,47.0,47.0,47.0,47.0,47.0,47.0,47.0,47.0,0.0,0.0,0.0,0.0,0.0,0.0,0.0,0.0,0.0,0.0,0.0,0.0,0.0,0.0,0.0,0.0,0.0,0.0,0.0,0.0,0.0,0.0,0.0,0.0,0.0,0.0,0.0,0.0,0.0,0.0,0.0,0.0,0.0,0.0,0.0,0.0,0.0,0.0,0.0,0.0,0.0,0.0,0.0,0.0,0.0,0.0,0.0,0.0,0.0,0.0,0.0,0.0,0.0,0.0,0.0,0.0,0.0,0.0,0.0,0.0,0.0,0.0,0.0,0.0,0.0,0.0,0.0,0.0,0.0,0.0,0.0,0.0,0.0,0.0,0.0,0.0,0.0,0.0,0.0,0.0,0.0,0.0,0.0,0.0,0.0,0.0,0.0,0.0,0.0,0.0,0.0,0.0,0.0,0.0,0.0,0.0,0.0,0.0,0.0,0.0,0.0,0.0,0.0,0.0,0.0,0.0,...
1763031131,492615049,laser,-3.1241390705108643,3.1415927410125732,0.0034828970674425364,5.375711407396011e-05,0.09670904278755188,0.15000000596046448,16.0,inf,5.679999828338623,5.679999828338623,5.679999828338623,5.679999828338623,5.679999828338623,5.664000034332275,5.656000137329102,5.656000137329102,5.656000137329102,5.6479997634887695,5.664000034332275,5.664000034332275,5.664000034332275,5.656000137329102,5.656000137329102,5.656000137329102,5.656000137329102,5.656000137329102,5.656000137329102,5.656000137329102,5.656000137329102,5.664000034332275,5.664000034332275,5.6479997634887695,5.656000137329102,5.656000137329102,5.656000137329102,5.664000034332275,5.671999931335449,5.664000034332275,5.664000034332275,5.656000137329102,5.664000034332275,5.664000034332275,inf,inf,inf,inf,inf,inf,inf,inf,inf,inf,inf,inf,inf,inf,inf,inf,inf,inf,3.808000087738037,3.808000087738037,3.808000087738037,3.808000087738037,3.808000087738037,3.75600004196167,3.740000009536743,3.7360000610351562,3.7360000610351562,3.7360000610351562,3.74399995803833,3.747999906539917,3.752000093460083,2.875999927520752,2.875999927520752,2.815999984741211,2.815999984741211,2.815999984741211,2.75600004196167,2.700000047683716,2.6519999504089355,2.6040000915527344,2.6040000915527344,2.5480000972747803,2.5,2.436000108718872,2.371999979019165,2.3359999656677246,2.299999952316284,2.2679998874664307,2.2360000610351562,2.2360000610351562,2.1679999828338623,2.1679999828338623,2.119999885559082,2.0920000076293945,2.058000087738037,2.0199999809265137,1.99399995803833,1.965999960899353,1.940000057220459,1.909999966621399,1.909999966621399,1.8619999885559082,1.8619999885559082,1.8519999980926514,1.8380000591278076,1.8380000591278076,1.8259999752044678,1.8079999685287476,1.7860000133514404,1.7640000581741333,1.7640000581741333,1.74399995803833,1.7200000286102295,1.7059999704360962,1.6859999895095825,1.6619999408721924,1.6399999856948853,1.5199999809265137,1.5199999809265137,1.5019999742507935,1.4900000095367432,1.4839999675750732,1.4839999675750732,1.468000054359436,1.468000054359436,1.468000054359436,inf,inf,1.399999976158142,1.399999976158142,1.399999976158142,1.399999976158142,1.399999976158142,...,0.0,0.0,0.0,0.0,47.0,47.0,47.0,47.0,47.0,47.0,47.0,47.0,47.0,47.0,47.0,47.0,47.0,47.0,47.0,47.0,47.0,47.0,47.0,0.0,0.0,0.0,0.0,0.0,0.0,0.0,0.0,0.0,0.0,0.0,0.0,0.0,0.0,0.0,0.0,0.0,0.0,0.0,0.0,0.0,0.0,0.0,0.0,0.0,0.0,0.0,0.0,0.0,0.0,0.0,0.0,0.0,0.0,0.0,0.0,0.0,0.0,0.0,0.0,0.0,0.0,0.0,0.0,0.0,0.0,0.0,0.0,0.0,0.0,0.0,0.0,0.0,0.0,0.0,0.0,0.0,0.0,0.0,0.0,0.0,0.0,0.0,0.0,0.0,0.0,47.0,47.0,47.0,47.0,47.0,0.0,0.0,0.0,0.0,0.0,0.0,0.0,0.0,0.0,0.0,0.0,0.0,0.0,0.0,0.0,0.0,0.0,0.0,0.0,0.0,0.0,0.0,0.0,0.0,0.0,0.0,0.0,0.0,0.0,0.0,47.0,47.0,47.0,47.0,...
1763031131,591077159,laser,-3.1241390705108643,3.1415927410125732,0.0034828970674425364,5.3624051361111924e-05,0.09646967053413391,0.15000000596046448,16.0,5.671999931335449,5.671999931335449,5.671999931335449,5.671999931335449,5.664000034332275,5.664000034332275,5.664000034332275,5.664000034332275,5.656000137329102,5.656000137329102,5.656000137329102,5.656000137329102,5.664000034332275,5.656000137329102,5.656000137329102,5.664000034332275,5.656000137329102,5.6479997634887695,5.6479997634887695,5.6479997634887695,5.6479997634887695,5.656000137329102,5.664000034332275,5.656000137329102,5.6479997634887695,5.656000137329102,5.656000137329102,5.664000034332275,5.671999931335449,5.664000034332275,5.664000034332275,5.664000034332275,5.656000137329102,5.656000137329102,5.656000137329102,inf,inf,inf,inf,inf,inf,inf,inf,inf,inf,inf,inf,inf,inf,inf,inf,4.019999980926514,4.019999980926514,4.019999980926514,4.019999980926514,4.019999980926514,3.808000087738037,3.808000087738037,3.75600004196167,3.74399995803833,3.74399995803833,3.7360000610351562,3.7360000610351562,3.74399995803833,3.747999906539917,3.752000093460083,2.880000114440918,2.880000114440918,2.880000114440918,2.815999984741211,2.815999984741211,2.75600004196167,2.75600004196167,2.6519999504089355,2.6519999504089355,2.5999999046325684,2.4800000190734863,2.4800000190734863,2.444000005722046,2.384000062942505,2.3359999656677246,2.299999952316284,2.2639999389648438,2.2639999389648438,2.2360000610351562,2.2039999961853027,2.1640000343322754,2.115999937057495,2.0880000591278076,2.055999994277954,2.0199999809265137,2.002000093460083,1.9800000190734863,1.9520000219345093,1.934000015258789,1.934000015258789,1.9279999732971191,1.9179999828338623,1.9019999504089355,1.8799999952316284,1.8539999723434448,1.8320000171661377,1.812000036239624,1.7860000133514404,1.7860000133514404,1.7640000581741333,1.74399995803833,1.7200000286102295,1.7059999704360962,1.6859999895095825,1.6640000343322754,1.6360000371932983,1.5160000324249268,1.5160000324249268,1.5019999742507935,1.4900000095367432,1.4819999933242798,inf,inf,inf,1.4119999408721924,1.4119999408721924,1.4119999408721924,1.4119999408721924,1.4119999408721924,1.399999976158142,1.399999976158142,1.399999976158142,...,0.0,0.0,0.0,0.0,47.0,47.0,47.0,47.0,47.0,47.0,47.0,47.0,47.0,47.0,47.0,47.0,47.0,47.0,47.0,47.0,47.0,47.0,0.0,0.0,0.0,0.0,0.0,0.0,0.0,0.0,0.0,0.0,0.0,0.0,0.0,0.0,0.0,0.0,0.0,0.0,0.0,0.0,0.0,0.0,0.0,0.0,0.0,0.0,0.0,0.0,0.0,0.0,0.0,0.0,0.0,0.0,0.0,0.0,0.0,0.0,0.0,0.0,0.0,0.0,0.0,0.0,0.0,0.0,0.0,0.0,0.0,0.0,0.0,0.0,0.0,0.0,0.0,0.0,0.0,0.0,0.0,0.0,0.0,0.0,0.0,0.0,0.0,0.0,0.0,0.0,0.0,47.0,47.0,47.0,47.0,47.0,0.0,0.0,0.0,0.0,0.0,0.0,0.0,0.0,0.0,0.0,0.0,0.0,0.0,0.0,0.0,0.0,0.0,0.0,0.0,0.0,0.0,0.0,0.0,0.0,0.0,0.0,0.0,0.0,0.0,0.0,0.0,0.0,...
1763031131,689244689,laser,-3.1241390705108643,3.1415927410125732,0.0034828970674425364,5.704780051019043e-05,0.10262899845838547,0.15000000596046448,16.0,5.671999931335449,5.671999931335449,5.671999931335449,5.671999931335449,5.671999931335449,5.664000034332275,5.664000034332275,5.664000034332275,5.656000137329102,5.656000137329102,5.656000137329102,5.656000137329102,5.664000034332275,5.664000034332275,5.656000137329102,5.656000137329102,5.656000137329102,5.656000137329102,5.656000137329102,5.656000137329102,5.6479997634887695,5.656000137329102,5.656000137329102,5.656000137329102,5.6479997634887695,5.6479997634887695,5.6479997634887695,5.664000034332275,5.671999931335449,5.664000034332275,5.664000034332275,5.664000034332275,5.656000137329102,5.656000137329102,5.656000137329102,inf,inf,inf,inf,inf,inf,inf,inf,inf,inf,inf,inf,inf,inf,inf,inf,inf,3.9760000705718994,3.9760000705718994,3.9760000705718994,3.9760000705718994,3.9760000705718994,3.875999927520752,3.7839999198913574,3.740000009536743,3.7320001125335693,3.740000009536743,3.747999906539917,3.747999906539917,3.747999906539917,3.747999906539917,2.9079999923706055,2.9079999923706055,2.9079999923706055,2.9079999923706055,2.871999979019165,2.799999952316284,2.7239999771118164,2.671999931335449,2.619999885559082,2.563999891281128,2.563999891281128,2.51200008392334,2.4679999351501465,2.4159998893737793,2.368000030517578,2.312000036239624,2.2920000553131104,2.196000099182129,2.196000099182129,2.128000020980835,2.1040000915527344,2.1040000915527344,2.1040000915527344,2.0759999752044678,2.0480000972747803,2.0220000743865967,1.99399995803833,1.965999960899353,1.9479999542236328,1.9359999895095825,1.9279999732971191,1.9279999732971191,1.9079999923706055,1.8899999856948853,1.871999979019165,1.843999981880188,1.8240000009536743,1.8020000457763672,1.7760000228881836,1.753999948501587,1.7319999933242798,1.7079999446868896,1.690000057220459,1.690000057220459,1.6660000085830688,1.6440000534057617,1.5299999713897705,1.50600004196167,1.50600004196167,1.496000051498413,1.4859999418258667,inf,inf,inf,inf,1.3980000019073486,1.3980000019073486,1.3980000019073486,1.3980000019073486,1.3980000019073486,1.3860000371932983,1.3860000371932983,...,0.0,0.0,0.0,0.0,47.0,47.0,47.0,47.0,47.0,47.0,47.0,47.0,47.0,47.0,47.0,47.0,47.0,47.0,47.0,47.0,47.0,0.0,0.0,0.0,0.0,0.0,0.0,0.0,0.0,0.0,0.0,0.0,0.0,0.0,0.0,0.0,0.0,0.0,0.0,0.0,0.0,0.0,0.0,0.0,0.0,0.0,0.0,0.0,0.0,0.0,0.0,0.0,0.0,0.0,0.0,0.0,0.0,0.0,0.0,0.0,0.0,47.0,47.0,47.0,47.0,47.0,0.0,0.0,0.0,47.0,47.0,47.0,47.0,47.0,0.0,0.0,0.0,0.0,0.0,0.0,0.0,0.0,0.0,0.0,0.0,0.0,0.0,0.0,0.0,0.0,47.0,47.0,47.0,47.0,47.0,0.0,0.0,0.0,0.0,0.0,0.0,0.0,0.0,0.0,0.0,0.0,0.0,0.0,0.0,0.0,0.0,0.0,0.0,0.0,0.0,0.0,0.0,0.0,0.0,0.0,0.0,0.0,0.0,0.0,0.0,0.0,0.0,0.0,...
1763031131,793404771,laser,-3.1241390705108643,3.1415927410125732,0.0034828970674425364,5.3806445066584274e-05,0.09679779410362244,0.15000000596046448,16.0,inf,5.664000034332275,5.664000034332275,5.664000034332275,5.664000034332275,5.664000034332275,5.664000034332275,5.664000034332275,5.664000034332275,5.6479997634887695,5.6479997634887695,5.664000034332275,5.664000034332275,5.664000034332275,5.656000137329102,5.656000137329102,5.656000137329102,5.6479997634887695,5.656000137329102,5.6479997634887695,5.6479997634887695,5.6479997634887695,5.656000137329102,5.664000034332275,5.656000137329102,5.6479997634887695,5.656000137329102,5.664000034332275,5.664000034332275,5.664000034332275,5.664000034332275,5.664000034332275,5.656000137329102,5.656000137329102,5.6479997634887695,inf,inf,inf,inf,inf,inf,inf,inf,inf,inf,inf,inf,inf,inf,inf,inf,inf,3.875999927520752,3.875999927520752,3.875999927520752,3.875999927520752,3.875999927520752,3.7839999198913574,3.740000009536743,3.740000009536743,3.740000009536743,3.747999906539917,3.747999906539917,3.747999906539917,3.747999906539917,3.747999906539917,2.940000057220459,2.875999927520752,2.875999927520752,2.875999927520752,2.803999900817871,2.803999900817871,2.740000009536743,2.684000015258789,2.628000020980835,2.5759999752044678,2.51200008392334,2.4760000705718994,2.368000030517578,2.368000030517578,2.328000068664551,2.2920000553131104,2.2920000553131104,2.187999963760376,2.187999963760376,2.187999963760376,2.1519999504089355,2.119999885559082,2.078000068664551,2.0460000038146973,2.009999990463257,1.9859999418258667,1.9600000381469727,1.9600000381469727,1.9279999732971191,1.9040000438690186,1.8880000114440918,1.8760000467300415,1.8680000305175781,1.8559999465942383,1.840000033378601,1.8240000009536743,1.8240000009536743,1.8020000457763672,1.7760000228881836,1.75600004196167,1.7339999675750732,1.7120000123977661,1.6959999799728394,1.6759999990463257,1.656000018119812,1.6239999532699585,1.5099999904632568,1.496000051498413,1.496000051498413,1.496000051498413,1.4819999933242798,1.4739999771118164,inf,inf,inf,inf,1.399999976158142,1.399999976158142,1.399999976158142,1.399999976158142,1.399999976158142,1.3960000276565552,...,0.0,0.0,0.0,0.0,0.0,47.0,47.0,47.0,47.0,47.0,47.0,47.0,47.0,47.0,47.0,47.0,47.0,47.0,47.0,47.0,0.0,0.0,0.0,0.0,0.0,0.0,0.0,0.0,0.0,0.0,0.0,0.0,0.0,0.0,0.0,0.0,0.0,0.0,0.0,0.0,0.0,0.0,0.0,0.0,0.0,0.0,0.0,0.0,0.0,0.0,0.0,0.0,0.0,0.0,0.0,0.0,0.0,0.0,0.0,0.0,0.0,0.0,0.0,0.0,0.0,0.0,0.0,0.0,0.0,0.0,0.0,0.0,0.0,0.0,0.0,0.0,0.0,0.0,0.0,0.0,0.0,0.0,0.0,0.0,0.0,0.0,0.0,0.0,0.0,0.0,0.0,0.0,0.0,0.0,0.0,0.0,0.0,0.0,0.0,0.0,0.0,0.0,0.0,0.0,0.0,0.0,0.0,0.0,0.0,0.0,0.0,0.0,0.0,0.0,0.0,0.0,0.0,0.0,0.0,0.0,0.0,0.0,0.0,0.0,47.0,47.0,47.0,47.0,...
1763031131,891945234,laser,-3.1241390705108643,3.1415927410125732,0.0034828970674425364,5.362878437153995e-05,0.0964781865477562,0.15000000596046448,16.0,inf,5.656000137329102,5.656000137329102,5.656000137329102,5.656000137329102,5.656000137329102,5.656000137329102,5.664000034332275,5.664000034332275,5.6479997634887695,5.6479997634887695,5.656000137329102,5.656000137329102,5.656000137329102,5.656000137329102,5.656000137329102,5.656000137329102,5.6479997634887695,5.656000137329102,5.6479997634887695,5.6479997634887695,5.656000137329102,5.664000034332275,5.656000137329102,5.656000137329102,5.656000137329102,5.656000137329102,5.664000034332275,5.671999931335449,5.664000034332275,5.664000034332275,5.664000034332275,5.664000034332275,5.664000034332275,5.656000137329102,inf,inf,inf,inf,inf,inf,inf,inf,inf,inf,inf,inf,inf,inf,inf,inf,inf,inf,3.7960000038146973,3.7960000038146973,3.7960000038146973,3.7960000038146973,3.7960000038146973,3.74399995803833,3.74399995803833,3.74399995803833,3.740000009536743,3.740000009536743,3.747999906539917,3.747999906539917,3.752000093460083,2.940000057220459,2.940000057220459,2.875999927520752,2.875999927520752,2.875999927520752,2.808000087738037,2.740000009536743,2.691999912261963,2.640000104904175,2.5759999752044678,2.5280001163482666,2.4800000190734863,2.4159998893737793,2.371999979019165,2.328000068664551,2.2920000553131104,2.2920000553131104,2.240000009536743,2.2079999446868896,2.187999963760376,2.1440000534057617,2.1080000400543213,2.0799999237060547,2.0460000038146973,2.009999990463257,1.9839999675750732,1.9600000381469727,1.9279999732971191,1.9279999732971191,1.9040000438690186,1.8880000114440918,1.8760000467300415,1.8680000305175781,1.8559999465942383,1.8420000076293945,1.8259999752044678,1.8040000200271606,1.8040000200271606,1.777999997138977,1.75600004196167,1.7339999675750732,1.7120000123977661,1.6959999799728394,1.6759999990463257,1.656000018119812,1.5099999904632568,1.5099999904632568,1.5099999904632568,1.496000051498413,1.496000051498413,1.4819999933242798,1.4739999771118164,inf,inf,inf,inf,inf,1.4040000438690186,1.4040000438690186,1.4040000438690186,1.4040000438690186,1.4040000438690186,...,0.0,0.0,0.0,0.0,0.0,47.0,47.0,47.0,47.0,47.0,47.0,47.0,47.0,47.0,47.0,47.0,47.0,47.0,47.0,47.0,47.0,47.0,47.0,0.0,0.0,0.0,0.0,0.0,0.0,0.0,0.0,0.0,0.0,0.0,0.0,0.0,0.0,0.0,0.0,0.0,0.0,0.0,0.0,0.0,0.0,0.0,0.0,0.0,0.0,0.0,0.0,0.0,0.0,0.0,0.0,0.0,0.0,0.0,0.0,0.0,0.0,0.0,0.0,0.0,0.0,0.0,0.0,47.0,47.0,47.0,47.0,47.0,0.0,0.0,0.0,0.0,0.0,0.0,0.0,0.0,0.0,0.0,0.0,0.0,0.0,0.0,0.0,0.0,0.0,0.0,0.0,0.0,0.0,0.0,0.0,0.0,0.0,0.0,0.0,0.0,0.0,0.0,0.0,0.0,0.0,0.0,0.0,0.0,0.0,0.0,0.0,0.0,0.0,0.0,0.0,0.0,0.0,0.0,0.0,0.0,0.0,0.0,0.0,47.0,47.0,47.0,47.0,47.0,...
1763031131,990097822,laser,-3.1241390705108643,3.1415927410125732,0.0034828970674425364,5.37530031579081e-05,0.09670165181159973,0.15000000596046448,16.0,5.664000034332275,5.664000034332275,5.664000034332275,5.664000034332275,5.656000137329102,5.656000137329102,5.656000137329102,5.664000034332275,5.656000137329102,5.656000137329102,5.656000137329102,5.656000137329102,5.664000034332275,5.664000034332275,5.656000137329102,5.656000137329102,5.656000137329102,5.656000137329102,5.656000137329102,5.6479997634887695,5.6479997634887695,5.656000137329102,5.664000034332275,5.656000137329102,5.656000137329102,5.6479997634887695,5.6479997634887695,5.664000034332275,5.671999931335449,5.664000034332275,5.664000034332275,5.656000137329102,5.656000137329102,5.656000137329102,5.6479997634887695,inf,inf,inf,inf,inf,inf,inf,inf,inf,inf,inf,inf,inf,inf,inf,inf,inf,3.9679999351501465,3.9679999351501465,3.9679999351501465,3.9679999351501465,3.9679999351501465,3.864000082015991,3.7839999198913574,3.740000009536743,3.7320001125335693,3.740000009536743,3.747999906539917,3.747999906539917,3.747999906539917,3.747999906539917,3.747999906539917,2.9079999923706055,2.9079999923706055,2.9079999923706055,2.859999895095825,2.799999952316284,2.7360000610351562,2.680000066757202,2.619999885559082,2.568000078201294,2.51200008392334,2.51200008392334,2.4679999351501465,2.4200000762939453,2.368000030517578,2.319999933242798,2.299999952316284,2.180000066757202,2.180000066757202,2.171999931335449,2.131999969482422,2.1059999465942383,2.1059999465942383,2.0160000324249268,2.0160000324249268,2.0160000324249268,1.9859999418258667,1.965999960899353,1.9479999542236328,1.934000015258789,1.9240000247955322,1.9240000247955322,1.9079999923706055,1.8880000114440918,1.8680000305175781,1.843999981880188,1.8240000009536743,1.8020000457763672,1.7740000486373901,1.7519999742507935,1.7319999933242798,1.7079999446868896,1.7079999446868896,1.690000057220459,1.6679999828338623,1.6460000276565552,1.5180000066757202,1.50600004196167,1.50600004196167,1.4980000257492065,1.4859999418258667,inf,inf,inf,inf,1.4040000438690186,1.4040000438690186,1.4040000438690186,1.4040000438690186,1.4040000438690186,1.3880000114440918,1.3880000114440918,...,0.0,0.0,0.0,0.0,0.0,47.0,47.0,47.0,47.0,47.0,47.0,47.0,47.0,47.0,47.0,47.0,47.0,47.0,47.0,47.0,47.0,47.0,0.0,0.0,0.0,0.0,0.0,0.0,0.0,0.0,0.0,0.0,0.0,0.0,0.0,0.0,0.0,0.0,0.0,0.0,0.0,0.0,0.0,0.0,0.0,0.0,0.0,0.0,0.0,0.0,0.0,0.0,0.0,0.0,0.0,0.0,0.0,0.0,0.0,0.0,0.0,0.0,0.0,0.0,0.0,0.0,0.0,0.0,0.0,0.0,0.0,0.0,0.0,0.0,0.0,0.0,0.0,0.0,0.0,0.0,0.0,0.0,0.0,0.0,0.0,0.0,0.0,0.0,0.0,0.0,0.0,47.0,47.0,47.0,47.0,47.0,0.0,0.0,0.0,0.0,0.0,0.0,0.0,0.0,0.0,0.0,0.0,0.0,0.0,0.0,0.0,0.0,0.0,0.0,0.0,0.0,0.0,0.0,0.0,0.0,0.0,0.0,0.0,0.0,0.0,0.0,0.0,0.0,...
1763031132,88750872,laser,-3.1241390705108643,3.1415927410125732,0.0034828970674425364,5.688641977030784e-05,0.10233867168426514,0.15000000596046448,16.0,5.656000137329102,5.656000137329102,5.656000137329102,5.656000137329102,5.656000137329102,5.656000137329102,5.656000137329102,5.656000137329102,5.656000137329102,5.6479997634887695,5.6479997634887695,5.656000137329102,5.656000137329102,5.656000137329102,5.656000137329102,5.656000137329102,5.656000137329102,5.6479997634887695,5.656000137329102,5.6479997634887695,5.6479997634887695,5.656000137329102,5.656000137329102,5.664000034332275,5.656000137329102,5.6479997634887695,5.6479997634887695,5.656000137329102,5.664000034332275,5.664000034332275,5.664000034332275,5.664000034332275,5.656000137329102,5.664000034332275,5.656000137329102,inf,inf,inf,inf,inf,inf,inf,inf,inf,inf,inf,inf,inf,inf,inf,inf,inf,inf,inf,3.7679998874664307,3.7679998874664307,3.7679998874664307,3.7679998874664307,3.7679998874664307,3.740000009536743,3.7320001125335693,3.7320001125335693,3.7360000610351562,3.747999906539917,3.752000093460083,3.752000093460083,2.9040000438690186,2.9040000438690186,2.9040000438690186,2.8440001010894775,2.8440001010894775,2.7839999198913574,2.7279999256134033,2.6679999828338623,2.619999885559082,2.619999885559082,2.563999891281128,2.507999897003174,2.4639999866485596,2.4079999923706055,2.3559999465942383,2.319999933242798,2.299999952316284,2.191999912261963,2.191999912261963,2.171999931335449,2.171999931335449,2.128000020980835,2.1040000915527344,2.072000026702881,2.0420000553131104,2.0139999389648438,1.9839999675750732,1.9600000381469727,1.9359999895095825,1.9359999895095825,1.9199999570846558,1.9119999408721924,1.9019999504089355,1.8799999952316284,1.8619999885559082,1.843999981880188,1.8240000009536743,1.7979999780654907,1.7719999551773071,1.7719999551773071,1.7300000190734863,1.7300000190734863,1.7079999446868896,1.687999963760376,1.6660000085830688,1.6440000534057617,1.5180000066757202,1.5180000066757202,1.50600004196167,1.496000051498413,1.4839999675750732,1.465999960899353,1.465999960899353,inf,inf,inf,inf,inf,1.399999976158142,1.399999976158142,1.399999976158142,1.399999976158142,...,0.0,0.0,0.0,0.0,0.0,47.0,47.0,47.0,47.0,47.0,47.0,47.0,47.0,47.0,47.0,47.0,47.0,47.0,47.0,47.0,0.0,0.0,0.0,0.0,0.0,0.0,0.0,0.0,0.0,0.0,0.0,0.0,0.0,0.0,0.0,0.0,0.0,0.0,0.0,0.0,0.0,0.0,0.0,0.0,0.0,0.0,0.0,0.0,0.0,0.0,0.0,0.0,0.0,0.0,0.0,0.0,0.0,0.0,0.0,0.0,0.0,0.0,0.0,0.0,0.0,0.0,0.0,0.0,47.0,47.0,47.0,47.0,47.0,0.0,0.0,0.0,0.0,0.0,0.0,0.0,0.0,0.0,0.0,0.0,0.0,0.0,0.0,0.0,0.0,0.0,0.0,0.0,0.0,0.0,0.0,0.0,0.0,0.0,0.0,0.0,0.0,0.0,0.0,0.0,0.0,0.0,47.0,47.0,47.0,47.0,47.0,0.0,0.0,0.0,0.0,0.0,0.0,0.0,0.0,0.0,0.0,0.0,0.0,0.0,0.0,47.0,47.0,47.0,...
1763031132,192996459,laser,-3.1241390705108643,3.1415927410125732,0.0034828970674425364,5.356668043532409e-05,0.09636645764112473,0.15000000596046448,16.0,5.671999931335449,5.671999931335449,5.671999931335449,5.671999931335449,5.664000034332275,5.664000034332275,5.664000034332275,5.656000137329102,5.656000137329102,5.6479997634887695,5.6479997634887695,5.664000034332275,5.664000034332275,5.664000034332275,5.656000137329102,5.656000137329102,5.656000137329102,5.6479997634887695,5.6479997634887695,5.656000137329102,5.656000137329102,5.656000137329102,5.656000137329102,5.656000137329102,5.656000137329102,5.6479997634887695,5.656000137329102,5.656000137329102,5.656000137329102,5.664000034332275,5.664000034332275,5.664000034332275,5.656000137329102,5.656000137329102,5.607999801635742,5.607999801635742,inf,inf,inf,inf,inf,inf,inf,inf,inf,inf,4.0920000076293945,4.0920000076293945,4.0920000076293945,4.0920000076293945,4.0920000076293945,3.9800000190734863,3.9800000190734863,3.9800000190734863,3.875999927520752,3.875999927520752,3.875999927520752,3.7880001068115234,3.7880001068115234,3.740000009536743,3.740000009536743,3.74399995803833,3.74399995803833,3.747999906539917,3.747999906539917,2.9159998893737793,2.9159998893737793,2.868000030517578,2.868000030517578,2.868000030517578,2.868000030517578,2.799999952316284,2.7239999771118164,2.6640000343322754,2.619999885559082,2.563999891281128,2.5239999294281006,2.3959999084472656,2.3959999084472656,2.359999895095825,2.328000068664551,2.328000068664551,2.303999900817871,2.184000015258789,2.187999963760376,2.187999963760376,2.140000104904175,2.1040000915527344,2.0759999752044678,2.0439999103546143,2.002000093460083,1.968000054359436,1.968000054359436,1.9459999799728394,1.909999966621399,1.8839999437332153,1.8619999885559082,1.843999981880188,1.8320000171661377,1.8220000267028809,1.812000036239624,1.812000036239624,1.805999994277954,1.7940000295639038,1.7760000228881836,1.7519999742507935,1.7300000190734863,1.7079999446868896,1.687999963760376,1.6679999828338623,1.6679999828338623,1.6460000276565552,1.6139999628067017,1.496000051498413,1.496000051498413,1.496000051498413,1.4819999933242798,inf,inf,inf,inf,inf,1.4019999504089355,1.4019999504089355,1.4019999504089355,1.4019999504089355,1.4019999504089355,1.3860000371932983,...,0.0,0.0,0.0,0.0,47.0,47.0,47.0,47.0,47.0,47.0,47.0,47.0,47.0,47.0,47.0,47.0,47.0,47.0,47.0,47.0,47.0,0.0,0.0,0.0,0.0,0.0,0.0,0.0,0.0,0.0,0.0,0.0,0.0,0.0,0.0,0.0,0.0,0.0,0.0,0.0,0.0,0.0,0.0,0.0,0.0,0.0,0.0,0.0,0.0,0.0,0.0,0.0,0.0,0.0,0.0,0.0,0.0,0.0,0.0,0.0,0.0,0.0,0.0,0.0,0.0,0.0,0.0,0.0,0.0,0.0,0.0,0.0,0.0,0.0,0.0,0.0,0.0,0.0,0.0,0.0,0.0,0.0,0.0,0.0,0.0,0.0,0.0,0.0,0.0,0.0,47.0,47.0,47.0,47.0,47.0,0.0,0.0,0.0,0.0,0.0,0.0,0.0,0.0,0.0,0.0,0.0,0.0,0.0,0.0,0.0,0.0,0.0,0.0,0.0,0.0,0.0,0.0,0.0,0.0,0.0,0.0,0.0,0.0,0.0,0.0,0.0,47.0,47.0,...
1763031132,290923575,laser,-3.1241390705108643,3.1415927410125732,0.0034828970674425364,5.3755782573716715e-05,0.09670665115118027,0.15000000596046448,16.0,inf,5.656000137329102,5.656000137329102,5.656000137329102,5.656000137329102,5.656000137329102,5.656000137329102,5.656000137329102,5.656000137329102,5.6479997634887695,5.6479997634887695,5.656000137329102,5.656000137329102,5.656000137329102,5.656000137329102,5.656000137329102,5.656000137329102,5.6479997634887695,5.656000137329102,5.6479997634887695,5.6479997634887695,5.656000137329102,5.656000137329102,5.656000137329102,5.656000137329102,5.656000137329102,5.656000137329102,5.664000034332275,5.671999931335449,5.664000034332275,5.664000034332275,5.664000034332275,5.656000137329102,5.664000034332275,5.656000137329102,inf,inf,inf,inf,inf,inf,inf,inf,inf,inf,inf,inf,inf,inf,inf,inf,3.868000030517578,3.868000030517578,3.868000030517578,3.868000030517578,3.868000030517578,3.7839999198913574,3.7839999198913574,3.7839999198913574,3.740000009536743,3.7320001125335693,3.7360000610351562,3.74399995803833,3.747999906539917,3.747999906539917,3.747999906539917,2.9159998893737793,2.9159998893737793,2.9159998893737793,2.9159998893737793,2.864000082015991,2.799999952316284,2.7239999771118164,2.6640000343322754,2.619999885559082,2.563999891281128,2.5199999809265137,2.3959999084472656,2.3959999084472656,2.359999895095825,2.359999895095825,2.319999933242798,2.299999952316284,2.184000015258789,2.184000015258789,2.184000015258789,2.140000104904175,2.1040000915527344,2.072000026702881,2.072000026702881,2.00600004196167,2.00600004196167,1.9759999513626099,1.9459999799728394,1.9160000085830688,1.8980000019073486,1.8919999599456787,1.8799999952316284,1.8700000047683716,1.8600000143051147,1.8600000143051147,1.840000033378601,1.8200000524520874,1.7979999780654907,1.7740000486373901,1.7519999742507935,1.7300000190734863,1.7079999446868896,1.687999963760376,1.6660000085830688,1.6660000085830688,1.6460000276565552,1.50600004196167,1.50600004196167,1.50600004196167,1.4980000257492065,1.4859999418258667,inf,inf,inf,inf,1.4019999504089355,1.4019999504089355,1.4019999504089355,1.4019999504089355,1.4019999504089355,1.3860000371932983,1.3860000371932983,...,0.0,0.0,0.0,0.0,0.0,47.0,47.0,47.0,47.0,47.0,47.0,47.0,47.0,47.0,47.0,47.0,47.0,47.0,47.0,0.0,0.0,0.0,0.0,0.0,0.0,0.0,0.0,0.0,0.0,0.0,0.0,0.0,0.0,0.0,0.0,0.0,0.0,0.0,0.0,0.0,0.0,0.0,0.0,0.0,0.0,0.0,0.0,0.0,0.0,0.0,0.0,0.0,0.0,0.0,0.0,0.0,0.0,0.0,0.0,0.0,0.0,0.0,0.0,0.0,0.0,0.0,0.0,0.0,0.0,0.0,0.0,0.0,0.0,0.0,0.0,0.0,0.0,0.0,0.0,0.0,0.0,0.0,0.0,0.0,0.0,0.0,0.0,0.0,0.0,0.0,0.0,0.0,0.0,0.0,0.0,0.0,0.0,0.0,0.0,0.0,0.0,0.0,0.0,0.0,0.0,47.0,47.0,47.0,47.0,47.0,0.0,0.0,0.0,0.0,0.0,0.0,0.0,0.0,0.0,0.0,0.0,0.0,0.0,0.0,0.0,0.0,0.0,0.0,...
1763031132,388933561,laser,-3.1241390705108643,3.1415927410125732,0.0034828970674425364,5.3946583648212254e-05,0.09704990684986115,0.15000000596046448,16.0,5.679999828338623,5.679999828338623,5.679999828338623,5.679999828338623,5.679999828338623,5.656000137329102,5.656000137329102,5.656000137329102,5.656000137329102,5.6479997634887695,5.6479997634887695,5.664000034332275,5.664000034332275,5.656000137329102,5.656000137329102,5.656000137329102,5.656000137329102,5.656000137329102,5.656000137329102,5.6479997634887695,5.6479997634887695,5.656000137329102,5.656000137329102,5.656000137329102,5.656000137329102,5.6479997634887695,5.6479997634887695,5.664000034332275,5.671999931335449,5.664000034332275,5.664000034332275,5.664000034332275,5.656000137329102,5.664000034332275,5.656000137329102,inf,inf,inf,inf,inf,inf,inf,inf,inf,inf,inf,inf,inf,inf,4.019999980926514,4.019999980926514,4.019999980926514,4.019999980926514,4.019999980926514,3.9119999408721924,3.9119999408721924,3.9119999408721924,3.815999984741211,3.752000093460083,3.752000093460083,3.740000009536743,3.740000009536743,3.740000009536743,3.747999906539917,3.747999906539917,3.752000093460083,3.752000093460083,2.875999927520752,2.875999927520752,2.875999927520752,2.875999927520752,2.815999984741211,2.752000093460083,2.687999963760376,2.635999917984009,2.5199999809265137,2.5199999809265137,2.4800000190734863,2.436000108718872,2.380000114440918,2.328000068664551,2.2880001068115234,2.2880001068115234,2.25600004196167,2.2279999256134033,2.191999912261963,2.1480000019073486,2.1080000400543213,2.0759999752044678,2.055999994277954,2.0320000648498535,2.007999897003174,1.9900000095367432,1.9900000095367432,1.9700000286102295,1.9600000381469727,1.944000005722046,1.9259999990463257,1.9079999923706055,1.8819999694824219,1.8580000400543213,1.8359999656677246,1.8140000104904175,1.8140000104904175,1.7860000133514404,1.7619999647140503,1.7400000095367432,1.718000054359436,1.6979999542236328,1.6799999475479126,1.6619999408721924,1.5119999647140503,1.5119999647140503,1.4980000257492065,1.4980000257492065,1.4859999418258667,1.4859999418258667,1.4759999513626099,inf,inf,inf,inf,1.4079999923706055,1.4079999923706055,1.4079999923706055,1.4079999923706055,1.4079999923706055,1.399999976158142,...,0.0,0.0,0.0,0.0,0.0,47.0,47.0,47.0,47.0,47.0,47.0,47.0,47.0,47.0,47.0,47.0,47.0,47.0,47.0,47.0,0.0,0.0,0.0,0.0,0.0,0.0,0.0,0.0,0.0,0.0,0.0,0.0,0.0,0.0,0.0,0.0,0.0,0.0,0.0,0.0,0.0,0.0,0.0,0.0,0.0,0.0,0.0,0.0,0.0,0.0,0.0,0.0,0.0,0.0,0.0,0.0,0.0,0.0,0.0,0.0,0.0,0.0,0.0,0.0,0.0,0.0,0.0,0.0,0.0,0.0,0.0,0.0,0.0,0.0,0.0,0.0,0.0,0.0,0.0,0.0,0.0,0.0,0.0,0.0,0.0,0.0,0.0,0.0,0.0,0.0,0.0,0.0,0.0,0.0,0.0,0.0,0.0,0.0,0.0,0.0,0.0,0.0,0.0,0.0,0.0,0.0,0.0,0.0,0.0,0.0,0.0,0.0,0.0,0.0,0.0,0.0,0.0,0.0,0.0,0.0,0.0,0.0,0.0,0.0,0.0,0.0,0.0,0.0,...
1763031132,487259976,laser,-3.1241390705108643,3.1415927410125732,0.0034828970674425364,5.728341420763172e-05,0.10305286198854446,0.15000000596046448,16.0,inf,5.671999931335449,5.671999931335449,5.671999931335449,5.671999931335449,5.671999931335449,5.656000137329102,5.664000034332275,5.656000137329102,5.656000137329102,5.656000137329102,5.656000137329102,5.664000034332275,5.664000034332275,5.664000034332275,5.656000137329102,5.656000137329102,5.656000137329102,5.656000137329102,5.6479997634887695,5.6479997634887695,5.656000137329102,5.656000137329102,5.656000137329102,5.656000137329102,5.6479997634887695,5.6479997634887695,5.664000034332275,5.671999931335449,5.671999931335449,5.671999931335449,5.664000034332275,5.664000034332275,5.656000137329102,5.6479997634887695,inf,inf,inf,inf,inf,inf,inf,inf,inf,inf,inf,inf,inf,inf,inf,3.875999927520752,3.875999927520752,3.875999927520752,3.875999927520752,3.875999927520752,3.7880001068115234,3.7880001068115234,3.7880001068115234,3.740000009536743,3.740000009536743,3.740000009536743,3.740000009536743,3.74399995803833,3.747999906539917,3.747999906539917,2.931999921798706,2.931999921798706,2.931999921798706,2.868000030517578,2.868000030517578,2.868000030517578,2.808000087738037,2.740000009536743,2.671999931335449,2.624000072479248,2.568000078201294,2.507999897003174,2.4519999027252197,2.4000000953674316,2.364000082015991,2.328000068664551,2.328000068664551,2.2920000553131104,2.200000047683716,2.200000047683716,2.191999912261963,2.1440000534057617,2.1040000915527344,2.0759999752044678,2.0460000038146973,2.009999990463257,1.9819999933242798,1.9819999933242798,1.9520000219345093,1.9199999570846558,1.9040000438690186,1.8880000114440918,1.8760000467300415,1.8700000047683716,1.8580000400543213,1.840000033378601,1.8220000267028809,1.8220000267028809,1.8020000457763672,1.781999945640564,1.75600004196167,1.7359999418258667,1.718000054359436,1.6979999542236328,1.6759999990463257,1.6519999504089355,1.6519999504089355,1.5080000162124634,1.5080000162124634,1.5080000162124634,1.4980000257492065,1.4859999418258667,inf,inf,inf,inf,inf,inf,1.4040000438690186,1.4040000438690186,1.4040000438690186,1.4040000438690186,1.4040000438690186,...,0.0,0.0,0.0,0.0,47.0,47.0,47.0,47.0,47.0,47.0,47.0,47.0,47.0,47.0,47.0,47.0,47.0,47.0,47.0,0.0,0.0,0.0,0.0,0.0,0.0,0.0,0.0,0.0,0.0,0.0,0.0,0.0,0.0,0.0,0.0,0.0,0.0,0.0,0.0,0.0,0.0,0.0,0.0,0.0,0.0,0.0,0.0,0.0,0.0,0.0,0.0,0.0,0.0,0.0,0.0,0.0,0.0,0.0,0.0,0.0,0.0,0.0,0.0,0.0,0.0,0.0,0.0,0.0,0.0,0.0,0.0,0.0,0.0,0.0,0.0,0.0,0.0,0.0,0.0,0.0,0.0,0.0,0.0,0.0,0.0,0.0,0.0,0.0,0.0,0.0,0.0,0.0,0.0,0.0,0.0,0.0,0.0,0.0,0.0,0.0,0.0,0.0,0.0,0.0,0.0,0.0,0.0,0.0,0.0,0.0,0.0,0.0,0.0,0.0,0.0,0.0,0.0,0.0,0.0,0.0,0.0,0.0,0.0,0.0,0.0,0.0,0.0,0.0,...
1763031132,591695413,laser,-3.1241390705108643,3.1415927410125732,0.0034828970674425364,5.383064490160905e-05,0.09684132784605026,0.15000000596046448,16.0,5.656000137329102,5.656000137329102,5.656000137329102,5.656000137329102,5.656000137329102,5.656000137329102,5.656000137329102,5.656000137329102,5.656000137329102,5.6479997634887695,5.6479997634887695,5.656000137329102,5.656000137329102,5.656000137329102,5.656000137329102,5.656000137329102,5.656000137329102,5.656000137329102,5.656000137329102,5.6479997634887695,5.6479997634887695,5.656000137329102,5.664000034332275,5.656000137329102,5.656000137329102,5.6479997634887695,5.6479997634887695,5.664000034332275,5.671999931335449,5.664000034332275,5.664000034332275,5.656000137329102,5.656000137329102,5.664000034332275,5.656000137329102,inf,inf,inf,inf,inf,inf,inf,inf,inf,inf,inf,inf,inf,inf,3.9800000190734863,3.9800000190734863,3.9800000190734863,3.9800000190734863,3.9800000190734863,3.875999927520752,3.875999927520752,3.875999927520752,3.875999927520752,3.7839999198913574,3.740000009536743,3.740000009536743,3.740000009536743,3.74399995803833,3.747999906539917,3.747999906539917,3.747999906539917,3.747999906539917,2.868000030517578,2.868000030517578,2.868000030517578,2.868000030517578,2.808000087738037,2.7360000610351562,2.6600000858306885,2.6080000400543213,2.563999891281128,2.507999897003174,2.4519999027252197,2.4000000953674316,2.364000082015991,2.364000082015991,2.328000068664551,2.2960000038146973,2.184000015258789,2.184000015258789,2.184000015258789,2.140000104904175,2.1040000915527344,2.0759999752044678,2.0460000038146973,2.00600004196167,2.00600004196167,1.9780000448226929,1.9500000476837158,1.9140000343322754,1.8919999599456787,1.8819999694824219,1.8739999532699585,1.8680000305175781,1.8580000400543213,1.8380000591278076,1.8380000591278076,1.8200000524520874,1.8020000457763672,1.7799999713897705,1.75600004196167,1.7300000190734863,1.7120000123977661,1.6959999799728394,1.6740000247955322,1.6740000247955322,1.6519999504089355,1.5080000162124634,1.4980000257492065,1.4980000257492065,1.4980000257492065,1.4859999418258667,inf,inf,inf,inf,inf,1.4019999504089355,1.4019999504089355,1.4019999504089355,1.4019999504089355,1.4019999504089355,1.3919999599456787,...,0.0,0.0,0.0,0.0,0.0,0.0,47.0,47.0,47.0,47.0,47.0,47.0,47.0,47.0,47.0,47.0,47.0,47.0,47.0,47.0,47.0,0.0,0.0,0.0,0.0,0.0,0.0,0.0,0.0,0.0,0.0,0.0,0.0,0.0,0.0,0.0,0.0,0.0,0.0,0.0,0.0,0.0,0.0,0.0,0.0,0.0,0.0,0.0,0.0,0.0,0.0,0.0,0.0,0.0,0.0,0.0,0.0,0.0,0.0,0.0,0.0,0.0,0.0,0.0,0.0,0.0,0.0,0.0,0.0,0.0,0.0,0.0,0.0,0.0,0.0,0.0,0.0,0.0,0.0,0.0,0.0,0.0,0.0,0.0,0.0,0.0,0.0,0.0,0.0,0.0,0.0,0.0,0.0,0.0,0.0,0.0,0.0,0.0,0.0,0.0,0.0,0.0,0.0,0.0,0.0,0.0,0.0,47.0,47.0,47.0,47.0,47.0,0.0,0.0,0.0,0.0,0.0,0.0,0.0,0.0,0.0,0.0,0.0,0.0,0.0,0.0,47.0,47.0,...
1763031132,690340722,laser,-3.1241390705108643,3.1415927410125732,0.0034828970674425364,5.3614941862178966e-05,0.09645327925682068,0.15000000596046448,16.0,5.671999931335449,5.671999931335449,5.671999931335449,5.656000137329102,5.656000137329102,5.656000137329102,5.656000137329102,5.656000137329102,5.656000137329102,5.6479997634887695,5.6479997634887695,5.664000034332275,5.664000034332275,5.656000137329102,5.656000137329102,5.656000137329102,5.664000034332275,5.656000137329102,5.656000137329102,5.6479997634887695,5.6479997634887695,5.656000137329102,5.656000137329102,5.664000034332275,5.656000137329102,5.6479997634887695,5.6479997634887695,5.664000034332275,5.671999931335449,5.664000034332275,5.664000034332275,5.664000034332275,5.656000137329102,5.664000034332275,5.656000137329102,inf,inf,inf,inf,inf,inf,inf,inf,inf,inf,inf,inf,inf,inf,inf,3.9079999923706055,3.9079999923706055,3.9079999923706055,3.9079999923706055,3.9079999923706055,3.803999900817871,3.803999900817871,3.803999900817871,3.74399995803833,3.74399995803833,3.740000009536743,3.7360000610351562,3.740000009536743,3.747999906539917,3.747999906539917,3.752000093460083,3.752000093460083,2.931999921798706,2.875999927520752,2.875999927520752,2.875999927520752,2.815999984741211,2.7360000610351562,2.6760001182556152,2.635999917984009,2.5920000076293945,2.5199999809265137,2.4679999351501465,2.431999921798706,2.380000114440918,2.3320000171661377,2.3320000171661377,2.2880001068115234,2.240000009536743,2.2119998931884766,2.191999912261963,2.1440000534057617,2.1040000915527344,2.0799999237060547,2.0480000972747803,2.0160000324249268,1.9900000095367432,1.968000054359436,1.968000054359436,1.9420000314712524,1.9259999990463257,1.9179999828338623,1.906000018119812,1.8919999599456787,1.871999979019165,1.850000023841858,1.8339999914169312,1.8339999914169312,1.812000036239624,1.784000039100647,1.7599999904632568,1.7380000352859497,1.715999960899353,1.6959999799728394,1.6779999732971191,1.6579999923706055,1.6579999923706055,1.5099999904632568,1.5099999904632568,1.4980000257492065,1.4980000257492065,1.4859999418258667,1.4759999513626099,inf,inf,inf,inf,inf,1.406000018119812,1.406000018119812,1.406000018119812,1.406000018119812,1.406000018119812,...,0.0,0.0,0.0,0.0,0.0,47.0,47.0,47.0,47.0,47.0,47.0,47.0,47.0,47.0,47.0,47.0,47.0,47.0,47.0,0.0,0.0,0.0,0.0,0.0,0.0,0.0,0.0,0.0,0.0,0.0,0.0,0.0,0.0,0.0,0.0,0.0,0.0,0.0,0.0,0.0,0.0,0.0,0.0,0.0,0.0,0.0,0.0,0.0,0.0,0.0,0.0,0.0,0.0,0.0,0.0,0.0,0.0,0.0,0.0,0.0,0.0,0.0,0.0,0.0,0.0,0.0,0.0,0.0,0.0,0.0,0.0,0.0,0.0,0.0,0.0,0.0,0.0,0.0,0.0,0.0,0.0,0.0,0.0,0.0,0.0,0.0,0.0,0.0,0.0,0.0,0.0,47.0,47.0,47.0,47.0,47.0,0.0,0.0,0.0,0.0,0.0,0.0,0.0,0.0,0.0,0.0,0.0,0.0,0.0,0.0,0.0,0.0,0.0,0.0,0.0,0.0,0.0,0.0,0.0,0.0,0.0,0.0,0.0,0.0,0.0,0.0,0.0,0.0,...
1763031132,789030208,laser,-3.1241390705108643,3.1415927410125732,0.0034828970674425364,5.680337199009955e-05,0.10218926519155502,0.15000000596046448,16.0,5.671999931335449,5.671999931335449,5.671999931335449,5.671999931335449,5.656000137329102,5.656000137329102,5.656000137329102,5.656000137329102,5.656000137329102,5.656000137329102,5.656000137329102,5.656000137329102,5.664000034332275,5.664000034332275,5.664000034332275,5.656000137329102,5.656000137329102,5.656000137329102,5.656000137329102,5.6479997634887695,5.6479997634887695,5.656000137329102,5.664000034332275,5.656000137329102,5.6479997634887695,5.6479997634887695,5.6479997634887695,5.664000034332275,5.671999931335449,5.671999931335449,5.671999931335449,5.656000137329102,5.656000137329102,5.656000137329102,5.6479997634887695,inf,inf,inf,inf,inf,inf,inf,inf,inf,inf,inf,inf,inf,inf,inf,inf,inf,3.9119999408721924,3.9119999408721924,3.9119999408721924,3.9119999408721924,3.9119999408721924,3.815999984741211,3.75600004196167,3.759999990463257,3.759999990463257,3.75600004196167,3.7360000610351562,3.740000009536743,3.747999906539917,3.752000093460083,2.880000114440918,2.880000114440918,2.880000114440918,2.880000114440918,2.819999933242798,2.819999933242798,2.759999990463257,2.696000099182129,2.640000104904175,2.5959999561309814,2.5399999618530273,2.4800000190734863,2.436000108718872,2.384000062942505,2.3320000171661377,2.2920000553131104,2.2920000553131104,2.2679998874664307,2.24399995803833,2.191999912261963,2.1480000019073486,2.1080000400543213,2.0799999237060547,2.0480000972747803,2.0199999809265137,2.0,1.9759999513626099,1.9459999799728394,1.9459999799728394,1.9240000247955322,1.9140000343322754,1.9019999504089355,1.8880000114440918,1.8680000305175781,1.850000023841858,1.8339999914169312,1.812000036239624,1.812000036239624,1.784000039100647,1.7599999904632568,1.7400000095367432,1.718000054359436,1.7000000476837158,1.6820000410079956,1.6619999408721924,1.6339999437332153,1.5140000581741333,1.4980000257492065,1.4980000257492065,1.4900000095367432,1.4900000095367432,1.4819999933242798,inf,inf,inf,inf,1.406000018119812,1.406000018119812,1.406000018119812,1.406000018119812,1.406000018119812,1.3980000019073486,...,0.0,0.0,0.0,0.0,47.0,47.0,47.0,47.0,47.0,47.0,47.0,47.0,47.0,47.0,47.0,47.0,47.0,47.0,47.0,47.0,47.0,47.0,0.0,0.0,0.0,0.0,0.0,0.0,0.0,0.0,0.0,0.0,0.0,0.0,0.0,0.0,0.0,0.0,0.0,0.0,0.0,0.0,0.0,0.0,0.0,0.0,0.0,0.0,0.0,0.0,0.0,0.0,0.0,0.0,0.0,0.0,0.0,0.0,0.0,0.0,0.0,0.0,0.0,0.0,0.0,0.0,0.0,0.0,0.0,0.0,47.0,47.0,47.0,47.0,47.0,0.0,0.0,0.0,0.0,0.0,0.0,0.0,0.0,0.0,0.0,0.0,0.0,0.0,0.0,0.0,0.0,47.0,47.0,47.0,47.0,47.0,0.0,0.0,0.0,0.0,0.0,0.0,0.0,0.0,0.0,0.0,0.0,0.0,0.0,0.0,0.0,0.0,0.0,0.0,0.0,0.0,0.0,0.0,0.0,0.0,0.0,0.0,0.0,0.0,0.0,0.0,0.0,0.0,...
1763031132,892746133,laser,-3.1241390705108643,3.1415927410125732,0.0034828970674425364,5.377576962928288e-05,0.09674260765314102,0.15000000596046448,16.0,inf,5.671999931335449,5.671999931335449,5.671999931335449,5.671999931335449,5.671999931335449,5.664000034332275,5.664000034332275,5.656000137329102,5.6479997634887695,5.6479997634887695,5.6479997634887695,5.664000034332275,5.664000034332275,5.664000034332275,5.656000137329102,5.656000137329102,5.656000137329102,5.656000137329102,5.6479997634887695,5.6479997634887695,5.656000137329102,5.656000137329102,5.656000137329102,5.6479997634887695,5.6479997634887695,5.6479997634887695,5.664000034332275,5.671999931335449,5.664000034332275,5.664000034332275,5.664000034332275,5.656000137329102,5.656000137329102,5.664000034332275,inf,inf,inf,inf,inf,inf,inf,inf,inf,inf,inf,inf,inf,inf,inf,inf,inf,inf,3.759999990463257,3.759999990463257,3.759999990463257,3.759999990463257,3.759999990463257,3.759999990463257,3.759999990463257,3.752000093460083,3.7360000610351562,3.7360000610351562,3.74399995803833,3.752000093460083,3.752000093460083,2.880000114440918,2.880000114440918,2.819999933242798,2.819999933242798,2.819999933242798,2.7639999389648438,2.700000047683716,2.640000104904175,2.5959999561309814,2.5959999561309814,2.5399999618530273,2.4839999675750732,2.436000108718872,2.388000011444092,2.3399999141693115,2.2920000553131104,2.2679998874664307,2.247999906539917,2.196000099182129,2.1600000858306885,2.119999885559082,2.119999885559082,2.0799999237060547,2.052000045776367,2.0220000743865967,1.9980000257492065,1.965999960899353,1.9359999895095825,1.9199999570846558,1.9199999570846558,1.9040000438690186,1.8960000276565552,1.8839999437332153,1.8639999628067017,1.850000023841858,1.8320000171661377,1.812000036239624,1.7860000133514404,1.7619999647140503,1.7619999647140503,1.7400000095367432,1.718000054359436,1.7020000219345093,1.6820000410079956,1.659999966621399,1.6339999437332153,1.5199999809265137,1.5199999809265137,1.503999948501587,1.4880000352859497,1.4819999933242798,1.4819999933242798,inf,inf,inf,inf,inf,1.3980000019073486,1.3980000019073486,1.3980000019073486,1.3980000019073486,1.3980000019073486,...,0.0,0.0,0.0,0.0,47.0,47.0,47.0,47.0,47.0,47.0,47.0,47.0,47.0,47.0,47.0,47.0,47.0,47.0,47.0,47.0,0.0,0.0,0.0,0.0,0.0,0.0,0.0,0.0,0.0,0.0,0.0,0.0,0.0,0.0,0.0,0.0,0.0,0.0,0.0,0.0,0.0,0.0,0.0,0.0,0.0,0.0,0.0,0.0,0.0,0.0,0.0,0.0,0.0,0.0,0.0,0.0,0.0,0.0,0.0,0.0,0.0,0.0,0.0,0.0,0.0,0.0,0.0,0.0,0.0,0.0,0.0,47.0,47.0,47.0,47.0,47.0,0.0,0.0,0.0,0.0,0.0,0.0,0.0,0.0,0.0,0.0,0.0,0.0,0.0,47.0,47.0,47.0,47.0,47.0,0.0,0.0,0.0,0.0,0.0,0.0,0.0,0.0,0.0,0.0,0.0,0.0,0.0,0.0,0.0,0.0,0.0,0.0,0.0,0.0,0.0,0.0,0.0,0.0,0.0,0.0,0.0,0.0,0.0,0.0,47.0,47.0,47.0,47.0,...
1763031132,991017357,laser,-3.1241390705108643,3.1415927410125732,0.0034828970674425364,5.3783202019985765e-05,0.0967559814453125,0.15000000596046448,16.0,5.671999931335449,5.671999931335449,5.671999931335449,5.656000137329102,5.656000137329102,5.656000137329102,5.656000137329102,5.656000137329102,5.6479997634887695,5.6479997634887695,5.6479997634887695,5.664000034332275,5.664000034332275,5.664000034332275,5.656000137329102,5.656000137329102,5.656000137329102,5.656000137329102,5.6479997634887695,5.6479997634887695,5.6479997634887695,5.656000137329102,5.656000137329102,5.656000137329102,5.6479997634887695,5.6479997634887695,5.656000137329102,5.664000034332275,5.664000034332275,5.664000034332275,5.664000034332275,5.664000034332275,5.656000137329102,5.664000034332275,inf,inf,inf,inf,inf,inf,inf,inf,inf,inf,inf,inf,inf,inf,inf,inf,inf,4.019999980926514,4.019999980926514,4.019999980926514,4.019999980926514,4.019999980926514,3.9119999408721924,3.812000036239624,3.75600004196167,3.752000093460083,3.752000093460083,3.752000093460083,3.74399995803833,3.747999906539917,3.747999906539917,3.752000093460083,2.884000062942505,2.884000062942505,2.884000062942505,2.815999984741211,2.815999984741211,2.815999984741211,2.752000093460083,2.696000099182129,2.640000104904175,2.5880000591278076,2.5360000133514404,2.4800000190734863,2.431999921798706,2.380000114440918,2.3359999656677246,2.2920000553131104,2.2920000553131104,2.240000009536743,2.2119998931884766,2.191999912261963,2.1440000534057617,2.1080000400543213,2.0799999237060547,2.052000045776367,2.01200008392334,1.9839999675750732,1.9600000381469727,1.9600000381469727,1.9279999732971191,1.9040000438690186,1.8839999437332153,1.871999979019165,1.8660000562667847,1.8539999723434448,1.840000033378601,1.8240000009536743,1.8240000009536743,1.8020000457763672,1.7799999713897705,1.7599999904632568,1.7380000352859497,1.715999960899353,1.6959999799728394,1.6740000247955322,1.6540000438690186,1.6540000438690186,1.496000051498413,1.496000051498413,1.496000051498413,1.496000051498413,1.4839999675750732,inf,inf,inf,inf,1.406000018119812,1.406000018119812,1.406000018119812,1.406000018119812,1.406000018119812,1.3899999856948853,1.3899999856948853,...,0.0,0.0,0.0,0.0,47.0,47.0,47.0,47.0,47.0,47.0,47.0,47.0,47.0,47.0,47.0,47.0,47.0,47.0,47.0,47.0,47.0,47.0,0.0,0.0,0.0,0.0,0.0,0.0,0.0,0.0,0.0,0.0,0.0,0.0,0.0,0.0,0.0,0.0,0.0,0.0,0.0,0.0,0.0,0.0,0.0,0.0,0.0,0.0,0.0,0.0,0.0,0.0,0.0,0.0,0.0,0.0,0.0,0.0,0.0,0.0,0.0,0.0,0.0,0.0,0.0,0.0,0.0,0.0,0.0,0.0,47.0,47.0,47.0,47.0,47.0,0.0,0.0,0.0,0.0,0.0,0.0,0.0,0.0,0.0,0.0,0.0,0.0,0.0,0.0,0.0,0.0,47.0,47.0,47.0,47.0,47.0,0.0,0.0,0.0,0.0,0.0,0.0,0.0,0.0,0.0,0.0,0.0,0.0,0.0,0.0,0.0,0.0,0.0,0.0,0.0,0.0,0.0,0.0,0.0,0.0,0.0,0.0,0.0,47.0,47.0,47.0,47.0,47.0,...
1763031133,89232514,laser,-3.1241390705108643,3.1415927410125732,0.0034828970674425364,5.375468754209578e-05,0.09670468419790268,0.15000000596046448,16.0,5.671999931335449,5.671999931335449,5.671999931335449,5.671999931335449,5.671999931335449,5.664000034332275,5.664000034332275,5.664000034332275,5.656000137329102,5.6479997634887695,5.6479997634887695,5.6479997634887695,5.664000034332275,5.664000034332275,5.664000034332275,5.656000137329102,5.656000137329102,5.656000137329102,5.6479997634887695,5.6479997634887695,5.6479997634887695,5.656000137329102,5.664000034332275,5.656000137329102,5.6479997634887695,5.6479997634887695,5.6479997634887695,5.664000034332275,5.664000034332275,5.664000034332275,5.664000034332275,5.664000034332275,5.656000137329102,5.656000137329102,5.656000137329102,inf,inf,inf,inf,inf,inf,inf,inf,inf,inf,inf,inf,inf,inf,inf,inf,3.815999984741211,3.815999984741211,3.815999984741211,3.815999984741211,3.815999984741211,3.759999990463257,3.759999990463257,3.759999990463257,3.759999990463257,3.759999990463257,3.752000093460083,3.740000009536743,3.74399995803833,3.747999906539917,3.752000093460083,2.884000062942505,2.884000062942505,2.884000062942505,2.819999933242798,2.819999933242798,2.75600004196167,2.75600004196167,2.6440000534057617,2.6440000534057617,2.5959999561309814,2.5399999618530273,2.4839999675750732,2.436000108718872,2.384000062942505,2.3359999656677246,2.2920000553131104,2.2679998874664307,2.2679998874664307,2.24399995803833,2.196000099182129,2.1519999504089355,2.1080000400543213,2.0840001106262207,2.052000045776367,2.0220000743865967,1.9919999837875366,1.9700000286102295,1.944000005722046,1.944000005722046,1.9160000085830688,1.9019999504089355,1.8980000019073486,1.8860000371932983,1.8660000562667847,1.850000023841858,1.8320000171661377,1.812000036239624,1.812000036239624,1.7860000133514404,1.7599999904632568,1.7400000095367432,1.718000054359436,1.7020000219345093,1.684000015258789,1.6619999408721924,1.6319999694824219,1.5160000324249268,1.5160000324249268,1.5019999742507935,1.4880000352859497,1.4880000352859497,1.4739999771118164,inf,inf,inf,1.409999966621399,1.409999966621399,1.409999966621399,1.409999966621399,1.409999966621399,1.399999976158142,1.399999976158142,...,0.0,0.0,0.0,0.0,47.0,47.0,47.0,47.0,47.0,47.0,47.0,47.0,47.0,47.0,47.0,47.0,47.0,47.0,47.0,47.0,47.0,0.0,0.0,0.0,0.0,0.0,0.0,0.0,0.0,0.0,0.0,0.0,0.0,0.0,0.0,0.0,0.0,0.0,0.0,0.0,0.0,0.0,0.0,0.0,0.0,0.0,0.0,0.0,0.0,0.0,0.0,0.0,0.0,0.0,0.0,0.0,0.0,0.0,0.0,0.0,0.0,0.0,0.0,0.0,0.0,0.0,0.0,0.0,0.0,0.0,0.0,0.0,0.0,0.0,0.0,0.0,0.0,0.0,0.0,0.0,0.0,0.0,0.0,0.0,0.0,0.0,0.0,0.0,0.0,0.0,0.0,0.0,0.0,0.0,0.0,0.0,0.0,0.0,0.0,0.0,0.0,0.0,0.0,0.0,0.0,0.0,0.0,0.0,0.0,0.0,0.0,0.0,0.0,0.0,0.0,0.0,0.0,0.0,0.0,0.0,0.0,0.0,0.0,0.0,0.0,0.0,0.0,0.0,...
1763031133,187537696,laser,-3.1241390705108643,3.1415927410125732,0.0034828970674425364,5.721201159758493e-05,0.1029244065284729,0.15000000596046448,16.0,5.679999828338623,5.679999828338623,5.679999828338623,5.679999828338623,5.679999828338623,5.664000034332275,5.664000034332275,5.656000137329102,5.656000137329102,5.6479997634887695,5.6479997634887695,5.664000034332275,5.664000034332275,5.664000034332275,5.656000137329102,5.656000137329102,5.656000137329102,5.656000137329102,5.6479997634887695,5.6479997634887695,5.6479997634887695,5.656000137329102,5.664000034332275,5.656000137329102,5.6479997634887695,5.6479997634887695,5.664000034332275,5.664000034332275,5.671999931335449,5.664000034332275,5.664000034332275,5.664000034332275,5.656000137329102,5.664000034332275,5.664000034332275,inf,inf,inf,inf,inf,inf,inf,inf,inf,inf,inf,inf,inf,inf,inf,4.015999794006348,4.015999794006348,4.015999794006348,4.015999794006348,4.015999794006348,3.9079999923706055,3.9079999923706055,3.803999900817871,3.803999900817871,3.74399995803833,3.752000093460083,3.747999906539917,3.74399995803833,3.747999906539917,3.747999906539917,3.747999906539917,3.752000093460083,2.940000057220459,2.880000114440918,2.880000114440918,2.880000114440918,2.815999984741211,2.74399995803833,2.684000015258789,2.640000104904175,2.5880000591278076,2.5320000648498535,2.4839999675750732,2.4839999675750732,2.380000114440918,2.380000114440918,2.3359999656677246,2.2960000038146973,2.240000009536743,2.2119998931884766,2.191999912261963,2.1440000534057617,2.1040000915527344,2.0799999237060547,2.0799999237060547,2.052000045776367,2.0160000324249268,1.9880000352859497,1.968000054359436,1.9459999799728394,1.9279999732971191,1.9179999828338623,1.906000018119812,1.8919999599456787,1.8919999599456787,1.871999979019165,1.850000023841858,1.8279999494552612,1.8040000200271606,1.7799999713897705,1.7580000162124634,1.7359999418258667,1.715999960899353,1.6959999799728394,1.6720000505447388,1.6720000505447388,1.6519999504089355,1.534000039100647,1.534000039100647,1.5080000162124634,1.496000051498413,1.4839999675750732,1.4739999771118164,inf,inf,inf,inf,inf,1.4040000438690186,1.4040000438690186,1.4040000438690186,1.4040000438690186,1.4040000438690186,...,0.0,0.0,0.0,0.0,0.0,0.0,47.0,47.0,47.0,47.0,47.0,47.0,47.0,47.0,47.0,47.0,47.0,47.0,47.0,47.0,47.0,0.0,0.0,0.0,0.0,0.0,0.0,0.0,0.0,0.0,0.0,0.0,0.0,0.0,0.0,0.0,0.0,0.0,0.0,0.0,0.0,0.0,0.0,0.0,0.0,0.0,0.0,0.0,0.0,0.0,0.0,0.0,0.0,0.0,0.0,0.0,0.0,0.0,0.0,0.0,0.0,0.0,0.0,0.0,0.0,0.0,0.0,0.0,0.0,0.0,0.0,0.0,0.0,0.0,0.0,0.0,0.0,0.0,0.0,0.0,0.0,0.0,0.0,0.0,0.0,0.0,0.0,0.0,0.0,0.0,0.0,0.0,0.0,0.0,0.0,0.0,0.0,0.0,0.0,0.0,0.0,0.0,0.0,0.0,0.0,0.0,0.0,47.0,47.0,47.0,47.0,47.0,0.0,0.0,0.0,0.0,0.0,0.0,0.0,0.0,0.0,0.0,0.0,0.0,0.0,0.0,47.0,47.0,...
1763031133,291832222,laser,-3.1241390705108643,3.1415927410125732,0.0034828970674425364,5.390222213463858e-05,0.0969701036810875,0.15000000596046448,16.0,5.671999931335449,5.671999931335449,5.671999931335449,5.671999931335449,5.664000034332275,5.664000034332275,5.664000034332275,5.664000034332275,5.656000137329102,5.656000137329102,5.6479997634887695,5.656000137329102,5.664000034332275,5.664000034332275,5.664000034332275,5.664000034332275,5.664000034332275,5.656000137329102,5.656000137329102,5.6479997634887695,5.6479997634887695,5.656000137329102,5.664000034332275,5.656000137329102,5.656000137329102,5.6479997634887695,5.6479997634887695,5.664000034332275,5.671999931335449,5.671999931335449,5.664000034332275,5.664000034332275,5.664000034332275,5.656000137329102,5.6479997634887695,inf,inf,inf,inf,inf,inf,inf,inf,inf,inf,inf,inf,inf,inf,inf,inf,inf,3.759999990463257,3.759999990463257,3.759999990463257,3.759999990463257,3.759999990463257,3.740000009536743,3.740000009536743,3.740000009536743,3.7320001125335693,3.740000009536743,3.740000009536743,3.752000093460083,3.752000093460083,3.752000093460083,2.884000062942505,2.884000062942505,2.884000062942505,2.884000062942505,2.8239998817443848,2.7639999389648438,2.7119998931884766,2.6519999504089355,2.5999999046325684,2.5999999046325684,2.5439999103546143,2.4839999675750732,2.436000108718872,2.388000011444092,2.3399999141693115,2.2960000038146973,2.2720000743865967,2.247999906539917,2.196000099182129,2.1519999504089355,2.1519999504089355,2.119999885559082,2.0959999561309814,2.052000045776367,2.0239999294281006,1.996000051498413,1.9700000286102295,1.9420000314712524,1.9140000343322754,1.9140000343322754,1.8760000467300415,1.8760000467300415,1.8660000562667847,1.850000023841858,1.8420000076293945,1.8300000429153442,1.812000036239624,1.7860000133514404,1.7619999647140503,1.7619999647140503,1.7419999837875366,1.722000002861023,1.7059999704360962,1.684000015258789,1.6619999408721924,1.6399999856948853,1.5140000581741333,1.50600004196167,1.50600004196167,1.4900000095367432,1.4759999513626099,1.4759999513626099,inf,inf,inf,inf,1.3980000019073486,1.3980000019073486,1.3980000019073486,1.3980000019073486,1.3980000019073486,1.3880000114440918,...,0.0,0.0,0.0,0.0,47.0,47.0,47.0,47.0,47.0,47.0,47.0,47.0,47.0,47.0,47.0,47.0,47.0,47.0,47.0,47.0,47.0,47.0,0.0,0.0,0.0,0.0,0.0,0.0,0.0,0.0,0.0,0.0,0.0,0.0,0.0,0.0,0.0,0.0,0.0,0.0,0.0,0.0,0.0,0.0,0.0,0.0,0.0,0.0,0.0,0.0,0.0,0.0,0.0,0.0,0.0,0.0,0.0,0.0,0.0,0.0,0.0,0.0,0.0,0.0,0.0,0.0,0.0,0.0,0.0,0.0,0.0,0.0,0.0,0.0,0.0,0.0,0.0,0.0,0.0,0.0,0.0,0.0,0.0,0.0,0.0,0.0,0.0,0.0,0.0,0.0,0.0,47.0,47.0,47.0,47.0,47.0,0.0,0.0,0.0,0.0,0.0,0.0,0.0,0.0,0.0,0.0,0.0,0.0,0.0,0.0,0.0,0.0,0.0,0.0,0.0,0.0,0.0,0.0,0.0,0.0,0.0,0.0,0.0,47.0,47.0,47.0,47.0,47.0,...
1763031133,390198635,laser,-3.1241390705108643,3.1415927410125732,0.0034828970674425364,5.379808135330677e-05,0.09678274393081665,0.15000000596046448,16.0,inf,5.671999931335449,5.671999931335449,5.671999931335449,5.671999931335449,5.671999931335449,5.664000034332275,5.656000137329102,5.656000137329102,5.6479997634887695,5.6479997634887695,5.664000034332275,5.664000034332275,5.664000034332275,5.656000137329102,5.656000137329102,5.656000137329102,5.656000137329102,5.656000137329102,5.656000137329102,5.656000137329102,5.656000137329102,5.664000034332275,5.656000137329102,5.6479997634887695,5.6479997634887695,5.656000137329102,5.664000034332275,5.664000034332275,5.664000034332275,5.664000034332275,5.664000034332275,5.656000137329102,5.664000034332275,inf,inf,inf,inf,inf,inf,inf,inf,inf,inf,inf,inf,inf,inf,inf,inf,inf,inf,3.75600004196167,3.75600004196167,3.75600004196167,3.75600004196167,3.75600004196167,3.75600004196167,3.75600004196167,3.75600004196167,3.747999906539917,3.740000009536743,3.740000009536743,3.74399995803833,3.747999906539917,3.752000093460083,2.884000062942505,2.884000062942505,2.884000062942505,2.884000062942505,2.8239998817443848,2.7639999389648438,2.7119998931884766,2.6480000019073486,2.5999999046325684,2.5999999046325684,2.5439999103546143,2.48799991607666,2.436000108718872,2.388000011444092,2.3399999141693115,2.2960000038146973,2.2720000743865967,2.24399995803833,2.196000099182129,2.1519999504089355,2.1519999504089355,2.119999885559082,2.0959999561309814,2.052000045776367,2.0199999809265137,1.99399995803833,1.9700000286102295,1.9420000314712524,1.9140000343322754,1.9140000343322754,1.8760000467300415,1.8639999628067017,1.8639999628067017,1.8480000495910645,1.8420000076293945,1.8300000429153442,1.809999942779541,1.7860000133514404,1.7619999647140503,1.7619999647140503,1.722000002861023,1.722000002861023,1.7039999961853027,1.684000015258789,1.6619999408721924,1.6399999856948853,1.5140000581741333,1.50600004196167,1.50600004196167,1.4900000095367432,1.4800000190734863,1.4800000190734863,inf,inf,inf,inf,1.3980000019073486,1.3980000019073486,1.3980000019073486,1.3980000019073486,1.3980000019073486,1.3880000114440918,...,0.0,0.0,0.0,0.0,0.0,47.0,47.0,47.0,47.0,47.0,47.0,47.0,47.0,47.0,47.0,47.0,47.0,47.0,47.0,47.0,0.0,0.0,0.0,0.0,0.0,0.0,0.0,0.0,0.0,0.0,0.0,0.0,0.0,0.0,0.0,0.0,0.0,0.0,0.0,0.0,0.0,0.0,0.0,0.0,0.0,0.0,0.0,0.0,0.0,0.0,0.0,0.0,0.0,0.0,0.0,0.0,0.0,0.0,0.0,0.0,0.0,0.0,0.0,0.0,0.0,0.0,0.0,0.0,0.0,0.0,0.0,0.0,0.0,0.0,0.0,0.0,0.0,0.0,0.0,0.0,0.0,0.0,0.0,0.0,0.0,0.0,0.0,0.0,0.0,0.0,0.0,0.0,0.0,0.0,0.0,0.0,0.0,0.0,0.0,0.0,0.0,0.0,0.0,0.0,0.0,0.0,47.0,47.0,47.0,47.0,47.0,0.0,0.0,0.0,0.0,0.0,0.0,0.0,0.0,0.0,0.0,0.0,0.0,0.0,0.0,47.0,47.0,47.0,...
1763031133,488544691,laser,-3.1241390705108643,3.1415927410125732,0.0034828970674425364,5.373742169467732e-05,0.09667361527681351,0.15000000596046448,16.0,inf,5.679999828338623,5.679999828338623,5.679999828338623,5.679999828338623,5.679999828338623,5.664000034332275,5.656000137329102,5.656000137329102,5.6479997634887695,5.6479997634887695,5.664000034332275,5.664000034332275,5.664000034332275,5.656000137329102,5.656000137329102,5.656000137329102,5.656000137329102,5.6479997634887695,5.6479997634887695,5.6479997634887695,5.656000137329102,5.664000034332275,5.656000137329102,5.6479997634887695,5.6479997634887695,5.664000034332275,5.671999931335449,5.671999931335449,5.671999931335449,5.664000034332275,5.664000034332275,5.656000137329102,5.664000034332275,inf,inf,inf,inf,inf,inf,inf,inf,inf,inf,inf,inf,inf,inf,inf,inf,inf,inf,inf,3.759999990463257,3.759999990463257,3.759999990463257,3.759999990463257,3.759999990463257,3.7320001125335693,3.7320001125335693,3.7239999771118164,3.7239999771118164,3.740000009536743,3.747999906539917,3.752000093460083,3.752000093460083,2.884000062942505,2.884000062942505,2.8239998817443848,2.8239998817443848,2.8239998817443848,2.7639999389648438,2.7119998931884766,2.6519999504089355,2.5999999046325684,2.5999999046325684,2.5480000972747803,2.48799991607666,2.440000057220459,2.388000011444092,2.3440001010894775,2.299999952316284,2.2839999198913574,2.196000099182129,2.1559998989105225,2.1559998989105225,2.1559998989105225,2.119999885559082,2.0920000076293945,2.055999994277954,2.0239999294281006,2.003999948501587,1.9880000352859497,1.9639999866485596,1.9459999799728394,1.9459999799728394,1.934000015258789,1.9220000505447388,1.906000018119812,1.8819999694824219,1.8600000143051147,1.840000033378601,1.815999984741211,1.7899999618530273,1.7899999618530273,1.7660000324249268,1.746000051498413,1.7259999513626099,1.7039999961853027,1.684000015258789,1.6619999408721924,1.6399999856948853,1.5199999809265137,1.5199999809265137,1.50600004196167,1.4900000095367432,1.4800000190734863,1.4800000190734863,1.465999960899353,inf,inf,inf,inf,1.399999976158142,1.399999976158142,1.399999976158142,1.399999976158142,1.399999976158142,...,0.0,0.0,0.0,0.0,47.0,47.0,47.0,47.0,47.0,47.0,47.0,47.0,47.0,47.0,47.0,47.0,47.0,47.0,47.0,47.0,0.0,0.0,0.0,0.0,0.0,0.0,0.0,0.0,0.0,0.0,0.0,0.0,0.0,0.0,0.0,0.0,0.0,0.0,0.0,0.0,0.0,0.0,0.0,0.0,0.0,0.0,0.0,0.0,0.0,0.0,0.0,0.0,0.0,0.0,0.0,0.0,0.0,0.0,0.0,0.0,0.0,0.0,0.0,0.0,0.0,0.0,0.0,0.0,0.0,0.0,0.0,0.0,0.0,0.0,0.0,0.0,0.0,0.0,0.0,0.0,0.0,0.0,0.0,0.0,0.0,0.0,0.0,0.0,0.0,47.0,47.0,47.0,47.0,47.0,0.0,0.0,0.0,0.0,0.0,0.0,0.0,0.0,0.0,0.0,0.0,0.0,0.0,0.0,0.0,0.0,0.0,0.0,0.0,0.0,0.0,0.0,0.0,0.0,0.0,0.0,0.0,0.0,0.0,0.0,0.0,0.0,0.0,0.0,...
1763031133,586665032,laser,-3.1241390705108643,3.1415927410125732,0.0034828970674425364,5.716266969102435e-05,0.10283564031124115,0.15000000596046448,16.0,5.679999828338623,5.679999828338623,5.679999828338623,5.664000034332275,5.664000034332275,5.664000034332275,5.664000034332275,5.664000034332275,5.656000137329102,5.6479997634887695,5.656000137329102,5.664000034332275,5.664000034332275,5.664000034332275,5.656000137329102,5.656000137329102,5.656000137329102,5.656000137329102,5.6479997634887695,5.656000137329102,5.656000137329102,5.656000137329102,5.664000034332275,5.664000034332275,5.6479997634887695,5.6479997634887695,5.656000137329102,5.664000034332275,5.664000034332275,5.671999931335449,5.664000034332275,5.664000034332275,5.656000137329102,5.656000137329102,inf,inf,inf,inf,inf,inf,inf,inf,inf,inf,inf,inf,inf,inf,inf,inf,inf,3.884000062942505,3.884000062942505,3.884000062942505,3.884000062942505,3.884000062942505,3.7920000553131104,3.7920000553131104,3.7920000553131104,3.740000009536743,3.7320001125335693,3.7360000610351562,3.747999906539917,3.747999906539917,3.747999906539917,3.747999906539917,2.936000108718872,2.936000108718872,2.936000108718872,2.936000108718872,2.868000030517578,2.799999952316284,2.7320001125335693,2.671999931335449,2.615999937057495,2.568000078201294,2.5280001163482666,2.5280001163482666,2.4760000705718994,2.4200000762939453,2.371999979019165,2.3359999656677246,2.312000036239624,2.200000047683716,2.200000047683716,2.187999963760376,2.135999917984009,2.0999999046325684,2.0799999237060547,2.0799999237060547,2.052000045776367,2.0160000324249268,1.9839999675750732,1.9520000219345093,1.9220000505447388,1.9079999923706055,1.899999976158142,1.8880000114440918,1.8760000467300415,1.8600000143051147,1.8600000143051147,1.840000033378601,1.8240000009536743,1.8040000200271606,1.7760000228881836,1.7519999742507935,1.7319999933242798,1.7120000123977661,1.6920000314712524,1.6920000314712524,1.6699999570846558,1.649999976158142,1.496000051498413,1.496000051498413,1.496000051498413,1.496000051498413,1.4839999675750732,inf,inf,inf,inf,1.399999976158142,1.399999976158142,1.399999976158142,1.399999976158142,1.399999976158142,1.3899999856948853,1.3899999856948853,...,0.0,0.0,0.0,0.0,47.0,47.0,47.0,47.0,47.0,47.0,47.0,47.0,47.0,47.0,47.0,47.0,47.0,47.0,47.0,0.0,0.0,0.0,0.0,0.0,0.0,0.0,0.0,0.0,0.0,0.0,0.0,0.0,0.0,0.0,0.0,0.0,0.0,0.0,0.0,0.0,0.0,0.0,0.0,0.0,0.0,0.0,0.0,0.0,0.0,0.0,0.0,0.0,0.0,0.0,0.0,0.0,0.0,0.0,0.0,0.0,0.0,0.0,0.0,0.0,0.0,0.0,0.0,0.0,0.0,0.0,0.0,0.0,0.0,0.0,0.0,0.0,0.0,0.0,0.0,0.0,0.0,0.0,0.0,0.0,0.0,0.0,0.0,0.0,0.0,0.0,0.0,47.0,47.0,47.0,47.0,47.0,0.0,0.0,0.0,0.0,0.0,0.0,0.0,0.0,0.0,0.0,0.0,0.0,0.0,0.0,0.0,0.0,0.0,0.0,0.0,0.0,0.0,0.0,0.0,0.0,0.0,0.0,0.0,47.0,47.0,47.0,47.0,47.0,...
1763031133,691300500,laser,-3.1241390705108643,3.1415927410125732,0.0034828970674425364,5.366992991184816e-05,0.09655220806598663,0.15000000596046448,16.0,5.664000034332275,5.664000034332275,5.664000034332275,5.664000034332275,5.664000034332275,5.664000034332275,5.664000034332275,5.664000034332275,5.664000034332275,5.656000137329102,5.656000137329102,5.656000137329102,5.656000137329102,5.656000137329102,5.656000137329102,5.656000137329102,5.656000137329102,5.6479997634887695,5.6479997634887695,5.6479997634887695,5.6479997634887695,5.664000034332275,5.664000034332275,5.664000034332275,5.656000137329102,5.656000137329102,5.656000137329102,5.664000034332275,5.664000034332275,5.664000034332275,5.664000034332275,5.671999931335449,5.664000034332275,5.664000034332275,5.656000137329102,inf,inf,inf,inf,inf,inf,inf,inf,inf,inf,inf,inf,inf,inf,inf,inf,inf,inf,3.815999984741211,3.815999984741211,3.815999984741211,3.815999984741211,3.815999984741211,3.75600004196167,3.7360000610351562,3.7279999256134033,3.7360000610351562,3.747999906539917,3.747999906539917,3.752000093460083,3.752000093460083,2.884000062942505,2.884000062942505,2.8480000495910645,2.8480000495910645,2.8480000495910645,2.7119998931884766,2.7119998931884766,2.6519999504089355,2.6040000915527344,2.5480000972747803,2.5480000972747803,2.48799991607666,2.436000108718872,2.380000114440918,2.3399999141693115,2.299999952316284,2.2839999198913574,2.200000047683716,2.1600000858306885,2.1600000858306885,2.124000072479248,2.124000072479248,2.0920000076293945,2.055999994277954,2.0220000743865967,1.9900000095367432,1.968000054359436,1.9459999799728394,1.9119999408721924,1.8819999694824219,1.8700000047683716,1.8639999628067017,1.8639999628067017,1.850000023841858,1.8420000076293945,1.8300000429153442,1.812000036239624,1.7899999618530273,1.7660000324249268,1.7660000324249268,1.7239999771118164,1.7239999771118164,1.7039999961853027,1.687999963760376,1.6640000343322754,1.6399999856948853,1.5140000581741333,1.5140000581741333,1.50600004196167,1.4919999837875366,1.4800000190734863,1.4800000190734863,1.465999960899353,1.465999960899353,1.465999960899353,1.4279999732971191,1.4279999732971191,1.4279999732971191,1.399999976158142,1.399999976158142,1.399999976158142,1.399999976158142,...,0.0,0.0,0.0,0.0,47.0,47.0,47.0,47.0,47.0,47.0,47.0,47.0,47.0,47.0,47.0,47.0,47.0,47.0,47.0,47.0,0.0,0.0,0.0,0.0,0.0,0.0,0.0,0.0,0.0,0.0,0.0,0.0,0.0,0.0,0.0,0.0,0.0,0.0,0.0,0.0,0.0,0.0,0.0,0.0,0.0,0.0,0.0,0.0,0.0,0.0,0.0,0.0,0.0,0.0,0.0,0.0,0.0,0.0,0.0,0.0,0.0,0.0,0.0,0.0,0.0,0.0,0.0,0.0,0.0,0.0,0.0,0.0,0.0,0.0,0.0,0.0,0.0,0.0,0.0,0.0,0.0,0.0,0.0,0.0,0.0,0.0,0.0,0.0,0.0,0.0,0.0,0.0,0.0,0.0,0.0,0.0,0.0,0.0,0.0,0.0,0.0,0.0,0.0,0.0,0.0,0.0,0.0,0.0,0.0,0.0,0.0,0.0,0.0,0.0,0.0,0.0,0.0,0.0,0.0,0.0,0.0,0.0,0.0,0.0,0.0,0.0,0.0,0.0,...
1763031133,789565125,laser,-3.1241390705108643,3.1415927410125732,0.0034828970674425364,5.3578318329527974e-05,0.09638739377260208,0.15000000596046448,16.0,5.679999828338623,5.679999828338623,5.679999828338623,5.664000034332275,5.664000034332275,5.664000034332275,5.664000034332275,5.664000034332275,5.656000137329102,5.6479997634887695,5.656000137329102,5.664000034332275,5.664000034332275,5.664000034332275,5.656000137329102,5.656000137329102,5.656000137329102,5.656000137329102,5.6479997634887695,5.656000137329102,5.656000137329102,5.656000137329102,5.664000034332275,5.664000034332275,5.6479997634887695,5.6479997634887695,5.656000137329102,5.664000034332275,5.671999931335449,5.671999931335449,5.664000034332275,5.664000034332275,5.656000137329102,5.664000034332275,inf,inf,inf,inf,inf,inf,inf,inf,inf,inf,inf,inf,4.084000110626221,4.084000110626221,4.084000110626221,4.084000110626221,4.084000110626221,3.9839999675750732,3.9839999675750732,3.9839999675750732,3.880000114440918,3.880000114440918,3.880000114440918,3.7880001068115234,3.7880001068115234,3.740000009536743,3.7320001125335693,3.7360000610351562,3.74399995803833,3.74399995803833,3.747999906539917,3.747999906539917,2.936000108718872,2.868000030517578,2.868000030517578,2.868000030517578,2.868000030517578,2.799999952316284,2.7320001125335693,2.6640000343322754,2.615999937057495,2.572000026702881,2.5280001163482666,2.4719998836517334,2.4719998836517334,2.368000030517578,2.368000030517578,2.328000068664551,2.299999952316284,2.187999963760376,2.184000015258789,2.184000015258789,2.135999917984009,2.1040000915527344,2.0759999752044678,2.0460000038146973,2.0139999389648438,2.0139999389648438,1.9839999675750732,1.9500000476837158,1.9220000505447388,1.9079999923706055,1.9019999504089355,1.8940000534057617,1.878000020980835,1.8619999885559082,1.8619999885559082,1.8420000076293945,1.8240000009536743,1.8020000457763672,1.7760000228881836,1.7519999742507935,1.7280000448226929,1.7079999446868896,1.690000057220459,1.6660000085830688,1.6660000085830688,1.6460000276565552,1.5240000486373901,1.5240000486373901,1.5080000162124634,1.4980000257492065,1.4859999418258667,inf,inf,inf,inf,inf,1.399999976158142,1.399999976158142,1.399999976158142,1.399999976158142,1.399999976158142,1.3880000114440918,...,0.0,0.0,0.0,0.0,0.0,47.0,47.0,47.0,47.0,47.0,47.0,47.0,47.0,47.0,47.0,47.0,47.0,47.0,47.0,0.0,0.0,0.0,0.0,0.0,0.0,0.0,0.0,0.0,0.0,0.0,0.0,0.0,0.0,0.0,0.0,0.0,0.0,0.0,0.0,0.0,0.0,0.0,0.0,0.0,0.0,0.0,0.0,0.0,0.0,0.0,0.0,0.0,0.0,0.0,0.0,0.0,0.0,0.0,0.0,0.0,0.0,0.0,0.0,0.0,0.0,0.0,0.0,0.0,0.0,0.0,0.0,0.0,0.0,0.0,0.0,0.0,0.0,0.0,0.0,0.0,0.0,0.0,0.0,0.0,0.0,0.0,0.0,0.0,0.0,0.0,0.0,0.0,0.0,0.0,0.0,0.0,0.0,0.0,0.0,0.0,0.0,0.0,0.0,0.0,0.0,47.0,47.0,47.0,47.0,47.0,0.0,0.0,0.0,0.0,0.0,0.0,0.0,0.0,0.0,0.0,0.0,0.0,0.0,47.0,47.0,47.0,47.0,47.0,...
1763031133,886722341,laser,-3.1241390705108643,3.1415927410125732,0.0034828970674425364,5.4247575462795794e-05,0.09759139269590378,0.15000000596046448,16.0,inf,5.664000034332275,5.664000034332275,5.664000034332275,5.664000034332275,5.664000034332275,5.664000034332275,5.664000034332275,5.656000137329102,5.656000137329102,5.6479997634887695,5.656000137329102,5.656000137329102,5.656000137329102,5.656000137329102,5.656000137329102,5.656000137329102,5.6479997634887695,5.6479997634887695,5.6479997634887695,5.6479997634887695,5.664000034332275,5.664000034332275,5.656000137329102,5.656000137329102,5.656000137329102,5.6479997634887695,5.664000034332275,5.671999931335449,5.664000034332275,5.664000034332275,5.664000034332275,5.664000034332275,5.664000034332275,5.656000137329102,inf,inf,inf,inf,inf,inf,inf,inf,inf,inf,inf,inf,inf,inf,inf,inf,inf,3.868000030517578,3.868000030517578,3.868000030517578,3.868000030517578,3.868000030517578,3.7839999198913574,3.7839999198913574,3.740000009536743,3.7320001125335693,3.7360000610351562,3.747999906539917,3.747999906539917,3.747999906539917,3.747999906539917,3.747999906539917,2.9040000438690186,2.9040000438690186,2.9040000438690186,2.859999895095825,2.7960000038146973,2.7320001125335693,2.6640000343322754,2.611999988555908,2.572000026702881,2.572000026702881,2.503999948501587,2.4519999027252197,2.4119999408721924,2.368000030517578,2.328000068664551,2.299999952316284,2.1760001182556152,2.1760001182556152,2.171999931335449,2.131999969482422,2.0999999046325684,2.0999999046325684,2.0759999752044678,2.0439999103546143,2.0160000324249268,1.9900000095367432,1.9700000286102295,1.9479999542236328,1.934000015258789,1.9259999990463257,1.9259999990463257,1.9079999923706055,1.8880000114440918,1.8680000305175781,1.8420000076293945,1.8240000009536743,1.8020000457763672,1.7760000228881836,1.7519999742507935,1.7280000448226929,1.7059999704360962,1.7059999704360962,1.687999963760376,1.6660000085830688,1.6419999599456787,1.5160000324249268,1.5080000162124634,1.5080000162124634,1.496000051498413,1.4839999675750732,1.465999960899353,1.4279999732971191,1.4279999732971191,1.4279999732971191,1.4279999732971191,1.4279999732971191,1.3960000276565552,1.3960000276565552,1.3960000276565552,1.3839999437332153,1.3839999437332153,...,0.0,0.0,0.0,0.0,47.0,47.0,47.0,47.0,47.0,47.0,47.0,47.0,47.0,47.0,47.0,47.0,47.0,47.0,47.0,47.0,47.0,47.0,0.0,0.0,0.0,0.0,0.0,0.0,0.0,0.0,0.0,0.0,0.0,0.0,0.0,0.0,0.0,0.0,0.0,0.0,0.0,0.0,0.0,0.0,0.0,0.0,0.0,0.0,0.0,0.0,0.0,0.0,0.0,0.0,0.0,0.0,0.0,0.0,0.0,0.0,0.0,0.0,0.0,0.0,0.0,0.0,0.0,0.0,0.0,0.0,0.0,0.0,0.0,0.0,0.0,0.0,0.0,0.0,0.0,0.0,0.0,0.0,0.0,0.0,0.0,0.0,0.0,0.0,0.0,0.0,0.0,0.0,0.0,0.0,0.0,0.0,0.0,0.0,0.0,0.0,0.0,0.0,0.0,0.0,0.0,0.0,0.0,0.0,0.0,0.0,0.0,0.0,0.0,0.0,0.0,0.0,0.0,0.0,0.0,0.0,0.0,0.0,0.0,0.0,0.0,0.0,0.0,0.0,...
1763031133,986027033,laser,-3.1241390705108643,3.1415927410125732,0.0034828970674425364,5.709230026695877e-05,0.10270904749631882,0.15000000596046448,16.0,5.664000034332275,5.664000034332275,5.664000034332275,5.664000034332275,5.664000034332275,5.656000137329102,5.656000137329102,5.656000137329102,5.656000137329102,5.6479997634887695,5.6479997634887695,5.656000137329102,5.656000137329102,5.656000137329102,5.656000137329102,5.656000137329102,5.664000034332275,5.6479997634887695,5.6479997634887695,5.6479997634887695,5.6479997634887695,5.656000137329102,5.656000137329102,5.664000034332275,5.656000137329102,5.6479997634887695,5.6479997634887695,5.664000034332275,5.671999931335449,5.671999931335449,5.664000034332275,5.664000034332275,5.664000034332275,5.664000034332275,5.656000137329102,inf,inf,inf,inf,inf,inf,inf,inf,inf,inf,inf,inf,inf,inf,inf,3.880000114440918,3.880000114440918,3.880000114440918,3.880000114440918,3.880000114440918,3.7880001068115234,3.7880001068115234,3.7880001068115234,3.7880001068115234,3.740000009536743,3.7360000610351562,3.740000009536743,3.74399995803833,3.747999906539917,3.747999906539917,3.747999906539917,2.936000108718872,2.936000108718872,2.936000108718872,2.864000082015991,2.864000082015991,2.799999952316284,2.7320001125335693,2.6679999828338623,2.619999885559082,2.572000026702881,2.5239999294281006,2.5239999294281006,2.4719998836517334,2.4119999408721924,2.368000030517578,2.3239998817443848,2.2960000038146973,2.187999963760376,2.187999963760376,2.184000015258789,2.131999969482422,2.0999999046325684,2.0999999046325684,2.063999891281128,2.0360000133514404,2.01200008392334,1.9800000190734863,1.9500000476837158,1.9160000085830688,1.8980000019073486,1.8880000114440918,1.8760000467300415,1.8660000562667847,1.8559999465942383,1.8559999465942383,1.8339999914169312,1.8200000524520874,1.7999999523162842,1.7740000486373901,1.7519999742507935,1.7319999933242798,1.7120000123977661,1.690000057220459,1.690000057220459,1.6660000085830688,1.6460000276565552,1.5080000162124634,1.5080000162124634,1.5080000162124634,1.4980000257492065,1.4859999418258667,inf,inf,inf,inf,inf,inf,1.4019999504089355,1.4019999504089355,1.4019999504089355,1.4019999504089355,1.4019999504089355,...,0.0,0.0,0.0,0.0,47.0,47.0,47.0,47.0,47.0,47.0,47.0,47.0,47.0,47.0,47.0,47.0,47.0,47.0,47.0,47.0,0.0,0.0,0.0,0.0,0.0,0.0,0.0,0.0,0.0,0.0,0.0,0.0,0.0,0.0,0.0,0.0,0.0,0.0,0.0,0.0,0.0,0.0,0.0,0.0,0.0,0.0,0.0,0.0,0.0,0.0,0.0,0.0,0.0,0.0,0.0,0.0,0.0,0.0,0.0,0.0,0.0,0.0,0.0,0.0,0.0,0.0,0.0,0.0,0.0,0.0,0.0,0.0,0.0,0.0,0.0,0.0,0.0,0.0,0.0,0.0,0.0,0.0,0.0,0.0,0.0,0.0,0.0,0.0,0.0,0.0,0.0,0.0,0.0,0.0,0.0,0.0,0.0,0.0,0.0,0.0,0.0,0.0,0.0,0.0,0.0,0.0,0.0,0.0,0.0,0.0,0.0,0.0,0.0,0.0,0.0,0.0,0.0,0.0,0.0,0.0,0.0,0.0,0.0,0.0,0.0,0.0,0.0,0.0,...
1763031134,90311998,laser,-3.1241390705108643,3.1415927410125732,0.0034828970674425364,5.375231194193475e-05,0.09670040756464005,0.15000000596046448,16.0,5.671999931335449,5.671999931335449,5.671999931335449,5.671999931335449,5.656000137329102,5.656000137329102,5.656000137329102,5.664000034332275,5.664000034332275,5.6479997634887695,5.6479997634887695,5.656000137329102,5.664000034332275,5.664000034332275,5.664000034332275,5.656000137329102,5.656000137329102,5.6479997634887695,5.656000137329102,5.656000137329102,5.6479997634887695,5.656000137329102,5.664000034332275,5.664000034332275,5.656000137329102,5.656000137329102,5.656000137329102,5.664000034332275,5.671999931335449,5.664000034332275,5.664000034332275,5.664000034332275,5.664000034332275,5.664000034332275,5.656000137329102,inf,inf,inf,inf,inf,inf,inf,inf,inf,inf,inf,inf,inf,inf,inf,inf,3.815999984741211,3.815999984741211,3.815999984741211,3.815999984741211,3.815999984741211,3.752000093460083,3.752000093460083,3.752000093460083,3.752000093460083,3.752000093460083,3.7360000610351562,3.7360000610351562,3.74399995803833,3.747999906539917,3.752000093460083,2.880000114440918,2.880000114440918,2.880000114440918,2.8239998817443848,2.8239998817443848,2.75600004196167,2.700000047683716,2.6480000019073486,2.5999999046325684,2.5999999046325684,2.5399999618530273,2.48799991607666,2.444000005722046,2.384000062942505,2.3359999656677246,2.2960000038146973,2.25600004196167,2.2279999256134033,2.200000047683716,2.200000047683716,2.1559998989105225,2.111999988555908,2.0799999237060547,2.0480000972747803,2.0139999389648438,1.9859999418258667,1.9620000123977661,1.934000015258789,1.9040000438690186,1.9040000438690186,1.8799999952316284,1.871999979019165,1.8660000562667847,1.850000023841858,1.840000033378601,1.8220000267028809,1.805999994277954,1.805999994277954,1.7879999876022339,1.7619999647140503,1.7359999418258667,1.715999960899353,1.7020000219345093,1.6820000410079956,1.659999966621399,1.6299999952316284,1.5140000581741333,1.5140000581741333,1.5,1.4880000352859497,1.4880000352859497,1.4759999513626099,inf,inf,inf,1.406000018119812,1.406000018119812,1.406000018119812,1.406000018119812,1.406000018119812,1.3980000019073486,1.3980000019073486,...,0.0,0.0,0.0,0.0,47.0,47.0,47.0,47.0,47.0,47.0,47.0,47.0,47.0,47.0,47.0,47.0,47.0,47.0,47.0,47.0,47.0,47.0,0.0,0.0,0.0,0.0,0.0,0.0,0.0,0.0,0.0,0.0,0.0,0.0,0.0,0.0,0.0,0.0,0.0,0.0,0.0,0.0,0.0,0.0,0.0,0.0,0.0,0.0,0.0,0.0,0.0,0.0,0.0,0.0,0.0,0.0,0.0,0.0,0.0,0.0,0.0,0.0,0.0,0.0,0.0,0.0,0.0,0.0,0.0,0.0,47.0,47.0,47.0,47.0,47.0,0.0,0.0,0.0,0.0,0.0,0.0,0.0,0.0,0.0,0.0,0.0,0.0,0.0,0.0,0.0,0.0,47.0,47.0,47.0,47.0,47.0,0.0,0.0,0.0,0.0,0.0,0.0,0.0,0.0,0.0,0.0,0.0,0.0,0.0,0.0,0.0,0.0,0.0,0.0,0.0,0.0,0.0,0.0,0.0,0.0,0.0,0.0,0.0,47.0,47.0,47.0,47.0,47.0,...
1763031134,188555756,laser,-3.1241390705108643,3.1415927410125732,0.0034828970674425364,5.3763887990498915e-05,0.09672123193740845,0.15000000596046448,16.0,5.679999828338623,5.679999828338623,5.679999828338623,5.679999828338623,5.656000137329102,5.656000137329102,5.656000137329102,5.656000137329102,5.656000137329102,5.6479997634887695,5.6479997634887695,5.664000034332275,5.664000034332275,5.664000034332275,5.656000137329102,5.656000137329102,5.656000137329102,5.656000137329102,5.6479997634887695,5.6479997634887695,5.6479997634887695,5.656000137329102,5.664000034332275,5.664000034332275,5.656000137329102,5.6479997634887695,5.656000137329102,5.671999931335449,5.671999931335449,5.671999931335449,5.664000034332275,5.656000137329102,5.656000137329102,5.664000034332275,inf,inf,inf,inf,inf,inf,inf,inf,inf,inf,inf,inf,inf,inf,inf,inf,inf,3.9839999675750732,3.9839999675750732,3.9839999675750732,3.9839999675750732,3.9839999675750732,3.8959999084472656,3.803999900817871,3.74399995803833,3.74399995803833,3.740000009536743,3.7360000610351562,3.740000009536743,3.747999906539917,3.747999906539917,2.936000108718872,2.936000108718872,2.936000108718872,2.936000108718872,2.871999979019165,2.871999979019165,2.803999900817871,2.7360000610351562,2.671999931335449,2.619999885559082,2.572000026702881,2.5239999294281006,2.4040000438690186,2.4040000438690186,2.368000030517578,2.3359999656677246,2.3359999656677246,2.2960000038146973,2.2039999961853027,2.2039999961853027,2.184000015258789,2.135999917984009,2.1040000915527344,2.0799999237060547,2.052000045776367,2.052000045776367,2.003999948501587,2.003999948501587,1.9859999418258667,1.9700000286102295,1.9559999704360962,1.9459999799728394,1.9240000247955322,1.9019999504089355,1.878000020980835,1.850000023841858,1.850000023841858,1.8240000009536743,1.8020000457763672,1.777999997138977,1.753999948501587,1.7319999933242798,1.7120000123977661,1.6920000314712524,1.6699999570846558,1.6699999570846558,1.649999976158142,1.5080000162124634,1.5080000162124634,1.5080000162124634,1.496000051498413,1.4839999675750732,1.4780000448226929,inf,inf,inf,1.4040000438690186,1.4040000438690186,1.4040000438690186,1.4040000438690186,1.4040000438690186,1.3880000114440918,1.3880000114440918,...,0.0,0.0,0.0,0.0,47.0,47.0,47.0,47.0,47.0,47.0,47.0,47.0,47.0,47.0,47.0,47.0,47.0,47.0,47.0,47.0,47.0,0.0,0.0,0.0,0.0,0.0,0.0,0.0,0.0,0.0,0.0,0.0,0.0,0.0,0.0,0.0,0.0,0.0,0.0,0.0,0.0,0.0,0.0,0.0,0.0,0.0,0.0,0.0,0.0,0.0,0.0,0.0,0.0,0.0,0.0,0.0,0.0,0.0,0.0,0.0,0.0,0.0,0.0,0.0,0.0,0.0,0.0,0.0,0.0,0.0,0.0,0.0,0.0,0.0,0.0,0.0,0.0,0.0,0.0,0.0,0.0,0.0,0.0,0.0,0.0,0.0,0.0,0.0,0.0,0.0,0.0,0.0,0.0,0.0,0.0,0.0,0.0,0.0,0.0,0.0,0.0,0.0,0.0,0.0,0.0,0.0,0.0,47.0,47.0,47.0,47.0,47.0,0.0,0.0,0.0,0.0,0.0,0.0,0.0,0.0,0.0,0.0,0.0,0.0,0.0,0.0,47.0,47.0,...
1763031134,286750860,laser,-3.1241390705108643,3.1415927410125732,0.0034828970674425364,5.380213769967668e-05,0.09679004549980164,0.15000000596046448,16.0,5.671999931335449,5.671999931335449,5.671999931335449,5.671999931335449,5.671999931335449,5.664000034332275,5.664000034332275,5.664000034332275,5.656000137329102,5.656000137329102,5.656000137329102,5.656000137329102,5.664000034332275,5.664000034332275,5.664000034332275,5.664000034332275,5.656000137329102,5.656000137329102,5.656000137329102,5.6479997634887695,5.6479997634887695,5.664000034332275,5.664000034332275,5.656000137329102,5.6479997634887695,5.6479997634887695,5.6479997634887695,5.664000034332275,5.671999931335449,5.664000034332275,5.664000034332275,5.664000034332275,5.656000137329102,5.656000137329102,5.6479997634887695,inf,inf,inf,inf,inf,inf,inf,inf,inf,inf,inf,inf,inf,inf,inf,inf,inf,3.752000093460083,3.752000093460083,3.752000093460083,3.752000093460083,3.752000093460083,3.740000009536743,3.740000009536743,3.740000009536743,3.740000009536743,3.740000009536743,3.7360000610351562,3.74399995803833,3.747999906539917,3.752000093460083,2.8959999084472656,2.8959999084472656,2.8959999084472656,2.8959999084472656,2.819999933242798,2.819999933242798,2.75600004196167,2.700000047683716,2.6440000534057617,2.5959999561309814,2.5399999618530273,2.48799991607666,2.444000005722046,2.384000062942505,2.3359999656677246,2.2920000553131104,2.259999990463257,2.259999990463257,2.2360000610351562,2.200000047683716,2.1519999504089355,2.1080000400543213,2.0799999237060547,2.052000045776367,2.0199999809265137,2.002000093460083,1.9780000448226929,1.9459999799728394,1.9459999799728394,1.9279999732971191,1.9199999570846558,1.9079999923706055,1.8940000534057617,1.8739999532699585,1.850000023841858,1.8300000429153442,1.809999942779541,1.809999942779541,1.781999945640564,1.7580000162124634,1.7359999418258667,1.715999960899353,1.7020000219345093,1.6820000410079956,1.659999966621399,1.6239999532699585,1.5080000162124634,1.5,1.5,1.5,1.4880000352859497,1.4759999513626099,inf,inf,inf,inf,1.406000018119812,1.406000018119812,1.406000018119812,1.406000018119812,1.406000018119812,1.3960000276565552,...,0.0,0.0,0.0,0.0,47.0,47.0,47.0,47.0,47.0,47.0,47.0,47.0,47.0,47.0,47.0,47.0,47.0,47.0,47.0,47.0,47.0,0.0,0.0,0.0,0.0,0.0,0.0,0.0,0.0,0.0,0.0,0.0,0.0,0.0,0.0,0.0,0.0,0.0,0.0,0.0,0.0,0.0,0.0,0.0,0.0,0.0,0.0,0.0,0.0,0.0,0.0,0.0,0.0,0.0,0.0,0.0,0.0,0.0,0.0,0.0,0.0,0.0,0.0,0.0,0.0,0.0,0.0,0.0,0.0,47.0,47.0,47.0,47.0,47.0,0.0,0.0,0.0,0.0,0.0,0.0,0.0,0.0,0.0,0.0,0.0,0.0,0.0,0.0,0.0,0.0,47.0,47.0,47.0,47.0,47.0,0.0,0.0,0.0,0.0,0.0,0.0,0.0,0.0,0.0,0.0,0.0,0.0,0.0,0.0,0.0,0.0,0.0,0.0,0.0,0.0,0.0,0.0,0.0,0.0,0.0,0.0,0.0,0.0,0.0,0.0,0.0,47.0,47.0,...
1763031134,385074468,laser,-3.1241390705108643,3.1415927410125732,0.0034828970674425364,5.379672802519053e-05,0.09678030759096146,0.15000000596046448,16.0,inf,5.679999828338623,5.679999828338623,5.679999828338623,5.679999828338623,5.679999828338623,5.664000034332275,5.664000034332275,5.656000137329102,5.6479997634887695,5.6479997634887695,5.664000034332275,5.664000034332275,5.664000034332275,5.656000137329102,5.656000137329102,5.656000137329102,5.656000137329102,5.6479997634887695,5.6479997634887695,5.6479997634887695,5.656000137329102,5.664000034332275,5.664000034332275,5.6479997634887695,5.6479997634887695,5.664000034332275,5.664000034332275,5.671999931335449,5.671999931335449,5.664000034332275,5.656000137329102,5.656000137329102,5.664000034332275,inf,inf,inf,inf,inf,inf,inf,inf,inf,inf,inf,inf,inf,inf,inf,inf,3.992000102996826,3.992000102996826,3.992000102996826,3.992000102996826,3.992000102996826,3.8959999084472656,3.8959999084472656,3.803999900817871,3.803999900817871,3.747999906539917,3.74399995803833,3.740000009536743,3.740000009536743,3.747999906539917,3.747999906539917,3.747999906539917,3.75600004196167,2.936000108718872,2.880000114440918,2.880000114440918,2.880000114440918,2.828000068664551,2.684000015258789,2.684000015258789,2.6440000534057617,2.5840001106262207,2.5280001163482666,2.4760000705718994,2.4159998893737793,2.371999979019165,2.371999979019165,2.3359999656677246,2.2920000553131104,2.2320001125335693,2.2039999961853027,2.196000099182129,2.1480000019073486,2.1040000915527344,2.0799999237060547,2.053999900817871,2.053999900817871,2.009999990463257,1.9800000190734863,1.9520000219345093,1.9179999828338623,1.8960000276565552,1.8760000467300415,1.8559999465942383,1.8420000076293945,1.8259999752044678,1.8179999589920044,1.8179999589920044,1.809999942779541,1.7960000038146973,1.777999997138977,1.7580000162124634,1.7359999418258667,1.715999960899353,1.6959999799728394,1.6720000505447388,1.6720000505447388,1.6519999504089355,1.621999979019165,1.5080000162124634,1.5080000162124634,1.496000051498413,1.4819999933242798,1.4759999513626099,inf,inf,inf,inf,inf,1.406000018119812,1.406000018119812,1.406000018119812,1.406000018119812,1.406000018119812,...,0.0,0.0,0.0,0.0,0.0,47.0,47.0,47.0,47.0,47.0,47.0,47.0,47.0,47.0,47.0,47.0,47.0,47.0,47.0,47.0,0.0,0.0,0.0,0.0,0.0,0.0,0.0,0.0,0.0,0.0,0.0,0.0,0.0,0.0,0.0,0.0,0.0,0.0,0.0,0.0,0.0,0.0,0.0,0.0,0.0,0.0,0.0,0.0,0.0,0.0,0.0,0.0,0.0,0.0,0.0,0.0,0.0,0.0,0.0,0.0,0.0,0.0,0.0,0.0,0.0,0.0,0.0,0.0,0.0,0.0,0.0,0.0,0.0,0.0,0.0,0.0,0.0,0.0,0.0,0.0,0.0,0.0,0.0,0.0,0.0,0.0,0.0,0.0,0.0,0.0,0.0,0.0,0.0,0.0,0.0,0.0,0.0,0.0,0.0,0.0,0.0,0.0,0.0,0.0,0.0,0.0,0.0,0.0,0.0,0.0,0.0,0.0,0.0,0.0,0.0,0.0,0.0,0.0,0.0,0.0,0.0,0.0,0.0,0.0,0.0,0.0,0.0,0.0,...
1763031134,483319256,laser,-3.1241390705108643,3.1415927410125732,0.0034828970674425364,5.7202101743314415e-05,0.10290657728910446,0.15000000596046448,16.0,5.671999931335449,5.671999931335449,5.671999931335449,5.671999931335449,5.664000034332275,5.664000034332275,5.664000034332275,5.664000034332275,5.656000137329102,5.656000137329102,5.656000137329102,5.656000137329102,5.664000034332275,5.664000034332275,5.656000137329102,5.656000137329102,5.656000137329102,5.656000137329102,5.656000137329102,5.656000137329102,5.6479997634887695,5.656000137329102,5.664000034332275,5.664000034332275,5.664000034332275,5.6479997634887695,5.6479997634887695,5.664000034332275,5.671999931335449,5.671999931335449,5.664000034332275,5.664000034332275,5.664000034332275,5.656000137329102,5.6479997634887695,inf,inf,inf,inf,inf,inf,inf,inf,inf,inf,inf,inf,inf,inf,3.9839999675750732,3.9839999675750732,3.9839999675750732,3.9839999675750732,3.9839999675750732,3.871999979019165,3.871999979019165,3.871999979019165,3.871999979019165,3.7839999198913574,3.74399995803833,3.7360000610351562,3.7360000610351562,3.747999906539917,3.747999906539917,3.747999906539917,3.747999906539917,3.747999906539917,2.9200000762939453,2.864000082015991,2.864000082015991,2.864000082015991,2.799999952316284,2.7320001125335693,2.6640000343322754,2.611999988555908,2.572000026702881,2.572000026702881,2.5239999294281006,2.4079999923706055,2.4079999923706055,2.371999979019165,2.328000068664551,2.299999952316284,2.180000066757202,2.184000015258789,2.184000015258789,2.135999917984009,2.1040000915527344,2.1040000915527344,2.0739998817443848,2.0439999103546143,2.009999990463257,1.9800000190734863,1.9500000476837158,1.9160000085830688,1.8960000276565552,1.8880000114440918,1.8819999694824219,1.8700000047683716,1.8700000047683716,1.8559999465942383,1.8359999656677246,1.8179999589920044,1.7999999523162842,1.7760000228881836,1.7519999742507935,1.7319999933242798,1.7100000381469727,1.7100000381469727,1.6859999895095825,1.6640000343322754,1.6460000276565552,1.5299999713897705,1.5299999713897705,1.5099999904632568,1.4980000257492065,1.4839999675750732,1.465999960899353,inf,1.4299999475479126,1.4299999475479126,1.4299999475479126,1.4299999475479126,1.4299999475479126,1.3980000019073486,1.3980000019073486,1.3980000019073486,1.3839999437332153,...,0.0,0.0,0.0,0.0,47.0,47.0,47.0,47.0,47.0,47.0,47.0,47.0,47.0,47.0,47.0,47.0,47.0,47.0,47.0,47.0,47.0,47.0,0.0,0.0,0.0,0.0,0.0,0.0,0.0,0.0,0.0,0.0,0.0,0.0,0.0,0.0,0.0,0.0,0.0,0.0,0.0,0.0,0.0,0.0,0.0,0.0,0.0,0.0,0.0,0.0,0.0,0.0,0.0,0.0,0.0,0.0,0.0,0.0,0.0,0.0,0.0,0.0,0.0,0.0,0.0,0.0,0.0,0.0,0.0,0.0,0.0,0.0,0.0,0.0,0.0,0.0,0.0,0.0,0.0,0.0,0.0,0.0,0.0,0.0,0.0,0.0,0.0,0.0,0.0,0.0,0.0,47.0,47.0,47.0,47.0,47.0,0.0,0.0,0.0,0.0,0.0,0.0,0.0,0.0,0.0,0.0,0.0,0.0,0.0,0.0,0.0,0.0,0.0,0.0,0.0,0.0,0.0,0.0,0.0,0.0,0.0,0.0,0.0,47.0,47.0,47.0,47.0,47.0,...
1763031134,587855649,laser,-3.1241390705108643,3.1415927410125732,0.0034828970674425364,5.363163654692471e-05,0.09648331999778748,0.15000000596046448,16.0,inf,5.664000034332275,5.664000034332275,5.664000034332275,5.664000034332275,5.664000034332275,5.664000034332275,5.664000034332275,5.664000034332275,5.656000137329102,5.6479997634887695,5.656000137329102,5.656000137329102,5.656000137329102,5.664000034332275,5.664000034332275,5.664000034332275,5.656000137329102,5.656000137329102,5.656000137329102,5.656000137329102,5.664000034332275,5.664000034332275,5.664000034332275,5.656000137329102,5.656000137329102,5.656000137329102,5.664000034332275,5.671999931335449,5.664000034332275,5.664000034332275,5.664000034332275,5.664000034332275,5.664000034332275,5.656000137329102,inf,inf,inf,inf,inf,inf,inf,inf,inf,inf,inf,inf,inf,inf,inf,inf,inf,3.888000011444092,3.888000011444092,3.888000011444092,3.888000011444092,3.888000011444092,3.799999952316284,3.74399995803833,3.74399995803833,3.74399995803833,3.74399995803833,3.747999906539917,3.747999906539917,3.752000093460083,2.9200000762939453,2.9200000762939453,2.864000082015991,2.864000082015991,2.864000082015991,2.864000082015991,2.799999952316284,2.7320001125335693,2.6640000343322754,2.615999937057495,2.572000026702881,2.51200008392334,2.4679999351501465,2.4240000247955322,2.368000030517578,2.3320000171661377,2.3320000171661377,2.303999900817871,2.196000099182129,2.180000066757202,2.180000066757202,2.135999917984009,2.1040000915527344,2.0799999237060547,2.052000045776367,2.052000045776367,1.9980000257492065,1.9980000257492065,1.9780000448226929,1.9639999866485596,1.9479999542236328,1.937999963760376,1.9199999570846558,1.8960000276565552,1.8960000276565552,1.871999979019165,1.8480000495910645,1.8259999752044678,1.7999999523162842,1.7760000228881836,1.7519999742507935,1.7319999933242798,1.7100000381469727,1.687999963760376,1.687999963760376,1.6679999828338623,1.649999976158142,1.5199999809265137,1.5199999809265137,1.50600004196167,1.496000051498413,1.4839999675750732,inf,inf,inf,inf,inf,1.4019999504089355,1.4019999504089355,1.4019999504089355,1.4019999504089355,1.4019999504089355,1.3880000114440918,...,0.0,0.0,0.0,0.0,47.0,47.0,47.0,47.0,47.0,47.0,47.0,47.0,47.0,47.0,47.0,47.0,47.0,47.0,47.0,0.0,0.0,0.0,0.0,0.0,0.0,0.0,0.0,0.0,0.0,0.0,0.0,0.0,0.0,0.0,0.0,0.0,0.0,0.0,0.0,0.0,0.0,0.0,0.0,0.0,0.0,0.0,0.0,0.0,0.0,0.0,0.0,0.0,0.0,0.0,0.0,0.0,0.0,0.0,0.0,0.0,0.0,0.0,0.0,0.0,0.0,0.0,0.0,0.0,0.0,0.0,0.0,0.0,0.0,0.0,0.0,0.0,0.0,0.0,0.0,0.0,0.0,0.0,0.0,0.0,0.0,0.0,0.0,0.0,0.0,0.0,0.0,0.0,0.0,0.0,0.0,0.0,0.0,0.0,0.0,0.0,0.0,0.0,0.0,0.0,0.0,0.0,0.0,0.0,0.0,0.0,0.0,0.0,0.0,0.0,0.0,0.0,0.0,0.0,0.0,0.0,0.0,0.0,0.0,0.0,0.0,0.0,0.0,0.0,...
1763031134,685549111,laser,-3.1241390705108643,3.1415927410125732,0.0034828970674425364,5.399004658102058e-05,0.09712809324264526,0.15000000596046448,16.0,inf,5.671999931335449,5.671999931335449,5.671999931335449,5.671999931335449,5.671999931335449,5.664000034332275,5.664000034332275,5.656000137329102,5.6479997634887695,5.6479997634887695,5.656000137329102,5.664000034332275,5.664000034332275,5.664000034332275,5.664000034332275,5.656000137329102,5.656000137329102,5.656000137329102,5.656000137329102,5.6479997634887695,5.656000137329102,5.664000034332275,5.664000034332275,5.6479997634887695,5.6479997634887695,5.6479997634887695,5.664000034332275,5.671999931335449,5.671999931335449,5.664000034332275,5.664000034332275,5.656000137329102,5.656000137329102,5.6479997634887695,inf,inf,inf,inf,inf,inf,inf,inf,inf,inf,inf,inf,inf,inf,inf,inf,3.875999927520752,3.875999927520752,3.875999927520752,3.875999927520752,3.875999927520752,3.7839999198913574,3.7839999198913574,3.7839999198913574,3.74399995803833,3.740000009536743,3.74399995803833,3.747999906539917,3.747999906539917,3.747999906539917,3.747999906539917,2.9240000247955322,2.9240000247955322,2.9240000247955322,2.9240000247955322,2.864000082015991,2.799999952316284,2.7320001125335693,2.6640000343322754,2.615999937057495,2.572000026702881,2.51200008392334,2.4679999351501465,2.4200000762939453,2.371999979019165,2.371999979019165,2.3320000171661377,2.303999900817871,2.196000099182129,2.196000099182129,2.184000015258789,2.135999917984009,2.1040000915527344,2.0799999237060547,2.052000045776367,2.052000045776367,1.9800000190734863,1.9800000190734863,1.9539999961853027,1.937999963760376,1.9240000247955322,1.9140000343322754,1.9019999504089355,1.8819999694824219,1.8660000562667847,1.8459999561309814,1.8459999561309814,1.8240000009536743,1.7999999523162842,1.777999997138977,1.753999948501587,1.7319999933242798,1.7100000381469727,1.690000057220459,1.6699999570846558,1.6480000019073486,1.6480000019073486,1.5080000162124634,1.5080000162124634,1.5080000162124634,1.496000051498413,1.4859999418258667,inf,inf,inf,inf,1.399999976158142,1.399999976158142,1.399999976158142,1.399999976158142,1.399999976158142,1.3860000371932983,1.3860000371932983,...,0.0,0.0,0.0,0.0,47.0,47.0,47.0,47.0,47.0,47.0,47.0,47.0,47.0,47.0,47.0,47.0,47.0,47.0,47.0,47.0,47.0,47.0,47.0,0.0,0.0,0.0,0.0,0.0,0.0,0.0,0.0,0.0,0.0,0.0,0.0,0.0,0.0,0.0,0.0,0.0,0.0,0.0,0.0,0.0,0.0,0.0,0.0,0.0,0.0,0.0,0.0,0.0,0.0,0.0,0.0,0.0,0.0,0.0,0.0,0.0,0.0,0.0,0.0,0.0,0.0,0.0,0.0,0.0,0.0,0.0,0.0,0.0,0.0,0.0,0.0,0.0,0.0,0.0,0.0,0.0,0.0,0.0,0.0,0.0,0.0,0.0,0.0,0.0,0.0,0.0,0.0,0.0,0.0,0.0,0.0,0.0,0.0,0.0,0.0,0.0,0.0,0.0,0.0,0.0,0.0,0.0,47.0,47.0,47.0,47.0,47.0,0.0,0.0,0.0,0.0,0.0,0.0,0.0,0.0,0.0,0.0,0.0,0.0,0.0,0.0,47.0,47.0,47.0,...
1763031134,784219536,laser,-3.1241390705108643,3.1415927410125732,0.0034828970674425364,5.37396663276013e-05,0.09667766094207764,0.15000000596046448,16.0,5.656000137329102,5.656000137329102,5.656000137329102,5.656000137329102,5.656000137329102,5.664000034332275,5.664000034332275,5.664000034332275,5.664000034332275,5.656000137329102,5.6479997634887695,5.656000137329102,5.664000034332275,5.664000034332275,5.664000034332275,5.664000034332275,5.664000034332275,5.656000137329102,5.656000137329102,5.656000137329102,5.6479997634887695,5.656000137329102,5.664000034332275,5.664000034332275,5.664000034332275,5.656000137329102,5.6479997634887695,5.664000034332275,5.671999931335449,5.671999931335449,5.671999931335449,5.671999931335449,5.664000034332275,5.664000034332275,5.656000137329102,inf,inf,inf,inf,inf,inf,inf,inf,inf,inf,inf,inf,inf,inf,inf,inf,3.992000102996826,3.992000102996826,3.992000102996826,3.992000102996826,3.992000102996826,3.8919999599456787,3.803999900817871,3.747999906539917,3.747999906539917,3.74399995803833,3.740000009536743,3.74399995803833,3.747999906539917,3.747999906539917,3.752000093460083,3.752000093460083,2.880000114440918,2.880000114440918,2.7360000610351562,2.7360000610351562,2.7360000610351562,2.7360000610351562,2.684000015258789,2.6440000534057617,2.5920000076293945,2.5360000133514404,2.4760000705718994,2.427999973297119,2.380000114440918,2.3320000171661377,2.2920000553131104,2.2920000553131104,2.247999906539917,2.2200000286102295,2.196000099182129,2.1480000019073486,2.115999937057495,2.0880000591278076,2.052000045776367,2.0160000324249268,1.9859999418258667,1.965999960899353,1.965999960899353,1.937999963760376,1.9179999828338623,1.8980000019073486,1.8860000371932983,1.8799999952316284,1.8660000562667847,1.850000023841858,1.8320000171661377,1.809999942779541,1.809999942779541,1.784000039100647,1.7599999904632568,1.7400000095367432,1.7200000286102295,1.6979999542236328,1.6779999732971191,1.659999966621399,1.6319999694824219,1.5199999809265137,1.5199999809265137,1.503999948501587,1.4880000352859497,1.4880000352859497,1.4739999771118164,inf,inf,inf,inf,inf,inf,1.399999976158142,1.399999976158142,1.399999976158142,1.399999976158142,...,0.0,0.0,0.0,0.0,47.0,47.0,47.0,47.0,47.0,47.0,47.0,47.0,47.0,47.0,47.0,47.0,47.0,47.0,47.0,47.0,47.0,47.0,47.0,47.0,0.0,0.0,0.0,0.0,0.0,0.0,0.0,0.0,0.0,0.0,0.0,0.0,0.0,0.0,0.0,0.0,0.0,0.0,0.0,0.0,0.0,0.0,0.0,0.0,0.0,0.0,0.0,0.0,0.0,0.0,0.0,0.0,0.0,0.0,0.0,0.0,0.0,0.0,0.0,0.0,0.0,0.0,0.0,0.0,0.0,0.0,0.0,0.0,0.0,0.0,0.0,0.0,0.0,0.0,0.0,0.0,0.0,0.0,0.0,0.0,0.0,0.0,0.0,0.0,0.0,0.0,0.0,0.0,0.0,0.0,0.0,0.0,0.0,0.0,0.0,0.0,0.0,0.0,0.0,0.0,0.0,0.0,0.0,0.0,0.0,0.0,0.0,0.0,0.0,0.0,0.0,0.0,0.0,0.0,0.0,0.0,0.0,0.0,0.0,0.0,0.0,0.0,0.0,0.0,...
1763031134,882627380,laser,-3.1241390705108643,3.1415927410125732,0.0034828970674425364,5.7060264225583524e-05,0.10265141725540161,0.15000000596046448,16.0,5.671999931335449,5.671999931335449,5.671999931335449,5.671999931335449,5.671999931335449,5.664000034332275,5.664000034332275,5.671999931335449,5.656000137329102,5.656000137329102,5.6479997634887695,5.656000137329102,5.664000034332275,5.664000034332275,5.664000034332275,5.664000034332275,5.656000137329102,5.656000137329102,5.656000137329102,5.656000137329102,5.6479997634887695,5.656000137329102,5.664000034332275,5.664000034332275,5.664000034332275,5.6479997634887695,5.6479997634887695,5.664000034332275,5.679999828338623,5.671999931335449,5.671999931335449,5.664000034332275,5.664000034332275,5.656000137329102,5.656000137329102,inf,inf,inf,inf,inf,inf,inf,inf,inf,inf,inf,inf,inf,inf,inf,inf,3.992000102996826,3.992000102996826,3.992000102996826,3.992000102996826,3.992000102996826,3.888000011444092,3.7960000038146973,3.7960000038146973,3.74399995803833,3.74399995803833,3.740000009536743,3.74399995803833,3.752000093460083,3.747999906539917,3.752000093460083,3.752000093460083,2.940000057220459,2.940000057220459,2.880000114440918,2.880000114440918,2.812000036239624,2.7360000610351562,2.684000015258789,2.640000104904175,2.5880000591278076,2.5360000133514404,2.4800000190734863,2.4200000762939453,2.371999979019165,2.3359999656677246,2.3359999656677246,2.2920000553131104,2.240000009536743,2.2119998931884766,2.196000099182129,2.1440000534057617,2.1040000915527344,2.0799999237060547,2.0480000972747803,2.0160000324249268,1.9880000352859497,1.9880000352859497,1.965999960899353,1.9420000314712524,1.9279999732971191,1.9179999828338623,1.906000018119812,1.8960000276565552,1.8739999532699585,1.850000023841858,1.8320000171661377,1.8320000171661377,1.809999942779541,1.784000039100647,1.7599999904632568,1.7400000095367432,1.718000054359436,1.7020000219345093,1.6820000410079956,1.659999966621399,1.659999966621399,1.5,1.5,1.5,1.5,1.4880000352859497,1.4739999771118164,inf,inf,inf,1.409999966621399,1.409999966621399,1.409999966621399,1.409999966621399,1.409999966621399,1.399999976158142,1.399999976158142,...,0.0,0.0,0.0,0.0,47.0,47.0,47.0,47.0,47.0,47.0,47.0,47.0,47.0,47.0,47.0,47.0,47.0,47.0,47.0,47.0,0.0,0.0,0.0,0.0,0.0,0.0,0.0,0.0,0.0,0.0,0.0,0.0,0.0,0.0,0.0,0.0,0.0,0.0,0.0,0.0,0.0,0.0,0.0,0.0,0.0,0.0,0.0,0.0,0.0,0.0,0.0,0.0,0.0,0.0,0.0,0.0,0.0,0.0,0.0,0.0,0.0,0.0,0.0,0.0,0.0,0.0,0.0,0.0,0.0,0.0,0.0,0.0,0.0,0.0,0.0,0.0,0.0,0.0,0.0,0.0,0.0,0.0,0.0,0.0,0.0,0.0,0.0,0.0,0.0,0.0,0.0,0.0,0.0,0.0,0.0,0.0,0.0,0.0,0.0,0.0,0.0,0.0,0.0,0.0,0.0,0.0,0.0,0.0,0.0,0.0,0.0,0.0,0.0,0.0,0.0,0.0,0.0,0.0,0.0,0.0,0.0,0.0,0.0,0.0,0.0,47.0,47.0,47.0,...
1763031134,986908208,laser,-3.1241390705108643,3.1415927410125732,0.0034828970674425364,5.36651823495049e-05,0.09654366225004196,0.15000000596046448,16.0,5.664000034332275,5.664000034332275,5.664000034332275,5.664000034332275,5.664000034332275,5.664000034332275,5.664000034332275,5.671999931335449,5.671999931335449,5.656000137329102,5.6479997634887695,5.656000137329102,5.656000137329102,5.656000137329102,5.664000034332275,5.664000034332275,5.664000034332275,5.656000137329102,5.656000137329102,5.656000137329102,5.6479997634887695,5.656000137329102,5.664000034332275,5.664000034332275,5.664000034332275,5.656000137329102,5.6479997634887695,5.664000034332275,5.679999828338623,5.671999931335449,5.671999931335449,5.671999931335449,5.664000034332275,5.656000137329102,5.656000137329102,inf,inf,inf,inf,inf,inf,inf,inf,inf,inf,inf,inf,inf,inf,inf,inf,inf,inf,3.759999990463257,3.759999990463257,3.759999990463257,3.759999990463257,3.759999990463257,3.7360000610351562,3.7360000610351562,3.7239999771118164,3.7360000610351562,3.747999906539917,3.747999906539917,3.75600004196167,3.752000093460083,2.884000062942505,2.884000062942505,2.8320000171661377,2.8320000171661377,2.8320000171661377,2.7839999198913574,2.7279999256134033,2.6559998989105225,2.611999988555908,2.563999891281128,2.563999891281128,2.5,2.447999954223633,2.3919999599456787,2.3519999980926514,2.2839999198913574,2.2839999198913574,2.1760001182556152,2.1600000858306885,2.1600000858306885,2.128000020980835,2.0999999046325684,2.0999999046325684,2.072000026702881,2.0420000553131104,2.0139999389648438,1.9759999513626099,1.9479999542236328,1.9299999475479126,1.9140000343322754,1.906000018119812,1.8980000019073486,1.8980000019073486,1.8639999628067017,1.8639999628067017,1.8420000076293945,1.8220000267028809,1.7979999780654907,1.7719999551773071,1.7519999742507935,1.7300000190734863,1.7059999704360962,1.684000015258789,1.684000015258789,1.6640000343322754,1.6460000276565552,1.5299999713897705,1.5299999713897705,1.5080000162124634,1.496000051498413,1.4859999418258667,1.468000054359436,inf,inf,inf,inf,1.399999976158142,1.399999976158142,1.399999976158142,1.399999976158142,1.399999976158142,1.3880000114440918,...,0.0,0.0,0.0,0.0,47.0,47.0,47.0,47.0,47.0,47.0,47.0,47.0,47.0,47.0,47.0,47.0,47.0,47.0,47.0,47.0,47.0,47.0,47.0,0.0,0.0,0.0,0.0,0.0,0.0,0.0,0.0,0.0,0.0,0.0,0.0,0.0,0.0,0.0,0.0,0.0,0.0,0.0,0.0,0.0,0.0,0.0,0.0,0.0,0.0,0.0,0.0,0.0,0.0,0.0,0.0,0.0,0.0,0.0,0.0,0.0,0.0,0.0,0.0,0.0,0.0,0.0,0.0,0.0,0.0,0.0,0.0,0.0,0.0,0.0,0.0,0.0,0.0,0.0,0.0,0.0,0.0,0.0,0.0,0.0,0.0,0.0,0.0,0.0,0.0,0.0,0.0,0.0,0.0,0.0,0.0,0.0,0.0,0.0,0.0,0.0,0.0,0.0,0.0,0.0,0.0,0.0,0.0,0.0,0.0,0.0,0.0,0.0,0.0,0.0,0.0,0.0,0.0,0.0,0.0,0.0,0.0,0.0,0.0,0.0,47.0,47.0,47.0,47.0,...
1763031135,84322215,laser,-3.1241390705108643,3.1415927410125732,0.0034828970674425364,5.4198524594539776e-05,0.09750314801931381,0.15000000596046448,16.0,5.671999931335449,5.671999931335449,5.671999931335449,5.664000034332275,5.664000034332275,5.664000034332275,5.664000034332275,5.671999931335449,5.656000137329102,5.6479997634887695,5.6479997634887695,5.664000034332275,5.664000034332275,5.664000034332275,5.656000137329102,5.664000034332275,5.656000137329102,5.656000137329102,5.6479997634887695,5.6479997634887695,5.6479997634887695,5.656000137329102,5.664000034332275,5.664000034332275,5.6479997634887695,5.6479997634887695,5.664000034332275,5.679999828338623,5.679999828338623,5.671999931335449,5.664000034332275,5.656000137329102,5.656000137329102,5.664000034332275,inf,inf,inf,inf,inf,inf,inf,inf,inf,inf,inf,inf,inf,inf,inf,inf,inf,4.02400016784668,4.02400016784668,4.02400016784668,4.02400016784668,4.02400016784668,3.9079999923706055,3.803999900817871,3.752000093460083,3.747999906539917,3.747999906539917,3.74399995803833,3.740000009536743,3.74399995803833,3.747999906539917,3.752000093460083,2.880000114440918,2.880000114440918,2.880000114440918,2.828000068664551,2.828000068664551,2.752000093460083,2.752000093460083,2.6440000534057617,2.6440000534057617,2.5959999561309814,2.5439999103546143,2.496000051498413,2.447999954223633,2.384000062942505,2.3359999656677246,2.2960000038146973,2.2639999389648438,2.2639999389648438,2.2360000610351562,2.196000099182129,2.1600000858306885,2.115999937057495,2.0799999237060547,2.0480000972747803,2.0179998874664307,1.9919999837875366,1.965999960899353,1.940000057220459,1.9079999923706055,1.9079999923706055,1.8799999952316284,1.8680000305175781,1.8580000400543213,1.8380000591278076,1.8300000429153442,1.8220000267028809,1.805999994277954,1.7860000133514404,1.7640000581741333,1.7640000581741333,1.74399995803833,1.7200000286102295,1.7020000219345093,1.684000015258789,1.6619999408721924,1.6399999856948853,1.5240000486373901,1.5240000486373901,1.50600004196167,1.4900000095367432,1.4800000190734863,1.468000054359436,1.468000054359436,inf,1.4299999475479126,1.4299999475479126,1.4299999475479126,1.4299999475479126,1.4299999475479126,1.399999976158142,1.399999976158142,1.399999976158142,...,0.0,0.0,0.0,0.0,47.0,47.0,47.0,47.0,47.0,47.0,47.0,47.0,47.0,47.0,47.0,47.0,47.0,47.0,47.0,47.0,47.0,47.0,47.0,47.0,47.0,0.0,0.0,0.0,0.0,0.0,0.0,0.0,0.0,0.0,0.0,0.0,0.0,0.0,0.0,0.0,0.0,0.0,0.0,0.0,0.0,0.0,0.0,0.0,0.0,0.0,0.0,0.0,0.0,0.0,0.0,0.0,0.0,0.0,0.0,0.0,0.0,0.0,0.0,0.0,0.0,0.0,0.0,0.0,0.0,0.0,0.0,0.0,0.0,0.0,0.0,0.0,0.0,0.0,0.0,0.0,0.0,0.0,0.0,0.0,0.0,0.0,0.0,0.0,0.0,0.0,0.0,0.0,0.0,0.0,0.0,0.0,0.0,0.0,0.0,0.0,0.0,0.0,0.0,0.0,0.0,0.0,0.0,0.0,0.0,0.0,0.0,0.0,0.0,0.0,0.0,0.0,0.0,0.0,0.0,0.0,0.0,0.0,0.0,0.0,0.0,0.0,0.0,0.0,...
1763031135,183261318,laser,-3.1241390705108643,3.1415927410125732,0.0034828970674425364,5.717094609281048e-05,0.1028505340218544,0.15000000596046448,16.0,5.664000034332275,5.664000034332275,5.664000034332275,5.664000034332275,5.664000034332275,5.664000034332275,5.664000034332275,5.664000034332275,5.656000137329102,5.656000137329102,5.6479997634887695,5.656000137329102,5.664000034332275,5.664000034332275,5.664000034332275,5.664000034332275,5.656000137329102,5.656000137329102,5.664000034332275,5.6479997634887695,5.6479997634887695,5.656000137329102,5.664000034332275,5.664000034332275,5.6479997634887695,5.6479997634887695,5.6479997634887695,5.664000034332275,5.679999828338623,5.671999931335449,5.671999931335449,5.664000034332275,5.656000137329102,5.656000137329102,5.656000137329102,inf,inf,inf,inf,inf,inf,inf,inf,inf,inf,inf,4.127999782562256,4.127999782562256,4.127999782562256,4.127999782562256,4.127999782562256,inf,3.884000062942505,3.884000062942505,3.884000062942505,3.884000062942505,3.884000062942505,3.7960000038146973,3.7960000038146973,3.74399995803833,3.74399995803833,3.747999906539917,3.752000093460083,3.747999906539917,3.747999906539917,3.747999906539917,3.752000093460083,2.880000114440918,2.880000114440918,2.880000114440918,2.880000114440918,2.7360000610351562,2.7360000610351562,2.687999963760376,2.640000104904175,2.5799999237060547,2.5280001163482666,2.4800000190734863,2.4240000247955322,2.375999927520752,2.3320000171661377,2.3320000171661377,2.2920000553131104,2.2360000610351562,2.2079999446868896,2.196000099182129,2.1440000534057617,2.1040000915527344,2.0840001106262207,2.0480000972747803,2.01200008392334,1.9859999418258667,1.9859999418258667,1.9559999704360962,1.9279999732971191,1.9119999408721924,1.899999976158142,1.8899999856948853,1.8819999694824219,1.8660000562667847,1.843999981880188,1.8259999752044678,1.8259999752044678,1.8079999685287476,1.784000039100647,1.7599999904632568,1.7380000352859497,1.715999960899353,1.7020000219345093,1.6820000410079956,1.659999966621399,1.659999966621399,1.5099999904632568,1.5019999742507935,1.5019999742507935,1.5019999742507935,1.4900000095367432,1.4739999771118164,inf,inf,inf,inf,1.409999966621399,1.409999966621399,1.409999966621399,1.409999966621399,1.409999966621399,1.399999976158142,...,0.0,0.0,0.0,0.0,47.0,47.0,47.0,47.0,47.0,47.0,47.0,47.0,47.0,47.0,47.0,47.0,47.0,47.0,47.0,47.0,0.0,0.0,0.0,0.0,0.0,0.0,0.0,0.0,0.0,0.0,0.0,0.0,0.0,0.0,0.0,0.0,0.0,0.0,0.0,0.0,0.0,0.0,0.0,0.0,0.0,0.0,0.0,0.0,0.0,0.0,0.0,0.0,0.0,0.0,0.0,0.0,0.0,0.0,0.0,0.0,0.0,0.0,0.0,0.0,0.0,0.0,0.0,0.0,47.0,47.0,47.0,47.0,47.0,0.0,0.0,0.0,0.0,0.0,0.0,0.0,0.0,0.0,0.0,0.0,0.0,0.0,0.0,0.0,0.0,0.0,0.0,0.0,0.0,0.0,0.0,0.0,0.0,0.0,0.0,0.0,0.0,0.0,0.0,0.0,0.0,0.0,0.0,0.0,0.0,0.0,0.0,0.0,0.0,0.0,0.0,0.0,0.0,0.0,0.0,0.0,0.0,0.0,0.0,0.0,0.0,0.0,0.0,0.0,...
1763031135,286931633,laser,-3.1241390705108643,3.1415927410125732,0.0034828970674425364,5.418105865828693e-05,0.09747172147035599,0.15000000596046448,16.0,inf,5.656000137329102,5.656000137329102,5.656000137329102,5.656000137329102,5.656000137329102,5.664000034332275,5.664000034332275,5.664000034332275,5.656000137329102,5.6479997634887695,5.656000137329102,5.656000137329102,5.656000137329102,5.664000034332275,5.664000034332275,5.664000034332275,5.656000137329102,5.656000137329102,5.6479997634887695,5.6479997634887695,5.664000034332275,5.664000034332275,5.664000034332275,5.656000137329102,5.656000137329102,5.6479997634887695,5.664000034332275,5.679999828338623,5.671999931335449,5.664000034332275,5.664000034332275,5.664000034332275,5.664000034332275,5.656000137329102,inf,inf,inf,inf,inf,inf,inf,inf,inf,inf,inf,inf,inf,inf,inf,inf,inf,inf,3.759999990463257,3.759999990463257,3.759999990463257,3.759999990463257,3.759999990463257,3.752000093460083,3.752000093460083,3.740000009536743,3.740000009536743,3.740000009536743,3.74399995803833,3.747999906539917,3.752000093460083,2.884000062942505,2.884000062942505,2.828000068664551,2.828000068664551,2.828000068664551,2.7760000228881836,2.6440000534057617,2.6440000534057617,2.5959999561309814,2.5959999561309814,2.5439999103546143,2.4800000190734863,2.436000108718872,2.388000011444092,2.3480000495910645,2.303999900817871,2.2799999713897705,2.196000099182129,2.1600000858306885,2.1600000858306885,2.128000020980835,2.128000020980835,2.0920000076293945,2.059999942779541,2.0280001163482666,2.002000093460083,1.9839999675750732,1.9600000381469727,1.9420000314712524,1.9279999732971191,1.9279999732971191,1.9179999828338623,1.9040000438690186,1.8819999694824219,1.8600000143051147,1.840000033378601,1.8200000524520874,1.7920000553131104,1.7680000066757202,1.7680000066757202,1.7239999771118164,1.7239999771118164,1.7059999704360962,1.684000015258789,1.6619999408721924,1.6399999856948853,1.5160000324249268,1.5160000324249268,1.50600004196167,1.49399995803833,1.4839999675750732,1.465999960899353,1.465999960899353,1.4279999732971191,1.4279999732971191,1.4279999732971191,1.4279999732971191,1.4279999732971191,1.399999976158142,1.399999976158142,1.399999976158142,1.399999976158142,...,0.0,0.0,0.0,0.0,47.0,47.0,47.0,47.0,47.0,47.0,47.0,47.0,47.0,47.0,47.0,47.0,47.0,47.0,47.0,47.0,47.0,47.0,0.0,0.0,0.0,0.0,0.0,0.0,0.0,0.0,0.0,0.0,0.0,0.0,0.0,0.0,0.0,0.0,0.0,0.0,0.0,0.0,0.0,0.0,0.0,0.0,0.0,0.0,0.0,0.0,0.0,0.0,0.0,0.0,0.0,0.0,0.0,0.0,0.0,0.0,0.0,0.0,0.0,0.0,0.0,0.0,0.0,0.0,0.0,0.0,0.0,0.0,0.0,0.0,0.0,0.0,0.0,0.0,0.0,0.0,0.0,0.0,0.0,0.0,0.0,0.0,0.0,0.0,0.0,0.0,0.0,0.0,0.0,0.0,0.0,0.0,0.0,0.0,0.0,0.0,0.0,0.0,0.0,0.0,0.0,0.0,0.0,0.0,0.0,0.0,0.0,0.0,0.0,0.0,0.0,0.0,0.0,0.0,0.0,0.0,0.0,0.0,0.0,47.0,47.0,47.0,47.0,47.0,...
1763031135,385272578,laser,-3.1241390705108643,3.1415927410125732,0.0034828970674425364,5.417603097157553e-05,0.09746267646551132,0.15000000596046448,16.0,5.664000034332275,5.664000034332275,5.664000034332275,5.664000034332275,5.664000034332275,5.664000034332275,5.664000034332275,5.664000034332275,5.656000137329102,5.6479997634887695,5.6479997634887695,5.6479997634887695,5.664000034332275,5.664000034332275,5.664000034332275,5.664000034332275,5.656000137329102,5.656000137329102,5.6479997634887695,5.6479997634887695,5.6479997634887695,5.656000137329102,5.656000137329102,5.656000137329102,5.6479997634887695,5.6479997634887695,5.6479997634887695,5.664000034332275,5.679999828338623,5.671999931335449,5.664000034332275,5.664000034332275,5.656000137329102,5.664000034332275,5.664000034332275,inf,inf,inf,inf,inf,inf,inf,inf,inf,inf,inf,inf,inf,inf,4.019999980926514,4.019999980926514,4.019999980926514,4.019999980926514,4.019999980926514,3.7960000038146973,3.7960000038146973,3.7960000038146973,3.747999906539917,3.747999906539917,3.747999906539917,3.74399995803833,3.740000009536743,3.74399995803833,3.752000093460083,3.747999906539917,3.752000093460083,2.944000005722046,2.884000062942505,2.884000062942505,2.884000062942505,2.884000062942505,2.7360000610351562,2.7360000610351562,2.687999963760376,2.6440000534057617,2.5840001106262207,2.5320000648498535,2.4800000190734863,2.431999921798706,2.384000062942505,2.3440001010894775,2.299999952316284,2.299999952316284,2.24399995803833,2.2200000286102295,2.196000099182129,2.1440000534057617,2.1040000915527344,2.0840001106262207,2.055999994277954,2.0199999809265137,1.9859999418258667,1.9639999866485596,1.9639999866485596,1.9320000410079956,1.9079999923706055,1.8980000019073486,1.8880000114440918,1.8799999952316284,1.8639999628067017,1.8459999561309814,1.8279999494552612,1.8079999685287476,1.8079999685287476,1.784000039100647,1.7599999904632568,1.7380000352859497,1.718000054359436,1.7020000219345093,1.6820000410079956,1.659999966621399,1.6260000467300415,1.5160000324249268,1.5,1.5,1.4880000352859497,1.4880000352859497,1.4739999771118164,inf,inf,inf,inf,1.399999976158142,1.399999976158142,1.399999976158142,1.399999976158142,1.399999976158142,1.3860000371932983,...,0.0,0.0,0.0,0.0,47.0,47.0,47.0,47.0,47.0,47.0,47.0,47.0,47.0,47.0,47.0,47.0,47.0,47.0,47.0,47.0,47.0,47.0,47.0,47.0,47.0,0.0,0.0,0.0,0.0,0.0,0.0,0.0,0.0,0.0,0.0,0.0,0.0,0.0,0.0,0.0,0.0,0.0,0.0,0.0,0.0,0.0,0.0,0.0,0.0,0.0,0.0,0.0,0.0,0.0,0.0,0.0,0.0,0.0,0.0,0.0,0.0,0.0,0.0,0.0,0.0,0.0,0.0,0.0,0.0,0.0,47.0,47.0,47.0,47.0,47.0,0.0,0.0,0.0,0.0,0.0,0.0,0.0,0.0,0.0,0.0,0.0,0.0,0.0,0.0,0.0,0.0,0.0,0.0,0.0,0.0,0.0,0.0,0.0,0.0,0.0,0.0,0.0,0.0,0.0,0.0,0.0,0.0,0.0,0.0,0.0,0.0,0.0,0.0,0.0,0.0,0.0,0.0,0.0,0.0,0.0,0.0,0.0,0.0,0.0,0.0,0.0,0.0,0.0,...
