1763031198,902958717,laser,-3.1241390705108643,3.1415927410125732,0.0034828970674425364,5.3984083933755755e-05,0.0971173644065857,0.15000000596046448,16.0,8.592000007629395,8.696000099182129,7.271999835968018,7.271999835968018,7.271999835968018,7.271999835968018,7.271999835968018,7.263999938964844,7.263999938964844,7.263999938964844,7.263999938964844,7.25600004196167,7.25600004196167,7.25600004196167,7.248000144958496,7.248000144958496,7.248000144958496,7.25600004196167,7.263999938964844,7.263999938964844,7.248000144958496,7.239999771118164,7.239999771118164,7.239999771118164,7.25600004196167,7.25600004196167,7.25600004196167,7.25600004196167,7.263999938964844,7.271999835968018,7.271999835968018,7.248000144958496,10.416000366210938,10.416000366210938,inf,inf,inf,inf,inf,inf,inf,inf,inf,inf,inf,4.631999969482422,4.631999969482422,4.631999969482422,4.631999969482422,4.631999969482422,inf,inf,3.812000036239624,3.812000036239624,3.812000036239624,3.812000036239624,3.812000036239624,3.759999990463257,3.759999990463257,3.752000093460083,3.74399995803833,3.740000009536743,3.740000009536743,3.74399995803833,3.747999906539917,3.752000093460083,2.884000062942505,2.884000062942505,2.884000062942505,2.884000062942505,2.8359999656677246,2.7760000228881836,2.7079999446868896,2.6480000019073486,2.6040000915527344,2.6040000915527344,2.552000045776367,2.492000102996826,2.436000108718872,2.384000062942505,2.3359999656677246,2.2960000038146973,2.259999990463257,2.2320001125335693,2.196000099182129,2.196000099182129,2.1559998989105225,2.111999988555908,2.0840001106262207,2.052000045776367,2.0160000324249268,1.9859999418258667,1.9620000123977661,1.934000015258789,1.906000018119812,1.906000018119812,1.8819999694824219,1.8700000047683716,1.8680000305175781,1.8539999723434448,1.8420000076293945,1.8279999494552612,1.805999994277954,1.781999945640564,1.781999945640564,1.7580000162124634,1.7359999418258667,1.7139999866485596,1.7000000476837158,1.6799999475479126,1.6579999923706055,1.6239999532699585,1.5080000162124634,1.4980000257492065,1.4980000257492065,1.4880000352859497,1.4880000352859497,inf,inf,inf,inf,inf,1.406000018119812,1.406000018119812,1.406000018119812,1.406000018119812,1.406000018119812,1.3940000534057617,...,0.0,0.0,47.0,47.0,47.0,47.0,47.0,47.0,47.0,47.0,47.0,0.0,0.0,0.0,0.0,0.0,0.0,0.0,0.0,0.0,0.0,0.0,0.0,0.0,0.0,0.0,0.0,0.0,0.0,0.0,0.0,0.0,0.0,0.0,0.0,0.0,0.0,0.0,0.0,0.0,0.0,0.0,0.0,0.0,0.0,0.0,0.0,0.0,0.0,0.0,0.0,0.0,0.0,0.0,0.0,0.0,0.0,0.0,0.0,0.0,0.0,0.0,0.0,0.0,0.0,0.0,0.0,0.0,0.0,0.0,0.0,0.0,0.0,0.0,0.0,0.0,0.0,0.0,0.0,0.0,0.0,0.0,0.0,0.0,0.0,0.0,0.0,0.0,0.0,0.0,0.0,47.0,47.0,47.0,47.0,47.0,0.0,0.0,0.0,0.0,0.0,0.0,0.0,0.0,0.0,0.0,0.0,0.0,0.0,0.0,0.0,0.0,0.0,0.0,0.0,0.0,0.0,0.0,0.0,0.0,0.0,0.0,0.0,47.0,47.0,47.0,47.0,47.0,...
1763031199,1878577,laser,-3.1241390705108643,3.1415927410125732,0.0034828970674425364,5.3589286835631356e-05,0.09640712291002274,0.15000000596046448,16.0,8.592000007629395,8.583999633789062,inf,inf,7.28000020980835,7.28000020980835,7.28000020980835,7.28000020980835,7.28000020980835,7.263999938964844,7.25600004196167,7.25600004196167,7.25600004196167,7.263999938964844,7.25600004196167,7.248000144958496,7.25600004196167,7.25600004196167,7.263999938964844,7.263999938964844,7.25600004196167,7.248000144958496,7.248000144958496,7.239999771118164,7.248000144958496,7.248000144958496,7.248000144958496,7.248000144958496,7.263999938964844,7.271999835968018,7.263999938964844,10.527999877929688,10.527999877929688,10.527999877929688,inf,inf,inf,inf,inf,inf,inf,inf,inf,inf,inf,inf,inf,inf,inf,inf,inf,inf,inf,inf,3.75600004196167,3.75600004196167,3.75600004196167,3.75600004196167,3.75600004196167,3.747999906539917,3.74399995803833,3.74399995803833,3.740000009536743,3.74399995803833,3.747999906539917,3.752000093460083,2.884000062942505,2.884000062942505,2.884000062942505,2.819999933242798,2.819999933242798,2.759999990463257,2.759999990463257,2.6480000019073486,2.6480000019073486,2.5959999561309814,2.5439999103546143,2.48799991607666,2.436000108718872,2.384000062942505,2.3359999656677246,2.2960000038146973,2.259999990463257,2.259999990463257,2.2360000610351562,2.196000099182129,2.1519999504089355,2.111999988555908,2.0799999237060547,2.052000045776367,2.0179998874664307,2.0,1.9900000095367432,1.972000002861023,1.972000002861023,1.9579999446868896,1.9479999542236328,1.9299999475479126,1.906000018119812,1.878000020980835,1.8519999980926514,1.8339999914169312,1.8079999685287476,1.8079999685287476,1.781999945640564,1.7580000162124634,1.7380000352859497,1.715999960899353,1.6979999542236328,1.6759999990463257,1.6540000438690186,1.5360000133514404,1.5119999647140503,1.5119999647140503,1.5,1.5,1.4859999418258667,1.4759999513626099,inf,inf,inf,1.406000018119812,1.406000018119812,1.406000018119812,1.406000018119812,1.406000018119812,1.3940000534057617,1.3940000534057617,...,47.0,47.0,47.0,47.0,47.0,47.0,47.0,47.0,47.0,47.0,47.0,47.0,47.0,0.0,0.0,0.0,0.0,0.0,0.0,0.0,0.0,0.0,0.0,0.0,0.0,0.0,0.0,0.0,0.0,0.0,0.0,0.0,0.0,0.0,0.0,0.0,0.0,0.0,0.0,0.0,0.0,0.0,0.0,0.0,0.0,0.0,0.0,0.0,0.0,0.0,0.0,0.0,0.0,0.0,0.0,0.0,0.0,0.0,0.0,0.0,0.0,0.0,0.0,0.0,0.0,0.0,0.0,0.0,0.0,0.0,0.0,0.0,0.0,0.0,0.0,0.0,0.0,0.0,0.0,0.0,0.0,0.0,0.0,0.0,0.0,0.0,0.0,0.0,0.0,0.0,47.0,47.0,47.0,47.0,47.0,0.0,0.0,0.0,0.0,0.0,0.0,0.0,0.0,0.0,0.0,0.0,0.0,0.0,0.0,0.0,0.0,0.0,0.0,0.0,0.0,0.0,0.0,0.0,0.0,0.0,0.0,0.0,0.0,0.0,0.0,47.0,47.0,47.0,...
1763031199,99641660,laser,-3.1241390705108643,3.1415927410125732,0.0034828970674425364,5.72819662920665e-05,0.10305026173591614,0.15000000596046448,16.0,8.592000007629395,8.576000213623047,inf,7.28000020980835,7.28000020980835,7.28000020980835,7.28000020980835,7.28000020980835,7.263999938964844,7.263999938964844,7.248000144958496,7.25600004196167,7.25600004196167,7.263999938964844,7.25600004196167,7.248000144958496,7.248000144958496,7.25600004196167,7.25600004196167,7.25600004196167,7.25600004196167,7.248000144958496,7.239999771118164,7.248000144958496,7.25600004196167,7.248000144958496,7.248000144958496,7.248000144958496,7.263999938964844,7.271999835968018,7.263999938964844,inf,inf,inf,inf,inf,inf,inf,inf,inf,inf,inf,inf,inf,inf,inf,inf,inf,inf,inf,inf,inf,inf,3.7639999389648438,3.7639999389648438,3.7639999389648438,3.7639999389648438,3.7639999389648438,3.7320001125335693,3.7320001125335693,3.7279999256134033,3.740000009536743,3.740000009536743,3.747999906539917,3.752000093460083,3.752000093460083,2.8919999599456787,2.8919999599456787,2.8320000171661377,2.8320000171661377,2.8320000171661377,2.7799999713897705,2.7160000801086426,2.6519999504089355,2.6040000915527344,2.6040000915527344,2.552000045776367,2.48799991607666,2.440000057220459,2.388000011444092,2.3519999980926514,2.303999900817871,2.2799999713897705,2.196000099182129,2.1559998989105225,2.1559998989105225,2.1559998989105225,2.124000072479248,2.0920000076293945,2.053999900817871,2.0260000228881836,2.007999897003174,1.9900000095367432,1.9700000286102295,1.9700000286102295,1.9559999704360962,1.9420000314712524,1.9240000247955322,1.906000018119812,1.8819999694824219,1.8580000400543213,1.8359999656677246,1.8140000104904175,1.8140000104904175,1.7920000553131104,1.7660000324249268,1.7419999837875366,1.7239999771118164,1.7020000219345093,1.6820000410079956,1.6579999923706055,1.6319999694824219,1.5199999809265137,1.5199999809265137,1.503999948501587,1.4880000352859497,1.4880000352859497,1.4759999513626099,inf,inf,inf,inf,inf,1.4140000343322754,1.4140000343322754,1.4140000343322754,1.4140000343322754,1.4140000343322754,...,47.0,47.0,47.0,47.0,47.0,47.0,47.0,47.0,47.0,47.0,47.0,0.0,0.0,0.0,0.0,0.0,0.0,0.0,0.0,0.0,0.0,0.0,0.0,0.0,0.0,0.0,0.0,0.0,0.0,0.0,0.0,0.0,0.0,0.0,0.0,0.0,0.0,0.0,0.0,0.0,0.0,0.0,0.0,0.0,0.0,0.0,0.0,0.0,0.0,0.0,0.0,0.0,0.0,0.0,0.0,0.0,0.0,0.0,0.0,0.0,0.0,0.0,0.0,0.0,0.0,0.0,0.0,0.0,0.0,0.0,0.0,0.0,0.0,0.0,0.0,0.0,0.0,0.0,0.0,0.0,0.0,0.0,0.0,0.0,0.0,0.0,0.0,0.0,0.0,0.0,0.0,0.0,0.0,0.0,0.0,0.0,0.0,0.0,0.0,0.0,0.0,0.0,0.0,0.0,0.0,0.0,0.0,0.0,0.0,0.0,0.0,0.0,0.0,0.0,0.0,0.0,0.0,0.0,0.0,0.0,0.0,0.0,0.0,0.0,0.0,0.0,0.0,0.0,...
1763031199,203837664,laser,-3.1241390705108643,3.1415927410125732,0.0034828970674425364,5.399163273978047e-05,0.09713094681501389,0.15000000596046448,16.0,8.583999633789062,8.576000213623047,7.271999835968018,7.271999835968018,7.271999835968018,7.271999835968018,7.271999835968018,7.25600004196167,7.25600004196167,7.25600004196167,7.25600004196167,7.248000144958496,7.25600004196167,7.25600004196167,7.248000144958496,7.239999771118164,7.248000144958496,7.248000144958496,7.25600004196167,7.263999938964844,7.263999938964844,7.25600004196167,7.248000144958496,7.239999771118164,7.248000144958496,7.239999771118164,7.239999771118164,7.239999771118164,7.248000144958496,7.25600004196167,7.263999938964844,7.239999771118164,inf,inf,inf,inf,inf,inf,inf,inf,inf,inf,inf,inf,inf,inf,inf,inf,inf,inf,inf,3.812000036239624,3.812000036239624,3.812000036239624,3.812000036239624,3.812000036239624,3.75600004196167,3.75600004196167,3.75600004196167,3.75600004196167,3.752000093460083,3.747999906539917,3.74399995803833,3.747999906539917,3.747999906539917,3.752000093460083,3.752000093460083,2.940000057220459,2.940000057220459,2.884000062942505,2.884000062942505,2.7320001125335693,2.7320001125335693,2.687999963760376,2.6440000534057617,2.5880000591278076,2.5439999103546143,2.4159998893737793,2.4159998893737793,2.371999979019165,2.371999979019165,2.3320000171661377,2.299999952316284,2.200000047683716,2.200000047683716,2.191999912261963,2.1480000019073486,2.1080000400543213,2.0799999237060547,2.0799999237060547,2.0439999103546143,1.9980000257492065,1.972000002861023,1.9459999799728394,1.9140000343322754,1.8880000114440918,1.8639999628067017,1.8420000076293945,1.8279999494552612,1.815999984741211,1.815999984741211,1.805999994277954,1.7960000038146973,1.7879999876022339,1.7699999809265137,1.7519999742507935,1.7339999675750732,1.7120000123977661,1.7120000123977661,1.690000057220459,1.6679999828338623,1.6440000534057617,1.6100000143051147,1.5099999904632568,1.5099999904632568,1.4919999837875366,1.4800000190734863,1.468000054359436,inf,inf,inf,1.3980000019073486,1.3980000019073486,1.3980000019073486,1.3980000019073486,1.3980000019073486,1.3860000371932983,1.3860000371932983,...,47.0,47.0,47.0,47.0,47.0,47.0,47.0,47.0,47.0,47.0,47.0,47.0,0.0,0.0,0.0,0.0,0.0,0.0,0.0,0.0,0.0,0.0,0.0,0.0,0.0,0.0,0.0,0.0,0.0,0.0,0.0,0.0,0.0,0.0,0.0,0.0,0.0,0.0,0.0,0.0,0.0,0.0,0.0,0.0,0.0,0.0,0.0,0.0,0.0,0.0,0.0,0.0,0.0,0.0,0.0,0.0,0.0,0.0,0.0,0.0,0.0,0.0,0.0,0.0,0.0,0.0,0.0,0.0,0.0,0.0,0.0,0.0,0.0,0.0,0.0,0.0,0.0,0.0,0.0,0.0,0.0,0.0,0.0,0.0,0.0,0.0,0.0,0.0,0.0,0.0,0.0,0.0,0.0,0.0,0.0,0.0,0.0,0.0,0.0,0.0,0.0,0.0,0.0,0.0,0.0,0.0,0.0,0.0,0.0,0.0,0.0,0.0,0.0,0.0,0.0,0.0,0.0,0.0,0.0,0.0,0.0,0.0,0.0,0.0,0.0,0.0,0.0,0.0,...
1763031199,302367225,laser,-3.1241390705108643,3.1415927410125732,0.0034828970674425364,5.383951065596193e-05,0.09685727953910828,0.15000000596046448,16.0,8.583999633789062,8.51200008392334,inf,7.28000020980835,7.28000020980835,7.28000020980835,7.28000020980835,7.28000020980835,7.263999938964844,7.263999938964844,7.25600004196167,7.25600004196167,7.25600004196167,7.263999938964844,7.248000144958496,7.239999771118164,7.248000144958496,7.25600004196167,7.25600004196167,7.25600004196167,7.248000144958496,7.248000144958496,7.239999771118164,7.248000144958496,7.25600004196167,7.25600004196167,7.239999771118164,7.248000144958496,7.263999938964844,7.271999835968018,7.263999938964844,10.53600025177002,10.53600025177002,inf,inf,inf,inf,inf,inf,inf,inf,inf,inf,inf,inf,inf,inf,inf,inf,inf,inf,inf,inf,3.8519999980926514,3.8519999980926514,3.8519999980926514,3.8519999980926514,3.8519999980926514,3.7760000228881836,3.74399995803833,3.740000009536743,3.740000009536743,3.747999906539917,3.747999906539917,3.747999906539917,3.747999906539917,2.9040000438690186,2.9040000438690186,2.8359999656677246,2.8359999656677246,2.8359999656677246,2.7839999198913574,2.7200000286102295,2.6519999504089355,2.619999885559082,2.619999885559082,2.503999948501587,2.503999948501587,2.4519999027252197,2.3919999599456787,2.3480000495910645,2.312000036239624,2.2880001068115234,2.184000015258789,2.1600000858306885,2.1600000858306885,2.1600000858306885,2.128000020980835,2.0999999046325684,2.062000036239624,2.0260000228881836,2.0,1.9759999513626099,1.9479999542236328,1.9179999828338623,1.9179999828338623,1.899999976158142,1.8960000276565552,1.8880000114440918,1.8680000305175781,1.8539999723434448,1.8339999914169312,1.8140000104904175,1.7899999618530273,1.7899999618530273,1.7619999647140503,1.7419999837875366,1.722000002861023,1.7020000219345093,1.684000015258789,1.6640000343322754,1.6360000371932983,1.5160000324249268,1.5160000324249268,1.503999948501587,1.503999948501587,1.4880000352859497,1.4759999513626099,inf,inf,inf,inf,inf,1.409999966621399,1.409999966621399,1.409999966621399,1.409999966621399,1.409999966621399,...,47.0,47.0,47.0,47.0,47.0,47.0,47.0,47.0,47.0,47.0,47.0,0.0,0.0,0.0,0.0,0.0,0.0,0.0,0.0,0.0,0.0,0.0,0.0,0.0,0.0,0.0,0.0,0.0,0.0,0.0,0.0,0.0,0.0,0.0,0.0,0.0,0.0,0.0,0.0,0.0,0.0,0.0,0.0,0.0,0.0,0.0,0.0,0.0,0.0,0.0,0.0,0.0,0.0,0.0,0.0,0.0,0.0,0.0,0.0,0.0,0.0,0.0,0.0,0.0,0.0,0.0,0.0,0.0,0.0,0.0,0.0,0.0,0.0,0.0,0.0,0.0,0.0,0.0,0.0,0.0,0.0,0.0,0.0,0.0,0.0,0.0,0.0,0.0,0.0,0.0,0.0,47.0,47.0,47.0,47.0,47.0,0.0,0.0,0.0,0.0,0.0,0.0,0.0,0.0,0.0,47.0,47.0,47.0,47.0,47.0,0.0,0.0,0.0,0.0,0.0,0.0,0.0,0.0,0.0,0.0,0.0,0.0,0.0,0.0,0.0,0.0,0.0,0.0,...
1763031199,401016144,laser,-3.1241390705108643,3.1415927410125732,0.0034828970674425364,5.364653407013975e-05,0.09651011973619461,0.15000000596046448,16.0,8.631999969482422,8.631999969482422,7.271999835968018,7.271999835968018,7.271999835968018,7.271999835968018,7.25600004196167,7.25600004196167,7.25600004196167,7.25600004196167,7.25600004196167,7.248000144958496,7.25600004196167,7.248000144958496,7.248000144958496,7.248000144958496,7.248000144958496,7.25600004196167,7.25600004196167,7.25600004196167,7.248000144958496,7.239999771118164,7.239999771118164,7.239999771118164,7.263999938964844,7.25600004196167,7.25600004196167,7.25600004196167,7.263999938964844,7.263999938964844,7.271999835968018,7.239999771118164,inf,inf,inf,inf,inf,inf,inf,inf,inf,inf,inf,inf,inf,inf,4.711999893188477,4.711999893188477,4.711999893188477,4.711999893188477,4.711999893188477,3.9719998836517334,3.9719998836517334,3.9719998836517334,3.859999895095825,3.859999895095825,3.859999895095825,3.859999895095825,3.7760000228881836,3.740000009536743,3.7360000610351562,3.740000009536743,3.747999906539917,3.752000093460083,3.752000093460083,3.752000093460083,2.9040000438690186,2.9040000438690186,2.8359999656677246,2.8359999656677246,2.8359999656677246,2.7839999198913574,2.7200000286102295,2.6559998989105225,2.615999937057495,2.563999891281128,2.563999891281128,2.503999948501587,2.4519999027252197,2.3919999599456787,2.3519999980926514,2.312000036239624,2.2880001068115234,2.200000047683716,2.1600000858306885,2.1600000858306885,2.128000020980835,2.128000020980835,2.0999999046325684,2.063999891281128,2.0280001163482666,2.0179998874664307,2.003999948501587,1.9819999933242798,1.9700000286102295,1.9700000286102295,1.9579999446868896,1.937999963760376,1.9119999408721924,1.8839999437332153,1.8580000400543213,1.8359999656677246,1.812000036239624,1.7879999876022339,1.7879999876022339,1.7640000581741333,1.7419999837875366,1.722000002861023,1.7020000219345093,1.684000015258789,1.6640000343322754,1.5140000581741333,1.5140000581741333,1.5140000581741333,1.5019999742507935,1.4880000352859497,1.4880000352859497,1.4759999513626099,inf,inf,inf,inf,inf,1.409999966621399,1.409999966621399,1.409999966621399,1.409999966621399,1.409999966621399,...,47.0,47.0,47.0,47.0,47.0,47.0,47.0,47.0,47.0,47.0,47.0,47.0,0.0,0.0,0.0,0.0,0.0,0.0,47.0,47.0,47.0,47.0,47.0,0.0,0.0,0.0,0.0,0.0,0.0,0.0,0.0,0.0,0.0,0.0,0.0,0.0,0.0,0.0,0.0,0.0,0.0,0.0,0.0,0.0,0.0,0.0,0.0,0.0,0.0,0.0,0.0,0.0,0.0,0.0,0.0,0.0,0.0,0.0,0.0,0.0,0.0,0.0,0.0,0.0,0.0,0.0,0.0,0.0,0.0,0.0,0.0,0.0,0.0,0.0,0.0,0.0,0.0,0.0,0.0,0.0,0.0,0.0,0.0,0.0,0.0,0.0,0.0,0.0,0.0,0.0,0.0,0.0,0.0,0.0,0.0,0.0,0.0,0.0,0.0,0.0,0.0,0.0,0.0,0.0,0.0,0.0,0.0,0.0,0.0,0.0,0.0,0.0,0.0,0.0,0.0,0.0,0.0,0.0,0.0,0.0,0.0,0.0,0.0,0.0,0.0,0.0,0.0,0.0,...
1763031199,499130024,laser,-3.1241390705108643,3.1415927410125732,0.0034828970674425364,5.374519605538808e-05,0.09668760746717453,0.15000000596046448,16.0,8.631999969482422,8.631999969482422,7.271999835968018,7.271999835968018,7.271999835968018,7.271999835968018,7.263999938964844,7.263999938964844,7.263999938964844,7.263999938964844,7.25600004196167,7.248000144958496,7.25600004196167,7.25600004196167,7.248000144958496,7.248000144958496,7.248000144958496,7.25600004196167,7.263999938964844,7.25600004196167,7.25600004196167,7.239999771118164,7.248000144958496,7.248000144958496,7.263999938964844,7.25600004196167,7.248000144958496,7.25600004196167,7.263999938964844,7.271999835968018,7.271999835968018,7.28000020980835,inf,inf,inf,inf,inf,inf,inf,inf,inf,inf,inf,inf,inf,inf,inf,inf,inf,inf,3.8959999084472656,3.8959999084472656,3.8959999084472656,3.8959999084472656,3.8959999084472656,3.7960000038146973,3.7960000038146973,3.7960000038146973,3.74399995803833,3.747999906539917,3.747999906539917,3.747999906539917,3.74399995803833,3.747999906539917,3.747999906539917,3.747999906539917,2.940000057220459,2.940000057220459,2.871999979019165,2.871999979019165,2.871999979019165,2.799999952316284,2.7320001125335693,2.6760001182556152,2.628000020980835,2.568000078201294,2.5239999294281006,2.4800000190734863,2.4159998893737793,2.368000030517578,2.3320000171661377,2.3320000171661377,2.299999952316284,2.196000099182129,2.196000099182129,2.187999963760376,2.140000104904175,2.1040000915527344,2.0759999752044678,2.0399999618530273,2.0,1.972000002861023,1.972000002861023,1.9459999799728394,1.909999966621399,1.8860000371932983,1.8739999532699585,1.8580000400543213,1.843999981880188,1.8359999656677246,1.8359999656677246,1.8220000267028809,1.8079999685287476,1.7920000553131104,1.7719999551773071,1.7480000257492065,1.7280000448226929,1.7100000381469727,1.690000057220459,1.690000057220459,1.6679999828338623,1.6460000276565552,1.5080000162124634,1.5080000162124634,1.5080000162124634,1.49399995803833,1.4800000190734863,1.468000054359436,inf,inf,inf,inf,inf,inf,1.399999976158142,1.399999976158142,1.399999976158142,1.399999976158142,...,47.0,47.0,47.0,47.0,47.0,47.0,47.0,47.0,47.0,47.0,47.0,47.0,0.0,0.0,0.0,0.0,0.0,0.0,47.0,47.0,47.0,47.0,47.0,0.0,0.0,0.0,0.0,0.0,0.0,0.0,0.0,0.0,0.0,0.0,0.0,0.0,0.0,0.0,0.0,0.0,0.0,0.0,0.0,0.0,0.0,0.0,0.0,0.0,0.0,0.0,0.0,0.0,0.0,0.0,0.0,0.0,0.0,0.0,0.0,0.0,0.0,0.0,0.0,0.0,0.0,0.0,0.0,0.0,0.0,0.0,0.0,0.0,0.0,0.0,0.0,0.0,0.0,0.0,0.0,0.0,0.0,0.0,0.0,0.0,0.0,0.0,0.0,0.0,0.0,0.0,0.0,0.0,0.0,0.0,0.0,0.0,0.0,0.0,0.0,0.0,0.0,0.0,0.0,0.0,0.0,0.0,0.0,0.0,0.0,0.0,0.0,0.0,0.0,0.0,0.0,0.0,0.0,0.0,0.0,0.0,0.0,0.0,0.0,0.0,0.0,0.0,0.0,0.0,...
1763031199,597388499,laser,-3.1241390705108643,3.1415927410125732,0.0034828970674425364,5.375359978643246e-05,0.09670272469520569,0.15000000596046448,16.0,8.711999893188477,8.711999893188477,7.25600004196167,7.25600004196167,7.25600004196167,7.25600004196167,7.25600004196167,7.263999938964844,7.263999938964844,7.263999938964844,7.263999938964844,7.25600004196167,7.25600004196167,7.25600004196167,7.25600004196167,7.248000144958496,7.25600004196167,7.25600004196167,7.25600004196167,7.25600004196167,7.25600004196167,7.25600004196167,7.248000144958496,7.248000144958496,7.25600004196167,7.25600004196167,7.248000144958496,7.248000144958496,7.263999938964844,7.271999835968018,7.28000020980835,10.496000289916992,10.496000289916992,10.496000289916992,inf,inf,inf,inf,inf,inf,inf,inf,inf,inf,inf,inf,inf,inf,inf,inf,inf,inf,inf,3.8519999980926514,3.8519999980926514,3.8519999980926514,3.8519999980926514,3.8519999980926514,3.7799999713897705,3.74399995803833,3.7360000610351562,3.740000009536743,3.747999906539917,3.747999906539917,3.747999906539917,3.747999906539917,2.9079999923706055,2.8399999141693115,2.8399999141693115,2.8399999141693115,2.8399999141693115,2.7880001068115234,2.7320001125335693,2.6640000343322754,2.615999937057495,2.568000078201294,2.507999897003174,2.507999897003174,2.388000011444092,2.388000011444092,2.3399999141693115,2.303999900817871,2.2880001068115234,2.180000066757202,2.1640000343322754,2.1640000343322754,2.131999969482422,2.0999999046325684,2.0999999046325684,2.062000036239624,2.0280001163482666,1.99399995803833,1.965999960899353,1.9420000314712524,1.909999966621399,1.8799999952316284,1.8639999628067017,1.840000033378601,1.815999984741211,1.815999984741211,1.8140000104904175,1.8079999685287476,1.7999999523162842,1.7860000133514404,1.7619999647140503,1.7419999837875366,1.7239999771118164,1.7039999961853027,1.7039999961853027,1.6859999895095825,1.6660000085830688,1.6419999599456787,1.5240000486373901,1.5240000486373901,1.503999948501587,1.4880000352859497,1.4819999933242798,inf,inf,inf,inf,inf,inf,1.4140000343322754,1.4140000343322754,1.4140000343322754,1.4140000343322754,1.4140000343322754,...,47.0,47.0,47.0,47.0,47.0,47.0,47.0,47.0,47.0,47.0,47.0,47.0,0.0,0.0,0.0,0.0,0.0,0.0,0.0,0.0,0.0,0.0,0.0,0.0,0.0,0.0,0.0,0.0,0.0,0.0,0.0,0.0,0.0,0.0,0.0,0.0,0.0,0.0,0.0,0.0,0.0,0.0,0.0,0.0,0.0,0.0,0.0,0.0,0.0,0.0,0.0,0.0,0.0,0.0,0.0,0.0,0.0,0.0,0.0,0.0,0.0,0.0,0.0,0.0,0.0,0.0,0.0,0.0,0.0,0.0,0.0,0.0,0.0,0.0,0.0,0.0,0.0,0.0,0.0,0.0,0.0,0.0,0.0,0.0,0.0,0.0,0.0,0.0,0.0,0.0,0.0,0.0,0.0,0.0,0.0,0.0,0.0,0.0,0.0,0.0,0.0,0.0,0.0,0.0,0.0,0.0,0.0,0.0,0.0,0.0,0.0,0.0,0.0,0.0,0.0,0.0,0.0,0.0,0.0,0.0,0.0,0.0,0.0,0.0,47.0,47.0,47.0,47.0,...
1763031199,695547069,laser,-3.1241390705108643,3.1415927410125732,0.0034828970674425364,5.384205360314809e-05,0.09686185419559479,0.15000000596046448,16.0,8.64799976348877,8.64799976348877,7.271999835968018,7.271999835968018,7.271999835968018,7.271999835968018,7.263999938964844,7.263999938964844,7.263999938964844,7.263999938964844,7.25600004196167,7.25600004196167,7.263999938964844,7.25600004196167,7.25600004196167,7.248000144958496,7.248000144958496,7.248000144958496,7.25600004196167,7.263999938964844,7.25600004196167,7.248000144958496,7.248000144958496,7.248000144958496,7.25600004196167,7.25600004196167,7.248000144958496,7.248000144958496,7.25600004196167,7.25600004196167,7.271999835968018,7.271999835968018,inf,inf,inf,inf,inf,inf,inf,inf,inf,inf,inf,inf,inf,4.703999996185303,4.703999996185303,4.703999996185303,4.703999996185303,4.703999996185303,inf,inf,3.759999990463257,3.759999990463257,3.759999990463257,3.759999990463257,3.759999990463257,3.740000009536743,3.740000009536743,3.740000009536743,3.7360000610351562,3.740000009536743,3.74399995803833,3.74399995803833,3.747999906539917,3.752000093460083,2.8919999599456787,2.8919999599456787,2.8919999599456787,2.8919999599456787,2.8399999141693115,2.7839999198913574,2.7200000286102295,2.6559998989105225,2.615999937057495,2.615999937057495,2.563999891281128,2.507999897003174,2.4519999027252197,2.388000011444092,2.3480000495910645,2.312000036239624,2.2880001068115234,2.191999912261963,2.191999912261963,2.1640000343322754,2.1640000343322754,2.124000072479248,2.0920000076293945,2.059999942779541,2.0280001163482666,2.007999897003174,1.9859999418258667,1.9620000123977661,1.9479999542236328,1.9479999542236328,1.9359999895095825,1.9240000247955322,1.909999966621399,1.8860000371932983,1.8619999885559082,1.8420000076293945,1.815999984741211,1.7899999618530273,1.7640000581741333,1.7640000581741333,1.74399995803833,1.7259999513626099,1.7059999704360962,1.684000015258789,1.6619999408721924,1.6380000114440918,1.5140000581741333,1.503999948501587,1.503999948501587,1.4880000352859497,1.4800000190734863,1.4800000190734863,inf,inf,inf,inf,1.409999966621399,1.409999966621399,1.409999966621399,1.409999966621399,1.409999966621399,1.399999976158142,...,47.0,47.0,47.0,47.0,47.0,47.0,47.0,47.0,47.0,47.0,47.0,47.0,0.0,0.0,0.0,0.0,0.0,0.0,0.0,0.0,0.0,0.0,0.0,0.0,0.0,0.0,0.0,0.0,0.0,0.0,0.0,0.0,0.0,0.0,0.0,0.0,0.0,0.0,0.0,0.0,0.0,0.0,0.0,0.0,0.0,0.0,0.0,0.0,0.0,0.0,0.0,0.0,0.0,0.0,0.0,0.0,0.0,0.0,0.0,0.0,0.0,0.0,0.0,0.0,0.0,0.0,0.0,0.0,0.0,0.0,0.0,0.0,0.0,0.0,0.0,0.0,0.0,0.0,0.0,0.0,0.0,0.0,0.0,0.0,0.0,0.0,0.0,0.0,0.0,47.0,47.0,47.0,47.0,47.0,0.0,0.0,0.0,0.0,0.0,0.0,0.0,0.0,0.0,0.0,0.0,0.0,47.0,47.0,47.0,47.0,47.0,0.0,0.0,0.0,0.0,0.0,0.0,0.0,0.0,0.0,0.0,0.0,0.0,0.0,0.0,0.0,0.0,0.0,...
1763031199,794028465,laser,-3.1241390705108643,3.1415927410125732,0.0034828970674425364,5.7075536460615695e-05,0.10267888754606247,0.15000000596046448,16.0,8.592000007629395,8.53600025177002,inf,inf,7.28000020980835,7.28000020980835,7.28000020980835,7.28000020980835,7.28000020980835,7.263999938964844,7.25600004196167,7.25600004196167,7.263999938964844,7.263999938964844,7.25600004196167,7.248000144958496,7.248000144958496,7.248000144958496,7.25600004196167,7.263999938964844,7.263999938964844,7.263999938964844,7.248000144958496,7.248000144958496,7.25600004196167,7.248000144958496,7.248000144958496,7.25600004196167,7.25600004196167,7.263999938964844,7.271999835968018,10.5600004196167,10.5600004196167,10.5600004196167,inf,inf,inf,inf,inf,inf,inf,inf,inf,inf,inf,inf,inf,inf,inf,inf,inf,inf,inf,3.884000062942505,3.884000062942505,3.884000062942505,3.884000062942505,3.884000062942505,3.7839999198913574,3.740000009536743,3.74399995803833,3.747999906539917,3.74399995803833,3.747999906539917,3.747999906539917,3.747999906539917,2.931999921798706,2.859999895095825,2.859999895095825,2.859999895095825,2.859999895095825,2.7880001068115234,2.7279999256134033,2.6640000343322754,2.615999937057495,2.563999891281128,2.503999948501587,2.503999948501587,2.4639999866485596,2.4159998893737793,2.364000082015991,2.319999933242798,2.2880001068115234,2.187999963760376,2.180000066757202,2.180000066757202,2.131999969482422,2.1040000915527344,2.1040000915527344,2.0759999752044678,2.052000045776367,2.0320000648498535,2.009999990463257,1.9919999837875366,1.9780000448226929,1.9600000381469727,1.9420000314712524,1.9420000314712524,1.9220000505447388,1.8980000019073486,1.871999979019165,1.8459999561309814,1.8240000009536743,1.7979999780654907,1.7719999551773071,1.7519999742507935,1.7280000448226929,1.7059999704360962,1.7059999704360962,1.6859999895095825,1.6619999408721924,1.6440000534057617,1.5140000581741333,1.5140000581741333,1.5080000162124634,1.4980000257492065,1.4859999418258667,inf,inf,inf,inf,inf,1.3980000019073486,1.3980000019073486,1.3980000019073486,1.3980000019073486,1.3980000019073486,1.3839999437332153,...,0.0,47.0,47.0,47.0,47.0,47.0,47.0,47.0,47.0,47.0,47.0,47.0,47.0,0.0,0.0,0.0,0.0,0.0,0.0,0.0,0.0,0.0,0.0,0.0,0.0,0.0,0.0,0.0,0.0,0.0,0.0,0.0,0.0,0.0,0.0,0.0,0.0,0.0,0.0,0.0,0.0,0.0,0.0,0.0,0.0,0.0,0.0,0.0,0.0,0.0,0.0,0.0,0.0,0.0,0.0,0.0,0.0,0.0,0.0,0.0,0.0,0.0,0.0,0.0,0.0,0.0,0.0,0.0,0.0,47.0,47.0,47.0,47.0,47.0,0.0,0.0,0.0,0.0,0.0,0.0,0.0,0.0,0.0,0.0,0.0,0.0,0.0,0.0,0.0,0.0,0.0,0.0,0.0,0.0,0.0,0.0,0.0,0.0,0.0,0.0,0.0,0.0,0.0,0.0,0.0,0.0,0.0,0.0,0.0,0.0,0.0,0.0,0.0,0.0,0.0,0.0,0.0,0.0,0.0,0.0,0.0,0.0,0.0,0.0,0.0,0.0,0.0,0.0,...
1763031199,898131516,laser,-3.1241390705108643,3.1415927410125732,0.0034828970674425364,5.386688280850649e-05,0.09690652787685394,0.15000000596046448,16.0,8.600000381469727,8.600000381469727,7.28000020980835,7.28000020980835,7.28000020980835,7.28000020980835,7.263999938964844,7.263999938964844,7.263999938964844,7.263999938964844,7.25600004196167,7.25600004196167,7.263999938964844,7.25600004196167,7.25600004196167,7.248000144958496,7.248000144958496,7.25600004196167,7.263999938964844,7.263999938964844,7.25600004196167,7.248000144958496,7.248000144958496,7.248000144958496,7.25600004196167,7.248000144958496,7.248000144958496,7.25600004196167,7.263999938964844,7.263999938964844,7.271999835968018,7.223999977111816,10.407999992370605,10.407999992370605,inf,inf,inf,inf,inf,inf,inf,inf,inf,inf,inf,inf,inf,inf,inf,inf,inf,inf,3.75600004196167,3.75600004196167,3.75600004196167,3.75600004196167,3.75600004196167,3.752000093460083,3.752000093460083,3.752000093460083,3.747999906539917,3.747999906539917,3.740000009536743,3.74399995803833,3.747999906539917,3.752000093460083,2.888000011444092,2.888000011444092,2.888000011444092,2.888000011444092,2.828000068664551,2.7679998874664307,2.7679998874664307,2.6519999504089355,2.6519999504089355,2.5999999046325684,2.5439999103546143,2.496000051498413,2.444000005722046,2.380000114440918,2.3440001010894775,2.303999900817871,2.2639999389648438,2.2639999389648438,2.2360000610351562,2.196000099182129,2.1600000858306885,2.119999885559082,2.0880000591278076,2.055999994277954,2.0160000324249268,1.9900000095367432,1.965999960899353,1.934000015258789,1.934000015258789,1.9040000438690186,1.878000020980835,1.8639999628067017,1.8539999723434448,1.8359999656677246,1.8259999752044678,1.815999984741211,1.7999999523162842,1.7999999523162842,1.784000039100647,1.7599999904632568,1.7359999418258667,1.715999960899353,1.7020000219345093,1.6820000410079956,1.659999966621399,1.6360000371932983,1.5119999647140503,1.5,1.5,1.5,1.4880000352859497,1.4759999513626099,inf,inf,inf,inf,1.4019999504089355,1.4019999504089355,1.4019999504089355,1.4019999504089355,1.4019999504089355,1.3940000534057617,...,47.0,47.0,47.0,47.0,47.0,47.0,47.0,47.0,47.0,47.0,47.0,47.0,0.0,0.0,0.0,0.0,0.0,0.0,47.0,47.0,47.0,47.0,47.0,0.0,0.0,0.0,0.0,0.0,0.0,0.0,0.0,0.0,0.0,0.0,0.0,0.0,0.0,0.0,0.0,0.0,0.0,0.0,0.0,0.0,0.0,0.0,0.0,0.0,0.0,0.0,0.0,0.0,0.0,0.0,0.0,0.0,0.0,0.0,0.0,0.0,0.0,0.0,0.0,0.0,0.0,0.0,0.0,0.0,0.0,0.0,0.0,47.0,47.0,47.0,47.0,47.0,0.0,0.0,0.0,0.0,0.0,0.0,0.0,0.0,0.0,0.0,0.0,0.0,0.0,47.0,47.0,47.0,47.0,47.0,0.0,0.0,0.0,0.0,0.0,0.0,0.0,0.0,0.0,0.0,0.0,0.0,0.0,0.0,0.0,0.0,0.0,0.0,0.0,0.0,0.0,0.0,0.0,0.0,0.0,0.0,0.0,0.0,0.0,0.0,47.0,47.0,47.0,47.0,...
1763031199,996618656,laser,-3.1241390705108643,3.1415927410125732,0.0034828970674425364,5.375214459490962e-05,0.09670010954141617,0.15000000596046448,16.0,8.663999557495117,inf,inf,inf,7.263999938964844,7.263999938964844,7.263999938964844,7.263999938964844,7.263999938964844,7.263999938964844,7.25600004196167,7.25600004196167,7.25600004196167,7.25600004196167,7.248000144958496,7.248000144958496,7.25600004196167,7.25600004196167,7.25600004196167,7.25600004196167,7.25600004196167,7.25600004196167,7.248000144958496,7.248000144958496,7.25600004196167,7.239999771118164,7.239999771118164,7.248000144958496,7.271999835968018,7.271999835968018,7.263999938964844,inf,inf,inf,inf,inf,inf,inf,inf,inf,inf,inf,inf,inf,inf,inf,inf,inf,inf,inf,inf,inf,inf,3.7720000743865967,3.7720000743865967,3.7720000743865967,3.7720000743865967,3.7720000743865967,3.740000009536743,3.740000009536743,3.7360000610351562,3.740000009536743,3.74399995803833,3.747999906539917,3.747999906539917,3.752000093460083,2.9119999408721924,2.9119999408721924,2.8440001010894775,2.8440001010894775,2.8440001010894775,2.7880001068115234,2.7200000286102295,2.6559998989105225,2.6040000915527344,2.555999994277954,2.503999948501587,2.503999948501587,2.380000114440918,2.380000114440918,2.3440001010894775,2.312000036239624,2.2920000553131104,2.187999963760376,2.1640000343322754,2.1640000343322754,2.131999969482422,2.0999999046325684,2.0999999046325684,2.058000087738037,2.0179998874664307,1.9900000095367432,1.968000054359436,1.944000005722046,1.9079999923706055,1.878000020980835,1.8639999628067017,1.850000023841858,1.850000023841858,1.8339999914169312,1.8320000171661377,1.8200000524520874,1.8079999685287476,1.7920000553131104,1.7680000066757202,1.7680000066757202,1.722000002861023,1.722000002861023,1.7020000219345093,1.684000015258789,1.6619999408721924,1.6419999599456787,1.5180000066757202,1.5180000066757202,1.503999948501587,1.4880000352859497,1.4800000190734863,1.4800000190734863,1.4639999866485596,1.4639999866485596,1.4639999866485596,1.4259999990463257,1.4259999990463257,1.4259999990463257,1.399999976158142,1.399999976158142,1.399999976158142,1.399999976158142,...,47.0,47.0,47.0,47.0,47.0,47.0,47.0,47.0,47.0,47.0,47.0,47.0,47.0,0.0,0.0,0.0,0.0,0.0,0.0,0.0,0.0,0.0,0.0,0.0,0.0,0.0,0.0,0.0,0.0,0.0,0.0,0.0,0.0,0.0,0.0,0.0,0.0,0.0,0.0,0.0,0.0,0.0,0.0,0.0,0.0,0.0,0.0,0.0,0.0,0.0,0.0,0.0,0.0,0.0,0.0,0.0,0.0,0.0,0.0,0.0,0.0,0.0,0.0,0.0,0.0,0.0,0.0,0.0,47.0,47.0,47.0,47.0,47.0,0.0,0.0,0.0,0.0,0.0,0.0,0.0,0.0,0.0,0.0,0.0,0.0,0.0,0.0,0.0,0.0,0.0,0.0,0.0,0.0,0.0,0.0,0.0,0.0,0.0,0.0,0.0,0.0,0.0,0.0,0.0,0.0,0.0,0.0,0.0,0.0,0.0,0.0,0.0,0.0,0.0,0.0,0.0,0.0,0.0,0.0,0.0,0.0,0.0,0.0,0.0,0.0,0.0,0.0,0.0,...
1763031200,94918766,laser,-3.1241390705108643,3.1415927410125732,0.0034828970674425364,5.370743747334927e-05,0.09661968052387238,0.15000000596046448,16.0,8.592000007629395,8.592000007629395,7.28000020980835,7.28000020980835,7.28000020980835,7.28000020980835,7.28000020980835,7.25600004196167,7.25600004196167,7.25600004196167,7.25600004196167,7.25600004196167,7.263999938964844,7.248000144958496,7.248000144958496,7.239999771118164,7.248000144958496,7.248000144958496,7.25600004196167,7.25600004196167,7.25600004196167,7.25600004196167,7.248000144958496,7.239999771118164,7.25600004196167,7.248000144958496,7.248000144958496,7.248000144958496,7.25600004196167,7.25600004196167,7.263999938964844,7.23199987411499,inf,inf,inf,inf,inf,inf,inf,inf,inf,inf,inf,inf,inf,inf,inf,inf,inf,inf,inf,inf,3.9000000953674316,3.9000000953674316,3.9000000953674316,3.9000000953674316,3.9000000953674316,3.799999952316284,3.74399995803833,3.74399995803833,3.74399995803833,3.74399995803833,3.740000009536743,3.74399995803833,3.747999906539917,3.747999906539917,2.931999921798706,2.884000062942505,2.884000062942505,2.884000062942505,2.7360000610351562,2.7360000610351562,2.7360000610351562,2.680000066757202,2.635999917984009,2.5959999561309814,2.5360000133514404,2.4839999675750732,2.427999973297119,2.371999979019165,2.3399999141693115,2.299999952316284,2.299999952316284,2.187999963760376,2.187999963760376,2.187999963760376,2.140000104904175,2.1080000400543213,2.0759999752044678,2.0480000972747803,2.0199999809265137,2.002000093460083,1.9839999675750732,1.9839999675750732,1.968000054359436,1.9559999704360962,1.944000005722046,1.9240000247955322,1.9040000438690186,1.8799999952316284,1.850000023841858,1.8279999494552612,1.8279999494552612,1.805999994277954,1.7799999713897705,1.75600004196167,1.7339999675750732,1.7120000123977661,1.6920000314712524,1.6720000505447388,1.6540000438690186,1.6540000438690186,1.527999997138977,1.5080000162124634,1.5080000162124634,1.5,1.4900000095367432,1.4800000190734863,inf,inf,inf,inf,1.4040000438690186,1.4040000438690186,1.4040000438690186,1.4040000438690186,1.4040000438690186,1.3919999599456787,...,47.0,47.0,47.0,47.0,47.0,47.0,47.0,47.0,47.0,47.0,47.0,47.0,0.0,0.0,0.0,0.0,0.0,47.0,47.0,47.0,47.0,47.0,0.0,0.0,0.0,0.0,0.0,0.0,0.0,0.0,0.0,0.0,0.0,0.0,0.0,0.0,0.0,0.0,0.0,0.0,0.0,0.0,0.0,0.0,0.0,0.0,0.0,0.0,0.0,0.0,0.0,0.0,0.0,0.0,0.0,0.0,0.0,0.0,0.0,0.0,0.0,0.0,0.0,0.0,0.0,0.0,0.0,0.0,0.0,0.0,0.0,0.0,0.0,0.0,0.0,0.0,0.0,0.0,0.0,0.0,0.0,0.0,0.0,0.0,0.0,0.0,0.0,0.0,0.0,47.0,47.0,47.0,47.0,47.0,0.0,0.0,0.0,0.0,0.0,0.0,0.0,0.0,0.0,0.0,0.0,0.0,0.0,0.0,0.0,0.0,0.0,0.0,0.0,0.0,0.0,0.0,0.0,0.0,0.0,0.0,0.0,0.0,0.0,0.0,47.0,47.0,47.0,47.0,...
1763031200,193145247,laser,-3.1241390705108643,3.1415927410125732,0.0034828970674425364,5.3679588745580986e-05,0.09656958281993866,0.15000000596046448,16.0,8.656000137329102,8.656000137329102,inf,inf,7.263999938964844,7.263999938964844,7.263999938964844,7.263999938964844,7.263999938964844,7.25600004196167,7.25600004196167,7.25600004196167,7.25600004196167,7.25600004196167,7.25600004196167,7.248000144958496,7.25600004196167,7.25600004196167,7.25600004196167,7.248000144958496,7.248000144958496,7.248000144958496,7.248000144958496,7.248000144958496,7.248000144958496,7.248000144958496,7.239999771118164,7.239999771118164,7.25600004196167,7.271999835968018,7.239999771118164,10.503999710083008,10.503999710083008,10.503999710083008,inf,inf,inf,inf,inf,inf,inf,inf,inf,inf,inf,inf,inf,inf,inf,inf,inf,inf,inf,inf,3.7760000228881836,3.7760000228881836,3.7760000228881836,3.7760000228881836,3.7760000228881836,3.740000009536743,3.7360000610351562,3.740000009536743,3.74399995803833,3.74399995803833,3.747999906539917,3.747999906539917,2.9000000953674316,2.9000000953674316,2.9000000953674316,2.8440001010894775,2.8440001010894775,2.7880001068115234,2.7239999771118164,2.6600000858306885,2.6080000400543213,2.6080000400543213,2.555999994277954,2.496000051498413,2.444000005722046,2.4000000953674316,2.3480000495910645,2.303999900817871,2.2839999198913574,2.191999912261963,2.191999912261963,2.1640000343322754,2.1640000343322754,2.128000020980835,2.0999999046325684,2.068000078201294,2.0380001068115234,2.0139999389648438,1.9919999837875366,1.9639999866485596,1.9500000476837158,1.9500000476837158,1.937999963760376,1.9259999990463257,1.909999966621399,1.8819999694824219,1.8600000143051147,1.840000033378601,1.8179999589920044,1.7920000553131104,1.7920000553131104,1.7660000324249268,1.746000051498413,1.7259999513626099,1.7059999704360962,1.684000015258789,1.6619999408721924,1.6360000371932983,1.5180000066757202,1.5180000066757202,1.503999948501587,1.4880000352859497,1.4800000190734863,1.4800000190734863,inf,inf,inf,1.4079999923706055,1.4079999923706055,1.4079999923706055,1.4079999923706055,1.4079999923706055,1.399999976158142,1.399999976158142,...,0.0,47.0,47.0,47.0,47.0,47.0,47.0,47.0,47.0,47.0,47.0,47.0,47.0,0.0,0.0,0.0,0.0,0.0,47.0,47.0,47.0,47.0,47.0,0.0,0.0,0.0,0.0,0.0,0.0,0.0,0.0,0.0,0.0,0.0,0.0,0.0,0.0,0.0,0.0,0.0,0.0,0.0,0.0,0.0,0.0,0.0,0.0,0.0,0.0,0.0,0.0,0.0,0.0,0.0,0.0,0.0,0.0,0.0,0.0,0.0,0.0,0.0,0.0,0.0,0.0,0.0,0.0,0.0,47.0,47.0,47.0,47.0,47.0,0.0,0.0,0.0,0.0,0.0,0.0,0.0,0.0,0.0,0.0,0.0,0.0,0.0,0.0,0.0,0.0,0.0,0.0,0.0,0.0,0.0,0.0,0.0,0.0,0.0,0.0,0.0,0.0,0.0,0.0,0.0,0.0,0.0,0.0,0.0,0.0,0.0,0.0,0.0,0.0,0.0,0.0,0.0,0.0,0.0,0.0,0.0,0.0,0.0,0.0,0.0,0.0,0.0,0.0,0.0,...
1763031200,291607698,laser,-3.1241390705108643,3.1415927410125732,0.0034828970674425364,5.358778435038403e-05,0.09640442579984665,0.15000000596046448,16.0,8.583999633789062,8.62399959564209,inf,7.271999835968018,7.271999835968018,7.271999835968018,7.271999835968018,7.271999835968018,7.25600004196167,7.25600004196167,7.25600004196167,7.25600004196167,7.25600004196167,7.248000144958496,7.248000144958496,7.239999771118164,7.248000144958496,7.248000144958496,7.25600004196167,7.25600004196167,7.248000144958496,7.239999771118164,7.239999771118164,7.239999771118164,7.248000144958496,7.239999771118164,7.239999771118164,7.248000144958496,7.25600004196167,7.25600004196167,7.263999938964844,7.239999771118164,inf,inf,inf,inf,inf,inf,inf,inf,inf,inf,inf,inf,inf,inf,inf,4.0879998207092285,4.0879998207092285,4.0879998207092285,4.0879998207092285,4.0879998207092285,3.9719998836517334,3.9719998836517334,3.9719998836517334,3.859999895095825,3.859999895095825,3.859999895095825,3.7760000228881836,3.740000009536743,3.7360000610351562,3.740000009536743,3.74399995803833,3.747999906539917,3.747999906539917,3.747999906539917,2.9000000953674316,2.9000000953674316,2.9000000953674316,2.8440001010894775,2.8440001010894775,2.7880001068115234,2.7239999771118164,2.6600000858306885,2.6080000400543213,2.555999994277954,2.555999994277954,2.51200008392334,2.4600000381469727,2.3959999084472656,2.3559999465942383,2.319999933242798,2.2960000038146973,2.1760001182556152,2.1760001182556152,2.1679999828338623,2.131999969482422,2.131999969482422,2.1080000400543213,2.072000026702881,2.0360000133514404,1.9980000257492065,1.9700000286102295,1.944000005722046,1.9079999923706055,1.8819999694824219,1.8660000562667847,1.843999981880188,1.843999981880188,1.8259999752044678,1.8240000009536743,1.8179999589920044,1.805999994277954,1.7879999876022339,1.7660000324249268,1.7660000324249268,1.7280000448226929,1.7280000448226929,1.7079999446868896,1.6859999895095825,1.6619999408721924,1.6419999599456787,1.5180000066757202,1.5180000066757202,1.503999948501587,1.4880000352859497,1.4800000190734863,1.4800000190734863,inf,inf,1.4140000343322754,1.4140000343322754,1.4140000343322754,1.4140000343322754,1.4140000343322754,1.399999976158142,1.399999976158142,1.399999976158142,...,0.0,47.0,47.0,47.0,47.0,47.0,47.0,47.0,47.0,47.0,47.0,47.0,47.0,47.0,47.0,0.0,0.0,0.0,0.0,0.0,47.0,47.0,47.0,47.0,47.0,0.0,0.0,0.0,0.0,0.0,0.0,0.0,0.0,0.0,0.0,0.0,0.0,0.0,0.0,0.0,0.0,0.0,0.0,0.0,0.0,0.0,0.0,0.0,0.0,0.0,0.0,0.0,0.0,0.0,0.0,0.0,0.0,0.0,0.0,0.0,0.0,0.0,0.0,0.0,0.0,0.0,0.0,0.0,0.0,0.0,0.0,0.0,0.0,0.0,0.0,0.0,0.0,0.0,0.0,0.0,0.0,0.0,0.0,0.0,0.0,0.0,0.0,0.0,0.0,0.0,0.0,0.0,0.0,0.0,0.0,0.0,0.0,0.0,0.0,0.0,0.0,0.0,0.0,0.0,0.0,0.0,0.0,0.0,0.0,0.0,0.0,0.0,0.0,0.0,0.0,0.0,0.0,0.0,0.0,0.0,0.0,0.0,0.0,0.0,47.0,47.0,47.0,47.0,...
1763031200,389546206,laser,-3.1241390705108643,3.1415927410125732,0.0034828970674425364,5.71992204640992e-05,0.1029013991355896,0.15000000596046448,16.0,8.583999633789062,8.583999633789062,7.28000020980835,7.28000020980835,7.28000020980835,7.28000020980835,7.28000020980835,7.263999938964844,7.263999938964844,7.263999938964844,7.263999938964844,7.25600004196167,7.25600004196167,7.248000144958496,7.239999771118164,7.239999771118164,7.248000144958496,7.248000144958496,7.25600004196167,7.263999938964844,7.248000144958496,7.239999771118164,7.239999771118164,7.239999771118164,7.248000144958496,7.248000144958496,7.239999771118164,7.248000144958496,7.25600004196167,7.25600004196167,7.271999835968018,7.239999771118164,10.368000030517578,10.368000030517578,inf,inf,inf,inf,inf,inf,inf,inf,inf,inf,inf,inf,4.0920000076293945,4.0920000076293945,4.0920000076293945,4.0920000076293945,4.0920000076293945,inf,inf,3.7760000228881836,3.7760000228881836,3.7760000228881836,3.7760000228881836,3.7760000228881836,3.740000009536743,3.740000009536743,3.74399995803833,3.747999906539917,3.747999906539917,3.747999906539917,3.747999906539917,3.747999906539917,2.9040000438690186,2.9040000438690186,2.8480000495910645,2.8480000495910645,2.8480000495910645,2.7920000553131104,2.7239999771118164,2.6600000858306885,2.615999937057495,2.563999891281128,2.563999891281128,2.51200008392334,2.4600000381469727,2.3959999084472656,2.3519999980926514,2.315999984741211,2.2960000038146973,2.1760001182556152,2.1679999828338623,2.1679999828338623,2.1679999828338623,2.131999969482422,2.1040000915527344,2.068000078201294,2.0360000133514404,2.00600004196167,1.9839999675750732,1.9559999704360962,1.9299999475479126,1.9299999475479126,1.9160000085830688,1.9079999923706055,1.8980000019073486,1.8760000467300415,1.8580000400543213,1.8420000076293945,1.8220000267028809,1.7940000295639038,1.7660000324249268,1.7660000324249268,1.746000051498413,1.7259999513626099,1.7059999704360962,1.6859999895095825,1.6619999408721924,1.6419999599456787,1.5140000581741333,1.5140000581741333,1.503999948501587,1.4900000095367432,1.4800000190734863,1.4800000190734863,1.4639999866485596,1.4299999475479126,1.4299999475479126,1.4299999475479126,1.4299999475479126,1.4299999475479126,1.409999966621399,1.409999966621399,1.409999966621399,1.409999966621399,...,0.0,0.0,47.0,47.0,47.0,47.0,47.0,47.0,47.0,47.0,47.0,0.0,0.0,0.0,0.0,0.0,0.0,0.0,0.0,0.0,0.0,0.0,0.0,0.0,0.0,0.0,0.0,0.0,0.0,0.0,0.0,0.0,0.0,0.0,0.0,0.0,0.0,0.0,0.0,0.0,0.0,0.0,0.0,0.0,0.0,0.0,0.0,0.0,0.0,0.0,0.0,0.0,0.0,0.0,0.0,0.0,0.0,0.0,0.0,0.0,0.0,0.0,0.0,0.0,0.0,0.0,0.0,0.0,0.0,0.0,0.0,0.0,0.0,0.0,0.0,0.0,0.0,0.0,0.0,0.0,0.0,0.0,0.0,0.0,0.0,0.0,0.0,0.0,0.0,0.0,0.0,0.0,0.0,0.0,0.0,0.0,0.0,0.0,0.0,0.0,0.0,0.0,0.0,0.0,0.0,0.0,0.0,0.0,0.0,0.0,0.0,0.0,0.0,0.0,0.0,0.0,0.0,0.0,0.0,0.0,0.0,0.0,0.0,0.0,0.0,0.0,0.0,0.0,...
1763031200,494135178,laser,-3.1241390705108643,3.1415927410125732,0.0034828970674425364,5.36507650394924e-05,0.09651772677898407,0.15000000596046448,16.0,8.583999633789062,8.583999633789062,7.271999835968018,7.271999835968018,7.271999835968018,7.271999835968018,7.25600004196167,7.25600004196167,7.25600004196167,7.25600004196167,7.25600004196167,7.248000144958496,7.25600004196167,7.248000144958496,7.239999771118164,7.239999771118164,7.248000144958496,7.25600004196167,7.263999938964844,7.25600004196167,7.248000144958496,7.239999771118164,7.239999771118164,7.239999771118164,7.25600004196167,7.25600004196167,7.25600004196167,7.248000144958496,7.25600004196167,7.25600004196167,7.263999938964844,7.23199987411499,10.368000030517578,10.368000030517578,10.368000030517578,inf,inf,inf,inf,inf,inf,inf,inf,inf,inf,inf,inf,inf,inf,inf,3.864000082015991,3.864000082015991,3.864000082015991,3.864000082015991,3.864000082015991,3.7799999713897705,3.7799999713897705,3.7799999713897705,3.7799999713897705,3.740000009536743,3.740000009536743,3.747999906539917,3.74399995803833,3.747999906539917,3.747999906539917,3.747999906539917,2.9240000247955322,2.9240000247955322,2.9240000247955322,2.868000030517578,2.868000030517578,2.7920000553131104,2.7239999771118164,2.6640000343322754,2.615999937057495,2.563999891281128,2.563999891281128,2.507999897003174,2.4600000381469727,2.4000000953674316,2.3559999465942383,2.319999933242798,2.2960000038146973,2.1760001182556152,2.1760001182556152,2.1679999828338623,2.131999969482422,2.131999969482422,2.1080000400543213,2.072000026702881,2.0380001068115234,2.0220000743865967,2.00600004196167,1.9839999675750732,1.972000002861023,1.9539999961853027,1.9539999961853027,1.934000015258789,1.9160000085830688,1.8919999599456787,1.8660000562667847,1.8420000076293945,1.8200000524520874,1.7940000295639038,1.7660000324249268,1.7660000324249268,1.746000051498413,1.7280000448226929,1.7079999446868896,1.6859999895095825,1.6660000085830688,1.6460000276565552,1.5160000324249268,1.5160000324249268,1.503999948501587,1.4900000095367432,1.4800000190734863,1.4800000190734863,1.4620000123977661,inf,1.4299999475479126,1.4299999475479126,1.4299999475479126,1.4299999475479126,1.4299999475479126,1.409999966621399,1.409999966621399,1.409999966621399,...,47.0,47.0,47.0,47.0,47.0,47.0,47.0,47.0,47.0,47.0,47.0,47.0,0.0,0.0,0.0,0.0,0.0,0.0,47.0,47.0,47.0,47.0,47.0,0.0,0.0,0.0,0.0,0.0,0.0,0.0,0.0,0.0,0.0,0.0,0.0,0.0,0.0,0.0,0.0,0.0,0.0,0.0,0.0,0.0,0.0,0.0,0.0,0.0,0.0,0.0,0.0,0.0,0.0,0.0,0.0,0.0,0.0,0.0,0.0,0.0,0.0,0.0,0.0,0.0,0.0,0.0,0.0,0.0,0.0,0.0,0.0,0.0,0.0,0.0,0.0,0.0,0.0,0.0,0.0,0.0,0.0,0.0,0.0,0.0,0.0,0.0,0.0,0.0,0.0,0.0,0.0,0.0,0.0,0.0,0.0,0.0,0.0,0.0,0.0,0.0,0.0,0.0,0.0,0.0,0.0,0.0,0.0,0.0,0.0,0.0,0.0,0.0,0.0,0.0,0.0,0.0,0.0,0.0,0.0,0.0,0.0,0.0,0.0,0.0,0.0,0.0,0.0,0.0,...
1763031200,592156171,laser,-3.1241390705108643,3.1415927410125732,0.0034828970674425364,5.3817726438865066e-05,0.09681808948516846,0.15000000596046448,16.0,8.583999633789062,8.656000137329102,8.616000175476074,7.28000020980835,7.28000020980835,7.28000020980835,7.28000020980835,7.263999938964844,7.263999938964844,7.263999938964844,7.25600004196167,7.248000144958496,7.25600004196167,7.25600004196167,7.248000144958496,7.248000144958496,7.248000144958496,7.25600004196167,7.25600004196167,7.25600004196167,7.248000144958496,7.248000144958496,7.248000144958496,7.248000144958496,7.248000144958496,7.25600004196167,7.248000144958496,7.248000144958496,7.25600004196167,7.271999835968018,7.271999835968018,7.239999771118164,10.399999618530273,10.399999618530273,inf,inf,inf,inf,inf,inf,inf,inf,inf,inf,inf,inf,inf,inf,inf,inf,inf,inf,inf,inf,3.7760000228881836,3.7760000228881836,3.7760000228881836,3.7760000228881836,3.7760000228881836,3.74399995803833,3.740000009536743,3.740000009536743,3.74399995803833,3.74399995803833,3.747999906539917,3.752000093460083,2.888000011444092,2.888000011444092,2.888000011444092,2.8480000495910645,2.8480000495910645,2.7880001068115234,2.7160000801086426,2.6600000858306885,2.6040000915527344,2.6040000915527344,2.5439999103546143,2.48799991607666,2.444000005722046,2.3399999141693115,2.3399999141693115,2.299999952316284,2.2679998874664307,2.240000009536743,2.240000009536743,2.2039999961853027,2.1679999828338623,2.119999885559082,2.0880000591278076,2.055999994277954,2.0179998874664307,1.9900000095367432,1.9600000381469727,1.9259999990463257,1.9259999990463257,1.9040000438690186,1.8839999437332153,1.871999979019165,1.8619999885559082,1.8459999561309814,1.8339999914169312,1.8200000524520874,1.8020000457763672,1.8020000457763672,1.781999945640564,1.7580000162124634,1.7339999675750732,1.715999960899353,1.7000000476837158,1.6779999732971191,1.656000018119812,1.656000018119812,1.5119999647140503,1.5119999647140503,1.5119999647140503,1.4980000257492065,1.4859999418258667,1.4800000190734863,inf,inf,inf,1.399999976158142,1.399999976158142,1.399999976158142,1.399999976158142,1.399999976158142,1.3899999856948853,1.3899999856948853,...,0.0,0.0,47.0,47.0,47.0,47.0,47.0,47.0,47.0,47.0,47.0,0.0,0.0,0.0,0.0,0.0,0.0,0.0,0.0,0.0,0.0,0.0,0.0,0.0,0.0,0.0,0.0,0.0,0.0,0.0,0.0,0.0,0.0,0.0,0.0,0.0,0.0,0.0,0.0,0.0,0.0,0.0,0.0,0.0,0.0,0.0,0.0,0.0,0.0,0.0,0.0,0.0,0.0,0.0,0.0,0.0,0.0,0.0,0.0,0.0,0.0,0.0,0.0,0.0,0.0,0.0,0.0,47.0,47.0,47.0,47.0,47.0,0.0,0.0,0.0,0.0,0.0,0.0,0.0,0.0,0.0,0.0,0.0,0.0,0.0,0.0,0.0,0.0,0.0,0.0,0.0,0.0,0.0,0.0,0.0,0.0,0.0,0.0,0.0,0.0,0.0,0.0,0.0,0.0,0.0,0.0,0.0,0.0,0.0,0.0,0.0,0.0,0.0,0.0,0.0,0.0,0.0,0.0,0.0,0.0,0.0,0.0,0.0,0.0,0.0,0.0,0.0,0.0,...
1763031200,690618547,laser,-3.1241390705108643,3.1415927410125732,0.0034828970674425364,5.3646490414394066e-05,0.09651003777980804,0.15000000596046448,16.0,8.704000473022461,8.736000061035156,inf,7.28000020980835,7.28000020980835,7.28000020980835,7.28000020980835,7.28000020980835,7.25600004196167,7.25600004196167,7.25600004196167,7.248000144958496,7.248000144958496,7.248000144958496,7.248000144958496,7.239999771118164,7.248000144958496,7.248000144958496,7.25600004196167,7.25600004196167,7.248000144958496,7.248000144958496,7.239999771118164,7.239999771118164,7.248000144958496,7.239999771118164,7.239999771118164,7.248000144958496,7.25600004196167,7.25600004196167,7.263999938964844,10.496000289916992,inf,inf,inf,inf,inf,inf,inf,inf,inf,inf,inf,inf,inf,inf,inf,inf,inf,inf,inf,inf,3.8239998817443848,3.8239998817443848,3.8239998817443848,3.8239998817443848,3.8239998817443848,3.75600004196167,3.75600004196167,3.74399995803833,3.7360000610351562,3.740000009536743,3.740000009536743,3.74399995803833,3.747999906539917,3.752000093460083,2.888000011444092,2.888000011444092,2.888000011444092,2.888000011444092,2.8320000171661377,2.7679998874664307,2.7119998931884766,2.6559998989105225,2.6040000915527344,2.6040000915527344,2.5439999103546143,2.48799991607666,2.436000108718872,2.375999927520752,2.3399999141693115,2.299999952316284,2.2639999389648438,2.240000009536743,2.240000009536743,2.1640000343322754,2.1640000343322754,2.119999885559082,2.0880000591278076,2.055999994277954,2.0160000324249268,1.9900000095367432,1.9639999866485596,1.9320000410079956,1.9040000438690186,1.9040000438690186,1.8819999694824219,1.8700000047683716,1.8580000400543213,1.8420000076293945,1.8339999914169312,1.8200000524520874,1.8020000457763672,1.8020000457763672,1.781999945640564,1.7580000162124634,1.7339999675750732,1.715999960899353,1.7000000476837158,1.6759999990463257,1.656000018119812,1.6239999532699585,1.5119999647140503,1.4980000257492065,1.4980000257492065,1.4980000257492065,1.4839999675750732,1.4780000448226929,inf,inf,inf,inf,1.4019999504089355,1.4019999504089355,1.4019999504089355,1.4019999504089355,1.4019999504089355,1.3899999856948853,...,47.0,47.0,47.0,47.0,47.0,47.0,47.0,47.0,47.0,47.0,47.0,0.0,0.0,0.0,0.0,0.0,0.0,0.0,0.0,0.0,0.0,0.0,0.0,0.0,0.0,0.0,0.0,0.0,0.0,0.0,0.0,0.0,0.0,0.0,0.0,0.0,0.0,0.0,0.0,0.0,0.0,0.0,0.0,0.0,0.0,0.0,0.0,0.0,0.0,0.0,0.0,0.0,0.0,0.0,0.0,0.0,0.0,0.0,0.0,0.0,0.0,0.0,0.0,0.0,0.0,0.0,0.0,0.0,0.0,0.0,0.0,0.0,0.0,0.0,0.0,0.0,0.0,0.0,0.0,0.0,0.0,0.0,0.0,0.0,0.0,0.0,0.0,0.0,0.0,0.0,0.0,0.0,0.0,0.0,0.0,0.0,0.0,0.0,0.0,0.0,0.0,0.0,0.0,0.0,0.0,0.0,0.0,0.0,0.0,0.0,0.0,0.0,0.0,0.0,0.0,0.0,0.0,0.0,0.0,0.0,0.0,0.0,0.0,0.0,0.0,0.0,0.0,0.0,...
1763031200,788437951,laser,-3.1241390705108643,3.1415927410125732,0.0034828970674425364,5.3963518439559266e-05,0.09708037227392197,0.15000000596046448,16.0,8.696000099182129,inf,inf,inf,7.28000020980835,7.28000020980835,7.28000020980835,7.28000020980835,7.28000020980835,7.25600004196167,7.248000144958496,7.248000144958496,7.25600004196167,7.25600004196167,7.248000144958496,7.239999771118164,7.248000144958496,7.248000144958496,7.25600004196167,7.25600004196167,7.25600004196167,7.25600004196167,7.248000144958496,7.239999771118164,7.248000144958496,7.239999771118164,7.239999771118164,7.248000144958496,7.248000144958496,7.25600004196167,7.263999938964844,inf,inf,inf,inf,inf,inf,inf,inf,inf,inf,inf,inf,inf,inf,inf,inf,inf,inf,inf,inf,inf,inf,inf,3.752000093460083,3.752000093460083,3.752000093460083,3.752000093460083,3.752000093460083,3.740000009536743,3.740000009536743,3.7360000610351562,3.740000009536743,3.74399995803833,3.747999906539917,3.752000093460083,2.888000011444092,2.888000011444092,2.888000011444092,2.8320000171661377,2.8320000171661377,2.8320000171661377,2.75600004196167,2.684000015258789,2.640000104904175,2.5959999561309814,2.5399999618530273,2.48799991607666,2.431999921798706,2.375999927520752,2.3399999141693115,2.2960000038146973,2.2960000038146973,2.240000009536743,2.2119998931884766,2.191999912261963,2.1519999504089355,2.115999937057495,2.0799999237060547,2.0439999103546143,2.0139999389648438,1.99399995803833,1.99399995803833,1.9780000448226929,1.965999960899353,1.9559999704360962,1.940000057220459,1.9199999570846558,1.8940000534057617,1.8700000047683716,1.850000023841858,1.850000023841858,1.8259999752044678,1.8020000457763672,1.7799999713897705,1.753999948501587,1.7300000190734863,1.7100000381469727,1.690000057220459,1.6699999570846558,1.6699999570846558,1.6519999504089355,1.5080000162124634,1.5080000162124634,1.5080000162124634,1.4980000257492065,1.4859999418258667,inf,inf,inf,inf,1.4019999504089355,1.4019999504089355,1.4019999504089355,1.4019999504089355,1.4019999504089355,1.3880000114440918,1.3880000114440918,...,0.0,47.0,47.0,47.0,47.0,47.0,47.0,47.0,47.0,47.0,47.0,47.0,47.0,0.0,0.0,0.0,0.0,0.0,0.0,0.0,0.0,0.0,0.0,0.0,0.0,0.0,0.0,0.0,0.0,0.0,0.0,0.0,0.0,0.0,0.0,0.0,0.0,0.0,0.0,0.0,0.0,0.0,0.0,0.0,0.0,0.0,0.0,0.0,0.0,0.0,0.0,0.0,0.0,0.0,0.0,0.0,0.0,0.0,0.0,0.0,0.0,0.0,0.0,0.0,0.0,0.0,0.0,0.0,0.0,0.0,0.0,0.0,0.0,0.0,0.0,0.0,0.0,0.0,0.0,0.0,0.0,0.0,0.0,0.0,0.0,0.0,0.0,0.0,0.0,0.0,47.0,47.0,47.0,47.0,47.0,0.0,0.0,0.0,0.0,0.0,0.0,0.0,0.0,0.0,0.0,0.0,0.0,47.0,47.0,47.0,47.0,47.0,0.0,0.0,0.0,0.0,0.0,0.0,0.0,0.0,0.0,0.0,0.0,0.0,0.0,0.0,47.0,47.0,...
1763031200,887188566,laser,-3.1241390705108643,3.1415927410125732,0.0034828970674425364,5.361277362680994e-05,0.09644938260316849,0.15000000596046448,16.0,inf,inf,inf,7.288000106811523,7.288000106811523,7.288000106811523,7.288000106811523,7.288000106811523,7.263999938964844,7.263999938964844,7.248000144958496,7.248000144958496,7.248000144958496,7.263999938964844,7.248000144958496,7.248000144958496,7.25600004196167,7.248000144958496,7.25600004196167,7.25600004196167,7.25600004196167,7.25600004196167,7.248000144958496,7.248000144958496,7.25600004196167,7.239999771118164,7.239999771118164,7.239999771118164,7.263999938964844,7.271999835968018,7.263999938964844,inf,inf,inf,inf,inf,inf,inf,inf,inf,inf,inf,inf,inf,4.703999996185303,4.703999996185303,4.703999996185303,4.703999996185303,4.703999996185303,inf,inf,3.8440001010894775,3.8440001010894775,3.8440001010894775,3.8440001010894775,3.8440001010894775,3.7720000743865967,3.7720000743865967,3.7720000743865967,3.7360000610351562,3.7320001125335693,3.740000009536743,3.74399995803833,3.74399995803833,3.747999906539917,3.752000093460083,2.8919999599456787,2.8919999599456787,2.8919999599456787,2.8320000171661377,2.8320000171661377,2.7760000228881836,2.7200000286102295,2.6559998989105225,2.6040000915527344,2.6040000915527344,2.552000045776367,2.496000051498413,2.444000005722046,2.3959999084472656,2.3480000495910645,2.299999952316284,2.2799999713897705,2.2039999961853027,2.2039999961853027,2.2039999961853027,2.1640000343322754,2.119999885559082,2.0799999237060547,2.052000045776367,2.0280001163482666,2.003999948501587,1.9780000448226929,1.9500000476837158,1.9220000505447388,1.9220000505447388,1.906000018119812,1.899999976158142,1.8880000114440918,1.8660000562667847,1.8519999980926514,1.8320000171661377,1.812000036239624,1.812000036239624,1.7860000133514404,1.7580000162124634,1.7380000352859497,1.7200000286102295,1.7020000219345093,1.6820000410079956,1.6619999408721924,1.6339999437332153,1.5119999647140503,1.5119999647140503,1.5,1.5,1.4900000095367432,1.4739999771118164,inf,inf,inf,1.4040000438690186,1.4040000438690186,1.4040000438690186,1.4040000438690186,1.4040000438690186,1.3940000534057617,1.3940000534057617,...,0.0,47.0,47.0,47.0,47.0,47.0,47.0,47.0,47.0,47.0,47.0,0.0,0.0,0.0,0.0,0.0,0.0,0.0,0.0,0.0,0.0,0.0,0.0,0.0,0.0,0.0,0.0,0.0,0.0,0.0,0.0,0.0,0.0,0.0,0.0,0.0,0.0,0.0,0.0,0.0,0.0,0.0,0.0,0.0,0.0,0.0,0.0,0.0,0.0,0.0,0.0,0.0,0.0,0.0,0.0,0.0,0.0,0.0,0.0,0.0,0.0,0.0,0.0,0.0,0.0,0.0,0.0,0.0,0.0,0.0,47.0,47.0,47.0,47.0,47.0,0.0,0.0,0.0,0.0,0.0,0.0,0.0,0.0,0.0,0.0,0.0,0.0,0.0,0.0,0.0,0.0,47.0,47.0,47.0,47.0,47.0,0.0,0.0,0.0,0.0,0.0,0.0,0.0,0.0,0.0,47.0,47.0,47.0,47.0,47.0,0.0,0.0,0.0,0.0,0.0,0.0,0.0,0.0,0.0,0.0,0.0,0.0,0.0,0.0,47.0,47.0,47.0,47.0,...
1763031200,985175733,laser,-3.1241390705108643,3.1415927410125732,0.0034828970674425364,5.383734969655052e-05,0.09685339778661728,0.15000000596046448,16.0,8.687999725341797,inf,7.28000020980835,7.28000020980835,7.28000020980835,7.28000020980835,7.28000020980835,7.25600004196167,7.25600004196167,7.25600004196167,7.25600004196167,7.248000144958496,7.25600004196167,7.248000144958496,7.248000144958496,7.248000144958496,7.248000144958496,7.248000144958496,7.25600004196167,7.263999938964844,7.248000144958496,7.239999771118164,7.239999771118164,7.239999771118164,7.25600004196167,7.248000144958496,7.239999771118164,7.248000144958496,7.25600004196167,7.25600004196167,7.263999938964844,7.223999977111816,inf,inf,inf,inf,inf,inf,inf,inf,inf,inf,inf,inf,inf,inf,inf,inf,inf,inf,inf,3.8480000495910645,3.8480000495910645,3.8480000495910645,3.8480000495910645,3.8480000495910645,3.7720000743865967,3.7720000743865967,3.7720000743865967,3.740000009536743,3.7360000610351562,3.740000009536743,3.74399995803833,3.74399995803833,3.747999906539917,3.752000093460083,2.8919999599456787,2.8919999599456787,2.8919999599456787,2.8359999656677246,2.8359999656677246,2.7760000228881836,2.7160000801086426,2.6559998989105225,2.6040000915527344,2.6040000915527344,2.552000045776367,2.496000051498413,2.436000108718872,2.384000062942505,2.3440001010894775,2.299999952316284,2.2799999713897705,2.25600004196167,2.25600004196167,2.1640000343322754,2.1640000343322754,2.119999885559082,2.0840001106262207,2.052000045776367,2.0199999809265137,1.9880000352859497,1.9620000123977661,1.9359999895095825,1.906000018119812,1.906000018119812,1.878000020980835,1.8639999628067017,1.8459999561309814,1.8220000267028809,1.8179999589920044,1.812000036239624,1.8020000457763672,1.784000039100647,1.784000039100647,1.7580000162124634,1.7380000352859497,1.7200000286102295,1.7020000219345093,1.6820000410079956,1.659999966621399,1.6339999437332153,1.5180000066757202,1.5180000066757202,1.5019999742507935,1.4880000352859497,1.4880000352859497,1.4739999771118164,inf,inf,inf,1.4040000438690186,1.4040000438690186,1.4040000438690186,1.4040000438690186,1.4040000438690186,1.3940000534057617,1.3940000534057617,...,0.0,0.0,47.0,47.0,47.0,47.0,47.0,47.0,47.0,47.0,47.0,0.0,0.0,0.0,0.0,0.0,0.0,0.0,0.0,0.0,0.0,0.0,0.0,0.0,0.0,0.0,0.0,0.0,0.0,0.0,0.0,0.0,0.0,0.0,0.0,0.0,0.0,0.0,0.0,0.0,0.0,0.0,0.0,0.0,0.0,0.0,0.0,0.0,0.0,0.0,0.0,0.0,0.0,0.0,0.0,0.0,0.0,0.0,0.0,0.0,0.0,0.0,0.0,0.0,0.0,0.0,0.0,0.0,0.0,0.0,0.0,0.0,0.0,0.0,0.0,0.0,0.0,0.0,0.0,0.0,0.0,0.0,0.0,0.0,0.0,0.0,0.0,0.0,0.0,0.0,0.0,0.0,0.0,0.0,0.0,0.0,0.0,0.0,0.0,0.0,0.0,0.0,0.0,0.0,0.0,0.0,0.0,0.0,0.0,0.0,0.0,0.0,0.0,0.0,0.0,0.0,0.0,0.0,0.0,0.0,0.0,0.0,0.0,0.0,0.0,0.0,0.0,0.0,...
1763031201,83657030,laser,-3.1241390705108643,3.1415927410125732,0.0034828970674425364,5.372318628360517e-05,0.09664800763130188,0.15000000596046448,16.0,8.687999725341797,inf,inf,7.28000020980835,7.28000020980835,7.28000020980835,7.28000020980835,7.28000020980835,7.25600004196167,7.25600004196167,7.263999938964844,7.25600004196167,7.25600004196167,7.248000144958496,7.248000144958496,7.248000144958496,7.25600004196167,7.248000144958496,7.25600004196167,7.263999938964844,7.25600004196167,7.239999771118164,7.239999771118164,7.239999771118164,7.25600004196167,7.248000144958496,7.239999771118164,7.248000144958496,7.25600004196167,7.25600004196167,7.263999938964844,7.28000020980835,inf,inf,inf,inf,inf,inf,inf,inf,inf,inf,inf,inf,inf,inf,inf,inf,inf,inf,inf,inf,inf,3.7679998874664307,3.7679998874664307,3.7679998874664307,3.7679998874664307,3.7679998874664307,3.740000009536743,3.740000009536743,3.7360000610351562,3.7360000610351562,3.740000009536743,3.747999906539917,3.747999906539917,3.752000093460083,2.888000011444092,2.888000011444092,2.8320000171661377,2.8320000171661377,2.8320000171661377,2.8320000171661377,2.7720000743865967,2.7160000801086426,2.6559998989105225,2.5999999046325684,2.5439999103546143,2.48799991607666,2.436000108718872,2.380000114440918,2.3399999141693115,2.299999952316284,2.299999952316284,2.2679998874664307,2.240000009536743,2.2039999961853027,2.1519999504089355,2.1080000400543213,2.0840001106262207,2.053999900817871,2.0199999809265137,1.9980000257492065,1.9800000190734863,1.9800000190734863,1.9600000381469727,1.9459999799728394,1.937999963760376,1.9220000505447388,1.9019999504089355,1.878000020980835,1.8539999723434448,1.8320000171661377,1.8320000171661377,1.809999942779541,1.784000039100647,1.7580000162124634,1.7339999675750732,1.715999960899353,1.7000000476837158,1.6759999990463257,1.6759999990463257,1.656000018119812,1.531999945640564,1.5080000162124634,1.5080000162124634,1.496000051498413,1.4839999675750732,1.4739999771118164,inf,inf,inf,inf,inf,1.4040000438690186,1.4040000438690186,1.4040000438690186,1.4040000438690186,1.4040000438690186,...,0.0,0.0,47.0,47.0,47.0,47.0,47.0,47.0,47.0,47.0,47.0,0.0,0.0,0.0,0.0,0.0,0.0,0.0,0.0,0.0,0.0,0.0,0.0,0.0,0.0,0.0,0.0,0.0,0.0,0.0,0.0,0.0,0.0,0.0,0.0,0.0,0.0,0.0,0.0,0.0,0.0,0.0,0.0,0.0,0.0,0.0,0.0,0.0,0.0,0.0,0.0,0.0,0.0,0.0,0.0,0.0,0.0,0.0,0.0,0.0,0.0,0.0,0.0,0.0,0.0,0.0,0.0,0.0,0.0,0.0,0.0,0.0,0.0,0.0,0.0,0.0,0.0,0.0,0.0,0.0,0.0,0.0,0.0,0.0,0.0,0.0,0.0,0.0,0.0,0.0,0.0,0.0,0.0,0.0,0.0,0.0,0.0,0.0,0.0,0.0,0.0,0.0,0.0,0.0,0.0,0.0,0.0,0.0,0.0,0.0,0.0,0.0,0.0,0.0,0.0,0.0,0.0,0.0,0.0,0.0,0.0,0.0,0.0,0.0,0.0,0.0,0.0,0.0,...
1763031201,181925023,laser,-3.1241390705108643,3.1415927410125732,0.0034828970674425364,5.706536830984987e-05,0.10266059637069702,0.15000000596046448,16.0,inf,inf,7.28000020980835,7.28000020980835,7.28000020980835,7.28000020980835,7.28000020980835,7.25600004196167,7.25600004196167,7.25600004196167,7.25600004196167,7.248000144958496,7.25600004196167,7.25600004196167,7.248000144958496,7.248000144958496,7.248000144958496,7.248000144958496,7.25600004196167,7.263999938964844,7.263999938964844,7.25600004196167,7.248000144958496,7.239999771118164,7.248000144958496,7.239999771118164,7.248000144958496,7.248000144958496,7.248000144958496,7.25600004196167,7.263999938964844,10.607999801635742,10.607999801635742,10.607999801635742,inf,inf,inf,inf,inf,inf,inf,inf,inf,inf,inf,inf,inf,inf,inf,inf,inf,inf,3.7679998874664307,3.7679998874664307,3.7679998874664307,3.7679998874664307,3.7679998874664307,3.740000009536743,3.740000009536743,3.740000009536743,3.740000009536743,3.7360000610351562,3.740000009536743,3.747999906539917,3.752000093460083,3.752000093460083,2.888000011444092,2.888000011444092,2.888000011444092,2.888000011444092,2.8320000171661377,2.8320000171661377,2.75600004196167,2.700000047683716,2.6519999504089355,2.5959999561309814,2.5360000133514404,2.4839999675750732,2.436000108718872,2.380000114440918,2.328000068664551,2.328000068664551,2.2880001068115234,2.252000093460083,2.2279999256134033,2.200000047683716,2.1519999504089355,2.1080000400543213,2.0840001106262207,2.052000045776367,2.052000045776367,2.0,2.0,1.9819999933242798,1.965999960899353,1.9520000219345093,1.940000057220459,1.9220000505447388,1.9019999504089355,1.9019999504089355,1.8519999980926514,1.8519999980926514,1.8320000171661377,1.809999942779541,1.781999945640564,1.7580000162124634,1.7339999675750732,1.7139999866485596,1.6959999799728394,1.6740000247955322,1.6740000247955322,1.6540000438690186,1.534000039100647,1.5119999647140503,1.5119999647140503,1.5,1.4859999418258667,inf,inf,inf,inf,inf,1.399999976158142,1.399999976158142,1.399999976158142,1.399999976158142,1.399999976158142,1.3919999599456787,...,0.0,47.0,47.0,47.0,47.0,47.0,47.0,47.0,47.0,47.0,47.0,47.0,0.0,0.0,0.0,0.0,0.0,0.0,0.0,0.0,0.0,0.0,0.0,0.0,0.0,0.0,0.0,0.0,0.0,0.0,0.0,0.0,0.0,0.0,0.0,0.0,0.0,0.0,0.0,0.0,0.0,0.0,0.0,0.0,0.0,0.0,0.0,0.0,0.0,0.0,0.0,0.0,0.0,0.0,0.0,0.0,0.0,0.0,0.0,0.0,0.0,0.0,0.0,0.0,0.0,0.0,0.0,0.0,0.0,0.0,0.0,0.0,0.0,0.0,0.0,0.0,0.0,0.0,0.0,0.0,0.0,0.0,0.0,0.0,0.0,0.0,0.0,0.0,0.0,0.0,0.0,0.0,0.0,0.0,0.0,0.0,0.0,0.0,0.0,0.0,0.0,0.0,0.0,0.0,0.0,0.0,0.0,0.0,0.0,0.0,0.0,0.0,0.0,0.0,0.0,0.0,0.0,0.0,0.0,0.0,0.0,0.0,0.0,0.0,0.0,0.0,0.0,0.0,...
1763031201,286241744,laser,-3.1241390705108643,3.1415927410125732,0.0034828970674425364,5.365659308154136e-05,0.09652820974588394,0.15000000596046448,16.0,inf,inf,inf,inf,7.288000106811523,7.288000106811523,7.288000106811523,7.288000106811523,7.288000106811523,7.263999938964844,7.25600004196167,7.248000144958496,7.248000144958496,7.25600004196167,7.248000144958496,7.239999771118164,7.25600004196167,7.25600004196167,7.25600004196167,7.25600004196167,7.25600004196167,7.25600004196167,7.248000144958496,7.239999771118164,7.248000144958496,7.248000144958496,7.248000144958496,7.248000144958496,7.263999938964844,7.271999835968018,7.271999835968018,10.543999671936035,10.543999671936035,10.543999671936035,inf,inf,inf,inf,inf,inf,inf,inf,inf,inf,inf,inf,inf,inf,inf,inf,inf,3.812000036239624,3.812000036239624,3.812000036239624,3.812000036239624,3.812000036239624,3.747999906539917,3.747999906539917,3.747999906539917,3.740000009536743,3.740000009536743,3.7360000610351562,3.740000009536743,3.747999906539917,3.747999906539917,3.752000093460083,2.888000011444092,2.888000011444092,2.888000011444092,2.819999933242798,2.819999933242798,2.819999933242798,2.747999906539917,2.696000099182129,2.6480000019073486,2.5959999561309814,2.5360000133514404,2.4839999675750732,2.431999921798706,2.380000114440918,2.3320000171661377,2.3320000171661377,2.2920000553131104,2.240000009536743,2.2119998931884766,2.196000099182129,2.1480000019073486,2.1080000400543213,2.0799999237060547,2.0480000972747803,2.00600004196167,2.00600004196167,1.9800000190734863,1.9539999961853027,1.9160000085830688,1.8899999856948853,1.8680000305175781,1.850000023841858,1.8420000076293945,1.8320000171661377,1.8320000171661377,1.8220000267028809,1.8079999685287476,1.7940000295639038,1.7760000228881836,1.75600004196167,1.7319999933242798,1.7139999866485596,1.694000005722046,1.694000005722046,1.6699999570846558,1.649999976158142,1.5099999904632568,1.496000051498413,1.496000051498413,1.496000051498413,1.4819999933242798,inf,inf,inf,inf,1.399999976158142,1.399999976158142,1.399999976158142,1.399999976158142,1.399999976158142,1.3860000371932983,1.3860000371932983,...,0.0,47.0,47.0,47.0,47.0,47.0,47.0,47.0,47.0,47.0,47.0,47.0,47.0,0.0,0.0,0.0,0.0,0.0,0.0,47.0,47.0,47.0,47.0,47.0,0.0,0.0,0.0,0.0,0.0,0.0,0.0,0.0,0.0,0.0,0.0,0.0,0.0,0.0,0.0,0.0,0.0,0.0,0.0,0.0,0.0,0.0,0.0,0.0,0.0,0.0,0.0,0.0,0.0,0.0,0.0,0.0,0.0,0.0,0.0,0.0,0.0,0.0,0.0,0.0,0.0,0.0,0.0,0.0,0.0,47.0,47.0,47.0,47.0,47.0,0.0,0.0,0.0,0.0,0.0,0.0,0.0,0.0,0.0,0.0,0.0,0.0,0.0,0.0,0.0,0.0,47.0,47.0,47.0,47.0,47.0,0.0,0.0,0.0,0.0,0.0,0.0,0.0,0.0,0.0,0.0,0.0,0.0,0.0,0.0,0.0,0.0,0.0,0.0,0.0,0.0,0.0,0.0,0.0,0.0,0.0,0.0,0.0,0.0,0.0,0.0,0.0,47.0,47.0,...
1763031201,384280561,laser,-3.1241390705108643,3.1415927410125732,0.0034828970674425364,5.379552749218419e-05,0.09677815437316895,0.15000000596046448,16.0,inf,inf,inf,7.28000020980835,7.28000020980835,7.28000020980835,7.28000020980835,7.28000020980835,7.263999938964844,7.263999938964844,7.25600004196167,7.248000144958496,7.248000144958496,7.25600004196167,7.248000144958496,7.239999771118164,7.25600004196167,7.248000144958496,7.25600004196167,7.25600004196167,7.25600004196167,7.248000144958496,7.248000144958496,7.239999771118164,7.248000144958496,7.248000144958496,7.248000144958496,7.248000144958496,7.263999938964844,7.271999835968018,7.271999835968018,10.496000289916992,10.496000289916992,inf,inf,inf,inf,inf,inf,inf,inf,inf,inf,inf,inf,inf,4.728000164031982,4.728000164031982,4.728000164031982,4.728000164031982,4.728000164031982,3.9679999351501465,3.9679999351501465,3.9679999351501465,3.8519999980926514,3.8519999980926514,3.8519999980926514,3.8519999980926514,3.7720000743865967,3.740000009536743,3.7360000610351562,3.740000009536743,3.74399995803833,3.747999906539917,3.752000093460083,3.752000093460083,2.8919999599456787,2.8320000171661377,2.8320000171661377,2.8320000171661377,2.8320000171661377,2.7760000228881836,2.7160000801086426,2.6519999504089355,2.6040000915527344,2.552000045776367,2.503999948501587,2.503999948501587,2.447999954223633,2.384000062942505,2.3359999656677246,2.2920000553131104,2.2720000743865967,2.24399995803833,2.200000047683716,2.1519999504089355,2.111999988555908,2.111999988555908,2.0840001106262207,2.053999900817871,2.0220000743865967,1.9919999837875366,1.9700000286102295,1.944000005722046,1.9119999408721924,1.9119999408721924,1.8919999599456787,1.8880000114440918,1.8819999694824219,1.8639999628067017,1.850000023841858,1.8300000429153442,1.8079999685287476,1.7860000133514404,1.7860000133514404,1.7580000162124634,1.7380000352859497,1.718000054359436,1.7000000476837158,1.6820000410079956,1.659999966621399,1.628000020980835,1.5119999647140503,1.5119999647140503,1.4980000257492065,1.4880000352859497,1.4880000352859497,1.4739999771118164,inf,inf,inf,inf,inf,1.4040000438690186,1.4040000438690186,1.4040000438690186,1.4040000438690186,1.4040000438690186,...,0.0,47.0,47.0,47.0,47.0,47.0,47.0,47.0,47.0,47.0,47.0,0.0,0.0,0.0,0.0,0.0,0.0,0.0,0.0,0.0,0.0,0.0,0.0,0.0,0.0,0.0,0.0,0.0,0.0,0.0,0.0,0.0,0.0,0.0,0.0,0.0,0.0,0.0,0.0,0.0,0.0,0.0,0.0,0.0,0.0,0.0,0.0,0.0,0.0,0.0,0.0,0.0,0.0,0.0,0.0,0.0,0.0,0.0,0.0,0.0,0.0,0.0,0.0,0.0,0.0,0.0,0.0,0.0,0.0,0.0,0.0,0.0,0.0,0.0,0.0,0.0,0.0,0.0,0.0,0.0,0.0,0.0,0.0,0.0,0.0,0.0,0.0,0.0,0.0,0.0,0.0,0.0,0.0,0.0,0.0,0.0,0.0,0.0,0.0,0.0,0.0,0.0,0.0,0.0,0.0,47.0,47.0,47.0,47.0,47.0,0.0,0.0,0.0,0.0,0.0,0.0,0.0,0.0,0.0,0.0,0.0,0.0,0.0,0.0,0.0,0.0,0.0,0.0,...
1763031201,482455939,laser,-3.1241390705108643,3.1415927410125732,0.0034828970674425364,5.386032717069611e-05,0.09689472615718842,0.15000000596046448,16.0,inf,7.271999835968018,7.271999835968018,7.271999835968018,7.271999835968018,7.271999835968018,7.25600004196167,7.25600004196167,7.25600004196167,7.25600004196167,7.25600004196167,7.248000144958496,7.25600004196167,7.248000144958496,7.239999771118164,7.239999771118164,7.248000144958496,7.248000144958496,7.25600004196167,7.263999938964844,7.25600004196167,7.239999771118164,7.239999771118164,7.239999771118164,7.263999938964844,7.25600004196167,7.25600004196167,7.25600004196167,7.263999938964844,7.28000020980835,7.28000020980835,7.239999771118164,inf,inf,inf,inf,inf,inf,inf,inf,inf,inf,inf,inf,inf,inf,inf,inf,inf,inf,inf,3.9800000190734863,3.9800000190734863,3.9800000190734863,3.9800000190734863,3.9800000190734863,3.7720000743865967,3.7720000743865967,3.7720000743865967,3.740000009536743,3.7320001125335693,3.740000009536743,3.74399995803833,3.74399995803833,3.74399995803833,3.747999906539917,2.8959999084472656,2.8959999084472656,2.8959999084472656,2.8959999084472656,2.8359999656677246,2.7760000228881836,2.7239999771118164,2.6640000343322754,2.6040000915527344,2.552000045776367,2.5,2.5,2.4560000896453857,2.3959999084472656,2.3519999980926514,2.308000087738037,2.2839999198913574,2.196000099182129,2.196000099182129,2.1640000343322754,2.124000072479248,2.124000072479248,2.0880000591278076,2.063999891281128,2.0320000648498535,2.003999948501587,1.99399995803833,1.9880000352859497,1.9780000448226929,1.9600000381469727,1.9600000381469727,1.937999963760376,1.9119999408721924,1.8860000371932983,1.8600000143051147,1.8359999656677246,1.815999984741211,1.7899999618530273,1.7899999618530273,1.7619999647140503,1.7400000095367432,1.7200000286102295,1.7020000219345093,1.6820000410079956,1.6619999408721924,1.628000020980835,1.5119999647140503,1.503999948501587,1.503999948501587,1.4880000352859497,1.4880000352859497,1.4759999513626099,1.472000002861023,1.472000002861023,inf,inf,1.4079999923706055,1.4079999923706055,1.4079999923706055,1.4079999923706055,1.4079999923706055,1.3980000019073486,...,0.0,0.0,47.0,47.0,47.0,47.0,47.0,47.0,47.0,47.0,47.0,47.0,0.0,0.0,0.0,0.0,0.0,0.0,47.0,47.0,47.0,47.0,47.0,0.0,0.0,0.0,0.0,0.0,0.0,0.0,0.0,0.0,0.0,0.0,0.0,0.0,0.0,0.0,0.0,0.0,0.0,0.0,0.0,0.0,0.0,0.0,0.0,0.0,0.0,0.0,0.0,0.0,0.0,0.0,0.0,0.0,0.0,0.0,0.0,0.0,0.0,0.0,0.0,0.0,0.0,0.0,0.0,0.0,0.0,0.0,0.0,0.0,0.0,0.0,0.0,0.0,0.0,0.0,0.0,0.0,0.0,0.0,0.0,0.0,0.0,0.0,0.0,0.0,0.0,0.0,0.0,0.0,0.0,0.0,0.0,0.0,0.0,0.0,0.0,0.0,0.0,0.0,0.0,0.0,0.0,0.0,0.0,0.0,0.0,0.0,0.0,0.0,0.0,0.0,0.0,0.0,0.0,0.0,0.0,0.0,0.0,0.0,0.0,0.0,0.0,0.0,0.0,0.0,...
1763031201,580817452,laser,-3.1241390705108643,3.1415927410125732,0.0034828970674425364,5.381043229135685e-05,0.09680496901273727,0.15000000596046448,16.0,8.62399959564209,inf,inf,7.28000020980835,7.28000020980835,7.28000020980835,7.28000020980835,7.28000020980835,7.263999938964844,7.263999938964844,7.25600004196167,7.248000144958496,7.25600004196167,7.248000144958496,7.248000144958496,7.248000144958496,7.248000144958496,7.25600004196167,7.263999938964844,7.263999938964844,7.25600004196167,7.239999771118164,7.239999771118164,7.239999771118164,7.263999938964844,7.263999938964844,7.25600004196167,7.25600004196167,7.263999938964844,7.271999835968018,7.271999835968018,7.239999771118164,inf,inf,inf,inf,inf,inf,inf,inf,inf,inf,inf,inf,inf,inf,inf,inf,inf,inf,inf,inf,inf,3.7679998874664307,3.7679998874664307,3.7679998874664307,3.7679998874664307,3.7679998874664307,3.740000009536743,3.740000009536743,3.7360000610351562,3.7360000610351562,3.740000009536743,3.74399995803833,3.747999906539917,3.752000093460083,2.888000011444092,2.888000011444092,2.8239998817443848,2.8239998817443848,2.8239998817443848,2.759999990463257,2.759999990463257,2.6440000534057617,2.6440000534057617,2.5959999561309814,2.5399999618530273,2.4839999675750732,2.440000057220459,2.388000011444092,2.3440001010894775,2.303999900817871,2.240000009536743,2.240000009536743,2.196000099182129,2.196000099182129,2.1519999504089355,2.1080000400543213,2.0840001106262207,2.052000045776367,2.009999990463257,1.9819999933242798,1.9600000381469727,1.9259999990463257,1.9259999990463257,1.8960000276565552,1.8739999532699585,1.8619999885559082,1.8539999723434448,1.840000033378601,1.8300000429153442,1.815999984741211,1.815999984741211,1.7940000295639038,1.7760000228881836,1.75600004196167,1.7319999933242798,1.7139999866485596,1.694000005722046,1.6699999570846558,1.649999976158142,1.649999976158142,1.6160000562667847,1.5099999904632568,1.5099999904632568,1.4980000257492065,1.4819999933242798,inf,inf,inf,inf,inf,inf,1.399999976158142,1.399999976158142,1.399999976158142,1.399999976158142,1.399999976158142,...,0.0,0.0,47.0,47.0,47.0,47.0,47.0,47.0,47.0,47.0,0.0,0.0,0.0,0.0,0.0,0.0,0.0,0.0,0.0,0.0,0.0,0.0,0.0,0.0,0.0,0.0,0.0,0.0,0.0,0.0,0.0,0.0,0.0,0.0,0.0,0.0,0.0,0.0,0.0,0.0,0.0,0.0,0.0,0.0,0.0,0.0,0.0,0.0,0.0,0.0,0.0,0.0,0.0,0.0,0.0,0.0,0.0,0.0,0.0,0.0,0.0,0.0,0.0,0.0,0.0,0.0,0.0,0.0,0.0,0.0,0.0,0.0,0.0,0.0,0.0,0.0,0.0,0.0,0.0,0.0,0.0,0.0,0.0,0.0,0.0,0.0,0.0,0.0,0.0,0.0,0.0,0.0,0.0,0.0,0.0,0.0,0.0,0.0,0.0,0.0,0.0,0.0,0.0,0.0,0.0,0.0,0.0,0.0,0.0,0.0,0.0,0.0,0.0,0.0,0.0,0.0,0.0,0.0,0.0,0.0,0.0,0.0,0.0,47.0,47.0,47.0,47.0,47.0,...
1763031201,679166769,laser,-3.1241390705108643,3.1415927410125732,0.0034828970674425364,5.3721007134299725e-05,0.0966440960764885,0.15000000596046448,16.0,8.751999855041504,8.751999855041504,7.28000020980835,7.28000020980835,7.28000020980835,7.28000020980835,7.28000020980835,7.263999938964844,7.263999938964844,7.263999938964844,7.25600004196167,7.248000144958496,7.25600004196167,7.25600004196167,7.248000144958496,7.239999771118164,7.25600004196167,7.25600004196167,7.25600004196167,7.25600004196167,7.25600004196167,7.248000144958496,7.239999771118164,7.239999771118164,7.248000144958496,7.248000144958496,7.248000144958496,7.248000144958496,7.263999938964844,7.271999835968018,7.271999835968018,10.479999542236328,10.479999542236328,10.479999542236328,inf,inf,inf,inf,inf,inf,inf,inf,inf,inf,inf,inf,inf,inf,inf,inf,inf,inf,3.7880001068115234,3.7880001068115234,3.7880001068115234,3.7880001068115234,3.7880001068115234,3.740000009536743,3.740000009536743,3.740000009536743,3.740000009536743,3.74399995803833,3.74399995803833,3.74399995803833,3.747999906539917,3.747999906539917,3.747999906539917,2.871999979019165,2.871999979019165,2.871999979019165,2.871999979019165,2.799999952316284,2.7200000286102295,2.6559998989105225,2.6040000915527344,2.559999942779541,2.5199999809265137,2.3959999084472656,2.3959999084472656,2.3559999465942383,2.3559999465942383,2.319999933242798,2.2960000038146973,2.180000066757202,2.180000066757202,2.180000066757202,2.131999969482422,2.1080000400543213,2.072000026702881,2.072000026702881,2.0339999198913574,2.0,1.9780000448226929,1.9479999542236328,1.9119999408721924,1.8860000371932983,1.8739999532699585,1.8600000143051147,1.8480000495910645,1.843999981880188,1.843999981880188,1.8300000429153442,1.812000036239624,1.7940000295639038,1.7719999551773071,1.746000051498413,1.7280000448226929,1.7079999446868896,1.7079999446868896,1.684000015258789,1.6619999408721924,1.6419999599456787,1.5260000228881836,1.5260000228881836,1.50600004196167,1.4900000095367432,1.4620000123977661,inf,inf,1.4259999990463257,1.4259999990463257,1.4259999990463257,1.4259999990463257,1.4259999990463257,1.399999976158142,1.399999976158142,1.399999976158142,1.399999976158142,...,47.0,47.0,47.0,47.0,47.0,47.0,47.0,47.0,47.0,47.0,47.0,47.0,0.0,0.0,0.0,0.0,0.0,0.0,0.0,0.0,0.0,0.0,0.0,0.0,0.0,0.0,0.0,0.0,0.0,0.0,0.0,0.0,0.0,0.0,0.0,0.0,0.0,0.0,0.0,0.0,0.0,0.0,0.0,0.0,0.0,0.0,0.0,0.0,0.0,0.0,0.0,0.0,0.0,0.0,0.0,0.0,0.0,0.0,0.0,0.0,0.0,0.0,0.0,0.0,0.0,0.0,0.0,0.0,0.0,0.0,0.0,0.0,0.0,0.0,0.0,0.0,0.0,0.0,0.0,0.0,0.0,0.0,0.0,0.0,0.0,0.0,0.0,0.0,0.0,47.0,47.0,47.0,47.0,47.0,0.0,0.0,0.0,0.0,0.0,0.0,0.0,0.0,0.0,0.0,0.0,0.0,0.0,0.0,0.0,0.0,0.0,0.0,0.0,0.0,0.0,0.0,0.0,0.0,0.0,0.0,0.0,0.0,0.0,0.0,0.0,0.0,0.0,0.0,...
1763031201,777632486,laser,-3.1241390705108643,3.1415927410125732,0.0034828970674425364,5.361961302696727e-05,0.09646168351173401,0.15000000596046448,16.0,8.567999839782715,inf,inf,inf,inf,7.25600004196167,7.25600004196167,7.25600004196167,7.25600004196167,7.25600004196167,7.263999938964844,7.25600004196167,7.248000144958496,7.25600004196167,7.25600004196167,7.248000144958496,7.248000144958496,7.25600004196167,7.263999938964844,7.263999938964844,7.25600004196167,7.248000144958496,7.239999771118164,7.25600004196167,7.25600004196167,7.25600004196167,7.25600004196167,7.248000144958496,7.263999938964844,7.28000020980835,7.248000144958496,7.248000144958496,inf,inf,inf,inf,inf,inf,inf,inf,inf,inf,inf,inf,inf,inf,inf,inf,inf,inf,inf,inf,inf,3.759999990463257,3.759999990463257,3.759999990463257,3.759999990463257,3.759999990463257,3.74399995803833,3.74399995803833,3.7360000610351562,3.7360000610351562,3.7360000610351562,3.74399995803833,3.747999906539917,3.752000093460083,2.888000011444092,2.888000011444092,2.828000068664551,2.828000068664551,2.828000068664551,2.759999990463257,2.759999990463257,2.6480000019073486,2.6480000019073486,2.5999999046325684,2.5399999618530273,2.4839999675750732,2.440000057220459,2.388000011444092,2.3440001010894775,2.25600004196167,2.25600004196167,2.25600004196167,2.196000099182129,2.196000099182129,2.1519999504089355,2.1080000400543213,2.0799999237060547,2.059999942779541,2.0299999713897705,2.00600004196167,1.9919999837875366,1.9739999771118164,1.9739999771118164,1.9620000123977661,1.9479999542236328,1.9279999732971191,1.9079999923706055,1.8839999437332153,1.8539999723434448,1.8300000429153442,1.8079999685287476,1.8079999685287476,1.7799999713897705,1.7580000162124634,1.7339999675750732,1.7139999866485596,1.6979999542236328,1.6759999990463257,1.6519999504089355,1.5299999713897705,1.5299999713897705,1.50600004196167,1.5,1.5,1.4880000352859497,1.4780000448226929,inf,inf,inf,inf,inf,1.4040000438690186,1.4040000438690186,1.4040000438690186,1.4040000438690186,1.4040000438690186,...,0.0,47.0,47.0,47.0,47.0,47.0,47.0,47.0,47.0,47.0,47.0,47.0,47.0,0.0,0.0,0.0,0.0,0.0,47.0,47.0,47.0,47.0,47.0,0.0,0.0,0.0,0.0,0.0,0.0,0.0,0.0,0.0,0.0,0.0,0.0,0.0,0.0,0.0,0.0,0.0,0.0,0.0,0.0,0.0,0.0,0.0,0.0,0.0,0.0,0.0,0.0,0.0,0.0,0.0,0.0,0.0,0.0,0.0,0.0,0.0,0.0,0.0,0.0,0.0,0.0,0.0,0.0,0.0,0.0,0.0,0.0,0.0,0.0,0.0,0.0,0.0,0.0,0.0,0.0,0.0,0.0,0.0,0.0,0.0,0.0,0.0,0.0,0.0,0.0,0.0,0.0,0.0,0.0,0.0,0.0,0.0,0.0,0.0,0.0,0.0,0.0,0.0,0.0,0.0,0.0,0.0,0.0,0.0,0.0,0.0,0.0,0.0,0.0,0.0,0.0,0.0,0.0,0.0,0.0,0.0,0.0,0.0,0.0,0.0,0.0,0.0,0.0,0.0,...
1763031201,875709359,laser,-3.1241390705108643,3.1415927410125732,0.0034828970674425364,5.371618681238033e-05,0.09663541615009308,0.15000000596046448,16.0,inf,inf,7.28000020980835,7.28000020980835,7.28000020980835,7.28000020980835,7.28000020980835,7.263999938964844,7.263999938964844,7.263999938964844,7.25600004196167,7.248000144958496,7.25600004196167,7.25600004196167,7.248000144958496,7.239999771118164,7.25600004196167,7.25600004196167,7.25600004196167,7.263999938964844,7.263999938964844,7.25600004196167,7.248000144958496,7.239999771118164,7.248000144958496,7.248000144958496,7.248000144958496,7.248000144958496,7.248000144958496,7.25600004196167,7.263999938964844,inf,inf,inf,inf,inf,inf,inf,inf,inf,inf,inf,inf,inf,inf,inf,inf,inf,inf,inf,inf,inf,inf,3.75600004196167,3.75600004196167,3.75600004196167,3.75600004196167,3.75600004196167,3.740000009536743,3.740000009536743,3.7360000610351562,3.7360000610351562,3.740000009536743,3.74399995803833,3.747999906539917,3.752000093460083,2.888000011444092,2.888000011444092,2.828000068664551,2.828000068664551,2.828000068664551,2.828000068664551,2.759999990463257,2.700000047683716,2.6480000019073486,2.5959999561309814,2.5399999618530273,2.4839999675750732,2.440000057220459,2.384000062942505,2.3399999141693115,2.2960000038146973,2.2960000038146973,2.24399995803833,2.2200000286102295,2.196000099182129,2.1600000858306885,2.119999885559082,2.0799999237060547,2.052000045776367,2.0139999389648438,1.9859999418258667,1.9559999704360962,1.9559999704360962,1.9220000505447388,1.9019999504089355,1.8839999437332153,1.871999979019165,1.8639999628067017,1.8519999980926514,1.8380000591278076,1.8259999752044678,1.8259999752044678,1.805999994277954,1.7799999713897705,1.753999948501587,1.7319999933242798,1.7139999866485596,1.6959999799728394,1.6740000247955322,1.6740000247955322,1.6519999504089355,1.5099999904632568,1.5099999904632568,1.5099999904632568,1.496000051498413,1.4839999675750732,inf,inf,inf,inf,inf,inf,1.399999976158142,1.399999976158142,1.399999976158142,1.399999976158142,1.399999976158142,...,47.0,47.0,47.0,47.0,47.0,47.0,47.0,47.0,47.0,47.0,47.0,47.0,0.0,0.0,0.0,0.0,0.0,0.0,0.0,0.0,0.0,0.0,0.0,0.0,0.0,0.0,0.0,0.0,0.0,0.0,0.0,0.0,0.0,0.0,0.0,0.0,0.0,0.0,0.0,0.0,0.0,0.0,0.0,0.0,0.0,0.0,0.0,0.0,0.0,0.0,0.0,0.0,0.0,0.0,0.0,0.0,0.0,0.0,0.0,0.0,0.0,0.0,0.0,0.0,0.0,0.0,0.0,0.0,0.0,0.0,0.0,0.0,0.0,0.0,0.0,0.0,0.0,0.0,0.0,0.0,0.0,0.0,0.0,0.0,0.0,0.0,0.0,0.0,0.0,0.0,0.0,0.0,0.0,0.0,0.0,0.0,0.0,0.0,0.0,0.0,0.0,0.0,0.0,0.0,0.0,0.0,47.0,47.0,47.0,47.0,47.0,0.0,0.0,0.0,0.0,0.0,0.0,0.0,0.0,0.0,0.0,0.0,0.0,0.0,0.0,0.0,0.0,0.0,...
1763031201,973929444,laser,-3.1241390705108643,3.1415927410125732,0.0034828970674425364,5.715837687603198e-05,0.10282792150974274,0.15000000596046448,16.0,inf,inf,7.28000020980835,7.28000020980835,7.28000020980835,7.28000020980835,7.28000020980835,7.263999938964844,7.263999938964844,7.263999938964844,7.25600004196167,7.248000144958496,7.248000144958496,7.25600004196167,7.248000144958496,7.239999771118164,7.25600004196167,7.25600004196167,7.25600004196167,7.25600004196167,7.25600004196167,7.248000144958496,7.248000144958496,7.23199987411499,7.248000144958496,7.248000144958496,7.248000144958496,7.248000144958496,7.271999835968018,7.28000020980835,7.271999835968018,10.46399974822998,10.46399974822998,10.46399974822998,inf,inf,inf,inf,inf,inf,inf,inf,inf,inf,inf,inf,inf,inf,inf,inf,inf,inf,inf,3.859999895095825,3.859999895095825,3.859999895095825,3.859999895095825,3.859999895095825,3.7760000228881836,3.74399995803833,3.7360000610351562,3.740000009536743,3.74399995803833,3.74399995803833,3.74399995803833,3.747999906539917,2.9119999408721924,2.9119999408721924,2.8519999980926514,2.8519999980926514,2.8519999980926514,2.7960000038146973,2.7200000286102295,2.6559998989105225,2.615999937057495,2.615999937057495,2.568000078201294,2.507999897003174,2.4519999027252197,2.4040000438690186,2.359999895095825,2.312000036239624,2.2920000553131104,2.180000066757202,2.1640000343322754,2.1640000343322754,2.1640000343322754,2.128000020980835,2.0920000076293945,2.053999900817871,2.0239999294281006,1.99399995803833,1.9700000286102295,1.944000005722046,1.9079999923706055,1.9079999923706055,1.8819999694824219,1.8660000562667847,1.850000023841858,1.8359999656677246,1.8339999914169312,1.8259999752044678,1.809999942779541,1.7899999618530273,1.7899999618530273,1.7660000324249268,1.74399995803833,1.722000002861023,1.7039999961853027,1.684000015258789,1.659999966621399,1.6380000114440918,1.5219999551773071,1.5219999551773071,1.50600004196167,1.4900000095367432,1.4900000095367432,1.4780000448226929,inf,inf,inf,inf,inf,1.406000018119812,1.406000018119812,1.406000018119812,1.406000018119812,1.406000018119812,...,47.0,47.0,47.0,47.0,47.0,47.0,47.0,47.0,47.0,47.0,47.0,47.0,0.0,0.0,0.0,0.0,0.0,0.0,0.0,0.0,0.0,0.0,0.0,0.0,0.0,0.0,0.0,0.0,0.0,0.0,0.0,0.0,0.0,0.0,0.0,0.0,0.0,0.0,0.0,0.0,0.0,0.0,0.0,0.0,0.0,0.0,0.0,0.0,0.0,0.0,0.0,0.0,0.0,0.0,0.0,0.0,0.0,0.0,0.0,0.0,0.0,0.0,0.0,0.0,0.0,0.0,0.0,0.0,0.0,0.0,0.0,0.0,0.0,0.0,0.0,0.0,0.0,0.0,0.0,0.0,0.0,0.0,0.0,0.0,0.0,0.0,0.0,0.0,0.0,0.0,0.0,0.0,0.0,0.0,0.0,0.0,0.0,0.0,0.0,0.0,0.0,0.0,0.0,0.0,0.0,0.0,0.0,0.0,0.0,0.0,0.0,0.0,0.0,0.0,0.0,0.0,0.0,0.0,0.0,0.0,0.0,0.0,0.0,0.0,0.0,0.0,0.0,0.0,...
1763031202,78475563,laser,-3.1241390705108643,3.1415927410125732,0.0034828970674425364,5.3675248636864126e-05,0.09656177461147308,0.15000000596046448,16.0,inf,7.28000020980835,7.28000020980835,7.28000020980835,7.28000020980835,7.28000020980835,7.263999938964844,7.263999938964844,7.263999938964844,7.263999938964844,7.25600004196167,7.25600004196167,7.248000144958496,7.239999771118164,7.239999771118164,7.239999771118164,7.25600004196167,7.248000144958496,7.25600004196167,7.263999938964844,7.25600004196167,7.25600004196167,7.239999771118164,7.23199987411499,7.25600004196167,7.25600004196167,7.248000144958496,7.248000144958496,7.263999938964844,7.263999938964844,7.271999835968018,7.263999938964844,inf,inf,inf,inf,inf,inf,inf,inf,inf,inf,inf,inf,inf,inf,inf,inf,inf,inf,inf,3.8559999465942383,3.8559999465942383,3.8559999465942383,3.8559999465942383,3.8559999465942383,3.7720000743865967,3.7720000743865967,3.7720000743865967,3.740000009536743,3.7360000610351562,3.740000009536743,3.740000009536743,3.74399995803833,3.752000093460083,3.752000093460083,2.8919999599456787,2.8919999599456787,2.8919999599456787,2.8399999141693115,2.8399999141693115,2.7839999198913574,2.7119998931884766,2.6519999504089355,2.615999937057495,2.615999937057495,2.492000102996826,2.492000102996826,2.444000005722046,2.3919999599456787,2.3480000495910645,2.303999900817871,2.2839999198913574,2.200000047683716,2.200000047683716,2.200000047683716,2.1600000858306885,2.124000072479248,2.0920000076293945,2.055999994277954,2.0239999294281006,2.00600004196167,1.9819999933242798,1.9539999961853027,1.9539999961853027,1.944000005722046,1.9359999895095825,1.9240000247955322,1.9040000438690186,1.8799999952316284,1.8580000400543213,1.8380000591278076,1.8140000104904175,1.8140000104904175,1.7899999618530273,1.7660000324249268,1.74399995803833,1.722000002861023,1.7039999961853027,1.684000015258789,1.6619999408721924,1.5119999647140503,1.5019999742507935,1.5019999742507935,1.5019999742507935,1.5019999742507935,1.4900000095367432,1.4759999513626099,inf,inf,inf,1.4119999408721924,1.4119999408721924,1.4119999408721924,1.4119999408721924,1.4119999408721924,1.3980000019073486,1.3980000019073486,...,47.0,47.0,47.0,47.0,47.0,47.0,47.0,47.0,47.0,47.0,47.0,47.0,47.0,47.0,47.0,47.0,0.0,0.0,0.0,0.0,0.0,0.0,0.0,0.0,0.0,0.0,0.0,0.0,0.0,0.0,0.0,0.0,0.0,0.0,0.0,0.0,0.0,0.0,0.0,0.0,0.0,0.0,0.0,0.0,0.0,0.0,0.0,0.0,0.0,0.0,0.0,0.0,0.0,0.0,0.0,0.0,0.0,0.0,0.0,0.0,0.0,0.0,0.0,0.0,0.0,0.0,0.0,0.0,0.0,0.0,0.0,0.0,0.0,0.0,0.0,0.0,0.0,0.0,0.0,0.0,0.0,0.0,0.0,0.0,0.0,0.0,0.0,0.0,0.0,0.0,0.0,0.0,0.0,0.0,0.0,0.0,0.0,0.0,0.0,0.0,0.0,0.0,0.0,0.0,0.0,0.0,0.0,0.0,0.0,0.0,0.0,0.0,0.0,0.0,0.0,0.0,0.0,0.0,0.0,0.0,0.0,0.0,0.0,0.0,0.0,0.0,0.0,0.0,...
1763031202,177017380,laser,-3.1241390705108643,3.1415927410125732,0.0034828970674425364,5.355466782930307e-05,0.09634484350681305,0.15000000596046448,16.0,8.663999557495117,inf,inf,7.28000020980835,7.28000020980835,7.28000020980835,7.28000020980835,7.28000020980835,7.263999938964844,7.263999938964844,7.25600004196167,7.248000144958496,7.25600004196167,7.248000144958496,7.248000144958496,7.248000144958496,7.248000144958496,7.248000144958496,7.25600004196167,7.263999938964844,7.25600004196167,7.25600004196167,7.239999771118164,7.23199987411499,7.25600004196167,7.25600004196167,7.248000144958496,7.248000144958496,7.263999938964844,7.263999938964844,7.271999835968018,7.296000003814697,7.392000198364258,inf,inf,inf,inf,inf,inf,inf,inf,inf,inf,inf,inf,inf,inf,inf,inf,inf,inf,inf,3.803999900817871,3.803999900817871,3.803999900817871,3.803999900817871,3.803999900817871,3.752000093460083,3.752000093460083,3.740000009536743,3.740000009536743,3.7360000610351562,3.740000009536743,3.74399995803833,3.747999906539917,3.752000093460083,2.947999954223633,2.888000011444092,2.888000011444092,2.888000011444092,2.8239998817443848,2.8239998817443848,2.752000093460083,2.680000066757202,2.635999917984009,2.5920000076293945,2.5320000648498535,2.48799991607666,2.431999921798706,2.371999979019165,2.3399999141693115,2.299999952316284,2.299999952316284,2.2360000610351562,2.2079999446868896,2.187999963760376,2.135999917984009,2.0999999046325684,2.0840001106262207,2.052000045776367,2.052000045776367,1.9900000095367432,1.9900000095367432,1.9600000381469727,1.937999963760376,1.9240000247955322,1.9160000085830688,1.9019999504089355,1.8880000114440918,1.8680000305175781,1.840000033378601,1.840000033378601,1.8220000267028809,1.8020000457763672,1.7760000228881836,1.7519999742507935,1.7300000190734863,1.7100000381469727,1.690000057220459,1.6660000085830688,1.6660000085830688,1.6460000276565552,1.5080000162124634,1.5080000162124634,1.496000051498413,1.496000051498413,1.4839999675750732,1.468000054359436,inf,inf,inf,inf,1.399999976158142,1.399999976158142,1.399999976158142,1.399999976158142,1.399999976158142,1.3860000371932983,...,0.0,47.0,47.0,47.0,47.0,47.0,47.0,47.0,47.0,47.0,47.0,0.0,0.0,0.0,0.0,0.0,0.0,0.0,0.0,0.0,47.0,47.0,47.0,47.0,47.0,0.0,0.0,0.0,0.0,0.0,0.0,0.0,0.0,0.0,0.0,0.0,0.0,0.0,0.0,0.0,0.0,0.0,0.0,0.0,0.0,0.0,0.0,0.0,0.0,0.0,0.0,0.0,0.0,0.0,0.0,0.0,0.0,0.0,0.0,0.0,0.0,0.0,0.0,0.0,0.0,0.0,0.0,0.0,0.0,0.0,0.0,0.0,0.0,0.0,0.0,0.0,0.0,0.0,0.0,0.0,0.0,0.0,0.0,0.0,0.0,0.0,0.0,0.0,0.0,0.0,0.0,0.0,0.0,0.0,0.0,0.0,0.0,0.0,0.0,0.0,0.0,0.0,0.0,0.0,0.0,0.0,0.0,0.0,0.0,0.0,0.0,0.0,0.0,0.0,0.0,0.0,0.0,0.0,0.0,0.0,0.0,0.0,0.0,0.0,0.0,0.0,0.0,0.0,...
1763031202,275073434,laser,-3.1241390705108643,3.1415927410125732,0.0034828970674425364,5.372300074668601e-05,0.09664767235517502,0.15000000596046448,16.0,8.704000473022461,inf,inf,inf,7.263999938964844,7.263999938964844,7.263999938964844,7.263999938964844,7.263999938964844,7.263999938964844,7.25600004196167,7.25600004196167,7.25600004196167,7.248000144958496,7.248000144958496,7.248000144958496,7.263999938964844,7.25600004196167,7.248000144958496,7.248000144958496,7.25600004196167,7.25600004196167,7.239999771118164,7.248000144958496,7.25600004196167,7.248000144958496,7.248000144958496,7.248000144958496,7.263999938964844,7.271999835968018,7.25600004196167,10.51200008392334,10.51200008392334,10.51200008392334,inf,inf,inf,inf,inf,inf,inf,inf,inf,inf,inf,inf,inf,inf,inf,inf,inf,3.8239998817443848,3.8239998817443848,3.8239998817443848,3.8239998817443848,3.8239998817443848,3.75600004196167,3.75600004196167,3.75600004196167,3.740000009536743,3.7360000610351562,3.740000009536743,3.740000009536743,3.74399995803833,3.747999906539917,3.752000093460083,2.888000011444092,2.888000011444092,2.888000011444092,2.8359999656677246,2.8359999656677246,2.7760000228881836,2.7079999446868896,2.6480000019073486,2.6040000915527344,2.6040000915527344,2.5480000972747803,2.48799991607666,2.440000057220459,2.384000062942505,2.3399999141693115,2.299999952316284,2.2679998874664307,2.240000009536743,2.240000009536743,2.200000047683716,2.1600000858306885,2.115999937057495,2.0840001106262207,2.052000045776367,2.0179998874664307,1.9880000352859497,1.9600000381469727,1.9279999732971191,1.899999976158142,1.899999976158142,1.878000020980835,1.8619999885559082,1.8459999561309814,1.8259999752044678,1.815999984741211,1.8079999685287476,1.7960000038146973,1.7960000038146973,1.7799999713897705,1.7599999904632568,1.7339999675750732,1.7139999866485596,1.6979999542236328,1.6759999990463257,1.6540000438690186,1.6540000438690186,1.5160000324249268,1.5160000324249268,1.496000051498413,1.496000051498413,1.4839999675750732,1.4759999513626099,inf,inf,inf,1.4019999504089355,1.4019999504089355,1.4019999504089355,1.4019999504089355,1.4019999504089355,1.3919999599456787,1.3919999599456787,...,0.0,47.0,47.0,47.0,47.0,47.0,47.0,47.0,47.0,47.0,47.0,47.0,47.0,0.0,0.0,0.0,0.0,0.0,47.0,47.0,47.0,47.0,47.0,0.0,0.0,0.0,0.0,0.0,0.0,0.0,0.0,0.0,0.0,0.0,0.0,0.0,0.0,0.0,0.0,0.0,0.0,0.0,0.0,0.0,0.0,0.0,0.0,0.0,0.0,0.0,0.0,0.0,0.0,0.0,0.0,0.0,0.0,0.0,0.0,0.0,0.0,0.0,0.0,0.0,0.0,0.0,0.0,0.0,0.0,0.0,0.0,0.0,0.0,0.0,0.0,0.0,0.0,0.0,0.0,0.0,0.0,0.0,0.0,0.0,0.0,0.0,0.0,0.0,0.0,0.0,47.0,47.0,47.0,47.0,47.0,0.0,0.0,0.0,0.0,0.0,0.0,0.0,0.0,0.0,0.0,0.0,0.0,0.0,0.0,0.0,0.0,0.0,0.0,0.0,0.0,0.0,0.0,0.0,0.0,0.0,0.0,0.0,0.0,0.0,0.0,0.0,47.0,47.0,...
1763031202,373206808,laser,-3.1241390705108643,3.1415927410125732,0.0034828970674425364,5.3718893468612805e-05,0.09664028882980347,0.15000000596046448,16.0,8.744000434875488,inf,inf,7.28000020980835,7.28000020980835,7.28000020980835,7.28000020980835,7.28000020980835,7.263999938964844,7.263999938964844,7.25600004196167,7.25600004196167,7.25600004196167,7.248000144958496,7.248000144958496,7.248000144958496,7.25600004196167,7.25600004196167,7.25600004196167,7.263999938964844,7.25600004196167,7.25600004196167,7.239999771118164,7.239999771118164,7.248000144958496,7.248000144958496,7.248000144958496,7.248000144958496,7.248000144958496,7.263999938964844,7.271999835968018,10.592000007629395,inf,inf,inf,inf,inf,inf,inf,inf,inf,inf,inf,inf,inf,inf,4.0960001945495605,4.0960001945495605,4.0960001945495605,4.0960001945495605,4.0960001945495605,inf,3.7799999713897705,3.7799999713897705,3.7799999713897705,3.7799999713897705,3.7799999713897705,3.740000009536743,3.740000009536743,3.740000009536743,3.7360000610351562,3.740000009536743,3.74399995803833,3.74399995803833,3.747999906539917,3.747999906539917,3.747999906539917,2.859999895095825,2.859999895095825,2.859999895095825,2.859999895095825,2.799999952316284,2.7239999771118164,2.6559998989105225,2.6040000915527344,2.552000045776367,2.51200008392334,2.51200008392334,2.3959999084472656,2.3959999084472656,2.359999895095825,2.312000036239624,2.2880001068115234,2.171999931335449,2.1640000343322754,2.1640000343322754,2.124000072479248,2.1040000915527344,2.1040000915527344,2.065999984741211,2.0339999198913574,2.01200008392334,1.9819999933242798,1.9539999961853027,1.9240000247955322,1.9079999923706055,1.9019999504089355,1.9019999504089355,1.8919999599456787,1.8760000467300415,1.8619999885559082,1.840000033378601,1.8220000267028809,1.7999999523162842,1.7699999809265137,1.7480000257492065,1.7280000448226929,1.7079999446868896,1.7079999446868896,1.687999963760376,1.6660000085830688,1.6399999856948853,1.5180000066757202,1.5180000066757202,1.503999948501587,1.4919999837875366,1.4819999933242798,1.465999960899353,1.465999960899353,1.4359999895095825,1.4359999895095825,1.4359999895095825,1.4359999895095825,1.4359999895095825,1.4119999408721924,1.4119999408721924,1.4119999408721924,1.4119999408721924,...,0.0,47.0,47.0,47.0,47.0,47.0,47.0,47.0,47.0,47.0,47.0,0.0,0.0,0.0,0.0,0.0,0.0,0.0,0.0,0.0,0.0,0.0,0.0,0.0,0.0,0.0,0.0,0.0,0.0,0.0,0.0,0.0,0.0,0.0,0.0,0.0,0.0,0.0,0.0,0.0,0.0,0.0,0.0,0.0,0.0,0.0,0.0,0.0,0.0,0.0,0.0,0.0,0.0,0.0,0.0,0.0,0.0,0.0,0.0,0.0,0.0,0.0,0.0,0.0,0.0,0.0,0.0,0.0,0.0,0.0,0.0,0.0,0.0,0.0,0.0,0.0,0.0,0.0,0.0,0.0,0.0,0.0,0.0,0.0,0.0,0.0,0.0,0.0,0.0,0.0,0.0,0.0,47.0,47.0,47.0,47.0,47.0,0.0,0.0,0.0,0.0,0.0,0.0,0.0,0.0,47.0,47.0,47.0,47.0,47.0,0.0,0.0,0.0,0.0,0.0,0.0,0.0,0.0,0.0,0.0,0.0,0.0,0.0,0.0,47.0,47.0,47.0,47.0,...
1763031202,471466299,laser,-3.1241390705108643,3.1415927410125732,0.0034828970674425364,5.3683594160247594e-05,0.09657678753137589,0.15000000596046448,16.0,inf,7.28000020980835,7.28000020980835,7.28000020980835,7.28000020980835,7.28000020980835,7.263999938964844,7.263999938964844,7.263999938964844,7.263999938964844,7.25600004196167,7.248000144958496,7.25600004196167,7.248000144958496,7.239999771118164,7.248000144958496,7.248000144958496,7.263999938964844,7.263999938964844,7.25600004196167,7.25600004196167,7.248000144958496,7.239999771118164,7.239999771118164,7.25600004196167,7.263999938964844,7.25600004196167,7.248000144958496,7.263999938964844,7.271999835968018,7.271999835968018,7.23199987411499,inf,inf,inf,inf,inf,inf,inf,inf,inf,inf,inf,inf,inf,inf,inf,inf,inf,inf,inf,4.015999794006348,4.015999794006348,4.015999794006348,4.015999794006348,4.015999794006348,3.9159998893737793,3.74399995803833,3.74399995803833,3.74399995803833,3.740000009536743,3.7360000610351562,3.740000009536743,3.74399995803833,3.747999906539917,3.747999906539917,2.927999973297119,2.927999973297119,2.927999973297119,2.875999927520752,2.875999927520752,2.803999900817871,2.740000009536743,2.6760001182556152,2.615999937057495,2.572000026702881,2.5199999809265137,2.4679999351501465,2.4159998893737793,2.364000082015991,2.328000068664551,2.328000068664551,2.2880001068115234,2.2360000610351562,2.2079999446868896,2.184000015258789,2.131999969482422,2.1040000915527344,2.0840001106262207,2.052000045776367,2.052000045776367,2.003999948501587,2.003999948501587,1.9859999418258667,1.9739999771118164,1.9559999704360962,1.9420000314712524,1.9220000505447388,1.899999976158142,1.899999976158142,1.8480000495910645,1.8480000495910645,1.8259999752044678,1.8020000457763672,1.7740000486373901,1.7519999742507935,1.7300000190734863,1.7079999446868896,1.690000057220459,1.6660000085830688,1.6660000085830688,1.6460000276565552,1.50600004196167,1.50600004196167,1.50600004196167,1.4980000257492065,1.4859999418258667,inf,inf,inf,inf,1.399999976158142,1.399999976158142,1.399999976158142,1.399999976158142,1.399999976158142,1.3860000371932983,1.3860000371932983,...,47.0,47.0,47.0,47.0,47.0,47.0,47.0,47.0,47.0,47.0,47.0,47.0,0.0,0.0,0.0,0.0,0.0,0.0,0.0,0.0,0.0,0.0,0.0,0.0,0.0,0.0,0.0,0.0,0.0,0.0,0.0,0.0,0.0,0.0,0.0,0.0,0.0,0.0,0.0,0.0,0.0,0.0,0.0,0.0,0.0,0.0,0.0,0.0,0.0,0.0,0.0,0.0,0.0,0.0,0.0,0.0,0.0,0.0,0.0,0.0,0.0,0.0,0.0,0.0,0.0,0.0,0.0,0.0,0.0,0.0,0.0,0.0,0.0,0.0,0.0,0.0,0.0,0.0,0.0,0.0,0.0,0.0,0.0,0.0,0.0,0.0,0.0,0.0,0.0,0.0,0.0,0.0,0.0,0.0,0.0,0.0,0.0,0.0,0.0,0.0,0.0,0.0,0.0,0.0,0.0,0.0,0.0,0.0,0.0,0.0,0.0,0.0,0.0,0.0,0.0,0.0,0.0,0.0,0.0,0.0,0.0,0.0,0.0,0.0,0.0,0.0,0.0,0.0,...
1763031202,569627461,laser,-3.1241390705108643,3.1415927410125732,0.0034828970674425364,5.3718991694040596e-05,0.09664046764373779,0.15000000596046448,16.0,inf,inf,inf,7.263999938964844,7.263999938964844,7.263999938964844,7.263999938964844,7.263999938964844,7.263999938964844,7.263999938964844,7.263999938964844,7.25600004196167,7.248000144958496,7.248000144958496,7.248000144958496,7.248000144958496,7.25600004196167,7.25600004196167,7.25600004196167,7.248000144958496,7.248000144958496,7.25600004196167,7.248000144958496,7.248000144958496,7.25600004196167,7.25600004196167,7.248000144958496,7.248000144958496,7.25600004196167,7.271999835968018,7.239999771118164,10.496000289916992,10.496000289916992,inf,inf,inf,inf,inf,inf,inf,inf,inf,inf,inf,inf,inf,inf,inf,inf,inf,inf,inf,inf,3.7799999713897705,3.7799999713897705,3.7799999713897705,3.7799999713897705,3.7799999713897705,3.740000009536743,3.740000009536743,3.7320001125335693,3.7320001125335693,3.7360000610351562,3.74399995803833,3.747999906539917,3.752000093460083,2.880000114440918,2.880000114440918,2.815999984741211,2.815999984741211,2.815999984741211,2.7639999389648438,2.7639999389648438,2.6480000019073486,2.6480000019073486,2.6040000915527344,2.5480000972747803,2.4800000190734863,2.436000108718872,2.384000062942505,2.3320000171661377,2.2920000553131104,2.2679998874664307,2.2679998874664307,2.240000009536743,2.196000099182129,2.1519999504089355,2.1080000400543213,2.0840001106262207,2.053999900817871,2.0160000324249268,1.9859999418258667,1.9639999866485596,1.9639999866485596,1.9320000410079956,1.9019999504089355,1.8799999952316284,1.8639999628067017,1.8580000400543213,1.8420000076293945,1.8279999494552612,1.815999984741211,1.815999984741211,1.7979999780654907,1.7760000228881836,1.753999948501587,1.7319999933242798,1.7139999866485596,1.6959999799728394,1.6740000247955322,1.6519999504089355,1.6519999504089355,1.5140000581741333,1.5140000581741333,1.5140000581741333,1.4980000257492065,1.4839999675750732,inf,inf,inf,inf,inf,inf,1.4019999504089355,1.4019999504089355,1.4019999504089355,1.4019999504089355,1.4019999504089355,...,47.0,47.0,47.0,47.0,47.0,47.0,47.0,47.0,47.0,47.0,0.0,0.0,0.0,0.0,0.0,0.0,0.0,0.0,0.0,47.0,47.0,47.0,47.0,47.0,0.0,0.0,0.0,0.0,0.0,0.0,0.0,0.0,0.0,0.0,0.0,0.0,0.0,0.0,0.0,0.0,0.0,0.0,0.0,0.0,0.0,0.0,0.0,0.0,0.0,0.0,0.0,0.0,0.0,0.0,0.0,0.0,0.0,0.0,0.0,0.0,0.0,0.0,0.0,0.0,0.0,0.0,0.0,0.0,0.0,0.0,0.0,0.0,0.0,0.0,0.0,0.0,0.0,0.0,0.0,0.0,0.0,0.0,0.0,0.0,0.0,0.0,0.0,0.0,0.0,0.0,0.0,0.0,0.0,0.0,0.0,0.0,0.0,0.0,0.0,0.0,0.0,0.0,0.0,0.0,0.0,0.0,0.0,0.0,0.0,0.0,0.0,0.0,0.0,0.0,0.0,0.0,0.0,0.0,0.0,0.0,0.0,0.0,0.0,0.0,0.0,0.0,0.0,0.0,...
1763031202,667679585,laser,-3.1241390705108643,3.1415927410125732,0.0034828970674425364,5.727045936509967e-05,0.10302955657243729,0.15000000596046448,16.0,inf,inf,7.271999835968018,7.271999835968018,7.271999835968018,7.271999835968018,7.271999835968018,7.248000144958496,7.248000144958496,7.248000144958496,7.25600004196167,7.248000144958496,7.248000144958496,7.248000144958496,7.248000144958496,7.239999771118164,7.248000144958496,7.248000144958496,7.248000144958496,7.25600004196167,7.25600004196167,7.25600004196167,7.239999771118164,7.23199987411499,7.248000144958496,7.248000144958496,7.248000144958496,7.248000144958496,7.25600004196167,7.263999938964844,7.263999938964844,10.447999954223633,10.447999954223633,10.447999954223633,inf,inf,inf,inf,inf,inf,inf,inf,inf,inf,inf,inf,inf,inf,inf,inf,inf,inf,inf,inf,3.7880001068115234,3.7880001068115234,3.7880001068115234,3.7880001068115234,3.7880001068115234,3.74399995803833,3.7360000610351562,3.740000009536743,3.74399995803833,3.74399995803833,3.74399995803833,3.747999906539917,2.9159998893737793,2.9159998893737793,2.9159998893737793,2.8559999465942383,2.8559999465942383,2.799999952316284,2.7279999256134033,2.6600000858306885,2.6080000400543213,2.568000078201294,2.568000078201294,2.5280001163482666,2.3959999084472656,2.359999895095825,2.359999895095825,2.3239998817443848,2.2960000038146973,2.180000066757202,2.180000066757202,2.184000015258789,2.131999969482422,2.131999969482422,2.1040000915527344,2.063999891281128,2.0260000228881836,1.996000051498413,1.972000002861023,1.940000057220459,1.906000018119812,1.8839999437332153,1.8660000562667847,1.8660000562667847,1.8459999561309814,1.8339999914169312,1.8300000429153442,1.8200000524520874,1.8079999685287476,1.7899999618530273,1.7680000066757202,1.7680000066757202,1.75,1.7280000448226929,1.7079999446868896,1.687999963760376,1.6640000343322754,1.6419999599456787,1.5199999809265137,1.5199999809265137,1.503999948501587,1.4900000095367432,1.4800000190734863,1.4800000190734863,1.465999960899353,inf,1.4279999732971191,1.4279999732971191,1.4279999732971191,1.4279999732971191,1.4279999732971191,1.399999976158142,1.399999976158142,1.399999976158142,...,47.0,47.0,47.0,47.0,47.0,47.0,47.0,47.0,47.0,47.0,47.0,47.0,0.0,0.0,0.0,0.0,0.0,0.0,0.0,0.0,0.0,0.0,0.0,0.0,0.0,0.0,0.0,0.0,0.0,0.0,0.0,0.0,0.0,0.0,0.0,0.0,0.0,0.0,0.0,0.0,0.0,0.0,0.0,0.0,0.0,0.0,0.0,0.0,0.0,0.0,0.0,0.0,0.0,0.0,0.0,0.0,0.0,0.0,0.0,0.0,0.0,0.0,0.0,0.0,0.0,0.0,0.0,0.0,0.0,0.0,0.0,0.0,0.0,0.0,0.0,0.0,0.0,0.0,0.0,0.0,0.0,0.0,0.0,0.0,0.0,0.0,0.0,0.0,0.0,0.0,0.0,0.0,0.0,0.0,0.0,0.0,0.0,0.0,0.0,0.0,0.0,0.0,0.0,0.0,0.0,0.0,0.0,0.0,0.0,0.0,0.0,0.0,0.0,0.0,0.0,0.0,0.0,0.0,0.0,0.0,0.0,0.0,0.0,0.0,0.0,0.0,0.0,0.0,...
1763031202,772328042,laser,-3.1241390705108643,3.1415927410125732,0.0034828970674425364,5.372118539526127e-05,0.09664440900087357,0.15000000596046448,16.0,8.631999969482422,inf,7.25600004196167,7.25600004196167,7.25600004196167,7.25600004196167,7.25600004196167,7.25600004196167,7.25600004196167,7.25600004196167,7.25600004196167,7.248000144958496,7.248000144958496,7.25600004196167,7.248000144958496,7.248000144958496,7.248000144958496,7.25600004196167,7.248000144958496,7.25600004196167,7.25600004196167,7.248000144958496,7.239999771118164,7.239999771118164,7.248000144958496,7.25600004196167,7.248000144958496,7.239999771118164,7.25600004196167,7.271999835968018,7.271999835968018,7.239999771118164,10.368000030517578,10.368000030517578,inf,inf,inf,inf,inf,inf,inf,inf,inf,inf,inf,inf,inf,inf,inf,inf,inf,3.803999900817871,3.803999900817871,3.803999900817871,3.803999900817871,3.803999900817871,3.752000093460083,3.752000093460083,3.752000093460083,3.740000009536743,3.740000009536743,3.7360000610351562,3.7360000610351562,3.74399995803833,3.747999906539917,3.752000093460083,2.880000114440918,2.880000114440918,2.880000114440918,2.812000036239624,2.812000036239624,2.812000036239624,2.75600004196167,2.700000047683716,2.6480000019073486,2.5920000076293945,2.5320000648498535,2.4800000190734863,2.431999921798706,2.380000114440918,2.3320000171661377,2.3320000171661377,2.2880001068115234,2.240000009536743,2.2160000801086426,2.196000099182129,2.1440000534057617,2.111999988555908,2.0920000076293945,2.052000045776367,2.052000045776367,1.996000051498413,1.996000051498413,1.9780000448226929,1.9620000123977661,1.9539999961853027,1.9420000314712524,1.9240000247955322,1.906000018119812,1.906000018119812,1.8799999952316284,1.8519999980926514,1.8300000429153442,1.805999994277954,1.777999997138977,1.75600004196167,1.7319999933242798,1.7120000123977661,1.694000005722046,1.6720000505447388,1.6720000505447388,1.649999976158142,1.50600004196167,1.50600004196167,1.50600004196167,1.4980000257492065,1.4859999418258667,1.4759999513626099,1.4759999513626099,inf,inf,1.4019999504089355,1.4019999504089355,1.4019999504089355,1.4019999504089355,1.4019999504089355,1.3880000114440918,1.3880000114440918,...,0.0,0.0,47.0,47.0,47.0,47.0,47.0,47.0,47.0,47.0,47.0,0.0,0.0,0.0,0.0,0.0,0.0,47.0,47.0,47.0,47.0,47.0,0.0,0.0,0.0,0.0,0.0,0.0,0.0,0.0,0.0,0.0,0.0,0.0,0.0,0.0,0.0,0.0,0.0,0.0,0.0,0.0,0.0,0.0,0.0,0.0,0.0,0.0,0.0,0.0,0.0,0.0,0.0,0.0,0.0,0.0,0.0,0.0,0.0,0.0,0.0,0.0,0.0,0.0,0.0,0.0,0.0,0.0,0.0,0.0,0.0,0.0,0.0,0.0,0.0,0.0,0.0,0.0,0.0,0.0,0.0,0.0,0.0,0.0,0.0,0.0,0.0,0.0,0.0,0.0,0.0,0.0,0.0,0.0,0.0,0.0,0.0,0.0,0.0,0.0,0.0,0.0,0.0,0.0,0.0,0.0,0.0,0.0,0.0,0.0,0.0,0.0,0.0,0.0,0.0,0.0,0.0,0.0,0.0,0.0,0.0,0.0,0.0,0.0,0.0,0.0,0.0,0.0,...
1763031202,870340825,laser,-3.1241390705108643,3.1415927410125732,0.0034828970674425364,5.386141856433824e-05,0.096896693110466,0.15000000596046448,16.0,inf,inf,inf,7.28000020980835,7.28000020980835,7.28000020980835,7.28000020980835,7.28000020980835,7.25600004196167,7.25600004196167,7.248000144958496,7.248000144958496,7.248000144958496,7.25600004196167,7.248000144958496,7.239999771118164,7.248000144958496,7.248000144958496,7.248000144958496,7.248000144958496,7.248000144958496,7.248000144958496,7.239999771118164,7.23199987411499,7.248000144958496,7.248000144958496,7.248000144958496,7.239999771118164,7.25600004196167,7.263999938964844,7.263999938964844,inf,inf,inf,inf,inf,inf,inf,inf,inf,inf,inf,inf,inf,inf,inf,inf,inf,inf,inf,inf,inf,inf,inf,3.759999990463257,3.759999990463257,3.759999990463257,3.759999990463257,3.759999990463257,3.740000009536743,3.7320001125335693,3.740000009536743,3.74399995803833,3.747999906539917,3.747999906539917,3.752000093460083,2.9000000953674316,2.9000000953674316,2.9000000953674316,2.7720000743865967,2.7720000743865967,2.7720000743865967,2.6519999504089355,2.6519999504089355,2.6080000400543213,2.555999994277954,2.555999994277954,2.48799991607666,2.440000057220459,2.3919999599456787,2.3519999980926514,2.2799999713897705,2.196000099182129,2.196000099182129,2.196000099182129,2.1559998989105225,2.124000072479248,2.124000072479248,2.0920000076293945,2.052000045776367,2.0239999294281006,2.002000093460083,1.9800000190734863,1.9559999704360962,1.937999963760376,1.937999963760376,1.9279999732971191,1.9160000085830688,1.899999976158142,1.8760000467300415,1.8519999980926514,1.8339999914169312,1.812000036239624,1.781999945640564,1.781999945640564,1.7619999647140503,1.74399995803833,1.718000054359436,1.7000000476837158,1.6820000410079956,1.6619999408721924,1.628000020980835,1.5099999904632568,1.5099999904632568,1.4980000257492065,1.4859999418258667,1.4859999418258667,1.4739999771118164,inf,inf,inf,1.4040000438690186,1.4040000438690186,1.4040000438690186,1.4040000438690186,1.4040000438690186,1.3940000534057617,1.3940000534057617,...,0.0,47.0,47.0,47.0,47.0,47.0,47.0,47.0,47.0,47.0,47.0,0.0,0.0,0.0,0.0,0.0,0.0,0.0,0.0,0.0,0.0,0.0,0.0,0.0,0.0,0.0,0.0,0.0,0.0,0.0,0.0,0.0,0.0,0.0,0.0,0.0,0.0,0.0,0.0,0.0,0.0,0.0,0.0,0.0,0.0,0.0,0.0,0.0,0.0,0.0,0.0,0.0,0.0,0.0,0.0,0.0,0.0,0.0,0.0,0.0,0.0,0.0,0.0,0.0,0.0,0.0,0.0,0.0,0.0,0.0,0.0,0.0,0.0,0.0,0.0,0.0,0.0,0.0,0.0,0.0,0.0,0.0,0.0,0.0,0.0,0.0,0.0,0.0,0.0,0.0,0.0,47.0,47.0,47.0,47.0,47.0,0.0,0.0,0.0,0.0,0.0,0.0,0.0,0.0,0.0,0.0,0.0,0.0,0.0,0.0,0.0,0.0,0.0,0.0,0.0,0.0,0.0,0.0,0.0,0.0,0.0,0.0,0.0,47.0,47.0,47.0,47.0,47.0,...
1763031202,968792567,laser,-3.1241390705108643,3.1415927410125732,0.0034828970674425364,5.379220601753332e-05,0.09677217900753021,0.15000000596046448,16.0,8.656000137329102,inf,7.263999938964844,7.263999938964844,7.263999938964844,7.263999938964844,7.263999938964844,7.25600004196167,7.25600004196167,7.25600004196167,7.25600004196167,7.239999771118164,7.248000144958496,7.239999771118164,7.239999771118164,7.239999771118164,7.248000144958496,7.248000144958496,7.25600004196167,7.25600004196167,7.25600004196167,7.239999771118164,7.239999771118164,7.239999771118164,7.248000144958496,7.248000144958496,7.239999771118164,7.248000144958496,7.25600004196167,7.263999938964844,7.263999938964844,7.23199987411499,10.432000160217285,10.432000160217285,inf,inf,inf,inf,inf,inf,inf,inf,inf,inf,inf,inf,inf,inf,inf,inf,inf,inf,inf,inf,3.759999990463257,3.759999990463257,3.759999990463257,3.759999990463257,3.759999990463257,3.740000009536743,3.7320001125335693,3.740000009536743,3.747999906539917,3.747999906539917,3.747999906539917,3.752000093460083,2.8919999599456787,2.8919999599456787,2.8919999599456787,2.8399999141693115,2.8399999141693115,2.7839999198913574,2.7160000801086426,2.6519999504089355,2.6080000400543213,2.552000045776367,2.552000045776367,2.496000051498413,2.447999954223633,2.388000011444092,2.3480000495910645,2.303999900817871,2.2720000743865967,2.24399995803833,2.196000099182129,2.1559998989105225,2.124000072479248,2.124000072479248,2.0920000076293945,2.052000045776367,2.0220000743865967,1.99399995803833,1.9639999866485596,1.934000015258789,1.9040000438690186,1.9040000438690186,1.8600000143051147,1.8600000143051147,1.8420000076293945,1.8179999589920044,1.8140000104904175,1.8079999685287476,1.7979999780654907,1.781999945640564,1.781999945640564,1.7359999418258667,1.7359999418258667,1.715999960899353,1.7000000476837158,1.6820000410079956,1.659999966621399,1.6360000371932983,1.5099999904632568,1.5099999904632568,1.4980000257492065,1.4859999418258667,1.4859999418258667,1.4739999771118164,inf,inf,inf,1.4040000438690186,1.4040000438690186,1.4040000438690186,1.4040000438690186,1.4040000438690186,1.3940000534057617,1.3940000534057617,...,0.0,0.0,47.0,47.0,47.0,47.0,47.0,47.0,47.0,47.0,47.0,0.0,0.0,0.0,0.0,0.0,0.0,0.0,0.0,0.0,0.0,0.0,0.0,0.0,0.0,0.0,0.0,0.0,0.0,0.0,0.0,0.0,0.0,0.0,0.0,0.0,0.0,0.0,0.0,0.0,0.0,0.0,0.0,0.0,0.0,0.0,0.0,0.0,0.0,0.0,0.0,0.0,0.0,0.0,0.0,0.0,0.0,0.0,0.0,0.0,0.0,0.0,0.0,0.0,0.0,0.0,0.0,47.0,47.0,47.0,47.0,47.0,0.0,0.0,0.0,0.0,0.0,0.0,0.0,0.0,0.0,0.0,0.0,0.0,0.0,0.0,0.0,0.0,0.0,0.0,0.0,0.0,0.0,0.0,0.0,0.0,0.0,0.0,0.0,0.0,0.0,0.0,0.0,0.0,0.0,0.0,0.0,0.0,0.0,0.0,0.0,0.0,0.0,0.0,0.0,0.0,0.0,0.0,0.0,0.0,0.0,0.0,0.0,0.0,0.0,0.0,0.0,0.0,...
1763031203,67094814,laser,-3.1241390705108643,3.1415927410125732,0.0034828970674425364,5.373259409680031e-05,0.09666493535041809,0.15000000596046448,16.0,inf,inf,inf,7.271999835968018,7.271999835968018,7.271999835968018,7.271999835968018,7.271999835968018,7.248000144958496,7.248000144958496,7.248000144958496,7.239999771118164,7.248000144958496,7.239999771118164,7.239999771118164,7.239999771118164,7.248000144958496,7.239999771118164,7.248000144958496,7.25600004196167,7.25600004196167,7.25600004196167,7.239999771118164,7.239999771118164,7.248000144958496,7.248000144958496,7.239999771118164,7.248000144958496,7.25600004196167,7.25600004196167,7.263999938964844,7.239999771118164,inf,inf,inf,inf,inf,inf,inf,inf,inf,inf,inf,inf,inf,inf,inf,inf,inf,inf,inf,inf,3.815999984741211,3.815999984741211,3.815999984741211,3.815999984741211,3.815999984741211,3.752000093460083,3.752000093460083,3.740000009536743,3.7360000610351562,3.7360000610351562,3.740000009536743,3.74399995803833,3.747999906539917,3.752000093460083,2.8919999599456787,2.8919999599456787,2.8919999599456787,2.8919999599456787,2.8239998817443848,2.75600004196167,2.75600004196167,2.6480000019073486,2.6480000019073486,2.5920000076293945,2.5360000133514404,2.4800000190734863,2.431999921798706,2.380000114440918,2.328000068664551,2.2920000553131104,2.24399995803833,2.24399995803833,2.196000099182129,2.196000099182129,2.1440000534057617,2.0999999046325684,2.0799999237060547,2.052000045776367,2.0160000324249268,1.9900000095367432,1.9639999866485596,1.9420000314712524,1.9420000314712524,1.9299999475479126,1.9220000505447388,1.909999966621399,1.8940000534057617,1.8739999532699585,1.8480000495910645,1.8279999494552612,1.8279999494552612,1.8079999685287476,1.781999945640564,1.75600004196167,1.7339999675750732,1.7139999866485596,1.694000005722046,1.6720000505447388,1.649999976158142,1.649999976158142,1.5240000486373901,1.50600004196167,1.50600004196167,1.4980000257492065,1.4880000352859497,1.4759999513626099,inf,inf,inf,inf,1.4019999504089355,1.4019999504089355,1.4019999504089355,1.4019999504089355,1.4019999504089355,1.3880000114440918,...,0.0,47.0,47.0,47.0,47.0,47.0,47.0,47.0,47.0,47.0,47.0,0.0,0.0,0.0,0.0,0.0,0.0,0.0,0.0,0.0,0.0,0.0,0.0,0.0,0.0,0.0,0.0,0.0,0.0,0.0,0.0,0.0,0.0,0.0,0.0,0.0,0.0,0.0,0.0,0.0,0.0,0.0,0.0,0.0,0.0,0.0,0.0,0.0,0.0,0.0,0.0,0.0,0.0,0.0,0.0,0.0,0.0,0.0,0.0,0.0,0.0,0.0,0.0,0.0,0.0,0.0,0.0,0.0,0.0,0.0,0.0,0.0,0.0,0.0,0.0,0.0,0.0,0.0,0.0,0.0,0.0,0.0,0.0,0.0,0.0,0.0,0.0,0.0,0.0,0.0,0.0,0.0,0.0,0.0,0.0,0.0,0.0,0.0,0.0,0.0,0.0,0.0,0.0,0.0,0.0,47.0,47.0,47.0,47.0,47.0,0.0,0.0,0.0,0.0,0.0,0.0,0.0,0.0,0.0,0.0,0.0,0.0,0.0,0.0,0.0,0.0,0.0,0.0,...
1763031203,165298844,laser,-3.1241390705108643,3.1415927410125732,0.0034828970674425364,5.376791887101717e-05,0.09672848135232925,0.15000000596046448,16.0,inf,inf,inf,inf,7.28000020980835,7.28000020980835,7.28000020980835,7.28000020980835,7.28000020980835,7.263999938964844,7.248000144958496,7.25600004196167,7.25600004196167,7.25600004196167,7.239999771118164,7.239999771118164,7.248000144958496,7.248000144958496,7.248000144958496,7.248000144958496,7.25600004196167,7.248000144958496,7.239999771118164,7.239999771118164,7.248000144958496,7.239999771118164,7.239999771118164,7.239999771118164,7.25600004196167,7.263999938964844,7.25600004196167,inf,inf,inf,inf,inf,inf,inf,inf,inf,inf,inf,inf,inf,inf,inf,inf,inf,inf,inf,inf,3.868000030517578,3.868000030517578,3.868000030517578,3.868000030517578,3.868000030517578,3.7799999713897705,3.7799999713897705,3.7799999713897705,3.740000009536743,3.7320001125335693,3.740000009536743,3.747999906539917,3.747999906539917,3.747999906539917,3.752000093460083,2.8959999084472656,2.8959999084472656,2.8959999084472656,2.8959999084472656,2.8399999141693115,2.7839999198913574,2.7160000801086426,2.6519999504089355,2.6080000400543213,2.555999994277954,2.555999994277954,2.492000102996826,2.436000108718872,2.3919999599456787,2.3519999980926514,2.308000087738037,2.2839999198913574,2.200000047683716,2.200000047683716,2.1559998989105225,2.124000072479248,2.124000072479248,2.0920000076293945,2.059999942779541,2.0320000648498535,2.009999990463257,1.99399995803833,1.9780000448226929,1.968000054359436,1.9520000219345093,1.9520000219345093,1.9320000410079956,1.9119999408721924,1.8860000371932983,1.8600000143051147,1.840000033378601,1.8140000104904175,1.7879999876022339,1.7619999647140503,1.7619999647140503,1.7200000286102295,1.7200000286102295,1.6959999799728394,1.6779999732971191,1.6619999408721924,1.6299999952316284,1.5160000324249268,1.5019999742507935,1.5019999742507935,1.4859999418258667,1.4739999771118164,1.4739999771118164,inf,inf,inf,inf,1.4079999923706055,1.4079999923706055,1.4079999923706055,1.4079999923706055,1.4079999923706055,1.3940000534057617,...,0.0,47.0,47.0,47.0,47.0,47.0,47.0,47.0,47.0,47.0,47.0,47.0,47.0,0.0,0.0,0.0,0.0,0.0,0.0,0.0,0.0,0.0,0.0,0.0,0.0,0.0,0.0,0.0,0.0,0.0,0.0,0.0,0.0,0.0,0.0,0.0,0.0,0.0,0.0,0.0,0.0,0.0,0.0,0.0,0.0,0.0,0.0,0.0,0.0,0.0,0.0,0.0,0.0,0.0,0.0,0.0,0.0,0.0,0.0,0.0,0.0,0.0,0.0,0.0,0.0,0.0,0.0,0.0,0.0,47.0,47.0,47.0,47.0,47.0,0.0,0.0,0.0,0.0,0.0,0.0,0.0,0.0,0.0,0.0,0.0,0.0,0.0,0.0,0.0,0.0,47.0,47.0,47.0,47.0,47.0,0.0,0.0,0.0,0.0,0.0,0.0,0.0,0.0,0.0,0.0,0.0,0.0,0.0,0.0,0.0,0.0,0.0,0.0,0.0,0.0,0.0,0.0,0.0,0.0,0.0,0.0,0.0,0.0,0.0,0.0,0.0,0.0,0.0,...
1763031203,263700054,laser,-3.1241390705108643,3.1415927410125732,0.0034828970674425364,5.3685846069129184e-05,0.09658084064722061,0.15000000596046448,16.0,inf,inf,inf,inf,7.271999835968018,7.271999835968018,7.271999835968018,7.271999835968018,7.271999835968018,7.263999938964844,7.263999938964844,7.248000144958496,7.248000144958496,7.239999771118164,7.23199987411499,7.23199987411499,7.248000144958496,7.239999771118164,7.248000144958496,7.25600004196167,7.248000144958496,7.23199987411499,7.23199987411499,7.239999771118164,7.25600004196167,7.248000144958496,7.239999771118164,7.248000144958496,7.25600004196167,7.25600004196167,7.263999938964844,7.239999771118164,10.423999786376953,inf,inf,inf,inf,inf,inf,inf,inf,inf,inf,inf,inf,inf,inf,inf,inf,inf,4.015999794006348,4.015999794006348,4.015999794006348,4.015999794006348,4.015999794006348,3.9040000438690186,3.9040000438690186,3.808000087738037,3.747999906539917,3.740000009536743,3.740000009536743,3.740000009536743,3.74399995803833,3.747999906539917,3.747999906539917,3.752000093460083,2.947999954223633,2.947999954223633,2.8919999599456787,2.8919999599456787,2.8919999599456787,2.74399995803833,2.700000047683716,2.700000047683716,2.6440000534057617,2.5840001106262207,2.5320000648498535,2.4800000190734863,2.4240000247955322,2.371999979019165,2.3320000171661377,2.3320000171661377,2.299999952316284,2.200000047683716,2.200000047683716,2.196000099182129,2.1440000534057617,2.0999999046325684,2.0799999237060547,2.049999952316284,2.049999952316284,2.00600004196167,1.9800000190734863,1.9520000219345093,1.9160000085830688,1.8919999599456787,1.878000020980835,1.8660000562667847,1.8580000400543213,1.850000023841858,1.850000023841858,1.8339999914169312,1.8179999589920044,1.7960000038146973,1.7740000486373901,1.75,1.7280000448226929,1.7100000381469727,1.690000057220459,1.690000057220459,1.6699999570846558,1.649999976158142,1.50600004196167,1.50600004196167,1.50600004196167,1.496000051498413,1.4859999418258667,1.4700000286102295,inf,inf,inf,inf,inf,1.399999976158142,1.399999976158142,1.399999976158142,1.399999976158142,1.399999976158142,...,0.0,0.0,47.0,47.0,47.0,47.0,47.0,47.0,47.0,47.0,0.0,0.0,0.0,0.0,0.0,0.0,0.0,0.0,0.0,47.0,47.0,47.0,47.0,47.0,0.0,0.0,0.0,0.0,0.0,0.0,0.0,0.0,0.0,0.0,0.0,0.0,0.0,0.0,0.0,0.0,0.0,0.0,0.0,0.0,0.0,0.0,0.0,0.0,0.0,0.0,0.0,0.0,0.0,0.0,0.0,0.0,0.0,0.0,0.0,0.0,0.0,0.0,0.0,0.0,0.0,0.0,0.0,0.0,0.0,0.0,0.0,0.0,0.0,0.0,0.0,0.0,0.0,0.0,0.0,0.0,0.0,0.0,0.0,0.0,0.0,0.0,0.0,0.0,0.0,0.0,0.0,0.0,0.0,0.0,0.0,0.0,0.0,0.0,0.0,0.0,0.0,0.0,0.0,0.0,0.0,0.0,0.0,0.0,0.0,0.0,0.0,0.0,0.0,0.0,0.0,0.0,0.0,0.0,0.0,0.0,0.0,0.0,0.0,0.0,0.0,0.0,0.0,0.0,...
1763031203,362200781,laser,-3.1241390705108643,3.1415927410125732,0.0034828970674425364,5.3556188504444435e-05,0.09634757786989212,0.15000000596046448,16.0,inf,inf,7.271999835968018,7.271999835968018,7.271999835968018,7.271999835968018,7.271999835968018,7.25600004196167,7.25600004196167,7.25600004196167,7.248000144958496,7.248000144958496,7.248000144958496,7.248000144958496,7.239999771118164,7.239999771118164,7.248000144958496,7.248000144958496,7.248000144958496,7.248000144958496,7.248000144958496,7.248000144958496,7.239999771118164,7.239999771118164,7.248000144958496,7.239999771118164,7.239999771118164,7.248000144958496,7.25600004196167,7.263999938964844,7.25600004196167,10.5600004196167,10.5600004196167,10.5600004196167,inf,inf,inf,inf,inf,inf,inf,inf,inf,inf,inf,4.599999904632568,4.599999904632568,4.599999904632568,4.599999904632568,4.599999904632568,inf,inf,3.808000087738037,3.808000087738037,3.808000087738037,3.808000087738037,3.808000087738037,3.747999906539917,3.747999906539917,3.74399995803833,3.74399995803833,3.740000009536743,3.740000009536743,3.74399995803833,3.74399995803833,3.752000093460083,2.888000011444092,2.888000011444092,2.888000011444092,2.888000011444092,2.8239998817443848,2.8239998817443848,2.752000093460083,2.696000099182129,2.6480000019073486,2.5880000591278076,2.5320000648498535,2.4800000190734863,2.436000108718872,2.3359999656677246,2.2960000038146973,2.2960000038146973,2.2960000038146973,2.200000047683716,2.191999912261963,2.191999912261963,2.1440000534057617,2.1040000915527344,2.0799999237060547,2.0480000972747803,2.007999897003174,1.9800000190734863,1.9800000190734863,1.9559999704360962,1.9199999570846558,1.8980000019073486,1.8839999437332153,1.871999979019165,1.8680000305175781,1.8580000400543213,1.8380000591278076,1.8380000591278076,1.8200000524520874,1.7979999780654907,1.7760000228881836,1.75600004196167,1.7339999675750732,1.7100000381469727,1.690000057220459,1.6699999570846558,1.6699999570846558,1.6480000019073486,1.50600004196167,1.50600004196167,1.4980000257492065,1.4980000257492065,1.4880000352859497,inf,inf,inf,inf,inf,1.3980000019073486,1.3980000019073486,1.3980000019073486,1.3980000019073486,1.3980000019073486,1.3819999694824219,...,0.0,47.0,47.0,47.0,47.0,47.0,47.0,47.0,47.0,47.0,47.0,47.0,0.0,0.0,0.0,0.0,0.0,0.0,0.0,0.0,0.0,0.0,0.0,0.0,0.0,0.0,0.0,0.0,0.0,0.0,0.0,0.0,0.0,0.0,0.0,0.0,0.0,0.0,0.0,0.0,0.0,0.0,0.0,0.0,0.0,0.0,0.0,0.0,0.0,0.0,0.0,0.0,0.0,0.0,0.0,0.0,0.0,0.0,0.0,0.0,0.0,0.0,0.0,0.0,0.0,0.0,0.0,0.0,0.0,0.0,0.0,0.0,0.0,0.0,0.0,0.0,0.0,0.0,0.0,0.0,0.0,0.0,0.0,0.0,0.0,0.0,0.0,0.0,0.0,0.0,0.0,0.0,0.0,0.0,0.0,0.0,0.0,0.0,0.0,0.0,0.0,0.0,0.0,0.0,0.0,0.0,0.0,0.0,0.0,0.0,0.0,0.0,0.0,0.0,0.0,0.0,0.0,0.0,0.0,0.0,0.0,0.0,0.0,0.0,0.0,0.0,0.0,0.0,...
1763031203,460144352,laser,-3.1241390705108643,3.1415927410125732,0.0034828970674425364,5.710196273867041e-05,0.10272642970085144,0.15000000596046448,16.0,inf,inf,inf,inf,7.28000020980835,7.28000020980835,7.28000020980835,7.28000020980835,7.28000020980835,7.25600004196167,7.248000144958496,7.248000144958496,7.248000144958496,7.25600004196167,7.239999771118164,7.239999771118164,7.248000144958496,7.239999771118164,7.248000144958496,7.248000144958496,7.248000144958496,7.248000144958496,7.23199987411499,7.23199987411499,7.248000144958496,7.239999771118164,7.239999771118164,7.239999771118164,7.248000144958496,7.25600004196167,7.25600004196167,inf,inf,inf,inf,inf,inf,inf,inf,inf,inf,inf,inf,inf,inf,inf,inf,inf,inf,inf,3.888000011444092,3.888000011444092,3.888000011444092,3.888000011444092,3.888000011444092,3.7960000038146973,3.7960000038146973,3.7960000038146973,3.7960000038146973,3.740000009536743,3.74399995803833,3.747999906539917,3.747999906539917,3.747999906539917,3.747999906539917,3.747999906539917,2.944000005722046,2.944000005722046,2.944000005722046,2.7960000038146973,2.7960000038146973,2.7960000038146973,2.7360000610351562,2.6640000343322754,2.619999885559082,2.5799999237060547,2.5160000324249268,2.5160000324249268,2.4639999866485596,2.4119999408721924,2.364000082015991,2.3239998817443848,2.303999900817871,2.187999963760376,2.187999963760376,2.128000020980835,2.128000020980835,2.128000020980835,2.1040000915527344,2.072000026702881,2.0420000553131104,2.0220000743865967,2.003999948501587,1.9880000352859497,1.9759999513626099,1.9579999446868896,1.9579999446868896,1.934000015258789,1.9140000343322754,1.8940000534057617,1.8700000047683716,1.8459999561309814,1.8220000267028809,1.7960000038146973,1.7699999809265137,1.7699999809265137,1.7319999933242798,1.7319999933242798,1.7079999446868896,1.687999963760376,1.6640000343322754,1.6399999856948853,1.5160000324249268,1.5160000324249268,1.50600004196167,1.496000051498413,1.4839999675750732,1.4839999675750732,1.4639999866485596,inf,1.4299999475479126,1.4299999475479126,1.4299999475479126,1.4299999475479126,1.4299999475479126,1.409999966621399,1.409999966621399,1.409999966621399,...,0.0,47.0,47.0,47.0,47.0,47.0,47.0,47.0,47.0,47.0,47.0,47.0,47.0,0.0,0.0,0.0,0.0,0.0,0.0,0.0,0.0,0.0,0.0,0.0,0.0,0.0,0.0,0.0,0.0,0.0,0.0,0.0,0.0,0.0,0.0,0.0,0.0,0.0,0.0,0.0,0.0,0.0,0.0,0.0,0.0,0.0,0.0,0.0,0.0,0.0,0.0,0.0,0.0,0.0,0.0,0.0,0.0,0.0,0.0,0.0,0.0,0.0,0.0,0.0,0.0,0.0,0.0,0.0,0.0,0.0,0.0,0.0,0.0,0.0,0.0,0.0,0.0,0.0,0.0,0.0,0.0,0.0,0.0,0.0,0.0,0.0,0.0,0.0,0.0,0.0,0.0,0.0,0.0,0.0,0.0,0.0,0.0,0.0,0.0,0.0,0.0,0.0,0.0,0.0,0.0,0.0,0.0,47.0,47.0,47.0,47.0,47.0,0.0,0.0,0.0,0.0,0.0,0.0,0.0,0.0,0.0,0.0,0.0,0.0,0.0,0.0,0.0,0.0,...
1763031203,564087345,laser,-3.1241390705108643,3.1415927410125732,0.0034828970674425364,5.396426058723591e-05,0.09708170592784882,0.15000000596046448,16.0,inf,inf,7.263999938964844,7.263999938964844,7.263999938964844,7.263999938964844,7.263999938964844,7.25600004196167,7.25600004196167,7.25600004196167,7.25600004196167,7.239999771118164,7.248000144958496,7.248000144958496,7.248000144958496,7.248000144958496,7.248000144958496,7.248000144958496,7.248000144958496,7.248000144958496,7.248000144958496,7.248000144958496,7.248000144958496,7.248000144958496,7.248000144958496,7.248000144958496,7.239999771118164,7.239999771118164,7.248000144958496,7.25600004196167,7.25600004196167,7.239999771118164,10.456000328063965,10.456000328063965,inf,inf,inf,inf,inf,inf,inf,inf,inf,inf,inf,inf,inf,inf,inf,inf,4.019999980926514,4.019999980926514,4.019999980926514,4.019999980926514,4.019999980926514,3.752000093460083,3.752000093460083,3.752000093460083,3.74399995803833,3.74399995803833,3.74399995803833,3.740000009536743,3.740000009536743,3.747999906539917,3.747999906539917,3.752000093460083,3.752000093460083,2.884000062942505,2.819999933242798,2.819999933242798,2.819999933242798,2.819999933242798,2.740000009536743,2.6679999828338623,2.628000020980835,2.5880000591278076,2.5199999809265137,2.4679999351501465,2.4240000247955322,2.371999979019165,2.371999979019165,2.3320000171661377,2.2960000038146973,2.2360000610351562,2.2079999446868896,2.191999912261963,2.1440000534057617,2.1040000915527344,2.0799999237060547,2.0799999237060547,2.049999952316284,2.0220000743865967,1.99399995803833,1.9600000381469727,1.934000015258789,1.9220000505447388,1.9119999408721924,1.8980000019073486,1.8980000019073486,1.8660000562667847,1.8660000562667847,1.8420000076293945,1.8220000267028809,1.7979999780654907,1.7740000486373901,1.753999948501587,1.7319999933242798,1.7100000381469727,1.690000057220459,1.690000057220459,1.6660000085830688,1.6460000276565552,1.5099999904632568,1.5099999904632568,1.5099999904632568,1.4980000257492065,1.4819999933242798,1.468000054359436,inf,inf,inf,inf,inf,inf,1.399999976158142,1.399999976158142,1.399999976158142,1.399999976158142,...,47.0,47.0,47.0,47.0,47.0,47.0,47.0,47.0,47.0,47.0,47.0,0.0,0.0,0.0,0.0,0.0,0.0,0.0,0.0,0.0,0.0,0.0,0.0,0.0,0.0,0.0,0.0,0.0,0.0,0.0,0.0,0.0,0.0,0.0,0.0,0.0,0.0,0.0,0.0,0.0,0.0,0.0,0.0,0.0,0.0,0.0,0.0,0.0,0.0,0.0,0.0,0.0,0.0,0.0,0.0,0.0,0.0,0.0,0.0,0.0,0.0,0.0,0.0,0.0,0.0,0.0,0.0,0.0,0.0,0.0,0.0,0.0,0.0,0.0,0.0,0.0,0.0,0.0,0.0,0.0,0.0,0.0,0.0,0.0,0.0,0.0,0.0,0.0,0.0,0.0,0.0,0.0,0.0,0.0,0.0,0.0,0.0,0.0,0.0,0.0,0.0,0.0,0.0,0.0,0.0,0.0,0.0,0.0,0.0,0.0,0.0,0.0,0.0,0.0,0.0,0.0,0.0,0.0,0.0,0.0,0.0,0.0,0.0,0.0,0.0,0.0,0.0,0.0,...
1763031203,662600628,laser,-3.1241390705108643,3.1415927410125732,0.0034828970674425364,5.382881499826908e-05,0.09683803468942642,0.15000000596046448,16.0,inf,inf,7.271999835968018,7.271999835968018,7.271999835968018,7.271999835968018,7.271999835968018,7.25600004196167,7.25600004196167,7.25600004196167,7.25600004196167,7.248000144958496,7.248000144958496,7.248000144958496,7.239999771118164,7.239999771118164,7.248000144958496,7.248000144958496,7.248000144958496,7.248000144958496,7.248000144958496,7.248000144958496,7.23199987411499,7.23199987411499,7.239999771118164,7.239999771118164,7.23199987411499,7.239999771118164,7.248000144958496,7.25600004196167,7.25600004196167,10.447999954223633,10.447999954223633,10.447999954223633,inf,inf,inf,inf,inf,inf,inf,inf,inf,inf,inf,inf,inf,inf,inf,inf,inf,inf,inf,3.7960000038146973,3.7960000038146973,3.7960000038146973,3.7960000038146973,3.7960000038146973,3.74399995803833,3.74399995803833,3.74399995803833,3.747999906539917,3.747999906539917,3.747999906539917,3.747999906539917,3.747999906539917,3.747999906539917,2.871999979019165,2.871999979019165,2.871999979019165,2.871999979019165,2.808000087738037,2.7360000610351562,2.671999931335449,2.624000072479248,2.5799999237060547,2.5199999809265137,2.5199999809265137,2.4560000896453857,2.4079999923706055,2.371999979019165,2.319999933242798,2.2960000038146973,2.180000066757202,2.1760001182556152,2.1760001182556152,2.128000020980835,2.128000020980835,2.1040000915527344,2.072000026702881,2.0420000553131104,2.003999948501587,1.972000002861023,1.9459999799728394,1.906000018119812,1.8799999952316284,1.8660000562667847,1.8459999561309814,1.8459999561309814,1.8279999494552612,1.8240000009536743,1.815999984741211,1.8040000200271606,1.7879999876022339,1.7660000324249268,1.7660000324249268,1.75,1.7300000190734863,1.7079999446868896,1.687999963760376,1.6640000343322754,1.6419999599456787,1.5260000228881836,1.5260000228881836,1.50600004196167,1.4900000095367432,1.4800000190734863,1.4800000190734863,inf,inf,inf,inf,inf,1.4140000343322754,1.4140000343322754,1.4140000343322754,1.4140000343322754,1.4140000343322754,...,47.0,47.0,47.0,47.0,47.0,47.0,47.0,47.0,47.0,47.0,47.0,47.0,0.0,0.0,0.0,0.0,0.0,0.0,0.0,0.0,0.0,0.0,0.0,0.0,0.0,0.0,0.0,0.0,0.0,0.0,0.0,0.0,0.0,0.0,0.0,0.0,0.0,0.0,0.0,0.0,0.0,0.0,0.0,0.0,0.0,0.0,0.0,0.0,0.0,0.0,0.0,0.0,0.0,0.0,0.0,0.0,0.0,0.0,0.0,0.0,0.0,0.0,0.0,0.0,0.0,0.0,0.0,0.0,0.0,0.0,0.0,47.0,47.0,47.0,47.0,47.0,0.0,0.0,0.0,0.0,0.0,0.0,0.0,0.0,0.0,0.0,0.0,0.0,0.0,47.0,47.0,47.0,47.0,47.0,0.0,0.0,0.0,0.0,0.0,0.0,0.0,0.0,0.0,0.0,0.0,0.0,0.0,0.0,0.0,0.0,0.0,0.0,0.0,0.0,0.0,0.0,0.0,0.0,0.0,0.0,0.0,0.0,0.0,0.0,0.0,47.0,47.0,47.0,...
1763031203,761056744,laser,-3.1241390705108643,3.1415927410125732,0.0034828970674425364,5.372091254685074e-05,0.09664392471313477,0.15000000596046448,16.0,inf,inf,inf,inf,inf,7.25600004196167,7.25600004196167,7.25600004196167,7.25600004196167,7.25600004196167,7.25600004196167,7.248000144958496,7.248000144958496,7.248000144958496,7.248000144958496,7.248000144958496,7.25600004196167,7.25600004196167,7.25600004196167,7.25600004196167,7.248000144958496,7.239999771118164,7.239999771118164,7.248000144958496,7.248000144958496,7.248000144958496,7.239999771118164,7.239999771118164,7.248000144958496,7.25600004196167,7.239999771118164,7.239999771118164,inf,inf,inf,inf,inf,inf,inf,inf,inf,inf,inf,inf,inf,inf,inf,inf,inf,inf,inf,inf,inf,3.808000087738037,3.808000087738037,3.808000087738037,3.808000087738037,3.808000087738037,3.752000093460083,3.747999906539917,3.740000009536743,3.740000009536743,3.740000009536743,3.74399995803833,3.747999906539917,3.752000093460083,2.884000062942505,2.884000062942505,2.8239998817443848,2.8239998817443848,2.8239998817443848,2.759999990463257,2.7039999961853027,2.640000104904175,2.5959999561309814,2.5959999561309814,2.5360000133514404,2.4719998836517334,2.436000108718872,2.384000062942505,2.3320000171661377,2.2960000038146973,2.259999990463257,2.2279999256134033,2.191999912261963,2.191999912261963,2.1440000534057617,2.1040000915527344,2.0799999237060547,2.052000045776367,2.0160000324249268,1.9900000095367432,1.9639999866485596,1.9359999895095825,1.9359999895095825,1.9259999990463257,1.9220000505447388,1.9119999408721924,1.8980000019073486,1.8739999532699585,1.850000023841858,1.8320000171661377,1.812000036239624,1.812000036239624,1.784000039100647,1.7580000162124634,1.7339999675750732,1.7139999866485596,1.6979999542236328,1.6779999732971191,1.6540000438690186,1.6540000438690186,1.5080000162124634,1.5080000162124634,1.5080000162124634,1.4980000257492065,1.4859999418258667,1.4759999513626099,inf,inf,inf,inf,inf,1.406000018119812,1.406000018119812,1.406000018119812,1.406000018119812,1.406000018119812,...,0.0,47.0,47.0,47.0,47.0,47.0,47.0,47.0,47.0,47.0,47.0,47.0,47.0,0.0,0.0,0.0,0.0,0.0,0.0,0.0,0.0,0.0,0.0,0.0,0.0,0.0,0.0,0.0,0.0,0.0,0.0,0.0,0.0,0.0,0.0,0.0,0.0,0.0,0.0,0.0,0.0,0.0,0.0,0.0,0.0,0.0,0.0,0.0,0.0,0.0,0.0,0.0,0.0,0.0,0.0,0.0,0.0,0.0,0.0,0.0,0.0,0.0,0.0,0.0,0.0,0.0,0.0,0.0,0.0,0.0,0.0,0.0,0.0,0.0,0.0,0.0,0.0,0.0,0.0,0.0,0.0,0.0,0.0,0.0,0.0,0.0,0.0,0.0,0.0,0.0,47.0,47.0,47.0,47.0,47.0,0.0,0.0,0.0,0.0,0.0,0.0,0.0,0.0,0.0,0.0,0.0,0.0,0.0,0.0,0.0,0.0,0.0,0.0,0.0,0.0,0.0,0.0,0.0,0.0,0.0,0.0,0.0,0.0,0.0,0.0,0.0,47.0,47.0,...
1763031203,859323663,laser,-3.1241390705108643,3.1415927410125732,0.0034828970674425364,5.36860097781755e-05,0.09658113121986389,0.15000000596046448,16.0,inf,inf,7.271999835968018,7.271999835968018,7.271999835968018,7.271999835968018,7.271999835968018,7.25600004196167,7.25600004196167,7.25600004196167,7.248000144958496,7.248000144958496,7.25600004196167,7.25600004196167,7.248000144958496,7.248000144958496,7.25600004196167,7.25600004196167,7.25600004196167,7.25600004196167,7.25600004196167,7.25600004196167,7.23199987411499,7.23199987411499,7.248000144958496,7.239999771118164,7.239999771118164,7.248000144958496,7.248000144958496,7.25600004196167,7.25600004196167,10.53600025177002,10.53600025177002,10.53600025177002,inf,inf,inf,inf,inf,inf,inf,inf,inf,inf,inf,inf,inf,inf,inf,inf,inf,inf,3.75600004196167,3.75600004196167,3.75600004196167,3.75600004196167,3.75600004196167,3.747999906539917,3.747999906539917,3.747999906539917,3.740000009536743,3.740000009536743,3.7360000610351562,3.74399995803833,3.747999906539917,3.752000093460083,2.884000062942505,2.884000062942505,2.884000062942505,2.884000062942505,2.8239998817443848,2.759999990463257,2.759999990463257,2.6440000534057617,2.6440000534057617,2.5920000076293945,2.5320000648498535,2.4760000705718994,2.436000108718872,2.384000062942505,2.3359999656677246,2.2960000038146973,2.25600004196167,2.25600004196167,2.191999912261963,2.191999912261963,2.1480000019073486,2.119999885559082,2.0920000076293945,2.052000045776367,2.0199999809265137,2.0,1.9900000095367432,1.9739999771118164,1.9739999771118164,1.9579999446868896,1.9479999542236328,1.9279999732971191,1.906000018119812,1.8799999952316284,1.850000023841858,1.8320000171661377,1.809999942779541,1.809999942779541,1.781999945640564,1.7580000162124634,1.7339999675750732,1.7139999866485596,1.6979999542236328,1.6759999990463257,1.6540000438690186,1.6540000438690186,1.534000039100647,1.5080000162124634,1.5,1.5,1.4859999418258667,1.4759999513626099,inf,inf,inf,inf,1.4040000438690186,1.4040000438690186,1.4040000438690186,1.4040000438690186,1.4040000438690186,1.3940000534057617,...,47.0,47.0,47.0,47.0,47.0,47.0,47.0,47.0,47.0,47.0,47.0,47.0,0.0,0.0,0.0,0.0,0.0,0.0,0.0,0.0,0.0,0.0,0.0,0.0,0.0,0.0,0.0,0.0,0.0,0.0,0.0,0.0,0.0,0.0,0.0,0.0,0.0,0.0,0.0,0.0,0.0,0.0,0.0,0.0,0.0,0.0,0.0,0.0,0.0,0.0,0.0,0.0,0.0,0.0,0.0,0.0,0.0,0.0,0.0,0.0,0.0,0.0,0.0,0.0,0.0,0.0,0.0,0.0,0.0,0.0,0.0,0.0,0.0,0.0,0.0,0.0,0.0,0.0,0.0,0.0,0.0,0.0,0.0,0.0,0.0,0.0,0.0,0.0,0.0,47.0,47.0,47.0,47.0,47.0,0.0,0.0,0.0,0.0,0.0,0.0,0.0,0.0,0.0,0.0,0.0,0.0,0.0,0.0,0.0,0.0,0.0,0.0,0.0,0.0,0.0,0.0,0.0,0.0,0.0,0.0,0.0,0.0,0.0,0.0,0.0,47.0,47.0,47.0,...
1763031203,957347333,laser,-3.1241390705108643,3.1415927410125732,0.0034828970674425364,5.382940435083583e-05,0.09683910012245178,0.15000000596046448,16.0,8.767999649047852,inf,inf,inf,7.271999835968018,7.271999835968018,7.271999835968018,7.271999835968018,7.271999835968018,7.263999938964844,7.248000144958496,7.248000144958496,7.248000144958496,7.25600004196167,7.248000144958496,7.248000144958496,7.25600004196167,7.25600004196167,7.25600004196167,7.25600004196167,7.248000144958496,7.248000144958496,7.239999771118164,7.23199987411499,7.248000144958496,7.248000144958496,7.239999771118164,7.239999771118164,7.25600004196167,7.263999938964844,7.263999938964844,10.5600004196167,10.5600004196167,10.5600004196167,inf,inf,inf,inf,inf,inf,inf,inf,inf,inf,inf,inf,inf,inf,inf,inf,inf,4.019999980926514,4.019999980926514,4.019999980926514,4.019999980926514,4.019999980926514,3.9119999408721924,3.808000087738037,3.752000093460083,3.74399995803833,3.74399995803833,3.740000009536743,3.740000009536743,3.747999906539917,3.747999906539917,3.752000093460083,2.884000062942505,2.884000062942505,2.884000062942505,2.815999984741211,2.815999984741211,2.815999984741211,2.740000009536743,2.691999912261963,2.640000104904175,2.5880000591278076,2.5399999618530273,2.4839999675750732,2.4240000247955322,2.371999979019165,2.3359999656677246,2.2960000038146973,2.2960000038146973,2.2039999961853027,2.2039999961853027,2.191999912261963,2.1440000534057617,2.1040000915527344,2.0759999752044678,2.0480000972747803,2.007999897003174,1.9800000190734863,1.9800000190734863,1.9539999961853027,1.9179999828338623,1.8940000534057617,1.8700000047683716,1.8519999980926514,1.8459999561309814,1.8380000591278076,1.8279999494552612,1.8279999494552612,1.8140000104904175,1.7960000038146973,1.7760000228881836,1.753999948501587,1.7319999933242798,1.7120000123977661,1.6920000314712524,1.6679999828338623,1.6679999828338623,1.649999976158142,1.49399995803833,1.49399995803833,1.49399995803833,1.49399995803833,1.4819999933242798,inf,inf,inf,inf,1.399999976158142,1.399999976158142,1.399999976158142,1.399999976158142,1.399999976158142,1.3880000114440918,1.3880000114440918,...,0.0,47.0,47.0,47.0,47.0,47.0,47.0,47.0,47.0,47.0,47.0,47.0,47.0,0.0,0.0,0.0,0.0,0.0,47.0,47.0,47.0,47.0,47.0,0.0,0.0,0.0,0.0,0.0,0.0,0.0,0.0,0.0,0.0,0.0,0.0,0.0,0.0,0.0,0.0,0.0,0.0,0.0,0.0,0.0,0.0,0.0,0.0,0.0,0.0,0.0,0.0,0.0,0.0,0.0,0.0,0.0,0.0,0.0,0.0,0.0,0.0,0.0,0.0,0.0,0.0,0.0,0.0,0.0,0.0,47.0,47.0,47.0,47.0,47.0,0.0,0.0,0.0,0.0,0.0,0.0,0.0,0.0,0.0,0.0,0.0,0.0,0.0,0.0,0.0,0.0,47.0,47.0,47.0,47.0,47.0,0.0,0.0,0.0,0.0,0.0,0.0,0.0,0.0,0.0,0.0,0.0,0.0,0.0,0.0,0.0,0.0,0.0,0.0,0.0,0.0,0.0,0.0,0.0,0.0,0.0,0.0,0.0,0.0,0.0,0.0,0.0,47.0,47.0,...
1763031204,55840325,laser,-3.1241390705108643,3.1415927410125732,0.0034828970674425364,5.372103623813018e-05,0.09664414823055267,0.15000000596046448,16.0,8.67199993133545,inf,inf,7.25600004196167,7.25600004196167,7.25600004196167,7.25600004196167,7.25600004196167,7.25600004196167,7.25600004196167,7.248000144958496,7.248000144958496,7.248000144958496,7.248000144958496,7.248000144958496,7.248000144958496,7.25600004196167,7.25600004196167,7.25600004196167,7.25600004196167,7.248000144958496,7.248000144958496,7.23199987411499,7.23199987411499,7.248000144958496,7.248000144958496,7.239999771118164,7.239999771118164,7.248000144958496,7.263999938964844,7.25600004196167,10.472000122070312,10.472000122070312,inf,inf,inf,inf,inf,inf,inf,inf,inf,inf,inf,inf,inf,inf,inf,inf,inf,inf,inf,inf,3.799999952316284,3.799999952316284,3.799999952316284,3.799999952316284,3.799999952316284,3.74399995803833,3.74399995803833,3.74399995803833,3.740000009536743,3.74399995803833,3.747999906539917,3.747999906539917,3.747999906539917,3.747999906539917,2.936000108718872,2.880000114440918,2.880000114440918,2.880000114440918,2.815999984741211,2.740000009536743,2.6760001182556152,2.628000020980835,2.5880000591278076,2.5399999618530273,2.4079999923706055,2.371999979019165,2.371999979019165,2.371999979019165,2.3320000171661377,2.2960000038146973,2.200000047683716,2.200000047683716,2.187999963760376,2.1440000534057617,2.1040000915527344,2.0759999752044678,2.0759999752044678,2.002000093460083,2.002000093460083,1.9700000286102295,1.944000005722046,1.9140000343322754,1.8880000114440918,1.8660000562667847,1.8519999980926514,1.843999981880188,1.8380000591278076,1.8380000591278076,1.8259999752044678,1.8140000104904175,1.7960000038146973,1.7760000228881836,1.753999948501587,1.7300000190734863,1.7120000123977661,1.6920000314712524,1.6920000314712524,1.6679999828338623,1.6480000019073486,1.5080000162124634,1.5080000162124634,1.5080000162124634,1.4980000257492065,1.4839999675750732,inf,inf,inf,inf,inf,inf,inf,1.3980000019073486,1.3980000019073486,1.3980000019073486,1.3980000019073486,...,0.0,47.0,47.0,47.0,47.0,47.0,47.0,47.0,47.0,47.0,47.0,0.0,0.0,0.0,0.0,0.0,0.0,0.0,0.0,0.0,0.0,0.0,0.0,0.0,0.0,0.0,0.0,0.0,0.0,0.0,0.0,0.0,0.0,0.0,0.0,0.0,0.0,0.0,0.0,0.0,0.0,0.0,0.0,0.0,0.0,0.0,0.0,0.0,0.0,0.0,0.0,0.0,0.0,0.0,0.0,0.0,0.0,0.0,0.0,0.0,0.0,0.0,0.0,0.0,0.0,0.0,0.0,0.0,0.0,0.0,0.0,0.0,0.0,0.0,0.0,0.0,0.0,0.0,0.0,0.0,0.0,0.0,0.0,0.0,0.0,0.0,0.0,0.0,0.0,0.0,0.0,47.0,47.0,47.0,47.0,47.0,0.0,0.0,0.0,0.0,0.0,0.0,0.0,0.0,0.0,0.0,0.0,0.0,0.0,0.0,0.0,0.0,0.0,0.0,0.0,0.0,0.0,0.0,0.0,0.0,0.0,0.0,0.0,0.0,0.0,0.0,0.0,0.0,...
1763031204,154026118,laser,-3.1241390705108643,3.1415927410125732,0.0034828970674425364,5.374797183321789e-05,0.09669259935617447,0.15000000596046448,16.0,inf,inf,7.25600004196167,7.25600004196167,7.25600004196167,7.25600004196167,7.25600004196167,7.25600004196167,7.25600004196167,7.25600004196167,7.25600004196167,7.248000144958496,7.25600004196167,7.25600004196167,7.248000144958496,7.25600004196167,7.25600004196167,7.25600004196167,7.25600004196167,7.25600004196167,7.248000144958496,7.248000144958496,7.23199987411499,7.239999771118164,7.248000144958496,7.248000144958496,7.239999771118164,7.239999771118164,7.25600004196167,7.263999938964844,7.239999771118164,10.399999618530273,10.399999618530273,10.399999618530273,inf,inf,inf,inf,inf,inf,inf,inf,inf,inf,inf,inf,inf,inf,4.176000118255615,4.176000118255615,4.176000118255615,4.176000118255615,4.176000118255615,3.880000114440918,3.880000114440918,3.880000114440918,3.7920000553131104,3.7920000553131104,3.7920000553131104,3.74399995803833,3.74399995803833,3.747999906539917,3.747999906539917,3.747999906539917,3.747999906539917,3.747999906539917,3.747999906539917,2.936000108718872,2.936000108718872,2.936000108718872,2.864000082015991,2.799999952316284,2.7360000610351562,2.6640000343322754,2.615999937057495,2.572000026702881,2.572000026702881,2.507999897003174,2.447999954223633,2.4040000438690186,2.368000030517578,2.3239998817443848,2.308000087738037,2.1760001182556152,2.1760001182556152,2.171999931335449,2.131999969482422,2.131999969482422,2.0999999046325684,2.059999942779541,2.0320000648498535,2.0179998874664307,1.996000051498413,1.972000002861023,1.9579999446868896,1.9420000314712524,1.9420000314712524,1.9279999732971191,1.9119999408721924,1.8880000114440918,1.8660000562667847,1.8420000076293945,1.8179999589920044,1.7940000295639038,1.7680000066757202,1.7680000066757202,1.7300000190734863,1.7300000190734863,1.7079999446868896,1.684000015258789,1.6640000343322754,1.6419999599456787,1.5160000324249268,1.50600004196167,1.50600004196167,1.49399995803833,1.4839999675750732,1.4839999675750732,1.4620000123977661,1.4299999475479126,1.4299999475479126,1.4299999475479126,1.4299999475479126,1.4119999408721924,1.4119999408721924,1.4119999408721924,1.4119999408721924,1.4019999504089355,...,47.0,47.0,47.0,47.0,47.0,47.0,47.0,47.0,47.0,47.0,47.0,47.0,0.0,0.0,0.0,0.0,0.0,0.0,0.0,0.0,0.0,0.0,0.0,0.0,0.0,0.0,0.0,0.0,0.0,0.0,0.0,0.0,0.0,0.0,0.0,0.0,0.0,0.0,0.0,0.0,0.0,0.0,0.0,0.0,0.0,0.0,0.0,0.0,0.0,0.0,0.0,0.0,0.0,0.0,0.0,0.0,0.0,0.0,0.0,0.0,0.0,0.0,0.0,0.0,0.0,0.0,0.0,0.0,0.0,0.0,0.0,0.0,0.0,0.0,0.0,0.0,0.0,0.0,0.0,0.0,0.0,0.0,0.0,0.0,0.0,0.0,0.0,0.0,0.0,0.0,0.0,0.0,0.0,0.0,0.0,0.0,0.0,0.0,0.0,0.0,0.0,0.0,0.0,0.0,0.0,0.0,0.0,0.0,0.0,0.0,0.0,0.0,0.0,0.0,0.0,0.0,0.0,0.0,0.0,0.0,0.0,0.0,0.0,0.0,47.0,47.0,47.0,47.0,...
1763031204,252183267,laser,-3.1241390705108643,3.1415927410125732,0.0034828970674425364,5.7205430493922904e-05,0.10291257500648499,0.15000000596046448,16.0,8.696000099182129,inf,inf,7.25600004196167,7.25600004196167,7.25600004196167,7.25600004196167,7.25600004196167,7.25600004196167,7.25600004196167,7.25600004196167,7.248000144958496,7.25600004196167,7.25600004196167,7.248000144958496,7.25600004196167,7.25600004196167,7.263999938964844,7.263999938964844,7.263999938964844,7.25600004196167,7.248000144958496,7.248000144958496,7.248000144958496,7.248000144958496,7.248000144958496,7.239999771118164,7.239999771118164,7.25600004196167,7.263999938964844,7.263999938964844,7.23199987411499,10.392000198364258,inf,inf,inf,inf,inf,inf,inf,inf,inf,inf,inf,inf,inf,inf,inf,inf,inf,inf,inf,3.888000011444092,3.888000011444092,3.888000011444092,3.888000011444092,3.888000011444092,3.799999952316284,3.799999952316284,3.74399995803833,3.740000009536743,3.74399995803833,3.747999906539917,3.747999906539917,3.747999906539917,3.747999906539917,2.931999921798706,2.880000114440918,2.880000114440918,2.880000114440918,2.880000114440918,2.812000036239624,2.7360000610351562,2.671999931335449,2.628000020980835,2.572000026702881,2.507999897003174,2.507999897003174,2.4679999351501465,2.4200000762939453,2.368000030517578,2.3320000171661377,2.312000036239624,2.187999963760376,2.180000066757202,2.180000066757202,2.131999969482422,2.0999999046325684,2.0999999046325684,2.0739998817443848,2.0439999103546143,2.01200008392334,1.9839999675750732,1.9559999704360962,1.9299999475479126,1.9160000085830688,1.909999966621399,1.909999966621399,1.8980000019073486,1.8819999694824219,1.8639999628067017,1.840000033378601,1.8220000267028809,1.7999999523162842,1.7719999551773071,1.75,1.7300000190734863,1.7079999446868896,1.7079999446868896,1.6859999895095825,1.6640000343322754,1.6480000019073486,1.5260000228881836,1.5260000228881836,1.503999948501587,1.496000051498413,1.4700000286102295,inf,inf,1.437999963760376,1.437999963760376,1.437999963760376,1.437999963760376,1.437999963760376,1.4160000085830688,1.4160000085830688,1.4160000085830688,1.4160000085830688,...,0.0,0.0,47.0,47.0,47.0,47.0,47.0,47.0,47.0,47.0,0.0,0.0,0.0,0.0,0.0,0.0,0.0,0.0,0.0,0.0,0.0,0.0,0.0,0.0,0.0,0.0,0.0,0.0,0.0,0.0,0.0,0.0,0.0,0.0,0.0,0.0,0.0,0.0,0.0,0.0,0.0,0.0,0.0,0.0,0.0,0.0,0.0,0.0,0.0,0.0,0.0,0.0,0.0,0.0,0.0,0.0,0.0,0.0,0.0,0.0,0.0,0.0,0.0,0.0,0.0,0.0,0.0,0.0,0.0,0.0,0.0,0.0,0.0,0.0,0.0,0.0,0.0,0.0,0.0,0.0,0.0,0.0,0.0,0.0,0.0,0.0,0.0,0.0,0.0,0.0,0.0,0.0,0.0,0.0,0.0,0.0,0.0,0.0,0.0,0.0,0.0,0.0,0.0,0.0,0.0,0.0,0.0,0.0,0.0,0.0,0.0,0.0,0.0,0.0,0.0,0.0,0.0,0.0,0.0,0.0,0.0,0.0,0.0,0.0,0.0,0.0,0.0,0.0,...
1763031204,356626892,laser,-3.1241390705108643,3.1415927410125732,0.0034828970674425364,5.376268018153496e-05,0.09671906381845474,0.15000000596046448,16.0,inf,inf,inf,inf,inf,7.25600004196167,7.25600004196167,7.25600004196167,7.25600004196167,7.25600004196167,7.263999938964844,7.25600004196167,7.25600004196167,7.248000144958496,7.248000144958496,7.25600004196167,7.25600004196167,7.25600004196167,7.25600004196167,7.25600004196167,7.25600004196167,7.248000144958496,7.248000144958496,7.248000144958496,7.248000144958496,7.248000144958496,7.239999771118164,7.248000144958496,7.25600004196167,7.263999938964844,7.239999771118164,7.239999771118164,10.48799991607666,10.48799991607666,inf,inf,inf,inf,inf,inf,inf,inf,inf,inf,inf,inf,inf,inf,inf,inf,inf,3.884000062942505,3.884000062942505,3.884000062942505,3.884000062942505,3.884000062942505,3.7960000038146973,3.7960000038146973,3.7960000038146973,3.74399995803833,3.74399995803833,3.740000009536743,3.740000009536743,3.747999906539917,3.747999906539917,3.747999906539917,3.747999906539917,2.931999921798706,2.931999921798706,2.931999921798706,2.864000082015991,2.799999952316284,2.7360000610351562,2.671999931335449,2.628000020980835,2.572000026702881,2.5239999294281006,2.4079999923706055,2.4079999923706055,2.368000030517578,2.368000030517578,2.3320000171661377,2.299999952316284,2.187999963760376,2.187999963760376,2.180000066757202,2.135999917984009,2.1040000915527344,2.1040000915527344,2.0759999752044678,2.0439999103546143,2.002000093460083,1.9739999771118164,1.9479999542236328,1.909999966621399,1.8860000371932983,1.8700000047683716,1.8559999465942383,1.8459999561309814,1.8459999561309814,1.840000033378601,1.8259999752044678,1.809999942779541,1.7940000295639038,1.7719999551773071,1.75,1.7300000190734863,1.7120000123977661,1.7120000123977661,1.687999963760376,1.6640000343322754,1.6460000276565552,1.503999948501587,1.496000051498413,1.496000051498413,1.496000051498413,1.4819999933242798,1.465999960899353,1.465999960899353,1.4299999475479126,1.4299999475479126,1.4299999475479126,1.4299999475479126,1.399999976158142,1.399999976158142,1.399999976158142,1.3839999437332153,1.3839999437332153,...,0.0,47.0,47.0,47.0,47.0,47.0,47.0,47.0,47.0,47.0,47.0,47.0,47.0,0.0,0.0,0.0,0.0,0.0,47.0,47.0,47.0,47.0,47.0,0.0,0.0,0.0,0.0,0.0,0.0,0.0,0.0,0.0,0.0,0.0,0.0,0.0,0.0,0.0,0.0,0.0,0.0,0.0,0.0,0.0,0.0,0.0,0.0,0.0,0.0,0.0,0.0,0.0,0.0,0.0,0.0,0.0,0.0,0.0,0.0,0.0,0.0,0.0,0.0,0.0,0.0,0.0,0.0,0.0,0.0,0.0,0.0,0.0,0.0,0.0,0.0,0.0,0.0,0.0,0.0,0.0,0.0,0.0,0.0,0.0,0.0,0.0,0.0,0.0,0.0,0.0,0.0,0.0,0.0,0.0,0.0,0.0,0.0,0.0,0.0,0.0,0.0,0.0,0.0,0.0,0.0,0.0,0.0,0.0,0.0,0.0,0.0,0.0,0.0,0.0,0.0,0.0,0.0,0.0,0.0,0.0,0.0,0.0,0.0,0.0,0.0,47.0,47.0,47.0,...
1763031204,454380554,laser,-3.1241390705108643,3.1415927410125732,0.0034828970674425364,5.405466799857095e-05,0.09724434465169907,0.15000000596046448,16.0,inf,inf,inf,7.263999938964844,7.263999938964844,7.263999938964844,7.263999938964844,7.263999938964844,7.25600004196167,7.25600004196167,7.25600004196167,7.25600004196167,7.25600004196167,7.248000144958496,7.248000144958496,7.25600004196167,7.25600004196167,7.25600004196167,7.263999938964844,7.263999938964844,7.25600004196167,7.248000144958496,7.239999771118164,7.248000144958496,7.248000144958496,7.25600004196167,7.239999771118164,7.248000144958496,7.25600004196167,7.263999938964844,7.239999771118164,7.239999771118164,10.359999656677246,inf,inf,inf,inf,inf,inf,inf,inf,inf,inf,inf,4.711999893188477,4.711999893188477,4.711999893188477,4.711999893188477,4.711999893188477,inf,3.9639999866485596,3.9639999866485596,3.9639999866485596,3.9639999866485596,3.9639999866485596,3.868000030517578,3.868000030517578,3.868000030517578,3.7880001068115234,3.74399995803833,3.7320001125335693,3.7360000610351562,3.747999906539917,3.747999906539917,3.747999906539917,3.747999906539917,2.888000011444092,2.888000011444092,2.888000011444092,2.8440001010894775,2.8440001010894775,2.7960000038146973,2.7320001125335693,2.6600000858306885,2.615999937057495,2.568000078201294,2.503999948501587,2.503999948501587,2.3919999599456787,2.3919999599456787,2.3519999980926514,2.308000087738037,2.2799999713897705,2.191999912261963,2.191999912261963,2.171999931335449,2.131999969482422,2.0999999046325684,2.0999999046325684,2.055999994277954,2.0280001163482666,2.01200008392334,1.9859999418258667,1.9620000123977661,1.944000005722046,1.934000015258789,1.934000015258789,1.9220000505447388,1.906000018119812,1.8819999694824219,1.8619999885559082,1.8420000076293945,1.8179999589920044,1.7920000553131104,1.7680000066757202,1.7680000066757202,1.7259999513626099,1.7259999513626099,1.7059999704360962,1.6859999895095825,1.6640000343322754,1.6380000114440918,1.5140000581741333,1.5140000581741333,1.503999948501587,1.4919999837875366,1.4780000448226929,1.4780000448226929,inf,inf,inf,1.4119999408721924,1.4119999408721924,1.4119999408721924,1.4119999408721924,1.4119999408721924,1.399999976158142,1.399999976158142,...,47.0,47.0,47.0,47.0,47.0,47.0,47.0,47.0,47.0,47.0,0.0,0.0,0.0,0.0,0.0,0.0,0.0,0.0,0.0,47.0,47.0,47.0,47.0,47.0,0.0,0.0,0.0,0.0,0.0,0.0,0.0,0.0,0.0,0.0,0.0,0.0,0.0,0.0,0.0,0.0,0.0,0.0,0.0,0.0,0.0,0.0,0.0,0.0,0.0,0.0,0.0,0.0,0.0,0.0,0.0,0.0,0.0,0.0,0.0,0.0,0.0,0.0,0.0,0.0,0.0,0.0,0.0,0.0,0.0,0.0,0.0,0.0,0.0,0.0,0.0,0.0,0.0,0.0,0.0,0.0,0.0,0.0,0.0,0.0,0.0,0.0,0.0,0.0,0.0,0.0,0.0,0.0,0.0,0.0,0.0,0.0,0.0,0.0,0.0,0.0,0.0,0.0,0.0,0.0,0.0,0.0,0.0,0.0,0.0,0.0,0.0,0.0,0.0,0.0,0.0,0.0,0.0,0.0,0.0,0.0,0.0,0.0,0.0,0.0,0.0,0.0,0.0,0.0,...
1763031204,553148514,laser,-3.1241390705108643,3.1415927410125732,0.0034828970674425364,5.381639130064286e-05,0.09681568294763565,0.15000000596046448,16.0,inf,inf,inf,7.28000020980835,7.28000020980835,7.28000020980835,7.28000020980835,7.28000020980835,7.25600004196167,7.25600004196167,7.25600004196167,7.25600004196167,7.25600004196167,7.248000144958496,7.248000144958496,7.248000144958496,7.25600004196167,7.263999938964844,7.263999938964844,7.263999938964844,7.25600004196167,7.23199987411499,7.23199987411499,7.23199987411499,7.25600004196167,7.25600004196167,7.239999771118164,7.248000144958496,7.25600004196167,7.25600004196167,7.263999938964844,7.248000144958496,inf,inf,inf,inf,inf,inf,inf,inf,inf,inf,inf,inf,inf,inf,inf,inf,inf,inf,inf,inf,inf,inf,3.7679998874664307,3.7679998874664307,3.7679998874664307,3.7679998874664307,3.7679998874664307,3.747999906539917,3.740000009536743,3.7360000610351562,3.7360000610351562,3.74399995803833,3.752000093460083,3.752000093460083,2.880000114440918,2.880000114440918,2.880000114440918,2.828000068664551,2.828000068664551,2.7679998874664307,2.700000047683716,2.6440000534057617,2.5920000076293945,2.5920000076293945,2.5320000648498535,2.48799991607666,2.444000005722046,2.384000062942505,2.328000068664551,2.2920000553131104,2.2679998874664307,2.240000009536743,2.240000009536743,2.1600000858306885,2.1600000858306885,2.115999937057495,2.0840001106262207,2.0480000972747803,2.0280001163482666,2.01200008392334,1.9880000352859497,1.965999960899353,1.9559999704360962,1.9559999704360962,1.9459999799728394,1.9279999732971191,1.9079999923706055,1.8799999952316284,1.8580000400543213,1.8359999656677246,1.809999942779541,1.784000039100647,1.784000039100647,1.7580000162124634,1.7380000352859497,1.718000054359436,1.7020000219345093,1.684000015258789,1.659999966621399,1.5119999647140503,1.5,1.5,1.5,1.5,1.4859999418258667,1.4759999513626099,inf,inf,inf,1.4040000438690186,1.4040000438690186,1.4040000438690186,1.4040000438690186,1.4040000438690186,1.3940000534057617,1.3940000534057617,...,0.0,47.0,47.0,47.0,47.0,47.0,47.0,47.0,47.0,47.0,47.0,0.0,0.0,0.0,0.0,0.0,0.0,0.0,0.0,0.0,0.0,0.0,0.0,0.0,0.0,0.0,0.0,0.0,0.0,0.0,0.0,0.0,0.0,0.0,0.0,0.0,0.0,0.0,0.0,0.0,0.0,0.0,0.0,0.0,0.0,0.0,0.0,0.0,0.0,0.0,0.0,0.0,0.0,0.0,0.0,0.0,0.0,0.0,0.0,0.0,0.0,0.0,0.0,0.0,0.0,0.0,0.0,0.0,0.0,0.0,47.0,47.0,47.0,47.0,47.0,0.0,0.0,0.0,0.0,0.0,0.0,0.0,0.0,0.0,0.0,0.0,0.0,0.0,0.0,0.0,0.0,47.0,47.0,47.0,47.0,47.0,0.0,0.0,0.0,0.0,0.0,0.0,0.0,0.0,0.0,0.0,0.0,0.0,0.0,0.0,0.0,0.0,0.0,0.0,0.0,0.0,0.0,0.0,0.0,0.0,0.0,0.0,0.0,0.0,47.0,47.0,47.0,47.0,...
1763031204,651134684,laser,-3.1241390705108643,3.1415927410125732,0.0034828970674425364,5.392127059167251e-05,0.09700436145067215,0.15000000596046448,16.0,inf,inf,inf,7.28000020980835,7.28000020980835,7.28000020980835,7.28000020980835,7.28000020980835,7.263999938964844,7.263999938964844,7.25600004196167,7.248000144958496,7.248000144958496,7.248000144958496,7.248000144958496,7.248000144958496,7.25600004196167,7.25600004196167,7.25600004196167,7.25600004196167,7.25600004196167,7.248000144958496,7.23199987411499,7.23199987411499,7.248000144958496,7.239999771118164,7.239999771118164,7.239999771118164,7.25600004196167,7.271999835968018,7.263999938964844,10.423999786376953,inf,inf,inf,inf,inf,inf,inf,inf,inf,inf,inf,inf,inf,inf,inf,inf,inf,inf,3.9719998836517334,3.9719998836517334,3.9719998836517334,3.9719998836517334,3.9719998836517334,3.875999927520752,3.875999927520752,3.7920000553131104,3.7920000553131104,3.74399995803833,3.740000009536743,3.74399995803833,3.74399995803833,3.747999906539917,3.747999906539917,3.747999906539917,2.931999921798706,2.931999921798706,2.871999979019165,2.871999979019165,2.871999979019165,2.803999900817871,2.7320001125335693,2.6640000343322754,2.615999937057495,2.568000078201294,2.5199999809265137,2.5199999809265137,2.371999979019165,2.371999979019165,2.371999979019165,2.328000068664551,2.299999952316284,2.180000066757202,2.180000066757202,2.180000066757202,2.135999917984009,2.0999999046325684,2.0999999046325684,2.068000078201294,2.0360000133514404,2.002000093460083,1.9780000448226929,1.9479999542236328,1.9079999923706055,1.8819999694824219,1.8700000047683716,1.850000023841858,1.8339999914169312,1.8339999914169312,1.8320000171661377,1.8240000009536743,1.812000036239624,1.7899999618530273,1.7660000324249268,1.7480000257492065,1.7319999933242798,1.7100000381469727,1.7100000381469727,1.684000015258789,1.6640000343322754,1.6440000534057617,1.5180000066757202,1.5180000066757202,1.503999948501587,1.4900000095367432,1.4800000190734863,1.468000054359436,inf,inf,inf,inf,inf,inf,1.399999976158142,1.399999976158142,1.399999976158142,1.399999976158142,...,0.0,47.0,47.0,47.0,47.0,47.0,47.0,47.0,47.0,47.0,47.0,0.0,0.0,0.0,0.0,0.0,0.0,0.0,0.0,0.0,0.0,0.0,0.0,0.0,0.0,0.0,0.0,0.0,0.0,0.0,0.0,0.0,0.0,0.0,0.0,0.0,0.0,0.0,0.0,0.0,0.0,0.0,0.0,0.0,0.0,0.0,0.0,0.0,0.0,0.0,0.0,0.0,0.0,0.0,0.0,0.0,0.0,0.0,0.0,0.0,0.0,0.0,0.0,0.0,0.0,0.0,0.0,0.0,0.0,0.0,47.0,47.0,47.0,47.0,47.0,0.0,0.0,0.0,0.0,0.0,0.0,0.0,0.0,0.0,0.0,0.0,0.0,0.0,0.0,0.0,0.0,47.0,47.0,47.0,47.0,47.0,0.0,0.0,0.0,0.0,0.0,0.0,0.0,0.0,0.0,0.0,0.0,0.0,0.0,0.0,0.0,0.0,0.0,0.0,0.0,0.0,0.0,0.0,0.0,0.0,0.0,0.0,0.0,0.0,0.0,0.0,0.0,0.0,...
1763031204,749835598,laser,-3.1241390705108643,3.1415927410125732,0.0034828970674425364,5.369139034883119e-05,0.0965908095240593,0.15000000596046448,16.0,8.687999725341797,inf,7.263999938964844,7.263999938964844,7.263999938964844,7.263999938964844,7.263999938964844,7.263999938964844,7.263999938964844,7.263999938964844,7.263999938964844,7.25600004196167,7.25600004196167,7.25600004196167,7.25600004196167,7.25600004196167,7.25600004196167,7.263999938964844,7.263999938964844,7.263999938964844,7.25600004196167,7.248000144958496,7.248000144958496,7.248000144958496,7.25600004196167,7.25600004196167,7.248000144958496,7.248000144958496,7.263999938964844,7.271999835968018,7.271999835968018,7.248000144958496,10.423999786376953,10.423999786376953,inf,inf,inf,inf,inf,inf,inf,inf,inf,inf,inf,inf,inf,inf,inf,4.0879998207092285,4.0879998207092285,4.0879998207092285,4.0879998207092285,4.0879998207092285,3.9679999351501465,3.9679999351501465,3.9679999351501465,3.759999990463257,3.747999906539917,3.747999906539917,3.7360000610351562,3.7360000610351562,3.7360000610351562,3.74399995803833,3.752000093460083,3.75600004196167,2.884000062942505,2.884000062942505,2.8320000171661377,2.8320000171661377,2.8320000171661377,2.7799999713897705,2.7799999713897705,2.6480000019073486,2.6480000019073486,2.615999937057495,2.492000102996826,2.492000102996826,2.447999954223633,2.388000011444092,2.3359999656677246,2.2920000553131104,2.2720000743865967,2.2720000743865967,2.24399995803833,2.200000047683716,2.1600000858306885,2.111999988555908,2.0840001106262207,2.058000087738037,2.0260000228881836,2.0,1.9700000286102295,1.9420000314712524,1.9420000314712524,1.9160000085830688,1.8980000019073486,1.8919999599456787,1.8819999694824219,1.8639999628067017,1.850000023841858,1.8320000171661377,1.812000036239624,1.812000036239624,1.7860000133514404,1.7619999647140503,1.7419999837875366,1.718000054359436,1.7020000219345093,1.684000015258789,1.659999966621399,1.6239999532699585,1.5080000162124634,1.5080000162124634,1.4980000257492065,1.4980000257492065,1.4859999418258667,1.4739999771118164,inf,inf,inf,inf,inf,1.406000018119812,1.406000018119812,1.406000018119812,1.406000018119812,1.406000018119812,...,0.0,0.0,47.0,47.0,47.0,47.0,47.0,47.0,47.0,47.0,47.0,0.0,0.0,0.0,0.0,0.0,0.0,0.0,0.0,0.0,0.0,0.0,0.0,0.0,0.0,0.0,0.0,0.0,0.0,0.0,0.0,0.0,0.0,0.0,0.0,0.0,0.0,0.0,0.0,0.0,0.0,0.0,0.0,0.0,0.0,0.0,0.0,0.0,0.0,0.0,0.0,0.0,0.0,0.0,0.0,0.0,0.0,0.0,0.0,0.0,0.0,0.0,0.0,0.0,0.0,0.0,0.0,47.0,47.0,47.0,47.0,47.0,0.0,0.0,0.0,0.0,0.0,0.0,0.0,0.0,0.0,0.0,0.0,0.0,0.0,0.0,0.0,0.0,0.0,0.0,0.0,0.0,0.0,0.0,0.0,0.0,0.0,0.0,0.0,0.0,0.0,0.0,0.0,0.0,0.0,0.0,0.0,0.0,0.0,0.0,0.0,0.0,0.0,0.0,0.0,0.0,0.0,0.0,0.0,0.0,0.0,0.0,0.0,0.0,0.0,0.0,0.0,0.0,...
1763031204,847982609,laser,-3.1241390705108643,3.1415927410125732,0.0034828970674425364,5.713744758395478e-05,0.10279026627540588,0.15000000596046448,16.0,inf,inf,7.28000020980835,7.28000020980835,7.28000020980835,7.28000020980835,7.28000020980835,7.263999938964844,7.263999938964844,7.263999938964844,7.25600004196167,7.248000144958496,7.25600004196167,7.25600004196167,7.248000144958496,7.248000144958496,7.25600004196167,7.25600004196167,7.25600004196167,7.263999938964844,7.263999938964844,7.263999938964844,7.239999771118164,7.239999771118164,7.25600004196167,7.248000144958496,7.248000144958496,7.248000144958496,7.248000144958496,7.25600004196167,7.263999938964844,10.543999671936035,10.543999671936035,10.543999671936035,inf,inf,inf,inf,inf,inf,inf,inf,inf,inf,inf,inf,inf,inf,inf,inf,inf,inf,inf,3.7639999389648438,3.7639999389648438,3.7639999389648438,3.7639999389648438,3.7639999389648438,3.74399995803833,3.74399995803833,3.7360000610351562,3.7360000610351562,3.7360000610351562,3.747999906539917,3.752000093460083,3.75600004196167,2.884000062942505,2.884000062942505,2.8320000171661377,2.8320000171661377,2.8320000171661377,2.7720000743865967,2.7720000743865967,2.6480000019073486,2.6480000019073486,2.5999999046325684,2.5439999103546143,2.492000102996826,2.444000005722046,2.384000062942505,2.3399999141693115,2.303999900817871,2.303999900817871,2.2720000743865967,2.24399995803833,2.200000047683716,2.1600000858306885,2.111999988555908,2.0840001106262207,2.055999994277954,2.0260000228881836,2.0,1.9839999675750732,1.9839999675750732,1.9759999513626099,1.9620000123977661,1.9520000219345093,1.9320000410079956,1.909999966621399,1.8839999437332153,1.8559999465942383,1.8339999914169312,1.8339999914169312,1.812000036239624,1.7860000133514404,1.7619999647140503,1.7400000095367432,1.718000054359436,1.7020000219345093,1.6799999475479126,1.656000018119812,1.656000018119812,1.5099999904632568,1.5099999904632568,1.5,1.5,1.4859999418258667,1.4739999771118164,inf,inf,inf,inf,inf,1.406000018119812,1.406000018119812,1.406000018119812,1.406000018119812,1.406000018119812,...,0.0,47.0,47.0,47.0,47.0,47.0,47.0,47.0,47.0,47.0,47.0,47.0,0.0,0.0,0.0,0.0,0.0,0.0,0.0,0.0,0.0,0.0,0.0,0.0,0.0,0.0,0.0,0.0,0.0,0.0,0.0,0.0,0.0,0.0,0.0,0.0,0.0,0.0,0.0,0.0,0.0,0.0,0.0,0.0,0.0,0.0,0.0,0.0,0.0,0.0,0.0,0.0,0.0,0.0,0.0,0.0,0.0,0.0,0.0,0.0,0.0,0.0,0.0,0.0,0.0,0.0,0.0,0.0,0.0,0.0,0.0,0.0,0.0,0.0,0.0,0.0,0.0,0.0,0.0,0.0,0.0,0.0,0.0,0.0,0.0,0.0,0.0,0.0,0.0,47.0,47.0,47.0,47.0,47.0,0.0,0.0,0.0,0.0,0.0,0.0,0.0,0.0,0.0,0.0,0.0,0.0,0.0,0.0,0.0,0.0,0.0,0.0,0.0,0.0,0.0,0.0,0.0,0.0,0.0,0.0,0.0,0.0,0.0,0.0,0.0,47.0,47.0,47.0,...
1763031204,952129688,laser,-3.1241390705108643,3.1415927410125732,0.0034828970674425364,5.385295662563294e-05,0.09688147157430649,0.15000000596046448,16.0,inf,inf,7.288000106811523,7.288000106811523,7.288000106811523,7.288000106811523,7.288000106811523,7.263999938964844,7.263999938964844,7.263999938964844,7.25600004196167,7.248000144958496,7.248000144958496,7.25600004196167,7.248000144958496,7.248000144958496,7.25600004196167,7.25600004196167,7.25600004196167,7.25600004196167,7.263999938964844,7.263999938964844,7.239999771118164,7.23199987411499,7.248000144958496,7.248000144958496,7.248000144958496,7.248000144958496,7.248000144958496,7.263999938964844,7.263999938964844,inf,inf,inf,inf,inf,inf,inf,inf,inf,inf,inf,inf,inf,inf,inf,inf,inf,inf,inf,inf,inf,inf,3.7639999389648438,3.7639999389648438,3.7639999389648438,3.7639999389648438,3.7639999389648438,3.740000009536743,3.740000009536743,3.740000009536743,3.7320001125335693,3.740000009536743,3.747999906539917,3.752000093460083,3.75600004196167,2.884000062942505,2.884000062942505,2.8320000171661377,2.8320000171661377,2.8320000171661377,2.8320000171661377,2.7799999713897705,2.7160000801086426,2.6519999504089355,2.5999999046325684,2.5439999103546143,2.492000102996826,2.444000005722046,2.388000011444092,2.3440001010894775,2.299999952316284,2.299999952316284,2.2720000743865967,2.24399995803833,2.200000047683716,2.1600000858306885,2.111999988555908,2.0840001106262207,2.055999994277954,2.0160000324249268,1.9880000352859497,1.9700000286102295,1.9700000286102295,1.937999963760376,1.906000018119812,1.8839999437332153,1.8739999532699585,1.8680000305175781,1.850000023841858,1.8380000591278076,1.8220000267028809,1.8220000267028809,1.8040000200271606,1.7860000133514404,1.7619999647140503,1.7380000352859497,1.715999960899353,1.6979999542236328,1.6759999990463257,1.6579999923706055,1.6579999923706055,1.5160000324249268,1.5160000324249268,1.5160000324249268,1.4980000257492065,1.4859999418258667,1.4739999771118164,inf,inf,inf,inf,inf,1.406000018119812,1.406000018119812,1.406000018119812,1.406000018119812,1.406000018119812,...,0.0,47.0,47.0,47.0,47.0,47.0,47.0,47.0,47.0,47.0,47.0,47.0,0.0,0.0,0.0,0.0,0.0,0.0,0.0,0.0,0.0,0.0,0.0,0.0,0.0,0.0,0.0,0.0,0.0,0.0,0.0,0.0,0.0,0.0,0.0,0.0,0.0,0.0,0.0,0.0,0.0,0.0,0.0,0.0,0.0,0.0,0.0,0.0,0.0,0.0,0.0,0.0,0.0,0.0,0.0,0.0,0.0,0.0,0.0,0.0,0.0,0.0,0.0,0.0,0.0,0.0,0.0,0.0,0.0,0.0,0.0,0.0,0.0,0.0,0.0,0.0,0.0,0.0,0.0,0.0,0.0,0.0,0.0,0.0,0.0,0.0,0.0,0.0,0.0,0.0,0.0,0.0,0.0,0.0,0.0,0.0,0.0,0.0,0.0,0.0,0.0,0.0,0.0,0.0,0.0,0.0,0.0,0.0,0.0,0.0,0.0,0.0,0.0,0.0,0.0,0.0,0.0,0.0,0.0,0.0,0.0,0.0,0.0,0.0,0.0,0.0,0.0,0.0,...
1763031205,50494216,laser,-3.1241390705108643,3.1415927410125732,0.0034828970674425364,5.380445145419799e-05,0.09679421037435532,0.15000000596046448,16.0,inf,inf,7.28000020980835,7.28000020980835,7.28000020980835,7.28000020980835,7.28000020980835,7.263999938964844,7.263999938964844,7.263999938964844,7.25600004196167,7.248000144958496,7.248000144958496,7.25600004196167,7.248000144958496,7.248000144958496,7.25600004196167,7.25600004196167,7.25600004196167,7.25600004196167,7.25600004196167,7.263999938964844,7.239999771118164,7.23199987411499,7.248000144958496,7.239999771118164,7.239999771118164,7.239999771118164,7.248000144958496,7.263999938964844,7.263999938964844,10.527999877929688,10.527999877929688,10.527999877929688,inf,inf,inf,inf,inf,inf,inf,inf,inf,inf,4.71999979019165,4.71999979019165,4.71999979019165,4.71999979019165,4.71999979019165,inf,inf,inf,inf,inf,3.7799999713897705,3.7799999713897705,3.7799999713897705,3.7799999713897705,3.7799999713897705,3.740000009536743,3.7360000610351562,3.740000009536743,3.74399995803833,3.747999906539917,3.747999906539917,3.747999906539917,2.9119999408721924,2.9119999408721924,2.8480000495910645,2.8480000495910645,2.8480000495910645,2.7920000553131104,2.7200000286102295,2.6559998989105225,2.615999937057495,2.568000078201294,2.51200008392334,2.4560000896453857,2.388000011444092,2.3519999980926514,2.3519999980926514,2.319999933242798,2.2960000038146973,2.171999931335449,2.171999931335449,2.1600000858306885,2.124000072479248,2.0959999561309814,2.0959999561309814,2.055999994277954,2.0239999294281006,1.9980000257492065,1.9700000286102295,1.940000057220459,1.9040000438690186,1.8799999952316284,1.8680000305175781,1.8480000495910645,1.8320000171661377,1.8320000171661377,1.8300000429153442,1.8179999589920044,1.805999994277954,1.7879999876022339,1.7619999647140503,1.746000051498413,1.7259999513626099,1.7039999961853027,1.7039999961853027,1.684000015258789,1.6619999408721924,1.6440000534057617,1.5219999551773071,1.5219999551773071,1.503999948501587,1.4900000095367432,1.4739999771118164,inf,inf,inf,1.4140000343322754,1.4140000343322754,1.4140000343322754,1.4140000343322754,1.4140000343322754,1.399999976158142,1.399999976158142,1.399999976158142,...,0.0,47.0,47.0,47.0,47.0,47.0,47.0,47.0,47.0,47.0,47.0,47.0,0.0,0.0,0.0,0.0,0.0,0.0,0.0,0.0,0.0,0.0,0.0,0.0,0.0,0.0,0.0,0.0,0.0,0.0,0.0,0.0,0.0,0.0,0.0,0.0,0.0,0.0,0.0,0.0,0.0,0.0,0.0,0.0,0.0,0.0,0.0,0.0,0.0,0.0,0.0,0.0,0.0,0.0,0.0,0.0,0.0,0.0,0.0,0.0,0.0,0.0,0.0,0.0,0.0,0.0,0.0,0.0,0.0,0.0,0.0,0.0,0.0,0.0,0.0,0.0,0.0,0.0,0.0,0.0,0.0,0.0,0.0,0.0,0.0,0.0,0.0,0.0,0.0,47.0,47.0,47.0,47.0,47.0,0.0,0.0,0.0,0.0,0.0,0.0,0.0,0.0,0.0,0.0,0.0,0.0,0.0,0.0,0.0,0.0,0.0,0.0,0.0,0.0,0.0,0.0,0.0,0.0,0.0,0.0,0.0,0.0,0.0,0.0,0.0,0.0,0.0,0.0,...
1763031205,149009754,laser,-3.1241390705108643,3.1415927410125732,0.0034828970674425364,5.36686675332021e-05,0.09654992818832397,0.15000000596046448,16.0,8.616000175476074,inf,7.28000020980835,7.28000020980835,7.28000020980835,7.28000020980835,7.28000020980835,7.263999938964844,7.263999938964844,7.263999938964844,7.25600004196167,7.248000144958496,7.25600004196167,7.248000144958496,7.248000144958496,7.248000144958496,7.25600004196167,7.248000144958496,7.25600004196167,7.263999938964844,7.25600004196167,7.239999771118164,7.239999771118164,7.239999771118164,7.25600004196167,7.25600004196167,7.239999771118164,7.248000144958496,7.263999938964844,7.271999835968018,7.271999835968018,7.271999835968018,inf,inf,inf,inf,inf,inf,inf,inf,inf,inf,inf,inf,inf,inf,inf,inf,inf,inf,3.880000114440918,3.880000114440918,3.880000114440918,3.880000114440918,3.880000114440918,3.7920000553131104,3.7920000553131104,3.7920000553131104,3.74399995803833,3.740000009536743,3.740000009536743,3.7360000610351562,3.74399995803833,3.747999906539917,3.752000093460083,3.752000093460083,2.944000005722046,2.944000005722046,2.884000062942505,2.884000062942505,2.884000062942505,2.74399995803833,2.687999963760376,2.687999963760376,2.628000020980835,2.568000078201294,2.5239999294281006,2.4800000190734863,2.4240000247955322,2.371999979019165,2.3359999656677246,2.299999952316284,2.299999952316284,2.2039999961853027,2.2039999961853027,2.187999963760376,2.135999917984009,2.1040000915527344,2.0840001106262207,2.055999994277954,2.0179998874664307,1.9900000095367432,1.9700000286102295,1.9700000286102295,1.9479999542236328,1.9320000410079956,1.9240000247955322,1.9119999408721924,1.8960000276565552,1.8739999532699585,1.8480000495910645,1.8279999494552612,1.8279999494552612,1.8040000200271606,1.777999997138977,1.75600004196167,1.7339999675750732,1.7120000123977661,1.6920000314712524,1.6679999828338623,1.6679999828338623,1.6480000019073486,1.531999945640564,1.5080000162124634,1.5080000162124634,1.4980000257492065,1.4859999418258667,inf,inf,inf,inf,inf,inf,1.4040000438690186,1.4040000438690186,1.4040000438690186,1.4040000438690186,1.4040000438690186,...,0.0,47.0,47.0,47.0,47.0,47.0,47.0,47.0,47.0,47.0,47.0,0.0,0.0,0.0,0.0,0.0,0.0,0.0,0.0,0.0,0.0,0.0,0.0,0.0,0.0,0.0,0.0,0.0,0.0,0.0,0.0,0.0,0.0,0.0,0.0,0.0,0.0,0.0,0.0,0.0,0.0,0.0,0.0,0.0,0.0,0.0,0.0,0.0,0.0,0.0,0.0,0.0,0.0,0.0,0.0,0.0,0.0,0.0,0.0,0.0,0.0,0.0,0.0,0.0,0.0,0.0,0.0,0.0,0.0,0.0,0.0,0.0,0.0,0.0,0.0,0.0,0.0,0.0,0.0,0.0,0.0,0.0,0.0,0.0,0.0,0.0,0.0,0.0,0.0,0.0,0.0,47.0,47.0,47.0,47.0,47.0,0.0,0.0,0.0,0.0,0.0,0.0,0.0,0.0,0.0,0.0,0.0,0.0,0.0,0.0,0.0,0.0,0.0,0.0,0.0,0.0,0.0,0.0,0.0,0.0,0.0,0.0,0.0,47.0,47.0,47.0,47.0,47.0,...
1763031205,247062456,laser,-3.1241390705108643,3.1415927410125732,0.0034828970674425364,5.377638080972247e-05,0.09674371033906937,0.15000000596046448,16.0,8.711999893188477,inf,7.263999938964844,7.263999938964844,7.263999938964844,7.263999938964844,7.263999938964844,7.263999938964844,7.263999938964844,7.263999938964844,7.263999938964844,7.25600004196167,7.25600004196167,7.25600004196167,7.25600004196167,7.25600004196167,7.25600004196167,7.25600004196167,7.263999938964844,7.263999938964844,7.25600004196167,7.25600004196167,7.248000144958496,7.25600004196167,7.25600004196167,7.25600004196167,7.248000144958496,7.248000144958496,7.263999938964844,7.271999835968018,7.248000144958496,7.248000144958496,10.392000198364258,10.392000198364258,inf,inf,inf,inf,inf,inf,inf,inf,inf,inf,inf,inf,inf,inf,inf,inf,inf,3.871999979019165,3.871999979019165,3.871999979019165,3.871999979019165,3.871999979019165,3.7839999198913574,3.7839999198913574,3.7839999198913574,3.74399995803833,3.7360000610351562,3.740000009536743,3.747999906539917,3.747999906539917,3.747999906539917,3.747999906539917,2.940000057220459,2.940000057220459,2.940000057220459,2.940000057220459,2.864000082015991,2.7960000038146973,2.7279999256134033,2.6640000343322754,2.615999937057495,2.568000078201294,2.51200008392334,2.51200008392334,2.4679999351501465,2.4200000762939453,2.371999979019165,2.3239998817443848,2.299999952316284,2.187999963760376,2.187999963760376,2.184000015258789,2.131999969482422,2.1040000915527344,2.0759999752044678,2.0759999752044678,2.0439999103546143,2.0160000324249268,1.9839999675750732,1.9520000219345093,1.9259999990463257,1.909999966621399,1.906000018119812,1.8940000534057617,1.8940000534057617,1.8680000305175781,1.8680000305175781,1.8420000076293945,1.8220000267028809,1.8040000200271606,1.7760000228881836,1.7519999742507935,1.7300000190734863,1.7100000381469727,1.690000057220459,1.690000057220459,1.6679999828338623,1.6460000276565552,1.5299999713897705,1.5080000162124634,1.5080000162124634,1.496000051498413,1.4839999675750732,1.465999960899353,1.4320000410079956,1.4320000410079956,1.4320000410079956,1.4320000410079956,1.4320000410079956,1.4019999504089355,1.4019999504089355,1.4019999504089355,1.3880000114440918,1.3880000114440918,...,0.0,0.0,47.0,47.0,47.0,47.0,47.0,47.0,47.0,47.0,47.0,47.0,47.0,47.0,0.0,0.0,0.0,0.0,0.0,0.0,0.0,0.0,0.0,0.0,0.0,0.0,0.0,0.0,0.0,0.0,0.0,0.0,0.0,0.0,0.0,0.0,0.0,0.0,0.0,0.0,0.0,0.0,0.0,0.0,0.0,0.0,0.0,0.0,0.0,0.0,0.0,0.0,0.0,0.0,0.0,0.0,0.0,0.0,0.0,0.0,0.0,0.0,0.0,0.0,0.0,0.0,0.0,0.0,0.0,0.0,0.0,0.0,0.0,0.0,0.0,0.0,0.0,0.0,0.0,0.0,0.0,0.0,0.0,0.0,0.0,0.0,0.0,0.0,0.0,0.0,0.0,0.0,0.0,0.0,0.0,0.0,0.0,0.0,0.0,0.0,0.0,0.0,0.0,0.0,0.0,47.0,47.0,47.0,47.0,47.0,0.0,0.0,0.0,0.0,0.0,0.0,0.0,0.0,0.0,0.0,0.0,0.0,0.0,47.0,47.0,47.0,47.0,47.0,...
1763031205,345204303,laser,-3.1241390705108643,3.1415927410125732,0.0034828970674425364,5.387765486375429e-05,0.09692589938640594,0.15000000596046448,16.0,8.711999893188477,inf,inf,inf,7.28000020980835,7.28000020980835,7.28000020980835,7.28000020980835,7.28000020980835,7.25600004196167,7.25600004196167,7.248000144958496,7.25600004196167,7.248000144958496,7.248000144958496,7.239999771118164,7.25600004196167,7.248000144958496,7.25600004196167,7.263999938964844,7.25600004196167,7.239999771118164,7.239999771118164,7.239999771118164,7.25600004196167,7.248000144958496,7.239999771118164,7.248000144958496,7.25600004196167,7.25600004196167,7.263999938964844,7.239999771118164,10.416000366210938,inf,inf,inf,inf,inf,inf,inf,inf,inf,inf,inf,inf,inf,inf,inf,inf,inf,inf,inf,inf,3.7960000038146973,3.7960000038146973,3.7960000038146973,3.7960000038146973,3.7960000038146973,3.74399995803833,3.74399995803833,3.740000009536743,3.7360000610351562,3.74399995803833,3.747999906539917,3.752000093460083,3.752000093460083,3.752000093460083,2.940000057220459,2.880000114440918,2.880000114440918,2.880000114440918,2.8239998817443848,2.6760001182556152,2.6760001182556152,2.628000020980835,2.5799999237060547,2.5399999618530273,2.48799991607666,2.4240000247955322,2.371999979019165,2.3359999656677246,2.3359999656677246,2.2960000038146973,2.2039999961853027,2.2039999961853027,2.187999963760376,2.140000104904175,2.1040000915527344,2.0840001106262207,2.049999952316284,2.049999952316284,1.9800000190734863,1.9800000190734863,1.9559999704360962,1.9220000505447388,1.8980000019073486,1.871999979019165,1.8539999723434448,1.843999981880188,1.8339999914169312,1.8259999752044678,1.8259999752044678,1.812000036239624,1.7960000038146973,1.777999997138977,1.75600004196167,1.7380000352859497,1.715999960899353,1.694000005722046,1.6740000247955322,1.6519999504089355,1.6519999504089355,1.5080000162124634,1.5080000162124634,1.5080000162124634,1.4980000257492065,1.4839999675750732,inf,inf,inf,inf,inf,inf,1.4040000438690186,1.4040000438690186,1.4040000438690186,1.4040000438690186,1.4040000438690186,...,0.0,47.0,47.0,47.0,47.0,47.0,47.0,47.0,47.0,47.0,47.0,47.0,47.0,47.0,47.0,47.0,47.0,0.0,0.0,47.0,47.0,47.0,47.0,47.0,0.0,0.0,0.0,0.0,0.0,0.0,0.0,0.0,0.0,0.0,0.0,0.0,0.0,0.0,0.0,0.0,0.0,0.0,0.0,0.0,0.0,0.0,0.0,0.0,0.0,0.0,0.0,0.0,0.0,0.0,0.0,0.0,0.0,0.0,0.0,0.0,0.0,0.0,0.0,0.0,0.0,0.0,0.0,0.0,0.0,47.0,47.0,47.0,47.0,47.0,0.0,0.0,0.0,0.0,0.0,0.0,0.0,0.0,0.0,0.0,0.0,0.0,0.0,0.0,0.0,0.0,47.0,47.0,47.0,47.0,47.0,0.0,0.0,0.0,0.0,0.0,0.0,0.0,0.0,0.0,0.0,0.0,0.0,0.0,0.0,0.0,0.0,0.0,0.0,0.0,0.0,0.0,0.0,0.0,0.0,0.0,0.0,0.0,0.0,0.0,0.0,0.0,47.0,47.0,...
1763031205,444087105,laser,-3.1241390705108643,3.1415927410125732,0.0034828970674425364,5.690467150998302e-05,0.10237149894237518,0.15000000596046448,16.0,8.600000381469727,inf,7.288000106811523,7.288000106811523,7.288000106811523,7.288000106811523,7.288000106811523,7.263999938964844,7.263999938964844,7.263999938964844,7.263999938964844,7.25600004196167,7.248000144958496,7.248000144958496,7.248000144958496,7.248000144958496,7.248000144958496,7.25600004196167,7.263999938964844,7.263999938964844,7.25600004196167,7.248000144958496,7.239999771118164,7.239999771118164,7.25600004196167,7.25600004196167,7.248000144958496,7.248000144958496,7.25600004196167,7.271999835968018,7.271999835968018,7.248000144958496,10.295999526977539,10.295999526977539,inf,inf,inf,inf,inf,inf,inf,inf,inf,inf,inf,inf,inf,inf,inf,inf,inf,3.884000062942505,3.884000062942505,3.884000062942505,3.884000062942505,3.884000062942505,3.7960000038146973,3.7960000038146973,3.747999906539917,3.747999906539917,3.740000009536743,3.7360000610351562,3.74399995803833,3.747999906539917,3.752000093460083,3.752000093460083,3.752000093460083,2.940000057220459,2.940000057220459,2.880000114440918,2.880000114440918,2.8239998817443848,2.6760001182556152,2.628000020980835,2.628000020980835,2.5799999237060547,2.5360000133514404,2.4839999675750732,2.4200000762939453,2.371999979019165,2.371999979019165,2.3359999656677246,2.299999952316284,2.2039999961853027,2.2039999961853027,2.187999963760376,2.140000104904175,2.1040000915527344,2.072000026702881,2.0439999103546143,2.01200008392334,2.01200008392334,1.9800000190734863,1.9559999704360962,1.9279999732971191,1.909999966621399,1.899999976158142,1.8899999856948853,1.8819999694824219,1.8660000562667847,1.8660000562667847,1.8420000076293945,1.8259999752044678,1.8040000200271606,1.777999997138977,1.75600004196167,1.7339999675750732,1.7100000381469727,1.694000005722046,1.6740000247955322,1.6740000247955322,1.6519999504089355,1.5379999876022339,1.5080000162124634,1.5080000162124634,1.496000051498413,1.4859999418258667,inf,inf,inf,inf,1.4019999504089355,1.4019999504089355,1.4019999504089355,1.4019999504089355,1.4019999504089355,1.3919999599456787,1.3919999599456787,...,0.0,0.0,47.0,47.0,47.0,47.0,47.0,47.0,47.0,47.0,47.0,0.0,0.0,0.0,0.0,0.0,0.0,0.0,0.0,0.0,0.0,0.0,0.0,0.0,0.0,0.0,0.0,0.0,0.0,0.0,0.0,0.0,0.0,0.0,0.0,0.0,0.0,0.0,0.0,0.0,0.0,0.0,0.0,0.0,0.0,0.0,0.0,0.0,0.0,0.0,0.0,0.0,0.0,0.0,0.0,0.0,0.0,0.0,0.0,0.0,0.0,0.0,0.0,0.0,0.0,0.0,0.0,0.0,0.0,0.0,0.0,0.0,0.0,0.0,0.0,0.0,0.0,0.0,0.0,0.0,0.0,0.0,0.0,0.0,0.0,0.0,0.0,0.0,0.0,0.0,0.0,47.0,47.0,47.0,47.0,47.0,0.0,0.0,0.0,0.0,0.0,0.0,0.0,0.0,0.0,0.0,0.0,0.0,0.0,0.0,0.0,0.0,0.0,0.0,0.0,0.0,0.0,0.0,0.0,0.0,0.0,0.0,0.0,47.0,47.0,47.0,47.0,47.0,...
1763031205,548086424,laser,-3.1241390705108643,3.1415927410125732,0.0034828970674425364,5.3731040679849684e-05,0.09666214138269424,0.15000000596046448,16.0,8.67199993133545,inf,inf,inf,7.271999835968018,7.271999835968018,7.271999835968018,7.271999835968018,7.271999835968018,7.263999938964844,7.263999938964844,7.25600004196167,7.248000144958496,7.248000144958496,7.248000144958496,7.248000144958496,7.248000144958496,7.25600004196167,7.263999938964844,7.263999938964844,7.25600004196167,7.248000144958496,7.239999771118164,7.239999771118164,7.248000144958496,7.248000144958496,7.239999771118164,7.248000144958496,7.25600004196167,7.271999835968018,7.271999835968018,7.248000144958496,10.392000198364258,inf,inf,inf,inf,inf,inf,inf,inf,inf,inf,inf,inf,inf,inf,inf,inf,inf,inf,3.884000062942505,3.884000062942505,3.884000062942505,3.884000062942505,3.884000062942505,3.803999900817871,3.803999900817871,3.752000093460083,3.740000009536743,3.740000009536743,3.740000009536743,3.74399995803833,3.752000093460083,3.752000093460083,3.752000093460083,2.940000057220459,2.940000057220459,2.940000057220459,2.880000114440918,2.819999933242798,2.819999933242798,2.74399995803833,2.6760001182556152,2.628000020980835,2.5799999237060547,2.5280001163482666,2.371999979019165,2.371999979019165,2.3359999656677246,2.3359999656677246,2.2960000038146973,2.2960000038146973,2.2360000610351562,2.2079999446868896,2.187999963760376,2.140000104904175,2.1040000915527344,2.072000026702881,2.0439999103546143,2.0139999389648438,1.9900000095367432,1.9739999771118164,1.9739999771118164,1.9539999961853027,1.9420000314712524,1.9320000410079956,1.9160000085830688,1.899999976158142,1.8760000467300415,1.843999981880188,1.8259999752044678,1.8259999752044678,1.8040000200271606,1.777999997138977,1.75600004196167,1.7339999675750732,1.7100000381469727,1.694000005722046,1.6740000247955322,1.6740000247955322,1.6519999504089355,1.5379999876022339,1.5080000162124634,1.5080000162124634,1.496000051498413,1.4880000352859497,1.4780000448226929,inf,inf,inf,1.4019999504089355,1.4019999504089355,1.4019999504089355,1.4019999504089355,1.4019999504089355,1.3919999599456787,1.3919999599456787,...,0.0,0.0,47.0,47.0,47.0,47.0,47.0,47.0,47.0,47.0,0.0,0.0,0.0,0.0,0.0,0.0,0.0,0.0,0.0,47.0,47.0,47.0,47.0,47.0,0.0,0.0,0.0,0.0,0.0,0.0,0.0,0.0,0.0,0.0,0.0,0.0,0.0,0.0,0.0,0.0,0.0,0.0,0.0,0.0,0.0,0.0,0.0,0.0,0.0,0.0,0.0,0.0,0.0,0.0,0.0,0.0,0.0,0.0,0.0,0.0,0.0,0.0,0.0,0.0,0.0,0.0,0.0,0.0,0.0,0.0,0.0,0.0,0.0,0.0,0.0,0.0,0.0,0.0,0.0,0.0,0.0,0.0,0.0,0.0,0.0,0.0,0.0,0.0,0.0,0.0,47.0,47.0,47.0,47.0,47.0,0.0,0.0,0.0,0.0,0.0,0.0,0.0,0.0,0.0,0.0,0.0,0.0,0.0,0.0,0.0,0.0,0.0,0.0,0.0,0.0,0.0,0.0,0.0,0.0,0.0,0.0,0.0,0.0,0.0,0.0,0.0,47.0,47.0,...
1763031205,646354028,laser,-3.1241390705108643,3.1415927410125732,0.0034828970674425364,5.3725048928754404e-05,0.09665136784315109,0.15000000596046448,16.0,inf,inf,inf,7.271999835968018,7.271999835968018,7.271999835968018,7.271999835968018,7.271999835968018,7.271999835968018,7.271999835968018,7.271999835968018,7.25600004196167,7.248000144958496,7.248000144958496,7.248000144958496,7.248000144958496,7.25600004196167,7.25600004196167,7.263999938964844,7.263999938964844,7.25600004196167,7.248000144958496,7.239999771118164,7.248000144958496,7.248000144958496,7.248000144958496,7.239999771118164,7.248000144958496,7.263999938964844,7.271999835968018,7.248000144958496,10.479999542236328,10.479999542236328,inf,inf,inf,inf,inf,inf,inf,inf,inf,inf,inf,inf,inf,inf,inf,inf,inf,3.8480000495910645,3.8480000495910645,3.8480000495910645,3.8480000495910645,3.8480000495910645,3.7720000743865967,3.7720000743865967,3.7720000743865967,3.7720000743865967,3.74399995803833,3.7360000610351562,3.740000009536743,3.747999906539917,3.752000093460083,3.752000093460083,3.747999906539917,2.8959999084472656,2.8959999084472656,2.8959999084472656,2.8559999465942383,2.8559999465942383,2.7920000553131104,2.7279999256134033,2.671999931335449,2.619999885559082,2.5,2.5,2.5,2.4600000381469727,2.4040000438690186,2.3559999465942383,2.315999984741211,2.2920000553131104,2.196000099182129,2.196000099182129,2.171999931335449,2.131999969482422,2.131999969482422,2.0999999046325684,2.072000026702881,2.0320000648498535,2.002000093460083,1.9739999771118164,1.944000005722046,1.9140000343322754,1.8940000534057617,1.8860000371932983,1.8760000467300415,1.8600000143051147,1.8600000143051147,1.8519999980926514,1.8359999656677246,1.815999984741211,1.7920000553131104,1.7680000066757202,1.746000051498413,1.7259999513626099,1.7039999961853027,1.7039999961853027,1.6859999895095825,1.6640000343322754,1.6399999856948853,1.5219999551773071,1.5219999551773071,1.5080000162124634,1.4919999837875366,1.4819999933242798,inf,inf,inf,inf,inf,inf,inf,1.399999976158142,1.399999976158142,1.399999976158142,1.399999976158142,...,0.0,0.0,47.0,47.0,47.0,47.0,47.0,47.0,47.0,47.0,0.0,0.0,0.0,0.0,0.0,0.0,0.0,0.0,0.0,0.0,0.0,0.0,0.0,0.0,0.0,0.0,0.0,0.0,0.0,0.0,0.0,0.0,0.0,0.0,0.0,0.0,0.0,0.0,0.0,0.0,0.0,0.0,0.0,0.0,0.0,0.0,0.0,0.0,0.0,0.0,0.0,0.0,0.0,0.0,0.0,0.0,0.0,0.0,0.0,0.0,0.0,0.0,0.0,0.0,0.0,0.0,0.0,0.0,0.0,0.0,0.0,0.0,0.0,0.0,0.0,0.0,0.0,0.0,0.0,0.0,0.0,0.0,0.0,0.0,0.0,0.0,0.0,0.0,0.0,0.0,0.0,0.0,0.0,0.0,0.0,0.0,0.0,0.0,0.0,0.0,0.0,0.0,0.0,0.0,0.0,0.0,0.0,0.0,0.0,0.0,0.0,0.0,0.0,0.0,0.0,0.0,0.0,0.0,0.0,0.0,0.0,0.0,0.0,0.0,0.0,0.0,47.0,47.0,...
1763031205,744595351,laser,-3.1241390705108643,3.1415927410125732,0.0034828970674425364,5.3729589126305655e-05,0.09665953367948532,0.15000000596046448,16.0,inf,inf,inf,7.288000106811523,7.288000106811523,7.288000106811523,7.288000106811523,7.288000106811523,7.263999938964844,7.263999938964844,7.25600004196167,7.248000144958496,7.248000144958496,7.248000144958496,7.239999771118164,7.239999771118164,7.248000144958496,7.248000144958496,7.25600004196167,7.263999938964844,7.25600004196167,7.25600004196167,7.239999771118164,7.23199987411499,7.239999771118164,7.23199987411499,7.239999771118164,7.248000144958496,7.248000144958496,7.25600004196167,7.263999938964844,7.239999771118164,inf,inf,inf,inf,inf,inf,inf,inf,inf,inf,inf,inf,inf,inf,4.624000072479248,4.624000072479248,4.624000072479248,4.624000072479248,4.624000072479248,inf,inf,3.812000036239624,3.812000036239624,3.812000036239624,3.812000036239624,3.812000036239624,3.75600004196167,3.747999906539917,3.740000009536743,3.740000009536743,3.740000009536743,3.74399995803833,3.747999906539917,3.752000093460083,2.888000011444092,2.888000011444092,2.8519999980926514,2.8519999980926514,2.8519999980926514,2.700000047683716,2.700000047683716,2.6559998989105225,2.6559998989105225,2.6080000400543213,2.5480000972747803,2.5,2.444000005722046,2.380000114440918,2.3359999656677246,2.2960000038146973,2.25600004196167,2.25600004196167,2.2039999961853027,2.2039999961853027,2.1600000858306885,2.111999988555908,2.0840001106262207,2.052000045776367,2.01200008392334,1.9839999675750732,1.9620000123977661,1.9320000410079956,1.9320000410079956,1.9019999504089355,1.878000020980835,1.8660000562667847,1.8619999885559082,1.8480000495910645,1.8380000591278076,1.8200000524520874,1.7999999523162842,1.7999999523162842,1.784000039100647,1.7619999647140503,1.7339999675750732,1.7139999866485596,1.7000000476837158,1.6779999732971191,1.6540000438690186,1.6200000047683716,1.5080000162124634,1.5080000162124634,1.4980000257492065,1.4980000257492065,1.4839999675750732,1.4739999771118164,inf,inf,inf,inf,inf,1.4040000438690186,1.4040000438690186,1.4040000438690186,1.4040000438690186,1.4040000438690186,...,0.0,47.0,47.0,47.0,47.0,47.0,47.0,47.0,47.0,47.0,47.0,0.0,0.0,0.0,0.0,0.0,0.0,0.0,0.0,0.0,47.0,47.0,47.0,47.0,47.0,0.0,0.0,0.0,0.0,0.0,0.0,0.0,0.0,0.0,0.0,0.0,0.0,0.0,0.0,0.0,0.0,0.0,0.0,0.0,0.0,0.0,0.0,0.0,0.0,0.0,0.0,0.0,0.0,0.0,0.0,0.0,0.0,0.0,0.0,0.0,0.0,0.0,0.0,0.0,0.0,0.0,0.0,0.0,0.0,0.0,0.0,0.0,0.0,0.0,0.0,0.0,0.0,0.0,0.0,0.0,0.0,0.0,0.0,0.0,0.0,0.0,0.0,0.0,0.0,0.0,0.0,47.0,47.0,47.0,47.0,47.0,0.0,0.0,0.0,0.0,0.0,0.0,0.0,0.0,0.0,0.0,0.0,0.0,0.0,0.0,0.0,0.0,0.0,0.0,0.0,0.0,0.0,0.0,0.0,0.0,0.0,0.0,0.0,0.0,0.0,0.0,0.0,0.0,...
1763031205,842373598,laser,-3.1241390705108643,3.1415927410125732,0.0034828970674425364,5.4029893362894654e-05,0.09719977527856827,0.15000000596046448,16.0,inf,inf,7.296000003814697,7.296000003814697,7.296000003814697,7.296000003814697,7.296000003814697,7.271999835968018,7.271999835968018,7.271999835968018,7.25600004196167,7.25600004196167,7.248000144958496,7.248000144958496,7.239999771118164,7.239999771118164,7.25600004196167,7.25600004196167,7.25600004196167,7.263999938964844,7.263999938964844,7.25600004196167,7.239999771118164,7.239999771118164,7.248000144958496,7.239999771118164,7.239999771118164,7.239999771118164,7.25600004196167,7.263999938964844,7.263999938964844,10.552000045776367,10.552000045776367,10.552000045776367,inf,inf,inf,inf,inf,inf,inf,inf,inf,inf,inf,inf,inf,inf,inf,inf,inf,inf,inf,3.8919999599456787,3.8919999599456787,3.8919999599456787,3.8919999599456787,3.8919999599456787,3.803999900817871,3.740000009536743,3.740000009536743,3.74399995803833,3.747999906539917,3.752000093460083,3.752000093460083,3.752000093460083,3.747999906539917,2.864000082015991,2.864000082015991,2.864000082015991,2.864000082015991,2.7920000553131104,2.740000009536743,2.619999885559082,2.559999942779541,2.559999942779541,2.503999948501587,2.503999948501587,2.4679999351501465,2.4200000762939453,2.368000030517578,2.3320000171661377,2.308000087738037,2.187999963760376,2.184000015258789,2.184000015258789,2.131999969482422,2.0999999046325684,2.0999999046325684,2.0759999752044678,2.0480000972747803,2.0160000324249268,1.9800000190734863,1.9559999704360962,1.9479999542236328,1.937999963760376,1.9240000247955322,1.9240000247955322,1.9079999923706055,1.8880000114440918,1.8680000305175781,1.843999981880188,1.8200000524520874,1.7960000038146973,1.7719999551773071,1.75,1.7300000190734863,1.7079999446868896,1.7079999446868896,1.687999963760376,1.6660000085830688,1.6440000534057617,1.5219999551773071,1.5219999551773071,1.5080000162124634,1.496000051498413,1.4839999675750732,inf,inf,inf,inf,inf,1.409999966621399,1.409999966621399,1.409999966621399,1.409999966621399,1.409999966621399,1.399999976158142,...,0.0,47.0,47.0,47.0,47.0,47.0,47.0,47.0,47.0,47.0,47.0,47.0,0.0,0.0,0.0,0.0,0.0,47.0,47.0,47.0,47.0,47.0,0.0,0.0,0.0,0.0,0.0,0.0,0.0,0.0,0.0,0.0,0.0,0.0,0.0,0.0,0.0,0.0,0.0,0.0,0.0,0.0,0.0,0.0,0.0,0.0,0.0,0.0,0.0,0.0,0.0,0.0,0.0,0.0,0.0,0.0,0.0,0.0,0.0,0.0,0.0,0.0,0.0,0.0,0.0,0.0,0.0,0.0,0.0,0.0,0.0,0.0,0.0,0.0,0.0,0.0,0.0,0.0,0.0,0.0,0.0,0.0,0.0,0.0,0.0,0.0,0.0,0.0,0.0,47.0,47.0,47.0,47.0,47.0,0.0,0.0,0.0,0.0,0.0,0.0,0.0,0.0,0.0,0.0,0.0,0.0,0.0,0.0,0.0,0.0,0.0,0.0,0.0,0.0,0.0,0.0,0.0,0.0,0.0,0.0,0.0,0.0,0.0,0.0,0.0,0.0,0.0,0.0,...
1763031205,940893932,laser,-3.1241390705108643,3.1415927410125732,0.0034828970674425364,5.725973824155517e-05,0.10301026701927185,0.15000000596046448,16.0,inf,inf,inf,inf,inf,7.271999835968018,7.271999835968018,7.271999835968018,7.271999835968018,7.271999835968018,7.271999835968018,7.25600004196167,7.248000144958496,7.248000144958496,7.248000144958496,7.248000144958496,7.248000144958496,7.25600004196167,7.263999938964844,7.263999938964844,7.25600004196167,7.248000144958496,7.248000144958496,7.248000144958496,7.25600004196167,7.25600004196167,7.248000144958496,7.248000144958496,7.25600004196167,7.271999835968018,7.271999835968018,7.25600004196167,10.456000328063965,10.456000328063965,inf,inf,inf,inf,inf,inf,inf,inf,inf,inf,inf,inf,inf,inf,inf,inf,inf,inf,3.8959999084472656,3.8959999084472656,3.8959999084472656,3.8959999084472656,3.8959999084472656,3.803999900817871,3.803999900817871,3.74399995803833,3.740000009536743,3.740000009536743,3.74399995803833,3.747999906539917,3.747999906539917,3.747999906539917,3.747999906539917,2.871999979019165,2.871999979019165,2.871999979019165,2.871999979019165,2.799999952316284,2.740000009536743,2.680000066757202,2.619999885559082,2.572000026702881,2.5160000324249268,2.5160000324249268,2.4719998836517334,2.4200000762939453,2.368000030517578,2.3320000171661377,2.308000087738037,2.187999963760376,2.184000015258789,2.184000015258789,2.131999969482422,2.1040000915527344,2.1040000915527344,2.078000068664551,2.0460000038146973,2.0160000324249268,1.9800000190734863,1.9459999799728394,1.9160000085830688,1.8980000019073486,1.8940000534057617,1.8940000534057617,1.8739999532699585,1.8739999532699585,1.8580000400543213,1.8359999656677246,1.8179999589920044,1.7960000038146973,1.7719999551773071,1.75,1.7300000190734863,1.7079999446868896,1.7079999446868896,1.687999963760376,1.6660000085830688,1.6440000534057617,1.527999997138977,1.527999997138977,1.503999948501587,1.4919999837875366,1.4800000190734863,1.465999960899353,inf,inf,inf,inf,inf,1.399999976158142,1.399999976158142,1.399999976158142,1.399999976158142,1.399999976158142,...,47.0,47.0,47.0,47.0,47.0,47.0,47.0,47.0,47.0,47.0,47.0,47.0,0.0,0.0,0.0,0.0,0.0,0.0,0.0,0.0,0.0,0.0,0.0,0.0,0.0,0.0,0.0,0.0,0.0,0.0,0.0,0.0,0.0,0.0,0.0,0.0,0.0,0.0,0.0,0.0,0.0,0.0,0.0,0.0,0.0,0.0,0.0,0.0,0.0,0.0,0.0,0.0,0.0,0.0,0.0,0.0,0.0,0.0,0.0,0.0,0.0,0.0,0.0,0.0,0.0,0.0,0.0,0.0,0.0,0.0,0.0,0.0,0.0,0.0,0.0,0.0,0.0,0.0,0.0,0.0,0.0,0.0,0.0,0.0,0.0,0.0,0.0,0.0,0.0,0.0,0.0,0.0,0.0,0.0,0.0,0.0,0.0,0.0,0.0,0.0,0.0,0.0,0.0,0.0,0.0,0.0,0.0,0.0,0.0,0.0,0.0,0.0,0.0,0.0,0.0,0.0,0.0,0.0,0.0,0.0,0.0,0.0,0.0,0.0,0.0,0.0,0.0,0.0,...
1763031206,45349083,laser,-3.1241390705108643,3.1415927410125732,0.0034828970674425364,5.3822266636416316e-05,0.09682625532150269,0.15000000596046448,16.0,inf,inf,inf,inf,inf,7.271999835968018,7.271999835968018,7.271999835968018,7.271999835968018,7.271999835968018,7.271999835968018,7.25600004196167,7.248000144958496,7.248000144958496,7.248000144958496,7.248000144958496,7.248000144958496,7.25600004196167,7.25600004196167,7.25600004196167,7.248000144958496,7.248000144958496,7.248000144958496,7.25600004196167,7.25600004196167,7.25600004196167,7.239999771118164,7.239999771118164,7.263999938964844,7.271999835968018,7.25600004196167,7.25600004196167,10.456000328063965,10.456000328063965,inf,inf,inf,inf,inf,inf,inf,inf,inf,inf,inf,inf,inf,inf,inf,inf,inf,inf,inf,3.8559999465942383,3.8559999465942383,3.8559999465942383,3.8559999465942383,3.8559999465942383,3.7760000228881836,3.740000009536743,3.7320001125335693,3.740000009536743,3.747999906539917,3.747999906539917,3.752000093460083,3.752000093460083,2.888000011444092,2.888000011444092,2.8440001010894775,2.8440001010894775,2.8440001010894775,2.7880001068115234,2.7160000801086426,2.6559998989105225,2.615999937057495,2.615999937057495,2.555999994277954,2.5,2.444000005722046,2.384000062942505,2.3399999141693115,2.2960000038146973,2.2799999713897705,2.200000047683716,2.1600000858306885,2.1600000858306885,2.1600000858306885,2.119999885559082,2.0959999561309814,2.059999942779541,2.0220000743865967,1.99399995803833,1.9700000286102295,1.940000057220459,1.906000018119812,1.906000018119812,1.8860000371932983,1.8760000467300415,1.8639999628067017,1.850000023841858,1.840000033378601,1.8240000009536743,1.805999994277954,1.805999994277954,1.7879999876022339,1.7640000581741333,1.7380000352859497,1.7200000286102295,1.7020000219345093,1.6799999475479126,1.659999966621399,1.6339999437332153,1.5180000066757202,1.5180000066757202,1.503999948501587,1.503999948501587,1.4880000352859497,1.4739999771118164,inf,inf,inf,inf,inf,1.4019999504089355,1.4019999504089355,1.4019999504089355,1.4019999504089355,1.4019999504089355,...,0.0,47.0,47.0,47.0,47.0,47.0,47.0,47.0,47.0,47.0,47.0,47.0,47.0,0.0,0.0,0.0,0.0,0.0,47.0,47.0,47.0,47.0,47.0,0.0,0.0,0.0,0.0,0.0,0.0,0.0,0.0,0.0,0.0,0.0,0.0,0.0,0.0,0.0,0.0,0.0,0.0,0.0,0.0,0.0,0.0,0.0,0.0,0.0,0.0,0.0,0.0,0.0,0.0,0.0,0.0,0.0,0.0,0.0,0.0,0.0,0.0,0.0,0.0,0.0,0.0,0.0,0.0,0.0,0.0,0.0,0.0,0.0,0.0,0.0,0.0,0.0,0.0,0.0,0.0,0.0,0.0,0.0,0.0,0.0,0.0,0.0,0.0,0.0,0.0,0.0,0.0,0.0,0.0,0.0,0.0,0.0,0.0,0.0,0.0,0.0,0.0,0.0,0.0,0.0,0.0,0.0,0.0,0.0,0.0,0.0,0.0,0.0,0.0,0.0,0.0,0.0,0.0,0.0,0.0,0.0,0.0,0.0,0.0,0.0,0.0,47.0,47.0,47.0,...
1763031206,143831122,laser,-3.1241390705108643,3.1415927410125732,0.0034828970674425364,5.37058622285258e-05,0.09661684930324554,0.15000000596046448,16.0,inf,7.296000003814697,7.296000003814697,7.296000003814697,7.296000003814697,7.296000003814697,7.271999835968018,7.271999835968018,7.271999835968018,7.271999835968018,7.263999938964844,7.25600004196167,7.25600004196167,7.248000144958496,7.248000144958496,7.239999771118164,7.25600004196167,7.25600004196167,7.263999938964844,7.263999938964844,7.25600004196167,7.239999771118164,7.239999771118164,7.239999771118164,7.25600004196167,7.248000144958496,7.239999771118164,7.248000144958496,7.25600004196167,7.25600004196167,7.263999938964844,7.25600004196167,inf,inf,inf,inf,inf,inf,inf,inf,inf,inf,inf,inf,inf,inf,inf,inf,inf,inf,3.8959999084472656,3.8959999084472656,3.8959999084472656,3.8959999084472656,3.8959999084472656,3.808000087738037,3.808000087738037,3.808000087738037,3.747999906539917,3.740000009536743,3.740000009536743,3.740000009536743,3.74399995803833,3.747999906539917,3.747999906539917,3.747999906539917,2.944000005722046,2.944000005722046,2.884000062942505,2.884000062942505,2.8239998817443848,2.8239998817443848,2.752000093460083,2.684000015258789,2.631999969482422,2.5840001106262207,2.5239999294281006,2.4760000705718994,2.4240000247955322,2.371999979019165,2.3320000171661377,2.3320000171661377,2.2960000038146973,2.2039999961853027,2.2039999961853027,2.187999963760376,2.135999917984009,2.1040000915527344,2.0759999752044678,2.0480000972747803,2.0179998874664307,1.9880000352859497,1.9880000352859497,1.965999960899353,1.9520000219345093,1.9420000314712524,1.9320000410079956,1.9160000085830688,1.8960000276565552,1.8960000276565552,1.8739999532699585,1.8480000495910645,1.8259999752044678,1.8020000457763672,1.7760000228881836,1.753999948501587,1.7300000190734863,1.7079999446868896,1.687999963760376,1.687999963760376,1.6660000085830688,1.6460000276565552,1.5180000066757202,1.5180000066757202,1.503999948501587,1.496000051498413,1.4859999418258667,inf,inf,inf,1.4299999475479126,1.4299999475479126,1.4299999475479126,1.4299999475479126,1.4299999475479126,1.399999976158142,1.399999976158142,1.399999976158142,...,47.0,47.0,47.0,47.0,47.0,47.0,47.0,47.0,47.0,47.0,47.0,47.0,0.0,0.0,0.0,0.0,0.0,0.0,47.0,47.0,47.0,47.0,47.0,0.0,0.0,0.0,0.0,0.0,0.0,0.0,0.0,0.0,0.0,0.0,0.0,0.0,0.0,0.0,0.0,0.0,0.0,0.0,0.0,0.0,0.0,0.0,0.0,0.0,0.0,0.0,0.0,0.0,0.0,0.0,0.0,0.0,0.0,0.0,0.0,0.0,0.0,0.0,0.0,0.0,0.0,0.0,0.0,0.0,0.0,0.0,0.0,0.0,0.0,0.0,0.0,0.0,0.0,0.0,0.0,0.0,0.0,0.0,0.0,0.0,0.0,0.0,0.0,0.0,0.0,0.0,0.0,0.0,0.0,0.0,0.0,0.0,0.0,0.0,0.0,0.0,0.0,0.0,0.0,0.0,0.0,0.0,0.0,0.0,0.0,0.0,0.0,0.0,0.0,0.0,0.0,0.0,0.0,0.0,0.0,0.0,0.0,0.0,0.0,0.0,0.0,0.0,0.0,0.0,...
1763031206,242077197,laser,-3.1241390705108643,3.1415927410125732,0.0034828970674425364,5.3718344133812934e-05,0.09663929790258408,0.15000000596046448,16.0,inf,inf,7.271999835968018,7.271999835968018,7.271999835968018,7.271999835968018,7.271999835968018,7.263999938964844,7.263999938964844,7.263999938964844,7.25600004196167,7.25600004196167,7.25600004196167,7.25600004196167,7.248000144958496,7.248000144958496,7.263999938964844,7.263999938964844,7.25600004196167,7.25600004196167,7.248000144958496,7.248000144958496,7.239999771118164,7.248000144958496,7.25600004196167,7.239999771118164,7.239999771118164,7.239999771118164,7.25600004196167,7.263999938964844,7.263999938964844,10.456000328063965,10.456000328063965,10.456000328063965,inf,inf,inf,inf,inf,inf,inf,inf,inf,inf,inf,inf,inf,inf,inf,inf,inf,3.880000114440918,3.880000114440918,3.880000114440918,3.880000114440918,3.880000114440918,3.7880001068115234,3.7880001068115234,3.7880001068115234,3.74399995803833,3.740000009536743,3.74399995803833,3.747999906539917,3.747999906539917,3.747999906539917,3.747999906539917,2.927999973297119,2.927999973297119,2.927999973297119,2.927999973297119,2.859999895095825,2.7920000553131104,2.7279999256134033,2.6640000343322754,2.611999988555908,2.568000078201294,2.5199999809265137,2.4639999866485596,2.4639999866485596,2.368000030517578,2.368000030517578,2.328000068664551,2.303999900817871,2.1760001182556152,2.1760001182556152,2.1760001182556152,2.135999917984009,2.1040000915527344,2.0759999752044678,2.0759999752044678,2.0439999103546143,2.0160000324249268,1.9800000190734863,1.9520000219345093,1.937999963760376,1.9220000505447388,1.9140000343322754,1.899999976158142,1.899999976158142,1.8819999694824219,1.8639999628067017,1.843999981880188,1.8200000524520874,1.7940000295639038,1.7660000324249268,1.7480000257492065,1.7300000190734863,1.7059999704360962,1.7059999704360962,1.6859999895095825,1.6660000085830688,1.6419999599456787,1.5199999809265137,1.503999948501587,1.503999948501587,1.4919999837875366,1.468000054359436,inf,1.4359999895095825,1.4359999895095825,1.4359999895095825,1.4359999895095825,1.4359999895095825,1.4119999408721924,1.4119999408721924,1.4119999408721924,1.3980000019073486,1.3980000019073486,...,0.0,47.0,47.0,47.0,47.0,47.0,47.0,47.0,47.0,47.0,47.0,47.0,0.0,0.0,0.0,0.0,0.0,47.0,47.0,47.0,47.0,47.0,0.0,0.0,0.0,0.0,0.0,0.0,0.0,0.0,0.0,0.0,0.0,0.0,0.0,0.0,0.0,0.0,0.0,0.0,0.0,0.0,0.0,0.0,0.0,0.0,0.0,0.0,0.0,0.0,0.0,0.0,0.0,0.0,0.0,0.0,0.0,0.0,0.0,0.0,0.0,0.0,0.0,0.0,0.0,0.0,0.0,0.0,0.0,0.0,0.0,47.0,47.0,47.0,47.0,47.0,0.0,0.0,0.0,0.0,0.0,0.0,0.0,0.0,0.0,0.0,0.0,0.0,0.0,47.0,47.0,47.0,47.0,47.0,0.0,0.0,0.0,0.0,0.0,0.0,0.0,0.0,0.0,0.0,0.0,0.0,0.0,0.0,0.0,0.0,0.0,0.0,0.0,0.0,0.0,0.0,0.0,0.0,0.0,0.0,0.0,0.0,0.0,0.0,47.0,47.0,47.0,47.0,...
1763031206,340511191,laser,-3.1241390705108643,3.1415927410125732,0.0034828970674425364,5.3604548156727105e-05,0.0964345782995224,0.15000000596046448,16.0,8.704000473022461,inf,inf,7.271999835968018,7.271999835968018,7.271999835968018,7.271999835968018,7.271999835968018,7.263999938964844,7.263999938964844,7.263999938964844,7.25600004196167,7.25600004196167,7.25600004196167,7.248000144958496,7.248000144958496,7.248000144958496,7.25600004196167,7.271999835968018,7.271999835968018,7.25600004196167,7.248000144958496,7.248000144958496,7.25600004196167,7.25600004196167,7.25600004196167,7.248000144958496,7.248000144958496,7.263999938964844,7.263999938964844,7.25600004196167,7.25600004196167,10.407999992370605,inf,inf,inf,inf,inf,inf,inf,inf,inf,inf,inf,inf,inf,inf,inf,inf,inf,3.8919999599456787,3.8919999599456787,3.8919999599456787,3.8919999599456787,3.8919999599456787,3.803999900817871,3.803999900817871,3.803999900817871,3.74399995803833,3.74399995803833,3.740000009536743,3.740000009536743,3.74399995803833,3.747999906539917,3.747999906539917,3.747999906539917,3.747999906539917,2.927999973297119,2.880000114440918,2.880000114440918,2.880000114440918,2.7279999256134033,2.6679999828338623,2.6679999828338623,2.619999885559082,2.568000078201294,2.5199999809265137,2.4639999866485596,2.4119999408721924,2.368000030517578,2.368000030517578,2.3320000171661377,2.2960000038146973,2.187999963760376,2.187999963760376,2.187999963760376,2.135999917984009,2.1040000915527344,2.0759999752044678,2.0460000038146973,2.002000093460083,2.002000093460083,1.9700000286102295,1.9459999799728394,1.909999966621399,1.8839999437332153,1.8700000047683716,1.8539999723434448,1.843999981880188,1.8359999656677246,1.8359999656677246,1.8259999752044678,1.812000036239624,1.7960000038146973,1.7740000486373901,1.7519999742507935,1.7300000190734863,1.7079999446868896,1.687999963760376,1.6660000085830688,1.6660000085830688,1.6460000276565552,1.503999948501587,1.503999948501587,1.503999948501587,1.4919999837875366,1.4800000190734863,1.465999960899353,inf,inf,1.4320000410079956,1.4320000410079956,1.4320000410079956,1.4320000410079956,1.4320000410079956,1.399999976158142,1.399999976158142,1.399999976158142,...,0.0,47.0,47.0,47.0,47.0,47.0,47.0,47.0,47.0,47.0,0.0,0.0,0.0,0.0,0.0,0.0,0.0,0.0,0.0,0.0,0.0,0.0,0.0,0.0,0.0,0.0,0.0,0.0,0.0,0.0,0.0,0.0,0.0,0.0,0.0,0.0,0.0,0.0,0.0,0.0,0.0,0.0,0.0,0.0,0.0,0.0,0.0,0.0,0.0,0.0,0.0,0.0,0.0,0.0,0.0,0.0,0.0,0.0,0.0,0.0,0.0,0.0,0.0,0.0,0.0,0.0,0.0,0.0,0.0,47.0,47.0,47.0,47.0,47.0,0.0,0.0,0.0,0.0,0.0,0.0,0.0,0.0,0.0,0.0,0.0,0.0,0.0,0.0,0.0,0.0,0.0,0.0,0.0,0.0,0.0,0.0,0.0,0.0,0.0,0.0,0.0,0.0,0.0,0.0,0.0,0.0,0.0,0.0,0.0,0.0,0.0,0.0,0.0,0.0,0.0,0.0,0.0,0.0,0.0,0.0,0.0,0.0,0.0,0.0,0.0,0.0,0.0,0.0,...
1763031206,438358843,laser,-3.1241390705108643,3.1415927410125732,0.0034828970674425364,5.382263407227583e-05,0.09682691842317581,0.15000000596046448,16.0,inf,inf,7.271999835968018,7.271999835968018,7.271999835968018,7.271999835968018,7.271999835968018,7.263999938964844,7.263999938964844,7.263999938964844,7.263999938964844,7.25600004196167,7.25600004196167,7.248000144958496,7.248000144958496,7.248000144958496,7.25600004196167,7.25600004196167,7.263999938964844,7.25600004196167,7.248000144958496,7.248000144958496,7.248000144958496,7.25600004196167,7.25600004196167,7.25600004196167,7.239999771118164,7.248000144958496,7.263999938964844,7.271999835968018,7.25600004196167,10.319999694824219,10.319999694824219,10.319999694824219,inf,inf,inf,inf,inf,inf,inf,inf,inf,inf,inf,inf,inf,inf,inf,inf,inf,3.808000087738037,3.808000087738037,3.808000087738037,3.808000087738037,3.808000087738037,3.75600004196167,3.75600004196167,3.75600004196167,3.747999906539917,3.747999906539917,3.740000009536743,3.740000009536743,3.74399995803833,3.747999906539917,3.752000093460083,2.880000114440918,2.880000114440918,2.880000114440918,2.819999933242798,2.819999933242798,2.819999933242798,2.75600004196167,2.687999963760376,2.640000104904175,2.6080000400543213,2.4760000705718994,2.4760000705718994,2.444000005722046,2.3320000171661377,2.3320000171661377,2.2920000553131104,2.2920000553131104,2.252000093460083,2.2239999771118164,2.200000047683716,2.1559998989105225,2.111999988555908,2.0799999237060547,2.0480000972747803,2.0139999389648438,1.9859999418258667,1.9559999704360962,1.9559999704360962,1.9259999990463257,1.9079999923706055,1.8880000114440918,1.878000020980835,1.8760000467300415,1.8580000400543213,1.8420000076293945,1.8279999494552612,1.8279999494552612,1.8079999685287476,1.781999945640564,1.7580000162124634,1.7400000095367432,1.718000054359436,1.6959999799728394,1.6759999990463257,1.6579999923706055,1.6579999923706055,1.4980000257492065,1.4980000257492065,1.4980000257492065,1.4980000257492065,1.4880000352859497,1.4780000448226929,inf,inf,inf,1.4019999504089355,1.4019999504089355,1.4019999504089355,1.4019999504089355,1.4019999504089355,1.3919999599456787,1.3919999599456787,...,0.0,0.0,47.0,47.0,47.0,47.0,47.0,47.0,47.0,47.0,47.0,47.0,0.0,0.0,0.0,0.0,0.0,0.0,0.0,0.0,0.0,0.0,0.0,0.0,0.0,0.0,0.0,0.0,0.0,0.0,0.0,0.0,0.0,0.0,0.0,0.0,0.0,0.0,0.0,0.0,0.0,0.0,0.0,0.0,0.0,0.0,0.0,0.0,0.0,0.0,0.0,0.0,0.0,0.0,0.0,0.0,0.0,0.0,0.0,0.0,0.0,0.0,0.0,0.0,0.0,0.0,0.0,47.0,47.0,47.0,47.0,47.0,0.0,0.0,0.0,0.0,0.0,0.0,0.0,0.0,0.0,0.0,0.0,0.0,0.0,0.0,0.0,0.0,0.0,0.0,0.0,0.0,0.0,0.0,0.0,0.0,0.0,0.0,0.0,0.0,0.0,0.0,0.0,0.0,0.0,0.0,0.0,0.0,0.0,0.0,0.0,0.0,0.0,0.0,0.0,0.0,0.0,0.0,0.0,0.0,0.0,0.0,0.0,0.0,0.0,0.0,0.0,0.0,...
1763031206,536814106,laser,-3.1241390705108643,3.1415927410125732,0.0034828970674425364,5.375510227167979e-05,0.09670542925596237,0.15000000596046448,16.0,inf,inf,inf,7.288000106811523,7.288000106811523,7.288000106811523,7.288000106811523,7.288000106811523,7.263999938964844,7.263999938964844,7.25600004196167,7.25600004196167,7.25600004196167,7.25600004196167,7.248000144958496,7.248000144958496,7.25600004196167,7.25600004196167,7.263999938964844,7.263999938964844,7.25600004196167,7.248000144958496,7.239999771118164,7.23199987411499,7.239999771118164,7.239999771118164,7.239999771118164,7.239999771118164,7.263999938964844,7.263999938964844,7.263999938964844,inf,inf,inf,inf,inf,inf,inf,inf,inf,inf,inf,inf,inf,inf,inf,inf,inf,inf,inf,3.8919999599456787,3.8919999599456787,3.8919999599456787,3.8919999599456787,3.8919999599456787,3.799999952316284,3.799999952316284,3.799999952316284,3.799999952316284,3.74399995803833,3.740000009536743,3.74399995803833,3.747999906539917,3.747999906539917,3.747999906539917,3.747999906539917,2.927999973297119,2.927999973297119,2.927999973297119,2.868000030517578,2.868000030517578,2.799999952316284,2.7320001125335693,2.6640000343322754,2.611999988555908,2.568000078201294,2.5160000324249268,2.5160000324249268,2.4719998836517334,2.4200000762939453,2.368000030517578,2.315999984741211,2.2960000038146973,2.187999963760376,2.187999963760376,2.180000066757202,2.131999969482422,2.1040000915527344,2.1040000915527344,2.0759999752044678,2.0460000038146973,2.0160000324249268,1.9880000352859497,1.9600000381469727,1.9359999895095825,1.9220000505447388,1.9140000343322754,1.9140000343322754,1.9019999504089355,1.8819999694824219,1.8639999628067017,1.8420000076293945,1.8179999589920044,1.7940000295639038,1.7719999551773071,1.75,1.7300000190734863,1.7079999446868896,1.7079999446868896,1.687999963760376,1.6640000343322754,1.6440000534057617,1.5140000581741333,1.5140000581741333,1.503999948501587,1.496000051498413,1.4839999675750732,1.465999960899353,inf,inf,1.4359999895095825,1.4359999895095825,1.4359999895095825,1.4359999895095825,1.4359999895095825,1.4140000343322754,1.4140000343322754,1.4140000343322754,...,0.0,47.0,47.0,47.0,47.0,47.0,47.0,47.0,47.0,47.0,47.0,0.0,0.0,0.0,0.0,0.0,0.0,0.0,0.0,0.0,47.0,47.0,47.0,47.0,47.0,0.0,0.0,0.0,0.0,0.0,0.0,0.0,0.0,0.0,0.0,0.0,0.0,0.0,0.0,0.0,0.0,0.0,0.0,0.0,0.0,0.0,0.0,0.0,0.0,0.0,0.0,0.0,0.0,0.0,0.0,0.0,0.0,0.0,0.0,0.0,0.0,0.0,0.0,0.0,0.0,0.0,0.0,0.0,0.0,0.0,0.0,0.0,0.0,0.0,0.0,0.0,0.0,0.0,0.0,0.0,0.0,0.0,0.0,0.0,0.0,0.0,0.0,0.0,0.0,0.0,0.0,47.0,47.0,47.0,47.0,47.0,0.0,0.0,0.0,0.0,0.0,0.0,0.0,0.0,0.0,0.0,0.0,0.0,0.0,0.0,0.0,0.0,0.0,0.0,0.0,0.0,0.0,0.0,0.0,0.0,0.0,0.0,0.0,47.0,47.0,47.0,47.0,47.0,...
1763031206,635137306,laser,-3.1241390705108643,3.1415927410125732,0.0034828970674425364,5.71033961023204e-05,0.10272900760173798,0.15000000596046448,16.0,8.687999725341797,inf,7.271999835968018,7.271999835968018,7.271999835968018,7.271999835968018,7.271999835968018,7.263999938964844,7.263999938964844,7.263999938964844,7.263999938964844,7.25600004196167,7.25600004196167,7.248000144958496,7.248000144958496,7.248000144958496,7.248000144958496,7.25600004196167,7.271999835968018,7.271999835968018,7.248000144958496,7.248000144958496,7.248000144958496,7.248000144958496,7.25600004196167,7.25600004196167,7.248000144958496,7.248000144958496,7.263999938964844,7.263999938964844,7.263999938964844,7.248000144958496,10.416000366210938,10.416000366210938,inf,inf,inf,inf,inf,inf,inf,inf,inf,inf,inf,inf,inf,inf,inf,inf,inf,inf,inf,3.808000087738037,3.808000087738037,3.808000087738037,3.808000087738037,3.808000087738037,3.752000093460083,3.74399995803833,3.74399995803833,3.740000009536743,3.740000009536743,3.74399995803833,3.747999906539917,3.752000093460083,2.880000114440918,2.880000114440918,2.819999933242798,2.819999933242798,2.819999933242798,2.819999933242798,2.752000093460083,2.700000047683716,2.6480000019073486,2.5959999561309814,2.5399999618530273,2.48799991607666,2.436000108718872,2.384000062942505,2.3359999656677246,2.3359999656677246,2.2920000553131104,2.24399995803833,2.2200000286102295,2.196000099182129,2.1480000019073486,2.1040000915527344,2.0799999237060547,2.0480000972747803,2.0139999389648438,1.9859999418258667,1.9859999418258667,1.9620000123977661,1.9299999475479126,1.9040000438690186,1.8860000371932983,1.8739999532699585,1.871999979019165,1.8580000400543213,1.840000033378601,1.840000033378601,1.8240000009536743,1.8040000200271606,1.781999945640564,1.7580000162124634,1.7380000352859497,1.718000054359436,1.6959999799728394,1.6740000247955322,1.6740000247955322,1.6540000438690186,1.5080000162124634,1.5080000162124634,1.5080000162124634,1.4980000257492065,1.4839999675750732,1.4759999513626099,inf,inf,inf,inf,inf,1.4019999504089355,1.4019999504089355,1.4019999504089355,1.4019999504089355,1.4019999504089355,...,0.0,0.0,47.0,47.0,47.0,47.0,47.0,47.0,47.0,47.0,47.0,0.0,0.0,0.0,0.0,0.0,0.0,0.0,0.0,0.0,0.0,0.0,0.0,0.0,0.0,0.0,0.0,0.0,0.0,0.0,0.0,0.0,0.0,0.0,0.0,0.0,0.0,0.0,0.0,0.0,0.0,0.0,0.0,0.0,0.0,0.0,0.0,0.0,0.0,0.0,0.0,0.0,0.0,0.0,0.0,0.0,0.0,0.0,0.0,0.0,0.0,0.0,0.0,0.0,0.0,0.0,0.0,47.0,47.0,47.0,47.0,47.0,0.0,0.0,0.0,0.0,0.0,0.0,0.0,0.0,0.0,0.0,0.0,0.0,0.0,0.0,0.0,0.0,0.0,0.0,0.0,0.0,0.0,0.0,0.0,0.0,0.0,0.0,0.0,0.0,0.0,0.0,0.0,0.0,0.0,0.0,0.0,0.0,0.0,0.0,0.0,0.0,0.0,0.0,0.0,0.0,0.0,0.0,0.0,0.0,0.0,0.0,0.0,0.0,0.0,0.0,0.0,0.0,...
1763031206,739472146,laser,-3.1241390705108643,3.1415927410125732,0.0034828970674425364,5.374068132368848e-05,0.09667948633432388,0.15000000596046448,16.0,inf,inf,7.288000106811523,7.288000106811523,7.288000106811523,7.288000106811523,7.288000106811523,7.263999938964844,7.263999938964844,7.263999938964844,7.25600004196167,7.25600004196167,7.25600004196167,7.25600004196167,7.248000144958496,7.248000144958496,7.25600004196167,7.263999938964844,7.263999938964844,7.263999938964844,7.25600004196167,7.239999771118164,7.239999771118164,7.248000144958496,7.25600004196167,7.25600004196167,7.239999771118164,7.248000144958496,7.263999938964844,7.271999835968018,7.263999938964844,inf,inf,inf,inf,inf,inf,inf,inf,inf,inf,inf,inf,inf,inf,inf,4.664000034332275,4.664000034332275,4.664000034332275,4.664000034332275,4.664000034332275,inf,inf,3.759999990463257,3.759999990463257,3.759999990463257,3.759999990463257,3.759999990463257,3.747999906539917,3.747999906539917,3.740000009536743,3.740000009536743,3.740000009536743,3.747999906539917,3.752000093460083,3.75600004196167,2.884000062942505,2.884000062942505,2.819999933242798,2.819999933242798,2.819999933242798,2.7720000743865967,2.6480000019073486,2.6480000019073486,2.6480000019073486,2.6080000400543213,2.552000045776367,2.48799991607666,2.436000108718872,2.384000062942505,2.3399999141693115,2.2920000553131104,2.2720000743865967,2.2720000743865967,2.247999906539917,2.196000099182129,2.1559998989105225,2.111999988555908,2.0799999237060547,2.049999952316284,2.0199999809265137,1.9919999837875366,1.9620000123977661,1.9279999732971191,1.9279999732971191,1.9040000438690186,1.8919999599456787,1.8880000114440918,1.8799999952316284,1.8600000143051147,1.8459999561309814,1.8320000171661377,1.805999994277954,1.805999994277954,1.781999945640564,1.7580000162124634,1.7380000352859497,1.718000054359436,1.6979999542236328,1.6820000410079956,1.6619999408721924,1.6619999408721924,1.5099999904632568,1.5099999904632568,1.4980000257492065,1.4980000257492065,1.4859999418258667,1.4739999771118164,inf,inf,inf,inf,inf,1.4079999923706055,1.4079999923706055,1.4079999923706055,1.4079999923706055,1.4079999923706055,...,0.0,47.0,47.0,47.0,47.0,47.0,47.0,47.0,47.0,47.0,47.0,47.0,0.0,0.0,0.0,0.0,0.0,0.0,0.0,0.0,0.0,0.0,0.0,0.0,0.0,0.0,0.0,0.0,0.0,0.0,0.0,0.0,0.0,0.0,0.0,0.0,0.0,0.0,0.0,0.0,0.0,0.0,0.0,0.0,0.0,0.0,0.0,0.0,0.0,0.0,0.0,0.0,0.0,0.0,0.0,0.0,0.0,0.0,0.0,0.0,0.0,0.0,0.0,0.0,0.0,0.0,0.0,0.0,0.0,0.0,0.0,0.0,0.0,0.0,0.0,0.0,0.0,0.0,0.0,0.0,0.0,0.0,0.0,0.0,0.0,0.0,0.0,0.0,0.0,47.0,47.0,47.0,47.0,47.0,0.0,0.0,0.0,0.0,0.0,0.0,0.0,0.0,0.0,0.0,0.0,0.0,0.0,0.0,0.0,0.0,0.0,0.0,0.0,0.0,0.0,0.0,0.0,0.0,0.0,0.0,0.0,0.0,0.0,0.0,47.0,47.0,47.0,47.0,...
1763031206,837767413,laser,-3.1241390705108643,3.1415927410125732,0.0034828970674425364,5.369374048314057e-05,0.09659503400325775,0.15000000596046448,16.0,inf,inf,7.288000106811523,7.288000106811523,7.288000106811523,7.288000106811523,7.288000106811523,7.263999938964844,7.263999938964844,7.263999938964844,7.25600004196167,7.25600004196167,7.25600004196167,7.25600004196167,7.248000144958496,7.248000144958496,7.248000144958496,7.248000144958496,7.263999938964844,7.271999835968018,7.271999835968018,7.25600004196167,7.239999771118164,7.239999771118164,7.248000144958496,7.239999771118164,7.239999771118164,7.248000144958496,7.248000144958496,7.25600004196167,7.263999938964844,inf,inf,inf,inf,inf,inf,inf,inf,inf,inf,inf,inf,inf,inf,inf,inf,inf,inf,inf,inf,inf,3.759999990463257,3.759999990463257,3.759999990463257,3.759999990463257,3.759999990463257,3.74399995803833,3.74399995803833,3.74399995803833,3.7360000610351562,3.740000009536743,3.747999906539917,3.747999906539917,3.752000093460083,3.752000093460083,2.884000062942505,2.884000062942505,2.884000062942505,2.884000062942505,2.8239998817443848,2.7720000743865967,2.7160000801086426,2.6519999504089355,2.6080000400543213,2.552000045776367,2.552000045776367,2.48799991607666,2.440000057220459,2.388000011444092,2.3399999141693115,2.2960000038146973,2.2720000743865967,2.247999906539917,2.196000099182129,2.1559998989105225,2.1559998989105225,2.111999988555908,2.0840001106262207,2.052000045776367,2.0199999809265137,2.0,1.9819999933242798,1.9559999704360962,1.937999963760376,1.937999963760376,1.9240000247955322,1.9140000343322754,1.899999976158142,1.8760000467300415,1.8539999723434448,1.8320000171661377,1.809999942779541,1.7899999618530273,1.7899999618530273,1.7640000581741333,1.7380000352859497,1.718000054359436,1.7020000219345093,1.684000015258789,1.6619999408721924,1.5099999904632568,1.5099999904632568,1.4980000257492065,1.4980000257492065,1.4980000257492065,1.4859999418258667,1.4739999771118164,inf,inf,inf,inf,1.4040000438690186,1.4040000438690186,1.4040000438690186,1.4040000438690186,1.4040000438690186,1.3940000534057617,...,0.0,47.0,47.0,47.0,47.0,47.0,47.0,47.0,47.0,47.0,47.0,47.0,0.0,0.0,0.0,0.0,0.0,0.0,47.0,47.0,47.0,47.0,47.0,0.0,0.0,0.0,0.0,0.0,0.0,0.0,0.0,0.0,0.0,0.0,0.0,0.0,0.0,0.0,0.0,0.0,0.0,0.0,0.0,0.0,0.0,0.0,0.0,0.0,0.0,0.0,0.0,0.0,0.0,0.0,0.0,0.0,0.0,0.0,0.0,0.0,0.0,0.0,0.0,0.0,0.0,0.0,0.0,0.0,0.0,0.0,0.0,0.0,0.0,0.0,0.0,0.0,0.0,0.0,0.0,0.0,0.0,0.0,0.0,0.0,0.0,0.0,0.0,0.0,0.0,47.0,47.0,47.0,47.0,47.0,0.0,0.0,0.0,0.0,0.0,0.0,0.0,0.0,0.0,0.0,0.0,0.0,47.0,47.0,47.0,47.0,47.0,0.0,0.0,0.0,0.0,0.0,0.0,0.0,0.0,0.0,0.0,0.0,0.0,0.0,0.0,47.0,47.0,47.0,...
1763031206,935919167,laser,-3.1241390705108643,3.1415927410125732,0.0034828970674425364,5.377543857321143e-05,0.09674201160669327,0.15000000596046448,16.0,inf,inf,inf,inf,7.288000106811523,7.288000106811523,7.288000106811523,7.288000106811523,7.288000106811523,7.263999938964844,7.25600004196167,7.25600004196167,7.25600004196167,7.248000144958496,7.248000144958496,7.248000144958496,7.248000144958496,7.248000144958496,7.263999938964844,7.263999938964844,7.25600004196167,7.25600004196167,7.239999771118164,7.239999771118164,7.25600004196167,7.25600004196167,7.248000144958496,7.248000144958496,7.25600004196167,7.25600004196167,7.271999835968018,7.239999771118164,inf,inf,inf,inf,inf,inf,inf,inf,inf,inf,inf,inf,inf,inf,inf,inf,inf,inf,inf,4.044000148773193,4.044000148773193,4.044000148773193,4.044000148773193,4.044000148773193,3.75600004196167,3.75600004196167,3.75600004196167,3.74399995803833,3.740000009536743,3.740000009536743,3.740000009536743,3.74399995803833,3.747999906539917,3.752000093460083,2.884000062942505,2.884000062942505,2.884000062942505,2.8239998817443848,2.8239998817443848,2.75600004196167,2.75600004196167,2.6480000019073486,2.6480000019073486,2.5920000076293945,2.5360000133514404,2.48799991607666,2.440000057220459,2.384000062942505,2.3399999141693115,2.2960000038146973,2.24399995803833,2.24399995803833,2.196000099182129,2.196000099182129,2.1519999504089355,2.111999988555908,2.0799999237060547,2.052000045776367,2.0160000324249268,1.9880000352859497,1.9579999446868896,1.9279999732971191,1.9279999732971191,1.9140000343322754,1.899999976158142,1.8880000114440918,1.878000020980835,1.8619999885559082,1.843999981880188,1.8259999752044678,1.8259999752044678,1.8040000200271606,1.7799999713897705,1.75600004196167,1.7339999675750732,1.7139999866485596,1.6959999799728394,1.6740000247955322,1.6540000438690186,1.6540000438690186,1.49399995803833,1.49399995803833,1.49399995803833,1.49399995803833,1.4839999675750732,inf,inf,inf,inf,1.4040000438690186,1.4040000438690186,1.4040000438690186,1.4040000438690186,1.4040000438690186,1.3899999856948853,1.3899999856948853,...,0.0,47.0,47.0,47.0,47.0,47.0,47.0,47.0,47.0,47.0,47.0,47.0,47.0,0.0,0.0,0.0,0.0,0.0,0.0,47.0,47.0,47.0,47.0,47.0,0.0,0.0,0.0,0.0,0.0,0.0,0.0,0.0,0.0,0.0,0.0,0.0,0.0,0.0,0.0,0.0,0.0,0.0,0.0,0.0,0.0,0.0,0.0,0.0,0.0,0.0,0.0,0.0,0.0,0.0,0.0,0.0,0.0,0.0,0.0,0.0,0.0,0.0,0.0,0.0,0.0,0.0,0.0,0.0,0.0,0.0,0.0,0.0,0.0,0.0,0.0,0.0,0.0,0.0,0.0,0.0,0.0,0.0,0.0,0.0,0.0,0.0,0.0,0.0,0.0,0.0,47.0,47.0,47.0,47.0,47.0,0.0,0.0,0.0,0.0,0.0,0.0,0.0,0.0,0.0,0.0,0.0,0.0,0.0,0.0,0.0,0.0,0.0,0.0,0.0,0.0,0.0,0.0,0.0,0.0,0.0,0.0,0.0,0.0,0.0,0.0,0.0,47.0,47.0,...
1763031207,34173833,laser,-3.1241390705108643,3.1415927410125732,0.0034828970674425364,5.3765150369144976e-05,0.09672350436449051,0.15000000596046448,16.0,inf,inf,inf,7.28000020980835,7.28000020980835,7.28000020980835,7.28000020980835,7.28000020980835,7.263999938964844,7.263999938964844,7.263999938964844,7.263999938964844,7.25600004196167,7.25600004196167,7.248000144958496,7.248000144958496,7.25600004196167,7.25600004196167,7.25600004196167,7.25600004196167,7.25600004196167,7.248000144958496,7.239999771118164,7.248000144958496,7.25600004196167,7.239999771118164,7.239999771118164,7.239999771118164,7.263999938964844,7.271999835968018,7.271999835968018,10.527999877929688,10.527999877929688,inf,inf,inf,inf,inf,inf,inf,inf,inf,inf,inf,inf,inf,inf,inf,inf,inf,4.004000186920166,4.004000186920166,4.004000186920166,4.004000186920166,4.004000186920166,3.8919999599456787,3.8919999599456787,3.7960000038146973,3.74399995803833,3.74399995803833,3.74399995803833,3.740000009536743,3.740000009536743,3.747999906539917,3.747999906539917,3.752000093460083,3.752000093460083,2.931999921798706,2.884000062942505,2.884000062942505,2.884000062942505,2.7279999256134033,2.684000015258789,2.684000015258789,2.640000104904175,2.5880000591278076,2.5360000133514404,2.4760000705718994,2.4159998893737793,2.371999979019165,2.371999979019165,2.3359999656677246,2.299999952316284,2.196000099182129,2.196000099182129,2.187999963760376,2.1519999504089355,2.115999937057495,2.0799999237060547,2.049999952316284,2.049999952316284,2.00600004196167,1.9759999513626099,1.9459999799728394,1.9160000085830688,1.8919999599456787,1.8760000467300415,1.8619999885559082,1.8519999980926514,1.843999981880188,1.843999981880188,1.8300000429153442,1.815999984741211,1.7979999780654907,1.7740000486373901,1.7519999742507935,1.7300000190734863,1.7100000381469727,1.6920000314712524,1.6920000314712524,1.6679999828338623,1.6460000276565552,1.5099999904632568,1.5099999904632568,1.5099999904632568,1.496000051498413,1.4800000190734863,1.465999960899353,inf,inf,1.4320000410079956,1.4320000410079956,1.4320000410079956,1.4320000410079956,1.4320000410079956,1.399999976158142,1.399999976158142,1.399999976158142,...,0.0,47.0,47.0,47.0,47.0,47.0,47.0,47.0,47.0,47.0,47.0,0.0,0.0,0.0,0.0,0.0,0.0,0.0,0.0,0.0,0.0,0.0,0.0,0.0,0.0,0.0,0.0,0.0,0.0,0.0,0.0,0.0,0.0,0.0,0.0,0.0,0.0,0.0,0.0,0.0,0.0,0.0,0.0,0.0,0.0,0.0,0.0,0.0,0.0,0.0,0.0,0.0,0.0,0.0,0.0,0.0,0.0,0.0,0.0,0.0,0.0,0.0,0.0,0.0,0.0,0.0,0.0,0.0,0.0,0.0,47.0,47.0,47.0,47.0,47.0,0.0,0.0,0.0,0.0,0.0,0.0,0.0,0.0,0.0,0.0,0.0,0.0,0.0,0.0,0.0,0.0,47.0,47.0,47.0,47.0,47.0,0.0,0.0,0.0,0.0,0.0,0.0,0.0,0.0,0.0,0.0,0.0,0.0,0.0,0.0,0.0,0.0,0.0,0.0,0.0,0.0,0.0,0.0,0.0,0.0,0.0,0.0,0.0,47.0,47.0,47.0,47.0,47.0,...
1763031207,132451743,laser,-3.1241390705108643,3.1415927410125732,0.0034828970674425364,5.376239641918801e-05,0.09671854972839355,0.15000000596046448,16.0,inf,inf,7.271999835968018,7.271999835968018,7.271999835968018,7.271999835968018,7.271999835968018,7.263999938964844,7.263999938964844,7.263999938964844,7.263999938964844,7.25600004196167,7.25600004196167,7.25600004196167,7.25600004196167,7.25600004196167,7.263999938964844,7.263999938964844,7.263999938964844,7.263999938964844,7.25600004196167,7.248000144958496,7.248000144958496,7.25600004196167,7.25600004196167,7.25600004196167,7.248000144958496,7.248000144958496,7.263999938964844,7.28000020980835,7.248000144958496,10.51200008392334,10.51200008392334,10.51200008392334,inf,inf,inf,inf,inf,inf,inf,inf,inf,inf,inf,inf,inf,inf,inf,inf,inf,inf,3.7639999389648438,3.7639999389648438,3.7639999389648438,3.7639999389648438,3.7639999389648438,3.74399995803833,3.74399995803833,3.74399995803833,3.7360000610351562,3.740000009536743,3.747999906539917,3.747999906539917,3.752000093460083,3.75600004196167,2.884000062942505,2.884000062942505,2.884000062942505,2.884000062942505,2.8440001010894775,2.7920000553131104,2.7119998931884766,2.6480000019073486,2.6040000915527344,2.6040000915527344,2.5480000972747803,2.48799991607666,2.440000057220459,2.388000011444092,2.3440001010894775,2.2960000038146973,2.2720000743865967,2.247999906539917,2.247999906539917,2.196000099182129,2.1559998989105225,2.115999937057495,2.0920000076293945,2.059999942779541,2.0199999809265137,1.9980000257492065,1.9739999771118164,1.9459999799728394,1.9179999828338623,1.9179999828338623,1.9019999504089355,1.8960000276565552,1.8880000114440918,1.8680000305175781,1.8519999980926514,1.8320000171661377,1.812000036239624,1.7860000133514404,1.7860000133514404,1.7599999904632568,1.7419999837875366,1.7200000286102295,1.7039999961853027,1.684000015258789,1.6619999408721924,1.628000020980835,1.5099999904632568,1.5,1.5,1.4900000095367432,1.4900000095367432,1.4759999513626099,inf,inf,inf,inf,1.406000018119812,1.406000018119812,1.406000018119812,1.406000018119812,1.406000018119812,1.3980000019073486,...,0.0,47.0,47.0,47.0,47.0,47.0,47.0,47.0,47.0,47.0,47.0,47.0,0.0,0.0,0.0,0.0,0.0,47.0,47.0,47.0,47.0,47.0,0.0,0.0,0.0,0.0,0.0,0.0,0.0,0.0,0.0,0.0,0.0,0.0,0.0,0.0,0.0,0.0,0.0,0.0,0.0,0.0,0.0,0.0,0.0,0.0,0.0,0.0,0.0,0.0,0.0,0.0,0.0,0.0,0.0,0.0,0.0,0.0,0.0,0.0,0.0,0.0,0.0,0.0,0.0,0.0,0.0,0.0,0.0,0.0,0.0,0.0,0.0,0.0,0.0,0.0,0.0,0.0,0.0,0.0,0.0,0.0,0.0,0.0,0.0,0.0,0.0,0.0,0.0,0.0,0.0,0.0,0.0,0.0,0.0,0.0,0.0,0.0,0.0,0.0,0.0,0.0,0.0,0.0,0.0,0.0,0.0,0.0,0.0,0.0,0.0,0.0,0.0,0.0,0.0,0.0,0.0,0.0,0.0,0.0,0.0,0.0,0.0,0.0,47.0,47.0,47.0,47.0,...
1763031207,230885390,laser,-3.1241390705108643,3.1415927410125732,0.0034828970674425364,5.367435733205639e-05,0.09656016528606415,0.15000000596046448,16.0,inf,inf,inf,inf,7.288000106811523,7.288000106811523,7.288000106811523,7.288000106811523,7.288000106811523,7.263999938964844,7.25600004196167,7.25600004196167,7.263999938964844,7.25600004196167,7.25600004196167,7.248000144958496,7.25600004196167,7.25600004196167,7.25600004196167,7.263999938964844,7.263999938964844,7.263999938964844,7.239999771118164,7.239999771118164,7.25600004196167,7.25600004196167,7.248000144958496,7.248000144958496,7.263999938964844,7.263999938964844,7.271999835968018,7.199999809265137,inf,inf,inf,inf,inf,inf,inf,inf,inf,inf,inf,inf,inf,inf,inf,inf,inf,inf,inf,inf,inf,3.864000082015991,3.864000082015991,3.864000082015991,3.864000082015991,3.864000082015991,3.7799999713897705,3.740000009536743,3.7360000610351562,3.740000009536743,3.747999906539917,3.747999906539917,3.752000093460083,3.752000093460083,2.9040000438690186,2.9040000438690186,2.8559999465942383,2.8559999465942383,2.8559999465942383,2.7880001068115234,2.7160000801086426,2.6519999504089355,2.6040000915527344,2.6040000915527344,2.555999994277954,2.496000051498413,2.444000005722046,2.3919999599456787,2.3519999980926514,2.2839999198913574,2.2839999198913574,2.200000047683716,2.1600000858306885,2.1600000858306885,2.1600000858306885,2.115999937057495,2.0920000076293945,2.068000078201294,2.0320000648498535,2.00600004196167,1.9900000095367432,1.965999960899353,1.9520000219345093,1.9520000219345093,1.940000057220459,1.9259999990463257,1.9079999923706055,1.8819999694824219,1.8559999465942383,1.8339999914169312,1.8140000104904175,1.7899999618530273,1.7899999618530273,1.7640000581741333,1.7419999837875366,1.722000002861023,1.7039999961853027,1.684000015258789,1.6619999408721924,1.6299999952316284,1.5160000324249268,1.5160000324249268,1.5019999742507935,1.4900000095367432,1.4900000095367432,1.4759999513626099,inf,inf,inf,inf,inf,1.4079999923706055,1.4079999923706055,1.4079999923706055,1.4079999923706055,1.4079999923706055,...,0.0,47.0,47.0,47.0,47.0,47.0,47.0,47.0,47.0,47.0,47.0,47.0,47.0,0.0,0.0,0.0,0.0,0.0,0.0,47.0,47.0,47.0,47.0,47.0,0.0,0.0,0.0,0.0,0.0,0.0,0.0,0.0,0.0,0.0,0.0,0.0,0.0,0.0,0.0,0.0,0.0,0.0,0.0,0.0,0.0,0.0,0.0,0.0,0.0,0.0,0.0,0.0,0.0,0.0,0.0,0.0,0.0,0.0,0.0,0.0,0.0,0.0,0.0,0.0,0.0,0.0,0.0,0.0,0.0,0.0,0.0,0.0,0.0,0.0,0.0,0.0,0.0,0.0,0.0,0.0,0.0,0.0,0.0,0.0,0.0,0.0,0.0,0.0,0.0,0.0,0.0,0.0,0.0,0.0,0.0,0.0,0.0,0.0,0.0,0.0,0.0,0.0,0.0,0.0,0.0,0.0,0.0,47.0,47.0,47.0,47.0,47.0,0.0,0.0,0.0,0.0,0.0,0.0,0.0,0.0,0.0,0.0,0.0,0.0,0.0,0.0,0.0,0.0,...
1763031207,329218552,laser,-3.1241390705108643,3.1415927410125732,0.0034828970674425364,5.7017583458218724e-05,0.10257463157176971,0.15000000596046448,16.0,inf,7.288000106811523,7.288000106811523,7.288000106811523,7.288000106811523,7.288000106811523,7.271999835968018,7.271999835968018,7.271999835968018,7.271999835968018,7.263999938964844,7.25600004196167,7.25600004196167,7.248000144958496,7.248000144958496,7.248000144958496,7.25600004196167,7.25600004196167,7.263999938964844,7.263999938964844,7.25600004196167,7.25600004196167,7.239999771118164,7.239999771118164,7.25600004196167,7.25600004196167,7.248000144958496,7.25600004196167,7.263999938964844,7.263999938964844,7.271999835968018,7.271999835968018,10.416000366210938,10.416000366210938,10.416000366210938,inf,inf,inf,inf,inf,inf,inf,inf,inf,inf,inf,inf,inf,inf,inf,3.880000114440918,3.880000114440918,3.880000114440918,3.880000114440918,3.880000114440918,3.7960000038146973,3.7960000038146973,3.7960000038146973,3.7960000038146973,3.74399995803833,3.74399995803833,3.747999906539917,3.747999906539917,3.747999906539917,3.747999906539917,3.747999906539917,2.940000057220459,2.940000057220459,2.940000057220459,2.868000030517578,2.868000030517578,2.7920000553131104,2.7279999256134033,2.6679999828338623,2.624000072479248,2.568000078201294,2.5199999809265137,2.5199999809265137,2.4760000705718994,2.4200000762939453,2.371999979019165,2.3320000171661377,2.303999900817871,2.184000015258789,2.184000015258789,2.184000015258789,2.131999969482422,2.0999999046325684,2.0999999046325684,2.072000026702881,2.0420000553131104,2.01200008392334,1.9819999933242798,1.9479999542236328,1.9119999408721924,1.8940000534057617,1.8839999437332153,1.871999979019165,1.8580000400543213,1.8580000400543213,1.8480000495910645,1.8339999914169312,1.8140000104904175,1.7940000295639038,1.7719999551773071,1.75,1.7300000190734863,1.7300000190734863,1.7079999446868896,1.6859999895095825,1.6640000343322754,1.6460000276565552,1.5260000228881836,1.5260000228881836,1.503999948501587,1.4919999837875366,1.468000054359436,inf,inf,inf,inf,inf,inf,inf,1.3980000019073486,1.3980000019073486,1.3980000019073486,1.3980000019073486,...,47.0,47.0,47.0,47.0,47.0,47.0,47.0,47.0,47.0,47.0,47.0,47.0,0.0,0.0,0.0,0.0,0.0,0.0,47.0,47.0,47.0,47.0,47.0,0.0,0.0,0.0,0.0,0.0,0.0,0.0,0.0,0.0,0.0,0.0,0.0,0.0,0.0,0.0,0.0,0.0,0.0,0.0,0.0,0.0,0.0,0.0,0.0,0.0,0.0,0.0,0.0,0.0,0.0,0.0,0.0,0.0,0.0,0.0,0.0,0.0,0.0,0.0,0.0,0.0,0.0,0.0,0.0,0.0,0.0,0.0,0.0,0.0,0.0,0.0,0.0,0.0,0.0,0.0,0.0,0.0,0.0,0.0,0.0,0.0,0.0,0.0,0.0,0.0,0.0,0.0,0.0,0.0,0.0,0.0,0.0,0.0,0.0,0.0,0.0,0.0,0.0,0.0,0.0,0.0,0.0,0.0,0.0,0.0,0.0,0.0,0.0,0.0,0.0,0.0,0.0,0.0,0.0,0.0,0.0,0.0,0.0,0.0,0.0,0.0,0.0,0.0,0.0,0.0,...
1763031207,433372978,laser,-3.1241390705108643,3.1415927410125732,0.0034828970674425364,5.3749616199638695e-05,0.09669555723667145,0.15000000596046448,16.0,inf,inf,7.263999938964844,7.263999938964844,7.263999938964844,7.263999938964844,7.263999938964844,7.263999938964844,7.263999938964844,7.263999938964844,7.263999938964844,7.25600004196167,7.248000144958496,7.248000144958496,7.25600004196167,7.248000144958496,7.248000144958496,7.25600004196167,7.25600004196167,7.25600004196167,7.25600004196167,7.25600004196167,7.25600004196167,7.25600004196167,7.25600004196167,7.25600004196167,7.248000144958496,7.248000144958496,7.263999938964844,7.28000020980835,7.271999835968018,7.271999835968018,10.447999954223633,10.447999954223633,inf,inf,inf,inf,inf,inf,inf,inf,inf,inf,inf,inf,inf,inf,inf,inf,inf,inf,3.880000114440918,3.880000114440918,3.880000114440918,3.880000114440918,3.880000114440918,3.7960000038146973,3.7960000038146973,3.74399995803833,3.74399995803833,3.740000009536743,3.74399995803833,3.752000093460083,3.752000093460083,3.752000093460083,3.752000093460083,2.880000114440918,2.880000114440918,2.880000114440918,2.880000114440918,2.7279999256134033,2.7279999256134033,2.6679999828338623,2.624000072479248,2.568000078201294,2.507999897003174,2.4639999866485596,2.4639999866485596,2.375999927520752,2.375999927520752,2.3320000171661377,2.303999900817871,2.196000099182129,2.184000015258789,2.184000015258789,2.140000104904175,2.1080000400543213,2.1080000400543213,2.078000068664551,2.0460000038146973,2.009999990463257,1.9800000190734863,1.9479999542236328,1.9119999408721924,1.8919999599456787,1.8799999952316284,1.8680000305175781,1.8580000400543213,1.8580000400543213,1.8480000495910645,1.8339999914169312,1.8140000104904175,1.7940000295639038,1.7740000486373901,1.7519999742507935,1.7300000190734863,1.7079999446868896,1.7079999446868896,1.687999963760376,1.6660000085830688,1.6460000276565552,1.50600004196167,1.50600004196167,1.4919999837875366,1.4919999837875366,1.4819999933242798,1.465999960899353,inf,1.4320000410079956,1.4320000410079956,1.4320000410079956,1.4320000410079956,1.4320000410079956,1.4019999504089355,1.4019999504089355,1.4019999504089355,1.3839999437332153,...,0.0,47.0,47.0,47.0,47.0,47.0,47.0,47.0,47.0,47.0,47.0,0.0,0.0,0.0,0.0,0.0,0.0,0.0,0.0,0.0,0.0,0.0,0.0,0.0,0.0,0.0,0.0,0.0,0.0,0.0,0.0,0.0,0.0,0.0,0.0,0.0,0.0,0.0,0.0,0.0,0.0,0.0,0.0,0.0,0.0,0.0,0.0,0.0,0.0,0.0,0.0,0.0,0.0,0.0,0.0,0.0,0.0,0.0,0.0,0.0,0.0,0.0,0.0,0.0,0.0,0.0,0.0,0.0,0.0,0.0,0.0,0.0,0.0,0.0,0.0,0.0,0.0,0.0,0.0,0.0,0.0,0.0,0.0,0.0,0.0,0.0,0.0,0.0,0.0,0.0,0.0,0.0,0.0,0.0,0.0,0.0,0.0,0.0,0.0,0.0,0.0,0.0,0.0,0.0,0.0,0.0,0.0,0.0,0.0,0.0,0.0,0.0,0.0,0.0,0.0,0.0,0.0,0.0,0.0,0.0,0.0,0.0,0.0,0.0,47.0,47.0,47.0,47.0,...
1763031207,531851466,laser,-3.1241390705108643,3.1415927410125732,0.0034828970674425364,5.3601423132931814e-05,0.09642896056175232,0.15000000596046448,16.0,inf,inf,inf,inf,inf,7.263999938964844,7.263999938964844,7.263999938964844,7.263999938964844,7.263999938964844,7.263999938964844,7.25600004196167,7.248000144958496,7.25600004196167,7.25600004196167,7.25600004196167,7.25600004196167,7.263999938964844,7.263999938964844,7.263999938964844,7.25600004196167,7.25600004196167,7.248000144958496,7.25600004196167,7.25600004196167,7.25600004196167,7.248000144958496,7.248000144958496,7.263999938964844,7.271999835968018,7.263999938964844,7.263999938964844,10.447999954223633,10.447999954223633,inf,inf,inf,inf,inf,inf,inf,inf,inf,inf,inf,inf,inf,inf,inf,inf,inf,inf,inf,3.803999900817871,3.803999900817871,3.803999900817871,3.803999900817871,3.803999900817871,3.752000093460083,3.74399995803833,3.740000009536743,3.740000009536743,3.740000009536743,3.74399995803833,3.747999906539917,3.752000093460083,2.880000114440918,2.880000114440918,2.808000087738037,2.808000087738037,2.808000087738037,2.74399995803833,2.691999912261963,2.6440000534057617,2.5959999561309814,2.5959999561309814,2.5399999618530273,2.4800000190734863,2.431999921798706,2.384000062942505,2.3320000171661377,2.2920000553131104,2.247999906539917,2.2200000286102295,2.196000099182129,2.196000099182129,2.1480000019073486,2.1080000400543213,2.0759999752044678,2.055999994277954,2.0199999809265137,1.9880000352859497,1.9700000286102295,1.9479999542236328,1.9479999542236328,1.934000015258789,1.9259999990463257,1.9160000085830688,1.8980000019073486,1.8760000467300415,1.8519999980926514,1.8339999914169312,1.8079999685287476,1.8079999685287476,1.7799999713897705,1.75600004196167,1.7339999675750732,1.7120000123977661,1.6959999799728394,1.6740000247955322,1.649999976158142,1.649999976158142,1.534000039100647,1.5080000162124634,1.5,1.5,1.4880000352859497,1.4759999513626099,inf,inf,inf,inf,inf,1.4019999504089355,1.4019999504089355,1.4019999504089355,1.4019999504089355,1.4019999504089355,...,0.0,47.0,47.0,47.0,47.0,47.0,47.0,47.0,47.0,47.0,47.0,47.0,47.0,0.0,0.0,0.0,0.0,0.0,47.0,47.0,47.0,47.0,47.0,0.0,0.0,0.0,0.0,0.0,0.0,0.0,0.0,0.0,0.0,0.0,0.0,0.0,0.0,0.0,0.0,0.0,0.0,0.0,0.0,0.0,0.0,0.0,0.0,0.0,0.0,0.0,0.0,0.0,0.0,0.0,0.0,0.0,0.0,0.0,0.0,0.0,0.0,0.0,0.0,0.0,0.0,0.0,0.0,0.0,47.0,47.0,47.0,47.0,47.0,0.0,0.0,0.0,0.0,0.0,0.0,0.0,0.0,0.0,0.0,0.0,0.0,0.0,0.0,0.0,0.0,0.0,0.0,0.0,0.0,0.0,0.0,0.0,0.0,0.0,0.0,0.0,0.0,0.0,0.0,0.0,0.0,0.0,0.0,0.0,0.0,0.0,0.0,0.0,0.0,0.0,0.0,0.0,0.0,0.0,0.0,0.0,0.0,0.0,0.0,0.0,0.0,0.0,0.0,0.0,...
1763031207,630010062,laser,-3.1241390705108643,3.1415927410125732,0.0034828970674425364,5.369567224988714e-05,0.09659851342439651,0.15000000596046448,16.0,inf,inf,7.271999835968018,7.271999835968018,7.271999835968018,7.271999835968018,7.271999835968018,7.263999938964844,7.263999938964844,7.263999938964844,7.25600004196167,7.25600004196167,7.25600004196167,7.25600004196167,7.248000144958496,7.248000144958496,7.263999938964844,7.263999938964844,7.263999938964844,7.263999938964844,7.25600004196167,7.248000144958496,7.239999771118164,7.248000144958496,7.25600004196167,7.248000144958496,7.248000144958496,7.248000144958496,7.263999938964844,7.271999835968018,7.263999938964844,inf,inf,inf,inf,inf,inf,inf,inf,inf,inf,inf,inf,inf,inf,inf,inf,inf,inf,inf,inf,inf,inf,inf,3.759999990463257,3.759999990463257,3.759999990463257,3.759999990463257,3.759999990463257,3.747999906539917,3.7360000610351562,3.740000009536743,3.740000009536743,3.74399995803833,3.747999906539917,3.752000093460083,2.880000114440918,2.880000114440918,2.880000114440918,2.819999933242798,2.819999933242798,2.7639999389648438,2.7039999961853027,2.6480000019073486,2.5920000076293945,2.5920000076293945,2.5399999618530273,2.4800000190734863,2.431999921798706,2.384000062942505,2.3359999656677246,2.2920000553131104,2.2679998874664307,2.240000009536743,2.240000009536743,2.196000099182129,2.1519999504089355,2.1080000400543213,2.0799999237060547,2.055999994277954,2.0220000743865967,1.9900000095367432,1.972000002861023,1.940000057220459,1.9179999828338623,1.9179999828338623,1.906000018119812,1.899999976158142,1.8880000114440918,1.8700000047683716,1.8519999980926514,1.8339999914169312,1.809999942779541,1.781999945640564,1.781999945640564,1.7580000162124634,1.7359999418258667,1.7139999866485596,1.6959999799728394,1.6779999732971191,1.659999966621399,1.628000020980835,1.5119999647140503,1.5119999647140503,1.5,1.4880000352859497,1.4880000352859497,inf,inf,inf,inf,1.4040000438690186,1.4040000438690186,1.4040000438690186,1.4040000438690186,1.4040000438690186,1.3940000534057617,1.3940000534057617,...,0.0,47.0,47.0,47.0,47.0,47.0,47.0,47.0,47.0,47.0,47.0,47.0,0.0,0.0,0.0,0.0,0.0,0.0,0.0,0.0,0.0,0.0,0.0,0.0,0.0,0.0,0.0,0.0,0.0,0.0,0.0,0.0,0.0,0.0,0.0,0.0,0.0,0.0,0.0,0.0,0.0,0.0,0.0,0.0,0.0,0.0,0.0,0.0,0.0,0.0,0.0,0.0,0.0,0.0,0.0,0.0,0.0,0.0,0.0,0.0,0.0,0.0,0.0,0.0,0.0,0.0,0.0,0.0,0.0,0.0,0.0,0.0,0.0,0.0,0.0,0.0,0.0,0.0,0.0,0.0,0.0,0.0,0.0,0.0,0.0,0.0,0.0,0.0,0.0,47.0,47.0,47.0,47.0,47.0,0.0,0.0,0.0,0.0,0.0,0.0,0.0,0.0,0.0,0.0,0.0,0.0,0.0,0.0,0.0,0.0,0.0,0.0,0.0,0.0,0.0,0.0,0.0,0.0,0.0,0.0,0.0,0.0,0.0,0.0,47.0,47.0,47.0,47.0,...
1763031207,728422412,laser,-3.1241390705108643,3.1415927410125732,0.0034828970674425364,5.358817725209519e-05,0.09640513360500336,0.15000000596046448,16.0,inf,inf,inf,7.288000106811523,7.288000106811523,7.288000106811523,7.288000106811523,7.288000106811523,7.263999938964844,7.263999938964844,7.25600004196167,7.25600004196167,7.25600004196167,7.25600004196167,7.248000144958496,7.248000144958496,7.25600004196167,7.25600004196167,7.25600004196167,7.25600004196167,7.25600004196167,7.25600004196167,7.239999771118164,7.239999771118164,7.248000144958496,7.248000144958496,7.248000144958496,7.248000144958496,7.263999938964844,7.271999835968018,7.263999938964844,10.527999877929688,inf,inf,inf,inf,inf,inf,inf,inf,inf,inf,inf,inf,inf,inf,inf,inf,inf,inf,inf,inf,inf,3.7960000038146973,3.7960000038146973,3.7960000038146973,3.7960000038146973,3.7960000038146973,3.74399995803833,3.74399995803833,3.740000009536743,3.74399995803833,3.752000093460083,3.752000093460083,3.752000093460083,3.752000093460083,3.752000093460083,2.936000108718872,2.875999927520752,2.875999927520752,2.875999927520752,2.812000036239624,2.7320001125335693,2.6679999828338623,2.624000072479248,2.572000026702881,2.51200008392334,2.4560000896453857,2.4000000953674316,2.368000030517578,2.368000030517578,2.3320000171661377,2.2920000553131104,2.191999912261963,2.191999912261963,2.187999963760376,2.1440000534057617,2.1040000915527344,2.068000078201294,2.0399999618530273,2.002000093460083,2.002000093460083,1.9700000286102295,1.944000005722046,1.9119999408721924,1.8880000114440918,1.8680000305175781,1.8519999980926514,1.840000033378601,1.8339999914169312,1.8339999914169312,1.8220000267028809,1.809999942779541,1.7920000553131104,1.7719999551773071,1.753999948501587,1.7339999675750732,1.7120000123977661,1.6920000314712524,1.6660000085830688,1.6660000085830688,1.6460000276565552,1.5119999647140503,1.5119999647140503,1.5119999647140503,1.5,1.4859999418258667,1.468000054359436,inf,inf,1.4320000410079956,1.4320000410079956,1.4320000410079956,1.4320000410079956,1.4320000410079956,1.399999976158142,1.399999976158142,1.399999976158142,...,0.0,47.0,47.0,47.0,47.0,47.0,47.0,47.0,47.0,47.0,47.0,0.0,0.0,0.0,0.0,0.0,0.0,0.0,0.0,0.0,0.0,0.0,0.0,0.0,0.0,0.0,0.0,0.0,0.0,0.0,0.0,0.0,0.0,0.0,0.0,0.0,0.0,0.0,0.0,0.0,0.0,0.0,0.0,0.0,0.0,0.0,0.0,0.0,0.0,0.0,0.0,0.0,0.0,0.0,0.0,0.0,0.0,0.0,0.0,0.0,0.0,0.0,0.0,0.0,0.0,0.0,0.0,0.0,0.0,0.0,0.0,0.0,0.0,0.0,0.0,0.0,0.0,0.0,0.0,0.0,0.0,0.0,0.0,0.0,0.0,0.0,0.0,0.0,0.0,0.0,0.0,47.0,47.0,47.0,47.0,47.0,0.0,0.0,0.0,0.0,0.0,0.0,0.0,0.0,0.0,0.0,0.0,0.0,0.0,0.0,0.0,0.0,0.0,0.0,0.0,0.0,0.0,0.0,0.0,0.0,0.0,0.0,0.0,0.0,0.0,0.0,0.0,0.0,...
1763031207,826578348,laser,-3.1241390705108643,3.1415927410125732,0.0034828970674425364,5.3720345022156835e-05,0.09664290398359299,0.15000000596046448,16.0,8.616000175476074,inf,7.271999835968018,7.271999835968018,7.271999835968018,7.271999835968018,7.271999835968018,7.271999835968018,7.271999835968018,7.271999835968018,7.271999835968018,7.25600004196167,7.25600004196167,7.25600004196167,7.25600004196167,7.25600004196167,7.25600004196167,7.25600004196167,7.263999938964844,7.263999938964844,7.25600004196167,7.248000144958496,7.248000144958496,7.25600004196167,7.25600004196167,7.25600004196167,7.248000144958496,7.248000144958496,7.263999938964844,7.271999835968018,7.248000144958496,7.248000144958496,10.383999824523926,10.383999824523926,inf,inf,inf,inf,inf,inf,inf,inf,inf,inf,4.688000202178955,4.688000202178955,4.688000202178955,4.688000202178955,4.688000202178955,inf,inf,inf,inf,inf,3.759999990463257,3.759999990463257,3.759999990463257,3.759999990463257,3.759999990463257,3.74399995803833,3.7320001125335693,3.740000009536743,3.740000009536743,3.752000093460083,3.75600004196167,3.752000093460083,2.884000062942505,2.884000062942505,2.884000062942505,2.828000068664551,2.828000068664551,2.7720000743865967,2.7160000801086426,2.6559998989105225,2.5999999046325684,2.5999999046325684,2.555999994277954,2.5,2.447999954223633,2.3919999599456787,2.3399999141693115,2.2920000553131104,2.2720000743865967,2.24399995803833,2.24399995803833,2.196000099182129,2.1559998989105225,2.111999988555908,2.0799999237060547,2.055999994277954,2.0280001163482666,1.996000051498413,1.972000002861023,1.9420000314712524,1.9199999570846558,1.9199999570846558,1.9079999923706055,1.9019999504089355,1.8899999856948853,1.8700000047683716,1.8519999980926514,1.8339999914169312,1.812000036239624,1.812000036239624,1.7899999618530273,1.7660000324249268,1.7400000095367432,1.7200000286102295,1.7000000476837158,1.6799999475479126,1.6619999408721924,1.628000020980835,1.5140000581741333,1.5140000581741333,1.5,1.4880000352859497,1.4880000352859497,1.4759999513626099,inf,inf,inf,1.4040000438690186,1.4040000438690186,1.4040000438690186,1.4040000438690186,1.4040000438690186,1.3940000534057617,1.3940000534057617,...,0.0,0.0,47.0,47.0,47.0,47.0,47.0,47.0,47.0,47.0,47.0,0.0,0.0,0.0,0.0,0.0,0.0,0.0,0.0,0.0,0.0,0.0,0.0,0.0,0.0,0.0,0.0,0.0,0.0,0.0,0.0,0.0,0.0,0.0,0.0,0.0,0.0,0.0,0.0,0.0,0.0,0.0,0.0,0.0,0.0,0.0,0.0,0.0,0.0,0.0,0.0,0.0,0.0,0.0,0.0,0.0,0.0,0.0,0.0,0.0,0.0,0.0,0.0,0.0,0.0,0.0,0.0,0.0,0.0,0.0,0.0,0.0,0.0,0.0,0.0,0.0,0.0,0.0,0.0,0.0,0.0,0.0,0.0,0.0,0.0,0.0,0.0,0.0,0.0,0.0,0.0,0.0,0.0,0.0,0.0,0.0,0.0,0.0,0.0,0.0,0.0,0.0,0.0,0.0,0.0,0.0,0.0,0.0,0.0,0.0,0.0,0.0,0.0,0.0,0.0,0.0,0.0,0.0,0.0,0.0,0.0,0.0,0.0,0.0,0.0,0.0,0.0,0.0,...
1763031207,924877625,laser,-3.1241390705108643,3.1415927410125732,0.0034828970674425364,5.7048517192015424e-05,0.10263027995824814,0.15000000596046448,16.0,inf,inf,inf,7.288000106811523,7.288000106811523,7.288000106811523,7.288000106811523,7.288000106811523,7.263999938964844,7.263999938964844,7.25600004196167,7.25600004196167,7.25600004196167,7.248000144958496,7.248000144958496,7.248000144958496,7.248000144958496,7.25600004196167,7.25600004196167,7.263999938964844,7.25600004196167,7.25600004196167,7.239999771118164,7.23199987411499,7.25600004196167,7.25600004196167,7.248000144958496,7.248000144958496,7.248000144958496,7.25600004196167,7.263999938964844,7.248000144958496,inf,inf,inf,inf,inf,inf,inf,inf,inf,inf,inf,inf,inf,inf,inf,inf,inf,inf,3.875999927520752,3.875999927520752,3.875999927520752,3.875999927520752,3.875999927520752,3.7880001068115234,3.7880001068115234,3.7880001068115234,3.7880001068115234,3.740000009536743,3.7360000610351562,3.74399995803833,3.747999906539917,3.747999906539917,3.747999906539917,3.747999906539917,2.9079999923706055,2.9079999923706055,2.9079999923706055,2.8480000495910645,2.8480000495910645,2.7880001068115234,2.7239999771118164,2.6600000858306885,2.6040000915527344,2.555999994277954,2.555999994277954,2.507999897003174,2.4639999866485596,2.3440001010894775,2.3440001010894775,2.308000087738037,2.299999952316284,2.180000066757202,2.180000066757202,2.1679999828338623,2.131999969482422,2.131999969482422,2.1040000915527344,2.068000078201294,2.0420000553131104,2.0239999294281006,2.002000093460083,1.9819999933242798,1.9700000286102295,1.9700000286102295,1.9500000476837158,1.934000015258789,1.9160000085830688,1.8899999856948853,1.8660000562667847,1.843999981880188,1.8179999589920044,1.7920000553131104,1.7680000066757202,1.7680000066757202,1.746000051498413,1.7300000190734863,1.7079999446868896,1.684000015258789,1.6619999408721924,1.6419999599456787,1.5180000066757202,1.5180000066757202,1.50600004196167,1.4919999837875366,1.4819999933242798,1.4819999933242798,1.465999960899353,inf,inf,inf,inf,inf,1.399999976158142,1.399999976158142,1.399999976158142,1.399999976158142,...,0.0,47.0,47.0,47.0,47.0,47.0,47.0,47.0,47.0,47.0,47.0,0.0,0.0,0.0,0.0,0.0,0.0,0.0,0.0,0.0,47.0,47.0,47.0,47.0,47.0,0.0,0.0,0.0,0.0,0.0,0.0,0.0,0.0,0.0,0.0,0.0,0.0,0.0,0.0,0.0,0.0,0.0,0.0,0.0,0.0,0.0,0.0,0.0,0.0,0.0,0.0,0.0,0.0,0.0,0.0,0.0,0.0,0.0,0.0,0.0,0.0,0.0,0.0,0.0,0.0,0.0,0.0,0.0,0.0,0.0,47.0,47.0,47.0,47.0,47.0,0.0,0.0,0.0,0.0,0.0,0.0,0.0,0.0,0.0,0.0,0.0,0.0,0.0,0.0,0.0,0.0,0.0,0.0,0.0,0.0,0.0,0.0,0.0,0.0,0.0,0.0,0.0,0.0,0.0,0.0,47.0,47.0,47.0,47.0,47.0,0.0,0.0,0.0,0.0,0.0,0.0,0.0,0.0,0.0,0.0,0.0,0.0,0.0,0.0,0.0,0.0,0.0,0.0,...
1763031208,28509020,laser,-3.1241390705108643,3.1415927410125732,0.0034828970674425364,5.4092688515083864e-05,0.09731274843215942,0.15000000596046448,16.0,8.640000343322754,inf,inf,7.28000020980835,7.28000020980835,7.28000020980835,7.28000020980835,7.28000020980835,7.271999835968018,7.271999835968018,7.271999835968018,7.25600004196167,7.25600004196167,7.248000144958496,7.248000144958496,7.248000144958496,7.248000144958496,7.25600004196167,7.263999938964844,7.263999938964844,7.25600004196167,7.239999771118164,7.239999771118164,7.239999771118164,7.25600004196167,7.25600004196167,7.248000144958496,7.248000144958496,7.25600004196167,7.25600004196167,7.271999835968018,7.248000144958496,10.407999992370605,10.407999992370605,10.407999992370605,inf,inf,inf,inf,inf,inf,inf,inf,inf,inf,inf,inf,inf,inf,inf,inf,inf,inf,inf,3.759999990463257,3.759999990463257,3.759999990463257,3.759999990463257,3.759999990463257,3.7360000610351562,3.7320001125335693,3.740000009536743,3.740000009536743,3.747999906539917,3.752000093460083,3.752000093460083,2.884000062942505,2.884000062942505,2.884000062942505,2.8440001010894775,2.8440001010894775,2.7880001068115234,2.7160000801086426,2.6559998989105225,2.6040000915527344,2.6040000915527344,2.555999994277954,2.5,2.444000005722046,2.3919999599456787,2.3440001010894775,2.2960000038146973,2.2799999713897705,2.252000093460083,2.252000093460083,2.200000047683716,2.1640000343322754,2.119999885559082,2.0840001106262207,2.059999942779541,2.0299999713897705,1.9980000257492065,1.9739999771118164,1.9459999799728394,1.9459999799728394,1.9160000085830688,1.8960000276565552,1.8899999856948853,1.8799999952316284,1.8600000143051147,1.8480000495910645,1.8300000429153442,1.8079999685287476,1.8079999685287476,1.7899999618530273,1.7660000324249268,1.7400000095367432,1.718000054359436,1.7039999961853027,1.684000015258789,1.6619999408721924,1.6360000371932983,1.5160000324249268,1.5160000324249268,1.4980000257492065,1.4980000257492065,1.4880000352859497,1.4759999513626099,inf,inf,inf,1.4079999923706055,1.4079999923706055,1.4079999923706055,1.4079999923706055,1.4079999923706055,1.3980000019073486,1.3980000019073486,...,0.0,47.0,47.0,47.0,47.0,47.0,47.0,47.0,47.0,47.0,47.0,0.0,0.0,0.0,0.0,0.0,0.0,0.0,0.0,0.0,47.0,47.0,47.0,47.0,47.0,0.0,0.0,0.0,0.0,0.0,0.0,0.0,0.0,0.0,0.0,0.0,0.0,0.0,0.0,0.0,0.0,0.0,0.0,0.0,0.0,0.0,0.0,0.0,0.0,0.0,0.0,0.0,0.0,0.0,0.0,0.0,0.0,0.0,0.0,0.0,0.0,0.0,0.0,0.0,0.0,0.0,0.0,0.0,0.0,0.0,0.0,0.0,0.0,0.0,0.0,0.0,0.0,0.0,0.0,0.0,0.0,0.0,0.0,0.0,0.0,0.0,0.0,0.0,0.0,0.0,0.0,0.0,0.0,0.0,0.0,0.0,0.0,0.0,0.0,0.0,0.0,0.0,0.0,0.0,0.0,0.0,0.0,0.0,0.0,0.0,0.0,0.0,0.0,0.0,0.0,0.0,0.0,0.0,0.0,0.0,0.0,0.0,0.0,0.0,0.0,0.0,0.0,0.0,...
1763031208,127139695,laser,-3.1241390705108643,3.1415927410125732,0.0034828970674425364,5.387198689277284e-05,0.09691570699214935,0.15000000596046448,16.0,8.64799976348877,inf,inf,7.288000106811523,7.288000106811523,7.288000106811523,7.288000106811523,7.288000106811523,7.263999938964844,7.263999938964844,7.25600004196167,7.25600004196167,7.25600004196167,7.248000144958496,7.248000144958496,7.248000144958496,7.25600004196167,7.248000144958496,7.25600004196167,7.263999938964844,7.263999938964844,7.25600004196167,7.239999771118164,7.239999771118164,7.248000144958496,7.239999771118164,7.248000144958496,7.248000144958496,7.248000144958496,7.25600004196167,7.263999938964844,7.248000144958496,inf,inf,inf,inf,inf,inf,inf,inf,inf,inf,inf,inf,inf,inf,inf,inf,4.104000091552734,4.104000091552734,4.104000091552734,4.104000091552734,4.104000091552734,3.98799991607666,3.98799991607666,3.98799991607666,3.871999979019165,3.7839999198913574,3.7839999198913574,3.740000009536743,3.7360000610351562,3.74399995803833,3.747999906539917,3.747999906539917,3.747999906539917,2.9119999408721924,2.9119999408721924,2.9119999408721924,2.9119999408721924,2.8519999980926514,2.8519999980926514,2.7920000553131104,2.7239999771118164,2.6600000858306885,2.6080000400543213,2.559999942779541,2.507999897003174,2.4519999027252197,2.3919999599456787,2.3480000495910645,2.3480000495910645,2.315999984741211,2.2960000038146973,2.1760001182556152,2.1760001182556152,2.1760001182556152,2.131999969482422,2.1080000400543213,2.072000026702881,2.072000026702881,2.0,2.0,1.9759999513626099,1.944000005722046,1.906000018119812,1.8860000371932983,1.878000020980835,1.871999979019165,1.8600000143051147,1.850000023841858,1.850000023841858,1.8300000429153442,1.812000036239624,1.7940000295639038,1.7719999551773071,1.75,1.7280000448226929,1.7079999446868896,1.684000015258789,1.684000015258789,1.6619999408721924,1.6440000534057617,1.5199999809265137,1.503999948501587,1.503999948501587,1.49399995803833,1.4819999933242798,1.465999960899353,inf,inf,inf,1.399999976158142,1.399999976158142,1.399999976158142,1.399999976158142,1.399999976158142,1.3860000371932983,1.3860000371932983,...,0.0,47.0,47.0,47.0,47.0,47.0,47.0,47.0,47.0,47.0,47.0,0.0,0.0,0.0,0.0,0.0,0.0,0.0,0.0,0.0,0.0,0.0,0.0,0.0,0.0,0.0,0.0,0.0,0.0,0.0,0.0,0.0,0.0,0.0,0.0,0.0,0.0,0.0,0.0,0.0,0.0,0.0,0.0,0.0,0.0,0.0,0.0,0.0,0.0,0.0,0.0,0.0,0.0,0.0,0.0,0.0,0.0,0.0,0.0,0.0,0.0,0.0,0.0,0.0,0.0,0.0,0.0,0.0,0.0,0.0,0.0,0.0,0.0,0.0,0.0,0.0,0.0,0.0,0.0,0.0,0.0,0.0,0.0,0.0,0.0,0.0,0.0,0.0,0.0,0.0,0.0,47.0,47.0,47.0,47.0,47.0,0.0,0.0,0.0,0.0,0.0,0.0,0.0,0.0,0.0,47.0,47.0,47.0,47.0,47.0,0.0,0.0,0.0,0.0,0.0,0.0,0.0,0.0,0.0,0.0,0.0,0.0,0.0,0.0,47.0,47.0,47.0,47.0,...
1763031208,225655584,laser,-3.1241390705108643,3.1415927410125732,0.0034828970674425364,5.3757510613650084e-05,0.09670976549386978,0.15000000596046448,16.0,inf,inf,inf,inf,7.288000106811523,7.288000106811523,7.288000106811523,7.288000106811523,7.288000106811523,7.271999835968018,7.263999938964844,7.248000144958496,7.248000144958496,7.248000144958496,7.248000144958496,7.248000144958496,7.248000144958496,7.25600004196167,7.25600004196167,7.263999938964844,7.25600004196167,7.239999771118164,7.239999771118164,7.239999771118164,7.25600004196167,7.25600004196167,7.25600004196167,7.248000144958496,7.25600004196167,7.271999835968018,7.271999835968018,7.239999771118164,10.392000198364258,inf,inf,inf,inf,inf,inf,inf,inf,inf,inf,inf,inf,inf,inf,inf,inf,inf,3.875999927520752,3.875999927520752,3.875999927520752,3.875999927520752,3.875999927520752,3.7839999198913574,3.7839999198913574,3.7839999198913574,3.7839999198913574,3.740000009536743,3.7360000610351562,3.74399995803833,3.747999906539917,3.747999906539917,3.747999906539917,3.747999906539917,3.747999906539917,2.927999973297119,2.864000082015991,2.864000082015991,2.864000082015991,2.7920000553131104,2.7279999256134033,2.6640000343322754,2.611999988555908,2.559999942779541,2.507999897003174,2.4679999351501465,2.4679999351501465,2.359999895095825,2.359999895095825,2.3239998817443848,2.2960000038146973,2.184000015258789,2.184000015258789,2.1760001182556152,2.131999969482422,2.1080000400543213,2.072000026702881,2.0480000972747803,2.0320000648498535,2.0320000648498535,2.007999897003174,1.9900000095367432,1.9780000448226929,1.9579999446868896,1.9420000314712524,1.9220000505447388,1.8980000019073486,1.8980000019073486,1.8700000047683716,1.843999981880188,1.8220000267028809,1.7940000295639038,1.7719999551773071,1.75,1.7300000190734863,1.7100000381469727,1.6859999895095825,1.6859999895095825,1.6619999408721924,1.6440000534057617,1.5160000324249268,1.5160000324249268,1.503999948501587,1.49399995803833,1.4839999675750732,inf,inf,inf,1.434000015258789,1.434000015258789,1.434000015258789,1.434000015258789,1.434000015258789,1.4119999408721924,1.4119999408721924,1.4019999504089355,...,0.0,0.0,47.0,47.0,47.0,47.0,47.0,47.0,47.0,47.0,0.0,0.0,0.0,0.0,0.0,0.0,0.0,0.0,0.0,47.0,47.0,47.0,47.0,47.0,0.0,0.0,0.0,0.0,0.0,0.0,0.0,0.0,0.0,0.0,0.0,0.0,0.0,0.0,0.0,0.0,0.0,0.0,0.0,0.0,0.0,0.0,0.0,0.0,0.0,0.0,0.0,0.0,0.0,0.0,0.0,0.0,0.0,0.0,0.0,0.0,0.0,0.0,0.0,0.0,0.0,0.0,0.0,0.0,0.0,0.0,0.0,0.0,0.0,0.0,0.0,0.0,0.0,0.0,0.0,0.0,0.0,0.0,0.0,0.0,0.0,0.0,0.0,0.0,0.0,0.0,0.0,0.0,0.0,0.0,0.0,0.0,0.0,0.0,0.0,0.0,0.0,0.0,0.0,0.0,0.0,0.0,0.0,47.0,47.0,47.0,47.0,47.0,0.0,0.0,0.0,0.0,0.0,0.0,0.0,0.0,0.0,0.0,0.0,0.0,0.0,0.0,0.0,0.0,...
1763031208,323724806,laser,-3.1241390705108643,3.1415927410125732,0.0034828970674425364,5.380354559747502e-05,0.09679257869720459,0.15000000596046448,16.0,inf,inf,7.288000106811523,7.288000106811523,7.288000106811523,7.288000106811523,7.288000106811523,7.271999835968018,7.271999835968018,7.271999835968018,7.263999938964844,7.248000144958496,7.25600004196167,7.248000144958496,7.248000144958496,7.248000144958496,7.25600004196167,7.25600004196167,7.263999938964844,7.263999938964844,7.25600004196167,7.239999771118164,7.239999771118164,7.239999771118164,7.263999938964844,7.25600004196167,7.25600004196167,7.248000144958496,7.263999938964844,7.271999835968018,7.271999835968018,7.248000144958496,10.392000198364258,10.392000198364258,inf,inf,inf,inf,inf,inf,inf,inf,inf,inf,inf,inf,inf,inf,inf,4.019999980926514,4.019999980926514,4.019999980926514,4.019999980926514,4.019999980926514,3.803999900817871,3.803999900817871,3.803999900817871,3.752000093460083,3.752000093460083,3.740000009536743,3.740000009536743,3.740000009536743,3.740000009536743,3.747999906539917,3.747999906539917,3.752000093460083,2.884000062942505,2.884000062942505,2.884000062942505,2.884000062942505,2.884000062942505,2.819999933242798,2.752000093460083,2.631999969482422,2.5959999561309814,2.5959999561309814,2.5280001163482666,2.4679999351501465,2.427999973297119,2.375999927520752,2.3359999656677246,2.3359999656677246,2.2960000038146973,2.240000009536743,2.2079999446868896,2.191999912261963,2.1480000019073486,2.1040000915527344,2.0799999237060547,2.052000045776367,2.052000045776367,1.9880000352859497,1.9880000352859497,1.9620000123977661,1.937999963760376,1.9259999990463257,1.9179999828338623,1.9040000438690186,1.8899999856948853,1.8700000047683716,1.843999981880188,1.843999981880188,1.8259999752044678,1.8040000200271606,1.777999997138977,1.75600004196167,1.7339999675750732,1.7100000381469727,1.6920000314712524,1.6679999828338623,1.6679999828338623,1.6480000019073486,1.5080000162124634,1.496000051498413,1.496000051498413,1.496000051498413,1.4839999675750732,inf,inf,inf,inf,inf,1.4019999504089355,1.4019999504089355,1.4019999504089355,1.4019999504089355,1.4019999504089355,1.3860000371932983,...,0.0,0.0,47.0,47.0,47.0,47.0,47.0,47.0,47.0,47.0,47.0,0.0,0.0,0.0,0.0,0.0,0.0,0.0,0.0,0.0,47.0,47.0,47.0,47.0,47.0,0.0,0.0,0.0,0.0,0.0,0.0,0.0,0.0,0.0,0.0,0.0,0.0,0.0,0.0,0.0,0.0,0.0,0.0,0.0,0.0,0.0,0.0,0.0,0.0,0.0,0.0,0.0,0.0,0.0,0.0,0.0,0.0,0.0,0.0,0.0,0.0,0.0,0.0,0.0,0.0,0.0,0.0,0.0,0.0,0.0,0.0,0.0,0.0,0.0,0.0,0.0,0.0,0.0,0.0,0.0,0.0,0.0,0.0,0.0,0.0,0.0,0.0,0.0,0.0,0.0,0.0,47.0,47.0,47.0,47.0,47.0,0.0,0.0,0.0,0.0,0.0,0.0,0.0,0.0,0.0,0.0,0.0,0.0,0.0,0.0,0.0,0.0,0.0,0.0,0.0,0.0,0.0,0.0,0.0,0.0,0.0,0.0,0.0,0.0,0.0,0.0,0.0,0.0,...
1763031208,422030213,laser,-3.1241390705108643,3.1415927410125732,0.0034828970674425364,5.3803240007255226e-05,0.09679202735424042,0.15000000596046448,16.0,inf,inf,inf,inf,7.271999835968018,7.271999835968018,7.271999835968018,7.271999835968018,7.271999835968018,7.263999938964844,7.25600004196167,7.25600004196167,7.25600004196167,7.25600004196167,7.248000144958496,7.248000144958496,7.263999938964844,7.25600004196167,7.25600004196167,7.25600004196167,7.25600004196167,7.25600004196167,7.248000144958496,7.248000144958496,7.25600004196167,7.25600004196167,7.239999771118164,7.239999771118164,7.263999938964844,7.271999835968018,7.263999938964844,10.456000328063965,10.456000328063965,10.456000328063965,inf,inf,inf,inf,inf,inf,inf,inf,inf,inf,inf,inf,inf,inf,inf,inf,inf,inf,inf,3.75600004196167,3.75600004196167,3.75600004196167,3.75600004196167,3.75600004196167,3.74399995803833,3.74399995803833,3.740000009536743,3.740000009536743,3.740000009536743,3.74399995803833,3.747999906539917,3.752000093460083,2.884000062942505,2.884000062942505,2.828000068664551,2.828000068664551,2.828000068664551,2.7639999389648438,2.7639999389648438,2.6480000019073486,2.6480000019073486,2.6040000915527344,2.552000045776367,2.4839999675750732,2.431999921798706,2.380000114440918,2.3359999656677246,2.2960000038146973,2.25600004196167,2.25600004196167,2.2239999771118164,2.191999912261963,2.1519999504089355,2.111999988555908,2.0840001106262207,2.052000045776367,2.0139999389648438,1.9880000352859497,1.9620000123977661,1.9620000123977661,1.9279999732971191,1.899999976158142,1.878000020980835,1.8619999885559082,1.8459999561309814,1.8259999752044678,1.8200000524520874,1.812000036239624,1.812000036239624,1.7979999780654907,1.777999997138977,1.75600004196167,1.7319999933242798,1.7139999866485596,1.6959999799728394,1.6759999990463257,1.656000018119812,1.656000018119812,1.5140000581741333,1.5140000581741333,1.496000051498413,1.496000051498413,1.4819999933242798,1.4739999771118164,inf,inf,inf,inf,inf,1.4040000438690186,1.4040000438690186,1.4040000438690186,1.4040000438690186,1.4040000438690186,...,0.0,47.0,47.0,47.0,47.0,47.0,47.0,47.0,47.0,47.0,47.0,47.0,47.0,0.0,0.0,0.0,0.0,0.0,47.0,47.0,47.0,47.0,47.0,0.0,0.0,0.0,0.0,0.0,0.0,0.0,0.0,0.0,0.0,0.0,0.0,0.0,0.0,0.0,0.0,0.0,0.0,0.0,0.0,0.0,0.0,0.0,0.0,0.0,0.0,0.0,0.0,0.0,0.0,0.0,0.0,0.0,0.0,0.0,0.0,0.0,0.0,0.0,0.0,0.0,0.0,0.0,0.0,0.0,0.0,0.0,0.0,0.0,0.0,0.0,0.0,0.0,0.0,0.0,0.0,0.0,0.0,0.0,0.0,0.0,0.0,0.0,0.0,0.0,0.0,0.0,0.0,0.0,0.0,0.0,0.0,0.0,0.0,0.0,0.0,0.0,0.0,0.0,0.0,0.0,0.0,0.0,0.0,0.0,0.0,0.0,0.0,0.0,0.0,0.0,0.0,0.0,0.0,0.0,0.0,0.0,0.0,0.0,0.0,0.0,0.0,47.0,47.0,47.0,...
1763031208,520840794,laser,-3.1241390705108643,3.1415927410125732,0.0034828970674425364,5.692139529855922e-05,0.10240159183740616,0.15000000596046448,16.0,inf,inf,7.288000106811523,7.288000106811523,7.288000106811523,7.288000106811523,7.288000106811523,7.263999938964844,7.263999938964844,7.263999938964844,7.25600004196167,7.248000144958496,7.248000144958496,7.25600004196167,7.248000144958496,7.248000144958496,7.25600004196167,7.25600004196167,7.25600004196167,7.25600004196167,7.25600004196167,7.25600004196167,7.239999771118164,7.239999771118164,7.248000144958496,7.248000144958496,7.248000144958496,7.248000144958496,7.263999938964844,7.271999835968018,7.263999938964844,10.527999877929688,10.527999877929688,10.527999877929688,inf,inf,inf,inf,inf,inf,inf,inf,inf,inf,inf,inf,inf,inf,inf,inf,inf,3.803999900817871,3.803999900817871,3.803999900817871,3.803999900817871,3.803999900817871,3.752000093460083,3.752000093460083,3.752000093460083,3.752000093460083,3.74399995803833,3.74399995803833,3.740000009536743,3.74399995803833,3.747999906539917,3.752000093460083,3.752000093460083,2.884000062942505,2.884000062942505,2.819999933242798,2.819999933242798,2.819999933242798,2.75600004196167,2.700000047683716,2.6440000534057617,2.5920000076293945,2.5399999618530273,2.4839999675750732,2.427999973297119,2.375999927520752,2.375999927520752,2.3359999656677246,2.2960000038146973,2.240000009536743,2.2079999446868896,2.191999912261963,2.1600000858306885,2.119999885559082,2.0799999237060547,2.052000045776367,2.052000045776367,2.0199999809265137,1.9880000352859497,1.9620000123977661,1.937999963760376,1.9199999570846558,1.909999966621399,1.9019999504089355,1.8880000114440918,1.8680000305175781,1.8680000305175781,1.8459999561309814,1.8279999494552612,1.8040000200271606,1.777999997138977,1.75600004196167,1.7339999675750732,1.7100000381469727,1.6920000314712524,1.6740000247955322,1.6740000247955322,1.6540000438690186,1.5080000162124634,1.5080000162124634,1.5080000162124634,1.496000051498413,1.4859999418258667,1.4780000448226929,inf,inf,inf,1.4019999504089355,1.4019999504089355,1.4019999504089355,1.4019999504089355,1.4019999504089355,1.3839999437332153,1.3839999437332153,...,0.0,47.0,47.0,47.0,47.0,47.0,47.0,47.0,47.0,47.0,47.0,47.0,0.0,0.0,0.0,0.0,0.0,47.0,47.0,47.0,47.0,47.0,0.0,0.0,0.0,0.0,0.0,0.0,0.0,0.0,0.0,0.0,0.0,0.0,0.0,0.0,0.0,0.0,0.0,0.0,0.0,0.0,0.0,0.0,0.0,0.0,0.0,0.0,0.0,0.0,0.0,0.0,0.0,0.0,0.0,0.0,0.0,0.0,0.0,0.0,0.0,0.0,0.0,0.0,0.0,0.0,0.0,0.0,0.0,0.0,0.0,0.0,0.0,0.0,0.0,0.0,0.0,0.0,0.0,0.0,0.0,0.0,0.0,0.0,0.0,0.0,0.0,0.0,0.0,47.0,47.0,47.0,47.0,47.0,0.0,0.0,0.0,0.0,0.0,0.0,0.0,0.0,0.0,0.0,0.0,0.0,0.0,0.0,0.0,0.0,0.0,0.0,0.0,0.0,0.0,0.0,0.0,0.0,0.0,0.0,0.0,0.0,0.0,0.0,47.0,47.0,47.0,47.0,...
1763031208,624941703,laser,-3.1241390705108643,3.1415927410125732,0.0034828970674425364,5.3706386097474024e-05,0.09661778807640076,0.15000000596046448,16.0,inf,inf,inf,7.263999938964844,7.263999938964844,7.263999938964844,7.263999938964844,7.263999938964844,7.25600004196167,7.25600004196167,7.25600004196167,7.25600004196167,7.25600004196167,7.25600004196167,7.248000144958496,7.248000144958496,7.25600004196167,7.25600004196167,7.25600004196167,7.25600004196167,7.25600004196167,7.25600004196167,7.239999771118164,7.248000144958496,7.248000144958496,7.263999938964844,7.248000144958496,7.239999771118164,7.263999938964844,7.271999835968018,7.263999938964844,10.447999954223633,10.447999954223633,inf,inf,inf,inf,inf,inf,inf,inf,inf,inf,inf,inf,inf,inf,inf,inf,inf,inf,inf,inf,3.803999900817871,3.803999900817871,3.803999900817871,3.803999900817871,3.803999900817871,3.752000093460083,3.74399995803833,3.74399995803833,3.74399995803833,3.740000009536743,3.74399995803833,3.747999906539917,3.752000093460083,2.884000062942505,2.884000062942505,2.819999933242798,2.819999933242798,2.819999933242798,2.819999933242798,2.752000093460083,2.696000099182129,2.6440000534057617,2.5920000076293945,2.5399999618530273,2.4839999675750732,2.427999973297119,2.375999927520752,2.3359999656677246,2.3359999656677246,2.299999952316284,2.24399995803833,2.2079999446868896,2.191999912261963,2.1440000534057617,2.1040000915527344,2.0799999237060547,2.052000045776367,2.052000045776367,1.9919999837875366,1.9919999837875366,1.9759999513626099,1.9559999704360962,1.9420000314712524,1.9320000410079956,1.9179999828338623,1.8980000019073486,1.8980000019073486,1.8739999532699585,1.8459999561309814,1.8279999494552612,1.8040000200271606,1.777999997138977,1.75600004196167,1.7339999675750732,1.7100000381469727,1.6920000314712524,1.6920000314712524,1.6699999570846558,1.649999976158142,1.5299999713897705,1.5299999713897705,1.5080000162124634,1.496000051498413,1.4859999418258667,inf,inf,inf,inf,inf,inf,1.399999976158142,1.399999976158142,1.399999976158142,1.399999976158142,1.399999976158142,...,0.0,47.0,47.0,47.0,47.0,47.0,47.0,47.0,47.0,47.0,0.0,0.0,0.0,0.0,0.0,0.0,0.0,0.0,0.0,47.0,47.0,47.0,47.0,47.0,0.0,0.0,0.0,0.0,0.0,0.0,0.0,0.0,0.0,0.0,0.0,0.0,0.0,0.0,0.0,0.0,0.0,0.0,0.0,0.0,0.0,0.0,0.0,0.0,0.0,0.0,0.0,0.0,0.0,0.0,0.0,0.0,0.0,0.0,0.0,0.0,0.0,0.0,0.0,0.0,0.0,0.0,0.0,0.0,0.0,0.0,0.0,0.0,0.0,0.0,0.0,0.0,0.0,0.0,0.0,0.0,0.0,0.0,0.0,0.0,0.0,0.0,0.0,0.0,0.0,0.0,0.0,0.0,0.0,0.0,0.0,0.0,0.0,0.0,0.0,0.0,0.0,0.0,0.0,0.0,0.0,0.0,0.0,0.0,0.0,0.0,0.0,0.0,0.0,0.0,0.0,0.0,0.0,0.0,0.0,0.0,0.0,0.0,0.0,47.0,47.0,47.0,47.0,47.0,...
1763031208,723137146,laser,-3.1241390705108643,3.1415927410125732,0.0034828970674425364,5.3677387768402696e-05,0.0965656265616417,0.15000000596046448,16.0,inf,inf,7.288000106811523,7.288000106811523,7.288000106811523,7.288000106811523,7.288000106811523,7.263999938964844,7.263999938964844,7.263999938964844,7.248000144958496,7.25600004196167,7.25600004196167,7.263999938964844,7.25600004196167,7.248000144958496,7.25600004196167,7.25600004196167,7.25600004196167,7.25600004196167,7.25600004196167,7.248000144958496,7.239999771118164,7.23199987411499,7.248000144958496,7.248000144958496,7.248000144958496,7.248000144958496,7.263999938964844,7.271999835968018,7.263999938964844,10.552000045776367,10.552000045776367,10.552000045776367,inf,inf,inf,inf,inf,inf,inf,inf,inf,inf,inf,inf,inf,inf,inf,inf,inf,inf,3.808000087738037,3.808000087738037,3.808000087738037,3.808000087738037,3.808000087738037,3.752000093460083,3.752000093460083,3.74399995803833,3.74399995803833,3.740000009536743,3.740000009536743,3.74399995803833,3.747999906539917,3.752000093460083,2.884000062942505,2.884000062942505,2.884000062942505,2.884000062942505,2.828000068664551,2.759999990463257,2.696000099182129,2.6440000534057617,2.5920000076293945,2.5920000076293945,2.5399999618530273,2.4839999675750732,2.427999973297119,2.375999927520752,2.3359999656677246,2.2960000038146973,2.240000009536743,2.2119998931884766,2.191999912261963,2.191999912261963,2.1519999504089355,2.111999988555908,2.0799999237060547,2.0480000972747803,2.01200008392334,1.9839999675750732,1.9579999446868896,1.9259999990463257,1.9259999990463257,1.8960000276565552,1.8700000047683716,1.850000023841858,1.840000033378601,1.8300000429153442,1.8259999752044678,1.8140000104904175,1.7979999780654907,1.7979999780654907,1.777999997138977,1.75600004196167,1.7319999933242798,1.7120000123977661,1.694000005722046,1.6720000505447388,1.649999976158142,1.649999976158142,1.5099999904632568,1.496000051498413,1.496000051498413,1.496000051498413,1.4819999933242798,inf,inf,inf,inf,inf,1.4019999504089355,1.4019999504089355,1.4019999504089355,1.4019999504089355,1.4019999504089355,1.3919999599456787,...,0.0,47.0,47.0,47.0,47.0,47.0,47.0,47.0,47.0,47.0,47.0,47.0,0.0,0.0,0.0,0.0,0.0,0.0,0.0,0.0,0.0,0.0,0.0,0.0,0.0,0.0,0.0,0.0,0.0,0.0,0.0,0.0,0.0,0.0,0.0,0.0,0.0,0.0,0.0,0.0,0.0,0.0,0.0,0.0,0.0,0.0,0.0,0.0,0.0,0.0,0.0,0.0,0.0,0.0,0.0,0.0,0.0,0.0,0.0,0.0,0.0,0.0,0.0,0.0,0.0,0.0,0.0,0.0,0.0,0.0,0.0,47.0,47.0,47.0,47.0,47.0,0.0,0.0,0.0,0.0,0.0,0.0,0.0,0.0,0.0,0.0,0.0,0.0,0.0,0.0,0.0,0.0,0.0,0.0,0.0,0.0,0.0,0.0,0.0,0.0,0.0,0.0,0.0,0.0,0.0,0.0,0.0,0.0,0.0,0.0,0.0,0.0,0.0,0.0,0.0,0.0,0.0,0.0,0.0,0.0,0.0,0.0,0.0,0.0,0.0,47.0,47.0,47.0,...
1763031208,821759378,laser,-3.1241390705108643,3.1415927410125732,0.0034828970674425364,5.348964623408392e-05,0.09622786939144135,0.15000000596046448,16.0,inf,inf,inf,inf,7.28000020980835,7.28000020980835,7.28000020980835,7.28000020980835,7.28000020980835,7.263999938964844,7.248000144958496,7.248000144958496,7.248000144958496,7.25600004196167,7.25600004196167,7.248000144958496,7.25600004196167,7.25600004196167,7.25600004196167,7.25600004196167,7.248000144958496,7.248000144958496,7.23199987411499,7.248000144958496,7.263999938964844,7.248000144958496,7.248000144958496,7.248000144958496,7.263999938964844,7.271999835968018,7.25600004196167,inf,inf,inf,inf,inf,inf,inf,inf,inf,inf,inf,inf,inf,inf,inf,inf,inf,inf,inf,inf,inf,inf,3.7960000038146973,3.7960000038146973,3.7960000038146973,3.7960000038146973,3.7960000038146973,3.74399995803833,3.74399995803833,3.747999906539917,3.74399995803833,3.74399995803833,3.74399995803833,3.747999906539917,3.752000093460083,2.931999921798706,2.931999921798706,2.880000114440918,2.880000114440918,2.880000114440918,2.819999933242798,2.7360000610351562,2.680000066757202,2.628000020980835,2.5759999752044678,2.5399999618530273,2.4839999675750732,2.427999973297119,2.375999927520752,2.3359999656677246,2.3359999656677246,2.299999952316284,2.196000099182129,2.196000099182129,2.191999912261963,2.1559998989105225,2.115999937057495,2.0799999237060547,2.052000045776367,2.052000045776367,1.9759999513626099,1.9759999513626099,1.9500000476837158,1.9160000085830688,1.8940000534057617,1.8799999952316284,1.8700000047683716,1.8660000562667847,1.8559999465942383,1.840000033378601,1.840000033378601,1.8220000267028809,1.8020000457763672,1.777999997138977,1.75600004196167,1.7339999675750732,1.7120000123977661,1.6920000314712524,1.6699999570846558,1.6699999570846558,1.649999976158142,1.5360000133514404,1.5360000133514404,1.5080000162124634,1.496000051498413,1.4859999418258667,inf,inf,inf,inf,inf,inf,1.399999976158142,1.399999976158142,1.399999976158142,1.399999976158142,1.399999976158142,...,0.0,47.0,47.0,47.0,47.0,47.0,47.0,47.0,47.0,47.0,47.0,47.0,47.0,0.0,0.0,0.0,0.0,0.0,0.0,0.0,0.0,0.0,0.0,0.0,0.0,0.0,0.0,0.0,0.0,0.0,0.0,0.0,0.0,0.0,0.0,0.0,0.0,0.0,0.0,0.0,0.0,0.0,0.0,0.0,0.0,0.0,0.0,0.0,0.0,0.0,0.0,0.0,0.0,0.0,0.0,0.0,0.0,0.0,0.0,0.0,0.0,0.0,0.0,0.0,0.0,0.0,0.0,0.0,0.0,0.0,0.0,0.0,0.0,0.0,0.0,0.0,0.0,0.0,0.0,0.0,0.0,0.0,0.0,0.0,0.0,0.0,0.0,0.0,0.0,0.0,47.0,47.0,47.0,47.0,47.0,0.0,0.0,0.0,0.0,0.0,0.0,0.0,0.0,0.0,0.0,0.0,0.0,0.0,0.0,0.0,0.0,0.0,0.0,0.0,0.0,0.0,0.0,0.0,0.0,0.0,0.0,0.0,0.0,0.0,0.0,47.0,47.0,47.0,...
1763031208,919552341,laser,-3.1241390705108643,3.1415927410125732,0.0034828970674425364,5.371405859477818e-05,0.09663159400224686,0.15000000596046448,16.0,inf,inf,7.263999938964844,7.263999938964844,7.263999938964844,7.263999938964844,7.263999938964844,7.25600004196167,7.25600004196167,7.25600004196167,7.25600004196167,7.248000144958496,7.25600004196167,7.25600004196167,7.25600004196167,7.25600004196167,7.25600004196167,7.25600004196167,7.25600004196167,7.25600004196167,7.248000144958496,7.239999771118164,7.239999771118164,7.25600004196167,7.25600004196167,7.263999938964844,7.248000144958496,7.239999771118164,7.263999938964844,7.271999835968018,7.248000144958496,10.399999618530273,10.399999618530273,10.399999618530273,inf,inf,inf,inf,inf,inf,inf,inf,inf,inf,inf,inf,inf,inf,inf,inf,inf,inf,inf,inf,3.752000093460083,3.752000093460083,3.752000093460083,3.752000093460083,3.752000093460083,3.74399995803833,3.74399995803833,3.74399995803833,3.74399995803833,3.74399995803833,3.747999906539917,3.752000093460083,2.884000062942505,2.884000062942505,2.884000062942505,2.819999933242798,2.819999933242798,2.819999933242798,2.747999906539917,2.691999912261963,2.640000104904175,2.5920000076293945,2.5360000133514404,2.4800000190734863,2.427999973297119,2.375999927520752,2.3320000171661377,2.3320000171661377,2.2920000553131104,2.24399995803833,2.2160000801086426,2.191999912261963,2.140000104904175,2.1040000915527344,2.0799999237060547,2.0480000972747803,2.0160000324249268,1.9919999837875366,1.9919999837875366,1.9700000286102295,1.9479999542236328,1.9320000410079956,1.9240000247955322,1.9119999408721924,1.8960000276565552,1.871999979019165,1.8480000495910645,1.8480000495910645,1.8279999494552612,1.805999994277954,1.777999997138977,1.75600004196167,1.7339999675750732,1.7120000123977661,1.694000005722046,1.6720000505447388,1.6720000505447388,1.649999976158142,1.5080000162124634,1.5080000162124634,1.5080000162124634,1.496000051498413,1.4859999418258667,inf,inf,inf,inf,1.4019999504089355,1.4019999504089355,1.4019999504089355,1.4019999504089355,1.4019999504089355,1.3880000114440918,1.3880000114440918,...,0.0,47.0,47.0,47.0,47.0,47.0,47.0,47.0,47.0,47.0,47.0,0.0,0.0,0.0,0.0,0.0,0.0,47.0,47.0,47.0,47.0,47.0,0.0,0.0,0.0,0.0,0.0,0.0,0.0,0.0,0.0,0.0,0.0,0.0,0.0,0.0,0.0,0.0,0.0,0.0,0.0,0.0,0.0,0.0,0.0,0.0,0.0,0.0,0.0,0.0,0.0,0.0,0.0,0.0,0.0,0.0,0.0,0.0,0.0,0.0,0.0,0.0,0.0,0.0,0.0,0.0,0.0,0.0,0.0,0.0,0.0,0.0,0.0,0.0,0.0,0.0,0.0,0.0,0.0,0.0,0.0,0.0,0.0,0.0,0.0,0.0,0.0,0.0,0.0,0.0,0.0,0.0,0.0,0.0,0.0,0.0,0.0,0.0,0.0,0.0,0.0,0.0,0.0,0.0,0.0,0.0,0.0,0.0,0.0,0.0,0.0,0.0,0.0,0.0,0.0,0.0,0.0,0.0,0.0,0.0,0.0,0.0,0.0,0.0,0.0,0.0,0.0,0.0,...
1763031209,17472999,laser,-3.1241390705108643,3.1415927410125732,0.0034828970674425364,5.396812048275024e-05,0.09708864986896515,0.15000000596046448,16.0,inf,inf,inf,7.263999938964844,7.263999938964844,7.263999938964844,7.263999938964844,7.263999938964844,7.25600004196167,7.25600004196167,7.248000144958496,7.248000144958496,7.25600004196167,7.25600004196167,7.25600004196167,7.25600004196167,7.25600004196167,7.25600004196167,7.25600004196167,7.263999938964844,7.248000144958496,7.239999771118164,7.23199987411499,7.239999771118164,7.25600004196167,7.25600004196167,7.248000144958496,7.248000144958496,7.263999938964844,7.271999835968018,7.25600004196167,10.479999542236328,10.479999542236328,inf,inf,inf,inf,inf,inf,inf,inf,inf,inf,inf,inf,inf,inf,inf,inf,inf,inf,inf,inf,3.759999990463257,3.759999990463257,3.759999990463257,3.759999990463257,3.759999990463257,3.752000093460083,3.752000093460083,3.74399995803833,3.74399995803833,3.740000009536743,3.74399995803833,3.747999906539917,3.752000093460083,2.884000062942505,2.884000062942505,2.828000068664551,2.828000068664551,2.828000068664551,2.7679998874664307,2.7679998874664307,2.640000104904175,2.640000104904175,2.6040000915527344,2.5480000972747803,2.4800000190734863,2.431999921798706,2.380000114440918,2.3359999656677246,2.2920000553131104,2.2720000743865967,2.2720000743865967,2.24399995803833,2.196000099182129,2.1519999504089355,2.1080000400543213,2.0799999237060547,2.049999952316284,2.0160000324249268,1.9919999837875366,1.965999960899353,1.940000057220459,1.940000057220459,1.9240000247955322,1.9140000343322754,1.906000018119812,1.8940000534057617,1.871999979019165,1.8480000495910645,1.8300000429153442,1.809999942779541,1.809999942779541,1.784000039100647,1.75600004196167,1.7339999675750732,1.715999960899353,1.7000000476837158,1.6799999475479126,1.659999966621399,1.6239999532699585,1.5119999647140503,1.5119999647140503,1.496000051498413,1.496000051498413,1.4839999675750732,1.4739999771118164,inf,inf,inf,inf,inf,1.4019999504089355,1.4019999504089355,1.4019999504089355,1.4019999504089355,1.4019999504089355,...,0.0,47.0,47.0,47.0,47.0,47.0,47.0,47.0,47.0,47.0,47.0,0.0,0.0,0.0,0.0,0.0,0.0,0.0,0.0,47.0,47.0,47.0,47.0,47.0,0.0,0.0,0.0,0.0,0.0,0.0,0.0,0.0,0.0,0.0,0.0,0.0,0.0,0.0,0.0,0.0,0.0,0.0,0.0,0.0,0.0,0.0,0.0,0.0,0.0,0.0,0.0,0.0,0.0,0.0,0.0,0.0,0.0,0.0,0.0,0.0,0.0,0.0,0.0,0.0,0.0,0.0,0.0,0.0,0.0,0.0,0.0,0.0,0.0,0.0,0.0,0.0,0.0,0.0,0.0,0.0,0.0,0.0,0.0,0.0,0.0,0.0,0.0,0.0,0.0,0.0,0.0,0.0,0.0,0.0,0.0,0.0,0.0,0.0,0.0,0.0,0.0,0.0,0.0,0.0,0.0,0.0,0.0,0.0,0.0,0.0,0.0,0.0,0.0,0.0,0.0,0.0,0.0,0.0,0.0,0.0,0.0,0.0,0.0,0.0,0.0,0.0,0.0,0.0,...
1763031209,115666346,laser,-3.1241390705108643,3.1415927410125732,0.0034828970674425364,5.735073864343576e-05,0.10317397862672806,0.15000000596046448,16.0,inf,inf,7.263999938964844,7.263999938964844,7.263999938964844,7.263999938964844,7.263999938964844,7.25600004196167,7.25600004196167,7.25600004196167,7.248000144958496,7.248000144958496,7.25600004196167,7.25600004196167,7.25600004196167,7.248000144958496,7.25600004196167,7.25600004196167,7.25600004196167,7.25600004196167,7.248000144958496,7.239999771118164,7.23199987411499,7.239999771118164,7.25600004196167,7.248000144958496,7.248000144958496,7.248000144958496,7.263999938964844,7.271999835968018,7.263999938964844,10.53600025177002,10.53600025177002,10.53600025177002,inf,inf,inf,inf,inf,inf,inf,inf,inf,inf,4.631999969482422,4.631999969482422,4.631999969482422,4.631999969482422,4.631999969482422,inf,inf,inf,inf,inf,3.75600004196167,3.75600004196167,3.75600004196167,3.75600004196167,3.75600004196167,3.747999906539917,3.740000009536743,3.740000009536743,3.740000009536743,3.747999906539917,3.752000093460083,3.752000093460083,2.884000062942505,2.884000062942505,2.884000062942505,2.8440001010894775,2.8440001010894775,2.7880001068115234,2.7880001068115234,2.6440000534057617,2.6440000534057617,2.6040000915527344,2.5480000972747803,2.492000102996826,2.444000005722046,2.384000062942505,2.3399999141693115,2.2960000038146973,2.2720000743865967,2.2720000743865967,2.24399995803833,2.196000099182129,2.1519999504089355,2.119999885559082,2.0880000591278076,2.052000045776367,2.0220000743865967,1.996000051498413,1.972000002861023,1.9459999799728394,1.9459999799728394,1.9160000085830688,1.8940000534057617,1.8860000371932983,1.8760000467300415,1.8600000143051147,1.8480000495910645,1.8300000429153442,1.809999942779541,1.809999942779541,1.7899999618530273,1.7680000066757202,1.74399995803833,1.7200000286102295,1.7000000476837158,1.6799999475479126,1.659999966621399,1.6339999437332153,1.5160000324249268,1.5160000324249268,1.5,1.4880000352859497,1.4880000352859497,1.4800000190734863,inf,inf,inf,inf,inf,inf,1.3960000276565552,1.3960000276565552,1.3960000276565552,1.3960000276565552,...,0.0,47.0,47.0,47.0,47.0,47.0,47.0,47.0,47.0,47.0,47.0,47.0,0.0,0.0,0.0,0.0,0.0,47.0,47.0,47.0,47.0,47.0,0.0,0.0,0.0,0.0,0.0,0.0,0.0,0.0,0.0,0.0,0.0,0.0,0.0,0.0,0.0,0.0,0.0,0.0,0.0,0.0,0.0,0.0,0.0,0.0,0.0,0.0,0.0,0.0,0.0,0.0,0.0,0.0,0.0,0.0,0.0,0.0,0.0,0.0,0.0,0.0,0.0,0.0,0.0,0.0,0.0,0.0,0.0,0.0,0.0,0.0,0.0,0.0,0.0,0.0,0.0,0.0,0.0,0.0,0.0,0.0,0.0,0.0,0.0,0.0,0.0,0.0,47.0,47.0,47.0,47.0,47.0,0.0,0.0,0.0,0.0,0.0,0.0,0.0,0.0,0.0,0.0,0.0,0.0,0.0,0.0,0.0,0.0,0.0,0.0,0.0,0.0,0.0,0.0,0.0,0.0,0.0,0.0,0.0,0.0,0.0,0.0,0.0,0.0,0.0,0.0,0.0,...
1763031209,220244811,laser,-3.1241390705108643,3.1415927410125732,0.0034828970674425364,5.3815048886463046e-05,0.09681326895952225,0.15000000596046448,16.0,inf,inf,inf,7.28000020980835,7.28000020980835,7.28000020980835,7.28000020980835,7.28000020980835,7.263999938964844,7.263999938964844,7.248000144958496,7.248000144958496,7.25600004196167,7.263999938964844,7.25600004196167,7.25600004196167,7.25600004196167,7.25600004196167,7.25600004196167,7.25600004196167,7.248000144958496,7.239999771118164,7.23199987411499,7.25600004196167,7.271999835968018,7.248000144958496,7.248000144958496,7.248000144958496,7.263999938964844,7.271999835968018,7.263999938964844,10.53600025177002,10.53600025177002,inf,inf,inf,inf,inf,inf,inf,inf,inf,inf,inf,inf,inf,inf,inf,inf,inf,inf,inf,3.808000087738037,3.808000087738037,3.808000087738037,3.808000087738037,3.808000087738037,3.752000093460083,3.752000093460083,3.74399995803833,3.74399995803833,3.740000009536743,3.740000009536743,3.747999906539917,3.747999906539917,3.752000093460083,2.936000108718872,2.884000062942505,2.884000062942505,2.884000062942505,2.74399995803833,2.74399995803833,2.74399995803833,2.700000047683716,2.6440000534057617,2.5880000591278076,2.5360000133514404,2.4760000705718994,2.4200000762939453,2.375999927520752,2.3359999656677246,2.2960000038146973,2.2960000038146973,2.196000099182129,2.196000099182129,2.196000099182129,2.140000104904175,2.0999999046325684,2.0799999237060547,2.052000045776367,2.0160000324249268,1.9900000095367432,1.9620000123977661,1.9620000123977661,1.9299999475479126,1.9119999408721924,1.899999976158142,1.8899999856948853,1.8819999694824219,1.8680000305175781,1.8459999561309814,1.8300000429153442,1.8300000429153442,1.805999994277954,1.7799999713897705,1.753999948501587,1.7319999933242798,1.7139999866485596,1.6979999542236328,1.6740000247955322,1.6540000438690186,1.6540000438690186,1.5379999876022339,1.5379999876022339,1.5080000162124634,1.4980000257492065,1.4880000352859497,1.4780000448226929,inf,inf,inf,inf,1.406000018119812,1.406000018119812,1.406000018119812,1.406000018119812,1.406000018119812,1.3880000114440918,...,0.0,47.0,47.0,47.0,47.0,47.0,47.0,47.0,47.0,47.0,47.0,0.0,0.0,0.0,0.0,0.0,0.0,0.0,0.0,0.0,0.0,0.0,0.0,0.0,0.0,0.0,0.0,0.0,0.0,0.0,0.0,0.0,0.0,0.0,0.0,0.0,0.0,0.0,0.0,0.0,0.0,0.0,0.0,0.0,0.0,0.0,0.0,0.0,0.0,0.0,0.0,0.0,0.0,0.0,0.0,0.0,0.0,0.0,0.0,0.0,0.0,0.0,0.0,0.0,0.0,0.0,0.0,0.0,0.0,0.0,0.0,0.0,0.0,0.0,0.0,0.0,0.0,0.0,0.0,0.0,0.0,0.0,0.0,0.0,0.0,0.0,0.0,0.0,0.0,0.0,0.0,0.0,0.0,0.0,0.0,0.0,0.0,0.0,0.0,0.0,0.0,0.0,0.0,0.0,0.0,0.0,0.0,0.0,0.0,0.0,0.0,0.0,0.0,0.0,0.0,0.0,0.0,0.0,0.0,0.0,0.0,0.0,0.0,0.0,0.0,0.0,0.0,0.0,...
1763031209,318334625,laser,-3.1241390705108643,3.1415927410125732,0.0034828970674425364,5.40054970770143e-05,0.09715588390827179,0.15000000596046448,16.0,inf,inf,inf,inf,7.271999835968018,7.271999835968018,7.271999835968018,7.271999835968018,7.271999835968018,7.25600004196167,7.25600004196167,7.248000144958496,7.25600004196167,7.25600004196167,7.25600004196167,7.25600004196167,7.25600004196167,7.25600004196167,7.25600004196167,7.263999938964844,7.25600004196167,7.239999771118164,7.23199987411499,7.239999771118164,7.25600004196167,7.25600004196167,7.248000144958496,7.248000144958496,7.263999938964844,7.271999835968018,7.248000144958496,10.343999862670898,10.343999862670898,10.343999862670898,inf,inf,inf,inf,inf,inf,inf,inf,inf,inf,4.6479997634887695,4.6479997634887695,4.6479997634887695,4.6479997634887695,4.6479997634887695,inf,inf,inf,inf,inf,3.75600004196167,3.75600004196167,3.75600004196167,3.75600004196167,3.75600004196167,3.74399995803833,3.7360000610351562,3.740000009536743,3.747999906539917,3.747999906539917,3.752000093460083,3.752000093460083,2.884000062942505,2.884000062942505,2.884000062942505,2.828000068664551,2.828000068664551,2.7720000743865967,2.7119998931884766,2.6440000534057617,2.6040000915527344,2.6040000915527344,2.5480000972747803,2.492000102996826,2.444000005722046,2.388000011444092,2.3399999141693115,2.2960000038146973,2.2720000743865967,2.247999906539917,2.196000099182129,2.1519999504089355,2.1519999504089355,2.111999988555908,2.0840001106262207,2.052000045776367,2.0239999294281006,1.996000051498413,1.9620000123977661,1.9359999895095825,1.9160000085830688,1.9160000085830688,1.899999976158142,1.8960000276565552,1.8860000371932983,1.8660000562667847,1.8480000495910645,1.8300000429153442,1.812000036239624,1.7860000133514404,1.7860000133514404,1.7619999647140503,1.7419999837875366,1.7200000286102295,1.7020000219345093,1.6820000410079956,1.659999966621399,1.6319999694824219,1.5219999551773071,1.5219999551773071,1.5080000162124634,1.4880000352859497,1.4880000352859497,1.4759999513626099,inf,inf,inf,1.4079999923706055,1.4079999923706055,1.4079999923706055,1.4079999923706055,1.4079999923706055,1.3980000019073486,1.3980000019073486,...,0.0,47.0,47.0,47.0,47.0,47.0,47.0,47.0,47.0,47.0,47.0,47.0,47.0,0.0,0.0,0.0,0.0,0.0,0.0,0.0,0.0,0.0,0.0,0.0,0.0,0.0,0.0,0.0,0.0,0.0,0.0,0.0,0.0,0.0,0.0,0.0,0.0,0.0,0.0,0.0,0.0,0.0,0.0,0.0,0.0,0.0,0.0,0.0,0.0,0.0,0.0,0.0,0.0,0.0,0.0,0.0,0.0,0.0,0.0,0.0,0.0,0.0,0.0,0.0,0.0,0.0,0.0,0.0,0.0,0.0,0.0,0.0,0.0,0.0,0.0,0.0,0.0,0.0,0.0,0.0,0.0,0.0,0.0,0.0,0.0,0.0,0.0,0.0,0.0,0.0,0.0,0.0,0.0,0.0,0.0,0.0,0.0,0.0,0.0,0.0,0.0,0.0,0.0,0.0,0.0,0.0,47.0,47.0,47.0,47.0,47.0,0.0,0.0,0.0,0.0,0.0,0.0,0.0,0.0,0.0,0.0,0.0,0.0,0.0,0.0,47.0,47.0,47.0,...
1763031209,417103179,laser,-3.1241390705108643,3.1415927410125732,0.0034828970674425364,5.3677813411923125e-05,0.09656638652086258,0.15000000596046448,16.0,inf,inf,inf,7.28000020980835,7.28000020980835,7.28000020980835,7.28000020980835,7.28000020980835,7.263999938964844,7.263999938964844,7.248000144958496,7.248000144958496,7.25600004196167,7.25600004196167,7.25600004196167,7.248000144958496,7.25600004196167,7.25600004196167,7.25600004196167,7.248000144958496,7.248000144958496,7.239999771118164,7.23199987411499,7.223999977111816,7.239999771118164,7.248000144958496,7.248000144958496,7.263999938964844,7.263999938964844,7.271999835968018,7.263999938964844,10.527999877929688,inf,inf,inf,inf,inf,inf,inf,inf,inf,inf,inf,inf,inf,inf,inf,inf,inf,3.996000051498413,3.996000051498413,3.996000051498413,3.996000051498413,3.996000051498413,3.74399995803833,3.74399995803833,3.74399995803833,3.740000009536743,3.740000009536743,3.740000009536743,3.740000009536743,3.74399995803833,3.752000093460083,3.747999906539917,3.747999906539917,3.747999906539917,2.931999921798706,2.871999979019165,2.871999979019165,2.871999979019165,2.871999979019165,2.799999952316284,2.7239999771118164,2.671999931335449,2.615999937057495,2.559999942779541,2.5239999294281006,2.4760000705718994,2.4760000705718994,2.368000030517578,2.368000030517578,2.3359999656677246,2.299999952316284,2.184000015258789,2.187999963760376,2.187999963760376,2.135999917984009,2.1040000915527344,2.065999984741211,2.065999984741211,2.0320000648498535,2.00600004196167,1.9759999513626099,1.9459999799728394,1.909999966621399,1.8880000114440918,1.8760000467300415,1.8619999885559082,1.8519999980926514,1.8480000495910645,1.8480000495910645,1.8320000171661377,1.8140000104904175,1.7940000295639038,1.7719999551773071,1.7519999742507935,1.7300000190734863,1.7079999446868896,1.687999963760376,1.687999963760376,1.6640000343322754,1.6440000534057617,1.531999945640564,1.531999945640564,1.50600004196167,1.4900000095367432,1.465999960899353,inf,inf,inf,inf,inf,1.3980000019073486,1.3980000019073486,1.3980000019073486,1.3980000019073486,1.3980000019073486,1.3860000371932983,...,0.0,47.0,47.0,47.0,47.0,47.0,47.0,47.0,47.0,47.0,47.0,0.0,0.0,0.0,0.0,0.0,0.0,0.0,0.0,0.0,0.0,0.0,0.0,0.0,0.0,0.0,0.0,0.0,0.0,0.0,0.0,0.0,0.0,0.0,0.0,0.0,0.0,0.0,0.0,0.0,0.0,0.0,0.0,0.0,0.0,0.0,0.0,0.0,0.0,0.0,0.0,0.0,0.0,0.0,0.0,0.0,0.0,0.0,0.0,0.0,0.0,0.0,0.0,0.0,0.0,0.0,0.0,0.0,0.0,0.0,0.0,0.0,0.0,0.0,0.0,0.0,0.0,0.0,0.0,0.0,0.0,0.0,0.0,0.0,0.0,0.0,0.0,0.0,0.0,0.0,0.0,0.0,0.0,0.0,0.0,0.0,0.0,0.0,0.0,0.0,0.0,0.0,0.0,0.0,0.0,0.0,0.0,0.0,0.0,0.0,0.0,0.0,0.0,0.0,0.0,0.0,0.0,0.0,0.0,0.0,0.0,0.0,0.0,0.0,0.0,0.0,0.0,0.0,...
1763031209,515524138,laser,-3.1241390705108643,3.1415927410125732,0.0034828970674425364,5.3635958465747535e-05,0.09649109095335007,0.15000000596046448,16.0,inf,7.311999797821045,7.311999797821045,7.311999797821045,7.311999797821045,7.311999797821045,7.263999938964844,7.263999938964844,7.263999938964844,7.263999938964844,7.263999938964844,7.248000144958496,7.25600004196167,7.25600004196167,7.248000144958496,7.248000144958496,7.248000144958496,7.25600004196167,7.263999938964844,7.263999938964844,7.25600004196167,7.239999771118164,7.239999771118164,7.248000144958496,7.248000144958496,7.25600004196167,7.248000144958496,7.248000144958496,7.25600004196167,7.271999835968018,7.248000144958496,7.248000144958496,10.399999618530273,10.399999618530273,inf,inf,inf,inf,inf,inf,inf,inf,inf,inf,inf,inf,4.6479997634887695,4.6479997634887695,4.6479997634887695,4.6479997634887695,4.6479997634887695,inf,inf,3.759999990463257,3.759999990463257,3.759999990463257,3.759999990463257,3.759999990463257,3.74399995803833,3.74399995803833,3.7360000610351562,3.740000009536743,3.740000009536743,3.752000093460083,3.752000093460083,3.752000093460083,2.884000062942505,2.884000062942505,2.8480000495910645,2.8480000495910645,2.8480000495910645,2.7920000553131104,2.7160000801086426,2.6480000019073486,2.6040000915527344,2.6040000915527344,2.5480000972747803,2.492000102996826,2.440000057220459,2.380000114440918,2.3359999656677246,2.2960000038146973,2.2720000743865967,2.247999906539917,2.247999906539917,2.196000099182129,2.1600000858306885,2.115999937057495,2.0840001106262207,2.053999900817871,2.0179998874664307,1.9900000095367432,1.965999960899353,1.934000015258789,1.934000015258789,1.9040000438690186,1.8839999437332153,1.871999979019165,1.8619999885559082,1.8480000495910645,1.840000033378601,1.8259999752044678,1.8040000200271606,1.8040000200271606,1.784000039100647,1.7599999904632568,1.7400000095367432,1.7200000286102295,1.7020000219345093,1.6820000410079956,1.659999966621399,1.6319999694824219,1.5160000324249268,1.5160000324249268,1.5,1.4880000352859497,1.4880000352859497,1.4759999513626099,inf,inf,inf,inf,inf,1.406000018119812,1.406000018119812,1.406000018119812,1.406000018119812,1.406000018119812,...,0.0,47.0,47.0,47.0,47.0,47.0,47.0,47.0,47.0,47.0,47.0,47.0,47.0,0.0,0.0,0.0,0.0,0.0,0.0,0.0,0.0,0.0,0.0,0.0,0.0,0.0,0.0,0.0,0.0,0.0,0.0,0.0,0.0,0.0,0.0,0.0,0.0,0.0,0.0,0.0,0.0,0.0,0.0,0.0,0.0,0.0,0.0,0.0,0.0,0.0,0.0,0.0,0.0,0.0,0.0,0.0,0.0,0.0,0.0,0.0,0.0,0.0,0.0,0.0,0.0,0.0,0.0,0.0,0.0,0.0,0.0,0.0,0.0,0.0,0.0,0.0,0.0,0.0,0.0,0.0,0.0,0.0,0.0,0.0,0.0,0.0,0.0,0.0,0.0,0.0,0.0,0.0,0.0,0.0,0.0,0.0,0.0,0.0,0.0,0.0,0.0,0.0,0.0,0.0,0.0,0.0,0.0,0.0,0.0,0.0,0.0,0.0,0.0,0.0,0.0,0.0,0.0,0.0,0.0,0.0,0.0,0.0,0.0,0.0,0.0,0.0,0.0,0.0,...
1763031209,613684810,laser,-3.1241390705108643,3.1415927410125732,0.0034828970674425364,5.369106656871736e-05,0.09659022837877274,0.15000000596046448,16.0,inf,inf,7.28000020980835,7.28000020980835,7.28000020980835,7.28000020980835,7.28000020980835,7.263999938964844,7.263999938964844,7.263999938964844,7.25600004196167,7.25600004196167,7.25600004196167,7.25600004196167,7.248000144958496,7.248000144958496,7.248000144958496,7.25600004196167,7.25600004196167,7.263999938964844,7.263999938964844,7.25600004196167,7.23199987411499,7.23199987411499,7.239999771118164,7.239999771118164,7.248000144958496,7.248000144958496,7.25600004196167,7.263999938964844,7.263999938964844,inf,inf,inf,inf,inf,inf,inf,inf,inf,inf,inf,inf,inf,inf,inf,inf,4.104000091552734,4.104000091552734,4.104000091552734,4.104000091552734,4.104000091552734,3.992000102996826,3.992000102996826,3.992000102996826,3.884000062942505,3.884000062942505,3.884000062942505,3.7880001068115234,3.74399995803833,3.740000009536743,3.74399995803833,3.747999906539917,3.747999906539917,3.747999906539917,3.747999906539917,3.747999906539917,2.927999973297119,2.927999973297119,2.868000030517578,2.868000030517578,2.7960000038146973,2.7239999771118164,2.6600000858306885,2.6040000915527344,2.559999942779541,2.559999942779541,2.51200008392334,2.4000000953674316,2.368000030517578,2.368000030517578,2.328000068664551,2.303999900817871,2.1679999828338623,2.1679999828338623,2.1640000343322754,2.128000020980835,2.128000020980835,2.1040000915527344,2.0759999752044678,2.0420000553131104,2.01200008392334,1.9859999418258667,1.9559999704360962,1.9299999475479126,1.9140000343322754,1.9140000343322754,1.9079999923706055,1.8980000019073486,1.8799999952316284,1.8619999885559082,1.840000033378601,1.8200000524520874,1.7940000295639038,1.7660000324249268,1.7660000324249268,1.7280000448226929,1.7280000448226929,1.7079999446868896,1.684000015258789,1.6619999408721924,1.6399999856948853,1.5199999809265137,1.5199999809265137,1.503999948501587,1.49399995803833,1.4839999675750732,1.465999960899353,1.465999960899353,inf,1.4299999475479126,1.4299999475479126,1.4299999475479126,1.4299999475479126,1.4299999475479126,1.399999976158142,1.399999976158142,1.399999976158142,...,0.0,47.0,47.0,47.0,47.0,47.0,47.0,47.0,47.0,47.0,47.0,47.0,0.0,0.0,0.0,0.0,0.0,0.0,0.0,0.0,0.0,0.0,0.0,0.0,0.0,0.0,0.0,0.0,0.0,0.0,0.0,0.0,0.0,0.0,0.0,0.0,0.0,0.0,0.0,0.0,0.0,0.0,0.0,0.0,0.0,0.0,0.0,0.0,0.0,0.0,0.0,0.0,0.0,0.0,0.0,0.0,0.0,0.0,0.0,0.0,0.0,0.0,0.0,0.0,0.0,0.0,0.0,0.0,0.0,0.0,0.0,0.0,0.0,0.0,0.0,0.0,0.0,0.0,0.0,0.0,0.0,0.0,0.0,0.0,0.0,0.0,0.0,0.0,0.0,47.0,47.0,47.0,47.0,47.0,0.0,0.0,0.0,0.0,0.0,0.0,0.0,0.0,0.0,0.0,0.0,0.0,0.0,0.0,0.0,0.0,0.0,0.0,0.0,0.0,0.0,0.0,0.0,0.0,0.0,0.0,0.0,0.0,0.0,0.0,47.0,47.0,47.0,47.0,...
1763031209,711870521,laser,-3.1241390705108643,3.1415927410125732,0.0034828970674425364,5.713209611712955e-05,0.10278064012527466,0.15000000596046448,16.0,8.640000343322754,inf,7.288000106811523,7.288000106811523,7.288000106811523,7.288000106811523,7.288000106811523,7.271999835968018,7.271999835968018,7.271999835968018,7.263999938964844,7.248000144958496,7.25600004196167,7.248000144958496,7.248000144958496,7.248000144958496,7.248000144958496,7.25600004196167,7.263999938964844,7.263999938964844,7.248000144958496,7.23199987411499,7.23199987411499,7.23199987411499,7.248000144958496,7.25600004196167,7.248000144958496,7.248000144958496,7.25600004196167,7.25600004196167,7.263999938964844,7.239999771118164,10.37600040435791,10.37600040435791,inf,inf,inf,inf,inf,inf,inf,inf,inf,inf,inf,inf,inf,inf,inf,inf,inf,inf,inf,3.7679998874664307,3.7679998874664307,3.7679998874664307,3.7679998874664307,3.7679998874664307,3.740000009536743,3.740000009536743,3.7320001125335693,3.7320001125335693,3.740000009536743,3.747999906539917,3.752000093460083,3.752000093460083,2.884000062942505,2.884000062942505,2.828000068664551,2.828000068664551,2.828000068664551,2.7720000743865967,2.7720000743865967,2.6519999504089355,2.6519999504089355,2.6040000915527344,2.5480000972747803,2.492000102996826,2.444000005722046,2.388000011444092,2.3440001010894775,2.2960000038146973,2.2760000228881836,2.2760000228881836,2.252000093460083,2.200000047683716,2.1600000858306885,2.115999937057495,2.0840001106262207,2.0480000972747803,2.009999990463257,1.996000051498413,1.9780000448226929,1.9520000219345093,1.9520000219345093,1.9299999475479126,1.9160000085830688,1.909999966621399,1.8980000019073486,1.871999979019165,1.8519999980926514,1.8339999914169312,1.809999942779541,1.809999942779541,1.784000039100647,1.7619999647140503,1.7400000095367432,1.7200000286102295,1.7020000219345093,1.684000015258789,1.659999966621399,1.628000020980835,1.5160000324249268,1.5160000324249268,1.5,1.5,1.4880000352859497,1.4739999771118164,inf,inf,inf,inf,inf,1.406000018119812,1.406000018119812,1.406000018119812,1.406000018119812,1.406000018119812,...,0.0,0.0,47.0,47.0,47.0,47.0,47.0,47.0,47.0,47.0,47.0,0.0,0.0,0.0,0.0,0.0,0.0,0.0,0.0,0.0,0.0,0.0,0.0,0.0,0.0,0.0,0.0,0.0,0.0,0.0,0.0,0.0,0.0,0.0,0.0,0.0,0.0,0.0,0.0,0.0,0.0,0.0,0.0,0.0,0.0,0.0,0.0,0.0,0.0,0.0,0.0,0.0,0.0,0.0,0.0,0.0,0.0,0.0,0.0,0.0,0.0,0.0,0.0,0.0,0.0,0.0,0.0,0.0,0.0,0.0,0.0,0.0,0.0,0.0,0.0,0.0,0.0,0.0,0.0,0.0,0.0,0.0,0.0,0.0,0.0,0.0,0.0,0.0,0.0,0.0,0.0,0.0,0.0,0.0,0.0,0.0,0.0,0.0,0.0,0.0,0.0,0.0,0.0,0.0,0.0,0.0,0.0,0.0,0.0,0.0,0.0,0.0,0.0,0.0,0.0,0.0,0.0,0.0,0.0,0.0,0.0,0.0,0.0,0.0,0.0,0.0,0.0,0.0,...
1763031209,816029067,laser,-3.1241390705108643,3.1415927410125732,0.0034828970674425364,5.3839969041291624e-05,0.09685810655355453,0.15000000596046448,16.0,inf,inf,7.28000020980835,7.28000020980835,7.28000020980835,7.28000020980835,7.28000020980835,7.263999938964844,7.263999938964844,7.263999938964844,7.25600004196167,7.248000144958496,7.25600004196167,7.25600004196167,7.248000144958496,7.239999771118164,7.248000144958496,7.248000144958496,7.25600004196167,7.263999938964844,7.263999938964844,7.25600004196167,7.239999771118164,7.23199987411499,7.248000144958496,7.248000144958496,7.239999771118164,7.239999771118164,7.248000144958496,7.25600004196167,7.263999938964844,7.248000144958496,inf,inf,inf,inf,inf,inf,inf,inf,inf,inf,inf,inf,inf,inf,inf,inf,inf,inf,inf,3.7720000743865967,3.7720000743865967,3.7720000743865967,3.7720000743865967,3.7720000743865967,3.740000009536743,3.740000009536743,3.740000009536743,3.740000009536743,3.7360000610351562,3.74399995803833,3.747999906539917,3.747999906539917,3.747999906539917,3.747999906539917,3.747999906539917,2.9200000762939453,2.9200000762939453,2.9200000762939453,2.8559999465942383,2.7880001068115234,2.7239999771118164,2.6600000858306885,2.6080000400543213,2.559999942779541,2.507999897003174,2.4560000896453857,2.4040000438690186,2.364000082015991,2.364000082015991,2.315999984741211,2.2880001068115234,2.171999931335449,2.171999931335449,2.1600000858306885,2.124000072479248,2.0920000076293945,2.0920000076293945,2.052000045776367,2.0199999809265137,2.002000093460083,1.9759999513626099,1.9459999799728394,1.909999966621399,1.8880000114440918,1.8799999952316284,1.8660000562667847,1.8519999980926514,1.8519999980926514,1.8480000495910645,1.8320000171661377,1.8140000104904175,1.7899999618530273,1.7619999647140503,1.7619999647140503,1.7200000286102295,1.7200000286102295,1.7020000219345093,1.684000015258789,1.6619999408721924,1.6399999856948853,1.5199999809265137,1.503999948501587,1.503999948501587,1.4880000352859497,1.4800000190734863,inf,inf,inf,inf,inf,1.4119999408721924,1.4119999408721924,1.4119999408721924,1.4119999408721924,1.4119999408721924,1.399999976158142,...,47.0,47.0,47.0,47.0,47.0,47.0,47.0,47.0,47.0,47.0,47.0,47.0,0.0,0.0,0.0,0.0,0.0,0.0,0.0,0.0,0.0,0.0,0.0,0.0,0.0,0.0,0.0,0.0,0.0,0.0,0.0,0.0,0.0,0.0,0.0,0.0,0.0,0.0,0.0,0.0,0.0,0.0,0.0,0.0,0.0,0.0,0.0,0.0,0.0,0.0,0.0,0.0,0.0,0.0,0.0,0.0,0.0,0.0,0.0,0.0,0.0,0.0,0.0,0.0,0.0,0.0,0.0,0.0,0.0,0.0,0.0,0.0,0.0,0.0,0.0,0.0,0.0,0.0,0.0,0.0,0.0,0.0,0.0,0.0,0.0,0.0,0.0,0.0,0.0,0.0,0.0,0.0,0.0,0.0,0.0,0.0,0.0,0.0,0.0,0.0,0.0,0.0,0.0,0.0,0.0,0.0,0.0,0.0,0.0,0.0,0.0,0.0,0.0,0.0,0.0,0.0,0.0,0.0,0.0,0.0,0.0,0.0,0.0,0.0,0.0,47.0,47.0,47.0,...
1763031209,914457040,laser,-3.1241390705108643,3.1415927410125732,0.0034828970674425364,5.3754956752527505e-05,0.09670516848564148,0.15000000596046448,16.0,8.67199993133545,inf,inf,7.28000020980835,7.28000020980835,7.28000020980835,7.28000020980835,7.28000020980835,7.263999938964844,7.263999938964844,7.263999938964844,7.248000144958496,7.25600004196167,7.248000144958496,7.239999771118164,7.248000144958496,7.248000144958496,7.25600004196167,7.263999938964844,7.263999938964844,7.248000144958496,7.239999771118164,7.239999771118164,7.25600004196167,7.25600004196167,7.25600004196167,7.248000144958496,7.248000144958496,7.25600004196167,7.263999938964844,7.239999771118164,7.239999771118164,10.37600040435791,inf,inf,inf,inf,inf,inf,inf,inf,inf,inf,inf,inf,inf,inf,inf,inf,inf,3.8919999599456787,3.8919999599456787,3.8919999599456787,3.8919999599456787,3.8919999599456787,3.803999900817871,3.803999900817871,3.803999900817871,3.747999906539917,3.740000009536743,3.740000009536743,3.740000009536743,3.740000009536743,3.74399995803833,3.747999906539917,3.752000093460083,2.884000062942505,2.884000062942505,2.815999984741211,2.815999984741211,2.815999984741211,2.74399995803833,2.74399995803833,2.6519999504089355,2.6519999504089355,2.5920000076293945,2.5360000133514404,2.4800000190734863,2.427999973297119,2.375999927520752,2.3359999656677246,2.303999900817871,2.2119998931884766,2.2119998931884766,2.200000047683716,2.200000047683716,2.0999999046325684,2.0999999046325684,2.0840001106262207,2.052000045776367,2.00600004196167,1.9800000190734863,1.9539999961853027,1.9199999570846558,1.9199999570846558,1.9019999504089355,1.8860000371932983,1.8760000467300415,1.8739999532699585,1.8600000143051147,1.840000033378601,1.8200000524520874,1.8200000524520874,1.7979999780654907,1.7799999713897705,1.7580000162124634,1.7339999675750732,1.7120000123977661,1.6920000314712524,1.6699999570846558,1.6699999570846558,1.649999976158142,1.50600004196167,1.50600004196167,1.50600004196167,1.49399995803833,1.4839999675750732,inf,inf,inf,inf,inf,inf,1.399999976158142,1.399999976158142,1.399999976158142,1.399999976158142,1.399999976158142,...,0.0,0.0,47.0,47.0,47.0,47.0,47.0,47.0,47.0,47.0,0.0,0.0,0.0,0.0,0.0,0.0,0.0,0.0,0.0,0.0,0.0,0.0,0.0,0.0,0.0,0.0,0.0,0.0,0.0,0.0,0.0,0.0,0.0,0.0,0.0,0.0,0.0,0.0,0.0,0.0,0.0,0.0,0.0,0.0,0.0,0.0,0.0,0.0,0.0,0.0,0.0,0.0,0.0,0.0,0.0,0.0,0.0,0.0,0.0,0.0,0.0,0.0,0.0,0.0,0.0,0.0,0.0,0.0,0.0,0.0,0.0,0.0,0.0,0.0,0.0,0.0,0.0,0.0,0.0,0.0,0.0,0.0,0.0,0.0,0.0,0.0,0.0,0.0,0.0,0.0,0.0,0.0,0.0,0.0,0.0,0.0,0.0,0.0,0.0,0.0,0.0,0.0,0.0,0.0,0.0,0.0,0.0,0.0,0.0,0.0,0.0,0.0,0.0,0.0,0.0,0.0,0.0,0.0,0.0,0.0,0.0,0.0,0.0,0.0,0.0,0.0,0.0,0.0,...
1763031210,12652061,laser,-3.1241390705108643,3.1415927410125732,0.0034828970674425364,5.37604428245686e-05,0.0967150330543518,0.15000000596046448,16.0,inf,inf,7.263999938964844,7.263999938964844,7.263999938964844,7.263999938964844,7.263999938964844,7.263999938964844,7.263999938964844,7.263999938964844,7.25600004196167,7.25600004196167,7.25600004196167,7.25600004196167,7.248000144958496,7.239999771118164,7.25600004196167,7.25600004196167,7.25600004196167,7.25600004196167,7.25600004196167,7.239999771118164,7.239999771118164,7.248000144958496,7.25600004196167,7.239999771118164,7.248000144958496,7.248000144958496,7.263999938964844,7.263999938964844,7.263999938964844,10.527999877929688,10.527999877929688,10.527999877929688,inf,inf,inf,inf,inf,inf,inf,inf,inf,inf,inf,inf,inf,inf,inf,inf,inf,3.803999900817871,3.803999900817871,3.803999900817871,3.803999900817871,3.803999900817871,3.747999906539917,3.747999906539917,3.747999906539917,3.740000009536743,3.740000009536743,3.740000009536743,3.740000009536743,3.747999906539917,3.747999906539917,3.752000093460083,2.884000062942505,2.884000062942505,2.884000062942505,2.7360000610351562,2.7360000610351562,2.7360000610351562,2.7360000610351562,2.691999912261963,2.6480000019073486,2.5880000591278076,2.5320000648498535,2.4800000190734863,2.427999973297119,2.375999927520752,2.3359999656677246,2.303999900817871,2.303999900817871,2.2079999446868896,2.2079999446868896,2.196000099182129,2.1440000534057617,2.1040000915527344,2.0840001106262207,2.0480000972747803,2.003999948501587,1.9800000190734863,1.9539999961853027,1.9539999961853027,1.9199999570846558,1.9019999504089355,1.8919999599456787,1.8819999694824219,1.8739999532699585,1.8600000143051147,1.840000033378601,1.840000033378601,1.8240000009536743,1.8020000457763672,1.7799999713897705,1.7580000162124634,1.7339999675750732,1.7120000123977661,1.6920000314712524,1.6699999570846558,1.6699999570846558,1.649999976158142,1.49399995803833,1.49399995803833,1.49399995803833,1.49399995803833,1.4839999675750732,inf,inf,inf,inf,1.3980000019073486,1.3980000019073486,1.3980000019073486,1.3980000019073486,1.3980000019073486,1.3860000371932983,1.3860000371932983,...,0.0,47.0,47.0,47.0,47.0,47.0,47.0,47.0,47.0,47.0,47.0,47.0,0.0,0.0,0.0,0.0,0.0,47.0,47.0,47.0,47.0,47.0,0.0,0.0,0.0,0.0,0.0,0.0,0.0,0.0,0.0,0.0,0.0,0.0,0.0,0.0,0.0,0.0,0.0,0.0,0.0,0.0,0.0,0.0,0.0,0.0,0.0,0.0,0.0,0.0,0.0,0.0,0.0,0.0,0.0,0.0,0.0,0.0,0.0,0.0,0.0,0.0,0.0,0.0,0.0,0.0,0.0,0.0,0.0,0.0,0.0,47.0,47.0,47.0,47.0,47.0,0.0,0.0,0.0,0.0,0.0,0.0,0.0,0.0,0.0,0.0,0.0,0.0,0.0,47.0,47.0,47.0,47.0,47.0,0.0,0.0,0.0,0.0,0.0,0.0,0.0,0.0,0.0,0.0,0.0,0.0,0.0,0.0,0.0,0.0,0.0,0.0,0.0,0.0,0.0,0.0,0.0,0.0,0.0,0.0,0.0,0.0,0.0,0.0,47.0,47.0,47.0,47.0,...
1763031210,110993372,laser,-3.1241390705108643,3.1415927410125732,0.0034828970674425364,5.3750805818708614e-05,0.09669769555330276,0.15000000596046448,16.0,inf,inf,inf,7.271999835968018,7.271999835968018,7.271999835968018,7.271999835968018,7.271999835968018,7.263999938964844,7.263999938964844,7.25600004196167,7.25600004196167,7.25600004196167,7.25600004196167,7.25600004196167,7.248000144958496,7.25600004196167,7.25600004196167,7.263999938964844,7.263999938964844,7.25600004196167,7.239999771118164,7.239999771118164,7.248000144958496,7.25600004196167,7.239999771118164,7.239999771118164,7.248000144958496,7.263999938964844,7.263999938964844,7.25600004196167,10.520000457763672,10.520000457763672,inf,inf,inf,inf,inf,inf,inf,inf,inf,inf,inf,inf,inf,inf,inf,inf,inf,inf,inf,3.888000011444092,3.888000011444092,3.888000011444092,3.888000011444092,3.888000011444092,3.7920000553131104,3.7920000553131104,3.740000009536743,3.740000009536743,3.74399995803833,3.747999906539917,3.747999906539917,3.747999906539917,3.747999906539917,2.927999973297119,2.868000030517578,2.868000030517578,2.868000030517578,2.868000030517578,2.7960000038146973,2.7360000610351562,2.671999931335449,2.611999988555908,2.559999942779541,2.51200008392334,2.4679999351501465,2.4679999351501465,2.368000030517578,2.368000030517578,2.328000068664551,2.2960000038146973,2.184000015258789,2.128000020980835,2.128000020980835,2.128000020980835,2.0999999046325684,2.0739998817443848,2.0739998817443848,2.0399999618530273,2.007999897003174,1.9819999933242798,1.9579999446868896,1.9359999895095825,1.9220000505447388,1.9140000343322754,1.899999976158142,1.899999976158142,1.8619999885559082,1.8619999885559082,1.840000033378601,1.8220000267028809,1.7999999523162842,1.7699999809265137,1.75,1.7319999933242798,1.7079999446868896,1.687999963760376,1.687999963760376,1.6699999570846558,1.6460000276565552,1.5140000581741333,1.5140000581741333,1.50600004196167,1.49399995803833,1.4839999675750732,1.465999960899353,inf,inf,inf,inf,1.4019999504089355,1.4019999504089355,1.4019999504089355,1.4019999504089355,1.4019999504089355,1.3880000114440918,...,0.0,47.0,47.0,47.0,47.0,47.0,47.0,47.0,47.0,47.0,47.0,0.0,0.0,0.0,0.0,0.0,0.0,0.0,0.0,47.0,47.0,47.0,47.0,47.0,0.0,0.0,0.0,0.0,0.0,0.0,0.0,0.0,0.0,0.0,0.0,0.0,0.0,0.0,0.0,0.0,0.0,0.0,0.0,0.0,0.0,0.0,0.0,0.0,0.0,0.0,0.0,0.0,0.0,0.0,0.0,0.0,0.0,0.0,0.0,0.0,0.0,0.0,0.0,0.0,0.0,0.0,0.0,0.0,0.0,0.0,0.0,0.0,0.0,0.0,0.0,0.0,0.0,0.0,0.0,0.0,0.0,0.0,0.0,0.0,0.0,0.0,0.0,0.0,0.0,0.0,0.0,47.0,47.0,47.0,47.0,47.0,0.0,0.0,0.0,0.0,0.0,0.0,0.0,0.0,0.0,0.0,0.0,0.0,0.0,0.0,0.0,0.0,0.0,0.0,0.0,0.0,0.0,0.0,0.0,0.0,0.0,0.0,0.0,0.0,0.0,0.0,0.0,0.0,...
1763031210,209169057,laser,-3.1241390705108643,3.1415927410125732,0.0034828970674425364,5.374558168114163e-05,0.09668830037117004,0.15000000596046448,16.0,inf,inf,inf,inf,inf,7.271999835968018,7.271999835968018,7.271999835968018,7.271999835968018,7.271999835968018,7.263999938964844,7.25600004196167,7.25600004196167,7.25600004196167,7.25600004196167,7.248000144958496,7.25600004196167,7.25600004196167,7.263999938964844,7.263999938964844,7.248000144958496,7.239999771118164,7.239999771118164,7.25600004196167,7.25600004196167,7.25600004196167,7.248000144958496,7.248000144958496,7.263999938964844,7.271999835968018,7.248000144958496,7.248000144958496,10.37600040435791,10.37600040435791,inf,inf,inf,inf,inf,inf,inf,inf,inf,inf,inf,inf,inf,inf,inf,inf,inf,3.7760000228881836,3.7760000228881836,3.7760000228881836,3.7760000228881836,3.7760000228881836,3.740000009536743,3.740000009536743,3.740000009536743,3.740000009536743,3.740000009536743,3.74399995803833,3.747999906539917,3.747999906539917,3.747999906539917,3.747999906539917,3.747999906539917,2.927999973297119,2.927999973297119,2.927999973297119,2.864000082015991,2.7960000038146973,2.7360000610351562,2.6640000343322754,2.6080000400543213,2.563999891281128,2.507999897003174,2.507999897003174,2.4639999866485596,2.4159998893737793,2.368000030517578,2.328000068664551,2.308000087738037,2.184000015258789,2.184000015258789,2.1760001182556152,2.128000020980835,2.0999999046325684,2.0999999046325684,2.063999891281128,2.0280001163482666,2.009999990463257,1.9839999675750732,1.9579999446868896,1.9299999475479126,1.9140000343322754,1.9079999923706055,1.9079999923706055,1.8980000019073486,1.8799999952316284,1.8619999885559082,1.840000033378601,1.8200000524520874,1.7999999523162842,1.7719999551773071,1.75,1.7300000190734863,1.7079999446868896,1.7079999446868896,1.687999963760376,1.6679999828338623,1.6460000276565552,1.5260000228881836,1.50600004196167,1.50600004196167,1.49399995803833,1.468000054359436,inf,1.4279999732971191,1.4279999732971191,1.4279999732971191,1.4279999732971191,1.4279999732971191,1.4019999504089355,1.4019999504089355,1.4019999504089355,1.3880000114440918,1.3880000114440918,...,0.0,47.0,47.0,47.0,47.0,47.0,47.0,47.0,47.0,47.0,47.0,47.0,47.0,0.0,0.0,0.0,0.0,0.0,47.0,47.0,47.0,47.0,47.0,0.0,0.0,0.0,0.0,0.0,0.0,0.0,0.0,0.0,0.0,0.0,0.0,0.0,0.0,0.0,0.0,0.0,0.0,0.0,0.0,0.0,0.0,0.0,0.0,0.0,0.0,0.0,0.0,0.0,0.0,0.0,0.0,0.0,0.0,0.0,0.0,0.0,0.0,0.0,0.0,0.0,0.0,0.0,0.0,0.0,47.0,47.0,47.0,47.0,47.0,0.0,0.0,0.0,0.0,0.0,0.0,0.0,0.0,0.0,0.0,0.0,0.0,0.0,0.0,0.0,0.0,0.0,0.0,0.0,0.0,0.0,0.0,0.0,0.0,0.0,0.0,0.0,0.0,0.0,0.0,0.0,0.0,0.0,0.0,0.0,0.0,0.0,0.0,0.0,0.0,0.0,0.0,0.0,0.0,0.0,0.0,0.0,0.0,0.0,0.0,0.0,0.0,0.0,0.0,0.0,...
