1763031237,604344542,laser,-3.1241390705108643,3.1415927410125732,0.0034828970674425364,5.3877934988122433e-05,0.09692640602588654,0.15000000596046448,16.0,9.880000114440918,9.86400032043457,9.86400032043457,9.855999946594238,inf,inf,inf,8.312000274658203,8.312000274658203,8.312000274658203,8.312000274658203,8.312000274658203,8.303999900817871,8.303999900817871,8.312000274658203,8.319999694824219,8.312000274658203,8.312000274658203,8.303999900817871,8.303999900817871,8.312000274658203,8.303999900817871,8.312000274658203,8.319999694824219,8.319999694824219,8.336000442504883,8.336000442504883,8.343999862670898,8.343999862670898,8.319999694824219,10.48799991607666,10.48799991607666,10.48799991607666,inf,inf,inf,inf,inf,inf,inf,inf,inf,inf,inf,inf,inf,inf,inf,inf,inf,inf,inf,inf,3.7639999389648438,3.7639999389648438,3.7639999389648438,3.7639999389648438,3.7639999389648438,3.740000009536743,3.740000009536743,3.7320001125335693,3.7360000610351562,3.747999906539917,3.747999906539917,3.752000093460083,3.752000093460083,2.8919999599456787,2.8919999599456787,2.8320000171661377,2.8320000171661377,2.8320000171661377,2.7839999198913574,2.6480000019073486,2.6480000019073486,2.5999999046325684,2.552000045776367,2.552000045776367,2.5,2.444000005722046,2.3919999599456787,2.3440001010894775,2.299999952316284,2.2839999198913574,2.191999912261963,2.1640000343322754,2.1640000343322754,2.1640000343322754,2.128000020980835,2.0880000591278076,2.062000036239624,2.0399999618530273,2.0239999294281006,2.00600004196167,1.9900000095367432,1.9780000448226929,1.9780000448226929,1.9600000381469727,1.9359999895095825,1.9140000343322754,1.8880000114440918,1.8619999885559082,1.840000033378601,1.815999984741211,1.7899999618530273,1.7660000324249268,1.7660000324249268,1.7480000257492065,1.7239999771118164,1.7039999961853027,1.6859999895095825,1.6640000343322754,1.628000020980835,1.5099999904632568,1.5099999904632568,1.5,1.4880000352859497,1.4759999513626099,1.4759999513626099,inf,inf,inf,inf,inf,1.4079999923706055,1.4079999923706055,1.4079999923706055,1.4079999923706055,1.4079999923706055,...,0.0,0.0,0.0,47.0,47.0,47.0,47.0,47.0,47.0,47.0,47.0,47.0,47.0,47.0,0.0,0.0,0.0,0.0,0.0,47.0,47.0,47.0,47.0,47.0,0.0,0.0,0.0,0.0,0.0,0.0,0.0,0.0,0.0,0.0,0.0,0.0,0.0,0.0,0.0,0.0,0.0,0.0,0.0,0.0,0.0,0.0,0.0,0.0,0.0,0.0,0.0,0.0,0.0,0.0,0.0,0.0,0.0,0.0,0.0,0.0,0.0,0.0,0.0,0.0,0.0,0.0,0.0,0.0,0.0,0.0,0.0,0.0,0.0,0.0,0.0,0.0,0.0,0.0,0.0,0.0,0.0,0.0,0.0,0.0,0.0,0.0,0.0,0.0,0.0,0.0,0.0,47.0,47.0,47.0,47.0,47.0,0.0,0.0,0.0,0.0,0.0,0.0,0.0,0.0,0.0,0.0,0.0,0.0,0.0,0.0,0.0,0.0,0.0,0.0,0.0,0.0,0.0,0.0,0.0,0.0,0.0,0.0,0.0,47.0,47.0,47.0,47.0,47.0,...
1763031237,702745625,laser,-3.1241390705108643,3.1415927410125732,0.0034828970674425364,5.3835789003642276e-05,0.09685058146715164,0.15000000596046448,16.0,9.871999740600586,9.871999740600586,9.815999984741211,9.855999946594238,inf,8.312000274658203,8.312000274658203,8.312000274658203,8.312000274658203,8.312000274658203,8.319999694824219,8.319999694824219,8.319999694824219,8.319999694824219,8.312000274658203,8.319999694824219,8.319999694824219,8.312000274658203,8.312000274658203,8.303999900817871,8.303999900817871,8.303999900817871,8.312000274658203,8.32800006866455,8.32800006866455,8.32800006866455,8.343999862670898,8.343999862670898,8.35200023651123,8.336000442504883,10.592000007629395,inf,inf,inf,inf,inf,inf,inf,inf,inf,inf,inf,inf,inf,inf,inf,inf,inf,inf,inf,inf,inf,inf,3.759999990463257,3.759999990463257,3.759999990463257,3.759999990463257,3.759999990463257,3.75600004196167,3.75600004196167,3.752000093460083,3.752000093460083,3.740000009536743,3.74399995803833,3.747999906539917,3.752000093460083,2.884000062942505,2.884000062942505,2.8320000171661377,2.8320000171661377,2.8320000171661377,2.7720000743865967,2.7720000743865967,2.6480000019073486,2.6480000019073486,2.5999999046325684,2.5439999103546143,2.492000102996826,2.444000005722046,2.384000062942505,2.3359999656677246,2.299999952316284,2.299999952316284,2.25600004196167,2.2239999771118164,2.191999912261963,2.1519999504089355,2.1080000400543213,2.0799999237060547,2.052000045776367,2.009999990463257,1.9819999933242798,1.9639999866485596,1.9639999866485596,1.9320000410079956,1.9040000438690186,1.8839999437332153,1.871999979019165,1.8619999885559082,1.8459999561309814,1.8359999656677246,1.8220000267028809,1.8220000267028809,1.7999999523162842,1.781999945640564,1.7599999904632568,1.7339999675750732,1.715999960899353,1.6979999542236328,1.6759999990463257,1.656000018119812,1.656000018119812,1.5080000162124634,1.5080000162124634,1.5080000162124634,1.496000051498413,1.4839999675750732,1.4759999513626099,inf,inf,inf,inf,inf,1.4040000438690186,1.4040000438690186,1.4040000438690186,1.4040000438690186,1.4040000438690186,...,47.0,47.0,47.0,47.0,47.0,47.0,47.0,47.0,47.0,47.0,47.0,47.0,0.0,0.0,0.0,0.0,0.0,0.0,47.0,47.0,47.0,47.0,47.0,0.0,0.0,0.0,0.0,0.0,0.0,0.0,0.0,0.0,0.0,0.0,0.0,0.0,0.0,0.0,0.0,0.0,0.0,0.0,0.0,0.0,0.0,0.0,0.0,0.0,0.0,0.0,0.0,0.0,0.0,0.0,0.0,0.0,0.0,0.0,0.0,0.0,0.0,0.0,0.0,0.0,0.0,0.0,0.0,0.0,0.0,0.0,0.0,47.0,47.0,47.0,47.0,47.0,0.0,0.0,0.0,0.0,0.0,0.0,0.0,0.0,0.0,0.0,0.0,0.0,0.0,47.0,47.0,47.0,47.0,47.0,0.0,0.0,0.0,0.0,0.0,0.0,0.0,0.0,0.0,0.0,0.0,0.0,47.0,47.0,47.0,47.0,47.0,0.0,0.0,0.0,0.0,0.0,0.0,0.0,0.0,0.0,0.0,0.0,0.0,0.0,0.0,47.0,47.0,47.0,...
1763031237,801488988,laser,-3.1241390705108643,3.1415927410125732,0.0034828970674425364,5.352283187676221e-05,0.0962875708937645,0.15000000596046448,16.0,9.86400032043457,9.86400032043457,9.815999984741211,9.815999984741211,9.760000228881836,inf,8.312000274658203,8.312000274658203,8.312000274658203,8.312000274658203,8.312000274658203,8.312000274658203,8.312000274658203,8.303999900817871,8.312000274658203,8.319999694824219,8.312000274658203,8.312000274658203,8.312000274658203,8.312000274658203,8.312000274658203,8.303999900817871,8.312000274658203,8.32800006866455,8.336000442504883,8.336000442504883,8.336000442504883,8.343999862670898,8.35200023651123,8.32800006866455,10.51200008392334,inf,inf,inf,inf,inf,inf,inf,inf,inf,inf,inf,inf,inf,inf,inf,inf,inf,inf,inf,inf,inf,inf,3.803999900817871,3.803999900817871,3.803999900817871,3.803999900817871,3.803999900817871,3.75600004196167,3.75600004196167,3.752000093460083,3.752000093460083,3.74399995803833,3.747999906539917,3.747999906539917,3.747999906539917,3.747999906539917,2.940000057220459,2.884000062942505,2.884000062942505,2.884000062942505,2.7320001125335693,2.684000015258789,2.684000015258789,2.640000104904175,2.5920000076293945,2.5439999103546143,2.4079999923706055,2.368000030517578,2.368000030517578,2.368000030517578,2.3359999656677246,2.2960000038146973,2.196000099182129,2.196000099182129,2.184000015258789,2.1440000534057617,2.1080000400543213,2.0799999237060547,2.0799999237060547,2.0480000972747803,2.0,1.9700000286102295,1.9459999799728394,1.9119999408721924,1.8860000371932983,1.8639999628067017,1.843999981880188,1.8320000171661377,1.8320000171661377,1.8240000009536743,1.812000036239624,1.8020000457763672,1.7899999618530273,1.7719999551773071,1.75,1.7280000448226929,1.7100000381469727,1.7100000381469727,1.687999963760376,1.6640000343322754,1.6460000276565552,1.5080000162124634,1.5080000162124634,1.5080000162124634,1.4919999837875366,1.4800000190734863,1.468000054359436,inf,inf,1.4320000410079956,1.4320000410079956,1.4320000410079956,1.4320000410079956,1.4320000410079956,1.4019999504089355,1.4019999504089355,1.4019999504089355,...,47.0,47.0,47.0,47.0,47.0,47.0,47.0,47.0,47.0,47.0,47.0,47.0,47.0,47.0,47.0,0.0,0.0,0.0,0.0,0.0,0.0,0.0,0.0,0.0,0.0,0.0,0.0,0.0,0.0,0.0,0.0,0.0,0.0,0.0,0.0,0.0,0.0,0.0,0.0,0.0,0.0,0.0,0.0,0.0,0.0,0.0,0.0,0.0,0.0,0.0,0.0,0.0,0.0,0.0,0.0,0.0,0.0,0.0,0.0,0.0,0.0,0.0,0.0,0.0,0.0,0.0,0.0,0.0,0.0,0.0,0.0,0.0,0.0,0.0,0.0,0.0,0.0,0.0,0.0,0.0,0.0,0.0,0.0,0.0,0.0,0.0,0.0,0.0,0.0,47.0,47.0,47.0,47.0,47.0,0.0,0.0,0.0,0.0,0.0,0.0,0.0,0.0,0.0,0.0,0.0,0.0,0.0,0.0,0.0,0.0,0.0,0.0,0.0,0.0,0.0,0.0,0.0,0.0,0.0,0.0,0.0,0.0,0.0,0.0,47.0,47.0,47.0,47.0,...
1763031237,899305912,laser,-3.1241390705108643,3.1415927410125732,0.0034828970674425364,5.714493090636097e-05,0.10280372947454453,0.15000000596046448,16.0,9.855999946594238,9.855999946594238,9.855999946594238,9.824000358581543,inf,inf,8.319999694824219,8.319999694824219,8.319999694824219,8.319999694824219,8.319999694824219,8.312000274658203,8.312000274658203,8.303999900817871,8.312000274658203,8.312000274658203,8.312000274658203,8.303999900817871,8.303999900817871,8.312000274658203,8.312000274658203,8.303999900817871,8.303999900817871,8.319999694824219,8.319999694824219,8.32800006866455,8.32800006866455,8.343999862670898,8.35200023651123,8.32800006866455,8.32800006866455,inf,inf,inf,inf,inf,inf,inf,inf,inf,inf,inf,inf,inf,inf,inf,inf,inf,inf,inf,inf,inf,inf,inf,3.759999990463257,3.759999990463257,3.759999990463257,3.759999990463257,3.759999990463257,3.740000009536743,3.740000009536743,3.7360000610351562,3.7360000610351562,3.74399995803833,3.747999906539917,3.752000093460083,2.884000062942505,2.884000062942505,2.884000062942505,2.828000068664551,2.828000068664551,2.828000068664551,2.7639999389648438,2.700000047683716,2.6440000534057617,2.5959999561309814,2.5399999618530273,2.4839999675750732,2.436000108718872,2.384000062942505,2.3359999656677246,2.3359999656677246,2.2960000038146973,2.25600004196167,2.2279999256134033,2.196000099182129,2.1519999504089355,2.1080000400543213,2.0799999237060547,2.0480000972747803,2.0199999809265137,2.0,2.0,1.9839999675750732,1.965999960899353,1.9500000476837158,1.940000057220459,1.9259999990463257,1.9040000438690186,1.878000020980835,1.850000023841858,1.850000023841858,1.8300000429153442,1.805999994277954,1.781999945640564,1.7599999904632568,1.7339999675750732,1.7100000381469727,1.694000005722046,1.6740000247955322,1.6740000247955322,1.649999976158142,1.5080000162124634,1.5080000162124634,1.5080000162124634,1.4980000257492065,1.4859999418258667,1.4759999513626099,inf,inf,inf,1.4040000438690186,1.4040000438690186,1.4040000438690186,1.4040000438690186,1.4040000438690186,1.3899999856948853,1.3899999856948853,...,47.0,47.0,47.0,47.0,47.0,47.0,47.0,47.0,47.0,47.0,47.0,47.0,0.0,0.0,0.0,0.0,0.0,47.0,47.0,47.0,47.0,47.0,0.0,0.0,0.0,0.0,0.0,0.0,0.0,0.0,0.0,0.0,0.0,0.0,0.0,0.0,0.0,0.0,0.0,0.0,0.0,0.0,0.0,0.0,0.0,0.0,0.0,0.0,0.0,0.0,0.0,0.0,0.0,0.0,0.0,0.0,0.0,0.0,0.0,0.0,0.0,0.0,0.0,0.0,0.0,0.0,0.0,0.0,0.0,0.0,0.0,0.0,0.0,0.0,0.0,0.0,0.0,0.0,0.0,0.0,0.0,0.0,0.0,0.0,0.0,0.0,0.0,0.0,0.0,0.0,0.0,0.0,0.0,0.0,0.0,0.0,0.0,0.0,0.0,0.0,0.0,0.0,0.0,0.0,0.0,0.0,47.0,47.0,47.0,47.0,47.0,0.0,0.0,0.0,0.0,0.0,0.0,0.0,0.0,0.0,0.0,0.0,0.0,0.0,0.0,0.0,0.0,0.0,...
1763031238,3430851,laser,-3.1241390705108643,3.1415927410125732,0.0034828970674425364,5.392948878579773e-05,0.09701915085315704,0.15000000596046448,16.0,9.928000450134277,9.871999740600586,9.831999778747559,9.824000358581543,9.824000358581543,inf,inf,8.312000274658203,8.312000274658203,8.312000274658203,8.312000274658203,8.312000274658203,8.319999694824219,8.312000274658203,8.303999900817871,8.312000274658203,8.312000274658203,8.303999900817871,8.303999900817871,8.303999900817871,8.312000274658203,8.303999900817871,8.312000274658203,8.32800006866455,8.336000442504883,8.336000442504883,8.336000442504883,8.343999862670898,8.35200023651123,8.319999694824219,inf,inf,inf,inf,inf,inf,inf,inf,inf,inf,inf,inf,inf,inf,inf,inf,inf,inf,inf,inf,inf,inf,3.75600004196167,3.75600004196167,3.75600004196167,3.75600004196167,3.75600004196167,3.740000009536743,3.740000009536743,3.740000009536743,3.740000009536743,3.7360000610351562,3.740000009536743,3.74399995803833,3.747999906539917,3.752000093460083,3.752000093460083,2.884000062942505,2.884000062942505,2.884000062942505,2.884000062942505,2.815999984741211,2.747999906539917,2.687999963760376,2.635999917984009,2.5920000076293945,2.5280001163482666,2.4719998836517334,2.4200000762939453,2.368000030517578,2.368000030517578,2.3359999656677246,2.2960000038146973,2.2360000610351562,2.2079999446868896,2.191999912261963,2.1480000019073486,2.1080000400543213,2.0799999237060547,2.0799999237060547,2.0160000324249268,2.0160000324249268,1.9919999837875366,1.965999960899353,1.9520000219345093,1.937999963760376,1.9279999732971191,1.9119999408721924,1.9119999408721924,1.8940000534057617,1.8739999532699585,1.8459999561309814,1.8259999752044678,1.805999994277954,1.777999997138977,1.7519999742507935,1.7300000190734863,1.7100000381469727,1.7100000381469727,1.687999963760376,1.6679999828338623,1.649999976158142,1.5299999713897705,1.5299999713897705,1.5080000162124634,1.496000051498413,1.4859999418258667,1.468000054359436,inf,1.4320000410079956,1.4320000410079956,1.4320000410079956,1.4320000410079956,1.4320000410079956,1.4019999504089355,1.4019999504089355,1.4019999504089355,1.3860000371932983,...,0.0,0.0,0.0,0.0,47.0,47.0,47.0,47.0,47.0,47.0,47.0,0.0,0.0,0.0,0.0,0.0,0.0,0.0,0.0,0.0,47.0,47.0,47.0,47.0,47.0,0.0,0.0,0.0,0.0,0.0,0.0,0.0,0.0,0.0,0.0,0.0,0.0,0.0,0.0,0.0,0.0,0.0,0.0,0.0,0.0,0.0,0.0,0.0,0.0,0.0,0.0,0.0,0.0,0.0,0.0,0.0,0.0,0.0,0.0,0.0,0.0,0.0,0.0,0.0,0.0,0.0,0.0,0.0,0.0,0.0,0.0,0.0,0.0,0.0,0.0,0.0,0.0,0.0,0.0,0.0,0.0,0.0,0.0,0.0,0.0,0.0,0.0,0.0,0.0,0.0,0.0,0.0,0.0,0.0,0.0,0.0,0.0,0.0,0.0,0.0,0.0,0.0,0.0,0.0,0.0,0.0,0.0,0.0,0.0,0.0,0.0,0.0,0.0,0.0,0.0,0.0,0.0,0.0,0.0,0.0,0.0,0.0,0.0,0.0,0.0,0.0,0.0,0.0,...
1763031238,102325708,laser,-3.1241390705108643,3.1415927410125732,0.0034828970674425364,5.3626303269993514e-05,0.09647371619939804,0.15000000596046448,16.0,9.855999946594238,9.855999946594238,9.880000114440918,9.880000114440918,9.824000358581543,8.319999694824219,8.319999694824219,8.319999694824219,8.319999694824219,8.319999694824219,8.319999694824219,8.319999694824219,8.319999694824219,8.303999900817871,8.303999900817871,8.312000274658203,8.312000274658203,8.312000274658203,8.303999900817871,8.303999900817871,8.312000274658203,8.303999900817871,8.303999900817871,8.32800006866455,8.32800006866455,8.343999862670898,8.32800006866455,8.336000442504883,8.35200023651123,8.319999694824219,10.46399974822998,10.46399974822998,10.46399974822998,10.46399974822998,inf,inf,inf,inf,inf,inf,inf,inf,inf,inf,inf,inf,inf,inf,inf,inf,inf,3.7839999198913574,3.7839999198913574,3.7839999198913574,3.7839999198913574,3.7839999198913574,3.740000009536743,3.740000009536743,3.740000009536743,3.740000009536743,3.740000009536743,3.74399995803833,3.74399995803833,3.747999906539917,3.74399995803833,3.74399995803833,2.927999973297119,2.927999973297119,2.927999973297119,2.927999973297119,2.859999895095825,2.803999900817871,2.7279999256134033,2.6559998989105225,2.619999885559082,2.572000026702881,2.572000026702881,2.51200008392334,2.4560000896453857,2.3919999599456787,2.3559999465942383,2.315999984741211,2.2920000553131104,2.1760001182556152,2.1760001182556152,2.1760001182556152,2.140000104904175,2.140000104904175,2.1040000915527344,2.059999942779541,2.0239999294281006,1.99399995803833,1.968000054359436,1.9420000314712524,1.9079999923706055,1.9079999923706055,1.8639999628067017,1.8639999628067017,1.8420000076293945,1.8200000524520874,1.8179999589920044,1.812000036239624,1.7999999523162842,1.784000039100647,1.7640000581741333,1.7640000581741333,1.7419999837875366,1.722000002861023,1.7039999961853027,1.6859999895095825,1.6619999408721924,1.6380000114440918,1.5240000486373901,1.50600004196167,1.50600004196167,1.4880000352859497,1.4880000352859497,1.4800000190734863,inf,inf,inf,inf,1.3980000019073486,1.3980000019073486,1.3980000019073486,1.3980000019073486,1.3980000019073486,1.3860000371932983,...,0.0,47.0,47.0,47.0,47.0,47.0,47.0,47.0,47.0,47.0,0.0,0.0,0.0,0.0,0.0,0.0,0.0,0.0,0.0,47.0,47.0,47.0,47.0,47.0,0.0,0.0,0.0,0.0,0.0,0.0,0.0,0.0,0.0,0.0,0.0,0.0,0.0,0.0,0.0,0.0,0.0,0.0,0.0,0.0,0.0,0.0,0.0,0.0,0.0,0.0,0.0,0.0,0.0,0.0,0.0,0.0,0.0,0.0,0.0,0.0,0.0,0.0,0.0,0.0,0.0,0.0,0.0,0.0,0.0,0.0,0.0,0.0,0.0,0.0,0.0,0.0,0.0,0.0,0.0,0.0,0.0,0.0,0.0,0.0,0.0,0.0,0.0,0.0,0.0,0.0,0.0,0.0,0.0,0.0,0.0,0.0,0.0,0.0,0.0,0.0,0.0,0.0,0.0,0.0,0.0,0.0,0.0,0.0,0.0,0.0,0.0,0.0,0.0,0.0,0.0,0.0,0.0,0.0,0.0,0.0,0.0,0.0,0.0,0.0,0.0,0.0,0.0,0.0,...
1763031238,200481456,laser,-3.1241390705108643,3.1415927410125732,0.0034828970674425364,5.3630177717423066e-05,0.09648068994283676,0.15000000596046448,16.0,9.880000114440918,9.880000114440918,9.86400032043457,9.847999572753906,inf,inf,inf,8.319999694824219,8.319999694824219,8.319999694824219,8.319999694824219,8.319999694824219,8.319999694824219,8.303999900817871,8.312000274658203,8.312000274658203,8.312000274658203,8.303999900817871,8.303999900817871,8.312000274658203,8.312000274658203,8.303999900817871,8.303999900817871,8.312000274658203,8.32800006866455,8.336000442504883,8.336000442504883,8.343999862670898,8.35200023651123,8.35200023651123,10.359999656677246,10.359999656677246,10.359999656677246,inf,inf,inf,inf,inf,inf,inf,inf,inf,inf,inf,inf,inf,inf,inf,inf,inf,3.864000082015991,3.864000082015991,3.864000082015991,3.864000082015991,3.864000082015991,3.7880001068115234,3.7880001068115234,3.7880001068115234,3.74399995803833,3.74399995803833,3.740000009536743,3.740000009536743,3.74399995803833,3.74399995803833,3.747999906539917,2.927999973297119,2.927999973297119,2.927999973297119,2.859999895095825,2.859999895095825,2.859999895095825,2.803999900817871,2.7279999256134033,2.6600000858306885,2.619999885559082,2.572000026702881,2.5160000324249268,2.4560000896453857,2.3959999084472656,2.3559999465942383,2.3559999465942383,2.315999984741211,2.2920000553131104,2.180000066757202,2.180000066757202,2.184000015258789,2.140000104904175,2.1040000915527344,2.059999942779541,2.059999942779541,2.0239999294281006,2.002000093460083,1.972000002861023,1.9420000314712524,1.9140000343322754,1.8960000276565552,1.8899999856948853,1.8819999694824219,1.8700000047683716,1.8700000047683716,1.8580000400543213,1.8380000591278076,1.8179999589920044,1.7960000038146973,1.7680000066757202,1.74399995803833,1.7259999513626099,1.7259999513626099,1.7079999446868896,1.6859999895095825,1.6660000085830688,1.6419999599456787,1.5180000066757202,1.5180000066757202,1.50600004196167,1.4919999837875366,1.4819999933242798,inf,inf,inf,1.409999966621399,1.409999966621399,1.409999966621399,1.409999966621399,1.409999966621399,1.4019999504089355,1.4019999504089355,1.4019999504089355,...,0.0,0.0,0.0,47.0,47.0,47.0,47.0,47.0,47.0,47.0,0.0,0.0,0.0,0.0,0.0,0.0,0.0,0.0,0.0,47.0,47.0,47.0,47.0,47.0,0.0,0.0,0.0,0.0,0.0,0.0,0.0,0.0,0.0,0.0,0.0,0.0,0.0,0.0,0.0,0.0,0.0,0.0,0.0,0.0,0.0,0.0,0.0,0.0,0.0,0.0,0.0,0.0,0.0,0.0,0.0,0.0,0.0,0.0,0.0,0.0,0.0,0.0,0.0,0.0,0.0,0.0,0.0,0.0,0.0,0.0,0.0,0.0,0.0,0.0,0.0,0.0,0.0,0.0,0.0,0.0,0.0,0.0,0.0,0.0,0.0,0.0,0.0,0.0,0.0,0.0,0.0,47.0,47.0,47.0,47.0,47.0,0.0,0.0,0.0,0.0,0.0,0.0,0.0,0.0,0.0,0.0,0.0,0.0,0.0,0.0,0.0,0.0,0.0,0.0,0.0,0.0,0.0,0.0,0.0,0.0,0.0,0.0,0.0,0.0,47.0,47.0,47.0,47.0,...
1763031238,298661413,laser,-3.1241390705108643,3.1415927410125732,0.0034828970674425364,5.3710624342784286e-05,0.096625417470932,0.15000000596046448,16.0,9.86400032043457,9.86400032043457,9.86400032043457,9.880000114440918,inf,inf,8.319999694824219,8.319999694824219,8.319999694824219,8.319999694824219,8.319999694824219,8.319999694824219,8.319999694824219,8.312000274658203,8.312000274658203,8.32800006866455,8.312000274658203,8.312000274658203,8.303999900817871,8.312000274658203,8.319999694824219,8.312000274658203,8.303999900817871,8.319999694824219,8.319999694824219,8.336000442504883,8.336000442504883,8.343999862670898,8.343999862670898,10.368000030517578,10.368000030517578,10.368000030517578,inf,inf,inf,inf,inf,inf,inf,inf,inf,inf,inf,inf,inf,inf,inf,inf,inf,inf,inf,inf,inf,3.7679998874664307,3.7679998874664307,3.7679998874664307,3.7679998874664307,3.7679998874664307,3.74399995803833,3.74399995803833,3.7360000610351562,3.740000009536743,3.74399995803833,3.74399995803833,3.747999906539917,3.752000093460083,2.8919999599456787,2.8919999599456787,2.8239998817443848,2.8239998817443848,2.8239998817443848,2.7639999389648438,2.696000099182129,2.640000104904175,2.5920000076293945,2.5920000076293945,2.5239999294281006,2.4760000705718994,2.436000108718872,2.380000114440918,2.3359999656677246,2.2920000553131104,2.252000093460083,2.2279999256134033,2.191999912261963,2.191999912261963,2.1480000019073486,2.1080000400543213,2.0759999752044678,2.049999952316284,2.0260000228881836,2.00600004196167,1.9880000352859497,1.972000002861023,1.972000002861023,1.9579999446868896,1.9459999799728394,1.9279999732971191,1.906000018119812,1.878000020980835,1.850000023841858,1.8300000429153442,1.8300000429153442,1.805999994277954,1.7799999713897705,1.7580000162124634,1.7339999675750732,1.7120000123977661,1.694000005722046,1.6720000505447388,1.6720000505447388,1.6480000019073486,1.5299999713897705,1.5080000162124634,1.5080000162124634,1.4980000257492065,1.4859999418258667,inf,inf,inf,inf,inf,inf,1.4019999504089355,1.4019999504089355,1.4019999504089355,1.4019999504089355,1.4019999504089355,...,47.0,47.0,47.0,47.0,47.0,47.0,47.0,47.0,47.0,47.0,47.0,47.0,0.0,0.0,0.0,0.0,0.0,47.0,47.0,47.0,47.0,47.0,0.0,0.0,0.0,0.0,0.0,0.0,0.0,0.0,0.0,0.0,0.0,0.0,0.0,0.0,0.0,0.0,0.0,0.0,0.0,0.0,0.0,0.0,0.0,0.0,0.0,0.0,0.0,0.0,0.0,0.0,0.0,0.0,0.0,0.0,0.0,0.0,0.0,0.0,0.0,0.0,0.0,0.0,0.0,0.0,0.0,0.0,0.0,0.0,0.0,0.0,0.0,0.0,0.0,0.0,0.0,0.0,0.0,0.0,0.0,0.0,0.0,0.0,0.0,0.0,0.0,0.0,0.0,47.0,47.0,47.0,47.0,47.0,0.0,0.0,0.0,0.0,0.0,0.0,0.0,0.0,0.0,0.0,0.0,0.0,0.0,0.0,0.0,0.0,0.0,0.0,0.0,0.0,0.0,0.0,0.0,0.0,0.0,0.0,0.0,0.0,0.0,0.0,0.0,0.0,0.0,0.0,...
1763031238,396850885,laser,-3.1241390705108643,3.1415927410125732,0.0034828970674425364,5.376110129873268e-05,0.09671621769666672,0.15000000596046448,16.0,9.871999740600586,9.871999740600586,9.871999740600586,9.871999740600586,inf,8.319999694824219,8.319999694824219,8.319999694824219,8.319999694824219,8.319999694824219,8.32800006866455,8.32800006866455,8.312000274658203,8.312000274658203,8.312000274658203,8.319999694824219,8.319999694824219,8.312000274658203,8.303999900817871,8.312000274658203,8.312000274658203,8.312000274658203,8.303999900817871,8.32800006866455,8.336000442504883,8.32800006866455,8.343999862670898,8.343999862670898,8.368000030517578,8.336000442504883,10.567999839782715,inf,inf,inf,inf,inf,inf,inf,inf,inf,inf,inf,inf,inf,inf,inf,inf,inf,inf,inf,inf,inf,3.7920000553131104,3.7920000553131104,3.7920000553131104,3.7920000553131104,3.7920000553131104,3.74399995803833,3.74399995803833,3.74399995803833,3.7360000610351562,3.740000009536743,3.74399995803833,3.747999906539917,3.752000093460083,3.747999906539917,3.747999906539917,2.880000114440918,2.880000114440918,2.880000114440918,2.880000114440918,2.803999900817871,2.7360000610351562,2.6760001182556152,2.628000020980835,2.572000026702881,2.5160000324249268,2.4719998836517334,2.4200000762939453,2.368000030517578,2.368000030517578,2.319999933242798,2.2920000553131104,2.184000015258789,2.184000015258789,2.184000015258789,2.135999917984009,2.1040000915527344,2.0739998817443848,2.0739998817443848,2.003999948501587,2.003999948501587,1.9800000190734863,1.9500000476837158,1.9140000343322754,1.8899999856948853,1.8760000467300415,1.8639999628067017,1.8519999980926514,1.8459999561309814,1.8459999561309814,1.8279999494552612,1.812000036239624,1.7940000295639038,1.7680000066757202,1.746000051498413,1.7280000448226929,1.7079999446868896,1.7079999446868896,1.6859999895095825,1.6660000085830688,1.6460000276565552,1.527999997138977,1.527999997138977,1.5080000162124634,1.4919999837875366,1.4819999933242798,inf,inf,inf,inf,inf,inf,1.399999976158142,1.399999976158142,1.399999976158142,1.399999976158142,1.399999976158142,...,47.0,47.0,47.0,47.0,47.0,47.0,47.0,47.0,47.0,47.0,47.0,47.0,0.0,0.0,0.0,0.0,0.0,0.0,47.0,47.0,47.0,47.0,47.0,0.0,0.0,0.0,0.0,0.0,0.0,0.0,0.0,0.0,0.0,0.0,0.0,0.0,0.0,0.0,0.0,0.0,0.0,0.0,0.0,0.0,0.0,0.0,0.0,0.0,0.0,0.0,0.0,0.0,0.0,0.0,0.0,0.0,0.0,0.0,0.0,0.0,0.0,0.0,0.0,0.0,0.0,0.0,0.0,0.0,0.0,0.0,0.0,0.0,0.0,0.0,0.0,0.0,0.0,0.0,0.0,0.0,0.0,0.0,0.0,0.0,0.0,0.0,0.0,0.0,0.0,0.0,0.0,0.0,0.0,0.0,0.0,0.0,0.0,0.0,0.0,0.0,0.0,0.0,0.0,0.0,0.0,0.0,0.0,0.0,0.0,0.0,0.0,0.0,0.0,0.0,0.0,0.0,0.0,0.0,0.0,0.0,0.0,0.0,0.0,0.0,0.0,0.0,0.0,0.0,...
1763031238,494983337,laser,-3.1241390705108643,3.1415927410125732,0.0034828970674425364,5.3834839491173625e-05,0.09684887528419495,0.15000000596046448,16.0,9.855999946594238,9.855999946594238,9.855999946594238,9.871999740600586,9.807999610900879,8.319999694824219,8.319999694824219,8.319999694824219,8.319999694824219,8.319999694824219,8.319999694824219,8.319999694824219,8.319999694824219,8.312000274658203,8.319999694824219,8.32800006866455,8.319999694824219,8.319999694824219,8.303999900817871,8.312000274658203,8.319999694824219,8.312000274658203,8.303999900817871,8.319999694824219,8.319999694824219,8.336000442504883,8.32800006866455,8.343999862670898,8.35200023651123,8.319999694824219,10.456000328063965,10.456000328063965,10.456000328063965,10.456000328063965,inf,inf,inf,inf,inf,inf,inf,inf,inf,inf,inf,inf,inf,inf,inf,inf,inf,3.8480000495910645,3.8480000495910645,3.8480000495910645,3.8480000495910645,3.8480000495910645,3.7720000743865967,3.7720000743865967,3.7720000743865967,3.74399995803833,3.740000009536743,3.740000009536743,3.74399995803833,3.747999906539917,3.747999906539917,3.747999906539917,2.9240000247955322,2.9240000247955322,2.9240000247955322,2.9240000247955322,2.859999895095825,2.799999952316284,2.7320001125335693,2.6640000343322754,2.619999885559082,2.572000026702881,2.51200008392334,2.51200008392334,2.384000062942505,2.384000062942505,2.3519999980926514,2.319999933242798,2.2960000038146973,2.1760001182556152,2.1760001182556152,2.171999931335449,2.135999917984009,2.0999999046325684,2.0999999046325684,2.068000078201294,2.0320000648498535,1.996000051498413,1.968000054359436,1.944000005722046,1.909999966621399,1.878000020980835,1.8660000562667847,1.8459999561309814,1.8300000429153442,1.8300000429153442,1.8279999494552612,1.8179999589920044,1.8040000200271606,1.7860000133514404,1.7640000581741333,1.7640000581741333,1.7200000286102295,1.7200000286102295,1.7000000476837158,1.6820000410079956,1.6619999408721924,1.6380000114440918,1.5080000162124634,1.496000051498413,1.496000051498413,1.4880000352859497,1.4819999933242798,1.4819999933242798,inf,inf,inf,inf,1.4040000438690186,1.4040000438690186,1.4040000438690186,1.4040000438690186,1.4040000438690186,1.3940000534057617,...,0.0,47.0,47.0,47.0,47.0,47.0,47.0,47.0,47.0,0.0,0.0,0.0,0.0,0.0,0.0,0.0,0.0,0.0,0.0,0.0,0.0,0.0,0.0,0.0,0.0,0.0,0.0,0.0,0.0,0.0,0.0,0.0,0.0,0.0,0.0,0.0,0.0,0.0,0.0,0.0,0.0,0.0,0.0,0.0,0.0,0.0,0.0,0.0,0.0,0.0,0.0,0.0,0.0,0.0,0.0,0.0,0.0,0.0,0.0,0.0,0.0,0.0,0.0,0.0,0.0,0.0,0.0,0.0,0.0,0.0,0.0,0.0,0.0,0.0,0.0,0.0,0.0,0.0,0.0,0.0,0.0,0.0,0.0,0.0,0.0,0.0,0.0,0.0,0.0,0.0,47.0,47.0,47.0,47.0,47.0,0.0,0.0,0.0,0.0,0.0,0.0,0.0,0.0,0.0,0.0,0.0,0.0,0.0,0.0,0.0,0.0,0.0,0.0,0.0,0.0,0.0,0.0,0.0,0.0,0.0,0.0,0.0,0.0,0.0,0.0,0.0,47.0,47.0,...
1763031238,593315087,laser,-3.1241390705108643,3.1415927410125732,0.0034828970674425364,5.377664274419658e-05,0.09674417972564697,0.15000000596046448,16.0,9.880000114440918,9.880000114440918,9.86400032043457,9.855999946594238,inf,inf,inf,8.312000274658203,8.312000274658203,8.312000274658203,8.312000274658203,8.312000274658203,8.312000274658203,8.312000274658203,8.312000274658203,8.319999694824219,8.319999694824219,8.312000274658203,8.303999900817871,8.303999900817871,8.319999694824219,8.312000274658203,8.312000274658203,8.312000274658203,8.32800006866455,8.336000442504883,8.343999862670898,8.359999656677246,8.35200023651123,inf,inf,inf,inf,inf,inf,inf,inf,inf,inf,inf,inf,inf,inf,inf,inf,4.671999931335449,4.671999931335449,4.671999931335449,4.671999931335449,4.671999931335449,inf,inf,3.8399999141693115,3.8399999141693115,3.8399999141693115,3.8399999141693115,3.8399999141693115,3.7679998874664307,3.7679998874664307,3.74399995803833,3.7360000610351562,3.740000009536743,3.740000009536743,3.74399995803833,3.752000093460083,3.752000093460083,2.884000062942505,2.884000062942505,2.884000062942505,2.884000062942505,2.8239998817443848,2.7639999389648438,2.7160000801086426,2.6600000858306885,2.5959999561309814,2.5959999561309814,2.5320000648498535,2.4800000190734863,2.436000108718872,2.380000114440918,2.3359999656677246,2.299999952316284,2.2679998874664307,2.2679998874664307,2.2360000610351562,2.200000047683716,2.1559998989105225,2.1080000400543213,2.0799999237060547,2.055999994277954,2.0239999294281006,1.9980000257492065,1.9819999933242798,1.9600000381469727,1.9600000381469727,1.9479999542236328,1.940000057220459,1.9240000247955322,1.9040000438690186,1.878000020980835,1.8519999980926514,1.8320000171661377,1.8320000171661377,1.8079999685287476,1.784000039100647,1.7599999904632568,1.7339999675750732,1.715999960899353,1.7000000476837158,1.6720000505447388,1.6519999504089355,1.6519999504089355,1.534000039100647,1.5099999904632568,1.5099999904632568,1.4980000257492065,1.4859999418258667,1.4780000448226929,inf,inf,inf,inf,1.4019999504089355,1.4019999504089355,1.4019999504089355,1.4019999504089355,1.4019999504089355,1.3880000114440918,...,0.0,0.0,47.0,47.0,47.0,47.0,47.0,47.0,47.0,47.0,47.0,0.0,0.0,0.0,0.0,0.0,0.0,0.0,0.0,0.0,0.0,0.0,0.0,0.0,0.0,0.0,0.0,0.0,0.0,0.0,0.0,0.0,0.0,0.0,0.0,0.0,0.0,0.0,0.0,0.0,0.0,0.0,0.0,0.0,0.0,0.0,0.0,0.0,0.0,0.0,0.0,0.0,0.0,0.0,0.0,0.0,0.0,0.0,0.0,0.0,0.0,0.0,0.0,0.0,0.0,0.0,0.0,0.0,0.0,0.0,0.0,0.0,0.0,0.0,0.0,0.0,0.0,0.0,0.0,0.0,0.0,0.0,0.0,0.0,0.0,0.0,0.0,0.0,0.0,0.0,0.0,47.0,47.0,47.0,47.0,47.0,0.0,0.0,0.0,0.0,0.0,0.0,0.0,0.0,0.0,0.0,0.0,0.0,0.0,0.0,0.0,0.0,0.0,0.0,0.0,0.0,0.0,0.0,0.0,0.0,0.0,0.0,0.0,0.0,0.0,0.0,0.0,0.0,...
1763031238,691272945,laser,-3.1241390705108643,3.1415927410125732,0.0034828970674425364,5.396012420533225e-05,0.09707426279783249,0.15000000596046448,16.0,9.880000114440918,9.880000114440918,9.871999740600586,9.86400032043457,8.312000274658203,8.312000274658203,8.312000274658203,8.312000274658203,8.312000274658203,8.32800006866455,8.32800006866455,8.32800006866455,8.312000274658203,8.312000274658203,8.312000274658203,8.319999694824219,8.319999694824219,8.312000274658203,8.303999900817871,8.312000274658203,8.312000274658203,8.319999694824219,8.319999694824219,8.32800006866455,8.32800006866455,8.32800006866455,8.336000442504883,8.336000442504883,8.35200023651123,8.32800006866455,inf,inf,inf,inf,inf,inf,inf,inf,inf,inf,inf,inf,inf,inf,inf,inf,inf,inf,inf,inf,3.8959999084472656,3.8959999084472656,3.8959999084472656,3.8959999084472656,3.8959999084472656,3.7960000038146973,3.7960000038146973,3.7960000038146973,3.74399995803833,3.74399995803833,3.7360000610351562,3.7360000610351562,3.740000009536743,3.747999906539917,3.747999906539917,3.747999906539917,3.747999906539917,2.936000108718872,2.871999979019165,2.871999979019165,2.871999979019165,2.803999900817871,2.740000009536743,2.6760001182556152,2.624000072479248,2.572000026702881,2.5160000324249268,2.4719998836517334,2.4719998836517334,2.368000030517578,2.368000030517578,2.3359999656677246,2.308000087738037,2.187999963760376,2.187999963760376,2.184000015258789,2.135999917984009,2.1040000915527344,2.1040000915527344,2.072000026702881,2.0420000553131104,2.0179998874664307,1.9880000352859497,1.9520000219345093,1.9220000505447388,1.9079999923706055,1.899999976158142,1.899999976158142,1.8739999532699585,1.8739999532699585,1.8600000143051147,1.8380000591278076,1.8179999589920044,1.7979999780654907,1.7699999809265137,1.7699999809265137,1.7300000190734863,1.7300000190734863,1.7079999446868896,1.6859999895095825,1.6640000343322754,1.6419999599456787,1.5240000486373901,1.5240000486373901,1.50600004196167,1.49399995803833,1.465999960899353,inf,inf,inf,inf,inf,inf,inf,1.399999976158142,1.399999976158142,1.399999976158142,1.399999976158142,...,0.0,0.0,47.0,47.0,47.0,47.0,47.0,47.0,47.0,47.0,0.0,0.0,0.0,0.0,0.0,0.0,0.0,0.0,0.0,0.0,0.0,0.0,0.0,0.0,0.0,0.0,0.0,0.0,0.0,0.0,0.0,0.0,0.0,0.0,0.0,0.0,0.0,0.0,0.0,0.0,0.0,0.0,0.0,0.0,0.0,0.0,0.0,0.0,0.0,0.0,0.0,0.0,0.0,0.0,0.0,0.0,0.0,0.0,0.0,0.0,0.0,0.0,0.0,0.0,0.0,0.0,0.0,0.0,0.0,0.0,0.0,0.0,0.0,0.0,0.0,0.0,0.0,0.0,0.0,0.0,0.0,0.0,0.0,0.0,0.0,0.0,0.0,0.0,0.0,0.0,0.0,0.0,0.0,0.0,0.0,0.0,0.0,0.0,0.0,0.0,0.0,0.0,0.0,0.0,0.0,0.0,0.0,0.0,0.0,0.0,0.0,0.0,0.0,0.0,0.0,0.0,0.0,0.0,0.0,0.0,0.0,0.0,0.0,0.0,0.0,0.0,0.0,0.0,...
1763031238,789609227,laser,-3.1241390705108643,3.1415927410125732,0.0034828970674425364,5.383942698244937e-05,0.09685713052749634,0.15000000596046448,16.0,9.824000358581543,9.824000358581543,9.824000358581543,9.824000358581543,9.760000228881836,inf,8.319999694824219,8.319999694824219,8.319999694824219,8.319999694824219,8.319999694824219,8.319999694824219,8.319999694824219,8.312000274658203,8.319999694824219,8.319999694824219,8.312000274658203,8.312000274658203,8.303999900817871,8.303999900817871,8.312000274658203,8.312000274658203,8.312000274658203,8.32800006866455,8.32800006866455,8.336000442504883,8.32800006866455,8.336000442504883,8.35200023651123,8.319999694824219,10.503999710083008,10.503999710083008,inf,inf,inf,inf,inf,inf,inf,inf,inf,inf,inf,inf,inf,inf,inf,inf,inf,inf,inf,3.7960000038146973,3.7960000038146973,3.7960000038146973,3.7960000038146973,3.7960000038146973,3.74399995803833,3.74399995803833,3.74399995803833,3.74399995803833,3.7360000610351562,3.740000009536743,3.74399995803833,3.747999906539917,3.752000093460083,3.752000093460083,3.747999906539917,2.931999921798706,2.931999921798706,2.931999921798706,2.871999979019165,2.803999900817871,2.740000009536743,2.671999931335449,2.619999885559082,2.568000078201294,2.5160000324249268,2.5160000324249268,2.3959999084472656,2.3959999084472656,2.3559999465942383,2.3239998817443848,2.2960000038146973,2.1760001182556152,2.1760001182556152,2.171999931335449,2.135999917984009,2.135999917984009,2.1040000915527344,2.072000026702881,2.0280001163482666,1.99399995803833,1.968000054359436,1.9459999799728394,1.9119999408721924,1.9119999408721924,1.8660000562667847,1.8660000562667847,1.8420000076293945,1.815999984741211,1.8140000104904175,1.809999942779541,1.7999999523162842,1.784000039100647,1.784000039100647,1.7640000581741333,1.746000051498413,1.7239999771118164,1.7039999961853027,1.6859999895095825,1.6619999408721924,1.6419999599456787,1.5260000228881836,1.50600004196167,1.50600004196167,1.4900000095367432,1.4900000095367432,1.4819999933242798,inf,inf,inf,inf,1.4079999923706055,1.4079999923706055,1.4079999923706055,1.4079999923706055,1.4079999923706055,1.3960000276565552,...,47.0,47.0,47.0,47.0,47.0,47.0,47.0,47.0,47.0,47.0,47.0,47.0,0.0,0.0,0.0,0.0,0.0,0.0,0.0,0.0,0.0,0.0,0.0,0.0,0.0,0.0,0.0,0.0,0.0,0.0,0.0,0.0,0.0,0.0,0.0,0.0,0.0,0.0,0.0,0.0,0.0,0.0,0.0,0.0,0.0,0.0,0.0,0.0,0.0,0.0,0.0,0.0,0.0,0.0,0.0,0.0,0.0,0.0,0.0,0.0,0.0,0.0,0.0,0.0,0.0,0.0,0.0,0.0,0.0,0.0,0.0,0.0,0.0,0.0,0.0,0.0,0.0,0.0,0.0,0.0,0.0,0.0,0.0,0.0,0.0,0.0,0.0,0.0,0.0,47.0,47.0,47.0,47.0,47.0,0.0,0.0,0.0,0.0,0.0,0.0,0.0,0.0,0.0,0.0,0.0,0.0,0.0,0.0,0.0,0.0,0.0,0.0,0.0,0.0,0.0,0.0,0.0,0.0,0.0,0.0,0.0,0.0,0.0,0.0,0.0,0.0,0.0,0.0,...
1763031238,887691359,laser,-3.1241390705108643,3.1415927410125732,0.0034828970674425364,5.3992476750863716e-05,0.09713245928287506,0.15000000596046448,16.0,9.880000114440918,9.831999778747559,9.824000358581543,9.824000358581543,inf,inf,inf,8.319999694824219,8.319999694824219,8.319999694824219,8.319999694824219,8.319999694824219,8.312000274658203,8.312000274658203,8.319999694824219,8.319999694824219,8.303999900817871,8.303999900817871,8.295999526977539,8.303999900817871,8.312000274658203,8.303999900817871,8.303999900817871,8.32800006866455,8.32800006866455,8.336000442504883,8.32800006866455,8.336000442504883,8.35200023651123,8.312000274658203,8.312000274658203,10.503999710083008,10.503999710083008,inf,inf,inf,inf,inf,inf,inf,inf,inf,inf,inf,inf,inf,inf,inf,inf,inf,inf,4.0,4.0,4.0,4.0,4.0,3.8919999599456787,3.7960000038146973,3.74399995803833,3.74399995803833,3.740000009536743,3.7360000610351562,3.74399995803833,3.747999906539917,3.747999906539917,3.747999906539917,3.747999906539917,2.931999921798706,2.931999921798706,2.931999921798706,2.871999979019165,2.803999900817871,2.7360000610351562,2.671999931335449,2.624000072479248,2.572000026702881,2.5160000324249268,2.4679999351501465,2.4679999351501465,2.368000030517578,2.368000030517578,2.3239998817443848,2.2960000038146973,2.184000015258789,2.184000015258789,2.184000015258789,2.135999917984009,2.1080000400543213,2.1080000400543213,2.072000026702881,2.0399999618530273,2.0179998874664307,1.9880000352859497,1.9600000381469727,1.937999963760376,1.9220000505447388,1.9160000085830688,1.9160000085830688,1.9019999504089355,1.8799999952316284,1.8619999885559082,1.843999981880188,1.8220000267028809,1.7960000038146973,1.7680000066757202,1.7680000066757202,1.7280000448226929,1.7280000448226929,1.7079999446868896,1.6859999895095825,1.6619999408721924,1.6419999599456787,1.5140000581741333,1.50600004196167,1.50600004196167,1.4900000095367432,1.4800000190734863,1.4800000190734863,inf,inf,inf,inf,1.4119999408721924,1.4119999408721924,1.4119999408721924,1.4119999408721924,1.4119999408721924,1.399999976158142,...,0.0,0.0,0.0,47.0,47.0,47.0,47.0,47.0,47.0,47.0,47.0,0.0,0.0,0.0,0.0,0.0,0.0,0.0,0.0,0.0,0.0,0.0,0.0,0.0,0.0,0.0,0.0,0.0,0.0,0.0,0.0,0.0,0.0,0.0,0.0,0.0,0.0,0.0,0.0,0.0,0.0,0.0,0.0,0.0,0.0,0.0,0.0,0.0,0.0,0.0,0.0,0.0,0.0,0.0,0.0,0.0,0.0,0.0,0.0,0.0,0.0,0.0,0.0,0.0,0.0,0.0,0.0,0.0,0.0,0.0,0.0,0.0,0.0,0.0,0.0,0.0,0.0,0.0,0.0,0.0,0.0,0.0,0.0,0.0,0.0,0.0,0.0,0.0,0.0,0.0,0.0,0.0,0.0,0.0,0.0,0.0,0.0,0.0,0.0,0.0,0.0,0.0,0.0,0.0,0.0,0.0,0.0,0.0,0.0,0.0,0.0,0.0,0.0,0.0,0.0,0.0,0.0,0.0,0.0,0.0,0.0,0.0,0.0,0.0,0.0,0.0,0.0,0.0,...
1763031238,986062552,laser,-3.1241390705108643,3.1415927410125732,0.0034828970674425364,5.391265221987851e-05,0.09698885679244995,0.15000000596046448,16.0,9.904000282287598,9.887999534606934,9.880000114440918,9.880000114440918,inf,inf,inf,8.319999694824219,8.319999694824219,8.319999694824219,8.319999694824219,8.319999694824219,8.319999694824219,8.312000274658203,8.319999694824219,8.319999694824219,8.303999900817871,8.303999900817871,8.295999526977539,8.303999900817871,8.312000274658203,8.303999900817871,8.303999900817871,8.319999694824219,8.319999694824219,8.336000442504883,8.32800006866455,8.343999862670898,8.35200023651123,8.312000274658203,10.496000289916992,10.496000289916992,10.496000289916992,inf,inf,inf,inf,inf,inf,inf,inf,inf,inf,inf,inf,inf,inf,inf,inf,inf,inf,inf,inf,inf,3.7720000743865967,3.7720000743865967,3.7720000743865967,3.7720000743865967,3.7720000743865967,3.747999906539917,3.7360000610351562,3.7360000610351562,3.7360000610351562,3.740000009536743,3.747999906539917,3.752000093460083,2.880000114440918,2.880000114440918,2.880000114440918,2.8239998817443848,2.8239998817443848,2.8239998817443848,2.747999906539917,2.687999963760376,2.6480000019073486,2.5999999046325684,2.5320000648498535,2.4760000705718994,2.431999921798706,2.375999927520752,2.3359999656677246,2.2960000038146973,2.2960000038146973,2.252000093460083,2.2239999771118164,2.187999963760376,2.1440000534057617,2.115999937057495,2.0880000591278076,2.055999994277954,2.055999994277954,2.0199999809265137,2.0199999809265137,2.007999897003174,1.9900000095367432,1.972000002861023,1.9539999961853027,1.9320000410079956,1.9079999923706055,1.9079999923706055,1.8519999980926514,1.8519999980926514,1.8259999752044678,1.7979999780654907,1.7740000486373901,1.753999948501587,1.7319999933242798,1.7100000381469727,1.687999963760376,1.6660000085830688,1.6660000085830688,1.6519999504089355,1.5080000162124634,1.5080000162124634,1.5080000162124634,1.4980000257492065,1.4859999418258667,inf,inf,inf,inf,1.4019999504089355,1.4019999504089355,1.4019999504089355,1.4019999504089355,1.4019999504089355,1.3839999437332153,1.3839999437332153,...,0.0,0.0,0.0,47.0,47.0,47.0,47.0,47.0,47.0,47.0,47.0,0.0,0.0,0.0,0.0,0.0,0.0,0.0,0.0,0.0,47.0,47.0,47.0,47.0,47.0,0.0,0.0,0.0,0.0,0.0,0.0,0.0,0.0,0.0,0.0,0.0,0.0,0.0,0.0,0.0,0.0,0.0,0.0,0.0,0.0,0.0,0.0,0.0,0.0,0.0,0.0,0.0,0.0,0.0,0.0,0.0,0.0,0.0,0.0,0.0,0.0,0.0,0.0,0.0,0.0,0.0,0.0,0.0,0.0,0.0,47.0,47.0,47.0,47.0,47.0,0.0,0.0,0.0,0.0,0.0,0.0,0.0,0.0,0.0,0.0,0.0,0.0,0.0,0.0,0.0,0.0,0.0,0.0,0.0,0.0,0.0,0.0,0.0,0.0,0.0,0.0,0.0,0.0,0.0,0.0,0.0,0.0,0.0,0.0,0.0,0.0,0.0,0.0,0.0,0.0,0.0,0.0,0.0,0.0,0.0,0.0,0.0,0.0,0.0,0.0,0.0,0.0,0.0,...
1763031239,84707902,laser,-3.1241390705108643,3.1415927410125732,0.0034828970674425364,5.3805517381988466e-05,0.09679612517356873,0.15000000596046448,16.0,9.904000282287598,9.880000114440918,9.871999740600586,9.86400032043457,inf,inf,8.312000274658203,8.312000274658203,8.312000274658203,8.312000274658203,8.312000274658203,8.319999694824219,8.319999694824219,8.312000274658203,8.312000274658203,8.319999694824219,8.319999694824219,8.303999900817871,8.303999900817871,8.303999900817871,8.303999900817871,8.295999526977539,8.295999526977539,8.319999694824219,8.32800006866455,8.319999694824219,8.319999694824219,8.336000442504883,8.359999656677246,8.32800006866455,10.479999542236328,10.479999542236328,inf,inf,inf,inf,inf,inf,inf,inf,inf,inf,inf,inf,inf,inf,inf,inf,inf,inf,inf,inf,inf,3.759999990463257,3.759999990463257,3.759999990463257,3.759999990463257,3.759999990463257,3.740000009536743,3.740000009536743,3.740000009536743,3.740000009536743,3.7360000610351562,3.74399995803833,3.747999906539917,3.752000093460083,2.880000114440918,2.880000114440918,2.8239998817443848,2.8239998817443848,2.8239998817443848,2.8239998817443848,2.747999906539917,2.687999963760376,2.6440000534057617,2.5959999561309814,2.5439999103546143,2.48799991607666,2.4240000247955322,2.368000030517578,2.368000030517578,2.3359999656677246,2.2960000038146973,2.200000047683716,2.200000047683716,2.187999963760376,2.1440000534057617,2.1040000915527344,2.0759999752044678,2.0480000972747803,2.007999897003174,2.007999897003174,1.9759999513626099,1.9500000476837158,1.9160000085830688,1.8899999856948853,1.8660000562667847,1.8459999561309814,1.8339999914169312,1.8240000009536743,1.8240000009536743,1.8140000104904175,1.8020000457763672,1.7899999618530273,1.7699999809265137,1.7480000257492065,1.7280000448226929,1.7079999446868896,1.687999963760376,1.687999963760376,1.6660000085830688,1.6460000276565552,1.5080000162124634,1.5080000162124634,1.5080000162124634,1.4919999837875366,1.4800000190734863,1.465999960899353,inf,inf,inf,inf,inf,inf,1.399999976158142,1.399999976158142,1.399999976158142,1.399999976158142,...,0.0,0.0,0.0,47.0,47.0,47.0,47.0,47.0,47.0,47.0,47.0,0.0,0.0,0.0,0.0,0.0,0.0,0.0,0.0,0.0,47.0,47.0,47.0,47.0,47.0,0.0,0.0,0.0,0.0,0.0,0.0,0.0,0.0,0.0,0.0,0.0,0.0,0.0,0.0,0.0,0.0,0.0,0.0,0.0,0.0,0.0,0.0,0.0,0.0,0.0,0.0,0.0,0.0,0.0,0.0,0.0,0.0,0.0,0.0,0.0,0.0,0.0,0.0,0.0,0.0,0.0,0.0,0.0,0.0,0.0,0.0,0.0,0.0,0.0,0.0,0.0,0.0,0.0,0.0,0.0,0.0,0.0,0.0,0.0,0.0,0.0,0.0,0.0,47.0,47.0,47.0,47.0,47.0,0.0,0.0,0.0,0.0,0.0,0.0,0.0,0.0,0.0,0.0,0.0,0.0,0.0,0.0,0.0,0.0,0.0,0.0,0.0,0.0,0.0,0.0,0.0,0.0,0.0,0.0,0.0,0.0,0.0,0.0,0.0,47.0,47.0,47.0,47.0,...
1763031239,183268476,laser,-3.1241390705108643,3.1415927410125732,0.0034828970674425364,5.698700260836631e-05,0.10251961648464203,0.15000000596046448,16.0,9.847999572753906,9.847999572753906,9.84000015258789,9.855999946594238,9.855999946594238,8.312000274658203,8.312000274658203,8.312000274658203,8.312000274658203,8.312000274658203,8.319999694824219,8.319999694824219,8.319999694824219,8.312000274658203,8.319999694824219,8.319999694824219,8.312000274658203,8.303999900817871,8.303999900817871,8.295999526977539,8.303999900817871,8.295999526977539,8.295999526977539,8.319999694824219,8.336000442504883,8.336000442504883,8.32800006866455,8.336000442504883,8.35200023651123,8.319999694824219,10.48799991607666,inf,inf,inf,inf,inf,inf,inf,inf,inf,inf,inf,inf,inf,inf,inf,inf,inf,inf,inf,inf,inf,inf,3.8440001010894775,3.8440001010894775,3.8440001010894775,3.8440001010894775,3.8440001010894775,3.7720000743865967,3.74399995803833,3.740000009536743,3.74399995803833,3.74399995803833,3.747999906539917,3.747999906539917,3.747999906539917,2.9200000762939453,2.9200000762939453,2.8519999980926514,2.8519999980926514,2.8519999980926514,2.7960000038146973,2.7360000610351562,2.6679999828338623,2.615999937057495,2.572000026702881,2.572000026702881,2.5160000324249268,2.384000062942505,2.384000062942505,2.3559999465942383,2.319999933242798,2.2920000553131104,2.180000066757202,2.171999931335449,2.171999931335449,2.171999931335449,2.135999917984009,2.1040000915527344,2.068000078201294,2.0380001068115234,2.00600004196167,1.9759999513626099,1.9479999542236328,1.9140000343322754,1.9140000343322754,1.8799999952316284,1.8799999952316284,1.871999979019165,1.8580000400543213,1.8480000495910645,1.8300000429153442,1.809999942779541,1.7860000133514404,1.7860000133514404,1.7660000324249268,1.74399995803833,1.722000002861023,1.7020000219345093,1.6820000410079956,1.6619999408721924,1.6339999437332153,1.5140000581741333,1.5140000581741333,1.5019999742507935,1.4900000095367432,1.4900000095367432,1.4759999513626099,inf,inf,inf,inf,inf,1.406000018119812,1.406000018119812,1.406000018119812,1.406000018119812,1.406000018119812,...,47.0,47.0,47.0,47.0,47.0,47.0,47.0,47.0,47.0,47.0,47.0,47.0,0.0,0.0,0.0,0.0,0.0,0.0,0.0,0.0,0.0,0.0,0.0,0.0,0.0,0.0,0.0,0.0,0.0,0.0,0.0,0.0,0.0,0.0,0.0,0.0,0.0,0.0,0.0,0.0,0.0,0.0,0.0,0.0,0.0,0.0,0.0,0.0,0.0,0.0,0.0,0.0,0.0,0.0,0.0,0.0,0.0,0.0,0.0,0.0,0.0,0.0,0.0,0.0,0.0,0.0,0.0,0.0,47.0,47.0,47.0,47.0,47.0,0.0,0.0,0.0,0.0,0.0,0.0,0.0,0.0,0.0,0.0,0.0,0.0,0.0,0.0,0.0,0.0,0.0,0.0,0.0,0.0,0.0,0.0,0.0,0.0,0.0,0.0,0.0,0.0,0.0,0.0,0.0,0.0,0.0,0.0,0.0,0.0,0.0,0.0,0.0,0.0,0.0,0.0,0.0,0.0,0.0,0.0,0.0,0.0,0.0,0.0,0.0,0.0,0.0,47.0,47.0,...
1763031239,287484377,laser,-3.1241390705108643,3.1415927410125732,0.0034828970674425364,5.3594478231389076e-05,0.09641646593809128,0.15000000596046448,16.0,9.847999572753906,9.847999572753906,9.847999572753906,9.847999572753906,inf,8.312000274658203,8.312000274658203,8.312000274658203,8.312000274658203,8.312000274658203,8.319999694824219,8.319999694824219,8.319999694824219,8.312000274658203,8.32800006866455,8.32800006866455,8.32800006866455,8.319999694824219,8.312000274658203,8.312000274658203,8.32800006866455,8.312000274658203,8.312000274658203,8.312000274658203,8.32800006866455,8.336000442504883,8.32800006866455,8.336000442504883,8.343999862670898,8.343999862670898,10.399999618530273,10.399999618530273,10.399999618530273,10.399999618530273,inf,inf,inf,inf,inf,inf,inf,inf,inf,inf,inf,inf,inf,inf,inf,inf,inf,inf,3.9000000953674316,3.9000000953674316,3.9000000953674316,3.9000000953674316,3.9000000953674316,3.812000036239624,3.75600004196167,3.75600004196167,3.740000009536743,3.740000009536743,3.740000009536743,3.74399995803833,3.747999906539917,3.747999906539917,3.747999906539917,2.884000062942505,2.884000062942505,2.884000062942505,2.884000062942505,2.812000036239624,2.7360000610351562,2.671999931335449,2.624000072479248,2.572000026702881,2.51200008392334,2.4639999866485596,2.4639999866485596,2.368000030517578,2.368000030517578,2.3239998817443848,2.2960000038146973,2.200000047683716,2.180000066757202,2.180000066757202,2.135999917984009,2.1040000915527344,2.1040000915527344,2.0799999237060547,2.0480000972747803,2.0280001163482666,2.0179998874664307,2.0,1.9859999418258667,1.9639999866485596,1.944000005722046,1.944000005722046,1.9220000505447388,1.8980000019073486,1.8700000047683716,1.8459999561309814,1.8240000009536743,1.7960000038146973,1.7699999809265137,1.7699999809265137,1.7300000190734863,1.7300000190734863,1.7100000381469727,1.6859999895095825,1.6660000085830688,1.6440000534057617,1.5160000324249268,1.5160000324249268,1.5080000162124634,1.496000051498413,1.4839999675750732,1.465999960899353,1.465999960899353,1.4359999895095825,1.4359999895095825,1.4359999895095825,1.4359999895095825,1.4359999895095825,1.409999966621399,1.409999966621399,1.409999966621399,1.409999966621399,...,0.0,47.0,47.0,47.0,47.0,47.0,47.0,47.0,47.0,0.0,0.0,0.0,0.0,0.0,0.0,0.0,0.0,0.0,47.0,47.0,47.0,47.0,47.0,0.0,0.0,0.0,0.0,0.0,0.0,0.0,0.0,0.0,0.0,0.0,0.0,0.0,0.0,0.0,0.0,0.0,0.0,0.0,0.0,0.0,0.0,0.0,0.0,0.0,0.0,0.0,0.0,0.0,0.0,0.0,0.0,0.0,0.0,0.0,0.0,0.0,0.0,0.0,0.0,0.0,0.0,0.0,0.0,0.0,0.0,0.0,0.0,0.0,0.0,0.0,0.0,0.0,0.0,0.0,0.0,0.0,0.0,0.0,0.0,0.0,0.0,0.0,0.0,0.0,0.0,0.0,47.0,47.0,47.0,47.0,47.0,0.0,0.0,0.0,0.0,0.0,0.0,0.0,0.0,0.0,0.0,0.0,0.0,47.0,47.0,47.0,47.0,47.0,0.0,0.0,0.0,0.0,0.0,0.0,0.0,0.0,0.0,0.0,0.0,0.0,0.0,0.0,0.0,0.0,...
1763031239,385647955,laser,-3.1241390705108643,3.1415927410125732,0.0034828970674425364,5.3709813073510304e-05,0.09662395715713501,0.15000000596046448,16.0,9.847999572753906,9.847999572753906,9.847999572753906,9.847999572753906,9.855999946594238,8.312000274658203,8.312000274658203,8.312000274658203,8.312000274658203,8.312000274658203,8.312000274658203,8.312000274658203,8.312000274658203,8.312000274658203,8.32800006866455,8.319999694824219,8.312000274658203,8.312000274658203,8.312000274658203,8.303999900817871,8.312000274658203,8.312000274658203,8.303999900817871,8.319999694824219,8.319999694824219,8.336000442504883,8.32800006866455,8.336000442504883,8.35200023651123,8.312000274658203,inf,inf,inf,inf,inf,inf,inf,inf,inf,inf,inf,inf,inf,inf,inf,inf,inf,inf,inf,inf,inf,inf,inf,3.888000011444092,3.888000011444092,3.888000011444092,3.888000011444092,3.888000011444092,3.7920000553131104,3.74399995803833,3.740000009536743,3.740000009536743,3.74399995803833,3.74399995803833,3.74399995803833,3.747999906539917,2.931999921798706,2.868000030517578,2.868000030517578,2.868000030517578,2.868000030517578,2.7960000038146973,2.7360000610351562,2.6679999828338623,2.619999885559082,2.568000078201294,2.568000078201294,2.51200008392334,2.4600000381469727,2.4079999923706055,2.364000082015991,2.319999933242798,2.2960000038146973,2.180000066757202,2.171999931335449,2.171999931335449,2.135999917984009,2.135999917984009,2.1040000915527344,2.069999933242798,2.0320000648498535,1.9980000257492065,1.9739999771118164,1.9459999799728394,1.9079999923706055,1.9079999923706055,1.871999979019165,1.871999979019165,1.850000023841858,1.8320000171661377,1.8300000429153442,1.8179999589920044,1.8040000200271606,1.7860000133514404,1.7860000133514404,1.7640000581741333,1.7419999837875366,1.7200000286102295,1.7039999961853027,1.6859999895095825,1.6619999408721924,1.6380000114440918,1.5180000066757202,1.5180000066757202,1.5,1.4900000095367432,1.4900000095367432,1.4819999933242798,inf,inf,inf,inf,inf,1.4119999408721924,1.4119999408721924,1.4119999408721924,1.4119999408721924,1.4119999408721924,...,0.0,47.0,47.0,47.0,47.0,47.0,47.0,47.0,47.0,47.0,0.0,0.0,0.0,0.0,0.0,0.0,0.0,0.0,0.0,47.0,47.0,47.0,47.0,47.0,0.0,0.0,0.0,0.0,0.0,0.0,0.0,0.0,0.0,0.0,0.0,0.0,0.0,0.0,0.0,0.0,0.0,0.0,0.0,0.0,0.0,0.0,0.0,0.0,0.0,0.0,0.0,0.0,0.0,0.0,0.0,0.0,0.0,0.0,0.0,0.0,0.0,0.0,0.0,0.0,0.0,0.0,0.0,0.0,0.0,0.0,0.0,0.0,0.0,0.0,0.0,0.0,0.0,0.0,0.0,0.0,0.0,0.0,0.0,0.0,0.0,0.0,0.0,0.0,0.0,0.0,0.0,0.0,0.0,0.0,0.0,0.0,0.0,0.0,0.0,0.0,0.0,0.0,0.0,0.0,0.0,0.0,0.0,0.0,0.0,0.0,0.0,0.0,0.0,0.0,0.0,0.0,0.0,0.0,0.0,0.0,0.0,0.0,0.0,0.0,0.0,0.0,0.0,0.0,...
1763031239,483874621,laser,-3.1241390705108643,3.1415927410125732,0.0034828970674425364,5.3741448937216774e-05,0.09668086469173431,0.15000000596046448,16.0,9.880000114440918,9.880000114440918,9.847999572753906,9.847999572753906,inf,8.312000274658203,8.312000274658203,8.312000274658203,8.312000274658203,8.312000274658203,8.312000274658203,8.312000274658203,8.312000274658203,8.312000274658203,8.32800006866455,8.32800006866455,8.32800006866455,8.319999694824219,8.303999900817871,8.312000274658203,8.319999694824219,8.312000274658203,8.312000274658203,8.312000274658203,8.32800006866455,8.336000442504883,8.336000442504883,8.336000442504883,8.35200023651123,8.35200023651123,10.447999954223633,10.447999954223633,10.447999954223633,10.447999954223633,inf,inf,inf,inf,inf,inf,inf,inf,inf,inf,inf,inf,inf,inf,inf,inf,inf,inf,inf,inf,3.7639999389648438,3.7639999389648438,3.7639999389648438,3.7639999389648438,3.7639999389648438,3.74399995803833,3.7360000610351562,3.7360000610351562,3.7360000610351562,3.74399995803833,3.747999906539917,3.752000093460083,2.884000062942505,2.884000062942505,2.884000062942505,2.8399999141693115,2.8399999141693115,2.7839999198913574,2.7839999198913574,2.6559998989105225,2.6559998989105225,2.5999999046325684,2.5439999103546143,2.496000051498413,2.440000057220459,2.380000114440918,2.3359999656677246,2.2960000038146973,2.2639999389648438,2.2639999389648438,2.2360000610351562,2.200000047683716,2.1600000858306885,2.111999988555908,2.0799999237060547,2.055999994277954,2.0220000743865967,1.9880000352859497,1.968000054359436,1.968000054359436,1.9359999895095825,1.909999966621399,1.8899999856948853,1.8799999952316284,1.8760000467300415,1.8580000400543213,1.843999981880188,1.8279999494552612,1.8279999494552612,1.8079999685287476,1.784000039100647,1.7599999904632568,1.7339999675750732,1.715999960899353,1.7000000476837158,1.6759999990463257,1.6759999990463257,1.656000018119812,1.4980000257492065,1.4980000257492065,1.4980000257492065,1.4980000257492065,1.4859999418258667,inf,inf,inf,inf,1.4019999504089355,1.4019999504089355,1.4019999504089355,1.4019999504089355,1.4019999504089355,1.3899999856948853,1.3899999856948853,...,0.0,47.0,47.0,47.0,47.0,47.0,47.0,47.0,47.0,0.0,0.0,0.0,0.0,0.0,0.0,0.0,0.0,0.0,0.0,0.0,0.0,0.0,0.0,0.0,0.0,0.0,0.0,0.0,0.0,0.0,0.0,0.0,0.0,0.0,0.0,0.0,0.0,0.0,0.0,0.0,0.0,0.0,0.0,0.0,0.0,0.0,0.0,0.0,0.0,0.0,0.0,0.0,0.0,0.0,0.0,0.0,0.0,0.0,0.0,0.0,0.0,0.0,0.0,0.0,0.0,0.0,0.0,0.0,0.0,47.0,47.0,47.0,47.0,47.0,0.0,0.0,0.0,0.0,0.0,0.0,0.0,0.0,0.0,0.0,0.0,0.0,0.0,0.0,0.0,0.0,47.0,47.0,47.0,47.0,47.0,0.0,0.0,0.0,0.0,0.0,0.0,0.0,0.0,0.0,0.0,0.0,0.0,0.0,0.0,0.0,0.0,0.0,0.0,0.0,0.0,0.0,0.0,0.0,0.0,0.0,0.0,0.0,0.0,0.0,0.0,0.0,47.0,47.0,...
1763031239,582400597,laser,-3.1241390705108643,3.1415927410125732,0.0034828970674425364,5.359867282095365e-05,0.09642401337623596,0.15000000596046448,16.0,9.911999702453613,9.880000114440918,9.86400032043457,9.855999946594238,inf,inf,8.312000274658203,8.312000274658203,8.312000274658203,8.312000274658203,8.312000274658203,8.319999694824219,8.312000274658203,8.312000274658203,8.312000274658203,8.319999694824219,8.319999694824219,8.312000274658203,8.303999900817871,8.303999900817871,8.303999900817871,8.319999694824219,8.319999694824219,8.319999694824219,8.32800006866455,8.32800006866455,8.343999862670898,8.343999862670898,8.35200023651123,8.319999694824219,10.583999633789062,10.583999633789062,inf,inf,inf,inf,inf,inf,inf,inf,inf,inf,inf,inf,inf,inf,inf,inf,inf,inf,inf,inf,inf,3.7639999389648438,3.7639999389648438,3.7639999389648438,3.7639999389648438,3.7639999389648438,3.74399995803833,3.74399995803833,3.7360000610351562,3.7360000610351562,3.74399995803833,3.752000093460083,3.752000093460083,3.752000093460083,2.884000062942505,2.884000062942505,2.8399999141693115,2.8399999141693115,2.8399999141693115,2.7839999198913574,2.7119998931884766,2.6559998989105225,2.5999999046325684,2.5439999103546143,2.5439999103546143,2.492000102996826,2.440000057220459,2.380000114440918,2.3359999656677246,2.2960000038146973,2.2639999389648438,2.2360000610351562,2.2360000610351562,2.1679999828338623,2.1679999828338623,2.119999885559082,2.0840001106262207,2.058000087738037,2.0299999713897705,2.009999990463257,1.996000051498413,1.9780000448226929,1.9600000381469727,1.9600000381469727,1.944000005722046,1.9259999990463257,1.906000018119812,1.8799999952316284,1.8519999980926514,1.8300000429153442,1.8079999685287476,1.8079999685287476,1.784000039100647,1.7599999904632568,1.7339999675750732,1.715999960899353,1.6979999542236328,1.6740000247955322,1.6540000438690186,1.6540000438690186,1.531999945640564,1.5099999904632568,1.5099999904632568,1.5,1.4859999418258667,1.4780000448226929,inf,inf,inf,inf,inf,1.4019999504089355,1.4019999504089355,1.4019999504089355,1.4019999504089355,1.4019999504089355,...,0.0,0.0,0.0,0.0,47.0,47.0,47.0,47.0,47.0,47.0,47.0,0.0,0.0,0.0,0.0,0.0,0.0,0.0,0.0,0.0,47.0,47.0,47.0,47.0,47.0,0.0,0.0,0.0,0.0,0.0,0.0,0.0,0.0,0.0,0.0,0.0,0.0,0.0,0.0,0.0,0.0,0.0,0.0,0.0,0.0,0.0,0.0,0.0,0.0,0.0,0.0,0.0,0.0,0.0,0.0,0.0,0.0,0.0,0.0,0.0,0.0,0.0,0.0,0.0,0.0,0.0,0.0,47.0,47.0,47.0,47.0,47.0,0.0,0.0,0.0,0.0,0.0,0.0,0.0,0.0,0.0,0.0,0.0,0.0,0.0,0.0,0.0,0.0,0.0,0.0,0.0,0.0,0.0,0.0,0.0,0.0,0.0,0.0,0.0,0.0,0.0,0.0,0.0,0.0,0.0,0.0,0.0,0.0,0.0,0.0,0.0,0.0,0.0,0.0,0.0,0.0,0.0,0.0,0.0,0.0,0.0,0.0,0.0,0.0,47.0,47.0,47.0,47.0,...
1763031239,680606114,laser,-3.1241390705108643,3.1415927410125732,0.0034828970674425364,5.35986982868053e-05,0.09642405807971954,0.15000000596046448,16.0,9.887999534606934,9.887999534606934,9.855999946594238,9.847999572753906,inf,8.312000274658203,8.312000274658203,8.312000274658203,8.312000274658203,8.312000274658203,8.319999694824219,8.319999694824219,8.303999900817871,8.303999900817871,8.303999900817871,8.319999694824219,8.319999694824219,8.312000274658203,8.303999900817871,8.303999900817871,8.312000274658203,8.312000274658203,8.319999694824219,8.32800006866455,8.32800006866455,8.32800006866455,8.336000442504883,8.35200023651123,8.35200023651123,8.343999862670898,10.592000007629395,inf,inf,inf,inf,inf,inf,inf,inf,inf,inf,inf,inf,inf,inf,inf,inf,inf,4.044000148773193,4.044000148773193,4.044000148773193,4.044000148773193,4.044000148773193,3.9240000247955322,3.9240000247955322,3.9240000247955322,3.9240000247955322,3.819999933242798,3.75600004196167,3.740000009536743,3.7360000610351562,3.7360000610351562,3.740000009536743,3.74399995803833,3.747999906539917,3.752000093460083,2.884000062942505,2.884000062942505,2.884000062942505,2.884000062942505,2.819999933242798,2.819999933242798,2.74399995803833,2.6760001182556152,2.640000104904175,2.5959999561309814,2.5399999618530273,2.48799991607666,2.427999973297119,2.368000030517578,2.3359999656677246,2.2920000553131104,2.2920000553131104,2.2039999961853027,2.2039999961853027,2.187999963760376,2.140000104904175,2.1080000400543213,2.0799999237060547,2.052000045776367,2.052000045776367,1.9800000190734863,1.9800000190734863,1.9500000476837158,1.9279999732971191,1.909999966621399,1.9040000438690186,1.8919999599456787,1.878000020980835,1.8639999628067017,1.8639999628067017,1.840000033378601,1.8240000009536743,1.7999999523162842,1.777999997138977,1.75600004196167,1.7300000190734863,1.7100000381469727,1.687999963760376,1.687999963760376,1.6640000343322754,1.6460000276565552,1.5299999713897705,1.5299999713897705,1.50600004196167,1.496000051498413,1.4839999675750732,inf,inf,inf,inf,inf,inf,1.399999976158142,1.399999976158142,1.399999976158142,1.399999976158142,1.399999976158142,...,47.0,47.0,47.0,47.0,47.0,47.0,47.0,47.0,47.0,47.0,47.0,47.0,0.0,0.0,0.0,0.0,0.0,0.0,0.0,0.0,0.0,0.0,0.0,0.0,0.0,0.0,0.0,0.0,0.0,0.0,0.0,0.0,0.0,0.0,0.0,0.0,0.0,0.0,0.0,0.0,0.0,0.0,0.0,0.0,0.0,0.0,0.0,0.0,0.0,0.0,0.0,0.0,0.0,0.0,0.0,0.0,0.0,0.0,0.0,0.0,0.0,0.0,0.0,0.0,0.0,0.0,0.0,0.0,0.0,0.0,0.0,0.0,0.0,0.0,0.0,0.0,0.0,0.0,0.0,0.0,0.0,0.0,0.0,0.0,0.0,0.0,0.0,0.0,0.0,0.0,0.0,0.0,0.0,0.0,0.0,0.0,0.0,0.0,0.0,0.0,0.0,0.0,0.0,0.0,0.0,0.0,0.0,0.0,0.0,0.0,0.0,0.0,0.0,0.0,0.0,0.0,0.0,0.0,0.0,0.0,0.0,0.0,0.0,0.0,0.0,0.0,47.0,47.0,...
1763031239,778590539,laser,-3.1241390705108643,3.1415927410125732,0.0034828970674425364,5.37324849574361e-05,0.09666474163532257,0.15000000596046448,16.0,9.84000015258789,9.84000015258789,9.84000015258789,9.855999946594238,9.855999946594238,8.312000274658203,8.312000274658203,8.312000274658203,8.312000274658203,8.312000274658203,8.312000274658203,8.312000274658203,8.312000274658203,8.312000274658203,8.319999694824219,8.319999694824219,8.312000274658203,8.312000274658203,8.312000274658203,8.303999900817871,8.312000274658203,8.312000274658203,8.312000274658203,8.32800006866455,8.343999862670898,8.343999862670898,8.336000442504883,8.336000442504883,8.35200023651123,8.32800006866455,10.51200008392334,10.51200008392334,10.51200008392334,10.51200008392334,inf,inf,inf,inf,inf,inf,inf,inf,inf,inf,inf,inf,inf,inf,inf,inf,inf,inf,3.815999984741211,3.815999984741211,3.815999984741211,3.815999984741211,3.815999984741211,3.75600004196167,3.75600004196167,3.740000009536743,3.740000009536743,3.7360000610351562,3.740000009536743,3.74399995803833,3.747999906539917,3.752000093460083,2.884000062942505,2.884000062942505,2.884000062942505,2.884000062942505,2.819999933242798,2.819999933242798,2.74399995803833,2.680000066757202,2.640000104904175,2.5920000076293945,2.5399999618530273,2.4800000190734863,2.4159998893737793,2.368000030517578,2.3359999656677246,2.2920000553131104,2.2920000553131104,2.2039999961853027,2.2039999961853027,2.187999963760376,2.1440000534057617,2.1080000400543213,2.0799999237060547,2.0480000972747803,2.007999897003174,1.9780000448226929,1.9780000448226929,1.9520000219345093,1.9160000085830688,1.8899999856948853,1.8680000305175781,1.8480000495910645,1.8359999656677246,1.8259999752044678,1.815999984741211,1.815999984741211,1.8040000200271606,1.7920000553131104,1.7760000228881836,1.753999948501587,1.7300000190734863,1.7100000381469727,1.687999963760376,1.6660000085830688,1.6660000085830688,1.6460000276565552,1.50600004196167,1.50600004196167,1.496000051498413,1.496000051498413,1.4839999675750732,1.465999960899353,inf,inf,inf,inf,1.399999976158142,1.399999976158142,1.399999976158142,1.399999976158142,1.399999976158142,1.3839999437332153,...,0.0,47.0,47.0,47.0,47.0,47.0,47.0,47.0,47.0,47.0,0.0,0.0,0.0,0.0,0.0,0.0,0.0,0.0,0.0,0.0,0.0,0.0,0.0,0.0,0.0,0.0,0.0,0.0,0.0,0.0,0.0,0.0,0.0,0.0,0.0,0.0,0.0,0.0,0.0,0.0,0.0,0.0,0.0,0.0,0.0,0.0,0.0,0.0,0.0,0.0,0.0,0.0,0.0,0.0,0.0,0.0,0.0,0.0,0.0,0.0,0.0,0.0,0.0,0.0,0.0,0.0,0.0,0.0,0.0,47.0,47.0,47.0,47.0,47.0,0.0,0.0,0.0,0.0,0.0,0.0,0.0,0.0,0.0,0.0,0.0,0.0,0.0,0.0,0.0,0.0,0.0,0.0,0.0,0.0,0.0,0.0,0.0,0.0,0.0,0.0,0.0,0.0,0.0,0.0,0.0,0.0,0.0,0.0,0.0,0.0,0.0,0.0,0.0,0.0,0.0,0.0,0.0,0.0,0.0,0.0,0.0,0.0,0.0,0.0,0.0,0.0,0.0,0.0,...
1763031239,876806167,laser,-3.1241390705108643,3.1415927410125732,0.0034828970674425364,5.379695721785538e-05,0.09678072482347488,0.15000000596046448,16.0,9.84000015258789,9.84000015258789,9.84000015258789,9.847999572753906,9.847999572753906,8.319999694824219,8.319999694824219,8.319999694824219,8.319999694824219,8.319999694824219,8.319999694824219,8.319999694824219,8.319999694824219,8.319999694824219,8.32800006866455,8.319999694824219,8.312000274658203,8.312000274658203,8.312000274658203,8.303999900817871,8.312000274658203,8.312000274658203,8.312000274658203,8.32800006866455,8.35200023651123,8.35200023651123,8.336000442504883,8.343999862670898,8.359999656677246,8.32800006866455,inf,inf,inf,inf,inf,inf,inf,inf,inf,inf,inf,inf,inf,inf,inf,inf,inf,inf,inf,inf,inf,inf,3.871999979019165,3.871999979019165,3.871999979019165,3.871999979019165,3.871999979019165,3.7880001068115234,3.7880001068115234,3.74399995803833,3.740000009536743,3.740000009536743,3.74399995803833,3.74399995803833,3.747999906539917,3.747999906539917,3.747999906539917,2.8559999465942383,2.8559999465942383,2.8559999465942383,2.8559999465942383,2.799999952316284,2.6559998989105225,2.6559998989105225,2.615999937057495,2.563999891281128,2.507999897003174,2.507999897003174,2.3919999599456787,2.3919999599456787,2.3480000495910645,2.312000036239624,2.2960000038146973,2.180000066757202,2.1679999828338623,2.1679999828338623,2.124000072479248,2.124000072479248,2.0959999561309814,2.065999984741211,2.0299999713897705,2.0,1.9759999513626099,1.944000005722046,1.909999966621399,1.8919999599456787,1.8919999599456787,1.8799999952316284,1.8799999952316284,1.8619999885559082,1.850000023841858,1.8320000171661377,1.812000036239624,1.7879999876022339,1.7660000324249268,1.7660000324249268,1.7239999771118164,1.7239999771118164,1.7039999961853027,1.6859999895095825,1.6640000343322754,1.6360000371932983,1.5180000066757202,1.5180000066757202,1.503999948501587,1.4900000095367432,1.4780000448226929,1.4780000448226929,inf,inf,inf,inf,inf,1.3960000276565552,1.3960000276565552,1.3960000276565552,1.3960000276565552,1.3960000276565552,...,0.0,47.0,47.0,47.0,47.0,47.0,47.0,47.0,47.0,47.0,0.0,0.0,0.0,0.0,0.0,0.0,0.0,0.0,0.0,0.0,0.0,0.0,0.0,0.0,0.0,0.0,0.0,0.0,0.0,0.0,0.0,0.0,0.0,0.0,0.0,0.0,0.0,0.0,0.0,0.0,0.0,0.0,0.0,0.0,0.0,0.0,0.0,0.0,0.0,0.0,0.0,0.0,0.0,0.0,0.0,0.0,0.0,0.0,0.0,0.0,0.0,0.0,0.0,0.0,0.0,0.0,0.0,0.0,0.0,0.0,0.0,0.0,0.0,0.0,0.0,0.0,0.0,0.0,0.0,0.0,0.0,0.0,0.0,0.0,0.0,0.0,0.0,0.0,0.0,0.0,0.0,0.0,0.0,0.0,0.0,0.0,0.0,0.0,0.0,0.0,0.0,0.0,0.0,0.0,0.0,0.0,0.0,0.0,0.0,0.0,0.0,0.0,0.0,0.0,0.0,0.0,0.0,0.0,0.0,0.0,0.0,0.0,0.0,0.0,0.0,0.0,0.0,0.0,...
1763031239,975515499,laser,-3.1241390705108643,3.1415927410125732,0.0034828970674425364,5.350702122086659e-05,0.09625912457704544,0.15000000596046448,16.0,9.887999534606934,9.887999534606934,9.855999946594238,9.84000015258789,inf,8.303999900817871,8.303999900817871,8.303999900817871,8.303999900817871,8.303999900817871,8.319999694824219,8.319999694824219,8.319999694824219,8.312000274658203,8.319999694824219,8.319999694824219,8.319999694824219,8.319999694824219,8.312000274658203,8.303999900817871,8.312000274658203,8.303999900817871,8.303999900817871,8.312000274658203,8.32800006866455,8.343999862670898,8.35200023651123,8.35200023651123,8.35200023651123,8.35200023651123,10.35200023651123,10.35200023651123,10.35200023651123,10.35200023651123,inf,inf,inf,inf,inf,inf,inf,inf,inf,inf,inf,inf,inf,inf,inf,inf,3.8480000495910645,3.8480000495910645,3.8480000495910645,3.8480000495910645,3.8480000495910645,3.7679998874664307,3.7679998874664307,3.7679998874664307,3.7679998874664307,3.740000009536743,3.7320001125335693,3.7360000610351562,3.74399995803833,3.74399995803833,3.752000093460083,3.752000093460083,2.9000000953674316,2.9000000953674316,2.9000000953674316,2.8519999980926514,2.8519999980926514,2.7839999198913574,2.7160000801086426,2.6559998989105225,2.5999999046325684,2.5999999046325684,2.5480000972747803,2.507999897003174,2.4560000896453857,2.3919999599456787,2.3480000495910645,2.299999952316284,2.2839999198913574,2.200000047683716,2.200000047683716,2.1640000343322754,2.1640000343322754,2.128000020980835,2.0959999561309814,2.063999891281128,2.0320000648498535,2.0199999809265137,2.009999990463257,1.9900000095367432,1.9739999771118164,1.9739999771118164,1.9579999446868896,1.937999963760376,1.9140000343322754,1.8880000114440918,1.8600000143051147,1.8339999914169312,1.8140000104904175,1.7899999618530273,1.7899999618530273,1.7660000324249268,1.74399995803833,1.722000002861023,1.7039999961853027,1.684000015258789,1.6640000343322754,1.5119999647140503,1.5019999742507935,1.5019999742507935,1.5019999742507935,1.4900000095367432,1.4900000095367432,1.4759999513626099,inf,inf,inf,1.406000018119812,1.406000018119812,1.406000018119812,1.406000018119812,1.406000018119812,1.3960000276565552,1.3960000276565552,...,0.0,47.0,47.0,47.0,47.0,47.0,47.0,47.0,47.0,47.0,47.0,47.0,47.0,0.0,0.0,0.0,0.0,0.0,47.0,47.0,47.0,47.0,47.0,0.0,0.0,0.0,0.0,0.0,0.0,0.0,0.0,0.0,0.0,0.0,0.0,0.0,0.0,0.0,0.0,0.0,0.0,0.0,0.0,0.0,0.0,0.0,0.0,0.0,0.0,0.0,0.0,0.0,0.0,0.0,0.0,0.0,0.0,0.0,0.0,0.0,0.0,0.0,0.0,0.0,0.0,0.0,0.0,0.0,0.0,0.0,0.0,0.0,0.0,0.0,0.0,0.0,0.0,0.0,0.0,0.0,0.0,0.0,0.0,0.0,0.0,0.0,0.0,0.0,0.0,0.0,47.0,47.0,47.0,47.0,47.0,0.0,0.0,0.0,0.0,0.0,0.0,0.0,0.0,0.0,0.0,0.0,0.0,0.0,0.0,0.0,0.0,0.0,0.0,0.0,0.0,0.0,0.0,0.0,0.0,0.0,0.0,0.0,0.0,0.0,0.0,0.0,0.0,0.0,...
1763031240,73163666,laser,-3.1241390705108643,3.1415927410125732,0.0034828970674425364,5.382712697610259e-05,0.09683500230312347,0.15000000596046448,16.0,9.944000244140625,9.880000114440918,9.855999946594238,9.855999946594238,inf,inf,8.312000274658203,8.312000274658203,8.312000274658203,8.312000274658203,8.312000274658203,8.32800006866455,8.319999694824219,8.319999694824219,8.319999694824219,8.32800006866455,8.319999694824219,8.319999694824219,8.312000274658203,8.312000274658203,8.312000274658203,8.312000274658203,8.319999694824219,8.32800006866455,8.336000442504883,8.32800006866455,8.336000442504883,8.336000442504883,8.359999656677246,8.336000442504883,10.583999633789062,10.583999633789062,inf,inf,inf,inf,inf,inf,inf,inf,inf,inf,inf,inf,inf,inf,inf,inf,inf,inf,inf,3.871999979019165,3.871999979019165,3.871999979019165,3.871999979019165,3.871999979019165,3.7880001068115234,3.7880001068115234,3.7880001068115234,3.740000009536743,3.7360000610351562,3.740000009536743,3.74399995803833,3.747999906539917,3.747999906539917,3.747999906539917,3.747999906539917,2.9200000762939453,2.9200000762939453,2.9200000762939453,2.864000082015991,2.7960000038146973,2.7239999771118164,2.6559998989105225,2.615999937057495,2.563999891281128,2.507999897003174,2.507999897003174,2.4639999866485596,2.4040000438690186,2.3559999465942383,2.3239998817443848,2.299999952316284,2.180000066757202,2.180000066757202,2.1679999828338623,2.128000020980835,2.128000020980835,2.0959999561309814,2.055999994277954,2.0239999294281006,2.002000093460083,1.9780000448226929,1.9520000219345093,1.9160000085830688,1.8960000276565552,1.8960000276565552,1.878000020980835,1.878000020980835,1.8639999628067017,1.8539999723434448,1.8339999914169312,1.812000036239624,1.7899999618530273,1.7660000324249268,1.7660000324249268,1.7259999513626099,1.7259999513626099,1.7059999704360962,1.684000015258789,1.6640000343322754,1.6419999599456787,1.5119999647140503,1.503999948501587,1.503999948501587,1.4900000095367432,1.4819999933242798,1.4819999933242798,inf,inf,inf,inf,1.4140000343322754,1.4140000343322754,1.4140000343322754,1.4140000343322754,1.4140000343322754,1.399999976158142,...,0.0,0.0,0.0,0.0,47.0,47.0,47.0,47.0,47.0,47.0,47.0,0.0,0.0,0.0,0.0,0.0,0.0,0.0,0.0,0.0,47.0,47.0,47.0,47.0,47.0,0.0,0.0,0.0,0.0,0.0,0.0,0.0,0.0,0.0,0.0,0.0,0.0,0.0,0.0,0.0,0.0,0.0,0.0,0.0,0.0,0.0,0.0,0.0,0.0,0.0,0.0,0.0,0.0,0.0,0.0,0.0,0.0,0.0,0.0,0.0,0.0,0.0,0.0,0.0,0.0,0.0,0.0,0.0,0.0,0.0,0.0,0.0,0.0,0.0,0.0,0.0,0.0,0.0,0.0,0.0,0.0,0.0,0.0,0.0,0.0,0.0,0.0,0.0,0.0,0.0,0.0,0.0,0.0,0.0,0.0,0.0,0.0,0.0,0.0,0.0,0.0,0.0,0.0,0.0,0.0,0.0,0.0,0.0,0.0,0.0,0.0,0.0,0.0,0.0,0.0,0.0,0.0,0.0,0.0,0.0,0.0,0.0,0.0,0.0,0.0,0.0,0.0,0.0,...
1763031240,171491608,laser,-3.1241390705108643,3.1415927410125732,0.0034828970674425364,5.3786068747285753e-05,0.09676113724708557,0.15000000596046448,16.0,9.895999908447266,9.895999908447266,9.871999740600586,9.904000282287598,8.312000274658203,8.312000274658203,8.312000274658203,8.312000274658203,8.312000274658203,8.32800006866455,8.32800006866455,8.32800006866455,8.319999694824219,8.319999694824219,8.319999694824219,8.32800006866455,8.32800006866455,8.32800006866455,8.319999694824219,8.312000274658203,8.312000274658203,8.32800006866455,8.32800006866455,8.32800006866455,8.336000442504883,8.343999862670898,8.35200023651123,8.368000030517578,8.359999656677246,8.359999656677246,10.407999992370605,10.407999992370605,10.407999992370605,inf,inf,inf,inf,inf,inf,inf,inf,inf,inf,inf,inf,inf,inf,inf,inf,inf,inf,inf,inf,3.7839999198913574,3.7839999198913574,3.7839999198913574,3.7839999198913574,3.7839999198913574,3.740000009536743,3.740000009536743,3.740000009536743,3.740000009536743,3.74399995803833,3.747999906539917,3.747999906539917,3.747999906539917,3.747999906539917,2.8559999465942383,2.8559999465942383,2.8559999465942383,2.8559999465942383,2.7960000038146973,2.7239999771118164,2.6559998989105225,2.615999937057495,2.563999891281128,2.5199999809265137,2.5199999809265137,2.3919999599456787,2.3919999599456787,2.3559999465942383,2.3239998817443848,2.299999952316284,2.171999931335449,2.1679999828338623,2.1679999828338623,2.131999969482422,2.131999969482422,2.0999999046325684,2.069999933242798,2.0339999198913574,1.9980000257492065,1.9739999771118164,1.9500000476837158,1.9160000085830688,1.8860000371932983,1.8660000562667847,1.850000023841858,1.850000023841858,1.8359999656677246,1.8300000429153442,1.8220000267028809,1.8079999685287476,1.7899999618530273,1.7680000066757202,1.7680000066757202,1.7259999513626099,1.7259999513626099,1.7059999704360962,1.684000015258789,1.6619999408721924,1.6419999599456787,1.5260000228881836,1.5260000228881836,1.50600004196167,1.4919999837875366,1.4800000190734863,inf,inf,inf,inf,inf,inf,1.4140000343322754,1.4140000343322754,1.4140000343322754,1.4140000343322754,1.4140000343322754,...,0.0,0.0,47.0,47.0,47.0,47.0,47.0,47.0,47.0,47.0,0.0,0.0,0.0,0.0,0.0,0.0,0.0,0.0,0.0,0.0,0.0,0.0,0.0,0.0,0.0,0.0,0.0,0.0,0.0,0.0,0.0,0.0,0.0,0.0,0.0,0.0,0.0,0.0,0.0,0.0,0.0,0.0,0.0,0.0,0.0,0.0,0.0,0.0,0.0,0.0,0.0,0.0,0.0,0.0,0.0,0.0,0.0,0.0,0.0,0.0,0.0,0.0,0.0,0.0,0.0,0.0,0.0,0.0,0.0,47.0,47.0,47.0,47.0,47.0,0.0,0.0,0.0,0.0,0.0,0.0,0.0,0.0,0.0,0.0,0.0,0.0,0.0,0.0,0.0,0.0,0.0,0.0,0.0,0.0,0.0,0.0,0.0,0.0,0.0,0.0,0.0,0.0,0.0,0.0,0.0,0.0,0.0,0.0,0.0,0.0,0.0,0.0,0.0,0.0,0.0,0.0,0.0,0.0,0.0,0.0,0.0,0.0,0.0,0.0,0.0,0.0,0.0,0.0,...
1763031240,269868703,laser,-3.1241390705108643,3.1415927410125732,0.0034828970674425364,5.7123583246720955e-05,0.10276532918214798,0.15000000596046448,16.0,9.895999908447266,9.895999908447266,9.871999740600586,9.904000282287598,inf,8.319999694824219,8.319999694824219,8.319999694824219,8.319999694824219,8.319999694824219,8.32800006866455,8.32800006866455,8.319999694824219,8.319999694824219,8.319999694824219,8.32800006866455,8.32800006866455,8.32800006866455,8.319999694824219,8.312000274658203,8.312000274658203,8.312000274658203,8.303999900817871,8.312000274658203,8.336000442504883,8.336000442504883,8.35200023651123,8.359999656677246,8.359999656677246,8.359999656677246,inf,inf,inf,inf,inf,inf,inf,inf,inf,inf,inf,inf,inf,inf,inf,inf,inf,inf,inf,inf,inf,inf,inf,3.7639999389648438,3.7639999389648438,3.7639999389648438,3.7639999389648438,3.7639999389648438,3.740000009536743,3.740000009536743,3.7360000610351562,3.7360000610351562,3.7360000610351562,3.74399995803833,3.752000093460083,3.752000093460083,2.884000062942505,2.884000062942505,2.8320000171661377,2.8320000171661377,2.8320000171661377,2.8320000171661377,2.7679998874664307,2.7160000801086426,2.6559998989105225,2.6040000915527344,2.5480000972747803,2.48799991607666,2.440000057220459,2.380000114440918,2.3399999141693115,2.2960000038146973,2.2960000038146973,2.2720000743865967,2.24399995803833,2.2039999961853027,2.1559998989105225,2.1080000400543213,2.0880000591278076,2.065999984741211,2.0299999713897705,1.996000051498413,1.9759999513626099,1.9759999513626099,1.9500000476837158,1.9320000410079956,1.9279999732971191,1.9160000085830688,1.899999976158142,1.878000020980835,1.8519999980926514,1.8339999914169312,1.8339999914169312,1.8140000104904175,1.7879999876022339,1.7619999647140503,1.7380000352859497,1.718000054359436,1.7020000219345093,1.6799999475479126,1.6799999475479126,1.6579999923706055,1.5099999904632568,1.5099999904632568,1.5099999904632568,1.5,1.4859999418258667,1.4759999513626099,inf,inf,inf,inf,inf,1.4040000438690186,1.4040000438690186,1.4040000438690186,1.4040000438690186,1.4040000438690186,...,47.0,47.0,47.0,47.0,47.0,47.0,47.0,47.0,47.0,47.0,47.0,47.0,0.0,0.0,0.0,0.0,0.0,0.0,0.0,0.0,0.0,0.0,0.0,0.0,0.0,0.0,0.0,0.0,0.0,0.0,0.0,0.0,0.0,0.0,0.0,0.0,0.0,0.0,0.0,0.0,0.0,0.0,0.0,0.0,0.0,0.0,0.0,0.0,0.0,0.0,0.0,0.0,0.0,0.0,0.0,0.0,0.0,0.0,0.0,0.0,0.0,0.0,0.0,0.0,0.0,0.0,0.0,0.0,47.0,47.0,47.0,47.0,47.0,0.0,0.0,0.0,0.0,0.0,0.0,0.0,0.0,0.0,0.0,0.0,0.0,0.0,0.0,0.0,0.0,0.0,0.0,0.0,0.0,0.0,0.0,0.0,0.0,0.0,0.0,0.0,0.0,0.0,0.0,0.0,0.0,0.0,0.0,0.0,0.0,0.0,0.0,0.0,0.0,0.0,0.0,0.0,0.0,0.0,0.0,0.0,0.0,0.0,0.0,0.0,0.0,0.0,0.0,0.0,...
1763031240,374350957,laser,-3.1241390705108643,3.1415927410125732,0.0034828970674425364,5.3678802942158654e-05,0.09656816720962524,0.15000000596046448,16.0,9.880000114440918,9.880000114440918,9.855999946594238,9.855999946594238,9.855999946594238,8.312000274658203,8.312000274658203,8.312000274658203,8.312000274658203,8.312000274658203,8.32800006866455,8.32800006866455,8.32800006866455,8.319999694824219,8.319999694824219,8.32800006866455,8.32800006866455,8.312000274658203,8.312000274658203,8.312000274658203,8.312000274658203,8.303999900817871,8.312000274658203,8.32800006866455,8.336000442504883,8.336000442504883,8.32800006866455,8.336000442504883,8.35200023651123,8.32800006866455,10.607999801635742,inf,inf,inf,inf,inf,inf,inf,inf,inf,inf,inf,inf,inf,inf,inf,inf,inf,inf,4.0,4.0,4.0,4.0,4.0,3.9040000438690186,3.9040000438690186,3.9040000438690186,3.799999952316284,3.799999952316284,3.740000009536743,3.7360000610351562,3.74399995803833,3.747999906539917,3.747999906539917,3.747999906539917,3.747999906539917,2.927999973297119,2.868000030517578,2.868000030517578,2.868000030517578,2.868000030517578,2.803999900817871,2.740000009536743,2.684000015258789,2.619999885559082,2.555999994277954,2.507999897003174,2.4719998836517334,2.4719998836517334,2.359999895095825,2.359999895095825,2.3239998817443848,2.2880001068115234,2.191999912261963,2.1760001182556152,2.1760001182556152,2.131999969482422,2.1040000915527344,2.1040000915527344,2.0799999237060547,2.052000045776367,2.0280001163482666,2.00600004196167,1.9919999837875366,1.9780000448226929,1.9600000381469727,1.940000057220459,1.940000057220459,1.9199999570846558,1.899999976158142,1.8760000467300415,1.8480000495910645,1.8240000009536743,1.7979999780654907,1.7719999551773071,1.7519999742507935,1.7300000190734863,1.7079999446868896,1.7079999446868896,1.684000015258789,1.6640000343322754,1.6440000534057617,1.5199999809265137,1.5199999809265137,1.50600004196167,1.496000051498413,1.4839999675750732,1.465999960899353,1.465999960899353,1.4299999475479126,1.4299999475479126,1.4299999475479126,1.4299999475479126,1.4299999475479126,1.399999976158142,1.399999976158142,1.399999976158142,1.399999976158142,...,47.0,47.0,47.0,47.0,47.0,47.0,47.0,47.0,47.0,47.0,47.0,47.0,0.0,0.0,0.0,0.0,0.0,0.0,47.0,47.0,47.0,47.0,47.0,0.0,0.0,0.0,0.0,0.0,0.0,0.0,0.0,0.0,0.0,0.0,0.0,0.0,0.0,0.0,0.0,0.0,0.0,0.0,0.0,0.0,0.0,0.0,0.0,0.0,0.0,0.0,0.0,0.0,0.0,0.0,0.0,0.0,0.0,0.0,0.0,0.0,0.0,0.0,0.0,0.0,0.0,0.0,0.0,0.0,0.0,0.0,0.0,0.0,0.0,0.0,0.0,0.0,0.0,0.0,0.0,0.0,0.0,0.0,0.0,0.0,0.0,0.0,0.0,0.0,0.0,0.0,0.0,0.0,0.0,0.0,0.0,0.0,0.0,0.0,0.0,0.0,0.0,0.0,0.0,0.0,0.0,0.0,0.0,0.0,0.0,0.0,0.0,0.0,0.0,0.0,0.0,0.0,0.0,0.0,0.0,0.0,0.0,0.0,0.0,0.0,0.0,0.0,0.0,0.0,...
1763031240,472488572,laser,-3.1241390705108643,3.1415927410125732,0.0034828970674425364,5.3758834837935865e-05,0.0967121422290802,0.15000000596046448,16.0,9.831999778747559,9.831999778747559,9.831999778747559,9.815999984741211,inf,8.319999694824219,8.319999694824219,8.319999694824219,8.319999694824219,8.319999694824219,8.319999694824219,8.319999694824219,8.319999694824219,8.319999694824219,8.32800006866455,8.32800006866455,8.32800006866455,8.319999694824219,8.319999694824219,8.312000274658203,8.312000274658203,8.312000274658203,8.319999694824219,8.319999694824219,8.336000442504883,8.343999862670898,8.32800006866455,8.343999862670898,8.359999656677246,10.46399974822998,10.46399974822998,10.46399974822998,10.46399974822998,10.46399974822998,inf,inf,inf,inf,inf,inf,inf,inf,inf,inf,inf,inf,inf,inf,inf,inf,inf,inf,3.7639999389648438,3.7639999389648438,3.7639999389648438,3.7639999389648438,3.7639999389648438,3.74399995803833,3.74399995803833,3.74399995803833,3.7360000610351562,3.7360000610351562,3.74399995803833,3.74399995803833,3.752000093460083,3.752000093460083,2.8959999084472656,2.8959999084472656,2.8959999084472656,2.8959999084472656,2.8320000171661377,2.7679998874664307,2.7119998931884766,2.6519999504089355,2.6040000915527344,2.6040000915527344,2.552000045776367,2.496000051498413,2.436000108718872,2.388000011444092,2.3480000495910645,2.2960000038146973,2.2639999389648438,2.240000009536743,2.240000009536743,2.2039999961853027,2.1600000858306885,2.111999988555908,2.0880000591278076,2.055999994277954,2.0199999809265137,1.9919999837875366,1.9620000123977661,1.9299999475479126,1.9299999475479126,1.899999976158142,1.8739999532699585,1.8519999980926514,1.8380000591278076,1.8220000267028809,1.815999984741211,1.8079999685287476,1.7979999780654907,1.7979999780654907,1.784000039100647,1.7599999904632568,1.7339999675750732,1.715999960899353,1.6979999542236328,1.6759999990463257,1.656000018119812,1.656000018119812,1.5119999647140503,1.4980000257492065,1.4980000257492065,1.4980000257492065,1.4839999675750732,inf,inf,inf,inf,inf,1.399999976158142,1.399999976158142,1.399999976158142,1.399999976158142,1.399999976158142,1.3899999856948853,...,0.0,47.0,47.0,47.0,47.0,47.0,47.0,47.0,47.0,47.0,47.0,47.0,47.0,0.0,0.0,0.0,0.0,0.0,47.0,47.0,47.0,47.0,47.0,0.0,0.0,0.0,0.0,0.0,0.0,0.0,0.0,0.0,0.0,0.0,0.0,0.0,0.0,0.0,0.0,0.0,0.0,0.0,0.0,0.0,0.0,0.0,0.0,0.0,0.0,0.0,0.0,0.0,0.0,0.0,0.0,0.0,0.0,0.0,0.0,0.0,0.0,0.0,0.0,0.0,0.0,0.0,0.0,0.0,0.0,0.0,0.0,0.0,0.0,0.0,0.0,0.0,0.0,0.0,0.0,0.0,0.0,0.0,0.0,0.0,0.0,0.0,0.0,0.0,0.0,0.0,47.0,47.0,47.0,47.0,47.0,0.0,0.0,0.0,0.0,0.0,0.0,0.0,0.0,0.0,0.0,0.0,0.0,0.0,0.0,0.0,0.0,0.0,0.0,0.0,0.0,0.0,0.0,0.0,0.0,0.0,0.0,0.0,0.0,0.0,0.0,0.0,47.0,47.0,...
1763031240,570994724,laser,-3.1241390705108643,3.1415927410125732,0.0034828970674425364,5.363643867895007e-05,0.09649194777011871,0.15000000596046448,16.0,9.880000114440918,9.880000114440918,9.86400032043457,9.86400032043457,8.319999694824219,8.319999694824219,8.319999694824219,8.319999694824219,8.319999694824219,8.32800006866455,8.32800006866455,8.32800006866455,8.32800006866455,8.32800006866455,8.32800006866455,8.32800006866455,8.319999694824219,8.319999694824219,8.312000274658203,8.312000274658203,8.319999694824219,8.312000274658203,8.319999694824219,8.32800006866455,8.343999862670898,8.336000442504883,8.336000442504883,8.336000442504883,8.359999656677246,8.336000442504883,inf,inf,inf,inf,inf,inf,inf,inf,inf,inf,inf,inf,inf,inf,inf,inf,inf,inf,inf,inf,inf,inf,3.759999990463257,3.759999990463257,3.759999990463257,3.759999990463257,3.759999990463257,3.740000009536743,3.740000009536743,3.740000009536743,3.7320001125335693,3.7360000610351562,3.74399995803833,3.74399995803833,3.752000093460083,3.752000093460083,2.8959999084472656,2.8959999084472656,2.8959999084472656,2.8959999084472656,2.8320000171661377,2.7720000743865967,2.7119998931884766,2.6519999504089355,2.6040000915527344,2.6040000915527344,2.552000045776367,2.496000051498413,2.440000057220459,2.380000114440918,2.3399999141693115,2.2960000038146973,2.2760000228881836,2.252000093460083,2.2039999961853027,2.1600000858306885,2.1600000858306885,2.111999988555908,2.0880000591278076,2.055999994277954,2.0160000324249268,1.9900000095367432,1.968000054359436,1.940000057220459,1.9119999408721924,1.9119999408721924,1.8940000534057617,1.8860000371932983,1.8839999437332153,1.8660000562667847,1.850000023841858,1.8300000429153442,1.8079999685287476,1.784000039100647,1.784000039100647,1.7599999904632568,1.7380000352859497,1.7200000286102295,1.7020000219345093,1.6799999475479126,1.656000018119812,1.5080000162124634,1.5080000162124634,1.4980000257492065,1.4980000257492065,1.4980000257492065,1.4839999675750732,1.4739999771118164,inf,inf,inf,inf,1.4040000438690186,1.4040000438690186,1.4040000438690186,1.4040000438690186,1.4040000438690186,1.3940000534057617,...,0.0,47.0,47.0,47.0,47.0,47.0,47.0,47.0,47.0,47.0,0.0,0.0,0.0,0.0,0.0,0.0,0.0,0.0,0.0,0.0,0.0,0.0,0.0,0.0,0.0,0.0,0.0,0.0,0.0,0.0,0.0,0.0,0.0,0.0,0.0,0.0,0.0,0.0,0.0,0.0,0.0,0.0,0.0,0.0,0.0,0.0,0.0,0.0,0.0,0.0,0.0,0.0,0.0,0.0,0.0,0.0,0.0,0.0,0.0,0.0,0.0,0.0,0.0,0.0,0.0,0.0,0.0,0.0,0.0,0.0,0.0,0.0,0.0,0.0,0.0,0.0,0.0,0.0,0.0,0.0,0.0,0.0,0.0,0.0,0.0,0.0,0.0,0.0,0.0,0.0,0.0,0.0,0.0,0.0,0.0,0.0,0.0,0.0,0.0,0.0,0.0,0.0,0.0,0.0,0.0,0.0,0.0,0.0,0.0,0.0,0.0,0.0,0.0,0.0,0.0,0.0,0.0,0.0,0.0,0.0,0.0,0.0,0.0,0.0,0.0,0.0,0.0,0.0,...
1763031240,669016321,laser,-3.1241390705108643,3.1415927410125732,0.0034828970674425364,5.373941530706361e-05,0.09667720645666122,0.15000000596046448,16.0,9.887999534606934,9.887999534606934,9.855999946594238,9.847999572753906,8.319999694824219,8.319999694824219,8.319999694824219,8.319999694824219,8.319999694824219,8.32800006866455,8.32800006866455,8.32800006866455,8.319999694824219,8.319999694824219,8.319999694824219,8.32800006866455,8.32800006866455,8.32800006866455,8.319999694824219,8.319999694824219,8.319999694824219,8.312000274658203,8.319999694824219,8.32800006866455,8.343999862670898,8.336000442504883,8.336000442504883,8.336000442504883,8.35200023651123,8.336000442504883,10.592000007629395,10.592000007629395,10.592000007629395,inf,inf,inf,inf,inf,inf,inf,inf,inf,inf,inf,inf,inf,inf,inf,inf,inf,3.8919999599456787,3.8919999599456787,3.8919999599456787,3.8919999599456787,3.8919999599456787,3.7880001068115234,3.7880001068115234,3.7880001068115234,3.7880001068115234,3.740000009536743,3.7360000610351562,3.74399995803833,3.74399995803833,3.747999906539917,3.752000093460083,3.752000093460083,2.9119999408721924,2.9119999408721924,2.9119999408721924,2.859999895095825,2.859999895095825,2.7880001068115234,2.7200000286102295,2.6600000858306885,2.6080000400543213,2.559999942779541,2.5,2.5,2.3519999980926514,2.3519999980926514,2.3519999980926514,2.315999984741211,2.2880001068115234,2.187999963760376,2.187999963760376,2.1600000858306885,2.124000072479248,2.1040000915527344,2.1040000915527344,2.0759999752044678,2.0420000553131104,2.0199999809265137,2.002000093460083,1.9880000352859497,1.9759999513626099,1.9579999446868896,1.937999963760376,1.937999963760376,1.9179999828338623,1.8919999599456787,1.8660000562667847,1.8420000076293945,1.8220000267028809,1.7960000038146973,1.7680000066757202,1.7680000066757202,1.7259999513626099,1.7259999513626099,1.7020000219345093,1.6820000410079956,1.6619999408721924,1.6360000371932983,1.5140000581741333,1.5140000581741333,1.503999948501587,1.4880000352859497,1.4780000448226929,1.4780000448226929,inf,inf,1.409999966621399,1.409999966621399,1.409999966621399,1.409999966621399,1.409999966621399,1.399999976158142,1.399999976158142,1.399999976158142,...,0.0,47.0,47.0,47.0,47.0,47.0,47.0,47.0,47.0,47.0,0.0,0.0,0.0,0.0,0.0,0.0,0.0,0.0,0.0,47.0,47.0,47.0,47.0,47.0,0.0,0.0,0.0,0.0,0.0,0.0,0.0,0.0,0.0,0.0,0.0,0.0,0.0,0.0,0.0,0.0,0.0,0.0,0.0,0.0,0.0,0.0,0.0,0.0,0.0,0.0,0.0,0.0,0.0,0.0,0.0,0.0,0.0,0.0,0.0,0.0,0.0,0.0,0.0,0.0,0.0,0.0,0.0,0.0,0.0,0.0,0.0,0.0,0.0,0.0,0.0,0.0,0.0,0.0,0.0,0.0,0.0,0.0,0.0,0.0,0.0,0.0,0.0,0.0,0.0,0.0,0.0,0.0,0.0,0.0,0.0,0.0,0.0,0.0,0.0,0.0,0.0,0.0,0.0,0.0,0.0,0.0,0.0,0.0,0.0,0.0,0.0,0.0,0.0,0.0,0.0,0.0,0.0,0.0,0.0,0.0,0.0,0.0,0.0,0.0,0.0,0.0,0.0,0.0,...
1763031240,767711161,laser,-3.1241390705108643,3.1415927410125732,0.0034828970674425364,5.348804188542999e-05,0.09622498601675034,0.15000000596046448,16.0,9.968000411987305,9.887999534606934,9.904000282287598,9.887999534606934,inf,inf,8.319999694824219,8.319999694824219,8.319999694824219,8.319999694824219,8.319999694824219,8.32800006866455,8.319999694824219,8.312000274658203,8.312000274658203,8.319999694824219,8.319999694824219,8.319999694824219,8.319999694824219,8.319999694824219,8.312000274658203,8.319999694824219,8.319999694824219,8.32800006866455,8.336000442504883,8.336000442504883,8.336000442504883,8.359999656677246,8.359999656677246,8.359999656677246,10.407999992370605,10.407999992370605,inf,inf,inf,inf,inf,inf,inf,inf,inf,inf,inf,inf,inf,inf,inf,inf,inf,inf,inf,inf,3.8959999084472656,3.8959999084472656,3.8959999084472656,3.8959999084472656,3.8959999084472656,3.7920000553131104,3.740000009536743,3.740000009536743,3.7360000610351562,3.74399995803833,3.747999906539917,3.747999906539917,3.752000093460083,2.931999921798706,2.931999921798706,2.864000082015991,2.864000082015991,2.864000082015991,2.864000082015991,2.7920000553131104,2.7239999771118164,2.6640000343322754,2.611999988555908,2.559999942779541,2.507999897003174,2.4600000381469727,2.4600000381469727,2.368000030517578,2.368000030517578,2.3320000171661377,2.303999900817871,2.191999912261963,2.187999963760376,2.187999963760376,2.135999917984009,2.1040000915527344,2.0759999752044678,2.0759999752044678,2.0439999103546143,2.01200008392334,1.9839999675750732,1.9500000476837158,1.9119999408721924,1.8940000534057617,1.8839999437332153,1.871999979019165,1.8600000143051147,1.8519999980926514,1.8519999980926514,1.8320000171661377,1.8140000104904175,1.7960000038146973,1.7699999809265137,1.75,1.7280000448226929,1.7059999704360962,1.6859999895095825,1.6859999895095825,1.6660000085830688,1.6460000276565552,1.527999997138977,1.527999997138977,1.50600004196167,1.4900000095367432,1.4800000190734863,1.468000054359436,1.468000054359436,1.468000054359436,1.468000054359436,1.4359999895095825,1.4359999895095825,1.4359999895095825,1.4140000343322754,1.4140000343322754,1.4140000343322754,1.399999976158142,...,0.0,0.0,0.0,47.0,47.0,47.0,47.0,47.0,47.0,47.0,47.0,0.0,0.0,0.0,0.0,0.0,0.0,47.0,47.0,47.0,47.0,47.0,0.0,0.0,0.0,0.0,0.0,0.0,0.0,0.0,0.0,0.0,0.0,0.0,0.0,0.0,0.0,0.0,0.0,0.0,0.0,0.0,0.0,0.0,0.0,0.0,0.0,0.0,0.0,0.0,0.0,0.0,0.0,0.0,0.0,0.0,0.0,0.0,0.0,0.0,0.0,0.0,0.0,0.0,0.0,0.0,0.0,0.0,0.0,0.0,0.0,0.0,0.0,0.0,0.0,0.0,0.0,0.0,0.0,0.0,0.0,0.0,0.0,0.0,0.0,0.0,0.0,0.0,0.0,47.0,47.0,47.0,47.0,47.0,0.0,0.0,0.0,0.0,0.0,0.0,0.0,0.0,0.0,0.0,0.0,0.0,0.0,0.0,0.0,0.0,0.0,0.0,0.0,0.0,0.0,0.0,0.0,0.0,0.0,0.0,0.0,0.0,0.0,0.0,0.0,0.0,0.0,0.0,...
1763031240,865640960,laser,-3.1241390705108643,3.1415927410125732,0.0034828970674425364,5.370836879592389e-05,0.09662135690450668,0.15000000596046448,16.0,9.871999740600586,9.871999740600586,9.871999740600586,9.935999870300293,inf,8.319999694824219,8.319999694824219,8.319999694824219,8.319999694824219,8.319999694824219,8.319999694824219,8.319999694824219,8.319999694824219,8.312000274658203,8.32800006866455,8.32800006866455,8.32800006866455,8.319999694824219,8.319999694824219,8.319999694824219,8.319999694824219,8.319999694824219,8.32800006866455,8.32800006866455,8.336000442504883,8.336000442504883,8.32800006866455,8.336000442504883,8.35200023651123,10.423999786376953,10.423999786376953,10.423999786376953,10.423999786376953,10.423999786376953,inf,inf,inf,inf,inf,inf,inf,inf,inf,inf,inf,inf,inf,inf,inf,inf,inf,3.803999900817871,3.803999900817871,3.803999900817871,3.803999900817871,3.803999900817871,3.752000093460083,3.752000093460083,3.752000093460083,3.752000093460083,3.74399995803833,3.740000009536743,3.740000009536743,3.747999906539917,3.747999906539917,3.752000093460083,3.752000093460083,2.931999921798706,2.931999921798706,2.864000082015991,2.864000082015991,2.803999900817871,2.7360000610351562,2.680000066757202,2.640000104904175,2.5759999752044678,2.5280001163482666,2.4119999408721924,2.4119999408721924,2.368000030517578,2.368000030517578,2.3320000171661377,2.299999952316284,2.191999912261963,2.191999912261963,2.187999963760376,2.135999917984009,2.1040000915527344,2.0759999752044678,2.0759999752044678,2.0,2.0,1.968000054359436,1.944000005722046,1.9119999408721924,1.8880000114440918,1.8639999628067017,1.843999981880188,1.8320000171661377,1.8240000009536743,1.8240000009536743,1.8140000104904175,1.8040000200271606,1.7899999618530273,1.7699999809265137,1.75,1.7280000448226929,1.7059999704360962,1.7059999704360962,1.6859999895095825,1.6660000085830688,1.6460000276565552,1.50600004196167,1.4919999837875366,1.4919999837875366,1.4919999837875366,1.4780000448226929,inf,inf,inf,inf,1.399999976158142,1.399999976158142,1.399999976158142,1.399999976158142,1.399999976158142,1.3839999437332153,1.3839999437332153,...,0.0,47.0,47.0,47.0,47.0,47.0,47.0,47.0,47.0,0.0,0.0,0.0,0.0,0.0,0.0,0.0,0.0,0.0,0.0,0.0,0.0,0.0,0.0,0.0,0.0,0.0,0.0,0.0,0.0,0.0,0.0,0.0,0.0,0.0,0.0,0.0,0.0,0.0,0.0,0.0,0.0,0.0,0.0,0.0,0.0,0.0,0.0,0.0,0.0,0.0,0.0,0.0,0.0,0.0,0.0,0.0,0.0,0.0,0.0,0.0,0.0,0.0,0.0,0.0,0.0,0.0,0.0,0.0,0.0,47.0,47.0,47.0,47.0,47.0,0.0,0.0,0.0,0.0,0.0,0.0,0.0,0.0,0.0,0.0,0.0,0.0,0.0,0.0,0.0,0.0,47.0,47.0,47.0,47.0,47.0,0.0,0.0,0.0,0.0,0.0,0.0,0.0,0.0,0.0,0.0,0.0,0.0,0.0,0.0,0.0,0.0,0.0,0.0,0.0,0.0,0.0,0.0,0.0,0.0,0.0,0.0,0.0,0.0,0.0,0.0,0.0,0.0,0.0,...
1763031240,963782935,laser,-3.1241390705108643,3.1415927410125732,0.0034828970674425364,5.37704472662881e-05,0.09673303365707397,0.15000000596046448,16.0,9.895999908447266,9.871999740600586,9.887999534606934,9.887999534606934,inf,inf,inf,8.32800006866455,8.32800006866455,8.32800006866455,8.32800006866455,8.32800006866455,8.32800006866455,8.319999694824219,8.32800006866455,8.336000442504883,8.32800006866455,8.32800006866455,8.319999694824219,8.319999694824219,8.319999694824219,8.319999694824219,8.319999694824219,8.32800006866455,8.32800006866455,8.336000442504883,8.32800006866455,8.343999862670898,8.35200023651123,8.319999694824219,10.479999542236328,10.479999542236328,10.479999542236328,inf,inf,inf,inf,inf,inf,inf,inf,inf,inf,inf,inf,inf,inf,inf,inf,inf,inf,inf,3.803999900817871,3.803999900817871,3.803999900817871,3.803999900817871,3.803999900817871,3.752000093460083,3.752000093460083,3.74399995803833,3.74399995803833,3.74399995803833,3.74399995803833,3.747999906539917,3.747999906539917,3.752000093460083,2.868000030517578,2.868000030517578,2.868000030517578,2.868000030517578,2.868000030517578,2.808000087738037,2.7360000610351562,2.684000015258789,2.640000104904175,2.5759999752044678,2.5280001163482666,2.4760000705718994,2.4159998893737793,2.368000030517578,2.3320000171661377,2.3320000171661377,2.299999952316284,2.2079999446868896,2.187999963760376,2.187999963760376,2.140000104904175,2.1040000915527344,2.0759999752044678,2.0460000038146973,2.0179998874664307,2.0179998874664307,1.9839999675750732,1.965999960899353,1.9600000381469727,1.9479999542236328,1.937999963760376,1.9220000505447388,1.9220000505447388,1.9019999504089355,1.878000020980835,1.850000023841858,1.8279999494552612,1.8020000457763672,1.7740000486373901,1.75,1.7300000190734863,1.7079999446868896,1.6859999895095825,1.6859999895095825,1.6660000085830688,1.6460000276565552,1.5180000066757202,1.5180000066757202,1.50600004196167,1.4980000257492065,1.4859999418258667,1.4759999513626099,inf,1.4359999895095825,1.4359999895095825,1.4359999895095825,1.4359999895095825,1.4359999895095825,1.4140000343322754,1.4140000343322754,1.4140000343322754,1.399999976158142,...,0.0,0.0,0.0,47.0,47.0,47.0,47.0,47.0,47.0,47.0,47.0,0.0,0.0,0.0,0.0,0.0,0.0,0.0,0.0,0.0,0.0,0.0,0.0,0.0,0.0,0.0,0.0,0.0,0.0,0.0,0.0,0.0,0.0,0.0,0.0,0.0,0.0,0.0,0.0,0.0,0.0,0.0,0.0,0.0,0.0,0.0,0.0,0.0,0.0,0.0,0.0,0.0,0.0,0.0,0.0,0.0,0.0,0.0,0.0,0.0,0.0,0.0,0.0,0.0,0.0,0.0,0.0,0.0,0.0,0.0,0.0,0.0,0.0,0.0,0.0,0.0,0.0,0.0,0.0,0.0,0.0,0.0,0.0,0.0,0.0,0.0,0.0,0.0,0.0,0.0,0.0,47.0,47.0,47.0,47.0,47.0,0.0,0.0,0.0,0.0,0.0,0.0,0.0,0.0,0.0,47.0,47.0,47.0,47.0,47.0,0.0,0.0,0.0,0.0,0.0,0.0,0.0,0.0,0.0,0.0,0.0,0.0,0.0,0.0,47.0,47.0,47.0,47.0,...
1763031241,61889100,laser,-3.1241390705108643,3.1415927410125732,0.0034828970674425364,5.7239318266510963e-05,0.10297353565692902,0.15000000596046448,16.0,9.871999740600586,9.871999740600586,9.880000114440918,9.880000114440918,8.319999694824219,8.319999694824219,8.319999694824219,8.319999694824219,8.319999694824219,8.32800006866455,8.32800006866455,8.32800006866455,8.32800006866455,8.319999694824219,8.32800006866455,8.32800006866455,8.319999694824219,8.319999694824219,8.312000274658203,8.319999694824219,8.32800006866455,8.319999694824219,8.319999694824219,8.319999694824219,8.319999694824219,8.336000442504883,8.336000442504883,8.336000442504883,8.336000442504883,8.312000274658203,inf,inf,inf,inf,inf,inf,inf,inf,inf,inf,inf,inf,inf,inf,inf,inf,inf,inf,inf,inf,inf,inf,inf,3.75600004196167,3.75600004196167,3.75600004196167,3.75600004196167,3.75600004196167,3.74399995803833,3.74399995803833,3.74399995803833,3.740000009536743,3.7360000610351562,3.74399995803833,3.747999906539917,3.752000093460083,2.871999979019165,2.871999979019165,2.815999984741211,2.815999984741211,2.815999984741211,2.815999984741211,2.75600004196167,2.696000099182129,2.6440000534057617,2.5160000324249268,2.5160000324249268,2.4679999351501465,2.4200000762939453,2.371999979019165,2.3320000171661377,2.3320000171661377,2.2880001068115234,2.24399995803833,2.2239999771118164,2.191999912261963,2.1440000534057617,2.115999937057495,2.0880000591278076,2.052000045776367,2.052000045776367,2.009999990463257,2.009999990463257,2.00600004196167,1.9859999418258667,1.968000054359436,1.9520000219345093,1.9299999475479126,1.909999966621399,1.909999966621399,1.850000023841858,1.850000023841858,1.8279999494552612,1.8020000457763672,1.777999997138977,1.75600004196167,1.7300000190734863,1.7120000123977661,1.694000005722046,1.6720000505447388,1.6720000505447388,1.649999976158142,1.5260000228881836,1.5260000228881836,1.5080000162124634,1.4980000257492065,1.4859999418258667,inf,inf,inf,inf,inf,inf,1.4019999504089355,1.4019999504089355,1.4019999504089355,1.4019999504089355,1.4019999504089355,...,0.0,47.0,47.0,47.0,47.0,47.0,47.0,47.0,47.0,47.0,0.0,0.0,0.0,0.0,0.0,0.0,0.0,0.0,0.0,0.0,0.0,0.0,0.0,0.0,0.0,0.0,0.0,0.0,0.0,0.0,0.0,0.0,0.0,0.0,0.0,0.0,0.0,0.0,0.0,0.0,0.0,0.0,0.0,0.0,0.0,0.0,0.0,0.0,0.0,0.0,0.0,0.0,0.0,0.0,0.0,0.0,0.0,0.0,0.0,0.0,0.0,0.0,0.0,0.0,0.0,0.0,0.0,0.0,0.0,0.0,0.0,0.0,0.0,0.0,0.0,0.0,0.0,0.0,0.0,0.0,0.0,0.0,0.0,0.0,0.0,0.0,0.0,0.0,0.0,0.0,0.0,0.0,0.0,0.0,0.0,0.0,0.0,0.0,0.0,0.0,0.0,0.0,0.0,0.0,0.0,0.0,0.0,47.0,47.0,47.0,47.0,47.0,0.0,0.0,0.0,0.0,0.0,0.0,0.0,0.0,0.0,0.0,0.0,0.0,0.0,0.0,0.0,0.0,...
1763031241,166489215,laser,-3.1241390705108643,3.1415927410125732,0.0034828970674425364,5.370512735680677e-05,0.09661553055047989,0.15000000596046448,16.0,9.880000114440918,9.880000114440918,9.86400032043457,9.831999778747559,9.831999778747559,8.319999694824219,8.319999694824219,8.319999694824219,8.319999694824219,8.319999694824219,8.32800006866455,8.32800006866455,8.32800006866455,8.319999694824219,8.319999694824219,8.32800006866455,8.319999694824219,8.312000274658203,8.312000274658203,8.312000274658203,8.319999694824219,8.319999694824219,8.319999694824219,8.32800006866455,8.336000442504883,8.336000442504883,8.32800006866455,8.336000442504883,8.343999862670898,8.312000274658203,10.520000457763672,inf,inf,inf,inf,inf,inf,inf,inf,inf,inf,inf,inf,inf,inf,inf,inf,inf,inf,inf,inf,inf,inf,inf,3.799999952316284,3.799999952316284,3.799999952316284,3.799999952316284,3.799999952316284,3.74399995803833,3.74399995803833,3.740000009536743,3.740000009536743,3.747999906539917,3.747999906539917,3.747999906539917,3.747999906539917,2.940000057220459,2.871999979019165,2.871999979019165,2.871999979019165,2.808000087738037,2.7360000610351562,2.680000066757202,2.635999917984009,2.5759999752044678,2.5199999809265137,2.5199999809265137,2.4679999351501465,2.4159998893737793,2.371999979019165,2.3320000171661377,2.299999952316284,2.187999963760376,2.187999963760376,2.184000015258789,2.140000104904175,2.1080000400543213,2.1080000400543213,2.0799999237060547,2.0439999103546143,2.007999897003174,1.9780000448226929,1.9459999799728394,1.9079999923706055,1.8880000114440918,1.8799999952316284,1.8660000562667847,1.8660000562667847,1.8519999980926514,1.8459999561309814,1.8279999494552612,1.809999942779541,1.7960000038146973,1.7740000486373901,1.7740000486373901,1.7300000190734863,1.7300000190734863,1.7079999446868896,1.687999963760376,1.6679999828338623,1.6480000019073486,1.527999997138977,1.527999997138977,1.5080000162124634,1.4919999837875366,1.4819999933242798,1.468000054359436,1.468000054359436,inf,inf,inf,inf,inf,1.399999976158142,1.399999976158142,1.399999976158142,1.399999976158142,...,47.0,47.0,47.0,47.0,47.0,47.0,47.0,47.0,47.0,47.0,47.0,47.0,0.0,0.0,0.0,0.0,0.0,0.0,0.0,0.0,0.0,0.0,0.0,0.0,0.0,0.0,0.0,0.0,0.0,0.0,0.0,0.0,0.0,0.0,0.0,0.0,0.0,0.0,0.0,0.0,0.0,0.0,0.0,0.0,0.0,0.0,0.0,0.0,0.0,0.0,0.0,0.0,0.0,0.0,0.0,0.0,0.0,0.0,0.0,0.0,0.0,0.0,0.0,0.0,0.0,0.0,0.0,0.0,0.0,0.0,0.0,0.0,0.0,0.0,0.0,0.0,0.0,0.0,0.0,0.0,0.0,0.0,0.0,0.0,0.0,0.0,0.0,0.0,0.0,0.0,0.0,0.0,0.0,0.0,0.0,0.0,0.0,0.0,0.0,0.0,0.0,0.0,0.0,0.0,0.0,0.0,0.0,0.0,0.0,0.0,0.0,0.0,0.0,0.0,0.0,0.0,0.0,0.0,0.0,0.0,0.0,0.0,0.0,0.0,0.0,0.0,0.0,0.0,...
1763031241,264762018,laser,-3.1241390705108643,3.1415927410125732,0.0034828970674425364,5.373506064643152e-05,0.09666936844587326,0.15000000596046448,16.0,9.86400032043457,9.86400032043457,9.86400032043457,9.86400032043457,inf,inf,8.319999694824219,8.319999694824219,8.319999694824219,8.319999694824219,8.319999694824219,8.32800006866455,8.32800006866455,8.319999694824219,8.32800006866455,8.32800006866455,8.32800006866455,8.32800006866455,8.319999694824219,8.312000274658203,8.32800006866455,8.319999694824219,8.319999694824219,8.319999694824219,8.32800006866455,8.336000442504883,8.336000442504883,8.343999862670898,8.35200023651123,8.312000274658203,8.312000274658203,10.48799991607666,inf,inf,inf,inf,inf,inf,inf,inf,inf,inf,inf,inf,inf,inf,inf,inf,inf,inf,inf,inf,3.808000087738037,3.808000087738037,3.808000087738037,3.808000087738037,3.808000087738037,3.752000093460083,3.752000093460083,3.74399995803833,3.74399995803833,3.740000009536743,3.7360000610351562,3.74399995803833,3.747999906539917,3.752000093460083,2.875999927520752,2.875999927520752,2.875999927520752,2.875999927520752,2.808000087738037,2.808000087738037,2.740000009536743,2.684000015258789,2.640000104904175,2.5840001106262207,2.5360000133514404,2.4200000762939453,2.4200000762939453,2.371999979019165,2.3320000171661377,2.3320000171661377,2.2960000038146973,2.2039999961853027,2.191999912261963,2.191999912261963,2.1440000534057617,2.1080000400543213,2.0799999237060547,2.0460000038146973,2.00600004196167,2.00600004196167,1.9780000448226929,1.9520000219345093,1.9140000343322754,1.8880000114440918,1.8680000305175781,1.8480000495910645,1.840000033378601,1.8339999914169312,1.8339999914169312,1.8240000009536743,1.812000036239624,1.7960000038146973,1.7760000228881836,1.753999948501587,1.7300000190734863,1.7120000123977661,1.690000057220459,1.690000057220459,1.6679999828338623,1.6480000019073486,1.5080000162124634,1.5080000162124634,1.496000051498413,1.496000051498413,1.4839999675750732,inf,inf,inf,inf,inf,1.399999976158142,1.399999976158142,1.399999976158142,1.399999976158142,1.399999976158142,1.3839999437332153,...,47.0,47.0,47.0,47.0,47.0,47.0,47.0,47.0,47.0,47.0,47.0,47.0,0.0,0.0,0.0,0.0,0.0,0.0,0.0,0.0,0.0,0.0,0.0,0.0,0.0,0.0,0.0,0.0,0.0,0.0,0.0,0.0,0.0,0.0,0.0,0.0,0.0,0.0,0.0,0.0,0.0,0.0,0.0,0.0,0.0,0.0,0.0,0.0,0.0,0.0,0.0,0.0,0.0,0.0,0.0,0.0,0.0,0.0,0.0,0.0,0.0,0.0,0.0,0.0,0.0,0.0,0.0,0.0,0.0,0.0,0.0,0.0,0.0,0.0,0.0,0.0,0.0,0.0,0.0,0.0,0.0,0.0,0.0,0.0,0.0,0.0,0.0,0.0,0.0,47.0,47.0,47.0,47.0,47.0,0.0,0.0,0.0,0.0,0.0,0.0,0.0,0.0,0.0,0.0,0.0,0.0,0.0,0.0,0.0,0.0,0.0,0.0,0.0,0.0,0.0,0.0,0.0,0.0,0.0,0.0,0.0,0.0,0.0,0.0,0.0,47.0,47.0,47.0,...
1763031241,363093248,laser,-3.1241390705108643,3.1415927410125732,0.0034828970674425364,5.368605343392119e-05,0.09658120572566986,0.15000000596046448,16.0,9.86400032043457,9.86400032043457,9.855999946594238,9.831999778747559,9.831999778747559,8.319999694824219,8.319999694824219,8.319999694824219,8.319999694824219,8.32800006866455,8.32800006866455,8.32800006866455,8.32800006866455,8.319999694824219,8.319999694824219,8.319999694824219,8.319999694824219,8.312000274658203,8.319999694824219,8.319999694824219,8.32800006866455,8.319999694824219,8.319999694824219,8.32800006866455,8.336000442504883,8.336000442504883,8.336000442504883,8.343999862670898,8.343999862670898,8.312000274658203,10.51200008392334,10.51200008392334,10.51200008392334,10.51200008392334,inf,inf,inf,inf,inf,inf,inf,inf,inf,inf,inf,inf,inf,inf,inf,inf,3.9040000438690186,3.9040000438690186,3.9040000438690186,3.9040000438690186,3.9040000438690186,3.808000087738037,3.808000087738037,3.808000087738037,3.752000093460083,3.74399995803833,3.74399995803833,3.740000009536743,3.740000009536743,3.747999906539917,3.747999906539917,3.747999906539917,3.747999906539917,2.875999927520752,2.812000036239624,2.812000036239624,2.812000036239624,2.812000036239624,2.740000009536743,2.684000015258789,2.640000104904175,2.5840001106262207,2.5239999294281006,2.4719998836517334,2.4719998836517334,2.371999979019165,2.371999979019165,2.3320000171661377,2.2960000038146973,2.2039999961853027,2.2039999961853027,2.187999963760376,2.1440000534057617,2.1080000400543213,2.0799999237060547,2.0799999237060547,2.0480000972747803,2.0260000228881836,2.009999990463257,1.996000051498413,1.9819999933242798,1.965999960899353,1.9479999542236328,1.9479999542236328,1.9279999732971191,1.8980000019073486,1.871999979019165,1.850000023841858,1.8259999752044678,1.7999999523162842,1.7740000486373901,1.7519999742507935,1.7300000190734863,1.7100000381469727,1.7100000381469727,1.690000057220459,1.6679999828338623,1.6480000019073486,1.5160000324249268,1.5160000324249268,1.5080000162124634,1.496000051498413,1.4839999675750732,1.4759999513626099,1.4759999513626099,inf,1.4359999895095825,1.4359999895095825,1.4359999895095825,1.4359999895095825,1.4359999895095825,1.4140000343322754,1.4140000343322754,1.4140000343322754,...,0.0,47.0,47.0,47.0,47.0,47.0,47.0,47.0,47.0,47.0,0.0,0.0,0.0,0.0,0.0,0.0,0.0,0.0,0.0,47.0,47.0,47.0,47.0,47.0,0.0,0.0,0.0,0.0,0.0,0.0,0.0,0.0,0.0,0.0,0.0,0.0,0.0,0.0,0.0,0.0,0.0,0.0,0.0,0.0,0.0,0.0,0.0,0.0,0.0,0.0,0.0,0.0,0.0,0.0,0.0,0.0,0.0,0.0,0.0,0.0,0.0,0.0,0.0,0.0,0.0,0.0,0.0,0.0,0.0,0.0,0.0,0.0,0.0,0.0,0.0,0.0,0.0,0.0,0.0,0.0,0.0,0.0,0.0,0.0,0.0,0.0,0.0,0.0,0.0,0.0,0.0,0.0,0.0,0.0,0.0,0.0,0.0,0.0,0.0,0.0,0.0,0.0,0.0,0.0,0.0,0.0,0.0,0.0,0.0,0.0,0.0,0.0,0.0,0.0,0.0,0.0,0.0,0.0,0.0,0.0,0.0,0.0,0.0,47.0,47.0,47.0,47.0,47.0,...
1763031241,461234394,laser,-3.1241390705108643,3.1415927410125732,0.0034828970674425364,5.3754658438265324e-05,0.0967046320438385,0.15000000596046448,16.0,9.871999740600586,9.871999740600586,9.86400032043457,9.831999778747559,9.831999778747559,8.319999694824219,8.319999694824219,8.319999694824219,8.319999694824219,8.319999694824219,8.336000442504883,8.336000442504883,8.336000442504883,8.319999694824219,8.319999694824219,8.319999694824219,8.319999694824219,8.319999694824219,8.319999694824219,8.319999694824219,8.32800006866455,8.32800006866455,8.319999694824219,8.32800006866455,8.32800006866455,8.336000442504883,8.343999862670898,8.343999862670898,8.343999862670898,8.303999900817871,inf,inf,inf,inf,inf,inf,inf,inf,inf,inf,inf,inf,inf,inf,inf,inf,inf,inf,inf,inf,inf,3.859999895095825,3.859999895095825,3.859999895095825,3.859999895095825,3.859999895095825,3.7760000228881836,3.7760000228881836,3.7760000228881836,3.74399995803833,3.7360000610351562,3.740000009536743,3.747999906539917,3.752000093460083,3.747999906539917,3.747999906539917,2.8959999084472656,2.8959999084472656,2.8959999084472656,2.8959999084472656,2.8320000171661377,2.7720000743865967,2.7200000286102295,2.6559998989105225,2.6080000400543213,2.555999994277954,2.5,2.5,2.380000114440918,2.380000114440918,2.3519999980926514,2.2720000743865967,2.2720000743865967,2.24399995803833,2.200000047683716,2.1600000858306885,2.124000072479248,2.124000072479248,2.0920000076293945,2.052000045776367,2.0239999294281006,2.0,1.9780000448226929,1.9500000476837158,1.9220000505447388,1.9220000505447388,1.906000018119812,1.899999976158142,1.8860000371932983,1.8639999628067017,1.8480000495910645,1.8300000429153442,1.809999942779541,1.7899999618530273,1.7899999618530273,1.7660000324249268,1.7419999837875366,1.7200000286102295,1.7000000476837158,1.6799999475479126,1.659999966621399,1.628000020980835,1.5119999647140503,1.4980000257492065,1.4980000257492065,1.4980000257492065,1.4839999675750732,1.4739999771118164,inf,inf,inf,inf,1.4040000438690186,1.4040000438690186,1.4040000438690186,1.4040000438690186,1.4040000438690186,1.3919999599456787,...,47.0,47.0,47.0,47.0,47.0,47.0,47.0,47.0,47.0,47.0,47.0,47.0,0.0,0.0,0.0,0.0,0.0,0.0,0.0,0.0,0.0,0.0,0.0,0.0,0.0,0.0,0.0,0.0,0.0,0.0,0.0,0.0,0.0,0.0,0.0,0.0,0.0,0.0,0.0,0.0,0.0,0.0,0.0,0.0,0.0,0.0,0.0,0.0,0.0,0.0,0.0,0.0,0.0,0.0,0.0,0.0,0.0,0.0,0.0,0.0,0.0,0.0,0.0,0.0,0.0,0.0,0.0,0.0,0.0,0.0,0.0,47.0,47.0,47.0,47.0,47.0,0.0,0.0,0.0,0.0,0.0,0.0,0.0,0.0,0.0,0.0,0.0,0.0,0.0,0.0,0.0,0.0,0.0,0.0,0.0,0.0,0.0,0.0,0.0,0.0,0.0,0.0,0.0,0.0,0.0,0.0,0.0,0.0,0.0,0.0,0.0,0.0,0.0,0.0,0.0,0.0,0.0,0.0,0.0,0.0,0.0,0.0,0.0,0.0,0.0,0.0,0.0,0.0,...
1763031241,559637265,laser,-3.1241390705108643,3.1415927410125732,0.0034828970674425364,5.365010292734951e-05,0.09651653468608856,0.15000000596046448,16.0,9.887999534606934,9.887999534606934,9.871999740600586,9.887999534606934,8.319999694824219,8.319999694824219,8.319999694824219,8.319999694824219,8.319999694824219,8.32800006866455,8.32800006866455,8.32800006866455,8.319999694824219,8.319999694824219,8.319999694824219,8.32800006866455,8.32800006866455,8.319999694824219,8.319999694824219,8.319999694824219,8.32800006866455,8.32800006866455,8.32800006866455,8.32800006866455,8.336000442504883,8.343999862670898,8.35200023651123,8.359999656677246,8.343999862670898,8.343999862670898,10.359999656677246,10.359999656677246,10.359999656677246,inf,inf,inf,inf,inf,inf,inf,inf,inf,inf,inf,inf,inf,inf,inf,inf,inf,inf,inf,inf,3.7960000038146973,3.7960000038146973,3.7960000038146973,3.7960000038146973,3.7960000038146973,3.74399995803833,3.74399995803833,3.740000009536743,3.74399995803833,3.747999906539917,3.74399995803833,3.747999906539917,3.747999906539917,3.747999906539917,2.927999973297119,2.864000082015991,2.864000082015991,2.864000082015991,2.7960000038146973,2.7279999256134033,2.6760001182556152,2.619999885559082,2.559999942779541,2.51200008392334,2.4560000896453857,2.3919999599456787,2.3559999465942383,2.3559999465942383,2.3239998817443848,2.2920000553131104,2.180000066757202,2.180000066757202,2.128000020980835,2.128000020980835,2.1040000915527344,2.068000078201294,2.068000078201294,2.0280001163482666,1.9919999837875366,1.968000054359436,1.944000005722046,1.9079999923706055,1.8819999694824219,1.8619999885559082,1.8359999656677246,1.8140000104904175,1.8140000104904175,1.805999994277954,1.8020000457763672,1.7960000038146973,1.7860000133514404,1.7640000581741333,1.7419999837875366,1.7239999771118164,1.7239999771118164,1.7039999961853027,1.684000015258789,1.6660000085830688,1.6440000534057617,1.5260000228881836,1.5260000228881836,1.50600004196167,1.4900000095367432,1.4800000190734863,1.4800000190734863,inf,inf,1.4140000343322754,1.4140000343322754,1.4140000343322754,1.4140000343322754,1.4140000343322754,1.399999976158142,1.399999976158142,1.399999976158142,...,0.0,0.0,47.0,47.0,47.0,47.0,47.0,47.0,47.0,47.0,0.0,0.0,0.0,0.0,0.0,0.0,0.0,0.0,0.0,0.0,0.0,0.0,0.0,0.0,0.0,0.0,0.0,0.0,0.0,0.0,0.0,0.0,0.0,0.0,0.0,0.0,0.0,0.0,0.0,0.0,0.0,0.0,0.0,0.0,0.0,0.0,0.0,0.0,0.0,0.0,0.0,0.0,0.0,0.0,0.0,0.0,0.0,0.0,0.0,0.0,0.0,0.0,0.0,0.0,0.0,0.0,0.0,0.0,0.0,0.0,0.0,0.0,0.0,0.0,0.0,0.0,0.0,0.0,0.0,0.0,0.0,0.0,0.0,0.0,0.0,0.0,0.0,0.0,0.0,0.0,0.0,47.0,47.0,47.0,47.0,47.0,0.0,0.0,0.0,0.0,0.0,0.0,0.0,0.0,0.0,0.0,0.0,0.0,0.0,0.0,0.0,0.0,0.0,0.0,0.0,0.0,0.0,0.0,0.0,0.0,0.0,0.0,0.0,47.0,47.0,47.0,47.0,47.0,...
1763031241,657579753,laser,-3.1241390705108643,3.1415927410125732,0.0034828970674425364,5.3793370170751587e-05,0.09677427262067795,0.15000000596046448,16.0,9.871999740600586,9.871999740600586,9.871999740600586,9.855999946594238,inf,inf,8.319999694824219,8.319999694824219,8.319999694824219,8.319999694824219,8.319999694824219,8.32800006866455,8.32800006866455,8.319999694824219,8.32800006866455,8.32800006866455,8.319999694824219,8.319999694824219,8.319999694824219,8.319999694824219,8.32800006866455,8.32800006866455,8.319999694824219,8.336000442504883,8.336000442504883,8.343999862670898,8.336000442504883,8.35200023651123,8.35200023651123,10.456000328063965,10.456000328063965,10.456000328063965,inf,inf,inf,inf,inf,inf,inf,inf,inf,inf,inf,inf,inf,inf,inf,inf,inf,inf,3.8440001010894775,3.8440001010894775,3.8440001010894775,3.8440001010894775,3.8440001010894775,3.7720000743865967,3.7720000743865967,3.7720000743865967,3.7720000743865967,3.74399995803833,3.7360000610351562,3.7360000610351562,3.74399995803833,3.74399995803833,3.752000093460083,3.747999906539917,2.884000062942505,2.884000062942505,2.884000062942505,2.828000068664551,2.828000068664551,2.7720000743865967,2.7160000801086426,2.6519999504089355,2.6040000915527344,2.6040000915527344,2.48799991607666,2.48799991607666,2.447999954223633,2.384000062942505,2.3440001010894775,2.25600004196167,2.2320001125335693,2.2320001125335693,2.196000099182129,2.196000099182129,2.1519999504089355,2.1040000915527344,2.0799999237060547,2.052000045776367,2.0199999809265137,1.9900000095367432,1.968000054359436,1.9420000314712524,1.9420000314712524,1.9259999990463257,1.9179999828338623,1.909999966621399,1.8940000534057617,1.8700000047683716,1.8459999561309814,1.8300000429153442,1.8300000429153442,1.809999942779541,1.784000039100647,1.7580000162124634,1.7319999933242798,1.7100000381469727,1.694000005722046,1.6740000247955322,1.6740000247955322,1.6519999504089355,1.50600004196167,1.50600004196167,1.50600004196167,1.496000051498413,1.4859999418258667,inf,inf,inf,inf,1.4019999504089355,1.4019999504089355,1.4019999504089355,1.4019999504089355,1.4019999504089355,1.3860000371932983,1.3860000371932983,...,47.0,47.0,47.0,47.0,47.0,47.0,47.0,47.0,47.0,47.0,47.0,47.0,0.0,0.0,0.0,0.0,0.0,0.0,0.0,0.0,0.0,0.0,0.0,0.0,0.0,0.0,0.0,0.0,0.0,0.0,0.0,0.0,0.0,0.0,0.0,0.0,0.0,0.0,0.0,0.0,0.0,0.0,0.0,0.0,0.0,0.0,0.0,0.0,0.0,0.0,0.0,0.0,0.0,0.0,0.0,0.0,0.0,0.0,0.0,0.0,0.0,0.0,0.0,0.0,0.0,0.0,0.0,0.0,0.0,0.0,0.0,0.0,0.0,0.0,0.0,0.0,0.0,0.0,0.0,0.0,0.0,0.0,0.0,0.0,0.0,0.0,0.0,0.0,0.0,47.0,47.0,47.0,47.0,47.0,0.0,0.0,0.0,0.0,0.0,0.0,0.0,0.0,0.0,0.0,0.0,0.0,47.0,47.0,47.0,47.0,47.0,0.0,0.0,0.0,0.0,0.0,0.0,0.0,0.0,0.0,0.0,0.0,0.0,0.0,0.0,0.0,0.0,0.0,...
1763031241,755767474,laser,-3.1241390705108643,3.1415927410125732,0.0034828970674425364,5.386974589782767e-05,0.09691166877746582,0.15000000596046448,16.0,9.95199966430664,9.895999908447266,9.871999740600586,9.880000114440918,inf,inf,8.319999694824219,8.319999694824219,8.319999694824219,8.319999694824219,8.319999694824219,8.32800006866455,8.319999694824219,8.312000274658203,8.312000274658203,8.319999694824219,8.32800006866455,8.319999694824219,8.319999694824219,8.319999694824219,8.319999694824219,8.319999694824219,8.32800006866455,8.32800006866455,8.336000442504883,8.336000442504883,8.343999862670898,8.35200023651123,8.35200023651123,8.35200023651123,9.95199966430664,9.95199966430664,inf,inf,inf,inf,inf,inf,inf,inf,inf,inf,inf,inf,inf,inf,inf,inf,inf,inf,inf,inf,3.7679998874664307,3.7679998874664307,3.7679998874664307,3.7679998874664307,3.7679998874664307,3.74399995803833,3.74399995803833,3.74399995803833,3.7320001125335693,3.7360000610351562,3.7360000610351562,3.74399995803833,3.747999906539917,3.747999906539917,2.888000011444092,2.888000011444092,2.888000011444092,2.888000011444092,2.828000068664551,2.759999990463257,2.759999990463257,2.6480000019073486,2.6480000019073486,2.5959999561309814,2.5360000133514404,2.4760000705718994,2.436000108718872,2.384000062942505,2.3399999141693115,2.299999952316284,2.24399995803833,2.24399995803833,2.196000099182129,2.196000099182129,2.1480000019073486,2.1040000915527344,2.0799999237060547,2.052000045776367,2.0199999809265137,1.9900000095367432,1.968000054359436,1.968000054359436,1.9479999542236328,1.934000015258789,1.9279999732971191,1.9119999408721924,1.8940000534057617,1.8700000047683716,1.8459999561309814,1.8279999494552612,1.8279999494552612,1.805999994277954,1.777999997138977,1.7580000162124634,1.7319999933242798,1.7100000381469727,1.690000057220459,1.6660000085830688,1.6660000085830688,1.649999976158142,1.531999945640564,1.531999945640564,1.50600004196167,1.496000051498413,1.4859999418258667,1.468000054359436,inf,1.4299999475479126,1.4299999475479126,1.4299999475479126,1.4299999475479126,1.4299999475479126,1.399999976158142,1.399999976158142,1.399999976158142,1.3860000371932983,...,0.0,0.0,0.0,0.0,47.0,47.0,47.0,47.0,47.0,47.0,47.0,0.0,0.0,0.0,0.0,0.0,0.0,0.0,0.0,0.0,0.0,0.0,0.0,0.0,0.0,0.0,0.0,0.0,0.0,0.0,0.0,0.0,0.0,0.0,0.0,0.0,0.0,0.0,0.0,0.0,0.0,0.0,0.0,0.0,0.0,0.0,0.0,0.0,0.0,0.0,0.0,0.0,0.0,0.0,0.0,0.0,0.0,0.0,0.0,0.0,0.0,0.0,0.0,0.0,0.0,0.0,0.0,0.0,0.0,0.0,0.0,0.0,0.0,0.0,0.0,0.0,0.0,0.0,0.0,0.0,0.0,0.0,0.0,0.0,0.0,0.0,0.0,0.0,0.0,47.0,47.0,47.0,47.0,47.0,0.0,0.0,0.0,0.0,0.0,0.0,0.0,0.0,0.0,0.0,0.0,0.0,0.0,0.0,0.0,0.0,0.0,0.0,0.0,0.0,0.0,0.0,0.0,0.0,0.0,0.0,0.0,0.0,0.0,0.0,0.0,47.0,47.0,47.0,...
1763031241,854209103,laser,-3.1241390705108643,3.1415927410125732,0.0034828970674425364,5.375676119001582e-05,0.09670840948820114,0.15000000596046448,16.0,9.887999534606934,9.887999534606934,9.86400032043457,9.871999740600586,8.312000274658203,8.312000274658203,8.312000274658203,8.312000274658203,8.312000274658203,8.319999694824219,8.319999694824219,8.319999694824219,8.312000274658203,8.312000274658203,8.312000274658203,8.32800006866455,8.32800006866455,8.319999694824219,8.312000274658203,8.319999694824219,8.319999694824219,8.312000274658203,8.319999694824219,8.32800006866455,8.336000442504883,8.336000442504883,8.336000442504883,8.336000442504883,8.359999656677246,8.37600040435791,10.02400016784668,10.02400016784668,10.288000106811523,inf,inf,inf,inf,inf,inf,inf,inf,inf,inf,inf,inf,inf,inf,inf,inf,inf,inf,3.815999984741211,3.815999984741211,3.815999984741211,3.815999984741211,3.815999984741211,3.759999990463257,3.759999990463257,3.759999990463257,3.75600004196167,3.75600004196167,3.752000093460083,3.74399995803833,3.747999906539917,3.747999906539917,3.752000093460083,2.931999921798706,2.931999921798706,2.931999921798706,2.884000062942505,2.819999933242798,2.819999933242798,2.740000009536743,2.687999963760376,2.631999969482422,2.5759999752044678,2.5439999103546143,2.4839999675750732,2.427999973297119,2.375999927520752,2.3399999141693115,2.3399999141693115,2.303999900817871,2.196000099182129,2.196000099182129,2.184000015258789,2.135999917984009,2.1040000915527344,2.0759999752044678,2.0399999618530273,1.99399995803833,1.9700000286102295,1.9700000286102295,1.944000005722046,1.909999966621399,1.8860000371932983,1.8660000562667847,1.843999981880188,1.8259999752044678,1.815999984741211,1.815999984741211,1.805999994277954,1.7999999523162842,1.7899999618530273,1.7699999809265137,1.753999948501587,1.7319999933242798,1.7079999446868896,1.687999963760376,1.687999963760376,1.6660000085830688,1.6480000019073486,1.5260000228881836,1.50600004196167,1.50600004196167,1.4900000095367432,1.4800000190734863,1.468000054359436,1.468000054359436,1.468000054359436,1.4299999475479126,1.4299999475479126,1.4299999475479126,1.3980000019073486,1.3980000019073486,1.3980000019073486,1.3819999694824219,1.3819999694824219,...,0.0,0.0,47.0,47.0,47.0,47.0,47.0,47.0,47.0,47.0,0.0,0.0,0.0,0.0,0.0,0.0,0.0,0.0,0.0,0.0,0.0,0.0,0.0,0.0,0.0,0.0,0.0,0.0,0.0,0.0,0.0,0.0,0.0,0.0,0.0,0.0,0.0,0.0,0.0,0.0,0.0,0.0,0.0,0.0,0.0,0.0,0.0,0.0,0.0,0.0,0.0,0.0,0.0,0.0,0.0,0.0,0.0,0.0,0.0,0.0,0.0,0.0,0.0,0.0,0.0,0.0,0.0,0.0,0.0,0.0,0.0,0.0,0.0,0.0,0.0,0.0,0.0,0.0,0.0,0.0,0.0,0.0,0.0,0.0,0.0,0.0,0.0,0.0,0.0,0.0,0.0,47.0,47.0,47.0,47.0,47.0,0.0,0.0,0.0,0.0,0.0,0.0,0.0,0.0,0.0,0.0,0.0,0.0,0.0,0.0,0.0,0.0,0.0,0.0,0.0,0.0,0.0,0.0,0.0,0.0,0.0,0.0,0.0,47.0,47.0,47.0,47.0,47.0,...
1763031241,952473470,laser,-3.1241390705108643,3.1415927410125732,0.0034828970674425364,5.375816544983536e-05,0.0967109352350235,0.15000000596046448,16.0,9.935999870300293,9.880000114440918,9.855999946594238,9.871999740600586,9.871999740600586,inf,inf,8.312000274658203,8.312000274658203,8.312000274658203,8.312000274658203,8.312000274658203,8.32800006866455,8.319999694824219,8.319999694824219,8.319999694824219,8.319999694824219,8.312000274658203,8.312000274658203,8.312000274658203,8.319999694824219,8.319999694824219,8.319999694824219,8.32800006866455,8.336000442504883,8.336000442504883,8.336000442504883,8.343999862670898,8.35200023651123,8.37600040435791,inf,inf,inf,inf,inf,inf,inf,inf,inf,inf,inf,inf,inf,inf,inf,inf,inf,inf,inf,inf,inf,inf,inf,inf,3.7960000038146973,3.7960000038146973,3.7960000038146973,3.7960000038146973,3.7960000038146973,3.74399995803833,3.752000093460083,3.752000093460083,3.747999906539917,3.747999906539917,3.74399995803833,3.74399995803833,3.747999906539917,2.931999921798706,2.868000030517578,2.868000030517578,2.868000030517578,2.803999900817871,2.7360000610351562,2.6640000343322754,2.611999988555908,2.559999942779541,2.503999948501587,2.503999948501587,2.3959999084472656,2.3959999084472656,2.359999895095825,2.3239998817443848,2.299999952316284,2.171999931335449,2.171999931335449,2.1679999828338623,2.131999969482422,2.1040000915527344,2.1040000915527344,2.063999891281128,2.0280001163482666,2.002000093460083,1.9800000190734863,1.9479999542236328,1.9160000085830688,1.9019999504089355,1.8980000019073486,1.8980000019073486,1.8880000114440918,1.8660000562667847,1.8539999723434448,1.8359999656677246,1.812000036239624,1.7920000553131104,1.7719999551773071,1.7719999551773071,1.7239999771118164,1.7239999771118164,1.7020000219345093,1.6799999475479126,1.659999966621399,1.6339999437332153,1.5180000066757202,1.5180000066757202,1.503999948501587,1.4880000352859497,1.4739999771118164,1.4739999771118164,inf,inf,inf,1.4079999923706055,1.4079999923706055,1.4079999923706055,1.4079999923706055,1.4079999923706055,1.3960000276565552,1.3960000276565552,...,0.0,0.0,0.0,0.0,47.0,47.0,47.0,47.0,47.0,47.0,47.0,0.0,0.0,0.0,0.0,0.0,0.0,0.0,0.0,0.0,0.0,0.0,0.0,0.0,0.0,0.0,0.0,0.0,0.0,0.0,0.0,0.0,0.0,0.0,0.0,0.0,0.0,0.0,0.0,0.0,0.0,0.0,0.0,0.0,0.0,0.0,0.0,0.0,0.0,0.0,0.0,0.0,0.0,0.0,0.0,0.0,0.0,0.0,0.0,0.0,0.0,0.0,0.0,0.0,0.0,0.0,0.0,0.0,0.0,0.0,0.0,0.0,0.0,0.0,0.0,0.0,0.0,0.0,0.0,0.0,0.0,0.0,0.0,0.0,0.0,0.0,0.0,0.0,0.0,0.0,0.0,0.0,0.0,0.0,0.0,0.0,0.0,0.0,0.0,0.0,0.0,0.0,0.0,0.0,0.0,0.0,0.0,0.0,0.0,0.0,0.0,0.0,0.0,0.0,0.0,0.0,0.0,0.0,0.0,0.0,0.0,0.0,0.0,0.0,0.0,0.0,0.0,0.0,...
1763031242,50633111,laser,-3.1241390705108643,3.1415927410125732,0.0034828970674425364,5.383203460951336e-05,0.09684383124113083,0.15000000596046448,16.0,9.855999946594238,9.855999946594238,9.855999946594238,9.847999572753906,inf,inf,8.319999694824219,8.319999694824219,8.319999694824219,8.319999694824219,8.319999694824219,8.319999694824219,8.319999694824219,8.312000274658203,8.319999694824219,8.32800006866455,8.32800006866455,8.32800006866455,8.312000274658203,8.303999900817871,8.319999694824219,8.312000274658203,8.312000274658203,8.312000274658203,8.336000442504883,8.343999862670898,8.336000442504883,8.343999862670898,8.35200023651123,10.336000442504883,10.336000442504883,10.336000442504883,inf,inf,inf,inf,inf,inf,inf,inf,inf,inf,inf,inf,inf,inf,inf,inf,inf,inf,inf,inf,inf,3.815999984741211,3.815999984741211,3.815999984741211,3.815999984741211,3.815999984741211,3.7679998874664307,3.740000009536743,3.7320001125335693,3.7360000610351562,3.74399995803833,3.74399995803833,3.752000093460083,3.752000093460083,2.8959999084472656,2.8959999084472656,2.8359999656677246,2.8359999656677246,2.8359999656677246,2.7720000743865967,2.7079999446868896,2.6519999504089355,2.5999999046325684,2.5999999046325684,2.5399999618530273,2.4800000190734863,2.436000108718872,2.3959999084472656,2.3519999980926514,2.299999952316284,2.2720000743865967,2.24399995803833,2.24399995803833,2.196000099182129,2.1640000343322754,2.131999969482422,2.0880000591278076,2.053999900817871,2.0320000648498535,2.0220000743865967,2.0139999389648438,1.99399995803833,1.99399995803833,1.9780000448226929,1.9600000381469727,1.9359999895095825,1.9119999408721924,1.8860000371932983,1.8580000400543213,1.8339999914169312,1.809999942779541,1.809999942779541,1.784000039100647,1.7599999904632568,1.7359999418258667,1.715999960899353,1.6979999542236328,1.6759999990463257,1.656000018119812,1.656000018119812,1.5299999713897705,1.5080000162124634,1.5,1.5,1.4880000352859497,1.4739999771118164,inf,inf,inf,inf,inf,1.4019999504089355,1.4019999504089355,1.4019999504089355,1.4019999504089355,1.4019999504089355,...,47.0,47.0,47.0,47.0,47.0,47.0,47.0,47.0,47.0,47.0,47.0,47.0,0.0,0.0,0.0,0.0,0.0,0.0,0.0,0.0,0.0,0.0,0.0,0.0,0.0,0.0,0.0,0.0,0.0,0.0,0.0,0.0,0.0,0.0,0.0,0.0,0.0,0.0,0.0,0.0,0.0,0.0,0.0,0.0,0.0,0.0,0.0,0.0,0.0,0.0,0.0,0.0,0.0,0.0,0.0,0.0,0.0,0.0,0.0,0.0,0.0,0.0,0.0,0.0,0.0,0.0,0.0,0.0,0.0,0.0,0.0,0.0,0.0,0.0,0.0,0.0,0.0,0.0,0.0,0.0,0.0,0.0,0.0,0.0,0.0,0.0,0.0,0.0,0.0,0.0,0.0,0.0,0.0,0.0,0.0,0.0,0.0,0.0,0.0,0.0,0.0,0.0,0.0,0.0,0.0,0.0,0.0,0.0,0.0,0.0,0.0,0.0,0.0,0.0,0.0,0.0,0.0,0.0,0.0,0.0,0.0,0.0,0.0,0.0,0.0,0.0,0.0,0.0,...
1763031242,149155696,laser,-3.1241390705108643,3.1415927410125732,0.0034828970674425364,5.369523569243029e-05,0.09659773111343384,0.15000000596046448,16.0,9.895999908447266,9.895999908447266,9.871999740600586,9.880000114440918,inf,8.312000274658203,8.312000274658203,8.312000274658203,8.312000274658203,8.312000274658203,8.32800006866455,8.32800006866455,8.319999694824219,8.319999694824219,8.319999694824219,8.32800006866455,8.319999694824219,8.312000274658203,8.312000274658203,8.319999694824219,8.312000274658203,8.312000274658203,8.32800006866455,8.336000442504883,8.336000442504883,8.32800006866455,8.343999862670898,8.359999656677246,8.359999656677246,8.35200023651123,9.815999984741211,10.423999786376953,10.423999786376953,10.423999786376953,inf,inf,inf,inf,inf,inf,inf,inf,inf,inf,inf,inf,inf,inf,inf,inf,inf,3.7880001068115234,3.7880001068115234,3.7880001068115234,3.7880001068115234,3.7880001068115234,3.740000009536743,3.740000009536743,3.740000009536743,3.740000009536743,3.74399995803833,3.747999906539917,3.74399995803833,3.74399995803833,3.747999906539917,3.747999906539917,2.927999973297119,2.927999973297119,2.927999973297119,2.927999973297119,2.8519999980926514,2.7880001068115234,2.7320001125335693,2.6640000343322754,2.611999988555908,2.559999942779541,2.5,2.5,2.4079999923706055,2.4079999923706055,2.359999895095825,2.328000068664551,2.303999900817871,2.184000015258789,2.184000015258789,2.180000066757202,2.131999969482422,2.111999988555908,2.111999988555908,2.003999948501587,2.003999948501587,2.003999948501587,1.9800000190734863,1.9479999542236328,1.9160000085830688,1.8960000276565552,1.8839999437332153,1.871999979019165,1.8580000400543213,1.8580000400543213,1.850000023841858,1.8339999914169312,1.812000036239624,1.7879999876022339,1.7660000324249268,1.7660000324249268,1.7239999771118164,1.7239999771118164,1.7020000219345093,1.6820000410079956,1.659999966621399,1.6399999856948853,1.5240000486373901,1.503999948501587,1.503999948501587,1.4880000352859497,1.4759999513626099,inf,inf,inf,inf,inf,1.4119999408721924,1.4119999408721924,1.4119999408721924,1.4119999408721924,1.4119999408721924,1.3980000019073486,...,47.0,47.0,47.0,47.0,47.0,47.0,47.0,47.0,47.0,47.0,47.0,47.0,47.0,0.0,0.0,0.0,0.0,0.0,0.0,0.0,0.0,0.0,0.0,0.0,0.0,0.0,0.0,0.0,0.0,0.0,0.0,0.0,0.0,0.0,0.0,0.0,0.0,0.0,0.0,0.0,0.0,0.0,0.0,0.0,0.0,0.0,0.0,0.0,0.0,0.0,0.0,0.0,0.0,0.0,0.0,0.0,0.0,0.0,0.0,0.0,0.0,0.0,0.0,0.0,0.0,0.0,0.0,0.0,0.0,0.0,0.0,0.0,0.0,0.0,0.0,0.0,0.0,0.0,0.0,0.0,0.0,0.0,0.0,0.0,0.0,0.0,0.0,0.0,0.0,0.0,47.0,47.0,47.0,47.0,47.0,0.0,0.0,0.0,0.0,0.0,0.0,0.0,0.0,0.0,0.0,0.0,0.0,0.0,0.0,0.0,0.0,0.0,0.0,0.0,0.0,0.0,0.0,0.0,0.0,0.0,0.0,0.0,0.0,0.0,0.0,0.0,0.0,0.0,...
1763031242,247275869,laser,-3.1241390705108643,3.1415927410125732,0.0034828970674425364,5.3746385674458e-05,0.09668974578380585,0.15000000596046448,16.0,9.904000282287598,9.904000282287598,9.855999946594238,9.871999740600586,inf,inf,inf,8.319999694824219,8.319999694824219,8.319999694824219,8.319999694824219,8.319999694824219,8.319999694824219,8.312000274658203,8.32800006866455,8.32800006866455,8.32800006866455,8.319999694824219,8.312000274658203,8.303999900817871,8.312000274658203,8.312000274658203,8.312000274658203,8.319999694824219,8.336000442504883,8.336000442504883,8.343999862670898,8.359999656677246,8.359999656677246,8.359999656677246,9.800000190734863,9.800000190734863,9.911999702453613,inf,inf,inf,inf,inf,inf,inf,inf,inf,inf,inf,inf,inf,inf,4.0960001945495605,4.0960001945495605,4.0960001945495605,4.0960001945495605,4.0960001945495605,inf,inf,3.7880001068115234,3.7880001068115234,3.7880001068115234,3.7880001068115234,3.7880001068115234,3.740000009536743,3.7360000610351562,3.7360000610351562,3.74399995803833,3.74399995803833,3.74399995803833,3.747999906539917,2.8399999141693115,2.8399999141693115,2.8399999141693115,2.7880001068115234,2.7880001068115234,2.7880001068115234,2.7279999256134033,2.6640000343322754,2.611999988555908,2.563999891281128,2.563999891281128,2.507999897003174,2.380000114440918,2.3480000495910645,2.3480000495910645,2.315999984741211,2.2920000553131104,2.184000015258789,2.184000015258789,2.1640000343322754,2.128000020980835,2.128000020980835,2.0999999046325684,2.063999891281128,2.0299999713897705,1.996000051498413,1.972000002861023,1.9479999542236328,1.909999966621399,1.909999966621399,1.8700000047683716,1.8700000047683716,1.8580000400543213,1.843999981880188,1.8420000076293945,1.8320000171661377,1.812000036239624,1.7879999876022339,1.7879999876022339,1.7619999647140503,1.7400000095367432,1.722000002861023,1.7020000219345093,1.6820000410079956,1.659999966621399,1.6360000371932983,1.5180000066757202,1.5180000066757202,1.5,1.4880000352859497,1.4880000352859497,1.4759999513626099,inf,inf,inf,1.4079999923706055,1.4079999923706055,1.4079999923706055,1.4079999923706055,1.4079999923706055,1.3940000534057617,1.3940000534057617,...,0.0,0.0,0.0,47.0,47.0,47.0,47.0,47.0,47.0,47.0,0.0,0.0,0.0,0.0,0.0,0.0,0.0,0.0,0.0,47.0,47.0,47.0,47.0,47.0,0.0,0.0,0.0,0.0,0.0,0.0,0.0,0.0,0.0,0.0,0.0,0.0,0.0,0.0,0.0,0.0,0.0,0.0,0.0,0.0,0.0,0.0,0.0,0.0,0.0,0.0,0.0,0.0,0.0,0.0,0.0,0.0,0.0,0.0,0.0,0.0,0.0,0.0,0.0,0.0,0.0,0.0,0.0,0.0,0.0,0.0,47.0,47.0,47.0,47.0,47.0,0.0,0.0,0.0,0.0,0.0,0.0,0.0,0.0,0.0,0.0,0.0,0.0,0.0,0.0,0.0,0.0,47.0,47.0,47.0,47.0,47.0,0.0,0.0,0.0,0.0,0.0,0.0,0.0,0.0,0.0,0.0,0.0,0.0,0.0,0.0,0.0,0.0,0.0,0.0,0.0,0.0,0.0,0.0,0.0,0.0,0.0,0.0,0.0,0.0,0.0,0.0,0.0,0.0,...
1763031242,345458374,laser,-3.1241390705108643,3.1415927410125732,0.0034828970674425364,5.380735456128605e-05,0.09679943323135376,0.15000000596046448,16.0,9.895999908447266,9.895999908447266,9.855999946594238,9.871999740600586,inf,inf,8.312000274658203,8.312000274658203,8.312000274658203,8.312000274658203,8.312000274658203,8.32800006866455,8.319999694824219,8.312000274658203,8.312000274658203,8.32800006866455,8.32800006866455,8.32800006866455,8.32800006866455,8.319999694824219,8.319999694824219,8.319999694824219,8.319999694824219,8.319999694824219,8.336000442504883,8.336000442504883,8.343999862670898,8.359999656677246,8.359999656677246,8.359999656677246,9.895999908447266,9.895999908447266,10.319999694824219,10.319999694824219,inf,inf,inf,inf,inf,inf,inf,inf,inf,inf,inf,inf,inf,inf,inf,inf,inf,inf,3.752000093460083,3.752000093460083,3.752000093460083,3.752000093460083,3.752000093460083,3.74399995803833,3.74399995803833,3.74399995803833,3.74399995803833,3.74399995803833,3.74399995803833,3.74399995803833,3.747999906539917,3.752000093460083,3.752000093460083,2.880000114440918,2.880000114440918,2.880000114440918,2.880000114440918,2.7320001125335693,2.7320001125335693,2.6679999828338623,2.619999885559082,2.563999891281128,2.503999948501587,2.4600000381469727,2.4159998893737793,2.364000082015991,2.364000082015991,2.328000068664551,2.2920000553131104,2.200000047683716,2.187999963760376,2.187999963760376,2.1440000534057617,2.1080000400543213,2.0880000591278076,2.0880000591278076,2.052000045776367,2.0280001163482666,2.007999897003174,1.9900000095367432,1.9780000448226929,1.9639999866485596,1.9459999799728394,1.9259999990463257,1.9259999990463257,1.8960000276565552,1.8700000047683716,1.8480000495910645,1.8259999752044678,1.7999999523162842,1.7740000486373901,1.7519999742507935,1.7300000190734863,1.7079999446868896,1.7079999446868896,1.6859999895095825,1.6640000343322754,1.6460000276565552,1.5160000324249268,1.5160000324249268,1.5080000162124634,1.496000051498413,1.4859999418258667,inf,inf,1.4359999895095825,1.4359999895095825,1.4359999895095825,1.4359999895095825,1.4359999895095825,1.4119999408721924,1.4119999408721924,1.4119999408721924,1.4119999408721924,...,47.0,47.0,47.0,47.0,47.0,47.0,47.0,47.0,47.0,47.0,47.0,0.0,0.0,0.0,0.0,0.0,0.0,47.0,47.0,47.0,47.0,47.0,0.0,0.0,0.0,0.0,0.0,0.0,0.0,0.0,0.0,0.0,0.0,0.0,0.0,0.0,0.0,0.0,0.0,0.0,0.0,0.0,0.0,0.0,0.0,0.0,0.0,0.0,0.0,0.0,0.0,0.0,0.0,0.0,0.0,0.0,0.0,0.0,0.0,0.0,0.0,0.0,0.0,0.0,0.0,0.0,0.0,0.0,0.0,0.0,0.0,0.0,0.0,0.0,0.0,0.0,0.0,0.0,0.0,0.0,0.0,0.0,0.0,0.0,0.0,0.0,0.0,0.0,0.0,47.0,47.0,47.0,47.0,47.0,0.0,0.0,0.0,0.0,0.0,0.0,0.0,0.0,0.0,0.0,0.0,0.0,0.0,0.0,0.0,0.0,0.0,0.0,0.0,0.0,0.0,0.0,0.0,0.0,0.0,0.0,0.0,0.0,0.0,0.0,0.0,47.0,47.0,47.0,...
1763031242,443983977,laser,-3.1241390705108643,3.1415927410125732,0.0034828970674425364,5.711340418201871e-05,0.10274700820446014,0.15000000596046448,16.0,9.871999740600586,9.871999740600586,9.847999572753906,9.847999572753906,8.319999694824219,8.319999694824219,8.319999694824219,8.319999694824219,8.319999694824219,8.319999694824219,8.319999694824219,8.319999694824219,8.319999694824219,8.312000274658203,8.32800006866455,8.32800006866455,8.32800006866455,8.32800006866455,8.312000274658203,8.303999900817871,8.312000274658203,8.312000274658203,8.319999694824219,8.32800006866455,8.32800006866455,8.336000442504883,8.32800006866455,8.343999862670898,8.35200023651123,8.447999954223633,10.53600025177002,10.53600025177002,10.53600025177002,10.53600025177002,inf,inf,inf,inf,inf,inf,inf,inf,inf,inf,inf,inf,inf,inf,inf,inf,inf,inf,inf,3.752000093460083,3.752000093460083,3.752000093460083,3.752000093460083,3.752000093460083,3.74399995803833,3.74399995803833,3.74399995803833,3.74399995803833,3.7360000610351562,3.740000009536743,3.747999906539917,3.752000093460083,2.880000114440918,2.880000114440918,2.8239998817443848,2.8239998817443848,2.8239998817443848,2.8239998817443848,2.75600004196167,2.684000015258789,2.635999917984009,2.5959999561309814,2.5320000648498535,2.4719998836517334,2.427999973297119,2.375999927520752,2.3320000171661377,2.3320000171661377,2.2880001068115234,2.240000009536743,2.2119998931884766,2.187999963760376,2.140000104904175,2.1040000915527344,2.0759999752044678,2.052000045776367,2.052000045776367,2.0199999809265137,1.9900000095367432,1.9639999866485596,1.940000057220459,1.9240000247955322,1.9140000343322754,1.899999976158142,1.899999976158142,1.8700000047683716,1.8700000047683716,1.8459999561309814,1.8259999752044678,1.7999999523162842,1.7760000228881836,1.753999948501587,1.7300000190734863,1.7079999446868896,1.690000057220459,1.690000057220459,1.6679999828338623,1.6460000276565552,1.534000039100647,1.534000039100647,1.5080000162124634,1.496000051498413,1.4859999418258667,1.468000054359436,inf,inf,inf,inf,inf,inf,1.399999976158142,1.399999976158142,1.399999976158142,1.399999976158142,...,0.0,47.0,47.0,47.0,47.0,47.0,47.0,47.0,47.0,47.0,0.0,0.0,0.0,0.0,0.0,0.0,0.0,0.0,0.0,0.0,0.0,0.0,0.0,0.0,0.0,0.0,0.0,0.0,0.0,0.0,0.0,0.0,0.0,0.0,0.0,0.0,0.0,0.0,0.0,0.0,0.0,0.0,0.0,0.0,0.0,0.0,0.0,0.0,0.0,0.0,0.0,0.0,0.0,0.0,0.0,0.0,0.0,0.0,0.0,0.0,0.0,0.0,0.0,0.0,0.0,0.0,0.0,0.0,0.0,0.0,0.0,0.0,0.0,0.0,0.0,0.0,0.0,0.0,0.0,0.0,0.0,0.0,0.0,0.0,0.0,0.0,0.0,0.0,0.0,0.0,0.0,0.0,0.0,0.0,0.0,0.0,0.0,0.0,0.0,0.0,0.0,0.0,0.0,0.0,0.0,0.0,0.0,0.0,0.0,0.0,0.0,0.0,0.0,0.0,0.0,0.0,0.0,0.0,0.0,0.0,0.0,0.0,0.0,0.0,0.0,0.0,0.0,0.0,...
1763031242,548333149,laser,-3.1241390705108643,3.1415927410125732,0.0034828970674425364,5.370931467041373e-05,0.09662305563688278,0.15000000596046448,16.0,9.880000114440918,9.880000114440918,9.847999572753906,9.831999778747559,9.831999778747559,8.319999694824219,8.319999694824219,8.319999694824219,8.319999694824219,8.319999694824219,8.32800006866455,8.32800006866455,8.32800006866455,8.319999694824219,8.32800006866455,8.32800006866455,8.32800006866455,8.319999694824219,8.319999694824219,8.303999900817871,8.312000274658203,8.312000274658203,8.319999694824219,8.32800006866455,8.336000442504883,8.336000442504883,8.32800006866455,8.336000442504883,8.368000030517578,8.368000030517578,10.496000289916992,inf,inf,inf,inf,inf,inf,inf,inf,inf,inf,inf,inf,inf,inf,inf,inf,inf,inf,inf,inf,inf,inf,3.812000036239624,3.812000036239624,3.812000036239624,3.812000036239624,3.812000036239624,3.75600004196167,3.747999906539917,3.747999906539917,3.740000009536743,3.7360000610351562,3.74399995803833,3.747999906539917,3.752000093460083,2.880000114440918,2.880000114440918,2.8359999656677246,2.8359999656677246,2.8359999656677246,2.8359999656677246,2.7679998874664307,2.687999963760376,2.635999917984009,2.5959999561309814,2.5360000133514404,2.4760000705718994,2.4240000247955322,2.375999927520752,2.3320000171661377,2.3320000171661377,2.2920000553131104,2.240000009536743,2.2119998931884766,2.187999963760376,2.140000104904175,2.1040000915527344,2.0759999752044678,2.052000045776367,2.052000045776367,2.0139999389648438,1.9819999933242798,1.9579999446868896,1.9220000505447388,1.8940000534057617,1.8660000562667847,1.8480000495910645,1.840000033378601,1.8259999752044678,1.8259999752044678,1.815999984741211,1.805999994277954,1.7940000295639038,1.7760000228881836,1.753999948501587,1.7300000190734863,1.7079999446868896,1.690000057220459,1.690000057220459,1.6679999828338623,1.6460000276565552,1.6119999885559082,1.5080000162124634,1.5080000162124634,1.49399995803833,1.4819999933242798,1.468000054359436,inf,inf,inf,inf,inf,inf,1.4019999504089355,1.4019999504089355,1.4019999504089355,1.4019999504089355,...,47.0,47.0,47.0,47.0,47.0,47.0,47.0,47.0,47.0,47.0,47.0,47.0,0.0,0.0,0.0,0.0,0.0,0.0,0.0,0.0,0.0,0.0,0.0,0.0,0.0,0.0,0.0,0.0,0.0,0.0,0.0,0.0,0.0,0.0,0.0,0.0,0.0,0.0,0.0,0.0,0.0,0.0,0.0,0.0,0.0,0.0,0.0,0.0,0.0,0.0,0.0,0.0,0.0,0.0,0.0,0.0,0.0,0.0,0.0,0.0,0.0,0.0,0.0,0.0,0.0,0.0,0.0,0.0,47.0,47.0,47.0,47.0,47.0,0.0,0.0,0.0,0.0,0.0,0.0,0.0,0.0,0.0,0.0,0.0,0.0,0.0,0.0,0.0,0.0,0.0,0.0,0.0,0.0,0.0,0.0,0.0,0.0,0.0,0.0,0.0,0.0,0.0,0.0,0.0,0.0,0.0,0.0,0.0,0.0,0.0,0.0,0.0,0.0,0.0,0.0,0.0,0.0,0.0,0.0,0.0,0.0,0.0,0.0,0.0,0.0,47.0,47.0,47.0,...
1763031242,646490115,laser,-3.1241390705108643,3.1415927410125732,0.0034828970674425364,5.372989835450426e-05,0.0966600850224495,0.15000000596046448,16.0,9.871999740600586,9.871999740600586,9.847999572753906,9.831999778747559,9.831999778747559,8.312000274658203,8.312000274658203,8.312000274658203,8.312000274658203,8.312000274658203,8.319999694824219,8.319999694824219,8.319999694824219,8.319999694824219,8.319999694824219,8.319999694824219,8.32800006866455,8.319999694824219,8.312000274658203,8.312000274658203,8.319999694824219,8.312000274658203,8.319999694824219,8.32800006866455,8.336000442504883,8.336000442504883,8.32800006866455,8.343999862670898,8.368000030517578,8.368000030517578,inf,inf,inf,inf,inf,inf,inf,inf,inf,inf,inf,inf,inf,inf,inf,inf,inf,inf,inf,inf,inf,inf,inf,inf,3.808000087738037,3.808000087738037,3.808000087738037,3.808000087738037,3.808000087738037,3.752000093460083,3.74399995803833,3.74399995803833,3.740000009536743,3.74399995803833,3.747999906539917,3.747999906539917,3.752000093460083,2.931999921798706,2.880000114440918,2.880000114440918,2.880000114440918,2.7320001125335693,2.671999931335449,2.671999931335449,2.624000072479248,2.568000078201294,2.5199999809265137,2.5199999809265137,2.368000030517578,2.368000030517578,2.368000030517578,2.3320000171661377,2.2960000038146973,2.187999963760376,2.187999963760376,2.187999963760376,2.140000104904175,2.1040000915527344,2.1040000915527344,2.0759999752044678,2.0480000972747803,2.0139999389648438,1.9819999933242798,1.9539999961853027,1.9279999732971191,1.9160000085830688,1.9119999408721924,1.9119999408721924,1.899999976158142,1.8819999694824219,1.8660000562667847,1.843999981880188,1.8240000009536743,1.7979999780654907,1.7719999551773071,1.7719999551773071,1.7300000190734863,1.7300000190734863,1.7079999446868896,1.687999963760376,1.6660000085830688,1.6440000534057617,1.5180000066757202,1.5180000066757202,1.50600004196167,1.49399995803833,1.4839999675750732,1.4839999675750732,1.4639999866485596,inf,1.4320000410079956,1.4320000410079956,1.4320000410079956,1.4320000410079956,1.4320000410079956,1.4119999408721924,1.4119999408721924,1.4119999408721924,...,47.0,47.0,47.0,47.0,47.0,47.0,47.0,47.0,47.0,47.0,47.0,47.0,0.0,0.0,0.0,0.0,0.0,0.0,0.0,0.0,0.0,0.0,0.0,0.0,0.0,0.0,0.0,0.0,0.0,0.0,0.0,0.0,0.0,0.0,0.0,0.0,0.0,0.0,0.0,0.0,0.0,0.0,0.0,0.0,0.0,0.0,0.0,0.0,0.0,0.0,0.0,0.0,0.0,0.0,0.0,0.0,0.0,0.0,0.0,0.0,0.0,0.0,0.0,0.0,0.0,0.0,0.0,0.0,0.0,0.0,0.0,0.0,0.0,0.0,0.0,0.0,0.0,0.0,0.0,0.0,0.0,0.0,0.0,0.0,0.0,0.0,0.0,0.0,0.0,0.0,47.0,47.0,47.0,47.0,47.0,0.0,0.0,0.0,0.0,0.0,0.0,0.0,0.0,0.0,0.0,0.0,0.0,0.0,0.0,0.0,0.0,0.0,0.0,0.0,0.0,0.0,0.0,0.0,0.0,0.0,0.0,0.0,0.0,0.0,0.0,0.0,47.0,47.0,...
1763031242,744890089,laser,-3.1241390705108643,3.1415927410125732,0.0034828970674425364,5.3698255214840174e-05,0.096603162586689,0.15000000596046448,16.0,9.86400032043457,9.86400032043457,9.847999572753906,9.847999572753906,inf,inf,8.319999694824219,8.319999694824219,8.319999694824219,8.319999694824219,8.319999694824219,8.319999694824219,8.319999694824219,8.312000274658203,8.319999694824219,8.319999694824219,8.319999694824219,8.319999694824219,8.312000274658203,8.312000274658203,8.319999694824219,8.312000274658203,8.312000274658203,8.319999694824219,8.319999694824219,8.32800006866455,8.32800006866455,8.336000442504883,8.336000442504883,10.51200008392334,10.51200008392334,10.51200008392334,inf,inf,inf,inf,inf,inf,inf,inf,inf,inf,inf,inf,inf,inf,inf,inf,inf,inf,inf,inf,inf,3.868000030517578,3.868000030517578,3.868000030517578,3.868000030517578,3.868000030517578,3.7799999713897705,3.740000009536743,3.7320001125335693,3.740000009536743,3.747999906539917,3.747999906539917,3.752000093460083,3.752000093460083,2.8919999599456787,2.8919999599456787,2.8359999656677246,2.8359999656677246,2.8359999656677246,2.7760000228881836,2.7160000801086426,2.6559998989105225,2.611999988555908,2.611999988555908,2.563999891281128,2.503999948501587,2.444000005722046,2.384000062942505,2.3480000495910645,2.2720000743865967,2.2720000743865967,2.24399995803833,2.24399995803833,2.191999912261963,2.1519999504089355,2.124000072479248,2.0880000591278076,2.062000036239624,2.0360000133514404,2.007999897003174,1.9900000095367432,1.9700000286102295,1.9700000286102295,1.9579999446868896,1.9479999542236328,1.9259999990463257,1.906000018119812,1.8819999694824219,1.8559999465942383,1.8359999656677246,1.8359999656677246,1.812000036239624,1.784000039100647,1.7580000162124634,1.7380000352859497,1.7139999866485596,1.6959999799728394,1.6799999475479126,1.6579999923706055,1.6579999923706055,1.5099999904632568,1.5099999904632568,1.5099999904632568,1.4980000257492065,1.4839999675750732,1.4759999513626099,inf,inf,inf,inf,inf,1.4040000438690186,1.4040000438690186,1.4040000438690186,1.4040000438690186,1.4040000438690186,...,47.0,47.0,47.0,47.0,47.0,47.0,47.0,47.0,47.0,47.0,47.0,47.0,0.0,0.0,0.0,0.0,0.0,47.0,47.0,47.0,47.0,47.0,0.0,0.0,0.0,0.0,0.0,0.0,0.0,0.0,0.0,0.0,0.0,0.0,0.0,0.0,0.0,0.0,0.0,0.0,0.0,0.0,0.0,0.0,0.0,0.0,0.0,0.0,0.0,0.0,0.0,0.0,0.0,0.0,0.0,0.0,0.0,0.0,0.0,0.0,0.0,0.0,0.0,0.0,0.0,0.0,0.0,0.0,0.0,0.0,0.0,0.0,0.0,0.0,0.0,0.0,0.0,0.0,0.0,0.0,0.0,0.0,0.0,0.0,0.0,0.0,0.0,0.0,0.0,0.0,0.0,0.0,0.0,0.0,0.0,0.0,0.0,0.0,0.0,0.0,0.0,0.0,0.0,0.0,0.0,0.0,0.0,0.0,0.0,0.0,0.0,0.0,0.0,0.0,0.0,0.0,0.0,0.0,0.0,0.0,0.0,0.0,0.0,0.0,0.0,0.0,0.0,0.0,...
1763031242,843312306,laser,-3.1241390705108643,3.1415927410125732,0.0034828970674425364,5.3569510782836005e-05,0.09637154638767242,0.15000000596046448,16.0,9.887999534606934,9.887999534606934,9.855999946594238,9.871999740600586,inf,8.319999694824219,8.319999694824219,8.319999694824219,8.319999694824219,8.319999694824219,8.32800006866455,8.32800006866455,8.312000274658203,8.312000274658203,8.312000274658203,8.319999694824219,8.319999694824219,8.319999694824219,8.319999694824219,8.319999694824219,8.319999694824219,8.319999694824219,8.319999694824219,8.32800006866455,8.32800006866455,8.32800006866455,8.336000442504883,8.359999656677246,8.359999656677246,8.35200023651123,10.336000442504883,10.336000442504883,10.336000442504883,10.336000442504883,inf,inf,inf,inf,inf,inf,inf,inf,inf,inf,inf,inf,inf,inf,inf,inf,inf,inf,inf,inf,3.75600004196167,3.75600004196167,3.75600004196167,3.75600004196167,3.75600004196167,3.752000093460083,3.74399995803833,3.740000009536743,3.740000009536743,3.74399995803833,3.747999906539917,3.752000093460083,2.884000062942505,2.884000062942505,2.884000062942505,2.8359999656677246,2.8359999656677246,2.7679998874664307,2.7039999961853027,2.6519999504089355,2.5920000076293945,2.5920000076293945,2.5360000133514404,2.4800000190734863,2.431999921798706,2.380000114440918,2.3320000171661377,2.2920000553131104,2.240000009536743,2.240000009536743,2.191999912261963,2.191999912261963,2.1440000534057617,2.1040000915527344,2.0799999237060547,2.0480000972747803,2.009999990463257,1.9819999933242798,1.9600000381469727,1.9600000381469727,1.9240000247955322,1.8980000019073486,1.8680000305175781,1.8459999561309814,1.8380000591278076,1.8220000267028809,1.812000036239624,1.8040000200271606,1.8040000200271606,1.7920000553131104,1.7760000228881836,1.753999948501587,1.7300000190734863,1.7120000123977661,1.6920000314712524,1.6679999828338623,1.6679999828338623,1.6480000019073486,1.496000051498413,1.496000051498413,1.496000051498413,1.496000051498413,1.4800000190734863,inf,inf,inf,inf,1.3980000019073486,1.3980000019073486,1.3980000019073486,1.3980000019073486,1.3980000019073486,1.3880000114440918,1.3880000114440918,...,0.0,47.0,47.0,47.0,47.0,47.0,47.0,47.0,47.0,47.0,47.0,47.0,47.0,0.0,0.0,0.0,0.0,0.0,47.0,47.0,47.0,47.0,47.0,0.0,0.0,0.0,0.0,0.0,0.0,0.0,0.0,0.0,0.0,0.0,0.0,0.0,0.0,0.0,0.0,0.0,0.0,0.0,0.0,0.0,0.0,0.0,0.0,0.0,0.0,0.0,0.0,0.0,0.0,0.0,0.0,0.0,0.0,0.0,0.0,0.0,0.0,0.0,0.0,0.0,0.0,0.0,0.0,0.0,0.0,47.0,47.0,47.0,47.0,47.0,0.0,0.0,0.0,0.0,0.0,0.0,0.0,0.0,0.0,0.0,0.0,0.0,0.0,0.0,0.0,0.0,47.0,47.0,47.0,47.0,47.0,0.0,0.0,0.0,0.0,0.0,0.0,0.0,0.0,0.0,0.0,0.0,0.0,0.0,0.0,0.0,0.0,0.0,0.0,0.0,0.0,0.0,0.0,0.0,0.0,0.0,0.0,0.0,0.0,0.0,0.0,0.0,47.0,47.0,...
1763031242,941457622,laser,-3.1241390705108643,3.1415927410125732,0.0034828970674425364,5.364970274968073e-05,0.09651581943035126,0.15000000596046448,16.0,9.871999740600586,9.86400032043457,9.847999572753906,9.84000015258789,inf,inf,8.312000274658203,8.312000274658203,8.312000274658203,8.312000274658203,8.312000274658203,8.319999694824219,8.319999694824219,8.319999694824219,8.319999694824219,8.319999694824219,8.319999694824219,8.312000274658203,8.312000274658203,8.312000274658203,8.319999694824219,8.303999900817871,8.312000274658203,8.32800006866455,8.336000442504883,8.32800006866455,8.336000442504883,8.336000442504883,8.368000030517578,8.37600040435791,10.46399974822998,10.46399974822998,inf,inf,inf,inf,inf,inf,inf,inf,inf,inf,inf,inf,inf,inf,inf,inf,inf,inf,inf,inf,inf,3.7920000553131104,3.7920000553131104,3.7920000553131104,3.7920000553131104,3.7920000553131104,3.740000009536743,3.74399995803833,3.74399995803833,3.74399995803833,3.74399995803833,3.747999906539917,3.747999906539917,3.752000093460083,2.931999921798706,2.931999921798706,2.868000030517578,2.868000030517578,2.868000030517578,2.808000087738037,2.7320001125335693,2.6679999828338623,2.619999885559082,2.568000078201294,2.5199999809265137,2.4040000438690186,2.371999979019165,2.371999979019165,2.371999979019165,2.3239998817443848,2.2920000553131104,2.180000066757202,2.180000066757202,2.180000066757202,2.131999969482422,2.1040000915527344,2.072000026702881,2.072000026702881,2.0339999198913574,2.002000093460083,1.9700000286102295,1.9420000314712524,1.9179999828338623,1.8899999856948853,1.8760000467300415,1.8619999885559082,1.850000023841858,1.850000023841858,1.8480000495910645,1.8339999914169312,1.815999984741211,1.7920000553131104,1.7680000066757202,1.7480000257492065,1.7259999513626099,1.7259999513626099,1.7059999704360962,1.684000015258789,1.6619999408721924,1.6399999856948853,1.5219999551773071,1.5219999551773071,1.50600004196167,1.4900000095367432,1.4800000190734863,1.4800000190734863,inf,inf,inf,inf,inf,inf,1.399999976158142,1.399999976158142,1.399999976158142,1.399999976158142,...,0.0,0.0,0.0,0.0,47.0,47.0,47.0,47.0,47.0,47.0,47.0,0.0,0.0,0.0,0.0,0.0,0.0,0.0,0.0,0.0,0.0,0.0,0.0,0.0,0.0,0.0,0.0,0.0,0.0,0.0,0.0,0.0,0.0,0.0,0.0,0.0,0.0,0.0,0.0,0.0,0.0,0.0,0.0,0.0,0.0,0.0,0.0,0.0,0.0,0.0,0.0,0.0,0.0,0.0,0.0,0.0,0.0,0.0,0.0,0.0,0.0,0.0,0.0,0.0,0.0,0.0,0.0,0.0,0.0,0.0,0.0,0.0,0.0,0.0,0.0,0.0,0.0,0.0,0.0,0.0,0.0,0.0,0.0,0.0,0.0,0.0,0.0,0.0,0.0,0.0,0.0,0.0,0.0,0.0,0.0,0.0,0.0,0.0,0.0,0.0,0.0,0.0,0.0,0.0,0.0,0.0,0.0,0.0,0.0,0.0,0.0,0.0,0.0,0.0,0.0,0.0,0.0,0.0,0.0,0.0,0.0,0.0,0.0,0.0,0.0,0.0,0.0,0.0,...
1763031243,39691025,laser,-3.1241390705108643,3.1415927410125732,0.0034828970674425364,5.369137579691596e-05,0.09659077972173691,0.15000000596046448,16.0,9.86400032043457,9.86400032043457,9.86400032043457,9.855999946594238,inf,inf,8.312000274658203,8.312000274658203,8.312000274658203,8.312000274658203,8.312000274658203,8.312000274658203,8.312000274658203,8.312000274658203,8.319999694824219,8.32800006866455,8.319999694824219,8.319999694824219,8.312000274658203,8.303999900817871,8.319999694824219,8.312000274658203,8.303999900817871,8.319999694824219,8.319999694824219,8.336000442504883,8.32800006866455,8.343999862670898,8.35200023651123,10.407999992370605,10.407999992370605,10.407999992370605,inf,inf,inf,inf,inf,inf,inf,inf,inf,inf,inf,inf,inf,inf,inf,inf,inf,inf,inf,3.8959999084472656,3.8959999084472656,3.8959999084472656,3.8959999084472656,3.8959999084472656,3.7920000553131104,3.7920000553131104,3.74399995803833,3.74399995803833,3.74399995803833,3.74399995803833,3.74399995803833,3.747999906539917,3.747999906539917,3.752000093460083,2.936000108718872,2.936000108718872,2.936000108718872,2.880000114440918,2.815999984741211,2.815999984741211,2.7320001125335693,2.6640000343322754,2.615999937057495,2.568000078201294,2.507999897003174,2.4679999351501465,2.4240000247955322,2.368000030517578,2.328000068664551,2.328000068664551,2.299999952316284,2.196000099182129,2.196000099182129,2.187999963760376,2.1440000534057617,2.1080000400543213,2.0799999237060547,2.052000045776367,2.052000045776367,2.0339999198913574,2.01200008392334,1.99399995803833,1.9819999933242798,1.9600000381469727,1.9420000314712524,1.9220000505447388,1.9220000505447388,1.8960000276565552,1.8700000047683716,1.8459999561309814,1.8220000267028809,1.7960000038146973,1.7719999551773071,1.75,1.7300000190734863,1.7100000381469727,1.7100000381469727,1.6859999895095825,1.6619999408721924,1.6399999856948853,1.5160000324249268,1.50600004196167,1.50600004196167,1.49399995803833,1.4839999675750732,1.4639999866485596,1.4639999866485596,1.4299999475479126,1.4299999475479126,1.4299999475479126,1.4299999475479126,1.409999966621399,1.409999966621399,1.409999966621399,1.409999966621399,1.399999976158142,...,47.0,47.0,47.0,47.0,47.0,47.0,47.0,47.0,47.0,47.0,47.0,47.0,0.0,0.0,0.0,0.0,0.0,0.0,0.0,0.0,0.0,0.0,0.0,0.0,0.0,0.0,0.0,0.0,0.0,0.0,0.0,0.0,0.0,0.0,0.0,0.0,0.0,0.0,0.0,0.0,0.0,0.0,0.0,0.0,0.0,0.0,0.0,0.0,0.0,0.0,0.0,0.0,0.0,0.0,0.0,0.0,0.0,0.0,0.0,0.0,0.0,0.0,0.0,0.0,0.0,0.0,0.0,0.0,0.0,0.0,0.0,0.0,0.0,0.0,0.0,0.0,0.0,0.0,0.0,0.0,0.0,0.0,0.0,0.0,0.0,0.0,0.0,0.0,0.0,47.0,47.0,47.0,47.0,47.0,0.0,0.0,0.0,0.0,0.0,0.0,0.0,0.0,0.0,0.0,0.0,0.0,47.0,47.0,47.0,47.0,47.0,0.0,0.0,0.0,0.0,0.0,0.0,0.0,0.0,0.0,0.0,0.0,0.0,0.0,0.0,0.0,0.0,0.0,...
1763031243,138005564,laser,-3.1241390705108643,3.1415927410125732,0.0034828970674425364,5.3673422371502966e-05,0.09655848890542984,0.15000000596046448,16.0,9.935999870300293,9.871999740600586,9.855999946594238,9.855999946594238,inf,inf,inf,8.319999694824219,8.319999694824219,8.319999694824219,8.319999694824219,8.319999694824219,8.319999694824219,8.312000274658203,8.319999694824219,8.32800006866455,8.319999694824219,8.312000274658203,8.312000274658203,8.303999900817871,8.319999694824219,8.312000274658203,8.312000274658203,8.32800006866455,8.32800006866455,8.336000442504883,8.32800006866455,8.343999862670898,8.35200023651123,10.503999710083008,10.503999710083008,10.503999710083008,10.503999710083008,inf,inf,inf,inf,inf,inf,inf,inf,inf,inf,inf,inf,inf,inf,inf,inf,inf,inf,3.8919999599456787,3.8919999599456787,3.8919999599456787,3.8919999599456787,3.8919999599456787,3.7920000553131104,3.7920000553131104,3.7920000553131104,3.74399995803833,3.74399995803833,3.747999906539917,3.747999906539917,3.747999906539917,3.747999906539917,3.747999906539917,2.9240000247955322,2.9240000247955322,2.9240000247955322,2.9240000247955322,2.868000030517578,2.799999952316284,2.7320001125335693,2.6679999828338623,2.619999885559082,2.568000078201294,2.507999897003174,2.507999897003174,2.4600000381469727,2.4040000438690186,2.3559999465942383,2.319999933242798,2.2960000038146973,2.191999912261963,2.191999912261963,2.1679999828338623,2.128000020980835,2.0999999046325684,2.0999999046325684,2.068000078201294,2.0320000648498535,2.003999948501587,1.9759999513626099,1.9479999542236328,1.9220000505447388,1.9040000438690186,1.9040000438690186,1.8980000019073486,1.8860000371932983,1.8660000562667847,1.8519999980926514,1.8320000171661377,1.8140000104904175,1.7899999618530273,1.7680000066757202,1.7680000066757202,1.74399995803833,1.722000002861023,1.7059999704360962,1.6859999895095825,1.6619999408721924,1.6360000371932983,1.5140000581741333,1.5,1.5,1.4880000352859497,1.4880000352859497,1.4759999513626099,inf,inf,inf,inf,1.406000018119812,1.406000018119812,1.406000018119812,1.406000018119812,1.406000018119812,1.3960000276565552,...,0.0,0.0,0.0,47.0,47.0,47.0,47.0,47.0,47.0,47.0,47.0,0.0,0.0,0.0,0.0,0.0,0.0,0.0,0.0,0.0,0.0,0.0,0.0,0.0,0.0,0.0,0.0,0.0,0.0,0.0,0.0,0.0,0.0,0.0,0.0,0.0,0.0,0.0,0.0,0.0,0.0,0.0,0.0,0.0,0.0,0.0,0.0,0.0,0.0,0.0,0.0,0.0,0.0,0.0,0.0,0.0,0.0,0.0,0.0,0.0,0.0,0.0,0.0,0.0,0.0,0.0,0.0,0.0,0.0,0.0,0.0,0.0,0.0,0.0,0.0,0.0,0.0,0.0,0.0,0.0,0.0,0.0,0.0,0.0,0.0,0.0,0.0,0.0,0.0,0.0,0.0,0.0,0.0,0.0,0.0,0.0,0.0,0.0,0.0,0.0,0.0,0.0,0.0,0.0,0.0,0.0,0.0,0.0,0.0,0.0,0.0,0.0,0.0,0.0,0.0,0.0,0.0,0.0,0.0,0.0,0.0,0.0,0.0,0.0,0.0,0.0,0.0,0.0,...
1763031243,236051657,laser,-3.1241390705108643,3.1415927410125732,0.0034828970674425364,5.371958832256496e-05,0.09664154052734375,0.15000000596046448,16.0,9.887999534606934,9.887999534606934,9.86400032043457,9.84000015258789,inf,inf,inf,8.319999694824219,8.319999694824219,8.319999694824219,8.319999694824219,8.319999694824219,8.312000274658203,8.312000274658203,8.319999694824219,8.319999694824219,8.319999694824219,8.319999694824219,8.312000274658203,8.303999900817871,8.312000274658203,8.312000274658203,8.319999694824219,8.319999694824219,8.336000442504883,8.32800006866455,8.336000442504883,8.359999656677246,8.35200023651123,inf,inf,inf,inf,inf,inf,inf,inf,inf,inf,inf,inf,inf,inf,inf,inf,inf,inf,inf,inf,inf,inf,inf,inf,3.8480000495910645,3.8480000495910645,3.8480000495910645,3.8480000495910645,3.8480000495910645,3.7720000743865967,3.74399995803833,3.7360000610351562,3.740000009536743,3.74399995803833,3.74399995803833,3.752000093460083,3.752000093460083,2.9000000953674316,2.9000000953674316,2.8320000171661377,2.8320000171661377,2.8320000171661377,2.7720000743865967,2.7079999446868896,2.6600000858306885,2.615999937057495,2.615999937057495,2.559999942779541,2.5,2.444000005722046,2.375999927520752,2.3320000171661377,2.299999952316284,2.2720000743865967,2.24399995803833,2.24399995803833,2.2079999446868896,2.1679999828338623,2.119999885559082,2.0920000076293945,2.055999994277954,2.0220000743865967,1.99399995803833,1.9620000123977661,1.9299999475479126,1.9019999504089355,1.9019999504089355,1.8739999532699585,1.8559999465942383,1.843999981880188,1.8259999752044678,1.8220000267028809,1.812000036239624,1.7999999523162842,1.7999999523162842,1.784000039100647,1.7619999647140503,1.7339999675750732,1.715999960899353,1.7000000476837158,1.6759999990463257,1.6579999923706055,1.6260000467300415,1.5099999904632568,1.5099999904632568,1.496000051498413,1.496000051498413,1.4839999675750732,inf,inf,inf,inf,inf,inf,1.4019999504089355,1.4019999504089355,1.4019999504089355,1.4019999504089355,1.4019999504089355,...,0.0,0.0,47.0,47.0,47.0,47.0,47.0,47.0,47.0,47.0,47.0,0.0,0.0,0.0,0.0,0.0,0.0,0.0,0.0,0.0,0.0,0.0,0.0,0.0,0.0,0.0,0.0,0.0,0.0,0.0,0.0,0.0,0.0,0.0,0.0,0.0,0.0,0.0,0.0,0.0,0.0,0.0,0.0,0.0,0.0,0.0,0.0,0.0,0.0,0.0,0.0,0.0,0.0,0.0,0.0,0.0,0.0,0.0,0.0,0.0,0.0,0.0,0.0,0.0,0.0,0.0,0.0,0.0,0.0,0.0,47.0,47.0,47.0,47.0,47.0,0.0,0.0,0.0,0.0,0.0,0.0,0.0,0.0,0.0,0.0,0.0,0.0,0.0,0.0,0.0,0.0,47.0,47.0,47.0,47.0,47.0,0.0,0.0,0.0,0.0,0.0,0.0,0.0,0.0,0.0,0.0,0.0,0.0,0.0,0.0,0.0,0.0,0.0,0.0,0.0,0.0,0.0,0.0,0.0,0.0,0.0,0.0,0.0,0.0,47.0,47.0,47.0,47.0,...
1763031243,334290204,laser,-3.1241390705108643,3.1415927410125732,0.0034828970674425364,5.3756597480969504e-05,0.09670811891555786,0.15000000596046448,16.0,9.895999908447266,9.895999908447266,9.871999740600586,9.855999946594238,inf,8.319999694824219,8.319999694824219,8.319999694824219,8.319999694824219,8.319999694824219,8.32800006866455,8.32800006866455,8.312000274658203,8.303999900817871,8.303999900817871,8.319999694824219,8.32800006866455,8.32800006866455,8.319999694824219,8.303999900817871,8.303999900817871,8.312000274658203,8.319999694824219,8.32800006866455,8.336000442504883,8.32800006866455,8.336000442504883,8.35200023651123,8.35200023651123,8.343999862670898,10.336000442504883,10.336000442504883,10.336000442504883,10.336000442504883,10.336000442504883,inf,inf,inf,inf,inf,inf,inf,inf,inf,inf,inf,inf,inf,inf,inf,inf,3.9000000953674316,3.9000000953674316,3.9000000953674316,3.9000000953674316,3.9000000953674316,3.819999933242798,3.819999933242798,3.7639999389648438,3.74399995803833,3.74399995803833,3.74399995803833,3.74399995803833,3.747999906539917,3.747999906539917,3.747999906539917,2.944000005722046,2.944000005722046,2.944000005722046,2.880000114440918,2.880000114440918,2.812000036239624,2.7320001125335693,2.6760001182556152,2.628000020980835,2.568000078201294,2.51200008392334,2.4639999866485596,2.4159998893737793,2.371999979019165,2.328000068664551,2.328000068664551,2.308000087738037,2.196000099182129,2.196000099182129,2.1760001182556152,2.128000020980835,2.1080000400543213,2.072000026702881,2.0399999618530273,2.0280001163482666,2.0280001163482666,2.00600004196167,1.9900000095367432,1.9800000190734863,1.9600000381469727,1.944000005722046,1.9240000247955322,1.9240000247955322,1.899999976158142,1.8739999532699585,1.8480000495910645,1.8220000267028809,1.7960000038146973,1.7740000486373901,1.7519999742507935,1.7319999933242798,1.7100000381469727,1.687999963760376,1.687999963760376,1.6640000343322754,1.6419999599456787,1.5140000581741333,1.50600004196167,1.50600004196167,1.49399995803833,1.4839999675750732,inf,1.4320000410079956,1.4320000410079956,1.4320000410079956,1.4320000410079956,1.4320000410079956,1.4119999408721924,1.4119999408721924,1.4119999408721924,1.399999976158142,1.399999976158142,...,47.0,47.0,47.0,47.0,47.0,47.0,47.0,47.0,47.0,47.0,47.0,47.0,0.0,0.0,0.0,0.0,0.0,0.0,0.0,0.0,0.0,0.0,0.0,0.0,0.0,0.0,0.0,0.0,0.0,0.0,0.0,0.0,0.0,0.0,0.0,0.0,0.0,0.0,0.0,0.0,0.0,0.0,0.0,0.0,0.0,0.0,0.0,0.0,0.0,0.0,0.0,0.0,0.0,0.0,0.0,0.0,0.0,0.0,0.0,0.0,0.0,0.0,0.0,0.0,0.0,0.0,0.0,0.0,0.0,0.0,0.0,0.0,0.0,0.0,0.0,0.0,0.0,0.0,0.0,0.0,0.0,0.0,0.0,0.0,0.0,0.0,0.0,0.0,0.0,0.0,47.0,47.0,47.0,47.0,47.0,0.0,0.0,0.0,0.0,0.0,0.0,0.0,0.0,0.0,0.0,0.0,0.0,0.0,0.0,0.0,0.0,0.0,0.0,0.0,0.0,0.0,0.0,0.0,0.0,0.0,0.0,0.0,0.0,0.0,0.0,0.0,0.0,0.0,...
1763031243,432285300,laser,-3.1241390705108643,3.1415927410125732,0.0034828970674425364,5.3891155403107405e-05,0.09695018827915192,0.15000000596046448,16.0,9.887999534606934,9.871999740600586,9.855999946594238,9.855999946594238,inf,inf,inf,8.32800006866455,8.32800006866455,8.32800006866455,8.32800006866455,8.32800006866455,8.319999694824219,8.312000274658203,8.319999694824219,8.319999694824219,8.32800006866455,8.32800006866455,8.312000274658203,8.303999900817871,8.319999694824219,8.312000274658203,8.312000274658203,8.32800006866455,8.32800006866455,8.32800006866455,8.32800006866455,8.343999862670898,8.35200023651123,10.48799991607666,10.48799991607666,10.48799991607666,10.48799991607666,inf,inf,inf,inf,inf,inf,inf,inf,inf,inf,inf,inf,inf,inf,inf,inf,inf,inf,3.9000000953674316,3.9000000953674316,3.9000000953674316,3.9000000953674316,3.9000000953674316,3.7960000038146973,3.7960000038146973,3.7960000038146973,3.74399995803833,3.740000009536743,3.74399995803833,3.74399995803833,3.747999906539917,3.747999906539917,3.747999906539917,3.747999906539917,2.940000057220459,2.940000057220459,2.940000057220459,2.864000082015991,2.799999952316284,2.7320001125335693,2.6640000343322754,2.615999937057495,2.568000078201294,2.51200008392334,2.51200008392334,2.4719998836517334,2.4240000247955322,2.368000030517578,2.3239998817443848,2.299999952316284,2.184000015258789,2.184000015258789,2.1760001182556152,2.131999969482422,2.1040000915527344,2.1040000915527344,2.0759999752044678,2.0480000972747803,2.0179998874664307,1.9800000190734863,1.9520000219345093,1.934000015258789,1.9199999570846558,1.9140000343322754,1.9140000343322754,1.899999976158142,1.8799999952316284,1.8619999885559082,1.840000033378601,1.8179999589920044,1.7960000038146973,1.7719999551773071,1.7719999551773071,1.7300000190734863,1.7300000190734863,1.7079999446868896,1.687999963760376,1.6640000343322754,1.6440000534057617,1.5140000581741333,1.50600004196167,1.50600004196167,1.4919999837875366,1.4819999933242798,inf,inf,inf,inf,inf,1.4119999408721924,1.4119999408721924,1.4119999408721924,1.4119999408721924,1.4119999408721924,1.399999976158142,...,0.0,0.0,0.0,47.0,47.0,47.0,47.0,47.0,47.0,47.0,47.0,0.0,0.0,0.0,0.0,0.0,0.0,0.0,0.0,0.0,0.0,0.0,0.0,0.0,0.0,0.0,0.0,0.0,0.0,0.0,0.0,0.0,0.0,0.0,0.0,0.0,0.0,0.0,0.0,0.0,0.0,0.0,0.0,0.0,0.0,0.0,0.0,0.0,0.0,0.0,0.0,0.0,0.0,0.0,0.0,0.0,0.0,0.0,0.0,0.0,0.0,0.0,0.0,0.0,0.0,0.0,0.0,0.0,0.0,0.0,47.0,47.0,47.0,47.0,47.0,0.0,0.0,0.0,0.0,0.0,0.0,0.0,0.0,0.0,0.0,0.0,0.0,0.0,0.0,0.0,0.0,47.0,47.0,47.0,47.0,47.0,0.0,0.0,0.0,0.0,0.0,0.0,0.0,0.0,0.0,47.0,47.0,47.0,47.0,47.0,0.0,0.0,0.0,0.0,0.0,0.0,0.0,0.0,0.0,0.0,0.0,0.0,0.0,0.0,0.0,0.0,0.0,0.0,...
1763031243,530787961,laser,-3.1241390705108643,3.1415927410125732,0.0034828970674425364,5.3732066589873284e-05,0.09666398912668228,0.15000000596046448,16.0,9.895999908447266,9.86400032043457,9.86400032043457,9.895999908447266,inf,inf,inf,8.319999694824219,8.319999694824219,8.319999694824219,8.319999694824219,8.319999694824219,8.312000274658203,8.312000274658203,8.32800006866455,8.32800006866455,8.32800006866455,8.32800006866455,8.303999900817871,8.295999526977539,8.312000274658203,8.312000274658203,8.319999694824219,8.319999694824219,8.32800006866455,8.32800006866455,8.32800006866455,8.343999862670898,8.35200023651123,10.407999992370605,10.407999992370605,10.407999992370605,10.407999992370605,inf,inf,inf,inf,inf,inf,inf,inf,inf,inf,inf,inf,inf,inf,inf,inf,inf,inf,3.815999984741211,3.815999984741211,3.815999984741211,3.815999984741211,3.815999984741211,3.759999990463257,3.759999990463257,3.759999990463257,3.74399995803833,3.74399995803833,3.74399995803833,3.74399995803833,3.747999906539917,3.752000093460083,3.752000093460083,3.752000093460083,2.936000108718872,2.936000108718872,2.875999927520752,2.875999927520752,2.812000036239624,2.7320001125335693,2.6760001182556152,2.631999969482422,2.572000026702881,2.5280001163482666,2.4119999408721924,2.4119999408721924,2.368000030517578,2.368000030517578,2.3320000171661377,2.2960000038146973,2.184000015258789,2.184000015258789,2.187999963760376,2.1440000534057617,2.1040000915527344,2.072000026702881,2.072000026702881,2.003999948501587,2.003999948501587,1.968000054359436,1.9459999799728394,1.9119999408721924,1.8839999437332153,1.8639999628067017,1.843999981880188,1.8300000429153442,1.8240000009536743,1.8240000009536743,1.812000036239624,1.7999999523162842,1.7899999618530273,1.7719999551773071,1.7519999742507935,1.7300000190734863,1.7079999446868896,1.7079999446868896,1.687999963760376,1.6640000343322754,1.6419999599456787,1.534000039100647,1.50600004196167,1.50600004196167,1.49399995803833,1.4700000286102295,inf,1.4359999895095825,1.4359999895095825,1.4359999895095825,1.4359999895095825,1.4359999895095825,1.4140000343322754,1.4140000343322754,1.4140000343322754,1.399999976158142,1.399999976158142,...,0.0,0.0,47.0,47.0,47.0,47.0,47.0,47.0,47.0,47.0,47.0,0.0,0.0,0.0,0.0,0.0,0.0,0.0,0.0,0.0,0.0,0.0,0.0,0.0,0.0,0.0,0.0,0.0,0.0,0.0,0.0,0.0,0.0,0.0,0.0,0.0,0.0,0.0,0.0,0.0,0.0,0.0,0.0,0.0,0.0,0.0,0.0,0.0,0.0,0.0,0.0,0.0,0.0,0.0,0.0,0.0,0.0,0.0,0.0,0.0,0.0,0.0,0.0,0.0,0.0,0.0,0.0,0.0,0.0,0.0,47.0,47.0,47.0,47.0,47.0,0.0,0.0,0.0,0.0,0.0,0.0,0.0,0.0,0.0,0.0,0.0,0.0,0.0,0.0,0.0,0.0,47.0,47.0,47.0,47.0,47.0,0.0,0.0,0.0,0.0,0.0,0.0,0.0,0.0,0.0,0.0,0.0,0.0,0.0,0.0,0.0,0.0,0.0,0.0,0.0,0.0,0.0,0.0,0.0,0.0,0.0,0.0,0.0,0.0,0.0,0.0,0.0,0.0,...
1763031243,629130108,laser,-3.1241390705108643,3.1415927410125732,0.0034828970674425364,5.373383464757353e-05,0.09666717052459717,0.15000000596046448,16.0,9.880000114440918,9.855999946594238,9.855999946594238,9.855999946594238,inf,inf,inf,8.32800006866455,8.32800006866455,8.32800006866455,8.32800006866455,8.32800006866455,8.319999694824219,8.312000274658203,8.319999694824219,8.319999694824219,8.319999694824219,8.319999694824219,8.303999900817871,8.295999526977539,8.312000274658203,8.319999694824219,8.312000274658203,8.32800006866455,8.32800006866455,8.336000442504883,8.32800006866455,8.336000442504883,8.343999862670898,10.496000289916992,10.496000289916992,10.496000289916992,10.496000289916992,inf,inf,inf,inf,inf,inf,inf,inf,inf,inf,inf,inf,inf,inf,inf,inf,inf,inf,inf,inf,3.8399999141693115,3.8399999141693115,3.8399999141693115,3.8399999141693115,3.8399999141693115,3.7639999389648438,3.747999906539917,3.740000009536743,3.740000009536743,3.740000009536743,3.747999906539917,3.752000093460083,3.752000093460083,2.884000062942505,2.884000062942505,2.8239998817443848,2.8239998817443848,2.8239998817443848,2.7679998874664307,2.7160000801086426,2.6600000858306885,2.6040000915527344,2.6040000915527344,2.5480000972747803,2.492000102996826,2.440000057220459,2.388000011444092,2.3519999980926514,2.2720000743865967,2.2720000743865967,2.2720000743865967,2.252000093460083,2.2079999446868896,2.1600000858306885,2.111999988555908,2.0880000591278076,2.063999891281128,2.0339999198913574,2.007999897003174,1.9839999675750732,1.9600000381469727,1.9600000381469727,1.9520000219345093,1.9459999799728394,1.9299999475479126,1.909999966621399,1.8839999437332153,1.8600000143051147,1.840000033378601,1.8140000104904175,1.8140000104904175,1.7879999876022339,1.7619999647140503,1.7400000095367432,1.7200000286102295,1.7039999961853027,1.684000015258789,1.659999966621399,1.5119999647140503,1.5119999647140503,1.5119999647140503,1.5019999742507935,1.5019999742507935,1.4859999418258667,1.4759999513626099,1.4739999771118164,1.4739999771118164,inf,inf,inf,1.409999966621399,1.409999966621399,1.409999966621399,1.409999966621399,1.409999966621399,...,0.0,0.0,0.0,47.0,47.0,47.0,47.0,47.0,47.0,47.0,47.0,0.0,0.0,0.0,0.0,0.0,0.0,0.0,0.0,0.0,0.0,0.0,0.0,0.0,0.0,0.0,0.0,0.0,0.0,0.0,0.0,0.0,0.0,0.0,0.0,0.0,0.0,0.0,0.0,0.0,0.0,0.0,0.0,0.0,0.0,0.0,0.0,0.0,0.0,0.0,0.0,0.0,0.0,0.0,0.0,0.0,0.0,0.0,0.0,0.0,0.0,0.0,0.0,0.0,0.0,0.0,0.0,0.0,0.0,0.0,0.0,0.0,0.0,0.0,0.0,0.0,0.0,0.0,0.0,0.0,0.0,0.0,0.0,0.0,0.0,0.0,0.0,0.0,0.0,0.0,0.0,0.0,0.0,0.0,0.0,0.0,0.0,0.0,0.0,0.0,0.0,0.0,0.0,0.0,0.0,47.0,47.0,47.0,47.0,47.0,0.0,0.0,0.0,0.0,0.0,0.0,0.0,0.0,0.0,0.0,0.0,0.0,0.0,0.0,0.0,0.0,0.0,0.0,...
1763031243,727504908,laser,-3.1241390705108643,3.1415927410125732,0.0034828970674425364,5.705299918190576e-05,0.1026383489370346,0.15000000596046448,16.0,9.880000114440918,9.880000114440918,9.855999946594238,9.895999908447266,9.895999908447266,8.32800006866455,8.32800006866455,8.32800006866455,8.32800006866455,8.32800006866455,8.336000442504883,8.336000442504883,8.336000442504883,8.319999694824219,8.319999694824219,8.32800006866455,8.336000442504883,8.319999694824219,8.312000274658203,8.312000274658203,8.312000274658203,8.319999694824219,8.319999694824219,8.32800006866455,8.336000442504883,8.336000442504883,8.336000442504883,8.343999862670898,8.359999656677246,8.416000366210938,10.600000381469727,inf,inf,inf,inf,inf,inf,inf,inf,inf,inf,inf,inf,inf,inf,inf,inf,inf,inf,inf,inf,inf,inf,3.759999990463257,3.759999990463257,3.759999990463257,3.759999990463257,3.759999990463257,3.74399995803833,3.74399995803833,3.74399995803833,3.740000009536743,3.740000009536743,3.74399995803833,3.752000093460083,3.752000093460083,3.752000093460083,2.888000011444092,2.8239998817443848,2.8239998817443848,2.8239998817443848,2.8239998817443848,2.75600004196167,2.684000015258789,2.640000104904175,2.5999999046325684,2.5320000648498535,2.4719998836517334,2.427999973297119,2.375999927520752,2.375999927520752,2.3320000171661377,2.2920000553131104,2.240000009536743,2.2200000286102295,2.191999912261963,2.1440000534057617,2.1080000400543213,2.0840001106262207,2.053999900817871,2.053999900817871,2.0260000228881836,2.007999897003174,1.9900000095367432,1.972000002861023,1.9600000381469727,1.9459999799728394,1.9259999990463257,1.9040000438690186,1.9040000438690186,1.8799999952316284,1.8539999723434448,1.8279999494552612,1.8040000200271606,1.777999997138977,1.753999948501587,1.7319999933242798,1.7120000123977661,1.6920000314712524,1.6920000314712524,1.6699999570846558,1.649999976158142,1.527999997138977,1.527999997138977,1.5080000162124634,1.5,1.4859999418258667,inf,inf,inf,inf,inf,inf,1.4019999504089355,1.4019999504089355,1.4019999504089355,1.4019999504089355,1.4019999504089355,...,47.0,47.0,47.0,47.0,47.0,47.0,47.0,47.0,47.0,47.0,47.0,47.0,0.0,0.0,0.0,0.0,0.0,0.0,47.0,47.0,47.0,47.0,47.0,0.0,0.0,0.0,0.0,0.0,0.0,0.0,0.0,0.0,0.0,0.0,0.0,0.0,0.0,0.0,0.0,0.0,0.0,0.0,0.0,0.0,0.0,0.0,0.0,0.0,0.0,0.0,0.0,0.0,0.0,0.0,0.0,0.0,0.0,0.0,0.0,0.0,0.0,0.0,0.0,0.0,0.0,0.0,0.0,0.0,0.0,0.0,0.0,0.0,0.0,0.0,0.0,0.0,0.0,0.0,0.0,0.0,0.0,0.0,0.0,0.0,0.0,0.0,0.0,0.0,0.0,0.0,0.0,0.0,0.0,0.0,0.0,0.0,0.0,0.0,0.0,0.0,0.0,0.0,0.0,0.0,0.0,0.0,0.0,0.0,0.0,0.0,0.0,0.0,0.0,0.0,0.0,0.0,0.0,0.0,0.0,0.0,0.0,0.0,0.0,0.0,0.0,0.0,0.0,0.0,...
1763031243,831858148,laser,-3.1241390705108643,3.1415927410125732,0.0034828970674425364,5.3693485824624076e-05,0.09659457951784134,0.15000000596046448,16.0,9.871999740600586,9.871999740600586,9.871999740600586,9.855999946594238,inf,inf,8.336000442504883,8.336000442504883,8.336000442504883,8.336000442504883,8.336000442504883,8.336000442504883,8.336000442504883,8.319999694824219,8.319999694824219,8.32800006866455,8.32800006866455,8.32800006866455,8.319999694824219,8.312000274658203,8.319999694824219,8.319999694824219,8.319999694824219,8.336000442504883,8.336000442504883,8.343999862670898,8.336000442504883,8.343999862670898,8.35200023651123,8.447999954223633,inf,inf,inf,inf,inf,inf,inf,inf,inf,inf,inf,inf,inf,inf,inf,inf,inf,inf,inf,inf,inf,inf,inf,3.884000062942505,3.884000062942505,3.884000062942505,3.884000062942505,3.884000062942505,3.7920000553131104,3.740000009536743,3.7360000610351562,3.740000009536743,3.747999906539917,3.747999906539917,3.752000093460083,3.747999906539917,3.747999906539917,2.9119999408721924,2.8559999465942383,2.8559999465942383,2.8559999465942383,2.7839999198913574,2.7200000286102295,2.6600000858306885,2.619999885559082,2.619999885559082,2.563999891281128,2.503999948501587,2.4560000896453857,2.4000000953674316,2.3559999465942383,2.315999984741211,2.2880001068115234,2.191999912261963,2.1600000858306885,2.1600000858306885,2.1600000858306885,2.115999937057495,2.0880000591278076,2.063999891281128,2.0339999198913574,1.9980000257492065,1.972000002861023,1.9459999799728394,1.909999966621399,1.909999966621399,1.8839999437332153,1.8739999532699585,1.8580000400543213,1.840000033378601,1.8380000591278076,1.8259999752044678,1.805999994277954,1.7879999876022339,1.7879999876022339,1.7619999647140503,1.7380000352859497,1.7200000286102295,1.7059999704360962,1.684000015258789,1.659999966621399,1.6380000114440918,1.5240000486373901,1.5240000486373901,1.5019999742507935,1.4859999418258667,1.4859999418258667,1.4759999513626099,inf,inf,inf,inf,inf,1.4079999923706055,1.4079999923706055,1.4079999923706055,1.4079999923706055,1.4079999923706055,...,47.0,47.0,47.0,47.0,47.0,47.0,47.0,47.0,47.0,47.0,47.0,47.0,0.0,0.0,0.0,0.0,0.0,0.0,0.0,0.0,0.0,0.0,0.0,0.0,0.0,0.0,0.0,0.0,0.0,0.0,0.0,0.0,0.0,0.0,0.0,0.0,0.0,0.0,0.0,0.0,0.0,0.0,0.0,0.0,0.0,0.0,0.0,0.0,0.0,0.0,0.0,0.0,0.0,0.0,0.0,0.0,0.0,0.0,0.0,0.0,0.0,0.0,0.0,0.0,0.0,0.0,0.0,0.0,0.0,0.0,0.0,47.0,47.0,47.0,47.0,47.0,0.0,0.0,0.0,0.0,0.0,0.0,0.0,0.0,0.0,0.0,0.0,0.0,0.0,47.0,47.0,47.0,47.0,47.0,0.0,0.0,0.0,0.0,0.0,0.0,0.0,0.0,0.0,0.0,0.0,0.0,0.0,0.0,0.0,0.0,0.0,0.0,0.0,0.0,0.0,0.0,0.0,0.0,0.0,0.0,0.0,0.0,0.0,0.0,0.0,47.0,47.0,47.0,...
1763031243,930055192,laser,-3.1241390705108643,3.1415927410125732,0.0034828970674425364,5.3671472414862365e-05,0.09655497968196869,0.15000000596046448,16.0,9.895999908447266,9.895999908447266,9.871999740600586,9.887999534606934,inf,8.32800006866455,8.32800006866455,8.32800006866455,8.32800006866455,8.32800006866455,8.336000442504883,8.336000442504883,8.319999694824219,8.319999694824219,8.319999694824219,8.32800006866455,8.336000442504883,8.32800006866455,8.319999694824219,8.319999694824219,8.32800006866455,8.32800006866455,8.32800006866455,8.32800006866455,8.343999862670898,8.35200023651123,8.35200023651123,8.359999656677246,8.359999656677246,8.35200023651123,inf,inf,inf,inf,inf,inf,inf,inf,inf,inf,inf,inf,inf,inf,inf,inf,inf,inf,inf,inf,inf,inf,inf,inf,3.75600004196167,3.75600004196167,3.75600004196167,3.75600004196167,3.75600004196167,3.747999906539917,3.740000009536743,3.740000009536743,3.747999906539917,3.747999906539917,3.752000093460083,3.752000093460083,2.8919999599456787,2.8919999599456787,2.8919999599456787,2.8239998817443848,2.8239998817443848,2.7639999389648438,2.696000099182129,2.6440000534057617,2.5999999046325684,2.5999999046325684,2.5439999103546143,2.496000051498413,2.4519999027252197,2.3440001010894775,2.3440001010894775,2.303999900817871,2.25600004196167,2.2279999256134033,2.2039999961853027,2.2039999961853027,2.1600000858306885,2.111999988555908,2.0840001106262207,2.052000045776367,2.009999990463257,1.9839999675750732,1.9600000381469727,1.9259999990463257,1.9259999990463257,1.8980000019073486,1.8739999532699585,1.8580000400543213,1.850000023841858,1.8380000591278076,1.8300000429153442,1.8140000104904175,1.8140000104904175,1.7960000038146973,1.781999945640564,1.7599999904632568,1.7339999675750732,1.7139999866485596,1.6959999799728394,1.6740000247955322,1.6519999504089355,1.6519999504089355,1.5099999904632568,1.5099999904632568,1.5099999904632568,1.4980000257492065,1.4839999675750732,inf,inf,inf,inf,1.3980000019073486,1.3980000019073486,1.3980000019073486,1.3980000019073486,1.3980000019073486,1.3860000371932983,1.3860000371932983,...,47.0,47.0,47.0,47.0,47.0,47.0,47.0,47.0,47.0,47.0,47.0,47.0,0.0,0.0,0.0,0.0,0.0,0.0,0.0,0.0,0.0,0.0,0.0,0.0,0.0,0.0,0.0,0.0,0.0,0.0,0.0,0.0,0.0,0.0,0.0,0.0,0.0,0.0,0.0,0.0,0.0,0.0,0.0,0.0,0.0,0.0,0.0,0.0,0.0,0.0,0.0,0.0,0.0,0.0,0.0,0.0,0.0,0.0,0.0,0.0,0.0,0.0,0.0,0.0,0.0,0.0,0.0,0.0,0.0,0.0,0.0,0.0,0.0,0.0,0.0,0.0,0.0,0.0,0.0,0.0,0.0,0.0,0.0,0.0,0.0,0.0,0.0,0.0,0.0,0.0,47.0,47.0,47.0,47.0,47.0,0.0,0.0,0.0,0.0,0.0,0.0,0.0,0.0,0.0,0.0,0.0,0.0,0.0,0.0,0.0,0.0,0.0,0.0,0.0,0.0,0.0,0.0,0.0,0.0,0.0,0.0,0.0,0.0,0.0,0.0,47.0,47.0,47.0,...
1763031244,27730087,laser,-3.1241390705108643,3.1415927410125732,0.0034828970674425364,5.400224472396076e-05,0.0971500352025032,0.15000000596046448,16.0,9.904000282287598,9.887999534606934,9.86400032043457,9.887999534606934,inf,inf,8.32800006866455,8.32800006866455,8.32800006866455,8.32800006866455,8.32800006866455,8.32800006866455,8.32800006866455,8.319999694824219,8.319999694824219,8.32800006866455,8.32800006866455,8.319999694824219,8.312000274658203,8.312000274658203,8.319999694824219,8.319999694824219,8.319999694824219,8.32800006866455,8.336000442504883,8.336000442504883,8.343999862670898,8.343999862670898,8.368000030517578,8.447999954223633,inf,inf,inf,inf,inf,inf,inf,inf,inf,inf,inf,inf,inf,inf,inf,inf,inf,inf,inf,inf,inf,3.7920000553131104,3.7920000553131104,3.7920000553131104,3.7920000553131104,3.7920000553131104,3.740000009536743,3.740000009536743,3.740000009536743,3.740000009536743,3.740000009536743,3.74399995803833,3.747999906539917,3.747999906539917,3.747999906539917,3.747999906539917,3.747999906539917,2.9240000247955322,2.9240000247955322,2.8559999465942383,2.8559999465942383,2.7920000553131104,2.7239999771118164,2.6600000858306885,2.615999937057495,2.559999942779541,2.5,2.4560000896453857,2.4040000438690186,2.359999895095825,2.359999895095825,2.312000036239624,2.2880001068115234,2.1760001182556152,2.1760001182556152,2.1679999828338623,2.124000072479248,2.0959999561309814,2.072000026702881,2.072000026702881,2.0360000133514404,2.00600004196167,1.9839999675750732,1.9620000123977661,1.937999963760376,1.9220000505447388,1.9140000343322754,1.9140000343322754,1.899999976158142,1.8799999952316284,1.8619999885559082,1.840000033378601,1.8179999589920044,1.7899999618530273,1.7660000324249268,1.7660000324249268,1.7259999513626099,1.7259999513626099,1.7059999704360962,1.6859999895095825,1.6640000343322754,1.6399999856948853,1.5180000066757202,1.50600004196167,1.50600004196167,1.4900000095367432,1.4800000190734863,1.4800000190734863,1.4780000448226929,inf,inf,inf,1.4119999408721924,1.4119999408721924,1.4119999408721924,1.4119999408721924,1.4119999408721924,1.3980000019073486,...,0.0,0.0,0.0,0.0,47.0,47.0,47.0,47.0,47.0,47.0,47.0,0.0,0.0,0.0,0.0,0.0,0.0,0.0,0.0,0.0,0.0,0.0,0.0,0.0,0.0,0.0,0.0,0.0,0.0,0.0,0.0,0.0,0.0,0.0,0.0,0.0,0.0,0.0,0.0,0.0,0.0,0.0,0.0,0.0,0.0,0.0,0.0,0.0,0.0,0.0,0.0,0.0,0.0,0.0,0.0,0.0,0.0,0.0,0.0,0.0,0.0,0.0,0.0,0.0,0.0,0.0,0.0,0.0,0.0,0.0,0.0,0.0,0.0,0.0,0.0,0.0,0.0,0.0,0.0,0.0,0.0,0.0,0.0,0.0,0.0,0.0,0.0,0.0,0.0,0.0,0.0,0.0,0.0,0.0,0.0,0.0,0.0,0.0,0.0,0.0,0.0,0.0,0.0,0.0,0.0,0.0,0.0,0.0,0.0,0.0,0.0,0.0,0.0,0.0,0.0,0.0,0.0,0.0,0.0,0.0,0.0,0.0,0.0,0.0,0.0,0.0,0.0,0.0,...
1763031244,125947862,laser,-3.1241390705108643,3.1415927410125732,0.0034828970674425364,5.4064181313151494e-05,0.0972614660859108,0.15000000596046448,16.0,9.904000282287598,9.86400032043457,9.86400032043457,9.871999740600586,8.319999694824219,8.319999694824219,8.319999694824219,8.319999694824219,8.32800006866455,8.32800006866455,8.32800006866455,8.32800006866455,8.319999694824219,8.312000274658203,8.32800006866455,8.32800006866455,8.32800006866455,8.319999694824219,8.312000274658203,8.312000274658203,8.319999694824219,8.319999694824219,8.319999694824219,8.319999694824219,8.336000442504883,8.343999862670898,8.336000442504883,8.343999862670898,8.359999656677246,10.423999786376953,10.423999786376953,10.423999786376953,10.423999786376953,inf,inf,inf,inf,inf,inf,inf,inf,inf,inf,inf,inf,inf,inf,inf,inf,inf,inf,3.884000062942505,3.884000062942505,3.884000062942505,3.884000062942505,3.884000062942505,3.7920000553131104,3.7920000553131104,3.7920000553131104,3.74399995803833,3.740000009536743,3.74399995803833,3.747999906539917,3.747999906539917,3.747999906539917,3.747999906539917,2.9240000247955322,2.9240000247955322,2.9240000247955322,2.9240000247955322,2.859999895095825,2.7920000553131104,2.7279999256134033,2.6640000343322754,2.615999937057495,2.563999891281128,2.503999948501587,2.4519999027252197,2.4000000953674316,2.359999895095825,2.359999895095825,2.3239998817443848,2.299999952316284,2.180000066757202,2.180000066757202,2.171999931335449,2.128000020980835,2.0959999561309814,2.0959999561309814,2.072000026702881,2.0360000133514404,2.007999897003174,1.9859999418258667,1.9600000381469727,1.937999963760376,1.9220000505447388,1.9140000343322754,1.9140000343322754,1.899999976158142,1.8799999952316284,1.8600000143051147,1.840000033378601,1.815999984741211,1.7940000295639038,1.7699999809265137,1.7699999809265137,1.7259999513626099,1.7259999513626099,1.7059999704360962,1.684000015258789,1.6640000343322754,1.6399999856948853,1.5180000066757202,1.503999948501587,1.503999948501587,1.4900000095367432,1.4759999513626099,1.4759999513626099,inf,inf,inf,inf,1.4079999923706055,1.4079999923706055,1.4079999923706055,1.4079999923706055,1.4079999923706055,1.3980000019073486,...,0.0,0.0,47.0,47.0,47.0,47.0,47.0,47.0,47.0,47.0,47.0,0.0,0.0,0.0,0.0,0.0,0.0,0.0,0.0,0.0,0.0,0.0,0.0,0.0,0.0,0.0,0.0,0.0,0.0,0.0,0.0,0.0,0.0,0.0,0.0,0.0,0.0,0.0,0.0,0.0,0.0,0.0,0.0,0.0,0.0,0.0,0.0,0.0,0.0,0.0,0.0,0.0,0.0,0.0,0.0,0.0,0.0,0.0,0.0,0.0,0.0,0.0,0.0,0.0,0.0,0.0,0.0,0.0,0.0,0.0,47.0,47.0,47.0,47.0,47.0,0.0,0.0,0.0,0.0,0.0,0.0,0.0,0.0,0.0,0.0,0.0,0.0,0.0,0.0,0.0,0.0,47.0,47.0,47.0,47.0,47.0,0.0,0.0,0.0,0.0,0.0,0.0,0.0,0.0,0.0,0.0,0.0,0.0,0.0,0.0,0.0,0.0,0.0,0.0,0.0,0.0,0.0,0.0,0.0,0.0,0.0,0.0,0.0,47.0,47.0,47.0,47.0,47.0,...
1763031244,224767983,laser,-3.1241390705108643,3.1415927410125732,0.0034828970674425364,5.375576438382268e-05,0.09670662134885788,0.15000000596046448,16.0,9.904000282287598,9.904000282287598,9.86400032043457,9.86400032043457,inf,inf,inf,8.319999694824219,8.319999694824219,8.319999694824219,8.319999694824219,8.319999694824219,8.312000274658203,8.312000274658203,8.319999694824219,8.319999694824219,8.319999694824219,8.319999694824219,8.312000274658203,8.312000274658203,8.319999694824219,8.319999694824219,8.32800006866455,8.32800006866455,8.343999862670898,8.343999862670898,8.343999862670898,8.359999656677246,8.359999656677246,10.423999786376953,10.423999786376953,10.423999786376953,10.423999786376953,inf,inf,inf,inf,inf,inf,inf,inf,inf,inf,inf,inf,inf,inf,inf,inf,inf,inf,inf,3.7639999389648438,3.7639999389648438,3.7639999389648438,3.7639999389648438,3.7639999389648438,3.74399995803833,3.74399995803833,3.74399995803833,3.7360000610351562,3.740000009536743,3.747999906539917,3.747999906539917,3.752000093460083,3.752000093460083,2.875999927520752,2.875999927520752,2.875999927520752,2.875999927520752,2.828000068664551,2.7760000228881836,2.7200000286102295,2.6559998989105225,2.6040000915527344,2.6040000915527344,2.5480000972747803,2.496000051498413,2.4519999027252197,2.3959999084472656,2.3519999980926514,2.299999952316284,2.2639999389648438,2.240000009536743,2.240000009536743,2.1600000858306885,2.1600000858306885,2.111999988555908,2.0840001106262207,2.052000045776367,2.0160000324249268,1.9859999418258667,1.9639999866485596,1.9320000410079956,1.9019999504089355,1.9019999504089355,1.8799999952316284,1.8639999628067017,1.8539999723434448,1.8420000076293945,1.8320000171661377,1.8200000524520874,1.7999999523162842,1.7799999713897705,1.7799999713897705,1.7580000162124634,1.7339999675750732,1.7139999866485596,1.6979999542236328,1.6759999990463257,1.6540000438690186,1.6200000047683716,1.5099999904632568,1.4980000257492065,1.4980000257492065,1.4980000257492065,1.4839999675750732,inf,inf,inf,inf,inf,1.4019999504089355,1.4019999504089355,1.4019999504089355,1.4019999504089355,1.4019999504089355,1.3880000114440918,...,0.0,0.0,47.0,47.0,47.0,47.0,47.0,47.0,47.0,47.0,47.0,0.0,0.0,0.0,0.0,0.0,0.0,0.0,0.0,0.0,0.0,0.0,0.0,0.0,0.0,0.0,0.0,0.0,0.0,0.0,0.0,0.0,0.0,0.0,0.0,0.0,0.0,0.0,0.0,0.0,0.0,0.0,0.0,0.0,0.0,0.0,0.0,0.0,0.0,0.0,0.0,0.0,0.0,0.0,0.0,0.0,0.0,0.0,0.0,0.0,0.0,0.0,0.0,0.0,0.0,0.0,0.0,0.0,0.0,0.0,47.0,47.0,47.0,47.0,47.0,0.0,0.0,0.0,0.0,0.0,0.0,0.0,0.0,0.0,0.0,0.0,0.0,0.0,0.0,0.0,0.0,47.0,47.0,47.0,47.0,47.0,0.0,0.0,0.0,0.0,0.0,0.0,0.0,0.0,0.0,0.0,0.0,0.0,0.0,0.0,0.0,0.0,0.0,0.0,0.0,0.0,0.0,0.0,0.0,0.0,0.0,0.0,0.0,47.0,47.0,47.0,47.0,47.0,...
1763031244,323105432,laser,-3.1241390705108643,3.1415927410125732,0.0034828970674425364,5.366599725675769e-05,0.09654512256383896,0.15000000596046448,16.0,9.904000282287598,9.904000282287598,9.880000114440918,9.880000114440918,8.32800006866455,8.32800006866455,8.32800006866455,8.32800006866455,8.32800006866455,8.336000442504883,8.336000442504883,8.336000442504883,8.319999694824219,8.319999694824219,8.319999694824219,8.336000442504883,8.32800006866455,8.319999694824219,8.319999694824219,8.32800006866455,8.32800006866455,8.32800006866455,8.32800006866455,8.336000442504883,8.343999862670898,8.343999862670898,8.343999862670898,8.343999862670898,8.368000030517578,8.368000030517578,10.576000213623047,10.576000213623047,10.576000213623047,inf,inf,inf,inf,inf,inf,inf,inf,inf,inf,inf,inf,inf,inf,inf,inf,inf,inf,3.8919999599456787,3.8919999599456787,3.8919999599456787,3.8919999599456787,3.8919999599456787,3.808000087738037,3.808000087738037,3.75600004196167,3.740000009536743,3.740000009536743,3.7360000610351562,3.74399995803833,3.747999906539917,3.747999906539917,3.747999906539917,2.927999973297119,2.927999973297119,2.927999973297119,2.880000114440918,2.880000114440918,2.7279999256134033,2.7279999256134033,2.6760001182556152,2.640000104904175,2.5880000591278076,2.5320000648498535,2.4800000190734863,2.4200000762939453,2.371999979019165,2.3239998817443848,2.3239998817443848,2.2839999198913574,2.2039999961853027,2.2039999961853027,2.187999963760376,2.135999917984009,2.0999999046325684,2.0799999237060547,2.052000045776367,2.052000045776367,2.0139999389648438,1.9759999513626099,1.9420000314712524,1.9179999828338623,1.9019999504089355,1.8940000534057617,1.8899999856948853,1.8799999952316284,1.8619999885559082,1.8619999885559082,1.8380000591278076,1.8200000524520874,1.7979999780654907,1.7740000486373901,1.75,1.7300000190734863,1.7079999446868896,1.6859999895095825,1.6859999895095825,1.6660000085830688,1.6480000019073486,1.5080000162124634,1.5080000162124634,1.5080000162124634,1.49399995803833,1.4800000190734863,inf,inf,inf,inf,1.399999976158142,1.399999976158142,1.399999976158142,1.399999976158142,1.399999976158142,1.3839999437332153,1.3839999437332153,...,0.0,0.0,47.0,47.0,47.0,47.0,47.0,47.0,47.0,47.0,0.0,0.0,0.0,0.0,0.0,0.0,0.0,0.0,0.0,0.0,0.0,0.0,0.0,0.0,0.0,0.0,0.0,0.0,0.0,0.0,0.0,0.0,0.0,0.0,0.0,0.0,0.0,0.0,0.0,0.0,0.0,0.0,0.0,0.0,0.0,0.0,0.0,0.0,0.0,0.0,0.0,0.0,0.0,0.0,0.0,0.0,0.0,0.0,0.0,0.0,0.0,0.0,0.0,0.0,0.0,0.0,0.0,0.0,0.0,47.0,47.0,47.0,47.0,47.0,0.0,0.0,0.0,0.0,0.0,0.0,0.0,0.0,0.0,0.0,0.0,0.0,0.0,0.0,0.0,0.0,0.0,0.0,0.0,0.0,0.0,0.0,0.0,0.0,0.0,0.0,0.0,0.0,0.0,0.0,0.0,0.0,0.0,0.0,0.0,0.0,0.0,0.0,0.0,0.0,0.0,0.0,0.0,0.0,0.0,0.0,0.0,0.0,0.0,0.0,0.0,0.0,0.0,0.0,...
1763031244,421309818,laser,-3.1241390705108643,3.1415927410125732,0.0034828970674425364,5.3702155128121376e-05,0.0966101735830307,0.15000000596046448,16.0,9.904000282287598,9.871999740600586,9.855999946594238,9.855999946594238,inf,inf,inf,8.32800006866455,8.32800006866455,8.32800006866455,8.32800006866455,8.32800006866455,8.32800006866455,8.312000274658203,8.319999694824219,8.32800006866455,8.319999694824219,8.319999694824219,8.312000274658203,8.312000274658203,8.32800006866455,8.319999694824219,8.319999694824219,8.343999862670898,8.343999862670898,8.343999862670898,8.32800006866455,8.343999862670898,8.359999656677246,10.543999671936035,10.543999671936035,10.543999671936035,10.543999671936035,inf,inf,inf,inf,inf,inf,inf,inf,inf,inf,inf,inf,inf,inf,inf,inf,inf,inf,3.8959999084472656,3.8959999084472656,3.8959999084472656,3.8959999084472656,3.8959999084472656,3.808000087738037,3.808000087738037,3.75600004196167,3.740000009536743,3.740000009536743,3.7360000610351562,3.740000009536743,3.747999906539917,3.747999906539917,3.747999906539917,2.940000057220459,2.940000057220459,2.940000057220459,2.880000114440918,2.880000114440918,2.819999933242798,2.740000009536743,2.6760001182556152,2.631999969482422,2.5799999237060547,2.5199999809265137,2.4719998836517334,2.4200000762939453,2.368000030517578,2.3239998817443848,2.3239998817443848,2.2880001068115234,2.2039999961853027,2.2039999961853027,2.184000015258789,2.131999969482422,2.0999999046325684,2.0799999237060547,2.052000045776367,2.052000045776367,2.0160000324249268,1.9859999418258667,1.965999960899353,1.9459999799728394,1.934000015258789,1.9240000247955322,1.9079999923706055,1.8899999856948853,1.8680000305175781,1.8680000305175781,1.840000033378601,1.8200000524520874,1.7979999780654907,1.7740000486373901,1.75,1.7300000190734863,1.7079999446868896,1.6859999895095825,1.6859999895095825,1.6660000085830688,1.6460000276565552,1.5080000162124634,1.5080000162124634,1.5080000162124634,1.49399995803833,1.4800000190734863,1.465999960899353,1.4299999475479126,1.4299999475479126,1.4299999475479126,1.4299999475479126,1.4299999475479126,1.399999976158142,1.399999976158142,1.399999976158142,1.3839999437332153,1.3839999437332153,...,0.0,0.0,0.0,47.0,47.0,47.0,47.0,47.0,47.0,47.0,47.0,0.0,0.0,0.0,0.0,0.0,0.0,0.0,0.0,0.0,0.0,0.0,0.0,0.0,0.0,0.0,0.0,0.0,0.0,0.0,0.0,0.0,0.0,0.0,0.0,0.0,0.0,0.0,0.0,0.0,0.0,0.0,0.0,0.0,0.0,0.0,0.0,0.0,0.0,0.0,0.0,0.0,0.0,0.0,0.0,0.0,0.0,0.0,0.0,0.0,0.0,0.0,0.0,0.0,0.0,0.0,0.0,0.0,0.0,0.0,47.0,47.0,47.0,47.0,47.0,0.0,0.0,0.0,0.0,0.0,0.0,0.0,0.0,0.0,0.0,0.0,0.0,0.0,0.0,0.0,0.0,0.0,0.0,0.0,0.0,0.0,0.0,0.0,0.0,0.0,0.0,0.0,0.0,0.0,0.0,0.0,0.0,0.0,0.0,0.0,0.0,0.0,0.0,0.0,0.0,0.0,0.0,0.0,0.0,0.0,0.0,0.0,0.0,0.0,0.0,0.0,0.0,0.0,...
1763031244,519318569,laser,-3.1241390705108643,3.1415927410125732,0.0034828970674425364,5.388861973187886e-05,0.0969456285238266,0.15000000596046448,16.0,9.895999908447266,9.86400032043457,9.847999572753906,9.847999572753906,inf,inf,inf,8.32800006866455,8.32800006866455,8.32800006866455,8.32800006866455,8.32800006866455,8.32800006866455,8.312000274658203,8.319999694824219,8.319999694824219,8.312000274658203,8.312000274658203,8.312000274658203,8.312000274658203,8.319999694824219,8.319999694824219,8.319999694824219,8.343999862670898,8.343999862670898,8.35200023651123,8.336000442504883,8.343999862670898,8.359999656677246,10.543999671936035,10.543999671936035,10.543999671936035,10.543999671936035,inf,inf,inf,inf,inf,inf,inf,inf,inf,inf,inf,inf,inf,inf,inf,inf,inf,inf,3.888000011444092,3.888000011444092,3.888000011444092,3.888000011444092,3.888000011444092,3.7880001068115234,3.7880001068115234,3.7880001068115234,3.740000009536743,3.740000009536743,3.74399995803833,3.747999906539917,3.747999906539917,3.747999906539917,3.747999906539917,3.747999906539917,2.9200000762939453,2.9200000762939453,2.9200000762939453,2.859999895095825,2.799999952316284,2.7360000610351562,2.6640000343322754,2.615999937057495,2.568000078201294,2.568000078201294,2.507999897003174,2.4560000896453857,2.4079999923706055,2.368000030517578,2.319999933242798,2.2960000038146973,2.191999912261963,2.191999912261963,2.171999931335449,2.128000020980835,2.128000020980835,2.0999999046325684,2.072000026702881,2.0320000648498535,2.0,1.9780000448226929,1.9479999542236328,1.9119999408721924,1.9119999408721924,1.8839999437332153,1.8839999437332153,1.8739999532699585,1.8559999465942383,1.8480000495910645,1.8359999656677246,1.8140000104904175,1.7879999876022339,1.7660000324249268,1.7660000324249268,1.746000051498413,1.722000002861023,1.7000000476837158,1.6820000410079956,1.6640000343322754,1.6380000114440918,1.5219999551773071,1.503999948501587,1.503999948501587,1.4900000095367432,1.4900000095367432,1.4780000448226929,inf,inf,inf,inf,1.409999966621399,1.409999966621399,1.409999966621399,1.409999966621399,1.409999966621399,1.399999976158142,...,0.0,0.0,0.0,47.0,47.0,47.0,47.0,47.0,47.0,47.0,47.0,0.0,0.0,0.0,0.0,0.0,0.0,0.0,0.0,0.0,0.0,0.0,0.0,0.0,0.0,0.0,0.0,0.0,0.0,0.0,0.0,0.0,0.0,0.0,0.0,0.0,0.0,0.0,0.0,0.0,0.0,0.0,0.0,0.0,0.0,0.0,0.0,0.0,0.0,0.0,0.0,0.0,0.0,0.0,0.0,0.0,0.0,0.0,0.0,0.0,0.0,0.0,0.0,0.0,0.0,0.0,0.0,0.0,0.0,0.0,47.0,47.0,47.0,47.0,47.0,0.0,0.0,0.0,0.0,0.0,0.0,0.0,0.0,0.0,0.0,0.0,0.0,0.0,0.0,0.0,0.0,47.0,47.0,47.0,47.0,47.0,0.0,0.0,0.0,0.0,0.0,0.0,0.0,0.0,0.0,0.0,0.0,0.0,0.0,0.0,0.0,0.0,0.0,0.0,0.0,0.0,0.0,0.0,0.0,0.0,0.0,0.0,0.0,0.0,0.0,0.0,0.0,0.0,...
1763031244,617851264,laser,-3.1241390705108643,3.1415927410125732,0.0034828970674425364,5.3744723118143156e-05,0.09668675810098648,0.15000000596046448,16.0,9.895999908447266,9.895999908447266,9.86400032043457,9.86400032043457,8.312000274658203,8.312000274658203,8.312000274658203,8.312000274658203,8.312000274658203,8.319999694824219,8.319999694824219,8.319999694824219,8.319999694824219,8.312000274658203,8.319999694824219,8.319999694824219,8.319999694824219,8.319999694824219,8.312000274658203,8.312000274658203,8.32800006866455,8.32800006866455,8.32800006866455,8.32800006866455,8.343999862670898,8.343999862670898,8.343999862670898,8.368000030517578,8.368000030517578,8.368000030517578,10.399999618530273,10.399999618530273,10.399999618530273,inf,inf,inf,inf,inf,inf,inf,inf,inf,inf,inf,inf,inf,inf,inf,inf,inf,inf,inf,inf,inf,3.75600004196167,3.75600004196167,3.75600004196167,3.75600004196167,3.75600004196167,3.74399995803833,3.7360000610351562,3.7360000610351562,3.740000009536743,3.74399995803833,3.747999906539917,3.752000093460083,2.8919999599456787,2.8919999599456787,2.8919999599456787,2.8399999141693115,2.8399999141693115,2.8399999141693115,2.7799999713897705,2.700000047683716,2.6440000534057617,2.5999999046325684,2.5439999103546143,2.492000102996826,2.444000005722046,2.384000062942505,2.3359999656677246,2.2920000553131104,2.2920000553131104,2.247999906539917,2.2239999771118164,2.196000099182129,2.1480000019073486,2.1080000400543213,2.0799999237060547,2.0480000972747803,2.01200008392334,1.9859999418258667,1.9859999418258667,1.9620000123977661,1.9299999475479126,1.9040000438690186,1.8860000371932983,1.8760000467300415,1.8739999532699585,1.8600000143051147,1.843999981880188,1.843999981880188,1.8259999752044678,1.7999999523162842,1.777999997138977,1.7580000162124634,1.7339999675750732,1.7120000123977661,1.6959999799728394,1.6740000247955322,1.6740000247955322,1.649999976158142,1.4980000257492065,1.4980000257492065,1.4980000257492065,1.4980000257492065,1.4839999675750732,inf,inf,inf,inf,1.4019999504089355,1.4019999504089355,1.4019999504089355,1.4019999504089355,1.4019999504089355,1.3860000371932983,1.3860000371932983,...,0.0,0.0,47.0,47.0,47.0,47.0,47.0,47.0,47.0,47.0,0.0,0.0,0.0,0.0,0.0,0.0,0.0,0.0,0.0,47.0,47.0,47.0,47.0,47.0,0.0,0.0,0.0,0.0,0.0,0.0,0.0,0.0,0.0,0.0,0.0,0.0,0.0,0.0,0.0,0.0,0.0,0.0,0.0,0.0,0.0,0.0,0.0,0.0,0.0,0.0,0.0,0.0,0.0,0.0,0.0,0.0,0.0,0.0,0.0,0.0,0.0,0.0,0.0,0.0,0.0,0.0,0.0,0.0,0.0,0.0,0.0,0.0,0.0,0.0,0.0,0.0,0.0,0.0,0.0,0.0,0.0,0.0,0.0,0.0,0.0,0.0,0.0,0.0,0.0,0.0,0.0,0.0,0.0,0.0,0.0,0.0,0.0,0.0,0.0,0.0,0.0,0.0,0.0,0.0,0.0,0.0,0.0,0.0,0.0,0.0,0.0,0.0,0.0,0.0,0.0,0.0,0.0,0.0,0.0,0.0,0.0,0.0,0.0,0.0,0.0,0.0,0.0,0.0,...
1763031244,715934073,laser,-3.1241390705108643,3.1415927410125732,0.0034828970674425364,5.713637438020669e-05,0.10278833657503128,0.15000000596046448,16.0,9.944000244140625,9.880000114440918,9.855999946594238,9.86400032043457,inf,inf,8.32800006866455,8.32800006866455,8.32800006866455,8.32800006866455,8.32800006866455,8.32800006866455,8.32800006866455,8.312000274658203,8.312000274658203,8.32800006866455,8.319999694824219,8.312000274658203,8.312000274658203,8.312000274658203,8.319999694824219,8.319999694824219,8.319999694824219,8.32800006866455,8.343999862670898,8.336000442504883,8.336000442504883,8.336000442504883,8.359999656677246,8.407999992370605,inf,inf,inf,inf,inf,inf,inf,inf,inf,inf,inf,inf,inf,inf,inf,inf,inf,inf,inf,inf,inf,inf,3.75600004196167,3.75600004196167,3.75600004196167,3.75600004196167,3.75600004196167,3.740000009536743,3.740000009536743,3.740000009536743,3.740000009536743,3.7320001125335693,3.740000009536743,3.74399995803833,3.747999906539917,3.752000093460083,2.8919999599456787,2.8919999599456787,2.8919999599456787,2.8919999599456787,2.8239998817443848,2.8239998817443848,2.759999990463257,2.700000047683716,2.6440000534057617,2.5999999046325684,2.5439999103546143,2.48799991607666,2.440000057220459,2.384000062942505,2.3359999656677246,2.2920000553131104,2.2920000553131104,2.247999906539917,2.2239999771118164,2.196000099182129,2.1480000019073486,2.1080000400543213,2.0759999752044678,2.0480000972747803,2.01200008392334,1.9919999837875366,1.9919999837875366,1.9759999513626099,1.9559999704360962,1.940000057220459,1.9320000410079956,1.9199999570846558,1.9019999504089355,1.9019999504089355,1.8480000495910645,1.8480000495910645,1.8259999752044678,1.8020000457763672,1.777999997138977,1.7580000162124634,1.7339999675750732,1.7120000123977661,1.6959999799728394,1.6720000505447388,1.6720000505447388,1.649999976158142,1.5299999713897705,1.5299999713897705,1.5080000162124634,1.4980000257492065,1.4859999418258667,inf,inf,inf,inf,inf,1.4019999504089355,1.4019999504089355,1.4019999504089355,1.4019999504089355,1.4019999504089355,1.3880000114440918,...,0.0,0.0,0.0,0.0,47.0,47.0,47.0,47.0,47.0,47.0,47.0,0.0,0.0,0.0,0.0,0.0,0.0,0.0,0.0,0.0,47.0,47.0,47.0,47.0,47.0,0.0,0.0,0.0,0.0,0.0,0.0,0.0,0.0,0.0,0.0,0.0,0.0,0.0,0.0,0.0,0.0,0.0,0.0,0.0,0.0,0.0,0.0,0.0,0.0,0.0,0.0,0.0,0.0,0.0,0.0,0.0,0.0,0.0,0.0,0.0,0.0,0.0,0.0,0.0,0.0,0.0,0.0,47.0,47.0,47.0,47.0,47.0,0.0,0.0,0.0,0.0,0.0,0.0,0.0,0.0,0.0,0.0,0.0,0.0,0.0,0.0,0.0,0.0,0.0,0.0,0.0,0.0,0.0,0.0,0.0,0.0,0.0,0.0,0.0,0.0,0.0,0.0,0.0,0.0,0.0,0.0,0.0,0.0,0.0,0.0,0.0,0.0,0.0,0.0,0.0,0.0,0.0,0.0,0.0,0.0,0.0,0.0,0.0,0.0,47.0,47.0,47.0,47.0,...
1763031244,820265742,laser,-3.1241390705108643,3.1415927410125732,0.0034828970674425364,5.3777112043462694e-05,0.09674502909183502,0.15000000596046448,16.0,9.895999908447266,9.895999908447266,9.855999946594238,9.86400032043457,9.86400032043457,8.32800006866455,8.32800006866455,8.32800006866455,8.32800006866455,8.32800006866455,8.32800006866455,8.32800006866455,8.32800006866455,8.312000274658203,8.312000274658203,8.319999694824219,8.319999694824219,8.312000274658203,8.312000274658203,8.312000274658203,8.319999694824219,8.312000274658203,8.319999694824219,8.32800006866455,8.343999862670898,8.336000442504883,8.336000442504883,8.336000442504883,8.359999656677246,8.416000366210938,10.616000175476074,10.616000175476074,10.616000175476074,10.616000175476074,inf,inf,inf,inf,inf,inf,inf,inf,inf,inf,inf,inf,inf,inf,inf,inf,inf,3.8959999084472656,3.8959999084472656,3.8959999084472656,3.8959999084472656,3.8959999084472656,3.808000087738037,3.808000087738037,3.808000087738037,3.752000093460083,3.7360000610351562,3.7360000610351562,3.740000009536743,3.747999906539917,3.747999906539917,3.747999906539917,3.747999906539917,2.947999954223633,2.947999954223633,2.947999954223633,2.871999979019165,2.803999900817871,2.7360000610351562,2.6679999828338623,2.615999937057495,2.563999891281128,2.51200008392334,2.51200008392334,2.4719998836517334,2.4200000762939453,2.368000030517578,2.328000068664551,2.303999900817871,2.184000015258789,2.184000015258789,2.187999963760376,2.131999969482422,2.131999969482422,2.0999999046325684,2.072000026702881,2.0439999103546143,2.0139999389648438,1.9859999418258667,1.9500000476837158,1.9179999828338623,1.899999976158142,1.899999976158142,1.8919999599456787,1.8819999694824219,1.8680000305175781,1.8580000400543213,1.8380000591278076,1.815999984741211,1.7940000295639038,1.7699999809265137,1.7699999809265137,1.75,1.7280000448226929,1.7079999446868896,1.6859999895095825,1.6640000343322754,1.6399999856948853,1.5219999551773071,1.50600004196167,1.50600004196167,1.4900000095367432,1.4819999933242798,1.4819999933242798,inf,inf,inf,inf,1.409999966621399,1.409999966621399,1.409999966621399,1.409999966621399,1.409999966621399,1.399999976158142,...,0.0,47.0,47.0,47.0,47.0,47.0,47.0,47.0,47.0,47.0,0.0,0.0,0.0,0.0,0.0,0.0,0.0,0.0,0.0,47.0,47.0,47.0,47.0,47.0,0.0,0.0,0.0,0.0,0.0,0.0,0.0,0.0,0.0,0.0,0.0,0.0,0.0,0.0,0.0,0.0,0.0,0.0,0.0,0.0,0.0,0.0,0.0,0.0,0.0,0.0,0.0,0.0,0.0,0.0,0.0,0.0,0.0,0.0,0.0,0.0,0.0,0.0,0.0,0.0,0.0,0.0,0.0,0.0,0.0,0.0,0.0,0.0,0.0,0.0,0.0,0.0,0.0,0.0,0.0,0.0,0.0,0.0,0.0,0.0,0.0,0.0,0.0,0.0,0.0,0.0,0.0,47.0,47.0,47.0,47.0,47.0,0.0,0.0,0.0,0.0,0.0,0.0,0.0,0.0,0.0,0.0,0.0,0.0,0.0,0.0,0.0,0.0,0.0,0.0,0.0,0.0,0.0,0.0,0.0,0.0,0.0,0.0,0.0,47.0,47.0,47.0,47.0,47.0,...
1763031244,918650531,laser,-3.1241390705108643,3.1415927410125732,0.0034828970674425364,5.372941814130172e-05,0.09665922820568085,0.15000000596046448,16.0,9.928000450134277,9.855999946594238,9.84000015258789,9.84000015258789,9.807999610900879,inf,inf,8.32800006866455,8.32800006866455,8.32800006866455,8.32800006866455,8.32800006866455,8.32800006866455,8.312000274658203,8.32800006866455,8.319999694824219,8.319999694824219,8.319999694824219,8.312000274658203,8.312000274658203,8.319999694824219,8.319999694824219,8.319999694824219,8.319999694824219,8.343999862670898,8.35200023651123,8.32800006866455,8.343999862670898,8.359999656677246,8.472000122070312,8.472000122070312,inf,inf,inf,inf,inf,inf,inf,inf,inf,inf,inf,inf,inf,inf,inf,inf,inf,inf,inf,inf,inf,inf,3.8239998817443848,3.8239998817443848,3.8239998817443848,3.8239998817443848,3.8239998817443848,3.75600004196167,3.74399995803833,3.74399995803833,3.7360000610351562,3.740000009536743,3.74399995803833,3.747999906539917,3.752000093460083,2.888000011444092,2.888000011444092,2.828000068664551,2.828000068664551,2.828000068664551,2.828000068664551,2.687999963760376,2.687999963760376,2.6480000019073486,2.5959999561309814,2.5480000972747803,2.492000102996826,2.4240000247955322,2.368000030517578,2.3359999656677246,2.3359999656677246,2.2960000038146973,2.2320001125335693,2.2079999446868896,2.191999912261963,2.1480000019073486,2.1080000400543213,2.0759999752044678,2.0480000972747803,2.007999897003174,2.007999897003174,1.9780000448226929,1.9520000219345093,1.9199999570846558,1.8940000534057617,1.8700000047683716,1.850000023841858,1.840000033378601,1.8279999494552612,1.8279999494552612,1.8200000524520874,1.812000036239624,1.7960000038146973,1.7760000228881836,1.7519999742507935,1.7280000448226929,1.7120000123977661,1.690000057220459,1.690000057220459,1.6640000343322754,1.6460000276565552,1.5080000162124634,1.5080000162124634,1.5080000162124634,1.49399995803833,1.4819999933242798,1.468000054359436,inf,inf,inf,inf,inf,inf,1.399999976158142,1.399999976158142,1.399999976158142,1.399999976158142,...,0.0,0.0,0.0,47.0,47.0,47.0,47.0,47.0,47.0,47.0,47.0,0.0,0.0,0.0,0.0,0.0,0.0,0.0,0.0,0.0,0.0,0.0,0.0,0.0,0.0,0.0,0.0,0.0,0.0,0.0,0.0,0.0,0.0,0.0,0.0,0.0,0.0,0.0,0.0,0.0,0.0,0.0,0.0,0.0,0.0,0.0,0.0,0.0,0.0,0.0,0.0,0.0,0.0,0.0,0.0,0.0,0.0,0.0,0.0,0.0,0.0,0.0,0.0,0.0,0.0,0.0,0.0,0.0,0.0,0.0,0.0,0.0,0.0,0.0,0.0,0.0,0.0,0.0,0.0,0.0,0.0,0.0,0.0,0.0,0.0,0.0,0.0,0.0,0.0,0.0,0.0,0.0,0.0,0.0,0.0,0.0,0.0,0.0,0.0,0.0,0.0,0.0,0.0,0.0,0.0,0.0,0.0,0.0,0.0,0.0,0.0,0.0,0.0,0.0,0.0,0.0,0.0,0.0,0.0,0.0,0.0,0.0,0.0,0.0,0.0,0.0,0.0,0.0,...
1763031245,16925400,laser,-3.1241390705108643,3.1415927410125732,0.0034828970674425364,5.374316606321372e-05,0.09668395668268204,0.15000000596046448,16.0,9.831999778747559,9.831999778747559,9.84000015258789,9.86400032043457,9.86400032043457,8.32800006866455,8.32800006866455,8.32800006866455,8.32800006866455,8.32800006866455,8.32800006866455,8.32800006866455,8.32800006866455,8.312000274658203,8.312000274658203,8.319999694824219,8.312000274658203,8.303999900817871,8.312000274658203,8.312000274658203,8.312000274658203,8.312000274658203,8.312000274658203,8.319999694824219,8.336000442504883,8.336000442504883,8.336000442504883,8.32800006866455,8.35200023651123,8.423999786376953,10.600000381469727,inf,inf,inf,inf,inf,inf,inf,inf,inf,inf,inf,inf,inf,inf,inf,inf,inf,inf,inf,inf,inf,3.8559999465942383,3.8559999465942383,3.8559999465942383,3.8559999465942383,3.8559999465942383,3.7799999713897705,3.7799999713897705,3.740000009536743,3.7360000610351562,3.740000009536743,3.74399995803833,3.74399995803833,3.74399995803833,3.747999906539917,2.8919999599456787,2.8919999599456787,2.8919999599456787,2.8919999599456787,2.8320000171661377,2.7880001068115234,2.6480000019073486,2.6080000400543213,2.6080000400543213,2.6080000400543213,2.559999942779541,2.5,2.4519999027252197,2.3919999599456787,2.3440001010894775,2.2960000038146973,2.2799999713897705,2.196000099182129,2.196000099182129,2.196000099182129,2.1559998989105225,2.111999988555908,2.0880000591278076,2.052000045776367,2.0160000324249268,2.0,1.9739999771118164,1.9420000314712524,1.9420000314712524,1.9259999990463257,1.9220000505447388,1.9140000343322754,1.899999976158142,1.8760000467300415,1.8539999723434448,1.8339999914169312,1.812000036239624,1.812000036239624,1.784000039100647,1.7580000162124634,1.7380000352859497,1.7139999866485596,1.7000000476837158,1.6799999475479126,1.6540000438690186,1.6540000438690186,1.5099999904632568,1.4980000257492065,1.4980000257492065,1.4980000257492065,1.4859999418258667,1.4780000448226929,inf,inf,inf,inf,1.4040000438690186,1.4040000438690186,1.4040000438690186,1.4040000438690186,1.4040000438690186,1.3940000534057617,...,47.0,47.0,47.0,47.0,47.0,47.0,47.0,47.0,47.0,47.0,47.0,47.0,0.0,0.0,0.0,0.0,0.0,0.0,0.0,0.0,0.0,0.0,0.0,0.0,0.0,0.0,0.0,0.0,0.0,0.0,0.0,0.0,0.0,0.0,0.0,0.0,0.0,0.0,0.0,0.0,0.0,0.0,0.0,0.0,0.0,0.0,0.0,0.0,0.0,0.0,0.0,0.0,0.0,0.0,0.0,0.0,0.0,0.0,0.0,0.0,0.0,0.0,0.0,0.0,0.0,0.0,0.0,0.0,0.0,0.0,0.0,0.0,0.0,0.0,0.0,0.0,0.0,0.0,0.0,0.0,0.0,0.0,0.0,0.0,0.0,0.0,0.0,0.0,0.0,0.0,47.0,47.0,47.0,47.0,47.0,0.0,0.0,0.0,0.0,0.0,0.0,0.0,0.0,0.0,0.0,0.0,0.0,0.0,0.0,0.0,0.0,0.0,0.0,0.0,0.0,0.0,0.0,0.0,0.0,0.0,0.0,0.0,0.0,0.0,0.0,0.0,47.0,47.0,...
1763031245,115090584,laser,-3.1241390705108643,3.1415927410125732,0.0034828970674425364,5.378758578444831e-05,0.09676387161016464,0.15000000596046448,16.0,9.887999534606934,9.887999534606934,9.855999946594238,9.855999946594238,inf,inf,inf,8.312000274658203,8.312000274658203,8.312000274658203,8.312000274658203,8.312000274658203,8.312000274658203,8.303999900817871,8.303999900817871,8.312000274658203,8.319999694824219,8.319999694824219,8.312000274658203,8.303999900817871,8.319999694824219,8.312000274658203,8.312000274658203,8.312000274658203,8.32800006866455,8.343999862670898,8.343999862670898,8.35200023651123,8.343999862670898,8.343999862670898,10.359999656677246,10.359999656677246,10.359999656677246,inf,inf,inf,inf,inf,inf,inf,inf,inf,inf,inf,inf,inf,inf,inf,inf,inf,3.927999973297119,3.927999973297119,3.927999973297119,3.927999973297119,3.927999973297119,3.8239998817443848,3.8239998817443848,3.8239998817443848,3.75600004196167,3.740000009536743,3.740000009536743,3.740000009536743,3.740000009536743,3.74399995803833,3.747999906539917,3.747999906539917,2.888000011444092,2.888000011444092,2.815999984741211,2.815999984741211,2.815999984741211,2.815999984741211,2.740000009536743,2.6760001182556152,2.635999917984009,2.5920000076293945,2.5280001163482666,2.4760000705718994,2.4240000247955322,2.371999979019165,2.371999979019165,2.3359999656677246,2.2960000038146973,2.2079999446868896,2.2079999446868896,2.187999963760376,2.1440000534057617,2.111999988555908,2.0759999752044678,2.0759999752044678,2.0480000972747803,2.0199999809265137,1.9919999837875366,1.965999960899353,1.9479999542236328,1.934000015258789,1.9240000247955322,1.906000018119812,1.906000018119812,1.8880000114440918,1.871999979019165,1.8480000495910645,1.8240000009536743,1.7999999523162842,1.7740000486373901,1.75,1.7280000448226929,1.7100000381469727,1.7100000381469727,1.690000057220459,1.6640000343322754,1.6460000276565552,1.527999997138977,1.527999997138977,1.5080000162124634,1.496000051498413,1.4839999675750732,1.465999960899353,1.465999960899353,inf,1.4299999475479126,1.4299999475479126,1.4299999475479126,1.4299999475479126,1.4299999475479126,1.399999976158142,1.399999976158142,1.399999976158142,...,0.0,0.0,47.0,47.0,47.0,47.0,47.0,47.0,47.0,47.0,0.0,0.0,0.0,0.0,0.0,0.0,0.0,0.0,0.0,47.0,47.0,47.0,47.0,47.0,0.0,0.0,0.0,0.0,0.0,0.0,0.0,0.0,0.0,0.0,0.0,0.0,0.0,0.0,0.0,0.0,0.0,0.0,0.0,0.0,0.0,0.0,0.0,0.0,0.0,0.0,0.0,0.0,0.0,0.0,0.0,0.0,0.0,0.0,0.0,0.0,0.0,0.0,0.0,0.0,0.0,0.0,0.0,0.0,0.0,0.0,0.0,0.0,0.0,0.0,0.0,0.0,0.0,0.0,0.0,0.0,0.0,0.0,0.0,0.0,0.0,0.0,0.0,0.0,0.0,0.0,0.0,47.0,47.0,47.0,47.0,47.0,0.0,0.0,0.0,0.0,0.0,0.0,0.0,0.0,0.0,47.0,47.0,47.0,47.0,47.0,0.0,0.0,0.0,0.0,0.0,0.0,0.0,0.0,0.0,0.0,0.0,0.0,0.0,0.0,0.0,0.0,0.0,0.0,...
1763031245,213476399,laser,-3.1241390705108643,3.1415927410125732,0.0034828970674425364,5.367958510760218e-05,0.09656957536935806,0.15000000596046448,16.0,9.86400032043457,9.86400032043457,9.847999572753906,9.855999946594238,inf,8.319999694824219,8.319999694824219,8.319999694824219,8.319999694824219,8.319999694824219,8.32800006866455,8.32800006866455,8.32800006866455,8.312000274658203,8.312000274658203,8.319999694824219,8.319999694824219,8.312000274658203,8.303999900817871,8.303999900817871,8.312000274658203,8.303999900817871,8.312000274658203,8.319999694824219,8.319999694824219,8.319999694824219,8.319999694824219,8.32800006866455,8.343999862670898,8.416000366210938,10.48799991607666,inf,inf,inf,inf,inf,inf,inf,inf,inf,inf,inf,inf,inf,inf,inf,inf,inf,inf,inf,inf,inf,3.75600004196167,3.75600004196167,3.75600004196167,3.75600004196167,3.75600004196167,3.74399995803833,3.74399995803833,3.74399995803833,3.7360000610351562,3.740000009536743,3.74399995803833,3.74399995803833,3.747999906539917,3.747999906539917,2.888000011444092,2.888000011444092,2.888000011444092,2.888000011444092,2.819999933242798,2.759999990463257,2.700000047683716,2.6440000534057617,2.5959999561309814,2.5959999561309814,2.5439999103546143,2.4839999675750732,2.436000108718872,2.384000062942505,2.3359999656677246,2.2960000038146973,2.24399995803833,2.24399995803833,2.187999963760376,2.187999963760376,2.1440000534057617,2.111999988555908,2.078000068664551,2.0439999103546143,2.007999897003174,1.9839999675750732,1.9600000381469727,1.9240000247955322,1.9240000247955322,1.8980000019073486,1.8700000047683716,1.850000023841858,1.840000033378601,1.8259999752044678,1.8179999589920044,1.8079999685287476,1.8079999685287476,1.7940000295639038,1.7760000228881836,1.753999948501587,1.7300000190734863,1.7100000381469727,1.6920000314712524,1.6699999570846558,1.6699999570846558,1.649999976158142,1.6180000305175781,1.4919999837875366,1.4919999837875366,1.4919999837875366,1.4800000190734863,1.468000054359436,inf,inf,inf,inf,1.399999976158142,1.399999976158142,1.399999976158142,1.399999976158142,1.399999976158142,1.3880000114440918,...,47.0,47.0,47.0,47.0,47.0,47.0,47.0,47.0,47.0,47.0,47.0,47.0,0.0,0.0,0.0,0.0,0.0,0.0,47.0,47.0,47.0,47.0,47.0,0.0,0.0,0.0,0.0,0.0,0.0,0.0,0.0,0.0,0.0,0.0,0.0,0.0,0.0,0.0,0.0,0.0,0.0,0.0,0.0,0.0,0.0,0.0,0.0,0.0,0.0,0.0,0.0,0.0,0.0,0.0,0.0,0.0,0.0,0.0,0.0,0.0,0.0,0.0,0.0,0.0,0.0,0.0,0.0,0.0,0.0,47.0,47.0,47.0,47.0,47.0,0.0,0.0,0.0,0.0,0.0,0.0,0.0,0.0,0.0,0.0,0.0,0.0,0.0,0.0,0.0,0.0,0.0,0.0,0.0,0.0,0.0,0.0,0.0,0.0,0.0,0.0,0.0,0.0,0.0,0.0,0.0,0.0,0.0,0.0,0.0,0.0,0.0,0.0,0.0,0.0,0.0,0.0,0.0,0.0,0.0,0.0,0.0,0.0,0.0,0.0,0.0,0.0,47.0,47.0,...
1763031245,311741832,laser,-3.1241390705108643,3.1415927410125732,0.0034828970674425364,5.372885789256543e-05,0.09665821492671967,0.15000000596046448,16.0,9.871999740600586,9.871999740600586,9.847999572753906,9.86400032043457,8.319999694824219,8.319999694824219,8.319999694824219,8.319999694824219,8.319999694824219,8.319999694824219,8.319999694824219,8.319999694824219,8.312000274658203,8.312000274658203,8.312000274658203,8.312000274658203,8.312000274658203,8.303999900817871,8.303999900817871,8.312000274658203,8.312000274658203,8.303999900817871,8.303999900817871,8.312000274658203,8.32800006866455,8.319999694824219,8.32800006866455,8.32800006866455,8.35200023651123,8.336000442504883,inf,inf,inf,inf,inf,inf,inf,inf,inf,inf,inf,inf,inf,inf,inf,inf,inf,inf,inf,inf,inf,inf,inf,3.8239998817443848,3.8239998817443848,3.8239998817443848,3.8239998817443848,3.8239998817443848,3.75600004196167,3.740000009536743,3.7360000610351562,3.740000009536743,3.740000009536743,3.74399995803833,3.747999906539917,3.752000093460083,2.888000011444092,2.888000011444092,2.8399999141693115,2.8399999141693115,2.8399999141693115,2.7760000228881836,2.7039999961853027,2.6440000534057617,2.5959999561309814,2.5959999561309814,2.5439999103546143,2.48799991607666,2.436000108718872,2.384000062942505,2.3359999656677246,2.2960000038146973,2.252000093460083,2.252000093460083,2.187999963760376,2.187999963760376,2.1480000019073486,2.111999988555908,2.0799999237060547,2.0460000038146973,2.007999897003174,1.9839999675750732,1.9600000381469727,1.9600000381469727,1.9259999990463257,1.9040000438690186,1.8919999599456787,1.8819999694824219,1.8760000467300415,1.8619999885559082,1.843999981880188,1.8259999752044678,1.8259999752044678,1.8020000457763672,1.7760000228881836,1.753999948501587,1.7300000190734863,1.7100000381469727,1.6920000314712524,1.6699999570846558,1.6699999570846558,1.649999976158142,1.5080000162124634,1.5080000162124634,1.5080000162124634,1.4980000257492065,1.4859999418258667,inf,inf,inf,inf,inf,inf,1.4019999504089355,1.4019999504089355,1.4019999504089355,1.4019999504089355,1.4019999504089355,...,0.0,0.0,47.0,47.0,47.0,47.0,47.0,47.0,47.0,47.0,0.0,0.0,0.0,0.0,0.0,0.0,0.0,0.0,0.0,0.0,0.0,0.0,0.0,0.0,0.0,0.0,0.0,0.0,0.0,0.0,0.0,0.0,0.0,0.0,0.0,0.0,0.0,0.0,0.0,0.0,0.0,0.0,0.0,0.0,0.0,0.0,0.0,0.0,0.0,0.0,0.0,0.0,0.0,0.0,0.0,0.0,0.0,0.0,0.0,0.0,0.0,0.0,0.0,0.0,0.0,0.0,0.0,0.0,0.0,0.0,0.0,0.0,0.0,0.0,0.0,0.0,0.0,0.0,0.0,0.0,0.0,0.0,0.0,0.0,0.0,0.0,0.0,0.0,0.0,0.0,0.0,47.0,47.0,47.0,47.0,47.0,0.0,0.0,0.0,0.0,0.0,0.0,0.0,0.0,0.0,0.0,0.0,0.0,0.0,0.0,0.0,0.0,0.0,0.0,0.0,0.0,0.0,0.0,0.0,0.0,0.0,0.0,0.0,47.0,47.0,47.0,47.0,47.0,...
1763031245,410027728,laser,-3.1241390705108643,3.1415927410125732,0.0034828970674425364,5.366111872717738e-05,0.09653635323047638,0.15000000596046448,16.0,9.880000114440918,9.880000114440918,9.847999572753906,9.855999946594238,inf,8.319999694824219,8.319999694824219,8.319999694824219,8.319999694824219,8.319999694824219,8.319999694824219,8.319999694824219,8.312000274658203,8.312000274658203,8.303999900817871,8.312000274658203,8.312000274658203,8.303999900817871,8.303999900817871,8.312000274658203,8.312000274658203,8.312000274658203,8.303999900817871,8.312000274658203,8.32800006866455,8.32800006866455,8.319999694824219,8.319999694824219,8.336000442504883,8.383999824523926,10.496000289916992,inf,inf,inf,inf,inf,inf,inf,inf,inf,inf,inf,inf,inf,inf,inf,inf,inf,inf,inf,inf,inf,3.9240000247955322,3.9240000247955322,3.9240000247955322,3.9240000247955322,3.9240000247955322,3.819999933242798,3.75600004196167,3.740000009536743,3.740000009536743,3.7360000610351562,3.740000009536743,3.74399995803833,3.747999906539917,3.752000093460083,2.947999954223633,2.884000062942505,2.884000062942505,2.884000062942505,2.815999984741211,2.815999984741211,2.74399995803833,2.680000066757202,2.631999969482422,2.5880000591278076,2.5360000133514404,2.4839999675750732,2.4240000247955322,2.371999979019165,2.3239998817443848,2.2880001068115234,2.2880001068115234,2.187999963760376,2.187999963760376,2.187999963760376,2.1480000019073486,2.111999988555908,2.0799999237060547,2.0480000972747803,2.0199999809265137,1.9919999837875366,1.9919999837875366,1.9700000286102295,1.9620000123977661,1.9500000476837158,1.934000015258789,1.9179999828338623,1.8940000534057617,1.8940000534057617,1.8680000305175781,1.843999981880188,1.8259999752044678,1.8020000457763672,1.7740000486373901,1.7519999742507935,1.7300000190734863,1.7100000381469727,1.690000057220459,1.690000057220459,1.6660000085830688,1.6480000019073486,1.5180000066757202,1.5180000066757202,1.5080000162124634,1.496000051498413,1.4839999675750732,inf,inf,inf,inf,inf,1.4140000343322754,1.4140000343322754,1.4140000343322754,1.4140000343322754,1.4140000343322754,1.399999976158142,...,47.0,47.0,47.0,47.0,47.0,47.0,47.0,47.0,47.0,47.0,47.0,47.0,0.0,0.0,0.0,0.0,0.0,0.0,47.0,47.0,47.0,47.0,47.0,0.0,0.0,0.0,0.0,0.0,0.0,0.0,0.0,0.0,0.0,0.0,0.0,0.0,0.0,0.0,0.0,0.0,0.0,0.0,0.0,0.0,0.0,0.0,0.0,0.0,0.0,0.0,0.0,0.0,0.0,0.0,0.0,0.0,0.0,0.0,0.0,0.0,0.0,0.0,0.0,0.0,0.0,0.0,0.0,0.0,47.0,47.0,47.0,47.0,47.0,0.0,0.0,0.0,0.0,0.0,0.0,0.0,0.0,0.0,0.0,0.0,0.0,0.0,0.0,0.0,0.0,0.0,0.0,0.0,0.0,0.0,0.0,0.0,0.0,0.0,0.0,0.0,0.0,0.0,0.0,0.0,0.0,0.0,0.0,0.0,0.0,0.0,0.0,0.0,0.0,0.0,0.0,0.0,0.0,0.0,0.0,0.0,0.0,0.0,0.0,0.0,0.0,47.0,47.0,47.0,...
1763031245,508170879,laser,-3.1241390705108643,3.1415927410125732,0.0034828970674425364,5.3738895076094195e-05,0.09667627513408661,0.15000000596046448,16.0,9.871999740600586,9.871999740600586,9.847999572753906,9.847999572753906,8.319999694824219,8.319999694824219,8.319999694824219,8.319999694824219,8.319999694824219,8.319999694824219,8.319999694824219,8.319999694824219,8.319999694824219,8.303999900817871,8.312000274658203,8.312000274658203,8.312000274658203,8.303999900817871,8.303999900817871,8.303999900817871,8.312000274658203,8.303999900817871,8.295999526977539,8.319999694824219,8.336000442504883,8.336000442504883,8.319999694824219,8.32800006866455,8.343999862670898,inf,inf,inf,inf,inf,inf,inf,inf,inf,inf,inf,inf,inf,inf,inf,inf,inf,inf,inf,inf,inf,3.880000114440918,3.880000114440918,3.880000114440918,3.880000114440918,3.880000114440918,3.7839999198913574,3.7839999198913574,3.7839999198913574,3.7839999198913574,3.740000009536743,3.740000009536743,3.740000009536743,3.747999906539917,3.747999906539917,3.74399995803833,3.74399995803833,3.74399995803833,2.931999921798706,2.864000082015991,2.864000082015991,2.864000082015991,2.7960000038146973,2.7279999256134033,2.6559998989105225,2.619999885559082,2.503999948501587,2.503999948501587,2.4519999027252197,2.4079999923706055,2.368000030517578,2.368000030517578,2.2760000228881836,2.180000066757202,2.180000066757202,2.180000066757202,2.1679999828338623,2.119999885559082,2.0959999561309814,2.068000078201294,2.068000078201294,2.0399999618530273,2.009999990463257,1.9800000190734863,1.9500000476837158,1.9160000085830688,1.8940000534057617,1.8860000371932983,1.8739999532699585,1.8600000143051147,1.8600000143051147,1.850000023841858,1.8339999914169312,1.8140000104904175,1.7920000553131104,1.7680000066757202,1.746000051498413,1.7259999513626099,1.7059999704360962,1.7059999704360962,1.6859999895095825,1.6619999408721924,1.6399999856948853,1.5160000324249268,1.5160000324249268,1.50600004196167,1.4900000095367432,1.4780000448226929,inf,inf,inf,1.4079999923706055,1.4079999923706055,1.4079999923706055,1.4079999923706055,1.4079999923706055,1.399999976158142,1.399999976158142,1.399999976158142,...,0.0,47.0,47.0,47.0,47.0,47.0,47.0,47.0,47.0,47.0,0.0,0.0,0.0,0.0,0.0,0.0,0.0,0.0,0.0,47.0,47.0,47.0,47.0,47.0,0.0,0.0,0.0,0.0,0.0,0.0,0.0,0.0,0.0,0.0,0.0,0.0,0.0,0.0,0.0,0.0,0.0,0.0,0.0,0.0,0.0,0.0,0.0,0.0,0.0,0.0,0.0,0.0,0.0,0.0,0.0,0.0,0.0,0.0,0.0,0.0,0.0,0.0,0.0,0.0,0.0,0.0,0.0,0.0,0.0,47.0,47.0,47.0,47.0,47.0,0.0,0.0,0.0,0.0,0.0,0.0,0.0,0.0,0.0,0.0,0.0,0.0,0.0,0.0,0.0,0.0,0.0,0.0,0.0,0.0,0.0,0.0,0.0,0.0,0.0,0.0,0.0,0.0,0.0,0.0,0.0,0.0,0.0,47.0,47.0,47.0,47.0,47.0,0.0,0.0,0.0,0.0,0.0,0.0,0.0,0.0,0.0,0.0,0.0,0.0,0.0,0.0,0.0,0.0,...
1763031245,606211872,laser,-3.1241390705108643,3.1415927410125732,0.0034828970674425364,5.3903688240097836e-05,0.09697273373603821,0.15000000596046448,16.0,9.887999534606934,9.887999534606934,9.86400032043457,9.904000282287598,inf,inf,8.312000274658203,8.312000274658203,8.312000274658203,8.312000274658203,8.312000274658203,8.312000274658203,8.312000274658203,8.303999900817871,8.312000274658203,8.312000274658203,8.312000274658203,8.312000274658203,8.312000274658203,8.312000274658203,8.312000274658203,8.312000274658203,8.312000274658203,8.303999900817871,8.319999694824219,8.336000442504883,8.336000442504883,8.343999862670898,8.35200023651123,8.35200023651123,10.48799991607666,10.48799991607666,inf,inf,inf,inf,inf,inf,inf,inf,inf,inf,inf,inf,inf,inf,inf,inf,inf,inf,inf,inf,3.808000087738037,3.808000087738037,3.808000087738037,3.808000087738037,3.808000087738037,3.74399995803833,3.74399995803833,3.740000009536743,3.740000009536743,3.7360000610351562,3.740000009536743,3.747999906539917,3.747999906539917,3.747999906539917,2.931999921798706,2.880000114440918,2.880000114440918,2.880000114440918,2.880000114440918,2.812000036239624,2.74399995803833,2.680000066757202,2.628000020980835,2.5199999809265137,2.5199999809265137,2.4200000762939453,2.4200000762939453,2.380000114440918,2.3239998817443848,2.3239998817443848,2.2880001068115234,2.187999963760376,2.187999963760376,2.187999963760376,2.1480000019073486,2.1080000400543213,2.0759999752044678,2.0480000972747803,2.003999948501587,2.003999948501587,1.9700000286102295,1.9459999799728394,1.909999966621399,1.8839999437332153,1.8680000305175781,1.8519999980926514,1.8380000591278076,1.8339999914169312,1.8339999914169312,1.8220000267028809,1.8079999685287476,1.7920000553131104,1.7699999809265137,1.7480000257492065,1.7259999513626099,1.7100000381469727,1.687999963760376,1.6640000343322754,1.6640000343322754,1.6440000534057617,1.5080000162124634,1.5080000162124634,1.4919999837875366,1.4919999837875366,1.4800000190734863,1.465999960899353,inf,1.4299999475479126,1.4299999475479126,1.4299999475479126,1.4299999475479126,1.4299999475479126,1.399999976158142,1.399999976158142,1.399999976158142,1.3860000371932983,...,47.0,47.0,47.0,47.0,47.0,47.0,47.0,47.0,47.0,47.0,47.0,0.0,0.0,0.0,0.0,0.0,0.0,0.0,0.0,0.0,0.0,0.0,0.0,0.0,0.0,0.0,0.0,0.0,0.0,0.0,0.0,0.0,0.0,0.0,0.0,0.0,0.0,0.0,0.0,0.0,0.0,0.0,0.0,0.0,0.0,0.0,0.0,0.0,0.0,0.0,0.0,0.0,0.0,0.0,0.0,0.0,0.0,0.0,0.0,0.0,0.0,0.0,0.0,0.0,0.0,0.0,0.0,0.0,0.0,0.0,0.0,0.0,0.0,0.0,0.0,0.0,0.0,0.0,0.0,0.0,0.0,0.0,0.0,0.0,0.0,0.0,0.0,0.0,0.0,47.0,47.0,47.0,47.0,47.0,0.0,0.0,0.0,0.0,0.0,0.0,0.0,0.0,0.0,0.0,0.0,0.0,0.0,0.0,0.0,0.0,0.0,0.0,0.0,0.0,0.0,0.0,0.0,0.0,0.0,0.0,0.0,0.0,0.0,0.0,0.0,0.0,0.0,0.0,...
1763031245,704854625,laser,-3.1241390705108643,3.1415927410125732,0.0034828970674425364,5.3638646932085976e-05,0.09649592638015747,0.15000000596046448,16.0,9.855999946594238,9.855999946594238,9.855999946594238,9.84000015258789,inf,8.319999694824219,8.319999694824219,8.319999694824219,8.319999694824219,8.319999694824219,8.312000274658203,8.312000274658203,8.312000274658203,8.312000274658203,8.312000274658203,8.312000274658203,8.312000274658203,8.312000274658203,8.303999900817871,8.295999526977539,8.312000274658203,8.312000274658203,8.303999900817871,8.319999694824219,8.319999694824219,8.32800006866455,8.319999694824219,8.336000442504883,8.35200023651123,10.423999786376953,10.423999786376953,10.423999786376953,10.423999786376953,10.423999786376953,inf,inf,inf,inf,inf,inf,inf,inf,inf,inf,inf,4.639999866485596,4.639999866485596,4.639999866485596,4.639999866485596,4.639999866485596,inf,inf,3.759999990463257,3.759999990463257,3.759999990463257,3.759999990463257,3.759999990463257,3.74399995803833,3.74399995803833,3.74399995803833,3.7360000610351562,3.7360000610351562,3.7360000610351562,3.74399995803833,3.747999906539917,3.747999906539917,2.880000114440918,2.880000114440918,2.880000114440918,2.880000114440918,2.819999933242798,2.7639999389648438,2.7639999389648438,2.6480000019073486,2.6480000019073486,2.5999999046325684,2.5439999103546143,2.4839999675750732,2.440000057220459,2.384000062942505,2.3359999656677246,2.2960000038146973,2.259999990463257,2.259999990463257,2.196000099182129,2.196000099182129,2.1480000019073486,2.1080000400543213,2.0759999752044678,2.052000045776367,2.0239999294281006,1.996000051498413,1.9759999513626099,1.9500000476837158,1.9500000476837158,1.934000015258789,1.9279999732971191,1.9160000085830688,1.899999976158142,1.8760000467300415,1.8519999980926514,1.8339999914169312,1.809999942779541,1.809999942779541,1.781999945640564,1.7580000162124634,1.7380000352859497,1.7139999866485596,1.694000005722046,1.6740000247955322,1.6519999504089355,1.5080000162124634,1.5080000162124634,1.4980000257492065,1.4980000257492065,1.4980000257492065,1.4859999418258667,1.4759999513626099,inf,inf,inf,inf,1.4040000438690186,1.4040000438690186,1.4040000438690186,1.4040000438690186,1.4040000438690186,1.3940000534057617,...,0.0,47.0,47.0,47.0,47.0,47.0,47.0,47.0,47.0,0.0,0.0,0.0,0.0,0.0,0.0,0.0,0.0,0.0,0.0,0.0,0.0,0.0,0.0,0.0,0.0,0.0,0.0,0.0,0.0,0.0,0.0,0.0,0.0,0.0,0.0,0.0,0.0,0.0,0.0,0.0,0.0,0.0,0.0,0.0,0.0,0.0,0.0,0.0,0.0,0.0,0.0,0.0,0.0,0.0,0.0,0.0,0.0,0.0,0.0,0.0,0.0,0.0,0.0,0.0,0.0,0.0,0.0,0.0,0.0,0.0,0.0,0.0,0.0,0.0,0.0,0.0,0.0,0.0,0.0,0.0,0.0,0.0,0.0,0.0,0.0,0.0,0.0,0.0,0.0,0.0,47.0,47.0,47.0,47.0,47.0,0.0,0.0,0.0,0.0,0.0,0.0,0.0,0.0,0.0,0.0,0.0,0.0,0.0,0.0,0.0,0.0,0.0,0.0,0.0,0.0,0.0,0.0,0.0,0.0,0.0,0.0,0.0,0.0,0.0,0.0,0.0,0.0,0.0,...
1763031245,802411778,laser,-3.1241390705108643,3.1415927410125732,0.0034828970674425364,5.407641947385855e-05,0.09728348255157471,0.15000000596046448,16.0,9.880000114440918,9.880000114440918,9.847999572753906,9.831999778747559,9.831999778747559,8.312000274658203,8.312000274658203,8.312000274658203,8.312000274658203,8.312000274658203,8.312000274658203,8.312000274658203,8.312000274658203,8.303999900817871,8.303999900817871,8.303999900817871,8.303999900817871,8.295999526977539,8.295999526977539,8.295999526977539,8.303999900817871,8.295999526977539,8.303999900817871,8.303999900817871,8.319999694824219,8.319999694824219,8.319999694824219,8.32800006866455,8.343999862670898,8.407999992370605,10.527999877929688,10.527999877929688,10.527999877929688,10.527999877929688,inf,inf,inf,inf,inf,inf,inf,inf,inf,inf,inf,inf,inf,inf,inf,inf,3.8959999084472656,3.8959999084472656,3.8959999084472656,3.8959999084472656,3.8959999084472656,3.803999900817871,3.803999900817871,3.803999900817871,3.803999900817871,3.74399995803833,3.740000009536743,3.74399995803833,3.747999906539917,3.747999906539917,3.747999906539917,3.747999906539917,2.931999921798706,2.931999921798706,2.868000030517578,2.868000030517578,2.868000030517578,2.799999952316284,2.7360000610351562,2.671999931335449,2.624000072479248,2.563999891281128,2.507999897003174,2.507999897003174,2.4679999351501465,2.4159998893737793,2.364000082015991,2.3239998817443848,2.299999952316284,2.187999963760376,2.187999963760376,2.180000066757202,2.128000020980835,2.0999999046325684,2.0999999046325684,2.072000026702881,2.0399999618530273,2.0179998874664307,1.9900000095367432,1.965999960899353,1.9520000219345093,1.937999963760376,1.9259999990463257,1.9259999990463257,1.909999966621399,1.8839999437332153,1.8619999885559082,1.8420000076293945,1.8220000267028809,1.7960000038146973,1.7660000324249268,1.7660000324249268,1.7259999513626099,1.7259999513626099,1.7079999446868896,1.6859999895095825,1.6640000343322754,1.6399999856948853,1.5180000066757202,1.5180000066757202,1.50600004196167,1.4900000095367432,inf,inf,inf,inf,1.4079999923706055,1.4079999923706055,1.4079999923706055,1.4079999923706055,1.4079999923706055,1.3980000019073486,1.3980000019073486,1.3980000019073486,...,0.0,47.0,47.0,47.0,47.0,47.0,47.0,47.0,47.0,47.0,0.0,0.0,0.0,0.0,0.0,0.0,0.0,0.0,0.0,0.0,0.0,0.0,0.0,0.0,0.0,0.0,0.0,0.0,0.0,0.0,0.0,0.0,0.0,0.0,0.0,0.0,0.0,0.0,0.0,0.0,0.0,0.0,0.0,0.0,0.0,0.0,0.0,0.0,0.0,0.0,0.0,0.0,0.0,0.0,0.0,0.0,0.0,0.0,0.0,0.0,0.0,0.0,0.0,0.0,0.0,0.0,0.0,0.0,0.0,47.0,47.0,47.0,47.0,47.0,0.0,0.0,0.0,0.0,0.0,0.0,0.0,0.0,0.0,0.0,0.0,0.0,0.0,0.0,0.0,0.0,0.0,0.0,0.0,0.0,0.0,0.0,0.0,0.0,0.0,0.0,0.0,0.0,0.0,0.0,0.0,0.0,0.0,0.0,0.0,0.0,0.0,0.0,0.0,0.0,0.0,0.0,0.0,0.0,0.0,0.0,0.0,0.0,0.0,0.0,0.0,0.0,0.0,0.0,...
1763031245,901216588,laser,-3.1241390705108643,3.1415927410125732,0.0034828970674425364,5.382780727813952e-05,0.09683622419834137,0.15000000596046448,16.0,9.880000114440918,9.86400032043457,9.86400032043457,9.847999572753906,inf,inf,8.303999900817871,8.303999900817871,8.303999900817871,8.303999900817871,8.303999900817871,8.303999900817871,8.303999900817871,8.303999900817871,8.303999900817871,8.303999900817871,8.303999900817871,8.303999900817871,8.295999526977539,8.288000106811523,8.303999900817871,8.312000274658203,8.303999900817871,8.303999900817871,8.319999694824219,8.32800006866455,8.319999694824219,8.336000442504883,8.35200023651123,10.432000160217285,10.432000160217285,10.432000160217285,inf,inf,inf,inf,inf,inf,inf,inf,inf,inf,inf,inf,inf,inf,inf,inf,inf,inf,inf,inf,3.8959999084472656,3.8959999084472656,3.8959999084472656,3.8959999084472656,3.8959999084472656,3.812000036239624,3.752000093460083,3.752000093460083,3.740000009536743,3.7360000610351562,3.7360000610351562,3.74399995803833,3.747999906539917,3.747999906539917,3.747999906539917,2.880000114440918,2.880000114440918,2.880000114440918,2.880000114440918,2.828000068664551,2.684000015258789,2.684000015258789,2.635999917984009,2.568000078201294,2.5239999294281006,2.4119999408721924,2.4119999408721924,2.368000030517578,2.368000030517578,2.3359999656677246,2.299999952316284,2.200000047683716,2.180000066757202,2.180000066757202,2.131999969482422,2.0999999046325684,2.0799999237060547,2.0799999237060547,2.0480000972747803,2.007999897003174,1.9780000448226929,1.9479999542236328,1.9140000343322754,1.8919999599456787,1.8799999952316284,1.8680000305175781,1.8619999885559082,1.850000023841858,1.850000023841858,1.8320000171661377,1.8179999589920044,1.7979999780654907,1.7740000486373901,1.75,1.7259999513626099,1.7100000381469727,1.7100000381469727,1.690000057220459,1.6640000343322754,1.6460000276565552,1.531999945640564,1.531999945640564,1.5080000162124634,1.49399995803833,1.4800000190734863,1.465999960899353,inf,inf,inf,inf,1.399999976158142,1.399999976158142,1.399999976158142,1.399999976158142,1.399999976158142,1.3860000371932983,...,47.0,47.0,47.0,47.0,47.0,47.0,47.0,47.0,47.0,47.0,47.0,47.0,0.0,0.0,0.0,0.0,0.0,0.0,0.0,0.0,0.0,0.0,0.0,0.0,0.0,0.0,0.0,0.0,0.0,0.0,0.0,0.0,0.0,0.0,0.0,0.0,0.0,0.0,0.0,0.0,0.0,0.0,0.0,0.0,0.0,0.0,0.0,0.0,0.0,0.0,0.0,0.0,0.0,0.0,0.0,0.0,0.0,0.0,0.0,0.0,0.0,0.0,0.0,0.0,0.0,0.0,0.0,0.0,0.0,0.0,0.0,47.0,47.0,47.0,47.0,47.0,0.0,0.0,0.0,0.0,0.0,0.0,0.0,0.0,0.0,0.0,0.0,0.0,0.0,47.0,47.0,47.0,47.0,47.0,0.0,0.0,0.0,0.0,0.0,0.0,0.0,0.0,0.0,0.0,0.0,0.0,0.0,0.0,0.0,0.0,0.0,0.0,0.0,0.0,0.0,0.0,0.0,0.0,0.0,0.0,0.0,0.0,0.0,0.0,0.0,47.0,47.0,47.0,...
1763031245,999764849,laser,-3.1241390705108643,3.1415927410125732,0.0034828970674425364,5.6994453188963234e-05,0.1025330200791359,0.15000000596046448,16.0,9.855999946594238,9.855999946594238,9.847999572753906,9.847999572753906,9.800000190734863,8.312000274658203,8.312000274658203,8.312000274658203,8.312000274658203,8.312000274658203,8.312000274658203,8.312000274658203,8.312000274658203,8.303999900817871,8.312000274658203,8.312000274658203,8.303999900817871,8.303999900817871,8.295999526977539,8.295999526977539,8.303999900817871,8.303999900817871,8.295999526977539,8.303999900817871,8.303999900817871,8.319999694824219,8.319999694824219,8.32800006866455,8.35200023651123,8.4399995803833,10.496000289916992,10.496000289916992,10.496000289916992,10.496000289916992,inf,inf,inf,inf,inf,inf,inf,inf,inf,inf,inf,inf,inf,inf,inf,inf,inf,3.812000036239624,3.812000036239624,3.812000036239624,3.812000036239624,3.812000036239624,3.752000093460083,3.752000093460083,3.752000093460083,3.752000093460083,3.74399995803833,3.740000009536743,3.74399995803833,3.747999906539917,3.747999906539917,3.747999906539917,3.752000093460083,2.931999921798706,2.931999921798706,2.931999921798706,2.868000030517578,2.803999900817871,2.7360000610351562,2.684000015258789,2.635999917984009,2.572000026702881,2.5239999294281006,2.4240000247955322,2.4240000247955322,2.4240000247955322,2.380000114440918,2.3359999656677246,2.299999952316284,2.196000099182129,2.196000099182129,2.184000015258789,2.135999917984009,2.1040000915527344,2.1040000915527344,2.072000026702881,2.0399999618530273,2.003999948501587,1.9739999771118164,1.9479999542236328,1.9079999923706055,1.8839999437332153,1.8700000047683716,1.8539999723434448,1.8420000076293945,1.8420000076293945,1.840000033378601,1.8300000429153442,1.815999984741211,1.7960000038146973,1.7740000486373901,1.75,1.7280000448226929,1.7280000448226929,1.7079999446868896,1.687999963760376,1.6640000343322754,1.6460000276565552,1.5260000228881836,1.5080000162124634,1.5080000162124634,1.4919999837875366,1.465999960899353,inf,inf,inf,inf,1.399999976158142,1.399999976158142,1.399999976158142,1.399999976158142,1.399999976158142,1.3860000371932983,1.3860000371932983,...,0.0,47.0,47.0,47.0,47.0,47.0,47.0,47.0,47.0,47.0,0.0,0.0,0.0,0.0,0.0,0.0,0.0,0.0,0.0,0.0,0.0,0.0,0.0,0.0,0.0,0.0,0.0,0.0,0.0,0.0,0.0,0.0,0.0,0.0,0.0,0.0,0.0,0.0,0.0,0.0,0.0,0.0,0.0,0.0,0.0,0.0,0.0,0.0,0.0,0.0,0.0,0.0,0.0,0.0,0.0,0.0,0.0,0.0,0.0,0.0,0.0,0.0,0.0,0.0,0.0,0.0,0.0,0.0,0.0,0.0,0.0,0.0,0.0,0.0,0.0,0.0,0.0,0.0,0.0,0.0,0.0,0.0,0.0,0.0,0.0,0.0,0.0,0.0,0.0,0.0,0.0,0.0,0.0,0.0,0.0,0.0,0.0,0.0,0.0,0.0,0.0,0.0,0.0,0.0,0.0,0.0,0.0,0.0,0.0,0.0,0.0,0.0,0.0,0.0,0.0,0.0,0.0,0.0,0.0,0.0,0.0,0.0,0.0,0.0,0.0,0.0,0.0,0.0,...
1763031246,103827927,laser,-3.1241390705108643,3.1415927410125732,0.0034828970674425364,5.380934817367233e-05,0.09680301696062088,0.15000000596046448,16.0,9.895999908447266,9.855999946594238,9.855999946594238,9.84000015258789,inf,inf,inf,8.319999694824219,8.319999694824219,8.319999694824219,8.319999694824219,8.319999694824219,8.319999694824219,8.303999900817871,8.312000274658203,8.312000274658203,8.312000274658203,8.303999900817871,8.295999526977539,8.295999526977539,8.312000274658203,8.312000274658203,8.303999900817871,8.303999900817871,8.319999694824219,8.32800006866455,8.319999694824219,8.336000442504883,8.35200023651123,10.496000289916992,10.496000289916992,10.496000289916992,10.496000289916992,inf,inf,inf,inf,inf,inf,inf,inf,inf,inf,inf,inf,inf,inf,inf,inf,inf,3.880000114440918,3.880000114440918,3.880000114440918,3.880000114440918,3.880000114440918,3.7880001068115234,3.7880001068115234,3.7880001068115234,3.7880001068115234,3.74399995803833,3.740000009536743,3.74399995803833,3.747999906539917,3.747999906539917,3.747999906539917,3.74399995803833,2.931999921798706,2.931999921798706,2.931999921798706,2.864000082015991,2.864000082015991,2.799999952316284,2.7360000610351562,2.671999931335449,2.624000072479248,2.568000078201294,2.568000078201294,2.507999897003174,2.4639999866485596,2.4119999408721924,2.364000082015991,2.312000036239624,2.2920000553131104,2.187999963760376,2.187999963760376,2.1760001182556152,2.1760001182556152,2.131999969482422,2.0999999046325684,2.059999942779541,2.0280001163482666,2.01200008392334,1.9859999418258667,1.9620000123977661,1.940000057220459,1.940000057220459,1.9240000247955322,1.9140000343322754,1.9019999504089355,1.8819999694824219,1.8619999885559082,1.8380000591278076,1.815999984741211,1.7940000295639038,1.7940000295639038,1.7699999809265137,1.75,1.7259999513626099,1.7059999704360962,1.6859999895095825,1.6640000343322754,1.6360000371932983,1.5180000066757202,1.5180000066757202,1.503999948501587,1.4900000095367432,1.4900000095367432,1.4780000448226929,inf,inf,inf,1.4079999923706055,1.4079999923706055,1.4079999923706055,1.4079999923706055,1.4079999923706055,1.3980000019073486,1.3980000019073486,...,0.0,0.0,0.0,47.0,47.0,47.0,47.0,47.0,47.0,47.0,47.0,0.0,0.0,0.0,0.0,0.0,0.0,0.0,0.0,0.0,47.0,47.0,47.0,47.0,47.0,0.0,0.0,0.0,0.0,0.0,0.0,0.0,0.0,0.0,0.0,0.0,0.0,0.0,0.0,0.0,0.0,0.0,0.0,0.0,0.0,0.0,0.0,0.0,0.0,0.0,0.0,0.0,0.0,0.0,0.0,0.0,0.0,0.0,0.0,0.0,0.0,0.0,0.0,0.0,0.0,0.0,0.0,0.0,0.0,0.0,0.0,0.0,0.0,0.0,0.0,0.0,0.0,0.0,0.0,0.0,0.0,0.0,0.0,0.0,0.0,0.0,0.0,0.0,0.0,0.0,0.0,0.0,0.0,0.0,0.0,0.0,0.0,0.0,0.0,0.0,0.0,0.0,0.0,0.0,0.0,47.0,47.0,47.0,47.0,47.0,0.0,0.0,0.0,0.0,0.0,0.0,0.0,0.0,0.0,0.0,0.0,0.0,0.0,0.0,0.0,0.0,0.0,0.0,...
1763031246,202248902,laser,-3.1241390705108643,3.1415927410125732,0.0034828970674425364,5.370866347220726e-05,0.09662188589572906,0.15000000596046448,16.0,9.968000411987305,9.887999534606934,9.847999572753906,9.855999946594238,inf,inf,8.312000274658203,8.312000274658203,8.312000274658203,8.312000274658203,8.312000274658203,8.312000274658203,8.312000274658203,8.303999900817871,8.303999900817871,8.303999900817871,8.303999900817871,8.303999900817871,8.295999526977539,8.288000106811523,8.303999900817871,8.303999900817871,8.312000274658203,8.312000274658203,8.32800006866455,8.32800006866455,8.336000442504883,8.359999656677246,8.359999656677246,8.359999656677246,10.423999786376953,10.423999786376953,inf,inf,inf,inf,inf,inf,inf,inf,inf,inf,inf,inf,inf,inf,inf,inf,inf,inf,inf,inf,inf,3.75600004196167,3.75600004196167,3.75600004196167,3.75600004196167,3.75600004196167,3.74399995803833,3.74399995803833,3.7360000610351562,3.7360000610351562,3.7360000610351562,3.74399995803833,3.747999906539917,3.747999906539917,2.884000062942505,2.884000062942505,2.8239998817443848,2.8239998817443848,2.8239998817443848,2.7639999389648438,2.7639999389648438,2.6440000534057617,2.6440000534057617,2.5959999561309814,2.5439999103546143,2.48799991607666,2.444000005722046,2.384000062942505,2.3359999656677246,2.2920000553131104,2.25600004196167,2.25600004196167,2.2320001125335693,2.196000099182129,2.1480000019073486,2.115999937057495,2.0880000591278076,2.049999952316284,2.0139999389648438,1.9839999675750732,1.9600000381469727,1.9600000381469727,1.9320000410079956,1.9040000438690186,1.8880000114440918,1.878000020980835,1.8739999532699585,1.8600000143051147,1.843999981880188,1.8240000009536743,1.8240000009536743,1.7999999523162842,1.777999997138977,1.7580000162124634,1.7319999933242798,1.7100000381469727,1.694000005722046,1.6740000247955322,1.6740000247955322,1.6519999504089355,1.5080000162124634,1.5080000162124634,1.5080000162124634,1.496000051498413,1.4839999675750732,inf,inf,inf,inf,inf,inf,1.399999976158142,1.399999976158142,1.399999976158142,1.399999976158142,1.399999976158142,...,0.0,0.0,0.0,47.0,47.0,47.0,47.0,47.0,47.0,47.0,47.0,0.0,0.0,0.0,0.0,0.0,0.0,47.0,47.0,47.0,47.0,47.0,0.0,0.0,0.0,0.0,0.0,0.0,0.0,0.0,0.0,0.0,0.0,0.0,0.0,0.0,0.0,0.0,0.0,0.0,0.0,0.0,0.0,0.0,0.0,0.0,0.0,0.0,0.0,0.0,0.0,0.0,0.0,0.0,0.0,0.0,0.0,0.0,0.0,0.0,0.0,0.0,0.0,0.0,0.0,0.0,0.0,0.0,0.0,0.0,0.0,47.0,47.0,47.0,47.0,47.0,0.0,0.0,0.0,0.0,0.0,0.0,0.0,0.0,0.0,0.0,0.0,0.0,0.0,47.0,47.0,47.0,47.0,47.0,0.0,0.0,0.0,0.0,0.0,0.0,0.0,0.0,0.0,0.0,0.0,0.0,0.0,0.0,0.0,0.0,0.0,0.0,0.0,0.0,0.0,0.0,0.0,0.0,0.0,0.0,0.0,0.0,0.0,0.0,0.0,47.0,47.0,47.0,...
1763031246,300455884,laser,-3.1241390705108643,3.1415927410125732,0.0034828970674425364,5.376958506531082e-05,0.09673148393630981,0.15000000596046448,16.0,9.904000282287598,9.904000282287598,9.887999534606934,9.86400032043457,inf,8.319999694824219,8.319999694824219,8.319999694824219,8.319999694824219,8.319999694824219,8.319999694824219,8.319999694824219,8.319999694824219,8.312000274658203,8.312000274658203,8.312000274658203,8.303999900817871,8.295999526977539,8.295999526977539,8.295999526977539,8.303999900817871,8.303999900817871,8.303999900817871,8.312000274658203,8.32800006866455,8.32800006866455,8.32800006866455,8.32800006866455,8.359999656677246,8.392000198364258,10.53600025177002,inf,inf,inf,inf,inf,inf,inf,inf,inf,inf,inf,inf,inf,inf,inf,inf,inf,inf,inf,inf,inf,inf,inf,3.75600004196167,3.75600004196167,3.75600004196167,3.75600004196167,3.75600004196167,3.740000009536743,3.7320001125335693,3.7360000610351562,3.74399995803833,3.74399995803833,3.74399995803833,3.747999906539917,2.884000062942505,2.884000062942505,2.884000062942505,2.8399999141693115,2.8399999141693115,2.7799999713897705,2.7079999446868896,2.6440000534057617,2.5999999046325684,2.5999999046325684,2.5480000972747803,2.492000102996826,2.440000057220459,2.384000062942505,2.3359999656677246,2.2920000553131104,2.25600004196167,2.2320001125335693,2.196000099182129,2.196000099182129,2.1519999504089355,2.115999937057495,2.0880000591278076,2.0480000972747803,2.0139999389648438,1.9839999675750732,1.9620000123977661,1.9299999475479126,1.9299999475479126,1.9040000438690186,1.8760000467300415,1.8580000400543213,1.8519999980926514,1.8380000591278076,1.8300000429153442,1.8200000524520874,1.8200000524520874,1.7999999523162842,1.7799999713897705,1.7580000162124634,1.7380000352859497,1.715999960899353,1.694000005722046,1.6740000247955322,1.6519999504089355,1.6519999504089355,1.496000051498413,1.496000051498413,1.496000051498413,1.496000051498413,1.4839999675750732,1.4759999513626099,inf,inf,inf,1.3980000019073486,1.3980000019073486,1.3980000019073486,1.3980000019073486,1.3980000019073486,1.3880000114440918,1.3880000114440918,...,47.0,47.0,47.0,47.0,47.0,47.0,47.0,47.0,47.0,47.0,47.0,47.0,0.0,0.0,0.0,0.0,0.0,0.0,0.0,0.0,0.0,0.0,0.0,0.0,0.0,0.0,0.0,0.0,0.0,0.0,0.0,0.0,0.0,0.0,0.0,0.0,0.0,0.0,0.0,0.0,0.0,0.0,0.0,0.0,0.0,0.0,0.0,0.0,0.0,0.0,0.0,0.0,0.0,0.0,0.0,0.0,0.0,0.0,0.0,0.0,0.0,0.0,0.0,0.0,0.0,0.0,0.0,0.0,0.0,0.0,0.0,0.0,0.0,0.0,0.0,0.0,0.0,0.0,0.0,0.0,0.0,0.0,0.0,0.0,0.0,0.0,0.0,0.0,0.0,0.0,0.0,0.0,0.0,0.0,0.0,0.0,0.0,0.0,0.0,0.0,0.0,0.0,0.0,0.0,0.0,0.0,0.0,0.0,0.0,0.0,0.0,0.0,0.0,0.0,0.0,0.0,0.0,0.0,0.0,0.0,0.0,0.0,0.0,0.0,0.0,0.0,0.0,0.0,...
1763031246,398908622,laser,-3.1241390705108643,3.1415927410125732,0.0034828970674425364,5.3669406042899936e-05,0.09655126184225082,0.15000000596046448,16.0,9.895999908447266,9.895999908447266,9.880000114440918,9.855999946594238,inf,inf,8.319999694824219,8.319999694824219,8.319999694824219,8.319999694824219,8.319999694824219,8.32800006866455,8.312000274658203,8.312000274658203,8.303999900817871,8.312000274658203,8.312000274658203,8.303999900817871,8.303999900817871,8.303999900817871,8.303999900817871,8.295999526977539,8.303999900817871,8.312000274658203,8.336000442504883,8.32800006866455,8.32800006866455,8.32800006866455,8.359999656677246,8.432000160217285,inf,inf,inf,inf,inf,inf,inf,inf,inf,inf,inf,inf,inf,inf,inf,inf,inf,inf,inf,inf,inf,inf,inf,3.828000068664551,3.828000068664551,3.828000068664551,3.828000068664551,3.828000068664551,3.75600004196167,3.7360000610351562,3.7320001125335693,3.7360000610351562,3.74399995803833,3.747999906539917,3.747999906539917,3.747999906539917,2.888000011444092,2.888000011444092,2.8399999141693115,2.8399999141693115,2.8399999141693115,2.7799999713897705,2.7079999446868896,2.6480000019073486,2.5959999561309814,2.5439999103546143,2.5439999103546143,2.48799991607666,2.440000057220459,2.384000062942505,2.3359999656677246,2.2960000038146973,2.25600004196167,2.2320001125335693,2.196000099182129,2.1480000019073486,2.1480000019073486,2.115999937057495,2.0880000591278076,2.049999952316284,2.0139999389648438,1.9880000352859497,1.965999960899353,1.940000057220459,1.9259999990463257,1.9259999990463257,1.9199999570846558,1.909999966621399,1.8940000534057617,1.871999979019165,1.8480000495910645,1.8300000429153442,1.805999994277954,1.805999994277954,1.7799999713897705,1.7580000162124634,1.7380000352859497,1.715999960899353,1.694000005722046,1.6720000505447388,1.6519999504089355,1.6519999504089355,1.534000039100647,1.5080000162124634,1.5080000162124634,1.496000051498413,1.4839999675750732,inf,inf,inf,inf,inf,inf,1.399999976158142,1.399999976158142,1.399999976158142,1.399999976158142,1.399999976158142,...,0.0,0.0,0.0,0.0,47.0,47.0,47.0,47.0,47.0,47.0,47.0,0.0,0.0,0.0,0.0,0.0,0.0,0.0,0.0,0.0,0.0,0.0,0.0,0.0,0.0,0.0,0.0,0.0,0.0,0.0,0.0,0.0,0.0,0.0,0.0,0.0,0.0,0.0,0.0,0.0,0.0,0.0,0.0,0.0,0.0,0.0,0.0,0.0,0.0,0.0,0.0,0.0,0.0,0.0,0.0,0.0,0.0,0.0,0.0,0.0,0.0,0.0,0.0,0.0,0.0,0.0,0.0,0.0,0.0,0.0,0.0,0.0,0.0,0.0,0.0,0.0,0.0,0.0,0.0,0.0,0.0,0.0,0.0,0.0,0.0,0.0,0.0,0.0,0.0,0.0,0.0,0.0,0.0,0.0,0.0,0.0,0.0,0.0,0.0,0.0,0.0,0.0,0.0,0.0,0.0,0.0,0.0,0.0,0.0,0.0,0.0,0.0,0.0,0.0,0.0,0.0,0.0,0.0,0.0,0.0,0.0,0.0,0.0,0.0,0.0,0.0,0.0,0.0,...
1763031246,497075463,laser,-3.1241390705108643,3.1415927410125732,0.0034828970674425364,5.371464430936612e-05,0.09663264453411102,0.15000000596046448,16.0,9.871999740600586,9.871999740600586,9.855999946594238,9.847999572753906,inf,8.319999694824219,8.319999694824219,8.319999694824219,8.319999694824219,8.319999694824219,8.319999694824219,8.319999694824219,8.303999900817871,8.303999900817871,8.303999900817871,8.312000274658203,8.303999900817871,8.303999900817871,8.303999900817871,8.303999900817871,8.303999900817871,8.303999900817871,8.312000274658203,8.319999694824219,8.336000442504883,8.32800006866455,8.32800006866455,8.35200023651123,8.35200023651123,8.423999786376953,10.600000381469727,inf,inf,inf,inf,inf,inf,inf,inf,inf,inf,inf,inf,inf,inf,inf,inf,inf,inf,inf,inf,inf,inf,3.759999990463257,3.759999990463257,3.759999990463257,3.759999990463257,3.759999990463257,3.7360000610351562,3.7360000610351562,3.7279999256134033,3.7360000610351562,3.7360000610351562,3.74399995803833,3.747999906539917,3.747999906539917,2.888000011444092,2.888000011444092,2.8399999141693115,2.8399999141693115,2.8399999141693115,2.7799999713897705,2.7079999446868896,2.6480000019073486,2.5959999561309814,2.5959999561309814,2.5399999618530273,2.48799991607666,2.440000057220459,2.384000062942505,2.3399999141693115,2.2960000038146973,2.25600004196167,2.2320001125335693,2.196000099182129,2.196000099182129,2.1600000858306885,2.124000072479248,2.0840001106262207,2.049999952316284,2.0160000324249268,1.99399995803833,1.9739999771118164,1.9479999542236328,1.9299999475479126,1.9299999475479126,1.9199999570846558,1.909999966621399,1.8940000534057617,1.871999979019165,1.8480000495910645,1.8300000429153442,1.8079999685287476,1.8079999685287476,1.7799999713897705,1.7580000162124634,1.7339999675750732,1.7120000123977661,1.694000005722046,1.6740000247955322,1.6519999504089355,1.6519999504089355,1.5140000581741333,1.5140000581741333,1.5140000581741333,1.5,1.4839999675750732,1.4759999513626099,inf,inf,inf,inf,inf,1.399999976158142,1.399999976158142,1.399999976158142,1.399999976158142,1.399999976158142,...,47.0,47.0,47.0,47.0,47.0,47.0,47.0,47.0,47.0,47.0,47.0,47.0,0.0,0.0,0.0,0.0,0.0,0.0,0.0,0.0,0.0,0.0,0.0,0.0,0.0,0.0,0.0,0.0,0.0,0.0,0.0,0.0,0.0,0.0,0.0,0.0,0.0,0.0,0.0,0.0,0.0,0.0,0.0,0.0,0.0,0.0,0.0,0.0,0.0,0.0,0.0,0.0,0.0,0.0,0.0,0.0,0.0,0.0,0.0,0.0,0.0,0.0,0.0,0.0,0.0,0.0,0.0,0.0,0.0,0.0,0.0,0.0,0.0,0.0,0.0,0.0,0.0,0.0,0.0,0.0,0.0,0.0,0.0,0.0,0.0,0.0,0.0,0.0,0.0,0.0,47.0,47.0,47.0,47.0,47.0,0.0,0.0,0.0,0.0,0.0,0.0,0.0,0.0,0.0,0.0,0.0,0.0,0.0,0.0,0.0,0.0,0.0,0.0,0.0,0.0,0.0,0.0,0.0,0.0,0.0,0.0,0.0,0.0,0.0,0.0,0.0,47.0,47.0,...
1763031246,595298830,laser,-3.1241390705108643,3.1415927410125732,0.0034828970674425364,5.369076461647637e-05,0.09658968448638916,0.15000000596046448,16.0,9.887999534606934,9.887999534606934,9.86400032043457,9.847999572753906,9.847999572753906,8.312000274658203,8.312000274658203,8.312000274658203,8.312000274658203,8.312000274658203,8.319999694824219,8.319999694824219,8.319999694824219,8.303999900817871,8.303999900817871,8.312000274658203,8.312000274658203,8.303999900817871,8.303999900817871,8.303999900817871,8.312000274658203,8.312000274658203,8.312000274658203,8.319999694824219,8.32800006866455,8.312000274658203,8.312000274658203,8.319999694824219,8.35200023651123,8.359999656677246,10.527999877929688,inf,inf,inf,inf,inf,inf,inf,inf,inf,inf,inf,inf,inf,inf,inf,inf,inf,inf,inf,inf,3.880000114440918,3.880000114440918,3.880000114440918,3.880000114440918,3.880000114440918,3.7880001068115234,3.7880001068115234,3.7880001068115234,3.74399995803833,3.7360000610351562,3.7360000610351562,3.74399995803833,3.747999906539917,3.747999906539917,3.747999906539917,2.9200000762939453,2.9200000762939453,2.9200000762939453,2.9200000762939453,2.8519999980926514,2.7960000038146973,2.7320001125335693,2.6679999828338623,2.624000072479248,2.568000078201294,2.5199999809265137,2.4000000953674316,2.4000000953674316,2.364000082015991,2.364000082015991,2.328000068664551,2.299999952316284,2.184000015258789,2.184000015258789,2.180000066757202,2.128000020980835,2.1080000400543213,2.0280001163482666,2.00600004196167,2.00600004196167,2.00600004196167,1.9739999771118164,1.9420000314712524,1.9079999923706055,1.8860000371932983,1.8760000467300415,1.8639999628067017,1.8519999980926514,1.8519999980926514,1.8459999561309814,1.8300000429153442,1.8140000104904175,1.7920000553131104,1.7699999809265137,1.7480000257492065,1.7280000448226929,1.7079999446868896,1.7079999446868896,1.6859999895095825,1.6640000343322754,1.6419999599456787,1.5240000486373901,1.5080000162124634,1.5080000162124634,1.4919999837875366,1.4819999933242798,inf,inf,inf,inf,1.399999976158142,1.399999976158142,1.399999976158142,1.399999976158142,1.399999976158142,1.3880000114440918,1.3880000114440918,...,47.0,47.0,47.0,47.0,47.0,47.0,47.0,47.0,47.0,47.0,47.0,47.0,0.0,0.0,0.0,0.0,0.0,0.0,0.0,0.0,0.0,0.0,0.0,0.0,0.0,0.0,0.0,0.0,0.0,0.0,0.0,0.0,0.0,0.0,0.0,0.0,0.0,0.0,0.0,0.0,0.0,0.0,0.0,0.0,0.0,0.0,0.0,0.0,0.0,0.0,0.0,0.0,0.0,0.0,0.0,0.0,0.0,0.0,0.0,0.0,0.0,0.0,0.0,0.0,0.0,0.0,0.0,0.0,0.0,0.0,0.0,0.0,0.0,0.0,0.0,0.0,0.0,0.0,0.0,0.0,0.0,0.0,0.0,0.0,0.0,0.0,0.0,0.0,0.0,0.0,0.0,0.0,0.0,0.0,0.0,0.0,0.0,0.0,0.0,0.0,0.0,0.0,0.0,0.0,0.0,0.0,0.0,0.0,0.0,0.0,0.0,0.0,0.0,0.0,0.0,0.0,0.0,0.0,0.0,0.0,0.0,0.0,0.0,0.0,0.0,0.0,0.0,0.0,...
1763031246,693340970,laser,-3.1241390705108643,3.1415927410125732,0.0034828970674425364,5.383818643167615e-05,0.09685489535331726,0.15000000596046448,16.0,9.880000114440918,9.880000114440918,9.880000114440918,9.880000114440918,8.319999694824219,8.319999694824219,8.319999694824219,8.319999694824219,8.319999694824219,8.319999694824219,8.319999694824219,8.319999694824219,8.312000274658203,8.303999900817871,8.312000274658203,8.312000274658203,8.312000274658203,8.312000274658203,8.303999900817871,8.303999900817871,8.312000274658203,8.312000274658203,8.319999694824219,8.319999694824219,8.336000442504883,8.336000442504883,8.336000442504883,8.35200023651123,8.359999656677246,8.359999656677246,10.479999542236328,10.479999542236328,10.479999542236328,inf,inf,inf,inf,inf,inf,inf,inf,inf,inf,inf,inf,inf,inf,inf,inf,inf,inf,inf,inf,3.828000068664551,3.828000068664551,3.828000068664551,3.828000068664551,3.828000068664551,3.759999990463257,3.740000009536743,3.7320001125335693,3.7360000610351562,3.7360000610351562,3.747999906539917,3.752000093460083,3.752000093460083,2.875999927520752,2.875999927520752,2.8320000171661377,2.8320000171661377,2.8320000171661377,2.7720000743865967,2.7160000801086426,2.6559998989105225,2.5999999046325684,2.5999999046325684,2.5439999103546143,2.48799991607666,2.444000005722046,2.388000011444092,2.3359999656677246,2.2960000038146973,2.2720000743865967,2.24399995803833,2.24399995803833,2.196000099182129,2.1519999504089355,2.111999988555908,2.0840001106262207,2.052000045776367,2.0160000324249268,1.9919999837875366,1.9739999771118164,1.9420000314712524,1.9420000314712524,1.9240000247955322,1.9199999570846558,1.9079999923706055,1.8940000534057617,1.871999979019165,1.8480000495910645,1.8300000429153442,1.809999942779541,1.809999942779541,1.784000039100647,1.7580000162124634,1.7380000352859497,1.715999960899353,1.7000000476837158,1.6820000410079956,1.656000018119812,1.5080000162124634,1.5080000162124634,1.5080000162124634,1.496000051498413,1.496000051498413,1.4839999675750732,1.4780000448226929,inf,inf,inf,inf,inf,1.406000018119812,1.406000018119812,1.406000018119812,1.406000018119812,1.406000018119812,...,0.0,0.0,47.0,47.0,47.0,47.0,47.0,47.0,47.0,47.0,0.0,0.0,0.0,0.0,0.0,0.0,0.0,0.0,0.0,0.0,0.0,0.0,0.0,0.0,0.0,0.0,0.0,0.0,0.0,0.0,0.0,0.0,0.0,0.0,0.0,0.0,0.0,0.0,0.0,0.0,0.0,0.0,0.0,0.0,0.0,0.0,0.0,0.0,0.0,0.0,0.0,0.0,0.0,0.0,0.0,0.0,0.0,0.0,0.0,0.0,0.0,0.0,0.0,0.0,0.0,0.0,0.0,0.0,0.0,0.0,0.0,0.0,0.0,0.0,0.0,0.0,0.0,0.0,0.0,0.0,0.0,0.0,0.0,0.0,0.0,0.0,0.0,0.0,0.0,0.0,0.0,47.0,47.0,47.0,47.0,47.0,0.0,0.0,0.0,0.0,0.0,0.0,0.0,0.0,0.0,0.0,0.0,0.0,0.0,0.0,0.0,0.0,0.0,0.0,0.0,0.0,0.0,0.0,0.0,0.0,0.0,0.0,0.0,0.0,0.0,0.0,0.0,0.0,...
1763031246,791771714,laser,-3.1241390705108643,3.1415927410125732,0.0034828970674425364,5.373581370804459e-05,0.0966707319021225,0.15000000596046448,16.0,9.887999534606934,9.887999534606934,9.871999740600586,9.86400032043457,inf,8.319999694824219,8.319999694824219,8.319999694824219,8.319999694824219,8.319999694824219,8.32800006866455,8.32800006866455,8.312000274658203,8.312000274658203,8.303999900817871,8.312000274658203,8.319999694824219,8.312000274658203,8.303999900817871,8.312000274658203,8.312000274658203,8.312000274658203,8.312000274658203,8.319999694824219,8.336000442504883,8.32800006866455,8.32800006866455,8.32800006866455,8.35200023651123,8.392000198364258,10.576000213623047,inf,inf,inf,inf,inf,inf,inf,inf,inf,inf,inf,inf,inf,inf,inf,inf,inf,inf,inf,inf,inf,inf,inf,3.759999990463257,3.759999990463257,3.759999990463257,3.759999990463257,3.759999990463257,3.7360000610351562,3.7279999256134033,3.740000009536743,3.740000009536743,3.747999906539917,3.747999906539917,3.752000093460083,2.8959999084472656,2.8959999084472656,2.8959999084472656,2.8320000171661377,2.8320000171661377,2.7720000743865967,2.7720000743865967,2.6519999504089355,2.6519999504089355,2.5999999046325684,2.5439999103546143,2.4839999675750732,2.440000057220459,2.384000062942505,2.3359999656677246,2.2920000553131104,2.2679998874664307,2.2679998874664307,2.24399995803833,2.196000099182129,2.1519999504089355,2.111999988555908,2.0840001106262207,2.052000045776367,2.0220000743865967,1.996000051498413,1.9780000448226929,1.9600000381469727,1.9600000381469727,1.9479999542236328,1.940000057220459,1.9240000247955322,1.9040000438690186,1.878000020980835,1.850000023841858,1.8320000171661377,1.8320000171661377,1.809999942779541,1.784000039100647,1.7580000162124634,1.7380000352859497,1.715999960899353,1.6959999799728394,1.6759999990463257,1.656000018119812,1.656000018119812,1.5080000162124634,1.5080000162124634,1.5080000162124634,1.496000051498413,1.4839999675750732,1.4780000448226929,inf,inf,inf,1.4019999504089355,1.4019999504089355,1.4019999504089355,1.4019999504089355,1.4019999504089355,1.3899999856948853,1.3899999856948853,...,47.0,47.0,47.0,47.0,47.0,47.0,47.0,47.0,47.0,47.0,47.0,47.0,0.0,0.0,0.0,0.0,0.0,0.0,47.0,47.0,47.0,47.0,47.0,0.0,0.0,0.0,0.0,0.0,0.0,0.0,0.0,0.0,0.0,0.0,0.0,0.0,0.0,0.0,0.0,0.0,0.0,0.0,0.0,0.0,0.0,0.0,0.0,0.0,0.0,0.0,0.0,0.0,0.0,0.0,0.0,0.0,0.0,0.0,0.0,0.0,0.0,0.0,0.0,0.0,0.0,0.0,0.0,0.0,0.0,0.0,0.0,0.0,0.0,0.0,0.0,0.0,0.0,0.0,0.0,0.0,0.0,0.0,0.0,0.0,0.0,0.0,0.0,0.0,0.0,0.0,0.0,0.0,0.0,0.0,0.0,0.0,0.0,0.0,0.0,0.0,0.0,0.0,0.0,0.0,0.0,0.0,0.0,0.0,0.0,0.0,0.0,0.0,0.0,0.0,0.0,0.0,0.0,0.0,0.0,0.0,0.0,0.0,0.0,0.0,0.0,0.0,0.0,0.0,...
1763031246,889793246,laser,-3.1241390705108643,3.1415927410125732,0.0034828970674425364,5.382535528042354e-05,0.09683181345462799,0.15000000596046448,16.0,9.935999870300293,9.887999534606934,9.86400032043457,9.847999572753906,inf,inf,8.32800006866455,8.32800006866455,8.32800006866455,8.32800006866455,8.32800006866455,8.32800006866455,8.319999694824219,8.319999694824219,8.312000274658203,8.312000274658203,8.319999694824219,8.312000274658203,8.312000274658203,8.312000274658203,8.319999694824219,8.319999694824219,8.319999694824219,8.319999694824219,8.336000442504883,8.32800006866455,8.336000442504883,8.336000442504883,8.359999656677246,8.392000198364258,10.520000457763672,10.520000457763672,inf,inf,inf,inf,inf,inf,inf,inf,inf,inf,inf,inf,inf,inf,inf,inf,inf,inf,inf,3.812000036239624,3.812000036239624,3.812000036239624,3.812000036239624,3.812000036239624,3.75600004196167,3.75600004196167,3.75600004196167,3.7360000610351562,3.7360000610351562,3.7320001125335693,3.740000009536743,3.74399995803833,3.747999906539917,3.752000093460083,2.8919999599456787,2.8919999599456787,2.8919999599456787,2.740000009536743,2.740000009536743,2.740000009536743,2.740000009536743,2.696000099182129,2.6440000534057617,2.5840001106262207,2.5320000648498535,2.4839999675750732,2.427999973297119,2.375999927520752,2.3359999656677246,2.3359999656677246,2.2960000038146973,2.200000047683716,2.200000047683716,2.196000099182129,2.1440000534057617,2.1040000915527344,2.0840001106262207,2.0480000972747803,2.007999897003174,2.007999897003174,1.9780000448226929,1.9500000476837158,1.9160000085830688,1.8940000534057617,1.8839999437332153,1.871999979019165,1.8600000143051147,1.8519999980926514,1.8519999980926514,1.8339999914169312,1.815999984741211,1.7979999780654907,1.7760000228881836,1.7519999742507935,1.7280000448226929,1.7100000381469727,1.690000057220459,1.690000057220459,1.6640000343322754,1.6480000019073486,1.5080000162124634,1.496000051498413,1.496000051498413,1.496000051498413,1.4839999675750732,1.465999960899353,1.4299999475479126,1.4299999475479126,1.4299999475479126,1.4299999475479126,1.4299999475479126,1.399999976158142,1.399999976158142,1.399999976158142,1.3839999437332153,1.3839999437332153,...,0.0,0.0,0.0,0.0,47.0,47.0,47.0,47.0,47.0,47.0,47.0,0.0,0.0,0.0,0.0,0.0,0.0,0.0,0.0,0.0,47.0,47.0,47.0,47.0,47.0,0.0,0.0,0.0,0.0,0.0,0.0,0.0,0.0,0.0,0.0,0.0,0.0,0.0,0.0,0.0,0.0,0.0,0.0,0.0,0.0,0.0,0.0,0.0,0.0,0.0,0.0,0.0,0.0,0.0,0.0,0.0,0.0,0.0,0.0,0.0,0.0,0.0,0.0,0.0,0.0,0.0,0.0,0.0,0.0,0.0,0.0,0.0,0.0,0.0,0.0,0.0,0.0,0.0,0.0,0.0,0.0,0.0,0.0,0.0,0.0,0.0,0.0,0.0,0.0,0.0,0.0,0.0,0.0,0.0,0.0,0.0,0.0,0.0,0.0,0.0,0.0,0.0,0.0,0.0,0.0,0.0,0.0,0.0,0.0,0.0,0.0,0.0,0.0,0.0,0.0,0.0,0.0,0.0,0.0,0.0,0.0,0.0,0.0,0.0,0.0,0.0,0.0,0.0,...
1763031246,988128372,laser,-3.1241390705108643,3.1415927410125732,0.0034828970674425364,5.7246183132519946e-05,0.10298588871955872,0.15000000596046448,16.0,9.911999702453613,9.871999740600586,9.86400032043457,9.86400032043457,9.807999610900879,inf,inf,8.32800006866455,8.32800006866455,8.32800006866455,8.32800006866455,8.32800006866455,8.319999694824219,8.303999900817871,8.312000274658203,8.312000274658203,8.319999694824219,8.319999694824219,8.312000274658203,8.312000274658203,8.319999694824219,8.319999694824219,8.319999694824219,8.336000442504883,8.336000442504883,8.343999862670898,8.319999694824219,8.336000442504883,8.359999656677246,8.472000122070312,inf,inf,inf,inf,inf,inf,inf,inf,inf,inf,inf,inf,inf,inf,inf,inf,inf,inf,inf,inf,inf,3.812000036239624,3.812000036239624,3.812000036239624,3.812000036239624,3.812000036239624,3.75600004196167,3.75600004196167,3.75600004196167,3.740000009536743,3.740000009536743,3.7360000610351562,3.740000009536743,3.74399995803833,3.74399995803833,3.752000093460083,3.752000093460083,2.8919999599456787,2.8919999599456787,2.819999933242798,2.819999933242798,2.819999933242798,2.74399995803833,2.691999912261963,2.6480000019073486,2.5880000591278076,2.5320000648498535,2.4839999675750732,2.427999973297119,2.375999927520752,2.375999927520752,2.3359999656677246,2.2960000038146973,2.2039999961853027,2.2039999961853027,2.191999912261963,2.1440000534057617,2.1040000915527344,2.0799999237060547,2.0799999237060547,2.007999897003174,2.007999897003174,1.9800000190734863,1.9520000219345093,1.9199999570846558,1.8980000019073486,1.8839999437332153,1.871999979019165,1.8619999885559082,1.8519999980926514,1.8519999980926514,1.8380000591278076,1.8220000267028809,1.7979999780654907,1.7760000228881836,1.7519999742507935,1.7280000448226929,1.7120000123977661,1.690000057220459,1.690000057220459,1.6660000085830688,1.6480000019073486,1.5080000162124634,1.496000051498413,1.496000051498413,1.496000051498413,1.4859999418258667,1.468000054359436,1.4320000410079956,1.4320000410079956,1.4320000410079956,1.4320000410079956,1.4320000410079956,1.399999976158142,1.399999976158142,1.399999976158142,1.3839999437332153,1.3839999437332153,...,0.0,0.0,0.0,47.0,47.0,47.0,47.0,47.0,47.0,47.0,47.0,0.0,0.0,0.0,0.0,0.0,0.0,0.0,0.0,0.0,47.0,47.0,47.0,47.0,47.0,0.0,0.0,0.0,0.0,0.0,0.0,0.0,0.0,0.0,0.0,0.0,0.0,0.0,0.0,0.0,0.0,0.0,0.0,0.0,0.0,0.0,0.0,0.0,0.0,0.0,0.0,0.0,0.0,0.0,0.0,0.0,0.0,0.0,0.0,0.0,0.0,0.0,0.0,0.0,0.0,0.0,0.0,0.0,0.0,0.0,0.0,0.0,0.0,0.0,0.0,0.0,0.0,0.0,0.0,0.0,0.0,0.0,0.0,0.0,0.0,0.0,0.0,0.0,0.0,0.0,0.0,0.0,0.0,0.0,0.0,0.0,0.0,0.0,0.0,0.0,0.0,0.0,0.0,0.0,0.0,0.0,0.0,0.0,0.0,0.0,0.0,0.0,0.0,0.0,0.0,0.0,0.0,0.0,0.0,0.0,0.0,0.0,0.0,0.0,0.0,0.0,0.0,0.0,...
1763031247,92708684,laser,-3.1241390705108643,3.1415927410125732,0.0034828970674425364,5.375154796638526e-05,0.09669902920722961,0.15000000596046448,16.0,9.920000076293945,9.871999740600586,9.86400032043457,9.86400032043457,9.847999572753906,inf,inf,8.336000442504883,8.336000442504883,8.336000442504883,8.336000442504883,8.336000442504883,8.336000442504883,8.312000274658203,8.312000274658203,8.312000274658203,8.319999694824219,8.319999694824219,8.312000274658203,8.303999900817871,8.319999694824219,8.312000274658203,8.312000274658203,8.319999694824219,8.319999694824219,8.32800006866455,8.32800006866455,8.336000442504883,8.35200023651123,8.472000122070312,10.520000457763672,10.520000457763672,10.520000457763672,inf,inf,inf,inf,inf,inf,inf,inf,inf,inf,inf,4.6479997634887695,4.6479997634887695,4.6479997634887695,4.6479997634887695,4.6479997634887695,inf,inf,3.812000036239624,3.812000036239624,3.812000036239624,3.812000036239624,3.812000036239624,3.75600004196167,3.75600004196167,3.75600004196167,3.740000009536743,3.7320001125335693,3.7320001125335693,3.740000009536743,3.74399995803833,3.747999906539917,3.752000093460083,2.888000011444092,2.888000011444092,2.888000011444092,2.819999933242798,2.819999933242798,2.74399995803833,2.74399995803833,2.6480000019073486,2.6480000019073486,2.5920000076293945,2.5360000133514404,2.4839999675750732,2.440000057220459,2.384000062942505,2.3359999656677246,2.2960000038146973,2.2960000038146973,2.252000093460083,2.2279999256134033,2.196000099182129,2.1480000019073486,2.111999988555908,2.0799999237060547,2.052000045776367,2.01200008392334,1.9819999933242798,1.9639999866485596,1.9639999866485596,1.944000005722046,1.9279999732971191,1.9199999570846558,1.909999966621399,1.8960000276565552,1.871999979019165,1.8480000495910645,1.8480000495910645,1.8300000429153442,1.8079999685287476,1.7799999713897705,1.75600004196167,1.7319999933242798,1.7120000123977661,1.6959999799728394,1.6740000247955322,1.6740000247955322,1.6519999504089355,1.5080000162124634,1.5080000162124634,1.5080000162124634,1.496000051498413,1.4859999418258667,1.4780000448226929,inf,inf,inf,1.399999976158142,1.399999976158142,1.399999976158142,1.399999976158142,1.399999976158142,1.3880000114440918,1.3880000114440918,...,0.0,0.0,0.0,47.0,47.0,47.0,47.0,47.0,47.0,47.0,47.0,0.0,0.0,0.0,0.0,0.0,0.0,0.0,0.0,0.0,0.0,0.0,0.0,0.0,0.0,0.0,0.0,0.0,0.0,0.0,0.0,0.0,0.0,0.0,0.0,0.0,0.0,0.0,0.0,0.0,0.0,0.0,0.0,0.0,0.0,0.0,0.0,0.0,0.0,0.0,0.0,0.0,0.0,0.0,0.0,0.0,0.0,0.0,0.0,0.0,0.0,0.0,0.0,0.0,0.0,0.0,0.0,0.0,0.0,0.0,0.0,0.0,0.0,0.0,0.0,0.0,0.0,0.0,0.0,0.0,0.0,0.0,0.0,0.0,0.0,0.0,0.0,0.0,0.0,0.0,0.0,0.0,0.0,0.0,0.0,0.0,0.0,0.0,0.0,0.0,0.0,0.0,0.0,0.0,0.0,0.0,0.0,0.0,0.0,0.0,0.0,0.0,0.0,0.0,0.0,0.0,0.0,0.0,0.0,0.0,0.0,0.0,0.0,0.0,0.0,0.0,0.0,0.0,...
1763031247,191107060,laser,-3.1241390705108643,3.1415927410125732,0.0034828970674425364,5.366281766328029e-05,0.09653940796852112,0.15000000596046448,16.0,9.928000450134277,9.880000114440918,9.855999946594238,9.84000015258789,9.84000015258789,inf,8.32800006866455,8.32800006866455,8.32800006866455,8.32800006866455,8.32800006866455,8.32800006866455,8.32800006866455,8.312000274658203,8.303999900817871,8.312000274658203,8.312000274658203,8.303999900817871,8.303999900817871,8.303999900817871,8.312000274658203,8.312000274658203,8.312000274658203,8.319999694824219,8.32800006866455,8.319999694824219,8.319999694824219,8.336000442504883,8.359999656677246,8.423999786376953,inf,inf,inf,inf,inf,inf,inf,inf,inf,inf,inf,inf,inf,inf,inf,inf,inf,inf,inf,inf,inf,inf,3.871999979019165,3.871999979019165,3.871999979019165,3.871999979019165,3.871999979019165,3.7760000228881836,3.7760000228881836,3.7360000610351562,3.7320001125335693,3.740000009536743,3.747999906539917,3.747999906539917,3.752000093460083,3.752000093460083,2.8959999084472656,2.8959999084472656,2.8959999084472656,2.8959999084472656,2.8359999656677246,2.7880001068115234,2.7320001125335693,2.6600000858306885,2.611999988555908,2.611999988555908,2.559999942779541,2.492000102996826,2.440000057220459,2.3919999599456787,2.3480000495910645,2.299999952316284,2.2839999198913574,2.196000099182129,2.196000099182129,2.1519999504089355,2.1519999504089355,2.119999885559082,2.0920000076293945,2.052000045776367,2.0320000648498535,2.01200008392334,1.9880000352859497,1.9600000381469727,1.9420000314712524,1.9420000314712524,1.9299999475479126,1.9179999828338623,1.9040000438690186,1.8760000467300415,1.850000023841858,1.8359999656677246,1.815999984741211,1.815999984741211,1.7860000133514404,1.7580000162124634,1.7400000095367432,1.722000002861023,1.7000000476837158,1.6820000410079956,1.6640000343322754,1.628000020980835,1.5140000581741333,1.5019999742507935,1.5019999742507935,1.5019999742507935,1.4900000095367432,1.4759999513626099,inf,inf,inf,inf,1.406000018119812,1.406000018119812,1.406000018119812,1.406000018119812,1.406000018119812,1.3960000276565552,...,0.0,0.0,0.0,0.0,47.0,47.0,47.0,47.0,47.0,47.0,47.0,0.0,0.0,0.0,0.0,0.0,0.0,0.0,0.0,0.0,0.0,0.0,0.0,0.0,0.0,0.0,0.0,0.0,0.0,0.0,0.0,0.0,0.0,0.0,0.0,0.0,0.0,0.0,0.0,0.0,0.0,0.0,0.0,0.0,0.0,0.0,0.0,0.0,0.0,0.0,0.0,0.0,0.0,0.0,0.0,0.0,0.0,0.0,0.0,0.0,0.0,0.0,0.0,0.0,0.0,0.0,0.0,0.0,0.0,0.0,0.0,0.0,0.0,0.0,0.0,0.0,0.0,0.0,0.0,0.0,0.0,0.0,0.0,0.0,0.0,0.0,0.0,0.0,0.0,0.0,0.0,0.0,0.0,0.0,0.0,0.0,0.0,0.0,0.0,0.0,0.0,0.0,0.0,0.0,0.0,0.0,0.0,0.0,0.0,0.0,0.0,0.0,0.0,0.0,0.0,0.0,0.0,0.0,0.0,0.0,0.0,0.0,0.0,0.0,0.0,0.0,0.0,0.0,...
1763031247,289228617,laser,-3.1241390705108643,3.1415927410125732,0.0034828970674425364,5.3709136409452185e-05,0.09662273526191711,0.15000000596046448,16.0,9.887999534606934,9.887999534606934,9.86400032043457,9.887999534606934,8.32800006866455,8.32800006866455,8.32800006866455,8.32800006866455,8.32800006866455,8.32800006866455,8.32800006866455,8.32800006866455,8.312000274658203,8.312000274658203,8.312000274658203,8.312000274658203,8.312000274658203,8.319999694824219,8.319999694824219,8.319999694824219,8.319999694824219,8.319999694824219,8.319999694824219,8.319999694824219,8.336000442504883,8.336000442504883,8.336000442504883,8.35200023651123,8.35200023651123,8.35200023651123,inf,inf,inf,inf,inf,inf,inf,inf,inf,inf,inf,inf,inf,inf,inf,inf,inf,inf,inf,inf,inf,4.01200008392334,4.01200008392334,4.01200008392334,4.01200008392334,4.01200008392334,3.9079999923706055,3.808000087738037,3.747999906539917,3.740000009536743,3.740000009536743,3.740000009536743,3.74399995803833,3.747999906539917,3.747999906539917,3.752000093460083,2.888000011444092,2.888000011444092,2.888000011444092,2.740000009536743,2.740000009536743,2.740000009536743,2.740000009536743,2.691999912261963,2.6440000534057617,2.5840001106262207,2.5280001163482666,2.4839999675750732,2.427999973297119,2.375999927520752,2.3359999656677246,2.2960000038146973,2.2960000038146973,2.2039999961853027,2.2039999961853027,2.196000099182129,2.1600000858306885,2.115999937057495,2.0799999237060547,2.0480000972747803,2.007999897003174,1.9800000190734863,1.9500000476837158,1.9500000476837158,1.9160000085830688,1.8940000534057617,1.8700000047683716,1.8559999465942383,1.8519999980926514,1.840000033378601,1.8279999494552612,1.8279999494552612,1.8140000104904175,1.7960000038146973,1.7719999551773071,1.7519999742507935,1.7319999933242798,1.7100000381469727,1.690000057220459,1.6679999828338623,1.6679999828338623,1.649999976158142,1.49399995803833,1.49399995803833,1.49399995803833,1.49399995803833,1.4819999933242798,1.468000054359436,1.4320000410079956,1.4320000410079956,1.4320000410079956,1.4320000410079956,1.4320000410079956,1.399999976158142,1.399999976158142,1.399999976158142,1.3880000114440918,1.3880000114440918,...,0.0,0.0,47.0,47.0,47.0,47.0,47.0,47.0,47.0,47.0,0.0,0.0,0.0,0.0,0.0,0.0,0.0,0.0,0.0,0.0,0.0,0.0,0.0,0.0,0.0,0.0,0.0,0.0,0.0,0.0,0.0,0.0,0.0,0.0,0.0,0.0,0.0,0.0,0.0,0.0,0.0,0.0,0.0,0.0,0.0,0.0,0.0,0.0,0.0,0.0,0.0,0.0,0.0,0.0,0.0,0.0,0.0,0.0,0.0,0.0,0.0,0.0,0.0,0.0,0.0,0.0,0.0,0.0,0.0,0.0,47.0,47.0,47.0,47.0,47.0,0.0,0.0,0.0,0.0,0.0,0.0,0.0,0.0,0.0,0.0,0.0,0.0,0.0,0.0,0.0,0.0,0.0,0.0,0.0,0.0,0.0,0.0,0.0,0.0,0.0,0.0,0.0,0.0,0.0,0.0,0.0,0.0,0.0,0.0,0.0,0.0,0.0,0.0,0.0,0.0,0.0,0.0,0.0,0.0,0.0,0.0,0.0,0.0,0.0,0.0,0.0,0.0,0.0,...
1763031247,387563139,laser,-3.1241390705108643,3.1415927410125732,0.0034828970674425364,5.359569695428945e-05,0.09641865640878677,0.15000000596046448,16.0,9.880000114440918,9.86400032043457,9.855999946594238,9.855999946594238,inf,inf,inf,8.32800006866455,8.32800006866455,8.32800006866455,8.32800006866455,8.32800006866455,8.319999694824219,8.303999900817871,8.312000274658203,8.312000274658203,8.312000274658203,8.303999900817871,8.303999900817871,8.295999526977539,8.319999694824219,8.312000274658203,8.312000274658203,8.32800006866455,8.336000442504883,8.336000442504883,8.319999694824219,8.336000442504883,8.359999656677246,10.51200008392334,10.51200008392334,10.51200008392334,10.51200008392334,inf,inf,inf,inf,inf,inf,inf,inf,inf,inf,inf,inf,inf,inf,inf,inf,inf,inf,inf,inf,3.859999895095825,3.859999895095825,3.859999895095825,3.859999895095825,3.859999895095825,3.7760000228881836,3.7360000610351562,3.7320001125335693,3.740000009536743,3.747999906539917,3.752000093460083,3.752000093460083,3.752000093460083,2.8959999084472656,2.8959999084472656,2.8399999141693115,2.8399999141693115,2.8399999141693115,2.7880001068115234,2.7239999771118164,2.6519999504089355,2.611999988555908,2.555999994277954,2.555999994277954,2.5,2.4519999027252197,2.388000011444092,2.3440001010894775,2.299999952316284,2.2839999198913574,2.184000015258789,2.1519999504089355,2.1519999504089355,2.115999937057495,2.115999937057495,2.0880000591278076,2.055999994277954,2.0299999713897705,1.9980000257492065,1.9700000286102295,1.944000005722046,1.9140000343322754,1.8919999599456787,1.8919999599456787,1.8739999532699585,1.8739999532699585,1.8580000400543213,1.8480000495910645,1.8320000171661377,1.812000036239624,1.7899999618530273,1.7660000324249268,1.7660000324249268,1.722000002861023,1.722000002861023,1.7039999961853027,1.6859999895095825,1.6619999408721924,1.6360000371932983,1.5180000066757202,1.5180000066757202,1.503999948501587,1.4880000352859497,1.4759999513626099,1.4759999513626099,inf,inf,inf,inf,inf,1.3960000276565552,1.3960000276565552,1.3960000276565552,1.3960000276565552,1.3960000276565552,...,0.0,0.0,0.0,47.0,47.0,47.0,47.0,47.0,47.0,47.0,47.0,0.0,0.0,0.0,0.0,0.0,0.0,0.0,0.0,0.0,0.0,0.0,0.0,0.0,0.0,0.0,0.0,0.0,0.0,0.0,0.0,0.0,0.0,0.0,0.0,0.0,0.0,0.0,0.0,0.0,0.0,0.0,0.0,0.0,0.0,0.0,0.0,0.0,0.0,0.0,0.0,0.0,0.0,0.0,0.0,0.0,0.0,0.0,0.0,0.0,0.0,0.0,0.0,0.0,0.0,0.0,0.0,0.0,0.0,0.0,0.0,0.0,0.0,0.0,0.0,0.0,0.0,0.0,0.0,0.0,0.0,0.0,0.0,0.0,0.0,0.0,0.0,0.0,0.0,0.0,0.0,47.0,47.0,47.0,47.0,47.0,0.0,0.0,0.0,0.0,0.0,0.0,0.0,0.0,0.0,0.0,0.0,0.0,0.0,0.0,0.0,0.0,0.0,0.0,0.0,0.0,0.0,0.0,0.0,0.0,0.0,0.0,0.0,47.0,47.0,47.0,47.0,47.0,...
1763031247,485376499,laser,-3.1241390705108643,3.1415927410125732,0.0034828970674425364,5.3938263590680435e-05,0.09703493118286133,0.15000000596046448,16.0,9.880000114440918,9.880000114440918,9.855999946594238,9.887999534606934,inf,8.32800006866455,8.32800006866455,8.32800006866455,8.32800006866455,8.32800006866455,8.32800006866455,8.32800006866455,8.312000274658203,8.312000274658203,8.303999900817871,8.312000274658203,8.312000274658203,8.303999900817871,8.303999900817871,8.312000274658203,8.312000274658203,8.312000274658203,8.312000274658203,8.319999694824219,8.32800006866455,8.32800006866455,8.336000442504883,8.35200023651123,8.35200023651123,8.368000030517578,inf,inf,inf,inf,inf,inf,inf,inf,inf,inf,inf,inf,inf,inf,inf,inf,inf,inf,inf,inf,4.015999794006348,4.015999794006348,4.015999794006348,4.015999794006348,4.015999794006348,3.752000093460083,3.752000093460083,3.752000093460083,3.740000009536743,3.740000009536743,3.740000009536743,3.740000009536743,3.740000009536743,3.74399995803833,3.747999906539917,3.747999906539917,2.888000011444092,2.888000011444092,2.74399995803833,2.74399995803833,2.74399995803833,2.74399995803833,2.687999963760376,2.687999963760376,2.640000104904175,2.5920000076293945,2.5360000133514404,2.4760000705718994,2.4240000247955322,2.375999927520752,2.3359999656677246,2.2960000038146973,2.2960000038146973,2.24399995803833,2.2160000801086426,2.191999912261963,2.1480000019073486,2.115999937057495,2.0840001106262207,2.0460000038146973,2.0239999294281006,2.002000093460083,1.9859999418258667,1.9859999418258667,1.9700000286102295,1.9579999446868896,1.9459999799728394,1.9240000247955322,1.9019999504089355,1.878000020980835,1.850000023841858,1.8300000429153442,1.8300000429153442,1.8040000200271606,1.7760000228881836,1.75600004196167,1.7339999675750732,1.7100000381469727,1.6920000314712524,1.6720000505447388,1.649999976158142,1.649999976158142,1.531999945640564,1.5080000162124634,1.5080000162124634,1.5,1.4880000352859497,inf,inf,inf,inf,inf,inf,1.4040000438690186,1.4040000438690186,1.4040000438690186,1.4040000438690186,1.4040000438690186,...,47.0,47.0,47.0,47.0,47.0,47.0,47.0,47.0,47.0,47.0,47.0,47.0,0.0,0.0,0.0,0.0,0.0,0.0,47.0,47.0,47.0,47.0,47.0,0.0,0.0,0.0,0.0,0.0,0.0,0.0,0.0,0.0,0.0,0.0,0.0,0.0,0.0,0.0,0.0,0.0,0.0,0.0,0.0,0.0,0.0,0.0,0.0,0.0,0.0,0.0,0.0,0.0,0.0,0.0,0.0,0.0,0.0,0.0,0.0,0.0,0.0,0.0,0.0,0.0,0.0,0.0,0.0,0.0,0.0,0.0,0.0,0.0,0.0,0.0,0.0,0.0,0.0,0.0,0.0,0.0,0.0,0.0,0.0,0.0,0.0,0.0,0.0,0.0,0.0,0.0,0.0,0.0,0.0,0.0,0.0,0.0,0.0,0.0,0.0,0.0,0.0,0.0,0.0,0.0,0.0,0.0,47.0,47.0,47.0,47.0,47.0,0.0,0.0,0.0,0.0,0.0,0.0,0.0,0.0,0.0,0.0,0.0,0.0,0.0,0.0,47.0,47.0,47.0,...
1763031247,583944376,laser,-3.1241390705108643,3.1415927410125732,0.0034828970674425364,5.379756476031616e-05,0.09678182005882263,0.15000000596046448,16.0,9.871999740600586,9.871999740600586,9.855999946594238,9.880000114440918,inf,inf,8.32800006866455,8.32800006866455,8.32800006866455,8.32800006866455,8.32800006866455,8.312000274658203,8.312000274658203,8.303999900817871,8.319999694824219,8.312000274658203,8.312000274658203,8.303999900817871,8.303999900817871,8.303999900817871,8.312000274658203,8.312000274658203,8.312000274658203,8.312000274658203,8.32800006866455,8.336000442504883,8.319999694824219,8.336000442504883,8.35200023651123,inf,inf,inf,inf,inf,inf,inf,inf,inf,inf,inf,inf,inf,inf,inf,inf,inf,inf,inf,inf,inf,inf,3.8919999599456787,3.8919999599456787,3.8919999599456787,3.8919999599456787,3.8919999599456787,3.7880001068115234,3.7880001068115234,3.7880001068115234,3.740000009536743,3.740000009536743,3.74399995803833,3.747999906539917,3.74399995803833,3.747999906539917,3.747999906539917,3.747999906539917,2.936000108718872,2.936000108718872,2.936000108718872,2.7920000553131104,2.7920000553131104,2.7320001125335693,2.6600000858306885,2.611999988555908,2.563999891281128,2.503999948501587,2.503999948501587,2.4639999866485596,2.4200000762939453,2.371999979019165,2.328000068664551,2.299999952316284,2.184000015258789,2.184000015258789,2.180000066757202,2.131999969482422,2.1040000915527344,2.1040000915527344,2.072000026702881,2.0399999618530273,2.009999990463257,1.9839999675750732,1.9500000476837158,1.9179999828338623,1.9019999504089355,1.8960000276565552,1.8960000276565552,1.8839999437332153,1.871999979019165,1.8600000143051147,1.8359999656677246,1.815999984741211,1.7979999780654907,1.7719999551773071,1.7719999551773071,1.7280000448226929,1.7280000448226929,1.7059999704360962,1.6859999895095825,1.6640000343322754,1.6460000276565552,1.5180000066757202,1.5080000162124634,1.5080000162124634,1.496000051498413,1.4700000286102295,inf,1.4299999475479126,1.4299999475479126,1.4299999475479126,1.4299999475479126,1.4299999475479126,1.399999976158142,1.399999976158142,1.399999976158142,1.3839999437332153,1.3839999437332153,...,47.0,47.0,47.0,47.0,47.0,47.0,47.0,47.0,47.0,47.0,47.0,47.0,0.0,0.0,0.0,0.0,0.0,0.0,0.0,0.0,0.0,0.0,0.0,0.0,0.0,0.0,0.0,0.0,0.0,0.0,0.0,0.0,0.0,0.0,0.0,0.0,0.0,0.0,0.0,0.0,0.0,0.0,0.0,0.0,0.0,0.0,0.0,0.0,0.0,0.0,0.0,0.0,0.0,0.0,0.0,0.0,0.0,0.0,0.0,0.0,0.0,0.0,0.0,0.0,0.0,0.0,0.0,0.0,0.0,0.0,0.0,0.0,0.0,0.0,0.0,0.0,0.0,0.0,0.0,0.0,0.0,0.0,0.0,0.0,0.0,0.0,0.0,0.0,0.0,0.0,0.0,0.0,0.0,0.0,0.0,0.0,0.0,0.0,0.0,0.0,0.0,0.0,0.0,0.0,0.0,0.0,0.0,0.0,0.0,0.0,0.0,0.0,0.0,0.0,0.0,0.0,0.0,0.0,0.0,0.0,0.0,0.0,0.0,0.0,0.0,0.0,0.0,0.0,...
1763031247,682467438,laser,-3.1241390705108643,3.1415927410125732,0.0034828970674425364,5.3560790547635406e-05,0.0963558629155159,0.15000000596046448,16.0,9.871999740600586,9.871999740600586,9.847999572753906,9.880000114440918,8.32800006866455,8.32800006866455,8.32800006866455,8.32800006866455,8.32800006866455,8.32800006866455,8.32800006866455,8.32800006866455,8.312000274658203,8.303999900817871,8.303999900817871,8.312000274658203,8.312000274658203,8.312000274658203,8.312000274658203,8.319999694824219,8.312000274658203,8.312000274658203,8.319999694824219,8.319999694824219,8.336000442504883,8.336000442504883,8.336000442504883,8.359999656677246,8.35200023651123,8.35200023651123,10.416000366210938,10.416000366210938,10.416000366210938,inf,inf,inf,inf,inf,inf,inf,inf,inf,inf,inf,inf,inf,inf,inf,inf,inf,inf,inf,inf,inf,3.75600004196167,3.75600004196167,3.75600004196167,3.75600004196167,3.75600004196167,3.74399995803833,3.7360000610351562,3.7360000610351562,3.7360000610351562,3.74399995803833,3.747999906539917,3.747999906539917,2.888000011444092,2.888000011444092,2.888000011444092,2.8359999656677246,2.8359999656677246,2.7760000228881836,2.7760000228881836,2.6480000019073486,2.6480000019073486,2.611999988555908,2.559999942779541,2.5,2.444000005722046,2.380000114440918,2.3359999656677246,2.303999900817871,2.2760000228881836,2.2760000228881836,2.24399995803833,2.196000099182129,2.1519999504089355,2.111999988555908,2.0880000591278076,2.055999994277954,2.0160000324249268,1.9919999837875366,1.968000054359436,1.9359999895095825,1.9359999895095825,1.906000018119812,1.8760000467300415,1.8600000143051147,1.8459999561309814,1.8320000171661377,1.8300000429153442,1.8140000104904175,1.7999999523162842,1.7999999523162842,1.781999945640564,1.7580000162124634,1.7339999675750732,1.715999960899353,1.7020000219345093,1.6799999475479126,1.6579999923706055,1.6319999694824219,1.5180000066757202,1.5180000066757202,1.5,1.5,1.4859999418258667,1.4739999771118164,inf,inf,inf,1.4019999504089355,1.4019999504089355,1.4019999504089355,1.4019999504089355,1.4019999504089355,1.3940000534057617,1.3940000534057617,...,0.0,0.0,47.0,47.0,47.0,47.0,47.0,47.0,47.0,47.0,0.0,0.0,0.0,0.0,0.0,0.0,0.0,0.0,0.0,0.0,0.0,0.0,0.0,0.0,0.0,0.0,0.0,0.0,0.0,0.0,0.0,0.0,0.0,0.0,0.0,0.0,0.0,0.0,0.0,0.0,0.0,0.0,0.0,0.0,0.0,0.0,0.0,0.0,0.0,0.0,0.0,0.0,0.0,0.0,0.0,0.0,0.0,0.0,0.0,0.0,0.0,0.0,0.0,0.0,0.0,0.0,0.0,0.0,0.0,0.0,0.0,0.0,0.0,0.0,0.0,0.0,0.0,0.0,0.0,0.0,0.0,0.0,0.0,0.0,0.0,0.0,0.0,0.0,0.0,0.0,0.0,0.0,0.0,0.0,0.0,0.0,0.0,0.0,0.0,0.0,0.0,0.0,0.0,0.0,0.0,0.0,0.0,0.0,0.0,0.0,0.0,0.0,0.0,0.0,0.0,0.0,0.0,0.0,0.0,0.0,0.0,0.0,0.0,0.0,0.0,0.0,0.0,0.0,...
1763031247,780419776,laser,-3.1241390705108643,3.1415927410125732,0.0034828970674425364,5.712914207833819e-05,0.10277532786130905,0.15000000596046448,16.0,9.928000450134277,9.880000114440918,9.855999946594238,9.887999534606934,9.887999534606934,inf,inf,8.32800006866455,8.32800006866455,8.32800006866455,8.32800006866455,8.32800006866455,8.32800006866455,8.319999694824219,8.312000274658203,8.312000274658203,8.303999900817871,8.303999900817871,8.303999900817871,8.303999900817871,8.319999694824219,8.312000274658203,8.303999900817871,8.312000274658203,8.32800006866455,8.32800006866455,8.32800006866455,8.336000442504883,8.343999862670898,8.416000366210938,10.543999671936035,10.543999671936035,inf,inf,inf,inf,inf,inf,inf,inf,inf,inf,inf,inf,inf,inf,inf,inf,inf,inf,inf,inf,3.812000036239624,3.812000036239624,3.812000036239624,3.812000036239624,3.812000036239624,3.75600004196167,3.75600004196167,3.75600004196167,3.74399995803833,3.740000009536743,3.740000009536743,3.747999906539917,3.747999906539917,3.747999906539917,3.747999906539917,2.884000062942505,2.884000062942505,2.884000062942505,2.884000062942505,2.815999984741211,2.7360000610351562,2.684000015258789,2.6440000534057617,2.5920000076293945,2.5239999294281006,2.4679999351501465,2.4240000247955322,2.371999979019165,2.371999979019165,2.3320000171661377,2.299999952316284,2.2119998931884766,2.191999912261963,2.191999912261963,2.1440000534057617,2.1040000915527344,2.0840001106262207,2.055999994277954,2.055999994277954,2.0160000324249268,1.9880000352859497,1.965999960899353,1.9479999542236328,1.9359999895095825,1.9279999732971191,1.9119999408721924,1.8960000276565552,1.8960000276565552,1.8739999532699585,1.8480000495910645,1.8279999494552612,1.8079999685287476,1.7799999713897705,1.75600004196167,1.7339999675750732,1.7100000381469727,1.6920000314712524,1.6920000314712524,1.6699999570846558,1.649999976158142,1.5299999713897705,1.5299999713897705,1.5080000162124634,1.5,1.4880000352859497,inf,inf,inf,inf,inf,1.4019999504089355,1.4019999504089355,1.4019999504089355,1.4019999504089355,1.4019999504089355,1.3880000114440918,...,0.0,0.0,0.0,0.0,47.0,47.0,47.0,47.0,47.0,47.0,47.0,0.0,0.0,0.0,0.0,0.0,0.0,0.0,0.0,0.0,47.0,47.0,47.0,47.0,47.0,0.0,0.0,0.0,0.0,0.0,0.0,0.0,0.0,0.0,0.0,0.0,0.0,0.0,0.0,0.0,0.0,0.0,0.0,0.0,0.0,0.0,0.0,0.0,0.0,0.0,0.0,0.0,0.0,0.0,0.0,0.0,0.0,0.0,0.0,0.0,0.0,0.0,0.0,0.0,0.0,0.0,0.0,0.0,0.0,0.0,0.0,0.0,0.0,0.0,0.0,0.0,0.0,0.0,0.0,0.0,0.0,0.0,0.0,0.0,0.0,0.0,0.0,0.0,0.0,0.0,0.0,0.0,0.0,0.0,0.0,0.0,0.0,0.0,0.0,0.0,0.0,0.0,0.0,0.0,0.0,0.0,0.0,0.0,0.0,0.0,0.0,0.0,0.0,0.0,0.0,0.0,0.0,0.0,0.0,0.0,0.0,0.0,0.0,0.0,0.0,0.0,0.0,0.0,...
1763031247,884910519,laser,-3.1241390705108643,3.1415927410125732,0.0034828970674425364,5.3664178267354146e-05,0.0965418592095375,0.15000000596046448,16.0,9.855999946594238,9.855999946594238,9.855999946594238,9.855999946594238,inf,8.336000442504883,8.336000442504883,8.336000442504883,8.336000442504883,8.336000442504883,8.319999694824219,8.319999694824219,8.319999694824219,8.303999900817871,8.319999694824219,8.312000274658203,8.312000274658203,8.312000274658203,8.303999900817871,8.312000274658203,8.319999694824219,8.312000274658203,8.312000274658203,8.312000274658203,8.32800006866455,8.32800006866455,8.32800006866455,8.336000442504883,8.343999862670898,10.51200008392334,10.51200008392334,10.51200008392334,10.51200008392334,10.51200008392334,inf,inf,inf,inf,inf,inf,inf,inf,inf,inf,inf,inf,inf,inf,inf,inf,inf,inf,inf,inf,3.7839999198913574,3.7839999198913574,3.7839999198913574,3.7839999198913574,3.7839999198913574,3.740000009536743,3.740000009536743,3.747999906539917,3.747999906539917,3.747999906539917,3.747999906539917,3.747999906539917,2.9240000247955322,2.9240000247955322,2.9240000247955322,2.859999895095825,2.859999895095825,2.7960000038146973,2.7320001125335693,2.6600000858306885,2.6080000400543213,2.563999891281128,2.563999891281128,2.503999948501587,2.4560000896453857,2.4079999923706055,2.359999895095825,2.315999984741211,2.2880001068115234,2.1760001182556152,2.1760001182556152,2.1679999828338623,2.140000104904175,2.140000104904175,2.1040000915527344,2.0759999752044678,2.0439999103546143,2.0239999294281006,2.00600004196167,1.9839999675750732,1.9700000286102295,1.9539999961853027,1.9539999961853027,1.9359999895095825,1.9140000343322754,1.8880000114440918,1.8660000562667847,1.843999981880188,1.8200000524520874,1.7920000553131104,1.7680000066757202,1.7680000066757202,1.7480000257492065,1.7300000190734863,1.7059999704360962,1.6820000410079956,1.6619999408721924,1.6399999856948853,1.5199999809265137,1.5199999809265137,1.5019999742507935,1.4859999418258667,1.4780000448226929,1.4780000448226929,inf,inf,1.4119999408721924,1.4119999408721924,1.4119999408721924,1.4119999408721924,1.4119999408721924,1.3980000019073486,1.3980000019073486,1.3980000019073486,...,0.0,47.0,47.0,47.0,47.0,47.0,47.0,47.0,47.0,0.0,0.0,0.0,0.0,0.0,0.0,0.0,0.0,0.0,0.0,0.0,0.0,0.0,0.0,0.0,0.0,0.0,0.0,0.0,0.0,0.0,0.0,0.0,0.0,0.0,0.0,0.0,0.0,0.0,0.0,0.0,0.0,0.0,0.0,0.0,0.0,0.0,0.0,0.0,0.0,0.0,0.0,0.0,0.0,0.0,0.0,0.0,0.0,0.0,0.0,0.0,0.0,0.0,0.0,0.0,0.0,0.0,0.0,0.0,0.0,0.0,0.0,0.0,0.0,0.0,0.0,0.0,0.0,0.0,0.0,0.0,0.0,0.0,0.0,0.0,0.0,0.0,0.0,0.0,0.0,0.0,0.0,0.0,0.0,0.0,0.0,0.0,0.0,0.0,0.0,0.0,0.0,0.0,0.0,0.0,0.0,0.0,0.0,0.0,0.0,0.0,0.0,0.0,0.0,0.0,0.0,0.0,0.0,0.0,0.0,0.0,0.0,0.0,0.0,0.0,0.0,0.0,0.0,0.0,...
1763031247,982915868,laser,-3.1241390705108643,3.1415927410125732,0.0034828970674425364,5.379764479584992e-05,0.09678196161985397,0.15000000596046448,16.0,9.920000076293945,9.871999740600586,9.86400032043457,9.887999534606934,inf,inf,8.32800006866455,8.32800006866455,8.32800006866455,8.32800006866455,8.32800006866455,8.32800006866455,8.312000274658203,8.312000274658203,8.312000274658203,8.319999694824219,8.312000274658203,8.312000274658203,8.312000274658203,8.319999694824219,8.319999694824219,8.319999694824219,8.319999694824219,8.319999694824219,8.32800006866455,8.32800006866455,8.336000442504883,8.35200023651123,8.35200023651123,8.343999862670898,10.416000366210938,10.416000366210938,inf,inf,inf,inf,inf,inf,inf,inf,inf,inf,inf,inf,inf,inf,4.656000137329102,4.656000137329102,4.656000137329102,4.656000137329102,4.656000137329102,inf,inf,3.815999984741211,3.815999984741211,3.815999984741211,3.815999984741211,3.815999984741211,3.759999990463257,3.74399995803833,3.7360000610351562,3.740000009536743,3.747999906539917,3.747999906539917,3.747999906539917,3.752000093460083,2.884000062942505,2.884000062942505,2.8239998817443848,2.8239998817443848,2.8239998817443848,2.7679998874664307,2.7079999446868896,2.6480000019073486,2.6080000400543213,2.6080000400543213,2.555999994277954,2.496000051498413,2.440000057220459,2.380000114440918,2.3359999656677246,2.299999952316284,2.2679998874664307,2.2360000610351562,2.2360000610351562,2.1559998989105225,2.1559998989105225,2.115999937057495,2.0840001106262207,2.052000045776367,2.01200008392334,1.9880000352859497,1.9639999866485596,1.9279999732971191,1.899999976158142,1.899999976158142,1.871999979019165,1.8519999980926514,1.8420000076293945,1.815999984741211,1.8040000200271606,1.7999999523162842,1.7940000295639038,1.7940000295639038,1.7799999713897705,1.753999948501587,1.7319999933242798,1.7139999866485596,1.6959999799728394,1.6740000247955322,1.6540000438690186,1.6540000438690186,1.5160000324249268,1.5160000324249268,1.5160000324249268,1.5,1.4859999418258667,1.4759999513626099,inf,inf,inf,inf,inf,1.4019999504089355,1.4019999504089355,1.4019999504089355,1.4019999504089355,1.4019999504089355,...,0.0,0.0,0.0,47.0,47.0,47.0,47.0,47.0,47.0,47.0,47.0,0.0,0.0,0.0,0.0,0.0,0.0,0.0,0.0,0.0,0.0,0.0,0.0,0.0,0.0,0.0,0.0,0.0,0.0,0.0,0.0,0.0,0.0,0.0,0.0,0.0,0.0,0.0,0.0,0.0,0.0,0.0,0.0,0.0,0.0,0.0,0.0,0.0,0.0,0.0,0.0,0.0,0.0,0.0,0.0,0.0,0.0,0.0,0.0,0.0,0.0,0.0,0.0,0.0,0.0,0.0,0.0,47.0,47.0,47.0,47.0,47.0,0.0,0.0,0.0,0.0,0.0,0.0,0.0,0.0,0.0,0.0,0.0,0.0,0.0,0.0,0.0,0.0,0.0,0.0,0.0,0.0,0.0,0.0,0.0,0.0,0.0,0.0,0.0,0.0,0.0,0.0,0.0,0.0,0.0,0.0,0.0,0.0,0.0,0.0,0.0,0.0,0.0,0.0,0.0,0.0,0.0,0.0,0.0,0.0,0.0,0.0,0.0,0.0,0.0,0.0,0.0,0.0,...
1763031248,81379786,laser,-3.1241390705108643,3.1415927410125732,0.0034828970674425364,5.3720057621831074e-05,0.0966423824429512,0.15000000596046448,16.0,9.871999740600586,9.871999740600586,9.855999946594238,9.895999908447266,inf,8.32800006866455,8.32800006866455,8.32800006866455,8.32800006866455,8.32800006866455,8.32800006866455,8.32800006866455,8.319999694824219,8.319999694824219,8.319999694824219,8.319999694824219,8.319999694824219,8.312000274658203,8.312000274658203,8.319999694824219,8.319999694824219,8.312000274658203,8.312000274658203,8.319999694824219,8.336000442504883,8.336000442504883,8.336000442504883,8.336000442504883,8.359999656677246,8.359999656677246,10.53600025177002,inf,inf,inf,inf,inf,inf,inf,inf,inf,inf,inf,inf,inf,4.6479997634887695,4.6479997634887695,4.6479997634887695,4.6479997634887695,4.6479997634887695,inf,inf,inf,inf,inf,3.75600004196167,3.75600004196167,3.75600004196167,3.75600004196167,3.75600004196167,3.74399995803833,3.740000009536743,3.7360000610351562,3.7360000610351562,3.74399995803833,3.747999906539917,3.752000093460083,2.884000062942505,2.884000062942505,2.884000062942505,2.8239998817443848,2.8239998817443848,2.7639999389648438,2.7639999389648438,2.6480000019073486,2.6480000019073486,2.5999999046325684,2.5480000972747803,2.496000051498413,2.440000057220459,2.375999927520752,2.3359999656677246,2.299999952316284,2.247999906539917,2.247999906539917,2.196000099182129,2.196000099182129,2.1480000019073486,2.1040000915527344,2.0840001106262207,2.052000045776367,2.01200008392334,1.9839999675750732,1.9600000381469727,1.9279999732971191,1.9279999732971191,1.899999976158142,1.878000020980835,1.8660000562667847,1.8680000305175781,1.8559999465942383,1.840000033378601,1.8259999752044678,1.8259999752044678,1.8040000200271606,1.7799999713897705,1.75600004196167,1.7339999675750732,1.7139999866485596,1.6959999799728394,1.6740000247955322,1.6740000247955322,1.6540000438690186,1.5399999618530273,1.5099999904632568,1.5099999904632568,1.4980000257492065,1.4880000352859497,inf,inf,inf,inf,1.4019999504089355,1.4019999504089355,1.4019999504089355,1.4019999504089355,1.4019999504089355,1.3880000114440918,1.3880000114440918,...,47.0,47.0,47.0,47.0,47.0,47.0,47.0,47.0,47.0,47.0,47.0,47.0,0.0,0.0,0.0,0.0,0.0,0.0,0.0,0.0,0.0,0.0,0.0,0.0,0.0,0.0,0.0,0.0,0.0,0.0,0.0,0.0,0.0,0.0,0.0,0.0,0.0,0.0,0.0,0.0,0.0,0.0,0.0,0.0,0.0,0.0,0.0,0.0,0.0,0.0,0.0,0.0,0.0,0.0,0.0,0.0,0.0,0.0,0.0,0.0,0.0,0.0,0.0,0.0,0.0,0.0,0.0,0.0,0.0,0.0,0.0,0.0,0.0,0.0,0.0,0.0,0.0,0.0,0.0,0.0,0.0,0.0,0.0,0.0,0.0,0.0,0.0,0.0,0.0,0.0,0.0,0.0,0.0,0.0,0.0,0.0,0.0,0.0,0.0,0.0,0.0,0.0,0.0,0.0,0.0,0.0,0.0,0.0,0.0,0.0,0.0,0.0,0.0,0.0,0.0,0.0,0.0,0.0,0.0,0.0,0.0,0.0,0.0,0.0,0.0,0.0,0.0,0.0,...
1763031248,179577535,laser,-3.1241390705108643,3.1415927410125732,0.0034828970674425364,5.3747862693853676e-05,0.09669240564107895,0.15000000596046448,16.0,9.911999702453613,9.880000114440918,9.86400032043457,9.831999778747559,9.831999778747559,inf,8.32800006866455,8.32800006866455,8.32800006866455,8.32800006866455,8.32800006866455,8.32800006866455,8.32800006866455,8.319999694824219,8.319999694824219,8.319999694824219,8.312000274658203,8.303999900817871,8.312000274658203,8.312000274658203,8.32800006866455,8.319999694824219,8.312000274658203,8.319999694824219,8.319999694824219,8.32800006866455,8.32800006866455,8.336000442504883,8.35200023651123,8.432000160217285,10.527999877929688,10.527999877929688,inf,inf,inf,inf,inf,inf,inf,inf,inf,inf,inf,inf,inf,inf,inf,inf,inf,inf,inf,inf,inf,inf,3.7880001068115234,3.7880001068115234,3.7880001068115234,3.7880001068115234,3.7880001068115234,3.740000009536743,3.740000009536743,3.74399995803833,3.74399995803833,3.74399995803833,3.74399995803833,3.74399995803833,2.931999921798706,2.931999921798706,2.864000082015991,2.864000082015991,2.864000082015991,2.7960000038146973,2.7320001125335693,2.6600000858306885,2.6080000400543213,2.563999891281128,2.503999948501587,2.4600000381469727,2.4600000381469727,2.359999895095825,2.359999895095825,2.3239998817443848,2.2960000038146973,2.184000015258789,2.184000015258789,2.1679999828338623,2.128000020980835,2.1040000915527344,2.063999891281128,2.063999891281128,2.0320000648498535,2.0260000228881836,2.007999897003174,1.9900000095367432,1.9780000448226929,1.9579999446868896,1.937999963760376,1.9160000085830688,1.9160000085830688,1.8919999599456787,1.8680000305175781,1.8459999561309814,1.8200000524520874,1.7940000295639038,1.7699999809265137,1.7519999742507935,1.7319999933242798,1.7079999446868896,1.7079999446868896,1.684000015258789,1.6619999408721924,1.6399999856948853,1.5140000581741333,1.5140000581741333,1.5019999742507935,1.4900000095367432,1.4819999933242798,1.4780000448226929,1.4780000448226929,inf,1.4320000410079956,1.4320000410079956,1.4320000410079956,1.4320000410079956,1.4320000410079956,1.409999966621399,1.409999966621399,1.409999966621399,...,0.0,0.0,0.0,0.0,47.0,47.0,47.0,47.0,47.0,47.0,47.0,0.0,0.0,0.0,0.0,0.0,0.0,0.0,0.0,0.0,47.0,47.0,47.0,47.0,47.0,0.0,0.0,0.0,0.0,0.0,0.0,0.0,0.0,0.0,0.0,0.0,0.0,0.0,0.0,0.0,0.0,0.0,0.0,0.0,0.0,0.0,0.0,0.0,0.0,0.0,0.0,0.0,0.0,0.0,0.0,0.0,0.0,0.0,0.0,0.0,0.0,0.0,0.0,0.0,0.0,0.0,0.0,0.0,0.0,0.0,0.0,0.0,0.0,0.0,0.0,0.0,0.0,0.0,0.0,0.0,0.0,0.0,0.0,0.0,0.0,0.0,0.0,0.0,0.0,0.0,0.0,0.0,0.0,0.0,0.0,0.0,0.0,0.0,0.0,0.0,0.0,0.0,0.0,0.0,0.0,47.0,47.0,47.0,47.0,47.0,0.0,0.0,0.0,0.0,0.0,0.0,0.0,0.0,0.0,0.0,0.0,0.0,0.0,0.0,0.0,0.0,0.0,0.0,...
1763031248,278103541,laser,-3.1241390705108643,3.1415927410125732,0.0034828970674425364,5.3559590014629066e-05,0.09635370224714279,0.15000000596046448,16.0,9.880000114440918,9.880000114440918,9.855999946594238,9.824000358581543,inf,inf,8.319999694824219,8.319999694824219,8.319999694824219,8.319999694824219,8.319999694824219,8.32800006866455,8.312000274658203,8.303999900817871,8.319999694824219,8.319999694824219,8.319999694824219,8.319999694824219,8.312000274658203,8.312000274658203,8.32800006866455,8.319999694824219,8.319999694824219,8.319999694824219,8.32800006866455,8.336000442504883,8.336000442504883,8.35200023651123,8.343999862670898,8.343999862670898,10.399999618530273,10.399999618530273,inf,inf,inf,inf,inf,inf,inf,inf,inf,inf,inf,inf,inf,inf,inf,inf,inf,inf,inf,inf,3.888000011444092,3.888000011444092,3.888000011444092,3.888000011444092,3.888000011444092,3.7880001068115234,3.7880001068115234,3.740000009536743,3.740000009536743,3.74399995803833,3.74399995803833,3.74399995803833,3.747999906539917,3.747999906539917,2.931999921798706,2.864000082015991,2.864000082015991,2.864000082015991,2.864000082015991,2.7960000038146973,2.7320001125335693,2.6600000858306885,2.611999988555908,2.563999891281128,2.507999897003174,2.507999897003174,2.4639999866485596,2.4119999408721924,2.359999895095825,2.3239998817443848,2.299999952316284,2.187999963760376,2.128000020980835,2.128000020980835,2.128000020980835,2.1040000915527344,2.1040000915527344,2.072000026702881,2.0399999618530273,2.009999990463257,1.9780000448226929,1.9479999542236328,1.9140000343322754,1.8880000114440918,1.8799999952316284,1.8700000047683716,1.8559999465942383,1.8559999465942383,1.850000023841858,1.8320000171661377,1.8140000104904175,1.7920000553131104,1.7680000066757202,1.746000051498413,1.7259999513626099,1.7079999446868896,1.7079999446868896,1.684000015258789,1.6619999408721924,1.6419999599456787,1.5240000486373901,1.5240000486373901,1.50600004196167,1.4919999837875366,1.4839999675750732,inf,inf,inf,inf,inf,inf,1.399999976158142,1.399999976158142,1.399999976158142,1.399999976158142,1.399999976158142,...,47.0,47.0,47.0,47.0,47.0,47.0,47.0,47.0,47.0,47.0,47.0,47.0,0.0,0.0,0.0,0.0,0.0,0.0,0.0,0.0,0.0,0.0,0.0,0.0,0.0,0.0,0.0,0.0,0.0,0.0,0.0,0.0,0.0,0.0,0.0,0.0,0.0,0.0,47.0,47.0,47.0,47.0,47.0,0.0,0.0,0.0,0.0,0.0,0.0,0.0,0.0,0.0,0.0,0.0,0.0,0.0,0.0,0.0,0.0,0.0,0.0,0.0,0.0,0.0,0.0,0.0,0.0,0.0,0.0,0.0,0.0,0.0,0.0,0.0,0.0,0.0,0.0,0.0,0.0,0.0,0.0,0.0,0.0,0.0,0.0,0.0,0.0,0.0,0.0,47.0,47.0,47.0,47.0,47.0,0.0,0.0,0.0,0.0,0.0,0.0,0.0,0.0,0.0,0.0,0.0,0.0,0.0,0.0,0.0,0.0,0.0,0.0,0.0,0.0,0.0,0.0,0.0,0.0,0.0,0.0,0.0,0.0,0.0,0.0,0.0,0.0,0.0,0.0,...
1763031248,375725871,laser,-3.1241390705108643,3.1415927410125732,0.0034828970674425364,5.396310007199645e-05,0.09707961976528168,0.15000000596046448,16.0,9.887999534606934,9.887999534606934,9.86400032043457,9.904000282287598,inf,8.32800006866455,8.32800006866455,8.32800006866455,8.32800006866455,8.32800006866455,8.32800006866455,8.32800006866455,8.312000274658203,8.303999900817871,8.319999694824219,8.319999694824219,8.319999694824219,8.312000274658203,8.319999694824219,8.32800006866455,8.32800006866455,8.319999694824219,8.319999694824219,8.319999694824219,8.336000442504883,8.336000442504883,8.336000442504883,8.35200023651123,8.35200023651123,8.35200023651123,10.407999992370605,10.407999992370605,10.407999992370605,10.407999992370605,inf,inf,inf,inf,inf,inf,inf,inf,inf,inf,inf,inf,4.688000202178955,4.688000202178955,4.688000202178955,4.688000202178955,4.688000202178955,inf,inf,3.859999895095825,3.859999895095825,3.859999895095825,3.859999895095825,3.859999895095825,3.7839999198913574,3.740000009536743,3.7320001125335693,3.7360000610351562,3.74399995803833,3.74399995803833,3.747999906539917,3.747999906539917,2.8959999084472656,2.8959999084472656,2.8399999141693115,2.8399999141693115,2.8399999141693115,2.7920000553131104,2.6519999504089355,2.6519999504089355,2.5959999561309814,2.5959999561309814,2.5480000972747803,2.5,2.436000108718872,2.375999927520752,2.3359999656677246,2.308000087738037,2.2960000038146973,2.2039999961853027,2.1679999828338623,2.1679999828338623,2.1679999828338623,2.124000072479248,2.0959999561309814,2.053999900817871,2.0179998874664307,1.9880000352859497,1.9639999866485596,1.934000015258789,1.9040000438690186,1.9040000438690186,1.8799999952316284,1.8559999465942383,1.8380000591278076,1.8220000267028809,1.8200000524520874,1.812000036239624,1.7979999780654907,1.781999945640564,1.781999945640564,1.7580000162124634,1.7400000095367432,1.7200000286102295,1.7020000219345093,1.684000015258789,1.6579999923706055,1.6319999694824219,1.5099999904632568,1.5099999904632568,1.5,1.4839999675750732,1.4839999675750732,1.4739999771118164,inf,inf,inf,inf,inf,1.4040000438690186,1.4040000438690186,1.4040000438690186,1.4040000438690186,1.4040000438690186,...,0.0,47.0,47.0,47.0,47.0,47.0,47.0,47.0,47.0,47.0,47.0,47.0,47.0,0.0,0.0,0.0,0.0,0.0,0.0,0.0,0.0,0.0,0.0,0.0,0.0,0.0,0.0,0.0,0.0,0.0,0.0,0.0,0.0,0.0,0.0,0.0,0.0,0.0,0.0,0.0,0.0,0.0,0.0,0.0,0.0,0.0,0.0,0.0,0.0,0.0,0.0,0.0,0.0,0.0,0.0,0.0,0.0,0.0,0.0,0.0,0.0,0.0,0.0,0.0,0.0,0.0,0.0,0.0,0.0,0.0,0.0,0.0,0.0,0.0,0.0,0.0,0.0,0.0,0.0,0.0,0.0,0.0,0.0,0.0,0.0,0.0,0.0,0.0,0.0,0.0,0.0,0.0,0.0,0.0,0.0,0.0,0.0,0.0,0.0,0.0,0.0,0.0,0.0,0.0,0.0,0.0,0.0,0.0,0.0,0.0,0.0,0.0,0.0,0.0,0.0,0.0,0.0,0.0,0.0,0.0,0.0,0.0,0.0,0.0,0.0,47.0,47.0,47.0,...
1763031248,474564793,laser,-3.1241390705108643,3.1415927410125732,0.0034828970674425364,5.363827949622646e-05,0.09649526327848434,0.15000000596046448,16.0,9.880000114440918,9.880000114440918,9.86400032043457,9.895999908447266,inf,8.32800006866455,8.32800006866455,8.32800006866455,8.32800006866455,8.32800006866455,8.32800006866455,8.32800006866455,8.303999900817871,8.303999900817871,8.303999900817871,8.319999694824219,8.319999694824219,8.312000274658203,8.312000274658203,8.32800006866455,8.32800006866455,8.319999694824219,8.319999694824219,8.319999694824219,8.336000442504883,8.336000442504883,8.336000442504883,8.336000442504883,8.343999862670898,8.35200023651123,10.567999839782715,inf,inf,inf,inf,inf,inf,inf,inf,inf,inf,inf,inf,inf,inf,inf,inf,inf,inf,inf,inf,3.9040000438690186,3.9040000438690186,3.9040000438690186,3.9040000438690186,3.9040000438690186,3.812000036239624,3.812000036239624,3.747999906539917,3.740000009536743,3.740000009536743,3.740000009536743,3.740000009536743,3.74399995803833,3.747999906539917,3.747999906539917,3.747999906539917,2.884000062942505,2.884000062942505,2.7360000610351562,2.7360000610351562,2.7360000610351562,2.7360000610351562,2.6760001182556152,2.640000104904175,2.5920000076293945,2.5360000133514404,2.4760000705718994,2.4240000247955322,2.371999979019165,2.371999979019165,2.3320000171661377,2.2960000038146973,2.2079999446868896,2.2079999446868896,2.187999963760376,2.135999917984009,2.1040000915527344,2.0840001106262207,2.052000045776367,2.052000045776367,2.0220000743865967,1.99399995803833,1.9700000286102295,1.9539999961853027,1.9459999799728394,1.937999963760376,1.9199999570846558,1.9199999570846558,1.8980000019073486,1.8739999532699585,1.8480000495910645,1.8259999752044678,1.8020000457763672,1.7740000486373901,1.7519999742507935,1.7300000190734863,1.7079999446868896,1.687999963760376,1.687999963760376,1.6660000085830688,1.6480000019073486,1.5199999809265137,1.50600004196167,1.50600004196167,1.4980000257492065,1.4880000352859497,inf,1.4299999475479126,1.4299999475479126,1.4299999475479126,1.4299999475479126,1.4299999475479126,1.4019999504089355,1.4019999504089355,1.4019999504089355,1.3860000371932983,1.3860000371932983,...,47.0,47.0,47.0,47.0,47.0,47.0,47.0,47.0,47.0,47.0,47.0,47.0,0.0,0.0,0.0,0.0,0.0,0.0,0.0,0.0,0.0,0.0,0.0,0.0,0.0,0.0,0.0,0.0,0.0,0.0,0.0,0.0,0.0,0.0,0.0,0.0,0.0,0.0,0.0,0.0,0.0,0.0,0.0,0.0,0.0,0.0,0.0,0.0,0.0,0.0,0.0,0.0,0.0,0.0,0.0,0.0,0.0,0.0,0.0,0.0,0.0,0.0,0.0,0.0,0.0,0.0,0.0,0.0,0.0,0.0,0.0,0.0,0.0,0.0,0.0,0.0,0.0,0.0,0.0,0.0,0.0,0.0,0.0,0.0,0.0,0.0,0.0,0.0,0.0,0.0,0.0,0.0,0.0,0.0,0.0,0.0,0.0,0.0,0.0,0.0,0.0,0.0,0.0,0.0,0.0,0.0,0.0,0.0,0.0,0.0,0.0,0.0,0.0,0.0,0.0,0.0,0.0,0.0,0.0,0.0,0.0,0.0,0.0,0.0,0.0,0.0,0.0,0.0,...
