1763031905,681653658,laser,-3.1241390705108643,3.1415927410125732,0.0034828970674425364,5.3806805226486176e-05,0.09679844230413437,0.15000000596046448,16.0,inf,inf,inf,inf,inf,inf,inf,inf,inf,inf,inf,inf,inf,inf,inf,inf,inf,inf,inf,inf,inf,inf,inf,inf,inf,inf,inf,inf,inf,inf,inf,inf,inf,inf,inf,inf,inf,inf,inf,inf,inf,inf,inf,inf,inf,inf,inf,inf,inf,inf,inf,inf,inf,inf,inf,inf,inf,inf,inf,inf,inf,inf,inf,inf,inf,inf,inf,inf,inf,inf,inf,inf,inf,inf,inf,inf,inf,inf,inf,inf,inf,inf,inf,inf,inf,inf,inf,inf,inf,inf,inf,inf,inf,inf,inf,inf,inf,inf,inf,inf,inf,inf,inf,inf,inf,inf,inf,inf,inf,inf,inf,inf,inf,inf,inf,inf,inf,inf,inf,inf,inf,inf,inf,inf,inf,inf,inf,inf,...,0.0,0.0,0.0,0.0,0.0,0.0,0.0,0.0,0.0,0.0,0.0,0.0,0.0,0.0,0.0,0.0,0.0,0.0,0.0,0.0,0.0,0.0,0.0,0.0,0.0,0.0,0.0,0.0,0.0,0.0,0.0,0.0,0.0,0.0,0.0,0.0,0.0,0.0,0.0,0.0,0.0,0.0,0.0,0.0,0.0,0.0,0.0,0.0,0.0,0.0,0.0,0.0,0.0,0.0,0.0,0.0,0.0,0.0,0.0,0.0,0.0,0.0,0.0,0.0,0.0,0.0,0.0,0.0,0.0,0.0,0.0,0.0,0.0,0.0,0.0,0.0,0.0,0.0,0.0,0.0,0.0,0.0,0.0,0.0,0.0,0.0,0.0,0.0,0.0,0.0,0.0,0.0,0.0,0.0,0.0,0.0,0.0,0.0,0.0,0.0,0.0,0.0,0.0,0.0,0.0,0.0,0.0,0.0,0.0,0.0,0.0,0.0,0.0,0.0,0.0,0.0,0.0,0.0,0.0,0.0,0.0,0.0,0.0,0.0,0.0,0.0,0.0,0.0,...
1763031905,779533813,laser,-3.1241390705108643,3.1415927410125732,0.0034828970674425364,5.400463123805821e-05,0.09715433418750763,0.15000000596046448,16.0,inf,inf,inf,inf,inf,inf,inf,inf,inf,inf,inf,inf,inf,inf,inf,inf,inf,inf,inf,inf,inf,inf,inf,inf,inf,inf,inf,inf,inf,inf,inf,inf,inf,inf,inf,inf,inf,inf,inf,inf,inf,inf,inf,inf,inf,inf,inf,inf,inf,inf,inf,inf,inf,inf,inf,inf,inf,inf,inf,inf,inf,inf,inf,inf,inf,inf,inf,inf,inf,inf,inf,inf,inf,inf,inf,inf,inf,inf,inf,inf,inf,inf,inf,inf,inf,inf,inf,inf,inf,inf,inf,inf,inf,inf,inf,inf,inf,inf,inf,inf,inf,inf,inf,inf,inf,inf,inf,inf,inf,inf,inf,inf,inf,inf,inf,inf,inf,inf,inf,inf,inf,inf,inf,inf,inf,inf,inf,inf,...,0.0,0.0,0.0,0.0,0.0,0.0,0.0,0.0,0.0,0.0,0.0,0.0,0.0,0.0,0.0,0.0,0.0,0.0,0.0,0.0,0.0,0.0,0.0,0.0,0.0,0.0,0.0,0.0,0.0,0.0,0.0,0.0,0.0,0.0,0.0,0.0,0.0,0.0,0.0,0.0,0.0,0.0,0.0,0.0,0.0,0.0,0.0,0.0,0.0,0.0,0.0,0.0,0.0,0.0,0.0,0.0,0.0,0.0,0.0,0.0,0.0,0.0,0.0,0.0,0.0,0.0,0.0,0.0,0.0,0.0,0.0,0.0,0.0,0.0,0.0,0.0,0.0,0.0,0.0,0.0,0.0,0.0,0.0,0.0,0.0,0.0,0.0,0.0,0.0,0.0,0.0,0.0,0.0,0.0,0.0,0.0,0.0,0.0,0.0,0.0,0.0,0.0,0.0,0.0,0.0,0.0,0.0,0.0,0.0,0.0,0.0,0.0,0.0,0.0,0.0,0.0,0.0,0.0,0.0,0.0,0.0,0.0,0.0,0.0,0.0,0.0,0.0,0.0,...
1763031905,878095980,laser,-3.1241390705108643,3.1415927410125732,0.0034828970674425364,5.3846710216021165e-05,0.09687023609876633,0.15000000596046448,16.0,inf,inf,inf,inf,inf,inf,inf,inf,inf,inf,inf,inf,inf,inf,inf,inf,inf,inf,inf,inf,inf,inf,inf,inf,inf,inf,inf,inf,inf,inf,inf,inf,inf,inf,inf,inf,inf,inf,inf,inf,inf,inf,inf,inf,inf,inf,inf,inf,inf,inf,inf,inf,inf,inf,inf,inf,inf,inf,inf,inf,inf,inf,inf,inf,inf,inf,inf,inf,inf,inf,inf,inf,inf,inf,inf,inf,inf,inf,inf,inf,inf,inf,inf,inf,inf,inf,inf,inf,inf,inf,inf,inf,inf,inf,inf,inf,inf,inf,inf,inf,inf,inf,inf,inf,inf,inf,inf,inf,inf,inf,inf,inf,inf,inf,inf,inf,inf,inf,inf,inf,inf,inf,inf,inf,inf,inf,inf,inf,...,0.0,0.0,0.0,0.0,0.0,0.0,0.0,0.0,0.0,0.0,0.0,0.0,0.0,0.0,0.0,0.0,0.0,0.0,0.0,0.0,0.0,0.0,0.0,0.0,0.0,0.0,0.0,0.0,0.0,0.0,0.0,0.0,0.0,0.0,0.0,0.0,0.0,0.0,0.0,0.0,0.0,0.0,0.0,0.0,0.0,0.0,0.0,0.0,0.0,0.0,0.0,0.0,0.0,0.0,0.0,0.0,0.0,0.0,0.0,0.0,0.0,0.0,0.0,0.0,0.0,0.0,0.0,0.0,0.0,0.0,0.0,0.0,0.0,0.0,0.0,0.0,0.0,0.0,0.0,0.0,0.0,0.0,0.0,0.0,0.0,0.0,0.0,0.0,0.0,0.0,0.0,0.0,0.0,0.0,0.0,0.0,0.0,0.0,0.0,0.0,0.0,0.0,0.0,0.0,0.0,0.0,0.0,0.0,0.0,0.0,0.0,0.0,0.0,0.0,0.0,0.0,0.0,0.0,0.0,0.0,0.0,0.0,0.0,0.0,0.0,0.0,0.0,0.0,...
1763031905,976295415,laser,-3.1241390705108643,3.1415927410125732,0.0034828970674425364,5.3886076784692705e-05,0.09694104641675949,0.15000000596046448,16.0,inf,inf,inf,inf,inf,inf,inf,inf,inf,inf,inf,inf,inf,inf,inf,inf,inf,inf,inf,inf,inf,inf,inf,inf,inf,inf,inf,inf,inf,inf,inf,inf,inf,inf,inf,inf,inf,inf,inf,inf,inf,inf,inf,inf,inf,inf,inf,inf,inf,inf,inf,inf,inf,inf,inf,inf,inf,inf,inf,inf,inf,inf,inf,inf,inf,inf,inf,inf,inf,inf,inf,inf,inf,inf,inf,inf,inf,inf,inf,inf,inf,inf,inf,inf,inf,inf,inf,inf,inf,inf,inf,inf,inf,inf,inf,inf,inf,inf,inf,inf,inf,inf,inf,inf,inf,inf,inf,inf,inf,inf,inf,inf,inf,inf,inf,inf,inf,inf,inf,inf,inf,inf,inf,inf,inf,inf,inf,inf,...,0.0,0.0,0.0,0.0,0.0,0.0,0.0,0.0,0.0,0.0,0.0,0.0,0.0,0.0,0.0,0.0,0.0,0.0,0.0,0.0,0.0,0.0,0.0,0.0,0.0,0.0,0.0,0.0,0.0,0.0,0.0,0.0,0.0,0.0,0.0,0.0,0.0,0.0,0.0,0.0,0.0,0.0,0.0,0.0,0.0,0.0,0.0,0.0,0.0,0.0,0.0,0.0,0.0,0.0,0.0,0.0,0.0,0.0,0.0,0.0,0.0,0.0,0.0,0.0,0.0,0.0,0.0,0.0,0.0,0.0,0.0,0.0,0.0,0.0,0.0,0.0,0.0,0.0,0.0,0.0,0.0,0.0,0.0,0.0,0.0,0.0,0.0,0.0,0.0,0.0,0.0,0.0,0.0,0.0,0.0,0.0,0.0,0.0,0.0,0.0,0.0,0.0,0.0,0.0,0.0,0.0,0.0,0.0,0.0,0.0,0.0,0.0,0.0,0.0,0.0,0.0,0.0,0.0,0.0,0.0,0.0,0.0,0.0,0.0,0.0,0.0,0.0,0.0,...
1763031906,75129031,laser,-3.1241390705108643,3.1415927410125732,0.0034828970674425364,5.354511449695565e-05,0.09632766246795654,0.15000000596046448,16.0,inf,inf,inf,inf,inf,inf,inf,inf,inf,inf,inf,inf,inf,inf,inf,inf,inf,inf,inf,inf,inf,inf,inf,inf,inf,inf,inf,inf,inf,inf,inf,inf,inf,inf,inf,inf,inf,inf,inf,inf,inf,inf,inf,inf,inf,inf,inf,inf,inf,inf,inf,inf,inf,inf,inf,inf,inf,inf,inf,inf,inf,inf,inf,inf,inf,inf,inf,inf,inf,inf,inf,inf,inf,inf,inf,inf,inf,inf,inf,inf,inf,inf,inf,inf,inf,inf,inf,inf,inf,inf,inf,inf,inf,inf,inf,inf,inf,inf,inf,inf,inf,inf,inf,inf,inf,inf,inf,inf,inf,inf,inf,inf,inf,inf,inf,inf,inf,inf,inf,inf,inf,inf,inf,inf,inf,inf,inf,inf,...,0.0,0.0,0.0,0.0,0.0,0.0,0.0,0.0,0.0,0.0,0.0,0.0,0.0,0.0,0.0,0.0,0.0,0.0,0.0,0.0,0.0,0.0,0.0,0.0,0.0,0.0,0.0,0.0,0.0,0.0,0.0,0.0,0.0,0.0,0.0,0.0,0.0,0.0,0.0,0.0,0.0,0.0,0.0,0.0,0.0,0.0,0.0,0.0,0.0,0.0,0.0,0.0,0.0,0.0,0.0,0.0,0.0,0.0,0.0,0.0,0.0,0.0,0.0,0.0,0.0,0.0,0.0,0.0,0.0,0.0,0.0,0.0,0.0,0.0,0.0,0.0,0.0,0.0,0.0,0.0,0.0,0.0,0.0,0.0,0.0,0.0,0.0,0.0,0.0,0.0,0.0,0.0,0.0,0.0,0.0,0.0,0.0,0.0,0.0,0.0,0.0,0.0,0.0,0.0,0.0,0.0,0.0,0.0,0.0,0.0,0.0,0.0,0.0,0.0,0.0,0.0,0.0,0.0,0.0,0.0,0.0,0.0,0.0,0.0,0.0,0.0,0.0,0.0,...
1763031906,173094770,laser,-3.1241390705108643,3.1415927410125732,0.0034828970674425364,5.3728224884252995e-05,0.09665707498788834,0.15000000596046448,16.0,inf,inf,inf,inf,inf,inf,inf,inf,inf,inf,inf,inf,inf,inf,inf,inf,inf,inf,inf,inf,inf,inf,inf,inf,inf,inf,inf,inf,inf,inf,inf,inf,inf,inf,inf,inf,inf,inf,inf,inf,inf,inf,inf,inf,inf,inf,inf,inf,inf,inf,inf,inf,inf,inf,inf,inf,inf,inf,inf,inf,inf,inf,inf,inf,inf,inf,inf,inf,inf,inf,inf,inf,inf,inf,inf,inf,inf,inf,inf,inf,inf,inf,inf,inf,inf,inf,inf,inf,inf,inf,inf,inf,inf,inf,inf,inf,inf,inf,inf,inf,inf,inf,inf,inf,inf,inf,inf,inf,inf,inf,inf,inf,inf,inf,inf,inf,inf,inf,inf,inf,inf,inf,inf,inf,inf,inf,inf,inf,...,0.0,0.0,0.0,0.0,0.0,0.0,0.0,0.0,0.0,0.0,0.0,0.0,0.0,0.0,0.0,0.0,0.0,0.0,0.0,0.0,0.0,0.0,0.0,0.0,0.0,0.0,0.0,0.0,0.0,0.0,0.0,0.0,0.0,0.0,0.0,0.0,0.0,0.0,0.0,0.0,0.0,0.0,0.0,0.0,0.0,0.0,0.0,0.0,0.0,0.0,0.0,0.0,0.0,0.0,0.0,0.0,0.0,0.0,0.0,0.0,0.0,0.0,0.0,0.0,0.0,0.0,0.0,0.0,0.0,0.0,0.0,0.0,0.0,0.0,0.0,0.0,0.0,0.0,0.0,0.0,0.0,0.0,0.0,0.0,0.0,0.0,0.0,0.0,0.0,0.0,0.0,0.0,0.0,0.0,0.0,0.0,0.0,0.0,0.0,0.0,0.0,0.0,0.0,0.0,0.0,0.0,0.0,0.0,0.0,0.0,0.0,0.0,0.0,0.0,0.0,0.0,0.0,0.0,0.0,0.0,0.0,0.0,0.0,0.0,0.0,0.0,0.0,0.0,...
1763031906,271319254,laser,-3.1241390705108643,3.1415927410125732,0.0034828970674425364,5.374015017878264e-05,0.09667852520942688,0.15000000596046448,16.0,inf,inf,inf,inf,inf,inf,inf,inf,inf,inf,inf,inf,inf,inf,inf,inf,inf,inf,inf,inf,inf,inf,inf,inf,inf,inf,inf,inf,inf,inf,inf,inf,inf,inf,inf,inf,inf,inf,inf,inf,inf,inf,inf,inf,inf,inf,inf,inf,inf,inf,inf,inf,inf,inf,inf,inf,inf,inf,inf,inf,inf,inf,inf,inf,inf,inf,inf,inf,inf,inf,inf,inf,inf,inf,inf,inf,inf,inf,inf,inf,inf,inf,inf,inf,inf,inf,inf,inf,inf,inf,inf,inf,inf,inf,inf,inf,inf,inf,inf,inf,inf,inf,inf,inf,inf,inf,inf,inf,inf,inf,inf,inf,inf,inf,inf,inf,inf,inf,inf,inf,inf,inf,inf,inf,inf,inf,inf,inf,...,0.0,0.0,0.0,0.0,0.0,0.0,0.0,0.0,0.0,0.0,0.0,0.0,0.0,0.0,0.0,0.0,0.0,0.0,0.0,0.0,0.0,0.0,0.0,0.0,0.0,0.0,0.0,0.0,0.0,0.0,0.0,0.0,0.0,0.0,0.0,0.0,0.0,0.0,0.0,0.0,0.0,0.0,0.0,0.0,0.0,0.0,0.0,0.0,0.0,0.0,0.0,0.0,0.0,0.0,0.0,0.0,0.0,0.0,0.0,0.0,0.0,0.0,0.0,0.0,0.0,0.0,0.0,0.0,0.0,0.0,0.0,0.0,0.0,0.0,0.0,0.0,0.0,0.0,0.0,0.0,0.0,0.0,0.0,0.0,0.0,0.0,0.0,0.0,0.0,0.0,0.0,0.0,0.0,0.0,0.0,0.0,0.0,0.0,0.0,0.0,0.0,0.0,0.0,0.0,0.0,0.0,0.0,0.0,0.0,0.0,0.0,0.0,0.0,0.0,0.0,0.0,0.0,0.0,0.0,0.0,0.0,0.0,0.0,0.0,0.0,0.0,0.0,0.0,...
1763031906,369554745,laser,-3.1241390705108643,3.1415927410125732,0.0034828970674425364,5.3722695156466216e-05,0.09664712846279144,0.15000000596046448,16.0,inf,inf,inf,inf,inf,inf,inf,inf,inf,inf,inf,inf,inf,inf,inf,inf,inf,inf,inf,inf,inf,inf,inf,inf,inf,inf,inf,inf,inf,inf,inf,inf,inf,inf,inf,inf,inf,inf,inf,inf,inf,inf,inf,inf,inf,inf,inf,inf,inf,inf,inf,inf,inf,inf,inf,inf,inf,inf,inf,inf,inf,inf,inf,inf,inf,inf,inf,inf,inf,inf,inf,inf,inf,inf,inf,inf,inf,inf,inf,inf,inf,inf,inf,inf,inf,inf,inf,inf,inf,inf,inf,inf,inf,inf,inf,inf,inf,inf,inf,inf,inf,inf,inf,inf,inf,inf,inf,inf,inf,inf,inf,inf,inf,inf,inf,inf,inf,inf,inf,inf,inf,inf,inf,inf,inf,inf,inf,inf,...,0.0,0.0,0.0,0.0,0.0,0.0,0.0,0.0,0.0,0.0,0.0,0.0,0.0,0.0,0.0,0.0,0.0,0.0,0.0,0.0,0.0,0.0,0.0,0.0,0.0,0.0,0.0,0.0,0.0,0.0,0.0,0.0,0.0,0.0,0.0,0.0,0.0,0.0,0.0,0.0,0.0,0.0,0.0,0.0,0.0,0.0,0.0,0.0,0.0,0.0,0.0,0.0,0.0,0.0,0.0,0.0,0.0,0.0,0.0,0.0,0.0,0.0,0.0,0.0,0.0,0.0,0.0,0.0,0.0,0.0,0.0,0.0,0.0,0.0,0.0,0.0,0.0,0.0,0.0,0.0,0.0,0.0,0.0,0.0,0.0,0.0,0.0,0.0,0.0,0.0,0.0,0.0,0.0,0.0,0.0,0.0,0.0,0.0,0.0,0.0,0.0,0.0,0.0,0.0,0.0,0.0,0.0,0.0,0.0,0.0,0.0,0.0,0.0,0.0,0.0,0.0,0.0,0.0,0.0,0.0,0.0,0.0,0.0,0.0,0.0,0.0,0.0,0.0,...
1763031906,467780199,laser,-3.1241390705108643,3.1415927410125732,0.0034828970674425364,5.377571505960077e-05,0.09674251079559326,0.15000000596046448,16.0,inf,inf,inf,inf,inf,inf,inf,inf,inf,inf,inf,inf,inf,inf,inf,inf,inf,inf,inf,inf,inf,inf,inf,inf,inf,inf,inf,inf,inf,inf,inf,inf,inf,inf,inf,inf,inf,inf,inf,inf,inf,inf,inf,inf,inf,inf,inf,inf,inf,inf,inf,inf,inf,inf,inf,inf,inf,inf,inf,inf,inf,inf,inf,inf,inf,inf,inf,inf,inf,inf,inf,inf,inf,inf,inf,inf,inf,inf,inf,inf,inf,inf,inf,inf,inf,inf,inf,inf,inf,inf,inf,inf,inf,inf,inf,inf,inf,inf,inf,inf,inf,inf,inf,inf,inf,inf,inf,inf,inf,inf,inf,inf,inf,inf,inf,inf,inf,inf,inf,inf,inf,inf,inf,inf,inf,inf,inf,inf,...,0.0,0.0,0.0,0.0,0.0,0.0,0.0,0.0,0.0,0.0,0.0,0.0,0.0,0.0,0.0,0.0,0.0,0.0,0.0,0.0,0.0,0.0,0.0,0.0,0.0,0.0,0.0,0.0,0.0,0.0,0.0,0.0,0.0,0.0,0.0,0.0,0.0,0.0,0.0,0.0,0.0,0.0,0.0,0.0,0.0,0.0,0.0,0.0,0.0,0.0,0.0,0.0,0.0,0.0,0.0,0.0,0.0,0.0,0.0,0.0,0.0,0.0,0.0,0.0,0.0,0.0,0.0,0.0,0.0,0.0,0.0,0.0,0.0,0.0,0.0,0.0,0.0,0.0,0.0,0.0,0.0,0.0,0.0,0.0,0.0,0.0,0.0,0.0,0.0,0.0,0.0,0.0,0.0,0.0,0.0,0.0,0.0,0.0,0.0,0.0,0.0,0.0,0.0,0.0,0.0,0.0,0.0,0.0,0.0,0.0,0.0,0.0,0.0,0.0,0.0,0.0,0.0,0.0,0.0,0.0,0.0,0.0,0.0,0.0,0.0,0.0,0.0,0.0,...
1763031906,565804976,laser,-3.1241390705108643,3.1415927410125732,0.0034828970674425364,5.3902549552731216e-05,0.09697068482637405,0.15000000596046448,16.0,inf,inf,inf,inf,inf,inf,inf,inf,inf,inf,inf,inf,inf,inf,inf,inf,inf,inf,inf,inf,inf,inf,inf,inf,inf,inf,inf,inf,inf,inf,inf,inf,inf,inf,inf,inf,inf,inf,inf,inf,inf,inf,inf,inf,inf,inf,inf,inf,inf,inf,inf,inf,inf,inf,inf,inf,inf,inf,inf,inf,inf,inf,inf,inf,inf,inf,inf,inf,inf,inf,inf,inf,inf,inf,inf,inf,inf,inf,inf,inf,inf,inf,inf,inf,inf,inf,inf,inf,inf,inf,inf,inf,inf,inf,inf,inf,inf,inf,inf,inf,inf,inf,inf,inf,inf,inf,inf,inf,inf,inf,inf,inf,inf,inf,inf,inf,inf,inf,inf,inf,inf,inf,inf,inf,inf,inf,inf,inf,...,0.0,0.0,0.0,0.0,0.0,0.0,0.0,0.0,0.0,0.0,0.0,0.0,0.0,0.0,0.0,0.0,0.0,0.0,0.0,0.0,0.0,0.0,0.0,0.0,0.0,0.0,0.0,0.0,0.0,0.0,0.0,0.0,0.0,0.0,0.0,0.0,0.0,0.0,0.0,0.0,0.0,0.0,0.0,0.0,0.0,0.0,0.0,0.0,0.0,0.0,0.0,0.0,0.0,0.0,0.0,0.0,0.0,0.0,0.0,0.0,0.0,0.0,0.0,0.0,0.0,0.0,0.0,0.0,0.0,0.0,0.0,0.0,0.0,0.0,0.0,0.0,0.0,0.0,0.0,0.0,0.0,0.0,0.0,0.0,0.0,0.0,0.0,0.0,0.0,0.0,0.0,0.0,0.0,0.0,0.0,0.0,0.0,0.0,0.0,0.0,0.0,0.0,0.0,0.0,0.0,0.0,0.0,0.0,0.0,0.0,0.0,0.0,0.0,0.0,0.0,0.0,0.0,0.0,0.0,0.0,0.0,0.0,0.0,0.0,0.0,0.0,0.0,0.0,...
1763031906,664089780,laser,-3.1241390705108643,3.1415927410125732,0.0034828970674425364,5.387465353123844e-05,0.09692049771547318,0.15000000596046448,16.0,inf,inf,inf,inf,inf,inf,inf,inf,inf,inf,inf,inf,inf,inf,inf,inf,inf,inf,inf,inf,inf,inf,inf,inf,inf,inf,inf,inf,inf,inf,inf,inf,inf,inf,inf,inf,inf,inf,inf,inf,inf,inf,inf,inf,inf,inf,inf,inf,inf,inf,inf,inf,inf,inf,inf,inf,inf,inf,inf,inf,inf,inf,inf,inf,inf,inf,inf,inf,inf,inf,inf,inf,inf,inf,inf,inf,inf,inf,inf,inf,inf,inf,inf,inf,inf,inf,inf,inf,inf,inf,inf,inf,inf,inf,inf,inf,inf,inf,inf,inf,inf,inf,inf,inf,inf,inf,inf,inf,inf,inf,inf,inf,inf,inf,inf,inf,inf,inf,inf,inf,inf,inf,inf,inf,inf,inf,inf,inf,...,0.0,0.0,0.0,0.0,0.0,0.0,0.0,0.0,0.0,0.0,0.0,0.0,0.0,0.0,0.0,0.0,0.0,0.0,0.0,0.0,0.0,0.0,0.0,0.0,0.0,0.0,0.0,0.0,0.0,0.0,0.0,0.0,0.0,0.0,0.0,0.0,0.0,0.0,0.0,0.0,0.0,0.0,0.0,0.0,0.0,0.0,0.0,0.0,0.0,0.0,0.0,0.0,0.0,0.0,0.0,0.0,0.0,0.0,0.0,0.0,0.0,0.0,0.0,0.0,0.0,0.0,0.0,0.0,0.0,0.0,0.0,0.0,0.0,0.0,0.0,0.0,0.0,0.0,0.0,0.0,0.0,0.0,0.0,0.0,0.0,0.0,0.0,0.0,0.0,0.0,0.0,0.0,0.0,0.0,0.0,0.0,0.0,0.0,0.0,0.0,0.0,0.0,0.0,0.0,0.0,0.0,0.0,0.0,0.0,0.0,0.0,0.0,0.0,0.0,0.0,0.0,0.0,0.0,0.0,0.0,0.0,0.0,0.0,0.0,0.0,0.0,0.0,0.0,...
1763031906,762471891,laser,-3.1241390705108643,3.1415927410125732,0.0034828970674425364,5.383224561228417e-05,0.09684421122074127,0.15000000596046448,16.0,inf,inf,inf,inf,inf,inf,inf,inf,inf,inf,inf,inf,inf,inf,inf,inf,inf,inf,inf,inf,inf,inf,inf,inf,inf,inf,inf,inf,inf,inf,inf,inf,inf,inf,inf,inf,inf,inf,inf,inf,inf,inf,inf,inf,inf,inf,inf,inf,inf,inf,inf,inf,inf,inf,inf,inf,inf,inf,inf,inf,inf,inf,inf,inf,inf,inf,inf,inf,inf,inf,inf,inf,inf,inf,inf,inf,inf,inf,inf,inf,inf,inf,inf,inf,inf,inf,inf,inf,inf,inf,inf,inf,inf,inf,inf,inf,inf,inf,inf,inf,inf,inf,inf,inf,inf,inf,inf,inf,inf,inf,inf,inf,inf,inf,inf,inf,inf,inf,inf,inf,inf,inf,inf,inf,inf,inf,inf,inf,...,0.0,0.0,0.0,0.0,0.0,0.0,0.0,0.0,0.0,0.0,0.0,0.0,0.0,0.0,0.0,0.0,0.0,0.0,0.0,0.0,0.0,0.0,0.0,0.0,0.0,0.0,0.0,0.0,0.0,0.0,0.0,0.0,0.0,0.0,0.0,0.0,0.0,0.0,0.0,0.0,0.0,0.0,0.0,0.0,0.0,0.0,0.0,0.0,0.0,0.0,0.0,0.0,0.0,0.0,0.0,0.0,0.0,0.0,0.0,0.0,0.0,0.0,0.0,0.0,0.0,0.0,0.0,0.0,0.0,0.0,0.0,0.0,0.0,0.0,0.0,0.0,0.0,0.0,0.0,0.0,0.0,0.0,0.0,0.0,0.0,0.0,0.0,0.0,0.0,0.0,0.0,0.0,0.0,0.0,0.0,0.0,0.0,0.0,0.0,0.0,0.0,0.0,0.0,0.0,0.0,0.0,0.0,0.0,0.0,0.0,0.0,0.0,0.0,0.0,0.0,0.0,0.0,0.0,0.0,0.0,0.0,0.0,0.0,0.0,0.0,0.0,0.0,0.0,...
1763031906,860849048,laser,-3.1241390705108643,3.1415927410125732,0.0034828970674425364,5.3792060498381034e-05,0.09677191823720932,0.15000000596046448,16.0,inf,inf,inf,inf,inf,inf,inf,inf,inf,inf,inf,inf,inf,inf,inf,inf,inf,inf,inf,inf,inf,inf,inf,inf,inf,inf,inf,inf,inf,inf,inf,inf,inf,inf,inf,inf,inf,inf,inf,inf,inf,inf,inf,inf,inf,inf,inf,inf,inf,inf,inf,inf,inf,inf,inf,inf,inf,inf,inf,inf,inf,inf,inf,inf,inf,inf,inf,inf,inf,inf,inf,inf,inf,inf,inf,inf,inf,inf,inf,inf,inf,inf,inf,inf,inf,inf,inf,inf,inf,inf,inf,inf,inf,inf,inf,inf,inf,inf,inf,inf,inf,inf,inf,inf,inf,inf,inf,inf,inf,inf,inf,inf,inf,inf,inf,inf,inf,inf,inf,inf,inf,inf,inf,inf,inf,inf,inf,inf,...,0.0,0.0,0.0,0.0,0.0,0.0,0.0,0.0,0.0,0.0,0.0,0.0,0.0,0.0,0.0,0.0,0.0,0.0,0.0,0.0,0.0,0.0,0.0,0.0,0.0,0.0,0.0,0.0,0.0,0.0,0.0,0.0,0.0,0.0,0.0,0.0,0.0,0.0,0.0,0.0,0.0,0.0,0.0,0.0,0.0,0.0,0.0,0.0,0.0,0.0,0.0,0.0,0.0,0.0,0.0,0.0,0.0,0.0,0.0,0.0,0.0,0.0,0.0,0.0,0.0,0.0,0.0,0.0,0.0,0.0,0.0,0.0,0.0,0.0,0.0,0.0,0.0,0.0,0.0,0.0,0.0,0.0,0.0,0.0,0.0,0.0,0.0,0.0,0.0,0.0,0.0,0.0,0.0,0.0,0.0,0.0,0.0,0.0,0.0,0.0,0.0,0.0,0.0,0.0,0.0,0.0,0.0,0.0,0.0,0.0,0.0,0.0,0.0,0.0,0.0,0.0,0.0,0.0,0.0,0.0,0.0,0.0,0.0,0.0,0.0,0.0,0.0,0.0,...
1763031906,959461798,laser,-3.1241390705108643,3.1415927410125732,0.0034828970674425364,5.015792339690961e-05,0.09023410081863403,0.15000000596046448,16.0,inf,inf,inf,inf,inf,inf,inf,inf,inf,inf,inf,inf,inf,inf,inf,inf,inf,inf,inf,inf,inf,inf,inf,inf,inf,inf,inf,inf,inf,inf,inf,inf,inf,inf,inf,inf,inf,inf,inf,inf,inf,inf,inf,inf,inf,inf,inf,inf,inf,inf,inf,inf,inf,inf,inf,inf,inf,inf,inf,inf,inf,inf,inf,inf,inf,inf,inf,inf,inf,inf,inf,inf,inf,inf,inf,inf,inf,inf,inf,inf,inf,inf,inf,inf,inf,inf,inf,inf,inf,inf,inf,inf,inf,inf,inf,inf,inf,inf,inf,inf,inf,inf,inf,inf,inf,inf,inf,inf,inf,inf,inf,inf,inf,inf,inf,inf,inf,inf,inf,inf,inf,inf,inf,inf,inf,inf,inf,inf,...,0.0,0.0,0.0,0.0,0.0,0.0,0.0,0.0,0.0,0.0,0.0,0.0,0.0,0.0,0.0,0.0,0.0,0.0,0.0,0.0,0.0,0.0,0.0,0.0,0.0,0.0,0.0,0.0,0.0,0.0,0.0,0.0,0.0,0.0,0.0,0.0,0.0,0.0,0.0,0.0,0.0,0.0,0.0,0.0,0.0,0.0,0.0,0.0,0.0,0.0,0.0,0.0,0.0,0.0,0.0,0.0,0.0,0.0,0.0,0.0,0.0,0.0,0.0,0.0,0.0,0.0,0.0,0.0,0.0,0.0,0.0,0.0,0.0,0.0,0.0,0.0,0.0,0.0,0.0,0.0,0.0,0.0,0.0,0.0,0.0,0.0,0.0,0.0,0.0,0.0,0.0,0.0,0.0,0.0,0.0,0.0,0.0,0.0,0.0,0.0,0.0,0.0,0.0,0.0,0.0,0.0,0.0,0.0,0.0,0.0,0.0,0.0,0.0,0.0,0.0,0.0,0.0,0.0,0.0,0.0,0.0,0.0,0.0,0.0,0.0,0.0,0.0,0.0,...
1763031907,50907174,laser,-3.1241390705108643,3.1415927410125732,0.0034828970674425364,5.395804328145459e-05,0.09707052260637283,0.15000000596046448,16.0,inf,inf,inf,inf,inf,inf,inf,inf,inf,inf,inf,inf,inf,inf,inf,inf,inf,inf,inf,inf,inf,inf,inf,inf,inf,inf,inf,inf,inf,inf,inf,inf,inf,inf,inf,inf,inf,inf,inf,inf,inf,inf,inf,inf,inf,inf,inf,inf,inf,inf,inf,inf,inf,inf,inf,inf,inf,inf,inf,inf,inf,inf,inf,inf,inf,inf,inf,inf,inf,inf,inf,inf,inf,inf,inf,inf,inf,inf,inf,inf,inf,inf,inf,inf,inf,inf,inf,inf,inf,inf,inf,inf,inf,inf,inf,inf,inf,inf,inf,inf,inf,inf,inf,inf,inf,inf,inf,inf,inf,inf,inf,inf,inf,inf,inf,inf,inf,inf,inf,inf,inf,inf,inf,inf,inf,inf,inf,inf,...,0.0,0.0,0.0,0.0,0.0,0.0,0.0,0.0,0.0,0.0,0.0,0.0,0.0,0.0,0.0,0.0,0.0,0.0,0.0,0.0,0.0,0.0,0.0,0.0,0.0,0.0,0.0,0.0,0.0,0.0,0.0,0.0,0.0,0.0,0.0,0.0,0.0,0.0,0.0,0.0,0.0,0.0,0.0,0.0,0.0,0.0,0.0,0.0,0.0,0.0,0.0,0.0,0.0,0.0,0.0,0.0,0.0,0.0,0.0,0.0,0.0,0.0,0.0,0.0,0.0,0.0,0.0,0.0,0.0,0.0,0.0,0.0,0.0,0.0,0.0,0.0,0.0,0.0,0.0,0.0,0.0,0.0,0.0,0.0,0.0,0.0,0.0,0.0,0.0,0.0,0.0,0.0,0.0,0.0,0.0,0.0,0.0,0.0,0.0,0.0,0.0,0.0,0.0,0.0,0.0,0.0,0.0,0.0,0.0,0.0,0.0,0.0,0.0,0.0,0.0,0.0,0.0,0.0,0.0,0.0,0.0,0.0,0.0,0.0,0.0,0.0,0.0,0.0,...
1763031907,149470399,laser,-3.1241390705108643,3.1415927410125732,0.0034828970674425364,5.374090324039571e-05,0.09667988866567612,0.15000000596046448,16.0,inf,inf,inf,inf,inf,inf,inf,inf,inf,inf,inf,inf,inf,inf,inf,inf,inf,inf,inf,inf,inf,inf,inf,inf,inf,inf,inf,inf,inf,inf,inf,inf,inf,inf,inf,inf,inf,inf,inf,inf,inf,inf,inf,inf,inf,inf,inf,inf,inf,inf,inf,inf,inf,inf,inf,inf,inf,inf,inf,inf,inf,inf,inf,inf,inf,inf,inf,inf,inf,inf,inf,inf,inf,inf,inf,inf,inf,inf,inf,inf,inf,inf,inf,inf,inf,inf,inf,inf,inf,inf,inf,inf,inf,inf,inf,inf,inf,inf,inf,inf,inf,inf,inf,inf,inf,inf,inf,inf,inf,inf,inf,inf,inf,inf,inf,inf,inf,inf,inf,inf,inf,inf,inf,inf,inf,inf,inf,inf,...,0.0,0.0,0.0,0.0,0.0,0.0,0.0,0.0,0.0,0.0,0.0,0.0,0.0,0.0,0.0,0.0,0.0,0.0,0.0,0.0,0.0,0.0,0.0,0.0,0.0,0.0,0.0,0.0,0.0,0.0,0.0,0.0,0.0,0.0,0.0,0.0,0.0,0.0,0.0,0.0,0.0,0.0,0.0,0.0,0.0,0.0,0.0,0.0,0.0,0.0,0.0,0.0,0.0,0.0,0.0,0.0,0.0,0.0,0.0,0.0,0.0,0.0,0.0,0.0,0.0,0.0,0.0,0.0,0.0,0.0,0.0,0.0,0.0,0.0,0.0,0.0,0.0,0.0,0.0,0.0,0.0,0.0,0.0,0.0,0.0,0.0,0.0,0.0,0.0,0.0,0.0,0.0,0.0,0.0,0.0,0.0,0.0,0.0,0.0,0.0,0.0,0.0,0.0,0.0,0.0,0.0,0.0,0.0,0.0,0.0,0.0,0.0,0.0,0.0,0.0,0.0,0.0,0.0,0.0,0.0,0.0,0.0,0.0,0.0,0.0,0.0,0.0,0.0,...
1763031907,247657867,laser,-3.1241390705108643,3.1415927410125732,0.0034828970674425364,5.387335841078311e-05,0.09691817313432693,0.15000000596046448,16.0,inf,inf,inf,inf,inf,inf,inf,inf,inf,inf,inf,inf,inf,inf,inf,inf,inf,inf,inf,inf,inf,inf,inf,inf,inf,inf,inf,inf,inf,inf,inf,inf,inf,inf,inf,inf,inf,inf,inf,inf,inf,inf,inf,inf,inf,inf,inf,inf,inf,inf,inf,inf,inf,inf,inf,inf,inf,inf,inf,inf,inf,inf,inf,inf,inf,inf,inf,inf,inf,inf,inf,inf,inf,inf,inf,inf,inf,inf,inf,inf,inf,inf,inf,inf,inf,inf,inf,inf,inf,inf,inf,inf,inf,inf,inf,inf,inf,inf,inf,inf,inf,inf,inf,inf,inf,inf,inf,inf,inf,inf,inf,inf,inf,inf,inf,inf,inf,inf,inf,inf,inf,inf,inf,inf,inf,inf,inf,inf,...,0.0,0.0,0.0,0.0,0.0,0.0,0.0,0.0,0.0,0.0,0.0,0.0,0.0,0.0,0.0,0.0,0.0,0.0,0.0,0.0,0.0,0.0,0.0,0.0,0.0,0.0,0.0,0.0,0.0,0.0,0.0,0.0,0.0,0.0,0.0,0.0,0.0,0.0,0.0,0.0,0.0,0.0,0.0,0.0,0.0,0.0,0.0,0.0,0.0,0.0,0.0,0.0,0.0,0.0,0.0,0.0,0.0,0.0,0.0,0.0,0.0,0.0,0.0,0.0,0.0,0.0,0.0,0.0,0.0,0.0,0.0,0.0,0.0,0.0,0.0,0.0,0.0,0.0,0.0,0.0,0.0,0.0,0.0,0.0,0.0,0.0,0.0,0.0,0.0,0.0,0.0,0.0,0.0,0.0,0.0,0.0,0.0,0.0,0.0,0.0,0.0,0.0,0.0,0.0,0.0,0.0,0.0,0.0,0.0,0.0,0.0,0.0,0.0,0.0,0.0,0.0,0.0,0.0,0.0,0.0,0.0,0.0,0.0,0.0,0.0,0.0,0.0,0.0,...
1763031907,346076833,laser,-3.1241390705108643,3.1415927410125732,0.0034828970674425364,5.375237378757447e-05,0.096700519323349,0.15000000596046448,16.0,inf,inf,inf,inf,inf,inf,inf,inf,inf,inf,inf,inf,inf,inf,inf,inf,inf,inf,inf,inf,inf,inf,inf,inf,inf,inf,inf,inf,inf,inf,inf,inf,inf,inf,inf,inf,inf,inf,inf,inf,inf,inf,inf,inf,inf,inf,inf,inf,inf,inf,inf,inf,inf,inf,inf,inf,inf,inf,inf,inf,inf,inf,inf,inf,inf,inf,inf,inf,inf,inf,inf,inf,inf,inf,inf,inf,inf,inf,inf,inf,inf,inf,inf,inf,inf,inf,inf,inf,inf,inf,inf,inf,inf,inf,inf,inf,inf,inf,inf,inf,inf,inf,inf,inf,inf,inf,inf,inf,inf,inf,inf,inf,inf,inf,inf,inf,inf,inf,inf,inf,inf,inf,inf,inf,inf,inf,inf,inf,...,0.0,0.0,0.0,0.0,0.0,0.0,0.0,0.0,0.0,0.0,0.0,0.0,0.0,0.0,0.0,0.0,0.0,0.0,0.0,0.0,0.0,0.0,0.0,0.0,0.0,0.0,0.0,0.0,0.0,0.0,0.0,0.0,0.0,0.0,0.0,0.0,0.0,0.0,0.0,0.0,0.0,0.0,0.0,0.0,0.0,0.0,0.0,0.0,0.0,0.0,0.0,0.0,0.0,0.0,0.0,0.0,0.0,0.0,0.0,0.0,0.0,0.0,0.0,0.0,0.0,0.0,0.0,0.0,0.0,0.0,0.0,0.0,0.0,0.0,0.0,0.0,0.0,0.0,0.0,0.0,0.0,0.0,0.0,0.0,0.0,0.0,0.0,0.0,0.0,0.0,0.0,0.0,0.0,0.0,0.0,0.0,0.0,0.0,0.0,0.0,0.0,0.0,0.0,0.0,0.0,0.0,0.0,0.0,0.0,0.0,0.0,0.0,0.0,0.0,0.0,0.0,0.0,0.0,0.0,0.0,0.0,0.0,0.0,0.0,0.0,0.0,0.0,0.0,...
1763031907,443967227,laser,-3.1241390705108643,3.1415927410125732,0.0034828970674425364,5.396996857598424e-05,0.09709197282791138,0.15000000596046448,16.0,inf,inf,inf,inf,inf,inf,inf,inf,inf,inf,inf,inf,inf,inf,inf,inf,inf,inf,inf,inf,inf,inf,inf,inf,inf,inf,inf,inf,inf,inf,inf,inf,inf,inf,inf,inf,inf,inf,inf,inf,inf,inf,inf,inf,inf,inf,inf,inf,inf,inf,inf,inf,inf,inf,inf,inf,inf,inf,inf,inf,inf,inf,inf,inf,inf,inf,inf,inf,inf,inf,inf,inf,inf,inf,inf,inf,inf,inf,inf,inf,inf,inf,inf,inf,inf,inf,inf,inf,inf,inf,inf,inf,inf,inf,inf,inf,inf,inf,inf,inf,inf,inf,inf,inf,inf,inf,inf,inf,inf,inf,inf,inf,inf,inf,inf,inf,inf,inf,inf,inf,inf,inf,inf,inf,inf,inf,inf,inf,...,0.0,0.0,0.0,0.0,0.0,0.0,0.0,0.0,0.0,0.0,0.0,0.0,0.0,0.0,0.0,0.0,0.0,0.0,0.0,0.0,0.0,0.0,0.0,0.0,0.0,0.0,0.0,0.0,0.0,0.0,0.0,0.0,0.0,0.0,0.0,0.0,0.0,0.0,0.0,0.0,0.0,0.0,0.0,0.0,0.0,0.0,0.0,0.0,0.0,0.0,0.0,0.0,0.0,0.0,0.0,0.0,0.0,0.0,0.0,0.0,0.0,0.0,0.0,0.0,0.0,0.0,0.0,0.0,0.0,0.0,0.0,0.0,0.0,0.0,0.0,0.0,0.0,0.0,0.0,0.0,0.0,0.0,0.0,0.0,0.0,0.0,0.0,0.0,0.0,0.0,0.0,0.0,0.0,0.0,0.0,0.0,0.0,0.0,0.0,0.0,0.0,0.0,0.0,0.0,0.0,0.0,0.0,0.0,0.0,0.0,0.0,0.0,0.0,0.0,0.0,0.0,0.0,0.0,0.0,0.0,0.0,0.0,0.0,0.0,0.0,0.0,0.0,0.0,...
1763031907,542448819,laser,-3.1241390705108643,3.1415927410125732,0.0034828970674425364,5.382259769248776e-05,0.09682685136795044,0.15000000596046448,16.0,inf,inf,inf,inf,inf,inf,inf,inf,inf,inf,inf,inf,inf,inf,inf,inf,inf,inf,inf,inf,inf,inf,inf,inf,inf,inf,inf,inf,inf,inf,inf,inf,inf,inf,inf,inf,inf,inf,inf,inf,inf,inf,inf,inf,inf,inf,inf,inf,inf,inf,inf,inf,inf,inf,inf,inf,inf,inf,inf,inf,inf,inf,inf,inf,inf,inf,inf,inf,inf,inf,inf,inf,inf,inf,inf,inf,inf,inf,inf,inf,inf,inf,inf,inf,inf,inf,inf,inf,inf,inf,inf,inf,inf,inf,inf,inf,inf,inf,inf,inf,inf,inf,inf,inf,inf,inf,inf,inf,inf,inf,inf,inf,inf,inf,inf,inf,inf,inf,inf,inf,inf,inf,inf,inf,inf,inf,inf,inf,...,0.0,0.0,0.0,0.0,0.0,0.0,0.0,0.0,0.0,0.0,0.0,0.0,0.0,0.0,0.0,0.0,0.0,0.0,0.0,0.0,0.0,0.0,0.0,0.0,0.0,0.0,0.0,0.0,0.0,0.0,0.0,0.0,0.0,0.0,0.0,0.0,0.0,0.0,0.0,0.0,0.0,0.0,0.0,0.0,0.0,0.0,0.0,0.0,0.0,0.0,0.0,0.0,0.0,0.0,0.0,0.0,0.0,0.0,0.0,0.0,0.0,0.0,0.0,0.0,0.0,0.0,0.0,0.0,0.0,0.0,0.0,0.0,0.0,0.0,0.0,0.0,0.0,0.0,0.0,0.0,0.0,0.0,0.0,0.0,0.0,0.0,0.0,0.0,0.0,0.0,0.0,0.0,0.0,0.0,0.0,0.0,0.0,0.0,0.0,0.0,0.0,0.0,0.0,0.0,0.0,0.0,0.0,0.0,0.0,0.0,0.0,0.0,0.0,0.0,0.0,0.0,0.0,0.0,0.0,0.0,0.0,0.0,0.0,0.0,0.0,0.0,0.0,0.0,...
1763031907,640671746,laser,-3.1241390705108643,3.1415927410125732,0.0034828970674425364,5.3848747484153137e-05,0.09687389433383942,0.15000000596046448,16.0,inf,inf,inf,inf,inf,inf,inf,inf,inf,inf,inf,inf,inf,inf,inf,inf,inf,inf,inf,inf,inf,inf,inf,inf,inf,inf,inf,inf,inf,inf,inf,inf,inf,inf,inf,inf,inf,inf,inf,inf,inf,inf,inf,inf,inf,inf,inf,inf,inf,inf,inf,inf,inf,inf,inf,inf,inf,inf,inf,inf,inf,inf,inf,inf,inf,inf,inf,inf,inf,inf,inf,inf,inf,inf,inf,inf,inf,inf,inf,inf,inf,inf,inf,inf,inf,inf,inf,inf,inf,inf,inf,inf,inf,inf,inf,inf,inf,inf,inf,inf,inf,inf,inf,inf,inf,inf,inf,inf,inf,inf,inf,inf,inf,inf,inf,inf,inf,inf,inf,inf,inf,inf,inf,inf,inf,inf,inf,inf,...,0.0,0.0,0.0,0.0,0.0,0.0,0.0,0.0,0.0,0.0,0.0,0.0,0.0,0.0,0.0,0.0,0.0,0.0,0.0,0.0,0.0,0.0,0.0,0.0,0.0,0.0,0.0,0.0,0.0,0.0,0.0,0.0,0.0,0.0,0.0,0.0,0.0,0.0,0.0,0.0,0.0,0.0,0.0,0.0,0.0,0.0,0.0,0.0,0.0,0.0,0.0,0.0,0.0,0.0,0.0,0.0,0.0,0.0,0.0,0.0,0.0,0.0,0.0,0.0,0.0,0.0,0.0,0.0,0.0,0.0,0.0,0.0,0.0,0.0,0.0,0.0,0.0,0.0,0.0,0.0,0.0,0.0,0.0,0.0,0.0,0.0,0.0,0.0,0.0,0.0,0.0,0.0,0.0,0.0,0.0,0.0,0.0,0.0,0.0,0.0,0.0,0.0,0.0,0.0,0.0,0.0,0.0,0.0,0.0,0.0,0.0,0.0,0.0,0.0,0.0,0.0,0.0,0.0,0.0,0.0,0.0,0.0,0.0,0.0,0.0,0.0,0.0,0.0,...
1763031907,739061987,laser,-3.1241390705108643,3.1415927410125732,0.0034828970674425364,5.376814442570321e-05,0.09672889113426208,0.15000000596046448,16.0,inf,inf,inf,inf,inf,inf,inf,inf,inf,inf,inf,inf,inf,inf,inf,inf,inf,inf,inf,inf,inf,inf,inf,inf,inf,inf,inf,inf,inf,inf,inf,inf,inf,inf,inf,inf,inf,inf,inf,inf,inf,inf,inf,inf,inf,inf,inf,inf,inf,inf,inf,inf,inf,inf,inf,inf,inf,inf,inf,inf,inf,inf,inf,inf,inf,inf,inf,inf,inf,inf,inf,inf,inf,inf,inf,inf,inf,inf,inf,inf,inf,inf,inf,inf,inf,inf,inf,inf,inf,inf,inf,inf,inf,inf,inf,inf,inf,inf,inf,inf,inf,inf,inf,inf,inf,inf,inf,inf,inf,inf,inf,inf,inf,inf,inf,inf,inf,inf,inf,inf,inf,inf,inf,inf,inf,inf,inf,inf,...,0.0,0.0,0.0,0.0,0.0,0.0,0.0,0.0,0.0,0.0,0.0,0.0,0.0,0.0,0.0,0.0,0.0,0.0,0.0,0.0,0.0,0.0,0.0,0.0,0.0,0.0,0.0,0.0,0.0,0.0,0.0,0.0,0.0,0.0,0.0,0.0,0.0,0.0,0.0,0.0,0.0,0.0,0.0,0.0,0.0,0.0,0.0,0.0,0.0,0.0,0.0,0.0,0.0,0.0,0.0,0.0,0.0,0.0,0.0,0.0,0.0,0.0,0.0,0.0,0.0,0.0,0.0,0.0,0.0,0.0,0.0,0.0,0.0,0.0,0.0,0.0,0.0,0.0,0.0,0.0,0.0,0.0,0.0,0.0,0.0,0.0,0.0,0.0,0.0,0.0,0.0,0.0,0.0,0.0,0.0,0.0,0.0,0.0,0.0,0.0,0.0,0.0,0.0,0.0,0.0,0.0,0.0,0.0,0.0,0.0,0.0,0.0,0.0,0.0,0.0,0.0,0.0,0.0,0.0,0.0,0.0,0.0,0.0,0.0,0.0,0.0,0.0,0.0,...
1763031907,837356995,laser,-3.1241390705108643,3.1415927410125732,0.0034828970674425364,5.373452222556807e-05,0.09666840732097626,0.15000000596046448,16.0,inf,inf,inf,inf,inf,inf,inf,inf,inf,inf,inf,inf,inf,inf,inf,inf,inf,inf,inf,inf,inf,inf,inf,inf,inf,inf,inf,inf,inf,inf,inf,inf,inf,inf,inf,inf,inf,inf,inf,inf,inf,inf,inf,inf,inf,inf,inf,inf,inf,inf,inf,inf,inf,inf,inf,inf,inf,inf,inf,inf,inf,inf,inf,inf,inf,inf,inf,inf,inf,inf,inf,inf,inf,inf,inf,inf,inf,inf,inf,inf,inf,inf,inf,inf,inf,inf,inf,inf,inf,inf,inf,inf,inf,inf,inf,inf,inf,inf,inf,inf,inf,inf,inf,inf,inf,inf,inf,inf,inf,inf,inf,inf,inf,inf,inf,inf,inf,inf,inf,inf,inf,inf,inf,inf,inf,inf,inf,inf,...,0.0,0.0,0.0,0.0,0.0,0.0,0.0,0.0,0.0,0.0,0.0,0.0,0.0,0.0,0.0,0.0,0.0,0.0,0.0,0.0,0.0,0.0,0.0,0.0,0.0,0.0,0.0,0.0,0.0,0.0,0.0,0.0,0.0,0.0,0.0,0.0,0.0,0.0,0.0,0.0,0.0,0.0,0.0,0.0,0.0,0.0,0.0,0.0,0.0,0.0,0.0,0.0,0.0,0.0,0.0,0.0,0.0,0.0,0.0,0.0,0.0,0.0,0.0,0.0,0.0,0.0,0.0,0.0,0.0,0.0,0.0,0.0,0.0,0.0,0.0,0.0,0.0,0.0,0.0,0.0,0.0,0.0,0.0,0.0,0.0,0.0,0.0,0.0,0.0,0.0,0.0,0.0,0.0,0.0,0.0,0.0,0.0,0.0,0.0,0.0,0.0,0.0,0.0,0.0,0.0,0.0,0.0,0.0,0.0,0.0,0.0,0.0,0.0,0.0,0.0,0.0,0.0,0.0,0.0,0.0,0.0,0.0,0.0,0.0,0.0,0.0,0.0,0.0,...
1763031907,935473163,laser,-3.1241390705108643,3.1415927410125732,0.0034828970674425364,5.381419032346457e-05,0.09681172668933868,0.15000000596046448,16.0,inf,inf,inf,inf,inf,inf,inf,inf,inf,inf,inf,inf,inf,inf,inf,inf,inf,inf,inf,inf,inf,inf,inf,inf,inf,inf,inf,inf,inf,inf,inf,inf,inf,inf,inf,inf,inf,inf,inf,inf,inf,inf,inf,inf,inf,inf,inf,inf,inf,inf,inf,inf,inf,inf,inf,inf,inf,inf,inf,inf,inf,inf,inf,inf,inf,inf,inf,inf,inf,inf,inf,inf,inf,inf,inf,inf,inf,inf,inf,inf,inf,inf,inf,inf,inf,inf,inf,inf,inf,inf,inf,inf,inf,inf,inf,inf,inf,inf,inf,inf,inf,inf,inf,inf,inf,inf,inf,inf,inf,inf,inf,inf,inf,inf,inf,inf,inf,inf,inf,inf,inf,inf,inf,inf,inf,inf,inf,inf,...,0.0,0.0,0.0,0.0,0.0,0.0,0.0,0.0,0.0,0.0,0.0,0.0,0.0,0.0,0.0,0.0,0.0,0.0,0.0,0.0,0.0,0.0,0.0,0.0,0.0,0.0,0.0,0.0,0.0,0.0,0.0,0.0,0.0,0.0,0.0,0.0,0.0,0.0,0.0,0.0,0.0,0.0,0.0,0.0,0.0,0.0,0.0,0.0,0.0,0.0,0.0,0.0,0.0,0.0,0.0,0.0,0.0,0.0,0.0,0.0,0.0,0.0,0.0,0.0,0.0,0.0,0.0,0.0,0.0,0.0,0.0,0.0,0.0,0.0,0.0,0.0,0.0,0.0,0.0,0.0,0.0,0.0,0.0,0.0,0.0,0.0,0.0,0.0,0.0,0.0,0.0,0.0,0.0,0.0,0.0,0.0,0.0,0.0,0.0,0.0,0.0,0.0,0.0,0.0,0.0,0.0,0.0,0.0,0.0,0.0,0.0,0.0,0.0,0.0,0.0,0.0,0.0,0.0,0.0,0.0,0.0,0.0,0.0,0.0,0.0,0.0,0.0,0.0,...
1763031908,33839713,laser,-3.1241390705108643,3.1415927410125732,0.0034828970674425364,5.375490945880301e-05,0.09670508652925491,0.15000000596046448,16.0,inf,inf,inf,inf,inf,inf,inf,inf,inf,inf,inf,inf,inf,inf,inf,inf,inf,inf,inf,inf,inf,inf,inf,inf,inf,inf,inf,inf,inf,inf,inf,inf,inf,inf,inf,inf,inf,inf,inf,inf,inf,inf,inf,inf,inf,inf,inf,inf,inf,inf,inf,inf,inf,inf,inf,inf,inf,inf,inf,inf,inf,inf,inf,inf,inf,inf,inf,inf,inf,inf,inf,inf,inf,inf,inf,inf,inf,inf,inf,inf,inf,inf,inf,inf,inf,inf,inf,inf,inf,inf,inf,inf,inf,inf,inf,inf,inf,inf,inf,inf,inf,inf,inf,inf,inf,inf,inf,inf,inf,inf,inf,inf,inf,inf,inf,inf,inf,inf,inf,inf,inf,inf,inf,inf,inf,inf,inf,inf,...,0.0,0.0,0.0,0.0,0.0,0.0,0.0,0.0,0.0,0.0,0.0,0.0,0.0,0.0,0.0,0.0,0.0,0.0,0.0,0.0,0.0,0.0,0.0,0.0,0.0,0.0,0.0,0.0,0.0,0.0,0.0,0.0,0.0,0.0,0.0,0.0,0.0,0.0,0.0,0.0,0.0,0.0,0.0,0.0,0.0,0.0,0.0,0.0,0.0,0.0,0.0,0.0,0.0,0.0,0.0,0.0,0.0,0.0,0.0,0.0,0.0,0.0,0.0,0.0,0.0,0.0,0.0,0.0,0.0,0.0,0.0,0.0,0.0,0.0,0.0,0.0,0.0,0.0,0.0,0.0,0.0,0.0,0.0,0.0,0.0,0.0,0.0,0.0,0.0,0.0,0.0,0.0,0.0,0.0,0.0,0.0,0.0,0.0,0.0,0.0,0.0,0.0,0.0,0.0,0.0,0.0,0.0,0.0,0.0,0.0,0.0,0.0,0.0,0.0,0.0,0.0,0.0,0.0,0.0,0.0,0.0,0.0,0.0,0.0,0.0,0.0,0.0,0.0,...
1763031908,131675800,laser,-3.1241390705108643,3.1415927410125732,0.0034828970674425364,5.397801214712672e-05,0.0971064418554306,0.15000000596046448,16.0,inf,inf,inf,inf,inf,inf,inf,inf,inf,inf,inf,inf,inf,inf,inf,inf,inf,inf,inf,inf,inf,inf,inf,inf,inf,inf,inf,inf,inf,inf,inf,inf,inf,inf,inf,inf,inf,inf,inf,inf,inf,inf,inf,inf,inf,inf,inf,inf,inf,inf,inf,inf,inf,inf,inf,inf,inf,inf,inf,inf,inf,inf,inf,inf,inf,inf,inf,inf,inf,inf,inf,inf,inf,inf,inf,inf,inf,inf,inf,inf,inf,inf,inf,inf,inf,inf,inf,inf,inf,inf,inf,inf,inf,inf,inf,inf,inf,inf,inf,inf,inf,inf,inf,inf,inf,inf,inf,inf,inf,inf,inf,inf,inf,inf,inf,inf,inf,inf,inf,inf,inf,inf,inf,inf,inf,inf,inf,inf,...,0.0,0.0,0.0,0.0,0.0,0.0,0.0,0.0,0.0,0.0,0.0,0.0,0.0,0.0,0.0,0.0,0.0,0.0,0.0,0.0,0.0,0.0,0.0,0.0,0.0,0.0,0.0,0.0,0.0,0.0,0.0,0.0,0.0,0.0,0.0,0.0,0.0,0.0,0.0,0.0,0.0,0.0,0.0,0.0,0.0,0.0,0.0,0.0,0.0,0.0,0.0,0.0,0.0,0.0,0.0,0.0,0.0,0.0,0.0,0.0,0.0,0.0,0.0,0.0,0.0,0.0,0.0,0.0,0.0,0.0,0.0,0.0,0.0,0.0,0.0,0.0,0.0,0.0,0.0,0.0,0.0,0.0,0.0,0.0,0.0,0.0,0.0,0.0,0.0,0.0,0.0,0.0,0.0,0.0,0.0,0.0,0.0,0.0,0.0,0.0,0.0,0.0,0.0,0.0,0.0,0.0,0.0,0.0,0.0,0.0,0.0,0.0,0.0,0.0,0.0,0.0,0.0,0.0,0.0,0.0,0.0,0.0,0.0,0.0,0.0,0.0,0.0,0.0,...
1763031908,230088999,laser,-3.1241390705108643,3.1415927410125732,0.0034828970674425364,5.3862808272242546e-05,0.09689918905496597,0.15000000596046448,16.0,inf,inf,inf,inf,inf,inf,inf,inf,inf,inf,inf,inf,inf,inf,inf,inf,inf,inf,inf,inf,inf,inf,inf,inf,inf,inf,inf,inf,inf,inf,inf,inf,inf,inf,inf,inf,inf,inf,inf,inf,inf,inf,inf,inf,inf,inf,inf,inf,inf,inf,inf,inf,inf,inf,inf,inf,inf,inf,inf,inf,inf,inf,inf,inf,inf,inf,inf,inf,inf,inf,inf,inf,inf,inf,inf,inf,inf,inf,inf,inf,inf,inf,inf,inf,inf,inf,inf,inf,inf,inf,inf,inf,inf,inf,inf,inf,inf,inf,inf,inf,inf,inf,inf,inf,inf,inf,inf,inf,inf,inf,inf,inf,inf,inf,inf,inf,inf,inf,inf,inf,inf,inf,inf,inf,inf,inf,inf,inf,...,0.0,0.0,0.0,0.0,0.0,0.0,0.0,0.0,0.0,0.0,0.0,0.0,0.0,0.0,0.0,0.0,0.0,0.0,0.0,0.0,0.0,0.0,0.0,0.0,0.0,0.0,0.0,0.0,0.0,0.0,0.0,0.0,0.0,0.0,0.0,0.0,0.0,0.0,0.0,0.0,0.0,0.0,0.0,0.0,0.0,0.0,0.0,0.0,0.0,0.0,0.0,0.0,0.0,0.0,0.0,0.0,0.0,0.0,0.0,0.0,0.0,0.0,0.0,0.0,0.0,0.0,0.0,0.0,0.0,0.0,0.0,0.0,0.0,0.0,0.0,0.0,0.0,0.0,0.0,0.0,0.0,0.0,0.0,0.0,0.0,0.0,0.0,0.0,0.0,0.0,0.0,0.0,0.0,0.0,0.0,0.0,0.0,0.0,0.0,0.0,0.0,0.0,0.0,0.0,0.0,0.0,0.0,0.0,0.0,0.0,0.0,0.0,0.0,0.0,0.0,0.0,0.0,0.0,0.0,0.0,0.0,0.0,0.0,0.0,0.0,0.0,0.0,0.0,...
1763031908,328222510,laser,-3.1241390705108643,3.1415927410125732,0.0034828970674425364,5.397719723987393e-05,0.0971049815416336,0.15000000596046448,16.0,inf,inf,inf,inf,inf,inf,inf,inf,inf,inf,inf,inf,inf,inf,inf,inf,inf,inf,inf,inf,inf,inf,inf,inf,inf,inf,inf,inf,inf,inf,inf,inf,inf,inf,inf,inf,inf,inf,inf,inf,inf,inf,inf,inf,inf,inf,inf,inf,inf,inf,inf,inf,inf,inf,inf,inf,inf,inf,inf,inf,inf,inf,inf,inf,inf,inf,inf,inf,inf,inf,inf,inf,inf,inf,inf,inf,inf,inf,inf,inf,inf,inf,inf,inf,inf,inf,inf,inf,inf,inf,inf,inf,inf,inf,inf,inf,inf,inf,inf,inf,inf,inf,inf,inf,inf,inf,inf,inf,inf,inf,inf,inf,inf,inf,inf,inf,inf,inf,inf,inf,inf,inf,inf,inf,inf,inf,inf,inf,...,0.0,0.0,0.0,0.0,0.0,0.0,0.0,0.0,0.0,0.0,0.0,0.0,0.0,0.0,0.0,0.0,0.0,0.0,0.0,0.0,0.0,0.0,0.0,0.0,0.0,0.0,0.0,0.0,0.0,0.0,0.0,0.0,0.0,0.0,0.0,0.0,0.0,0.0,0.0,0.0,0.0,0.0,0.0,0.0,0.0,0.0,0.0,0.0,0.0,0.0,0.0,0.0,0.0,0.0,0.0,0.0,0.0,0.0,0.0,0.0,0.0,0.0,0.0,0.0,0.0,0.0,0.0,0.0,0.0,0.0,0.0,0.0,0.0,0.0,0.0,0.0,0.0,0.0,0.0,0.0,0.0,0.0,0.0,0.0,0.0,0.0,0.0,0.0,0.0,0.0,0.0,0.0,0.0,0.0,0.0,0.0,0.0,0.0,0.0,0.0,0.0,0.0,0.0,0.0,0.0,0.0,0.0,0.0,0.0,0.0,0.0,0.0,0.0,0.0,0.0,0.0,0.0,0.0,0.0,0.0,0.0,0.0,0.0,0.0,0.0,0.0,0.0,0.0,...
1763031908,426457496,laser,-3.1241390705108643,3.1415927410125732,0.0034828970674425364,5.396405322244391e-05,0.09708133339881897,0.15000000596046448,16.0,inf,inf,inf,inf,inf,inf,inf,inf,inf,inf,inf,inf,inf,inf,inf,inf,inf,inf,inf,inf,inf,inf,inf,inf,inf,inf,inf,inf,inf,inf,inf,inf,inf,inf,inf,inf,inf,inf,inf,inf,inf,inf,inf,inf,inf,inf,inf,inf,inf,inf,inf,inf,inf,inf,inf,inf,inf,inf,inf,inf,inf,inf,inf,inf,inf,inf,inf,inf,inf,inf,inf,inf,inf,inf,inf,inf,inf,inf,inf,inf,inf,inf,inf,inf,inf,inf,inf,inf,inf,inf,inf,inf,inf,inf,inf,inf,inf,inf,inf,inf,inf,inf,inf,inf,inf,inf,inf,inf,inf,inf,inf,inf,inf,inf,inf,inf,inf,inf,inf,inf,inf,inf,inf,inf,inf,inf,inf,inf,...,0.0,0.0,0.0,0.0,0.0,0.0,0.0,0.0,0.0,0.0,0.0,0.0,0.0,0.0,0.0,0.0,0.0,0.0,0.0,0.0,0.0,0.0,0.0,0.0,0.0,0.0,0.0,0.0,0.0,0.0,0.0,0.0,0.0,0.0,0.0,0.0,0.0,0.0,0.0,0.0,0.0,0.0,0.0,0.0,0.0,0.0,0.0,0.0,0.0,0.0,0.0,0.0,0.0,0.0,0.0,0.0,0.0,0.0,0.0,0.0,0.0,0.0,0.0,0.0,0.0,0.0,0.0,0.0,0.0,0.0,0.0,0.0,0.0,0.0,0.0,0.0,0.0,0.0,0.0,0.0,0.0,0.0,0.0,0.0,0.0,0.0,0.0,0.0,0.0,0.0,0.0,0.0,0.0,0.0,0.0,0.0,0.0,0.0,0.0,0.0,0.0,0.0,0.0,0.0,0.0,0.0,0.0,0.0,0.0,0.0,0.0,0.0,0.0,0.0,0.0,0.0,0.0,0.0,0.0,0.0,0.0,0.0,0.0,0.0,0.0,0.0,0.0,0.0,...
1763031908,524896678,laser,-3.1241390705108643,3.1415927410125732,0.0034828970674425364,5.3891904826741666e-05,0.09695153683423996,0.15000000596046448,16.0,inf,inf,inf,inf,inf,inf,inf,inf,inf,inf,inf,inf,inf,inf,inf,inf,inf,inf,inf,inf,inf,inf,inf,inf,inf,inf,inf,inf,inf,inf,inf,inf,inf,inf,inf,inf,inf,inf,inf,inf,inf,inf,inf,inf,inf,inf,inf,inf,inf,inf,inf,inf,inf,inf,inf,inf,inf,inf,inf,inf,inf,inf,inf,inf,inf,inf,inf,inf,inf,inf,inf,inf,inf,inf,inf,inf,inf,inf,inf,inf,inf,inf,inf,inf,inf,inf,inf,inf,inf,inf,inf,inf,inf,inf,inf,inf,inf,inf,inf,inf,inf,inf,inf,inf,inf,inf,inf,inf,inf,inf,inf,inf,inf,inf,inf,inf,inf,inf,inf,inf,inf,inf,inf,inf,inf,inf,inf,inf,...,0.0,0.0,0.0,0.0,0.0,0.0,0.0,0.0,0.0,0.0,0.0,0.0,0.0,0.0,0.0,0.0,0.0,0.0,0.0,0.0,0.0,0.0,0.0,0.0,0.0,0.0,0.0,0.0,0.0,0.0,0.0,0.0,0.0,0.0,0.0,0.0,0.0,0.0,0.0,0.0,0.0,0.0,0.0,0.0,0.0,0.0,0.0,0.0,0.0,0.0,0.0,0.0,0.0,0.0,0.0,0.0,0.0,0.0,0.0,0.0,0.0,0.0,0.0,0.0,0.0,0.0,0.0,0.0,0.0,0.0,0.0,0.0,0.0,0.0,0.0,0.0,0.0,0.0,0.0,0.0,0.0,0.0,0.0,0.0,0.0,0.0,0.0,0.0,0.0,0.0,0.0,0.0,0.0,0.0,0.0,0.0,0.0,0.0,0.0,0.0,0.0,0.0,0.0,0.0,0.0,0.0,0.0,0.0,0.0,0.0,0.0,0.0,0.0,0.0,0.0,0.0,0.0,0.0,0.0,0.0,0.0,0.0,0.0,0.0,0.0,0.0,0.0,0.0,...
1763031908,623117823,laser,-3.1241390705108643,3.1415927410125732,0.0034828970674425364,5.391289232647978e-05,0.09698929637670517,0.15000000596046448,16.0,inf,inf,inf,inf,inf,inf,inf,inf,inf,inf,inf,inf,inf,inf,inf,inf,inf,inf,inf,inf,inf,inf,inf,inf,inf,inf,inf,inf,inf,inf,inf,inf,inf,inf,inf,inf,inf,inf,inf,inf,inf,inf,inf,inf,inf,inf,inf,inf,inf,inf,inf,inf,inf,inf,inf,inf,inf,inf,inf,inf,inf,inf,inf,inf,inf,inf,inf,inf,inf,inf,inf,inf,inf,inf,inf,inf,inf,inf,inf,inf,inf,inf,inf,inf,inf,inf,inf,inf,inf,inf,inf,inf,inf,inf,inf,inf,inf,inf,inf,inf,inf,inf,inf,inf,inf,inf,inf,inf,inf,inf,inf,inf,inf,inf,inf,inf,inf,inf,inf,inf,inf,inf,inf,inf,inf,inf,inf,inf,...,0.0,0.0,0.0,0.0,0.0,0.0,0.0,0.0,0.0,0.0,0.0,0.0,0.0,0.0,0.0,0.0,0.0,0.0,0.0,0.0,0.0,0.0,0.0,0.0,0.0,0.0,0.0,0.0,0.0,0.0,0.0,0.0,0.0,0.0,0.0,0.0,0.0,0.0,0.0,0.0,0.0,0.0,0.0,0.0,0.0,0.0,0.0,0.0,0.0,0.0,0.0,0.0,0.0,0.0,0.0,0.0,0.0,0.0,0.0,0.0,0.0,0.0,0.0,0.0,0.0,0.0,0.0,0.0,0.0,0.0,0.0,0.0,0.0,0.0,0.0,0.0,0.0,0.0,0.0,0.0,0.0,0.0,0.0,0.0,0.0,0.0,0.0,0.0,0.0,0.0,0.0,0.0,0.0,0.0,0.0,0.0,0.0,0.0,0.0,0.0,0.0,0.0,0.0,0.0,0.0,0.0,0.0,0.0,0.0,0.0,0.0,0.0,0.0,0.0,0.0,0.0,0.0,0.0,0.0,0.0,0.0,0.0,0.0,0.0,0.0,0.0,0.0,0.0,...
1763031908,721475067,laser,-3.1241390705108643,3.1415927410125732,0.0034828970674425364,5.3845073125557974e-05,0.09686728566884995,0.15000000596046448,16.0,inf,inf,inf,inf,inf,inf,inf,inf,inf,inf,inf,inf,inf,inf,inf,inf,inf,inf,inf,inf,inf,inf,inf,inf,inf,inf,inf,inf,inf,inf,inf,inf,inf,inf,inf,inf,inf,inf,inf,inf,inf,inf,inf,inf,inf,inf,inf,inf,inf,inf,inf,inf,inf,inf,inf,inf,inf,inf,inf,inf,inf,inf,inf,inf,inf,inf,inf,inf,inf,inf,inf,inf,inf,inf,inf,inf,inf,inf,inf,inf,inf,inf,inf,inf,inf,inf,inf,inf,inf,inf,inf,inf,inf,inf,inf,inf,inf,inf,inf,inf,inf,inf,inf,inf,inf,inf,inf,inf,inf,inf,inf,inf,inf,inf,inf,inf,inf,inf,inf,inf,inf,inf,inf,inf,inf,inf,inf,inf,...,0.0,0.0,0.0,0.0,0.0,0.0,0.0,0.0,0.0,0.0,0.0,0.0,0.0,0.0,0.0,0.0,0.0,0.0,0.0,0.0,0.0,0.0,0.0,0.0,0.0,0.0,0.0,0.0,0.0,0.0,0.0,0.0,0.0,0.0,0.0,0.0,0.0,0.0,0.0,0.0,0.0,0.0,0.0,0.0,0.0,0.0,0.0,0.0,0.0,0.0,0.0,0.0,0.0,0.0,0.0,0.0,0.0,0.0,0.0,0.0,0.0,0.0,0.0,0.0,0.0,0.0,0.0,0.0,0.0,0.0,0.0,0.0,0.0,0.0,0.0,0.0,0.0,0.0,0.0,0.0,0.0,0.0,0.0,0.0,0.0,0.0,0.0,0.0,0.0,0.0,0.0,0.0,0.0,0.0,0.0,0.0,0.0,0.0,0.0,0.0,0.0,0.0,0.0,0.0,0.0,0.0,0.0,0.0,0.0,0.0,0.0,0.0,0.0,0.0,0.0,0.0,0.0,0.0,0.0,0.0,0.0,0.0,0.0,0.0,0.0,0.0,0.0,0.0,...
1763031908,819654157,laser,-3.1241390705108643,3.1415927410125732,0.0034828970674425364,5.388962017605081e-05,0.09694743156433105,0.15000000596046448,16.0,inf,inf,inf,inf,inf,inf,inf,inf,inf,inf,inf,inf,inf,inf,inf,inf,inf,inf,inf,inf,inf,inf,inf,inf,inf,inf,inf,inf,inf,inf,inf,inf,inf,inf,inf,inf,inf,inf,inf,inf,inf,inf,inf,inf,inf,inf,inf,inf,inf,inf,inf,inf,inf,inf,inf,inf,inf,inf,inf,inf,inf,inf,inf,inf,inf,inf,inf,inf,inf,inf,inf,inf,inf,inf,inf,inf,inf,inf,inf,inf,inf,inf,inf,inf,inf,inf,inf,inf,inf,inf,inf,inf,inf,inf,inf,inf,inf,inf,inf,inf,inf,inf,inf,inf,inf,inf,inf,inf,inf,inf,inf,inf,inf,inf,inf,inf,inf,inf,inf,inf,inf,inf,inf,inf,inf,inf,inf,inf,...,0.0,0.0,0.0,0.0,0.0,0.0,0.0,0.0,0.0,0.0,0.0,0.0,0.0,0.0,0.0,0.0,0.0,0.0,0.0,0.0,0.0,0.0,0.0,0.0,0.0,0.0,0.0,0.0,0.0,0.0,0.0,0.0,0.0,0.0,0.0,0.0,0.0,0.0,0.0,0.0,0.0,0.0,0.0,0.0,0.0,0.0,0.0,0.0,0.0,0.0,0.0,0.0,0.0,0.0,0.0,0.0,0.0,0.0,0.0,0.0,0.0,0.0,0.0,0.0,0.0,0.0,0.0,0.0,0.0,0.0,0.0,0.0,0.0,0.0,0.0,0.0,0.0,0.0,0.0,0.0,0.0,0.0,0.0,0.0,0.0,0.0,0.0,0.0,0.0,0.0,0.0,0.0,0.0,0.0,0.0,0.0,0.0,0.0,0.0,0.0,0.0,0.0,0.0,0.0,0.0,0.0,0.0,0.0,0.0,0.0,0.0,0.0,0.0,0.0,0.0,0.0,0.0,0.0,0.0,0.0,0.0,0.0,0.0,0.0,0.0,0.0,0.0,0.0,...
1763031908,917994527,laser,-3.1241390705108643,3.1415927410125732,0.0034828970674425364,5.3825431677978486e-05,0.09683194756507874,0.15000000596046448,16.0,inf,inf,inf,inf,inf,inf,inf,inf,inf,inf,inf,inf,inf,inf,inf,inf,inf,inf,inf,inf,inf,inf,inf,inf,inf,inf,inf,inf,inf,inf,inf,inf,inf,inf,inf,inf,inf,inf,inf,inf,inf,inf,inf,inf,inf,inf,inf,inf,inf,inf,inf,inf,inf,inf,inf,inf,inf,inf,inf,inf,inf,inf,inf,inf,inf,inf,inf,inf,inf,inf,inf,inf,inf,inf,inf,inf,inf,inf,inf,inf,inf,inf,inf,inf,inf,inf,inf,inf,inf,inf,inf,inf,inf,inf,inf,inf,inf,inf,inf,inf,inf,inf,inf,inf,inf,inf,inf,inf,inf,inf,inf,inf,inf,inf,inf,inf,inf,inf,inf,inf,inf,inf,inf,inf,inf,inf,inf,inf,...,0.0,0.0,0.0,0.0,0.0,0.0,0.0,0.0,0.0,0.0,0.0,0.0,0.0,0.0,0.0,0.0,0.0,0.0,0.0,0.0,0.0,0.0,0.0,0.0,0.0,0.0,0.0,0.0,0.0,0.0,0.0,0.0,0.0,0.0,0.0,0.0,0.0,0.0,0.0,0.0,0.0,0.0,0.0,0.0,0.0,0.0,0.0,0.0,0.0,0.0,0.0,0.0,0.0,0.0,0.0,0.0,0.0,0.0,0.0,0.0,0.0,0.0,0.0,0.0,0.0,0.0,0.0,0.0,0.0,0.0,0.0,0.0,0.0,0.0,0.0,0.0,0.0,0.0,0.0,0.0,0.0,0.0,0.0,0.0,0.0,0.0,0.0,0.0,0.0,0.0,0.0,0.0,0.0,0.0,0.0,0.0,0.0,0.0,0.0,0.0,0.0,0.0,0.0,0.0,0.0,0.0,0.0,0.0,0.0,0.0,0.0,0.0,0.0,0.0,0.0,0.0,0.0,0.0,0.0,0.0,0.0,0.0,0.0,0.0,0.0,0.0,0.0,0.0,...
1763031909,16094819,laser,-3.1241390705108643,3.1415927410125732,0.0034828970674425364,5.3925192332826555e-05,0.09701141715049744,0.15000000596046448,16.0,inf,inf,inf,inf,inf,inf,inf,inf,inf,inf,inf,inf,inf,inf,inf,inf,inf,inf,inf,inf,inf,inf,inf,inf,inf,inf,inf,inf,inf,inf,inf,inf,inf,inf,inf,inf,inf,inf,inf,inf,inf,inf,inf,inf,inf,inf,inf,inf,inf,inf,inf,inf,inf,inf,inf,inf,inf,inf,inf,inf,inf,inf,inf,inf,inf,inf,inf,inf,inf,inf,inf,inf,inf,inf,inf,inf,inf,inf,inf,inf,inf,inf,inf,inf,inf,inf,inf,inf,inf,inf,inf,inf,inf,inf,inf,inf,inf,inf,inf,inf,inf,inf,inf,inf,inf,inf,inf,inf,inf,inf,inf,inf,inf,inf,inf,inf,inf,inf,inf,inf,inf,inf,inf,inf,inf,inf,inf,inf,...,0.0,0.0,0.0,0.0,0.0,0.0,0.0,0.0,0.0,0.0,0.0,0.0,0.0,0.0,0.0,0.0,0.0,0.0,0.0,0.0,0.0,0.0,0.0,0.0,0.0,0.0,0.0,0.0,0.0,0.0,0.0,0.0,0.0,0.0,0.0,0.0,0.0,0.0,0.0,0.0,0.0,0.0,0.0,0.0,0.0,0.0,0.0,0.0,0.0,0.0,0.0,0.0,0.0,0.0,0.0,0.0,0.0,0.0,0.0,0.0,0.0,0.0,0.0,0.0,0.0,0.0,0.0,0.0,0.0,0.0,0.0,0.0,0.0,0.0,0.0,0.0,0.0,0.0,0.0,0.0,0.0,0.0,0.0,0.0,0.0,0.0,0.0,0.0,0.0,0.0,0.0,0.0,0.0,0.0,0.0,0.0,0.0,0.0,0.0,0.0,0.0,0.0,0.0,0.0,0.0,0.0,0.0,0.0,0.0,0.0,0.0,0.0,0.0,0.0,0.0,0.0,0.0,0.0,0.0,0.0,0.0,0.0,0.0,0.0,0.0,0.0,0.0,0.0,...
1763031909,114488460,laser,-3.1241390705108643,3.1415927410125732,0.0034828970674425364,5.38563217560295e-05,0.09688752144575119,0.15000000596046448,16.0,inf,inf,inf,inf,inf,inf,inf,inf,inf,inf,inf,inf,inf,inf,inf,inf,inf,inf,inf,inf,inf,inf,inf,inf,inf,inf,inf,inf,inf,inf,inf,inf,inf,inf,inf,inf,inf,inf,inf,inf,inf,inf,inf,inf,inf,inf,inf,inf,inf,inf,inf,inf,inf,inf,inf,inf,inf,inf,inf,inf,inf,inf,inf,inf,inf,inf,inf,inf,inf,inf,inf,inf,inf,inf,inf,inf,inf,inf,inf,inf,inf,inf,inf,inf,inf,inf,inf,inf,inf,inf,inf,inf,inf,inf,inf,inf,inf,inf,inf,inf,inf,inf,inf,inf,inf,inf,inf,inf,inf,inf,inf,inf,inf,inf,inf,inf,inf,inf,inf,inf,inf,inf,inf,inf,inf,inf,inf,inf,...,0.0,0.0,0.0,0.0,0.0,0.0,0.0,0.0,0.0,0.0,0.0,0.0,0.0,0.0,0.0,0.0,0.0,0.0,0.0,0.0,0.0,0.0,0.0,0.0,0.0,0.0,0.0,0.0,0.0,0.0,0.0,0.0,0.0,0.0,0.0,0.0,0.0,0.0,0.0,0.0,0.0,0.0,0.0,0.0,0.0,0.0,0.0,0.0,0.0,0.0,0.0,0.0,0.0,0.0,0.0,0.0,0.0,0.0,0.0,0.0,0.0,0.0,0.0,0.0,0.0,0.0,0.0,0.0,0.0,0.0,0.0,0.0,0.0,0.0,0.0,0.0,0.0,0.0,0.0,0.0,0.0,0.0,0.0,0.0,0.0,0.0,0.0,0.0,0.0,0.0,0.0,0.0,0.0,0.0,0.0,0.0,0.0,0.0,0.0,0.0,0.0,0.0,0.0,0.0,0.0,0.0,0.0,0.0,0.0,0.0,0.0,0.0,0.0,0.0,0.0,0.0,0.0,0.0,0.0,0.0,0.0,0.0,0.0,0.0,0.0,0.0,0.0,0.0,...
1763031909,212715187,laser,-3.1241390705108643,3.1415927410125732,0.0034828970674425364,5.384617907111533e-05,0.09686927497386932,0.15000000596046448,16.0,inf,inf,inf,inf,inf,inf,inf,inf,inf,inf,inf,inf,inf,inf,inf,inf,inf,inf,inf,inf,inf,inf,inf,inf,inf,inf,inf,inf,inf,inf,inf,inf,inf,inf,inf,inf,inf,inf,inf,inf,inf,inf,inf,inf,inf,inf,inf,inf,inf,inf,inf,inf,inf,inf,inf,inf,inf,inf,inf,inf,inf,inf,inf,inf,inf,inf,inf,inf,inf,inf,inf,inf,inf,inf,inf,inf,inf,inf,inf,inf,inf,inf,inf,inf,inf,inf,inf,inf,inf,inf,inf,inf,inf,inf,inf,inf,inf,inf,inf,inf,inf,inf,inf,inf,inf,inf,inf,inf,inf,inf,inf,inf,inf,inf,inf,inf,inf,inf,inf,inf,inf,inf,inf,inf,inf,inf,inf,inf,...,0.0,0.0,0.0,0.0,0.0,0.0,0.0,0.0,0.0,0.0,0.0,0.0,0.0,0.0,0.0,0.0,0.0,0.0,0.0,0.0,0.0,0.0,0.0,0.0,0.0,0.0,0.0,0.0,0.0,0.0,0.0,0.0,0.0,0.0,0.0,0.0,0.0,0.0,0.0,0.0,0.0,0.0,0.0,0.0,0.0,0.0,0.0,0.0,0.0,0.0,0.0,0.0,0.0,0.0,0.0,0.0,0.0,0.0,0.0,0.0,0.0,0.0,0.0,0.0,0.0,0.0,0.0,0.0,0.0,0.0,0.0,0.0,0.0,0.0,0.0,0.0,0.0,0.0,0.0,0.0,0.0,0.0,0.0,0.0,0.0,0.0,0.0,0.0,0.0,0.0,0.0,0.0,0.0,0.0,0.0,0.0,0.0,0.0,0.0,0.0,0.0,0.0,0.0,0.0,0.0,0.0,0.0,0.0,0.0,0.0,0.0,0.0,0.0,0.0,0.0,0.0,0.0,0.0,0.0,0.0,0.0,0.0,0.0,0.0,0.0,0.0,0.0,0.0,...
1763031909,311187049,laser,-3.1241390705108643,3.1415927410125732,0.0034828970674425364,5.3719682910013944e-05,0.09664171189069748,0.15000000596046448,16.0,inf,inf,inf,inf,inf,inf,inf,inf,inf,inf,inf,inf,inf,inf,inf,inf,inf,inf,inf,inf,inf,inf,inf,inf,inf,inf,inf,inf,inf,inf,inf,inf,inf,inf,inf,inf,inf,inf,inf,inf,inf,inf,inf,inf,inf,inf,inf,inf,inf,inf,inf,inf,inf,inf,inf,inf,inf,inf,inf,inf,inf,inf,inf,inf,inf,inf,inf,inf,inf,inf,inf,inf,inf,inf,inf,inf,inf,inf,inf,inf,inf,inf,inf,inf,inf,inf,inf,inf,inf,inf,inf,inf,inf,inf,inf,inf,inf,inf,inf,inf,inf,inf,inf,inf,inf,inf,inf,inf,inf,inf,inf,inf,inf,inf,inf,inf,inf,inf,inf,inf,inf,inf,inf,inf,inf,inf,inf,inf,...,0.0,0.0,0.0,0.0,0.0,0.0,0.0,0.0,0.0,0.0,0.0,0.0,0.0,0.0,0.0,0.0,0.0,0.0,0.0,0.0,0.0,0.0,0.0,0.0,0.0,0.0,0.0,0.0,0.0,0.0,0.0,0.0,0.0,0.0,0.0,0.0,0.0,0.0,0.0,0.0,0.0,0.0,0.0,0.0,0.0,0.0,0.0,0.0,0.0,0.0,0.0,0.0,0.0,0.0,0.0,0.0,0.0,0.0,0.0,0.0,0.0,0.0,0.0,0.0,0.0,0.0,0.0,0.0,0.0,0.0,0.0,0.0,0.0,0.0,0.0,0.0,0.0,0.0,0.0,0.0,0.0,0.0,0.0,0.0,0.0,0.0,0.0,0.0,0.0,0.0,0.0,0.0,0.0,0.0,0.0,0.0,0.0,0.0,0.0,0.0,0.0,0.0,0.0,0.0,0.0,0.0,0.0,0.0,0.0,0.0,0.0,0.0,0.0,0.0,0.0,0.0,0.0,0.0,0.0,0.0,0.0,0.0,0.0,0.0,0.0,0.0,0.0,0.0,...
1763031909,409086599,laser,-3.1241390705108643,3.1415927410125732,0.0034828970674425364,5.3933898016111925e-05,0.09702708572149277,0.15000000596046448,16.0,inf,inf,inf,inf,inf,inf,inf,inf,inf,inf,inf,inf,inf,inf,inf,inf,inf,inf,inf,inf,inf,inf,inf,inf,inf,inf,inf,inf,inf,inf,inf,inf,inf,inf,inf,inf,inf,inf,inf,inf,inf,inf,inf,inf,inf,inf,inf,inf,inf,inf,inf,inf,inf,inf,inf,inf,inf,inf,inf,inf,inf,inf,inf,inf,inf,inf,inf,inf,inf,inf,inf,inf,inf,inf,inf,inf,inf,inf,inf,inf,inf,inf,inf,inf,inf,inf,inf,inf,inf,inf,inf,inf,inf,inf,inf,inf,inf,inf,inf,inf,inf,inf,inf,inf,inf,inf,inf,inf,inf,inf,inf,inf,inf,inf,inf,inf,inf,inf,inf,inf,inf,inf,inf,inf,inf,inf,inf,inf,...,0.0,0.0,0.0,0.0,0.0,0.0,0.0,0.0,0.0,0.0,0.0,0.0,0.0,0.0,0.0,0.0,0.0,0.0,0.0,0.0,0.0,0.0,0.0,0.0,0.0,0.0,0.0,0.0,0.0,0.0,0.0,0.0,0.0,0.0,0.0,0.0,0.0,0.0,0.0,0.0,0.0,0.0,0.0,0.0,0.0,0.0,0.0,0.0,0.0,0.0,0.0,0.0,0.0,0.0,0.0,0.0,0.0,0.0,0.0,0.0,0.0,0.0,0.0,0.0,0.0,0.0,0.0,0.0,0.0,0.0,0.0,0.0,0.0,0.0,0.0,0.0,0.0,0.0,0.0,0.0,0.0,0.0,0.0,0.0,0.0,0.0,0.0,0.0,0.0,0.0,0.0,0.0,0.0,0.0,0.0,0.0,0.0,0.0,0.0,0.0,0.0,0.0,0.0,0.0,0.0,0.0,0.0,0.0,0.0,0.0,0.0,0.0,0.0,0.0,0.0,0.0,0.0,0.0,0.0,0.0,0.0,0.0,0.0,0.0,0.0,0.0,0.0,0.0,...
1763031909,507651803,laser,-3.1241390705108643,3.1415927410125732,0.0034828970674425364,5.3748040954815224e-05,0.09669272601604462,0.15000000596046448,16.0,inf,inf,inf,inf,inf,inf,inf,inf,inf,inf,inf,inf,inf,inf,inf,inf,inf,inf,inf,inf,inf,inf,inf,inf,inf,inf,inf,inf,inf,inf,inf,inf,inf,inf,inf,inf,inf,inf,inf,inf,inf,inf,inf,inf,inf,inf,inf,inf,inf,inf,inf,inf,inf,inf,inf,inf,inf,inf,inf,inf,inf,inf,inf,inf,inf,inf,inf,inf,inf,inf,inf,inf,inf,inf,inf,inf,inf,inf,inf,inf,inf,inf,inf,inf,inf,inf,inf,inf,inf,inf,inf,inf,inf,inf,inf,inf,inf,inf,inf,inf,inf,inf,inf,inf,inf,inf,inf,inf,inf,inf,inf,inf,inf,inf,inf,inf,inf,inf,inf,inf,inf,inf,inf,inf,inf,inf,inf,inf,...,0.0,0.0,0.0,0.0,0.0,0.0,0.0,0.0,0.0,0.0,0.0,0.0,0.0,0.0,0.0,0.0,0.0,0.0,0.0,0.0,0.0,0.0,0.0,0.0,0.0,0.0,0.0,0.0,0.0,0.0,0.0,0.0,0.0,0.0,0.0,0.0,0.0,0.0,0.0,0.0,0.0,0.0,0.0,0.0,0.0,0.0,0.0,0.0,0.0,0.0,0.0,0.0,0.0,0.0,0.0,0.0,0.0,0.0,0.0,0.0,0.0,0.0,0.0,0.0,0.0,0.0,0.0,0.0,0.0,0.0,0.0,0.0,0.0,0.0,0.0,0.0,0.0,0.0,0.0,0.0,0.0,0.0,0.0,0.0,0.0,0.0,0.0,0.0,0.0,0.0,0.0,0.0,0.0,0.0,0.0,0.0,0.0,0.0,0.0,0.0,0.0,0.0,0.0,0.0,0.0,0.0,0.0,0.0,0.0,0.0,0.0,0.0,0.0,0.0,0.0,0.0,0.0,0.0,0.0,0.0,0.0,0.0,0.0,0.0,0.0,0.0,0.0,0.0,...
1763031909,605927331,laser,-3.1241390705108643,3.1415927410125732,0.0034828970674425364,5.3752868552692235e-05,0.09670141339302063,0.15000000596046448,16.0,inf,inf,inf,inf,inf,inf,inf,inf,inf,inf,inf,inf,inf,inf,inf,inf,inf,inf,inf,inf,inf,inf,inf,inf,inf,inf,inf,inf,inf,inf,inf,inf,inf,inf,inf,inf,inf,inf,inf,inf,inf,inf,inf,inf,inf,inf,inf,inf,inf,inf,inf,inf,inf,inf,inf,inf,inf,inf,inf,inf,inf,inf,inf,inf,inf,inf,inf,inf,inf,inf,inf,inf,inf,inf,inf,inf,inf,inf,inf,inf,inf,inf,inf,inf,inf,inf,inf,inf,inf,inf,inf,inf,inf,inf,inf,inf,inf,inf,inf,inf,inf,inf,inf,inf,inf,inf,inf,inf,inf,inf,inf,inf,inf,inf,inf,inf,inf,inf,inf,inf,inf,inf,inf,inf,inf,inf,inf,inf,...,0.0,0.0,0.0,0.0,0.0,0.0,0.0,0.0,0.0,0.0,0.0,0.0,0.0,0.0,0.0,0.0,0.0,0.0,0.0,0.0,0.0,0.0,0.0,0.0,0.0,0.0,0.0,0.0,0.0,0.0,0.0,0.0,0.0,0.0,0.0,0.0,0.0,0.0,0.0,0.0,0.0,0.0,0.0,0.0,0.0,0.0,0.0,0.0,0.0,0.0,0.0,0.0,0.0,0.0,0.0,0.0,0.0,0.0,0.0,0.0,0.0,0.0,0.0,0.0,0.0,0.0,0.0,0.0,0.0,0.0,0.0,0.0,0.0,0.0,0.0,0.0,0.0,0.0,0.0,0.0,0.0,0.0,0.0,0.0,0.0,0.0,0.0,0.0,0.0,0.0,0.0,0.0,0.0,0.0,0.0,0.0,0.0,0.0,0.0,0.0,0.0,0.0,0.0,0.0,0.0,0.0,0.0,0.0,0.0,0.0,0.0,0.0,0.0,0.0,0.0,0.0,0.0,0.0,0.0,0.0,0.0,0.0,0.0,0.0,0.0,0.0,0.0,0.0,...
1763031909,704460618,laser,-3.1241390705108643,3.1415927410125732,0.0034828970674425364,5.355424218578264e-05,0.09634408354759216,0.15000000596046448,16.0,inf,inf,inf,inf,inf,inf,inf,inf,inf,inf,inf,inf,inf,inf,inf,inf,inf,inf,inf,inf,inf,inf,inf,inf,inf,inf,inf,inf,inf,inf,inf,inf,inf,inf,inf,inf,inf,inf,inf,inf,inf,inf,inf,inf,inf,inf,inf,inf,inf,inf,inf,inf,inf,inf,inf,inf,inf,inf,inf,inf,inf,inf,inf,inf,inf,inf,inf,inf,inf,inf,inf,inf,inf,inf,inf,inf,inf,inf,inf,inf,inf,inf,inf,inf,inf,inf,inf,inf,inf,inf,inf,inf,inf,inf,inf,inf,inf,inf,inf,inf,inf,inf,inf,inf,inf,inf,inf,inf,inf,inf,inf,inf,inf,inf,inf,inf,inf,inf,inf,inf,inf,inf,inf,inf,inf,inf,inf,inf,...,0.0,0.0,0.0,0.0,0.0,0.0,0.0,0.0,0.0,0.0,0.0,0.0,0.0,0.0,0.0,0.0,0.0,0.0,0.0,0.0,0.0,0.0,0.0,0.0,0.0,0.0,0.0,0.0,0.0,0.0,0.0,0.0,0.0,0.0,0.0,0.0,0.0,0.0,0.0,0.0,0.0,0.0,0.0,0.0,0.0,0.0,0.0,0.0,0.0,0.0,0.0,0.0,0.0,0.0,0.0,0.0,0.0,0.0,0.0,0.0,0.0,0.0,0.0,0.0,0.0,0.0,0.0,0.0,0.0,0.0,0.0,0.0,0.0,0.0,0.0,0.0,0.0,0.0,0.0,0.0,0.0,0.0,0.0,0.0,0.0,0.0,0.0,0.0,0.0,0.0,0.0,0.0,0.0,0.0,0.0,0.0,0.0,0.0,0.0,0.0,0.0,0.0,0.0,0.0,0.0,0.0,0.0,0.0,0.0,0.0,0.0,0.0,0.0,0.0,0.0,0.0,0.0,0.0,0.0,0.0,0.0,0.0,0.0,0.0,0.0,0.0,0.0,0.0,...
1763031909,801899037,laser,-3.1241390705108643,3.1415927410125732,0.0034828970674425364,5.40174514753744e-05,0.09717739373445511,0.15000000596046448,16.0,inf,inf,inf,inf,inf,inf,inf,inf,inf,inf,inf,inf,inf,inf,inf,inf,inf,inf,inf,inf,inf,inf,inf,inf,inf,inf,inf,inf,inf,inf,inf,inf,inf,inf,inf,inf,inf,inf,inf,inf,inf,inf,inf,inf,inf,inf,inf,inf,inf,inf,inf,inf,inf,inf,inf,inf,inf,inf,inf,inf,inf,inf,inf,inf,inf,inf,inf,inf,inf,inf,inf,inf,inf,inf,inf,inf,inf,inf,inf,inf,inf,inf,inf,inf,inf,inf,inf,inf,inf,inf,inf,inf,inf,inf,inf,inf,inf,inf,inf,inf,inf,inf,inf,inf,inf,inf,inf,inf,inf,inf,inf,inf,inf,inf,inf,inf,inf,inf,inf,inf,inf,inf,inf,inf,inf,inf,inf,inf,...,0.0,0.0,0.0,0.0,0.0,0.0,0.0,0.0,0.0,0.0,0.0,0.0,0.0,0.0,0.0,0.0,0.0,0.0,0.0,0.0,0.0,0.0,0.0,0.0,0.0,0.0,0.0,0.0,0.0,0.0,0.0,0.0,0.0,0.0,0.0,0.0,0.0,0.0,0.0,0.0,0.0,0.0,0.0,0.0,0.0,0.0,0.0,0.0,0.0,0.0,0.0,0.0,0.0,0.0,0.0,0.0,0.0,0.0,0.0,0.0,0.0,0.0,0.0,0.0,0.0,0.0,0.0,0.0,0.0,0.0,0.0,0.0,0.0,0.0,0.0,0.0,0.0,0.0,0.0,0.0,0.0,0.0,0.0,0.0,0.0,0.0,0.0,0.0,0.0,0.0,0.0,0.0,0.0,0.0,0.0,0.0,0.0,0.0,0.0,0.0,0.0,0.0,0.0,0.0,0.0,0.0,0.0,0.0,0.0,0.0,0.0,0.0,0.0,0.0,0.0,0.0,0.0,0.0,0.0,0.0,0.0,0.0,0.0,0.0,0.0,0.0,0.0,0.0,...
1763031909,900431260,laser,-3.1241390705108643,3.1415927410125732,0.0034828970674425364,5.3872379794484004e-05,0.09691641479730606,0.15000000596046448,16.0,inf,inf,inf,inf,inf,inf,inf,inf,inf,inf,inf,inf,inf,inf,inf,inf,inf,inf,inf,inf,inf,inf,inf,inf,inf,inf,inf,inf,inf,inf,inf,inf,inf,inf,inf,inf,inf,inf,inf,inf,inf,inf,inf,inf,inf,inf,inf,inf,inf,inf,inf,inf,inf,inf,inf,inf,inf,inf,inf,inf,inf,inf,inf,inf,inf,inf,inf,inf,inf,inf,inf,inf,inf,inf,inf,inf,inf,inf,inf,inf,inf,inf,inf,inf,inf,inf,inf,inf,inf,inf,inf,inf,inf,inf,inf,inf,inf,inf,inf,inf,inf,inf,inf,inf,inf,inf,inf,inf,inf,inf,inf,inf,inf,inf,inf,inf,inf,inf,inf,inf,inf,inf,inf,inf,inf,inf,inf,inf,...,0.0,0.0,0.0,0.0,0.0,0.0,0.0,0.0,0.0,0.0,0.0,0.0,0.0,0.0,0.0,0.0,0.0,0.0,0.0,0.0,0.0,0.0,0.0,0.0,0.0,0.0,0.0,0.0,0.0,0.0,0.0,0.0,0.0,0.0,0.0,0.0,0.0,0.0,0.0,0.0,0.0,0.0,0.0,0.0,0.0,0.0,0.0,0.0,0.0,0.0,0.0,0.0,0.0,0.0,0.0,0.0,0.0,0.0,0.0,0.0,0.0,0.0,0.0,0.0,0.0,0.0,0.0,0.0,0.0,0.0,0.0,0.0,0.0,0.0,0.0,0.0,0.0,0.0,0.0,0.0,0.0,0.0,0.0,0.0,0.0,0.0,0.0,0.0,0.0,0.0,0.0,0.0,0.0,0.0,0.0,0.0,0.0,0.0,0.0,0.0,0.0,0.0,0.0,0.0,0.0,0.0,0.0,0.0,0.0,0.0,0.0,0.0,0.0,0.0,0.0,0.0,0.0,0.0,0.0,0.0,0.0,0.0,0.0,0.0,0.0,0.0,0.0,0.0,...
1763031909,998827622,laser,-3.1241390705108643,3.1415927410125732,0.0034828970674425364,5.381445225793868e-05,0.09681219607591629,0.15000000596046448,16.0,inf,inf,inf,inf,inf,inf,inf,inf,inf,inf,inf,inf,inf,inf,inf,inf,inf,inf,inf,inf,inf,inf,inf,inf,inf,inf,inf,inf,inf,inf,inf,inf,inf,inf,inf,inf,inf,inf,inf,inf,inf,inf,inf,inf,inf,inf,inf,inf,inf,inf,inf,inf,inf,inf,inf,inf,inf,inf,inf,inf,inf,inf,inf,inf,inf,inf,inf,inf,inf,inf,inf,inf,inf,inf,inf,inf,inf,inf,inf,inf,inf,inf,inf,inf,inf,inf,inf,inf,inf,inf,inf,inf,inf,inf,inf,inf,inf,inf,inf,inf,inf,inf,inf,inf,inf,inf,inf,inf,inf,inf,inf,inf,inf,inf,inf,inf,inf,inf,inf,inf,inf,inf,inf,inf,inf,inf,inf,inf,...,0.0,0.0,0.0,0.0,0.0,0.0,0.0,0.0,0.0,0.0,0.0,0.0,0.0,0.0,0.0,0.0,0.0,0.0,0.0,0.0,0.0,0.0,0.0,0.0,0.0,0.0,0.0,0.0,0.0,0.0,0.0,0.0,0.0,0.0,0.0,0.0,0.0,0.0,0.0,0.0,0.0,0.0,0.0,0.0,0.0,0.0,0.0,0.0,0.0,0.0,0.0,0.0,0.0,0.0,0.0,0.0,0.0,0.0,0.0,0.0,0.0,0.0,0.0,0.0,0.0,0.0,0.0,0.0,0.0,0.0,0.0,0.0,0.0,0.0,0.0,0.0,0.0,0.0,0.0,0.0,0.0,0.0,0.0,0.0,0.0,0.0,0.0,0.0,0.0,0.0,0.0,0.0,0.0,0.0,0.0,0.0,0.0,0.0,0.0,0.0,0.0,0.0,0.0,0.0,0.0,0.0,0.0,0.0,0.0,0.0,0.0,0.0,0.0,0.0,0.0,0.0,0.0,0.0,0.0,0.0,0.0,0.0,0.0,0.0,0.0,0.0,0.0,0.0,...
1763031910,97184062,laser,-3.1241390705108643,3.1415927410125732,0.0034828970674425364,5.371450970415026e-05,0.09663240611553192,0.15000000596046448,16.0,inf,inf,inf,inf,inf,inf,inf,inf,inf,inf,inf,inf,inf,inf,inf,inf,inf,inf,inf,inf,inf,inf,inf,inf,inf,inf,inf,inf,inf,inf,inf,inf,inf,inf,inf,inf,inf,inf,inf,inf,inf,inf,inf,inf,inf,inf,inf,inf,inf,inf,inf,inf,inf,inf,inf,inf,inf,inf,inf,inf,inf,inf,inf,inf,inf,inf,inf,inf,inf,inf,inf,inf,inf,inf,inf,inf,inf,inf,inf,inf,inf,inf,inf,inf,inf,inf,inf,inf,inf,inf,inf,inf,inf,inf,inf,inf,inf,inf,inf,inf,inf,inf,inf,inf,inf,inf,inf,inf,inf,inf,inf,inf,inf,inf,inf,inf,inf,inf,inf,inf,inf,inf,inf,inf,inf,inf,inf,inf,...,0.0,0.0,0.0,0.0,0.0,0.0,0.0,0.0,0.0,0.0,0.0,0.0,0.0,0.0,0.0,0.0,0.0,0.0,0.0,0.0,0.0,0.0,0.0,0.0,0.0,0.0,0.0,0.0,0.0,0.0,0.0,0.0,0.0,0.0,0.0,0.0,0.0,0.0,0.0,0.0,0.0,0.0,0.0,0.0,0.0,0.0,0.0,0.0,0.0,0.0,0.0,0.0,0.0,0.0,0.0,0.0,0.0,0.0,0.0,0.0,0.0,0.0,0.0,0.0,0.0,0.0,0.0,0.0,0.0,0.0,0.0,0.0,0.0,0.0,0.0,0.0,0.0,0.0,0.0,0.0,0.0,0.0,0.0,0.0,0.0,0.0,0.0,0.0,0.0,0.0,0.0,0.0,0.0,0.0,0.0,0.0,0.0,0.0,0.0,0.0,0.0,0.0,0.0,0.0,0.0,0.0,0.0,0.0,0.0,0.0,0.0,0.0,0.0,0.0,0.0,0.0,0.0,0.0,0.0,0.0,0.0,0.0,0.0,0.0,0.0,0.0,0.0,0.0,...
1763031910,195423751,laser,-3.1241390705108643,3.1415927410125732,0.0034828970674425364,5.3751704399473965e-05,0.0966993197798729,0.15000000596046448,16.0,inf,inf,inf,inf,inf,inf,inf,inf,inf,inf,inf,inf,inf,inf,inf,inf,inf,inf,inf,inf,inf,inf,inf,inf,inf,inf,inf,inf,inf,inf,inf,inf,inf,inf,inf,inf,inf,inf,inf,inf,inf,inf,inf,inf,inf,inf,inf,inf,inf,inf,inf,inf,inf,inf,inf,inf,inf,inf,inf,inf,inf,inf,inf,inf,inf,inf,inf,inf,inf,inf,inf,inf,inf,inf,inf,inf,inf,inf,inf,inf,inf,inf,inf,inf,inf,inf,inf,inf,inf,inf,inf,inf,inf,inf,inf,inf,inf,inf,inf,inf,inf,inf,inf,inf,inf,inf,inf,inf,inf,inf,inf,inf,inf,inf,inf,inf,inf,inf,inf,inf,inf,inf,inf,inf,inf,inf,inf,inf,...,0.0,0.0,0.0,0.0,0.0,0.0,0.0,0.0,0.0,0.0,0.0,0.0,0.0,0.0,0.0,0.0,0.0,0.0,0.0,0.0,0.0,0.0,0.0,0.0,0.0,0.0,0.0,0.0,0.0,0.0,0.0,0.0,0.0,0.0,0.0,0.0,0.0,0.0,0.0,0.0,0.0,0.0,0.0,0.0,0.0,0.0,0.0,0.0,0.0,0.0,0.0,0.0,0.0,0.0,0.0,0.0,0.0,0.0,0.0,0.0,0.0,0.0,0.0,0.0,0.0,0.0,0.0,0.0,0.0,0.0,0.0,0.0,0.0,0.0,0.0,0.0,0.0,0.0,0.0,0.0,0.0,0.0,0.0,0.0,0.0,0.0,0.0,0.0,0.0,0.0,0.0,0.0,0.0,0.0,0.0,0.0,0.0,0.0,0.0,0.0,0.0,0.0,0.0,0.0,0.0,0.0,0.0,0.0,0.0,0.0,0.0,0.0,0.0,0.0,0.0,0.0,0.0,0.0,0.0,0.0,0.0,0.0,0.0,0.0,0.0,0.0,0.0,0.0,...
1763031910,293958041,laser,-3.1241390705108643,3.1415927410125732,0.0034828970674425364,5.358794442145154e-05,0.09640470892190933,0.15000000596046448,16.0,inf,inf,inf,inf,inf,inf,inf,inf,inf,inf,inf,inf,inf,inf,inf,inf,inf,inf,inf,inf,inf,inf,inf,inf,inf,inf,inf,inf,inf,inf,inf,inf,inf,inf,inf,inf,inf,inf,inf,inf,inf,inf,inf,inf,inf,inf,inf,inf,inf,inf,inf,inf,inf,inf,inf,inf,inf,inf,inf,inf,inf,inf,inf,inf,inf,inf,inf,inf,inf,inf,inf,inf,inf,inf,inf,inf,inf,inf,inf,inf,inf,inf,inf,inf,inf,inf,inf,inf,inf,inf,inf,inf,inf,inf,inf,inf,inf,inf,inf,inf,inf,inf,inf,inf,inf,inf,inf,inf,inf,inf,inf,inf,inf,inf,inf,inf,inf,inf,inf,inf,inf,inf,inf,inf,inf,inf,inf,inf,...,0.0,0.0,0.0,0.0,0.0,0.0,0.0,0.0,0.0,0.0,0.0,0.0,0.0,0.0,0.0,0.0,0.0,0.0,0.0,0.0,0.0,0.0,0.0,0.0,0.0,0.0,0.0,0.0,0.0,0.0,0.0,0.0,0.0,0.0,0.0,0.0,0.0,0.0,0.0,0.0,0.0,0.0,0.0,0.0,0.0,0.0,0.0,0.0,0.0,0.0,0.0,0.0,0.0,0.0,0.0,0.0,0.0,0.0,0.0,0.0,0.0,0.0,0.0,0.0,0.0,0.0,0.0,0.0,0.0,0.0,0.0,0.0,0.0,0.0,0.0,0.0,0.0,0.0,0.0,0.0,0.0,0.0,0.0,0.0,0.0,0.0,0.0,0.0,0.0,0.0,0.0,0.0,0.0,0.0,0.0,0.0,0.0,0.0,0.0,0.0,0.0,0.0,0.0,0.0,0.0,0.0,0.0,0.0,0.0,0.0,0.0,0.0,0.0,0.0,0.0,0.0,0.0,0.0,0.0,0.0,0.0,0.0,0.0,0.0,0.0,0.0,0.0,0.0,...
1763031910,391981896,laser,-3.1241390705108643,3.1415927410125732,0.0034828970674425364,5.370162762119435e-05,0.09660922735929489,0.15000000596046448,16.0,inf,inf,inf,inf,inf,inf,inf,inf,inf,inf,inf,inf,inf,inf,inf,inf,inf,inf,inf,inf,inf,inf,inf,inf,inf,inf,inf,inf,inf,inf,inf,inf,inf,inf,inf,inf,inf,inf,inf,inf,inf,inf,inf,inf,inf,inf,inf,inf,inf,inf,inf,inf,inf,inf,inf,inf,inf,inf,inf,inf,inf,inf,inf,inf,inf,inf,inf,inf,inf,inf,inf,inf,inf,inf,inf,inf,inf,inf,inf,inf,inf,inf,inf,inf,inf,inf,inf,inf,inf,inf,inf,inf,inf,inf,inf,inf,inf,inf,inf,inf,inf,inf,inf,inf,inf,inf,inf,inf,inf,inf,inf,inf,inf,inf,inf,inf,inf,inf,inf,inf,inf,inf,inf,inf,inf,inf,inf,inf,...,0.0,0.0,0.0,0.0,0.0,0.0,0.0,0.0,0.0,0.0,0.0,0.0,0.0,0.0,0.0,0.0,0.0,0.0,0.0,0.0,0.0,0.0,0.0,0.0,0.0,0.0,0.0,0.0,0.0,0.0,0.0,0.0,0.0,0.0,0.0,0.0,0.0,0.0,0.0,0.0,0.0,0.0,0.0,0.0,0.0,0.0,0.0,0.0,0.0,0.0,0.0,0.0,0.0,0.0,0.0,0.0,0.0,0.0,0.0,0.0,0.0,0.0,0.0,0.0,0.0,0.0,0.0,0.0,0.0,0.0,0.0,0.0,0.0,0.0,0.0,0.0,0.0,0.0,0.0,0.0,0.0,0.0,0.0,0.0,0.0,0.0,0.0,0.0,0.0,0.0,0.0,0.0,0.0,0.0,0.0,0.0,0.0,0.0,0.0,0.0,0.0,0.0,0.0,0.0,0.0,0.0,0.0,0.0,0.0,0.0,0.0,0.0,0.0,0.0,0.0,0.0,0.0,0.0,0.0,0.0,0.0,0.0,0.0,0.0,0.0,0.0,0.0,0.0,...
1763031910,489848873,laser,-3.1241390705108643,3.1415927410125732,0.0034828970674425364,5.398450230131857e-05,0.09711812436580658,0.15000000596046448,16.0,inf,inf,inf,inf,inf,inf,inf,inf,inf,inf,inf,inf,inf,inf,inf,inf,inf,inf,inf,inf,inf,inf,inf,inf,inf,inf,inf,inf,inf,inf,inf,inf,inf,inf,inf,inf,inf,inf,inf,inf,inf,inf,inf,inf,inf,inf,inf,inf,inf,inf,inf,inf,inf,inf,inf,inf,inf,inf,inf,inf,inf,inf,inf,inf,inf,inf,inf,inf,inf,inf,inf,inf,inf,inf,inf,inf,inf,inf,inf,inf,inf,inf,inf,inf,inf,inf,inf,inf,inf,inf,inf,inf,inf,inf,inf,inf,inf,inf,inf,inf,inf,inf,inf,inf,inf,inf,inf,inf,inf,inf,inf,inf,inf,inf,inf,inf,inf,inf,inf,inf,inf,inf,inf,inf,inf,inf,inf,inf,...,0.0,0.0,0.0,0.0,0.0,0.0,0.0,0.0,0.0,0.0,0.0,0.0,0.0,0.0,0.0,0.0,0.0,0.0,0.0,0.0,0.0,0.0,0.0,0.0,0.0,0.0,0.0,0.0,0.0,0.0,0.0,0.0,0.0,0.0,0.0,0.0,0.0,0.0,0.0,0.0,0.0,0.0,0.0,0.0,0.0,0.0,0.0,0.0,0.0,0.0,0.0,0.0,0.0,0.0,0.0,0.0,0.0,0.0,0.0,0.0,0.0,0.0,0.0,0.0,0.0,0.0,0.0,0.0,0.0,0.0,0.0,0.0,0.0,0.0,0.0,0.0,0.0,0.0,0.0,0.0,0.0,0.0,0.0,0.0,0.0,0.0,0.0,0.0,0.0,0.0,0.0,0.0,0.0,0.0,0.0,0.0,0.0,0.0,0.0,0.0,0.0,0.0,0.0,0.0,0.0,0.0,0.0,0.0,0.0,0.0,0.0,0.0,0.0,0.0,0.0,0.0,0.0,0.0,0.0,0.0,0.0,0.0,0.0,0.0,0.0,0.0,0.0,0.0,...
1763031910,588226847,laser,-3.1241390705108643,3.1415927410125732,0.0034828970674425364,5.38699168828316e-05,0.09691198170185089,0.15000000596046448,16.0,inf,inf,inf,inf,inf,inf,inf,inf,inf,inf,inf,inf,inf,inf,inf,inf,inf,inf,inf,inf,inf,inf,inf,inf,inf,inf,inf,inf,inf,inf,inf,inf,inf,inf,inf,inf,inf,inf,inf,inf,inf,inf,inf,inf,inf,inf,inf,inf,inf,inf,inf,inf,inf,inf,inf,inf,inf,inf,inf,inf,inf,inf,inf,inf,inf,inf,inf,inf,inf,inf,inf,inf,inf,inf,inf,inf,inf,inf,inf,inf,inf,inf,inf,inf,inf,inf,inf,inf,inf,inf,inf,inf,inf,inf,inf,inf,inf,inf,inf,inf,inf,inf,inf,inf,inf,inf,inf,inf,inf,inf,inf,inf,inf,inf,inf,inf,inf,inf,inf,inf,inf,inf,inf,inf,inf,inf,inf,inf,...,0.0,0.0,0.0,0.0,0.0,0.0,0.0,0.0,0.0,0.0,0.0,0.0,0.0,0.0,0.0,0.0,0.0,0.0,0.0,0.0,0.0,0.0,0.0,0.0,0.0,0.0,0.0,0.0,0.0,0.0,0.0,0.0,0.0,0.0,0.0,0.0,0.0,0.0,0.0,0.0,0.0,0.0,0.0,0.0,0.0,0.0,0.0,0.0,0.0,0.0,0.0,0.0,0.0,0.0,0.0,0.0,0.0,0.0,0.0,0.0,0.0,0.0,0.0,0.0,0.0,0.0,0.0,0.0,0.0,0.0,0.0,0.0,0.0,0.0,0.0,0.0,0.0,0.0,0.0,0.0,0.0,0.0,0.0,0.0,0.0,0.0,0.0,0.0,0.0,0.0,0.0,0.0,0.0,0.0,0.0,0.0,0.0,0.0,0.0,0.0,0.0,0.0,0.0,0.0,0.0,0.0,0.0,0.0,0.0,0.0,0.0,0.0,0.0,0.0,0.0,0.0,0.0,0.0,0.0,0.0,0.0,0.0,0.0,0.0,0.0,0.0,0.0,0.0,...
1763031910,686641237,laser,-3.1241390705108643,3.1415927410125732,0.0034828970674425364,5.379198046284728e-05,0.09677177667617798,0.15000000596046448,16.0,inf,inf,inf,inf,inf,inf,inf,inf,inf,inf,inf,inf,inf,inf,inf,inf,inf,inf,inf,inf,inf,inf,inf,inf,inf,inf,inf,inf,inf,inf,inf,inf,inf,inf,inf,inf,inf,inf,inf,inf,inf,inf,inf,inf,inf,inf,inf,inf,inf,inf,inf,inf,inf,inf,inf,inf,inf,inf,inf,inf,inf,inf,inf,inf,inf,inf,inf,inf,inf,inf,inf,inf,inf,inf,inf,inf,inf,inf,inf,inf,inf,inf,inf,inf,inf,inf,inf,inf,inf,inf,inf,inf,inf,inf,inf,inf,inf,inf,inf,inf,inf,inf,inf,inf,inf,inf,inf,inf,inf,inf,inf,inf,inf,inf,inf,inf,inf,inf,inf,inf,inf,inf,inf,inf,inf,inf,inf,inf,...,0.0,0.0,0.0,0.0,0.0,0.0,0.0,0.0,0.0,0.0,0.0,0.0,0.0,0.0,0.0,0.0,0.0,0.0,0.0,0.0,0.0,0.0,0.0,0.0,0.0,0.0,0.0,0.0,0.0,0.0,0.0,0.0,0.0,0.0,0.0,0.0,0.0,0.0,0.0,0.0,0.0,0.0,0.0,0.0,0.0,0.0,0.0,0.0,0.0,0.0,0.0,0.0,0.0,0.0,0.0,0.0,0.0,0.0,0.0,0.0,0.0,0.0,0.0,0.0,0.0,0.0,0.0,0.0,0.0,0.0,0.0,0.0,0.0,0.0,0.0,0.0,0.0,0.0,0.0,0.0,0.0,0.0,0.0,0.0,0.0,0.0,0.0,0.0,0.0,0.0,0.0,0.0,0.0,0.0,0.0,0.0,0.0,0.0,0.0,0.0,0.0,0.0,0.0,0.0,0.0,0.0,0.0,0.0,0.0,0.0,0.0,0.0,0.0,0.0,0.0,0.0,0.0,0.0,0.0,0.0,0.0,0.0,0.0,0.0,0.0,0.0,0.0,0.0,...
1763031910,785004930,laser,-3.1241390705108643,3.1415927410125732,0.0034828970674425364,5.373297608457506e-05,0.0966656282544136,0.15000000596046448,16.0,inf,inf,inf,inf,inf,inf,inf,inf,inf,inf,inf,inf,inf,inf,inf,inf,inf,inf,inf,inf,inf,inf,inf,inf,inf,inf,inf,inf,inf,inf,inf,inf,inf,inf,inf,inf,inf,inf,inf,inf,inf,inf,inf,inf,inf,inf,inf,inf,inf,inf,inf,inf,inf,inf,inf,inf,inf,inf,inf,inf,inf,inf,inf,inf,inf,inf,inf,inf,inf,inf,inf,inf,inf,inf,inf,inf,inf,inf,inf,inf,inf,inf,inf,inf,inf,inf,inf,inf,inf,inf,inf,inf,inf,inf,inf,inf,inf,inf,inf,inf,inf,inf,inf,inf,inf,inf,inf,inf,inf,inf,inf,inf,inf,inf,inf,inf,inf,inf,inf,inf,inf,inf,inf,inf,inf,inf,inf,inf,...,0.0,0.0,0.0,0.0,0.0,0.0,0.0,0.0,0.0,0.0,0.0,0.0,0.0,0.0,0.0,0.0,0.0,0.0,0.0,0.0,0.0,0.0,0.0,0.0,0.0,0.0,0.0,0.0,0.0,0.0,0.0,0.0,0.0,0.0,0.0,0.0,0.0,0.0,0.0,0.0,0.0,0.0,0.0,0.0,0.0,0.0,0.0,0.0,0.0,0.0,0.0,0.0,0.0,0.0,0.0,0.0,0.0,0.0,0.0,0.0,0.0,0.0,0.0,0.0,0.0,0.0,0.0,0.0,0.0,0.0,0.0,0.0,0.0,0.0,0.0,0.0,0.0,0.0,0.0,0.0,0.0,0.0,0.0,0.0,0.0,0.0,0.0,0.0,0.0,0.0,0.0,0.0,0.0,0.0,0.0,0.0,0.0,0.0,0.0,0.0,0.0,0.0,0.0,0.0,0.0,0.0,0.0,0.0,0.0,0.0,0.0,0.0,0.0,0.0,0.0,0.0,0.0,0.0,0.0,0.0,0.0,0.0,0.0,0.0,0.0,0.0,0.0,0.0,...
1763031910,883064916,laser,-3.1241390705108643,3.1415927410125732,0.0034828970674425364,5.382898234529421e-05,0.0968383401632309,0.15000000596046448,16.0,inf,inf,inf,inf,inf,inf,inf,inf,inf,inf,inf,inf,inf,inf,inf,inf,inf,inf,inf,inf,inf,inf,inf,inf,inf,inf,inf,inf,inf,inf,inf,inf,inf,inf,inf,inf,inf,inf,inf,inf,inf,inf,inf,inf,inf,inf,inf,inf,inf,inf,inf,inf,inf,inf,inf,inf,inf,inf,inf,inf,inf,inf,inf,inf,inf,inf,inf,inf,inf,inf,inf,inf,inf,inf,inf,inf,inf,inf,inf,inf,inf,inf,inf,inf,inf,inf,inf,inf,inf,inf,inf,inf,inf,inf,inf,inf,inf,inf,inf,inf,inf,inf,inf,inf,inf,inf,inf,inf,inf,inf,inf,inf,inf,inf,inf,inf,inf,inf,inf,inf,inf,inf,inf,inf,inf,inf,inf,inf,...,0.0,0.0,0.0,0.0,0.0,0.0,0.0,0.0,0.0,0.0,0.0,0.0,0.0,0.0,0.0,0.0,0.0,0.0,0.0,0.0,0.0,0.0,0.0,0.0,0.0,0.0,0.0,0.0,0.0,0.0,0.0,0.0,0.0,0.0,0.0,0.0,0.0,0.0,0.0,0.0,0.0,0.0,0.0,0.0,0.0,0.0,0.0,0.0,0.0,0.0,0.0,0.0,0.0,0.0,0.0,0.0,0.0,0.0,0.0,0.0,0.0,0.0,0.0,0.0,0.0,0.0,0.0,0.0,0.0,0.0,0.0,0.0,0.0,0.0,0.0,0.0,0.0,0.0,0.0,0.0,0.0,0.0,0.0,0.0,0.0,0.0,0.0,0.0,0.0,0.0,0.0,0.0,0.0,0.0,0.0,0.0,0.0,0.0,0.0,0.0,0.0,0.0,0.0,0.0,0.0,0.0,0.0,0.0,0.0,0.0,0.0,0.0,0.0,0.0,0.0,0.0,0.0,0.0,0.0,0.0,0.0,0.0,0.0,0.0,0.0,0.0,0.0,0.0,...
1763031910,981201683,laser,-3.1241390705108643,3.1415927410125732,0.0034828970674425364,5.3944731916999444e-05,0.09704656898975372,0.15000000596046448,16.0,inf,inf,inf,inf,inf,inf,inf,inf,inf,inf,inf,inf,inf,inf,inf,inf,inf,inf,inf,inf,inf,inf,inf,inf,inf,inf,inf,inf,inf,inf,inf,inf,inf,inf,inf,inf,inf,inf,inf,inf,inf,inf,inf,inf,inf,inf,inf,inf,inf,inf,inf,inf,inf,inf,inf,inf,inf,inf,inf,inf,inf,inf,inf,inf,inf,inf,inf,inf,inf,inf,inf,inf,inf,inf,inf,inf,inf,inf,inf,inf,inf,inf,inf,inf,inf,inf,inf,inf,inf,inf,inf,inf,inf,inf,inf,inf,inf,inf,inf,inf,inf,inf,inf,inf,inf,inf,inf,inf,inf,inf,inf,inf,inf,inf,inf,inf,inf,inf,inf,inf,inf,inf,inf,inf,inf,inf,inf,inf,...,0.0,0.0,0.0,0.0,0.0,0.0,0.0,0.0,0.0,0.0,0.0,0.0,0.0,0.0,0.0,0.0,0.0,0.0,0.0,0.0,0.0,0.0,0.0,0.0,0.0,0.0,0.0,0.0,0.0,0.0,0.0,0.0,0.0,0.0,0.0,0.0,0.0,0.0,0.0,0.0,0.0,0.0,0.0,0.0,0.0,0.0,0.0,0.0,0.0,0.0,0.0,0.0,0.0,0.0,0.0,0.0,0.0,0.0,0.0,0.0,0.0,0.0,0.0,0.0,0.0,0.0,0.0,0.0,0.0,0.0,0.0,0.0,0.0,0.0,0.0,0.0,0.0,0.0,0.0,0.0,0.0,0.0,0.0,0.0,0.0,0.0,0.0,0.0,0.0,0.0,0.0,0.0,0.0,0.0,0.0,0.0,0.0,0.0,0.0,0.0,0.0,0.0,0.0,0.0,0.0,0.0,0.0,0.0,0.0,0.0,0.0,0.0,0.0,0.0,0.0,0.0,0.0,0.0,0.0,0.0,0.0,0.0,0.0,0.0,0.0,0.0,0.0,0.0,...
1763031911,79729736,laser,-3.1241390705108643,3.1415927410125732,0.0034828970674425364,5.377176421461627e-05,0.0967354029417038,0.15000000596046448,16.0,inf,inf,inf,inf,inf,inf,inf,inf,inf,inf,inf,inf,inf,inf,inf,inf,inf,inf,inf,inf,inf,inf,inf,inf,inf,inf,inf,inf,inf,inf,inf,inf,inf,inf,inf,inf,inf,inf,inf,inf,inf,inf,inf,inf,inf,inf,inf,inf,inf,inf,inf,inf,inf,inf,inf,inf,inf,inf,inf,inf,inf,inf,inf,inf,inf,inf,inf,inf,inf,inf,inf,inf,inf,inf,inf,inf,inf,inf,inf,inf,inf,inf,inf,inf,inf,inf,inf,inf,inf,inf,inf,inf,inf,inf,inf,0.15800000727176666,0.15800000727176666,0.15800000727176666,0.15800000727176666,0.15800000727176666,inf,inf,0.15800000727176666,0.15800000727176666,0.15800000727176666,0.15800000727176666,0.15800000727176666,0.15800000727176666,0.15800000727176666,0.15800000727176666,0.15800000727176666,0.15800000727176666,0.15800000727176666,0.15800000727176666,0.15800000727176666,0.1589999943971634,0.1589999943971634,0.1589999943971634,0.1589999943971634,0.1589999943971634,0.1589999943971634,0.1589999943971634,0.1589999943971634,0.1589999943971634,0.1589999943971634,0.1599999964237213,0.1599999964237213,0.1599999964237213,...,0.0,0.0,0.0,0.0,0.0,0.0,0.0,0.0,0.0,0.0,0.0,0.0,0.0,0.0,0.0,0.0,0.0,0.0,0.0,0.0,0.0,0.0,0.0,0.0,0.0,0.0,0.0,0.0,0.0,0.0,0.0,0.0,0.0,0.0,0.0,0.0,0.0,0.0,0.0,0.0,0.0,0.0,0.0,0.0,0.0,0.0,0.0,0.0,0.0,0.0,0.0,0.0,0.0,0.0,0.0,0.0,0.0,0.0,0.0,0.0,0.0,0.0,0.0,0.0,0.0,0.0,0.0,0.0,0.0,0.0,0.0,0.0,0.0,0.0,0.0,0.0,0.0,0.0,0.0,0.0,0.0,0.0,0.0,0.0,0.0,0.0,0.0,0.0,0.0,0.0,0.0,0.0,0.0,0.0,0.0,0.0,0.0,0.0,0.0,0.0,0.0,0.0,0.0,0.0,0.0,47.0,47.0,47.0,47.0,47.0,47.0,47.0,47.0,47.0,47.0,47.0,47.0,47.0,47.0,47.0,47.0,47.0,47.0,47.0,47.0,47.0,47.0,47.0,...
1763031911,177484212,laser,-3.1241390705108643,3.1415927410125732,0.0034828970674425364,5.4042902775108814e-05,0.0972231775522232,0.15000000596046448,16.0,0.1589999943971634,0.1589999943971634,0.1589999943971634,0.1589999943971634,0.1589999943971634,0.1589999943971634,0.1589999943971634,0.1589999943971634,0.1589999943971634,0.1589999943971634,0.1589999943971634,0.1589999943971634,0.1589999943971634,0.1589999943971634,0.1589999943971634,0.1589999943971634,0.1589999943971634,0.1589999943971634,0.1589999943971634,0.1589999943971634,0.1589999943971634,0.1589999943971634,0.1589999943971634,0.1589999943971634,0.1589999943971634,0.1589999943971634,0.1589999943971634,0.1589999943971634,0.1589999943971634,0.1589999943971634,0.1589999943971634,0.1589999943971634,0.1589999943971634,0.1589999943971634,0.1589999943971634,0.1589999943971634,0.1589999943971634,0.1589999943971634,0.1589999943971634,0.1589999943971634,0.1589999943971634,0.1589999943971634,0.1589999943971634,0.1589999943971634,0.1589999943971634,0.1589999943971634,0.1589999943971634,0.1589999943971634,0.1589999943971634,0.1589999943971634,0.1589999943971634,0.1589999943971634,0.1589999943971634,0.1589999943971634,0.1589999943971634,0.1589999943971634,0.1589999943971634,0.1589999943971634,0.1589999943971634,0.1589999943971634,0.1589999943971634,0.1589999943971634,0.1599999964237213,0.1599999964237213,0.1589999943971634,0.1589999943971634,0.1599999964237213,0.1599999964237213,0.1599999964237213,0.1599999964237213,0.1599999964237213,0.1599999964237213,0.1599999964237213,0.1599999964237213,0.1599999964237213,0.1599999964237213,0.1599999964237213,0.1599999964237213,0.1599999964237213,0.1599999964237213,0.1599999964237213,0.1599999964237213,0.1599999964237213,0.16099999845027924,0.16099999845027924,0.16099999845027924,0.16099999845027924,0.16099999845027924,0.16099999845027924,0.16099999845027924,0.16099999845027924,0.16099999845027924,0.16099999845027924,0.16099999845027924,0.16099999845027924,0.16099999845027924,0.16099999845027924,0.16200000047683716,0.16200000047683716,0.16200000047683716,0.16200000047683716,0.16200000047683716,0.16200000047683716,0.16200000047683716,0.16200000047683716,0.16200000047683716,0.16300000250339508,0.16300000250339508,0.16300000250339508,0.16300000250339508,0.16300000250339508,0.16300000250339508,0.16300000250339508,0.16300000250339508,0.16300000250339508,0.16300000250339508,0.16300000250339508,0.16300000250339508,0.164000004529953,0.164000004529953,0.164000004529953,0.164000004529953,0.164000004529953,0.164000004529953,0.164000004529953,0.164000004529953,0.16500000655651093,0.16500000655651093,...,47.0,47.0,47.0,47.0,47.0,47.0,0.0,0.0,0.0,0.0,0.0,0.0,0.0,0.0,0.0,0.0,0.0,0.0,0.0,0.0,0.0,0.0,0.0,0.0,0.0,0.0,0.0,0.0,0.0,0.0,0.0,0.0,0.0,0.0,0.0,0.0,0.0,0.0,0.0,0.0,0.0,0.0,0.0,0.0,0.0,0.0,0.0,0.0,0.0,0.0,0.0,0.0,0.0,47.0,47.0,47.0,47.0,47.0,47.0,47.0,47.0,47.0,47.0,47.0,47.0,47.0,47.0,47.0,47.0,47.0,47.0,47.0,47.0,47.0,47.0,47.0,47.0,47.0,47.0,47.0,47.0,47.0,47.0,47.0,47.0,47.0,47.0,47.0,47.0,47.0,47.0,47.0,47.0,47.0,47.0,47.0,47.0,47.0,47.0,47.0,47.0,47.0,47.0,47.0,47.0,47.0,47.0,47.0,47.0,47.0,47.0,47.0,47.0,47.0,47.0,47.0,47.0,47.0,47.0,47.0,47.0,47.0,47.0,47.0,47.0,47.0,47.0,0.0,...
1763031911,277079922,laser,-3.1241390705108643,3.1415927410125732,0.0034828970674425364,5.326359314494766e-05,0.09582120180130005,0.15000000596046448,16.0,0.16300000250339508,0.16300000250339508,0.16300000250339508,0.16300000250339508,0.16300000250339508,0.16300000250339508,0.16300000250339508,0.16300000250339508,0.16300000250339508,0.16300000250339508,0.16300000250339508,0.16300000250339508,0.16300000250339508,0.16300000250339508,0.16300000250339508,0.16300000250339508,0.16300000250339508,0.16300000250339508,0.16300000250339508,0.16300000250339508,0.16300000250339508,0.16300000250339508,0.16300000250339508,0.16300000250339508,0.16300000250339508,0.16300000250339508,0.16300000250339508,0.16300000250339508,0.16300000250339508,0.16300000250339508,0.16300000250339508,0.16300000250339508,0.16300000250339508,0.16300000250339508,0.16300000250339508,0.16300000250339508,0.16300000250339508,0.16300000250339508,0.16300000250339508,0.16300000250339508,0.16300000250339508,0.16300000250339508,0.164000004529953,0.164000004529953,0.164000004529953,0.164000004529953,0.164000004529953,0.164000004529953,0.164000004529953,0.164000004529953,0.164000004529953,0.164000004529953,0.164000004529953,0.16300000250339508,0.16300000250339508,0.164000004529953,0.164000004529953,0.164000004529953,0.164000004529953,0.164000004529953,0.164000004529953,0.164000004529953,0.164000004529953,0.164000004529953,0.164000004529953,0.164000004529953,0.164000004529953,0.164000004529953,0.164000004529953,0.164000004529953,0.164000004529953,0.164000004529953,0.164000004529953,0.16500000655651093,0.16500000655651093,0.16500000655651093,0.16500000655651093,0.16500000655651093,0.16500000655651093,0.16500000655651093,0.16500000655651093,0.16500000655651093,0.16500000655651093,0.16500000655651093,0.16500000655651093,0.16500000655651093,0.16500000655651093,0.16500000655651093,0.16500000655651093,0.16500000655651093,0.16599999368190765,0.16599999368190765,0.16599999368190765,0.16599999368190765,0.16599999368190765,0.16599999368190765,0.16599999368190765,0.16599999368190765,0.16599999368190765,0.16599999368190765,0.16599999368190765,0.16699999570846558,0.16699999570846558,0.16699999570846558,0.16699999570846558,0.16699999570846558,0.16699999570846558,0.16699999570846558,0.16699999570846558,0.16699999570846558,0.16699999570846558,0.16699999570846558,0.1679999977350235,0.1679999977350235,0.1679999977350235,0.1679999977350235,0.1679999977350235,0.1679999977350235,0.1679999977350235,0.1679999977350235,0.1679999977350235,0.1679999977350235,0.1679999977350235,0.16899999976158142,0.16899999976158142,0.16899999976158142,0.16899999976158142,0.17000000178813934,...,47.0,47.0,47.0,47.0,47.0,47.0,47.0,47.0,47.0,47.0,47.0,47.0,47.0,47.0,47.0,47.0,47.0,47.0,47.0,47.0,47.0,47.0,47.0,47.0,47.0,47.0,47.0,47.0,47.0,47.0,47.0,47.0,47.0,47.0,47.0,47.0,47.0,47.0,47.0,47.0,47.0,47.0,47.0,47.0,47.0,47.0,47.0,47.0,47.0,47.0,47.0,47.0,47.0,47.0,47.0,47.0,47.0,47.0,47.0,47.0,47.0,47.0,47.0,47.0,47.0,47.0,47.0,47.0,47.0,47.0,47.0,47.0,47.0,47.0,47.0,47.0,47.0,47.0,47.0,47.0,47.0,47.0,47.0,47.0,47.0,47.0,47.0,47.0,47.0,47.0,47.0,47.0,47.0,47.0,47.0,47.0,47.0,47.0,47.0,47.0,47.0,47.0,47.0,47.0,47.0,47.0,47.0,47.0,47.0,47.0,47.0,47.0,47.0,47.0,47.0,47.0,47.0,47.0,47.0,47.0,47.0,47.0,47.0,0.0,0.0,0.0,0.0,0.0,...
1763031911,374558323,laser,-3.1241390705108643,3.1415927410125732,0.0034828970674425364,5.7132150686811656e-05,0.10278074443340302,0.15000000596046448,16.0,0.16699999570846558,0.16699999570846558,0.16699999570846558,0.16699999570846558,0.16699999570846558,0.16699999570846558,0.16699999570846558,0.16699999570846558,0.16699999570846558,0.16699999570846558,0.16699999570846558,0.16699999570846558,0.16699999570846558,0.16699999570846558,0.16699999570846558,0.16699999570846558,0.16699999570846558,0.16699999570846558,0.16699999570846558,0.16699999570846558,0.16699999570846558,0.16699999570846558,0.16699999570846558,0.16699999570846558,0.16699999570846558,0.16699999570846558,0.16699999570846558,0.16699999570846558,0.16699999570846558,0.16699999570846558,0.16699999570846558,0.16699999570846558,0.16699999570846558,0.16699999570846558,0.16699999570846558,0.16699999570846558,0.16699999570846558,0.16699999570846558,0.16699999570846558,0.16699999570846558,0.16699999570846558,0.16699999570846558,0.16699999570846558,0.16699999570846558,0.16699999570846558,0.16699999570846558,0.16699999570846558,0.16699999570846558,0.16699999570846558,0.16699999570846558,0.16699999570846558,0.1679999977350235,0.1679999977350235,0.16699999570846558,0.16699999570846558,0.1679999977350235,0.1679999977350235,0.1679999977350235,0.1679999977350235,0.1679999977350235,0.16699999570846558,0.1679999977350235,0.1679999977350235,0.1679999977350235,0.1679999977350235,0.1679999977350235,0.1679999977350235,0.1679999977350235,0.1679999977350235,0.1679999977350235,0.1679999977350235,0.16899999976158142,0.16899999976158142,0.16899999976158142,0.16899999976158142,0.16899999976158142,0.16899999976158142,0.16899999976158142,0.16899999976158142,0.16899999976158142,0.16899999976158142,0.16899999976158142,0.16899999976158142,0.16899999976158142,0.16899999976158142,0.16899999976158142,0.17000000178813934,0.17000000178813934,0.17000000178813934,0.17000000178813934,0.17000000178813934,0.17000000178813934,0.17000000178813934,0.17000000178813934,0.17100000381469727,0.17100000381469727,0.17100000381469727,0.17000000178813934,0.17100000381469727,0.17100000381469727,0.17100000381469727,0.17100000381469727,0.17100000381469727,0.17100000381469727,0.17100000381469727,0.17100000381469727,0.1720000058412552,0.1720000058412552,0.1720000058412552,0.1720000058412552,0.1720000058412552,0.1720000058412552,0.1720000058412552,0.1720000058412552,0.1720000058412552,0.1720000058412552,0.1720000058412552,0.1720000058412552,0.1720000058412552,0.17299999296665192,0.17299999296665192,0.17299999296665192,0.17299999296665192,0.17299999296665192,0.17299999296665192,0.17299999296665192,0.17399999499320984,0.17399999499320984,...,0.0,47.0,47.0,47.0,47.0,47.0,47.0,47.0,47.0,47.0,47.0,47.0,47.0,47.0,47.0,47.0,47.0,47.0,47.0,47.0,47.0,47.0,47.0,47.0,47.0,47.0,47.0,47.0,47.0,47.0,47.0,47.0,47.0,47.0,47.0,47.0,47.0,47.0,47.0,47.0,47.0,47.0,47.0,47.0,47.0,47.0,47.0,47.0,47.0,47.0,47.0,47.0,47.0,47.0,47.0,47.0,47.0,47.0,47.0,47.0,47.0,47.0,47.0,47.0,47.0,47.0,47.0,47.0,47.0,47.0,47.0,47.0,47.0,47.0,47.0,47.0,47.0,47.0,47.0,47.0,47.0,47.0,47.0,47.0,47.0,47.0,47.0,47.0,47.0,47.0,47.0,47.0,47.0,47.0,47.0,47.0,47.0,47.0,47.0,47.0,47.0,47.0,47.0,47.0,47.0,47.0,47.0,47.0,47.0,47.0,47.0,47.0,47.0,47.0,47.0,47.0,47.0,0.0,0.0,0.0,0.0,0.0,0.0,0.0,0.0,0.0,0.0,0.0,...
1763031911,478484424,laser,-3.1241390705108643,3.1415927410125732,0.0034828970674425364,5.397069617174566e-05,0.09709327667951584,0.15000000596046448,16.0,0.1720000058412552,0.1720000058412552,0.1720000058412552,0.1720000058412552,0.1720000058412552,0.1720000058412552,0.1720000058412552,0.1720000058412552,0.1720000058412552,0.17100000381469727,0.17100000381469727,0.1720000058412552,0.1720000058412552,0.1720000058412552,0.1720000058412552,0.1720000058412552,0.1720000058412552,0.17100000381469727,0.17100000381469727,0.17100000381469727,0.17100000381469727,0.17100000381469727,0.17100000381469727,0.17100000381469727,0.1720000058412552,0.1720000058412552,0.1720000058412552,0.1720000058412552,0.1720000058412552,0.1720000058412552,0.1720000058412552,0.1720000058412552,0.1720000058412552,0.1720000058412552,0.1720000058412552,0.1720000058412552,0.1720000058412552,0.1720000058412552,0.1720000058412552,0.1720000058412552,0.1720000058412552,0.1720000058412552,0.1720000058412552,0.1720000058412552,0.1720000058412552,0.1720000058412552,0.1720000058412552,0.1720000058412552,0.1720000058412552,0.1720000058412552,0.1720000058412552,0.1720000058412552,0.1720000058412552,0.1720000058412552,0.1720000058412552,0.1720000058412552,0.1720000058412552,0.1720000058412552,0.1720000058412552,0.1720000058412552,0.1720000058412552,0.1720000058412552,0.1720000058412552,0.1720000058412552,0.17299999296665192,0.17299999296665192,0.17299999296665192,0.1720000058412552,0.1720000058412552,0.17299999296665192,0.17299999296665192,0.17299999296665192,0.17299999296665192,0.17299999296665192,0.17299999296665192,0.17299999296665192,0.17299999296665192,0.17299999296665192,0.17299999296665192,0.17299999296665192,0.17299999296665192,0.17299999296665192,0.17299999296665192,0.17399999499320984,0.17399999499320984,0.17399999499320984,0.17399999499320984,0.17399999499320984,0.17399999499320984,0.17399999499320984,0.17399999499320984,0.17399999499320984,0.17399999499320984,0.17399999499320984,0.17399999499320984,0.17399999499320984,0.17499999701976776,0.17499999701976776,0.17499999701976776,0.17499999701976776,0.17499999701976776,0.17499999701976776,0.17599999904632568,0.17599999904632568,0.17599999904632568,0.17599999904632568,0.17599999904632568,0.1770000010728836,0.1770000010728836,0.1770000010728836,0.1770000010728836,0.1770000010728836,0.1770000010728836,0.17800000309944153,0.17800000309944153,0.17800000309944153,0.17800000309944153,0.17800000309944153,0.17800000309944153,0.17800000309944153,0.17900000512599945,0.17900000512599945,0.17900000512599945,0.18000000715255737,0.18000000715255737,0.18000000715255737,0.18000000715255737,0.1809999942779541,...,47.0,47.0,47.0,47.0,47.0,47.0,47.0,47.0,47.0,47.0,47.0,47.0,47.0,47.0,47.0,47.0,47.0,47.0,47.0,47.0,47.0,47.0,47.0,47.0,47.0,47.0,47.0,47.0,47.0,47.0,47.0,47.0,47.0,47.0,47.0,47.0,47.0,47.0,47.0,47.0,47.0,47.0,47.0,47.0,47.0,47.0,47.0,47.0,47.0,47.0,47.0,47.0,47.0,47.0,47.0,47.0,47.0,47.0,47.0,47.0,47.0,47.0,47.0,47.0,47.0,47.0,47.0,47.0,47.0,47.0,47.0,47.0,47.0,47.0,47.0,47.0,47.0,47.0,47.0,47.0,47.0,47.0,47.0,47.0,47.0,47.0,47.0,47.0,47.0,47.0,47.0,47.0,47.0,47.0,47.0,47.0,47.0,47.0,47.0,47.0,47.0,47.0,47.0,47.0,47.0,47.0,47.0,47.0,47.0,47.0,47.0,47.0,47.0,0.0,0.0,0.0,0.0,0.0,0.0,0.0,0.0,0.0,0.0,0.0,0.0,0.0,0.0,0.0,...
1763031911,576703114,laser,-3.1241390705108643,3.1415927410125732,0.0034828970674425364,5.39636894245632e-05,0.09708067774772644,0.15000000596046448,16.0,0.1720000058412552,0.17499999701976776,0.17499999701976776,0.17499999701976776,0.17499999701976776,0.17499999701976776,0.17599999904632568,0.17499999701976776,0.17499999701976776,0.17599999904632568,0.17599999904632568,0.17599999904632568,0.17499999701976776,0.17499999701976776,0.17499999701976776,0.17499999701976776,0.17499999701976776,0.17399999499320984,0.17499999701976776,0.17499999701976776,0.17499999701976776,0.17499999701976776,0.17399999499320984,0.17499999701976776,0.17499999701976776,0.17499999701976776,0.17499999701976776,0.17499999701976776,0.17599999904632568,0.17599999904632568,inf,inf,0.17499999701976776,0.17499999701976776,0.17499999701976776,0.17499999701976776,0.17499999701976776,0.17599999904632568,0.1770000010728836,0.1770000010728836,0.1770000010728836,0.1770000010728836,0.1770000010728836,0.1770000010728836,0.1770000010728836,0.1770000010728836,0.1770000010728836,0.1770000010728836,0.1770000010728836,0.1770000010728836,0.1770000010728836,0.1770000010728836,0.1770000010728836,0.1770000010728836,0.1770000010728836,0.1770000010728836,0.17800000309944153,0.17800000309944153,0.17800000309944153,0.17800000309944153,0.1770000010728836,0.17800000309944153,0.17800000309944153,0.17800000309944153,0.17800000309944153,0.17800000309944153,0.17800000309944153,0.17800000309944153,0.17800000309944153,0.17800000309944153,0.17800000309944153,0.17800000309944153,0.17800000309944153,0.17800000309944153,0.17900000512599945,0.17900000512599945,0.17900000512599945,0.17900000512599945,0.17900000512599945,0.17900000512599945,0.18000000715255737,0.18000000715255737,0.18000000715255737,0.18000000715255737,0.18000000715255737,0.18000000715255737,0.18000000715255737,0.18000000715255737,0.18000000715255737,0.18000000715255737,0.1809999942779541,0.1809999942779541,0.1809999942779541,0.1809999942779541,0.18199999630451202,0.18199999630451202,0.18199999630451202,0.18199999630451202,0.18199999630451202,0.18199999630451202,0.18299999833106995,0.18299999833106995,0.18299999833106995,0.18299999833106995,0.18299999833106995,0.18400000035762787,0.18400000035762787,0.18400000035762787,0.18400000035762787,0.1850000023841858,0.1850000023841858,0.1850000023841858,0.1850000023841858,0.1850000023841858,0.1860000044107437,0.1860000044107437,0.1860000044107437,0.1860000044107437,0.1860000044107437,0.18700000643730164,0.18700000643730164,0.18700000643730164,0.18700000643730164,0.18700000643730164,0.18799999356269836,0.18799999356269836,0.1889999955892563,0.1889999955892563,...,47.0,47.0,47.0,47.0,47.0,47.0,47.0,47.0,47.0,47.0,47.0,47.0,47.0,47.0,47.0,47.0,47.0,47.0,47.0,47.0,47.0,47.0,47.0,47.0,47.0,47.0,47.0,47.0,47.0,47.0,47.0,47.0,47.0,47.0,47.0,47.0,47.0,47.0,47.0,47.0,47.0,47.0,47.0,47.0,47.0,47.0,47.0,47.0,47.0,47.0,47.0,47.0,47.0,47.0,47.0,47.0,47.0,47.0,47.0,47.0,47.0,47.0,47.0,47.0,47.0,47.0,47.0,47.0,47.0,47.0,47.0,47.0,47.0,47.0,47.0,47.0,47.0,47.0,47.0,47.0,47.0,47.0,47.0,47.0,47.0,47.0,47.0,47.0,47.0,47.0,47.0,47.0,47.0,47.0,47.0,47.0,47.0,47.0,47.0,47.0,47.0,47.0,47.0,47.0,47.0,47.0,47.0,47.0,0.0,0.0,0.0,0.0,0.0,0.0,0.0,0.0,0.0,0.0,0.0,0.0,0.0,0.0,0.0,0.0,0.0,0.0,0.0,0.0,...
1763031911,674797942,laser,-3.1241390705108643,3.1415927410125732,0.0034828970674425364,5.405889169196598e-05,0.09725194424390793,0.15000000596046448,16.0,0.17599999904632568,0.17599999904632568,0.18299999833106995,0.18299999833106995,0.18299999833106995,0.18299999833106995,0.18299999833106995,0.18299999833106995,0.18299999833106995,0.18199999630451202,0.18199999630451202,0.18199999630451202,0.18199999630451202,0.18199999630451202,0.18199999630451202,0.18199999630451202,0.18199999630451202,0.18199999630451202,0.18199999630451202,0.18199999630451202,0.18199999630451202,0.18199999630451202,0.18199999630451202,0.18199999630451202,0.18299999833106995,0.18299999833106995,0.18299999833106995,0.18299999833106995,0.18299999833106995,0.18299999833106995,0.18299999833106995,0.18299999833106995,0.18299999833106995,0.18299999833106995,0.18299999833106995,0.18299999833106995,0.18299999833106995,0.18400000035762787,0.18400000035762787,0.18400000035762787,0.18400000035762787,0.18299999833106995,0.18400000035762787,0.18400000035762787,0.18400000035762787,0.18400000035762787,0.18400000035762787,0.18400000035762787,0.18400000035762787,0.18400000035762787,0.18400000035762787,0.18400000035762787,0.18400000035762787,0.18400000035762787,0.1850000023841858,0.1850000023841858,0.1850000023841858,0.1850000023841858,0.1850000023841858,0.1850000023841858,0.1850000023841858,0.1850000023841858,0.1850000023841858,0.1850000023841858,0.1860000044107437,0.1850000023841858,0.1860000044107437,0.1860000044107437,0.1860000044107437,0.1860000044107437,0.1860000044107437,0.1860000044107437,0.1860000044107437,0.18700000643730164,0.18700000643730164,0.18700000643730164,0.18700000643730164,0.18700000643730164,0.18700000643730164,0.18700000643730164,0.18700000643730164,0.18700000643730164,0.18799999356269836,0.18799999356269836,0.18799999356269836,0.18799999356269836,0.18799999356269836,0.1889999955892563,0.1889999955892563,0.1889999955892563,0.1889999955892563,0.1889999955892563,0.1889999955892563,0.1889999955892563,0.1899999976158142,0.1899999976158142,0.1899999976158142,0.1899999976158142,0.1899999976158142,0.19099999964237213,0.19099999964237213,0.19099999964237213,0.19099999964237213,0.19099999964237213,0.19200000166893005,0.19200000166893005,0.19200000166893005,0.19300000369548798,0.19300000369548798,0.19300000369548798,0.19300000369548798,0.1940000057220459,0.1940000057220459,0.1940000057220459,0.1940000057220459,0.1940000057220459,0.1940000057220459,0.19499999284744263,0.19499999284744263,0.19499999284744263,0.19499999284744263,0.19599999487400055,0.19599999487400055,0.19699999690055847,0.19699999690055847,0.19699999690055847,0.19699999690055847,0.19699999690055847,...,47.0,47.0,47.0,47.0,47.0,47.0,47.0,47.0,47.0,47.0,47.0,47.0,47.0,47.0,47.0,47.0,47.0,47.0,47.0,47.0,47.0,47.0,47.0,47.0,47.0,47.0,47.0,47.0,47.0,47.0,47.0,47.0,47.0,47.0,47.0,47.0,47.0,47.0,47.0,47.0,47.0,47.0,47.0,47.0,47.0,47.0,47.0,47.0,47.0,47.0,47.0,47.0,47.0,47.0,47.0,47.0,47.0,47.0,47.0,47.0,47.0,47.0,47.0,47.0,47.0,47.0,47.0,47.0,47.0,47.0,47.0,47.0,47.0,47.0,47.0,47.0,47.0,47.0,47.0,47.0,47.0,47.0,47.0,47.0,47.0,47.0,47.0,47.0,47.0,47.0,47.0,47.0,47.0,47.0,47.0,47.0,47.0,47.0,47.0,47.0,47.0,47.0,47.0,47.0,47.0,47.0,47.0,47.0,47.0,47.0,47.0,47.0,47.0,47.0,47.0,47.0,47.0,47.0,47.0,47.0,47.0,47.0,47.0,47.0,47.0,47.0,47.0,47.0,...
1763031911,774235317,laser,-3.1241390705108643,3.1415927410125732,0.0034828970674425364,5.341988799045794e-05,0.09610237926244736,0.15000000596046448,16.0,0.18299999833106995,0.18299999833106995,0.18299999833106995,0.18299999833106995,0.19099999964237213,0.19099999964237213,0.19099999964237213,0.19099999964237213,0.19099999964237213,0.19099999964237213,0.19099999964237213,0.1899999976158142,0.1899999976158142,0.1899999976158142,0.1899999976158142,0.1899999976158142,0.1899999976158142,0.1899999976158142,0.1899999976158142,0.1899999976158142,0.1899999976158142,0.1899999976158142,0.1899999976158142,0.1899999976158142,0.1899999976158142,0.1899999976158142,0.1899999976158142,0.1899999976158142,0.1899999976158142,0.1899999976158142,0.1899999976158142,0.19099999964237213,0.19099999964237213,0.19099999964237213,0.19099999964237213,0.19099999964237213,0.19099999964237213,0.19099999964237213,0.19099999964237213,0.19099999964237213,0.19099999964237213,0.19099999964237213,0.19099999964237213,0.19099999964237213,0.19099999964237213,0.19099999964237213,0.19099999964237213,0.19099999964237213,0.19099999964237213,0.19099999964237213,0.19200000166893005,0.19200000166893005,0.19200000166893005,0.19200000166893005,0.19200000166893005,0.19200000166893005,0.19200000166893005,0.19200000166893005,0.19300000369548798,0.19300000369548798,0.19300000369548798,0.19300000369548798,0.19300000369548798,0.19300000369548798,0.19300000369548798,0.19300000369548798,0.19300000369548798,0.19300000369548798,0.19300000369548798,0.1940000057220459,0.1940000057220459,0.1940000057220459,0.1940000057220459,0.1940000057220459,0.1940000057220459,0.1940000057220459,0.1940000057220459,0.19499999284744263,0.19499999284744263,0.19499999284744263,0.19499999284744263,0.19499999284744263,0.19599999487400055,0.19599999487400055,0.19599999487400055,0.19599999487400055,0.19599999487400055,0.19599999487400055,0.19699999690055847,0.19699999690055847,0.19699999690055847,0.19699999690055847,0.19699999690055847,0.19699999690055847,0.1979999989271164,0.1979999989271164,0.1979999989271164,0.1979999989271164,0.1979999989271164,0.19900000095367432,0.19900000095367432,0.19900000095367432,0.19900000095367432,0.20000000298023224,0.20000000298023224,0.20000000298023224,0.20000000298023224,0.20000000298023224,0.20100000500679016,0.20100000500679016,0.20100000500679016,0.20200000703334808,0.20200000703334808,0.20200000703334808,0.20200000703334808,0.20200000703334808,0.2029999941587448,0.2029999941587448,0.2029999941587448,0.20399999618530273,0.20399999618530273,0.20399999618530273,0.20499999821186066,0.20499999821186066,0.20499999821186066,0.20499999821186066,0.20600000023841858,0.20600000023841858,...,47.0,47.0,47.0,47.0,47.0,47.0,47.0,47.0,47.0,47.0,47.0,47.0,47.0,47.0,47.0,47.0,47.0,47.0,47.0,47.0,47.0,47.0,47.0,47.0,47.0,47.0,47.0,47.0,47.0,47.0,47.0,47.0,47.0,47.0,47.0,47.0,47.0,47.0,47.0,47.0,47.0,47.0,47.0,47.0,47.0,47.0,47.0,47.0,47.0,47.0,47.0,47.0,47.0,47.0,47.0,47.0,47.0,47.0,47.0,47.0,47.0,47.0,47.0,47.0,47.0,47.0,47.0,47.0,47.0,47.0,47.0,47.0,47.0,47.0,47.0,47.0,47.0,47.0,47.0,47.0,47.0,47.0,47.0,47.0,47.0,47.0,47.0,47.0,47.0,47.0,47.0,47.0,47.0,47.0,47.0,47.0,47.0,47.0,47.0,47.0,0.0,0.0,0.0,0.0,0.0,0.0,0.0,0.0,0.0,0.0,0.0,0.0,0.0,0.0,0.0,0.0,0.0,0.0,0.0,0.0,0.0,0.0,0.0,0.0,0.0,0.0,0.0,0.0,...
1763031911,872379611,laser,-3.1241390705108643,3.1415927410125732,0.0034828970674425364,5.3488551202462986e-05,0.09622590243816376,0.15000000596046448,16.0,0.19099999964237213,0.19099999964237213,0.1899999976158142,0.19099999964237213,0.19099999964237213,0.19900000095367432,0.19900000095367432,0.19900000095367432,0.19900000095367432,0.19900000095367432,0.19900000095367432,0.19900000095367432,0.19900000095367432,0.19900000095367432,0.19900000095367432,0.19900000095367432,0.19900000095367432,0.19900000095367432,0.19900000095367432,0.19900000095367432,0.19900000095367432,0.19900000095367432,0.19900000095367432,0.19900000095367432,0.19900000095367432,0.19900000095367432,0.19900000095367432,0.19900000095367432,0.19900000095367432,0.19900000095367432,0.19900000095367432,0.19900000095367432,0.19900000095367432,0.19900000095367432,0.19900000095367432,0.19900000095367432,0.19900000095367432,0.19900000095367432,0.19900000095367432,0.20000000298023224,0.20000000298023224,0.20000000298023224,0.20000000298023224,0.20000000298023224,0.20000000298023224,0.20000000298023224,0.20000000298023224,0.20000000298023224,0.20000000298023224,0.20000000298023224,0.20000000298023224,0.20000000298023224,0.20100000500679016,0.20100000500679016,0.20100000500679016,0.20100000500679016,0.20100000500679016,0.20100000500679016,0.20100000500679016,0.20100000500679016,0.20100000500679016,0.20100000500679016,0.20200000703334808,0.20200000703334808,0.20200000703334808,0.20200000703334808,0.20200000703334808,0.20200000703334808,0.20200000703334808,0.20200000703334808,0.20200000703334808,0.20200000703334808,0.2029999941587448,0.2029999941587448,0.2029999941587448,0.2029999941587448,0.2029999941587448,0.20399999618530273,0.20399999618530273,0.20399999618530273,0.20399999618530273,0.20399999618530273,0.20399999618530273,0.20499999821186066,0.20499999821186066,0.20499999821186066,0.20499999821186066,0.20499999821186066,0.20499999821186066,0.20499999821186066,0.20600000023841858,0.20600000023841858,0.20600000023841858,0.20600000023841858,0.2070000022649765,0.2070000022649765,0.2070000022649765,0.2070000022649765,0.2070000022649765,0.20800000429153442,0.20800000429153442,0.20800000429153442,0.20800000429153442,0.20900000631809235,0.20900000631809235,0.20900000631809235,0.20900000631809235,0.20999999344348907,0.20999999344348907,0.20999999344348907,0.20999999344348907,0.210999995470047,0.210999995470047,0.210999995470047,0.21199999749660492,0.21199999749660492,0.21199999749660492,0.21199999749660492,0.21199999749660492,0.21299999952316284,0.21299999952316284,0.21400000154972076,0.21400000154972076,0.21400000154972076,0.2150000035762787,0.2150000035762787,0.2150000035762787,0.2160000056028366,...,47.0,47.0,47.0,47.0,47.0,47.0,47.0,47.0,47.0,47.0,47.0,47.0,47.0,47.0,47.0,47.0,47.0,47.0,47.0,47.0,47.0,47.0,47.0,47.0,47.0,47.0,47.0,47.0,47.0,47.0,47.0,47.0,47.0,47.0,47.0,47.0,47.0,47.0,47.0,47.0,47.0,47.0,47.0,47.0,47.0,47.0,47.0,47.0,47.0,47.0,47.0,47.0,47.0,47.0,47.0,47.0,47.0,47.0,47.0,47.0,47.0,47.0,47.0,47.0,47.0,47.0,47.0,47.0,47.0,47.0,47.0,47.0,47.0,47.0,47.0,47.0,47.0,47.0,47.0,47.0,47.0,47.0,47.0,47.0,47.0,47.0,47.0,47.0,47.0,47.0,47.0,47.0,47.0,47.0,47.0,47.0,47.0,47.0,47.0,47.0,47.0,47.0,47.0,47.0,47.0,47.0,47.0,47.0,47.0,47.0,47.0,47.0,47.0,47.0,47.0,47.0,47.0,47.0,47.0,47.0,47.0,47.0,47.0,47.0,47.0,47.0,47.0,47.0,...
1763031911,970765614,laser,-3.1241390705108643,3.1415927410125732,0.0034828970674425364,5.341021460480988e-05,0.09608497470617294,0.15000000596046448,16.0,0.19900000095367432,0.19900000095367432,0.19900000095367432,0.19900000095367432,0.19900000095367432,0.19900000095367432,0.19900000095367432,0.2070000022649765,0.2070000022649765,0.2070000022649765,0.2070000022649765,0.2070000022649765,0.2070000022649765,0.2070000022649765,0.2070000022649765,0.2070000022649765,0.2070000022649765,0.2070000022649765,0.2070000022649765,0.2070000022649765,0.2070000022649765,0.2070000022649765,0.2070000022649765,0.2070000022649765,0.2070000022649765,0.2070000022649765,0.2070000022649765,0.2070000022649765,0.2070000022649765,0.2070000022649765,0.2070000022649765,0.2070000022649765,0.2070000022649765,0.2070000022649765,0.2070000022649765,0.2070000022649765,0.2070000022649765,0.2070000022649765,0.2070000022649765,0.20800000429153442,0.20800000429153442,0.20800000429153442,0.20800000429153442,0.20800000429153442,0.20800000429153442,0.20800000429153442,0.20800000429153442,0.20800000429153442,0.20800000429153442,0.20800000429153442,0.20800000429153442,0.20800000429153442,0.20800000429153442,0.20800000429153442,0.20800000429153442,0.20900000631809235,0.20900000631809235,0.20900000631809235,0.20900000631809235,0.20900000631809235,0.20900000631809235,0.20900000631809235,0.20900000631809235,0.20999999344348907,0.20999999344348907,0.20999999344348907,0.20999999344348907,0.20999999344348907,0.20999999344348907,0.20999999344348907,0.210999995470047,0.210999995470047,0.210999995470047,0.210999995470047,0.210999995470047,0.210999995470047,0.21199999749660492,0.21199999749660492,0.21199999749660492,0.21199999749660492,0.21199999749660492,0.21299999952316284,0.21299999952316284,0.21299999952316284,0.21299999952316284,0.21299999952316284,0.21299999952316284,0.21400000154972076,0.21400000154972076,0.21400000154972076,0.21400000154972076,0.21400000154972076,0.2150000035762787,0.2150000035762787,0.2150000035762787,0.2150000035762787,0.2160000056028366,0.2160000056028366,0.2160000056028366,0.2160000056028366,0.2160000056028366,0.21699999272823334,0.21699999272823334,0.21699999272823334,0.21699999272823334,0.21799999475479126,0.21799999475479126,0.21799999475479126,0.21799999475479126,0.21899999678134918,0.21899999678134918,0.21899999678134918,0.21899999678134918,0.2199999988079071,0.2199999988079071,0.2199999988079071,0.2199999988079071,0.22100000083446503,0.22100000083446503,0.22200000286102295,0.22200000286102295,0.22200000286102295,0.22200000286102295,0.22300000488758087,0.22300000488758087,0.22300000488758087,0.22300000488758087,0.2240000069141388,...,47.0,47.0,47.0,47.0,47.0,47.0,47.0,47.0,47.0,47.0,47.0,47.0,47.0,47.0,47.0,47.0,47.0,47.0,47.0,47.0,47.0,47.0,47.0,47.0,47.0,47.0,47.0,47.0,47.0,47.0,47.0,47.0,47.0,47.0,47.0,47.0,47.0,47.0,47.0,47.0,47.0,47.0,47.0,47.0,47.0,47.0,47.0,47.0,47.0,47.0,47.0,47.0,47.0,47.0,47.0,47.0,47.0,47.0,47.0,47.0,47.0,47.0,47.0,47.0,47.0,47.0,47.0,47.0,47.0,47.0,47.0,47.0,47.0,47.0,47.0,47.0,47.0,47.0,47.0,47.0,47.0,47.0,47.0,47.0,47.0,47.0,47.0,47.0,47.0,47.0,47.0,47.0,47.0,47.0,47.0,47.0,47.0,47.0,47.0,47.0,47.0,47.0,47.0,47.0,47.0,47.0,47.0,47.0,47.0,47.0,47.0,47.0,47.0,47.0,47.0,47.0,47.0,47.0,47.0,47.0,47.0,47.0,47.0,47.0,47.0,47.0,47.0,47.0,...
1763031912,68919490,laser,-3.1241390705108643,3.1415927410125732,0.0034828970674425364,5.345022145775147e-05,0.09615694731473923,0.15000000596046448,16.0,0.2070000022649765,0.2070000022649765,0.2070000022649765,0.2070000022649765,0.2070000022649765,0.2070000022649765,0.2070000022649765,0.2070000022649765,0.2070000022649765,0.2150000035762787,0.2150000035762787,0.2150000035762787,0.2150000035762787,0.2150000035762787,0.2150000035762787,0.2150000035762787,0.2150000035762787,0.2150000035762787,0.2150000035762787,0.2150000035762787,0.2150000035762787,0.2150000035762787,0.2150000035762787,0.2150000035762787,0.2150000035762787,0.2150000035762787,0.2150000035762787,0.2150000035762787,0.2150000035762787,0.2150000035762787,0.2150000035762787,0.2150000035762787,0.2160000056028366,0.2160000056028366,0.2160000056028366,0.2160000056028366,0.2160000056028366,0.2160000056028366,0.2160000056028366,0.2160000056028366,0.2160000056028366,0.2160000056028366,0.2160000056028366,0.2160000056028366,0.2160000056028366,0.2160000056028366,0.2160000056028366,0.2160000056028366,0.21699999272823334,0.21699999272823334,0.21699999272823334,0.21699999272823334,0.21699999272823334,0.21699999272823334,0.21699999272823334,0.21699999272823334,0.21699999272823334,0.21699999272823334,0.21699999272823334,0.21699999272823334,0.21799999475479126,0.21799999475479126,0.21799999475479126,0.21799999475479126,0.21799999475479126,0.21799999475479126,0.21799999475479126,0.21799999475479126,0.21899999678134918,0.21899999678134918,0.21899999678134918,0.21899999678134918,0.21899999678134918,0.21899999678134918,0.2199999988079071,0.2199999988079071,0.2199999988079071,0.2199999988079071,0.2199999988079071,0.2199999988079071,0.2199999988079071,0.2199999988079071,0.22100000083446503,0.22100000083446503,0.22100000083446503,0.22100000083446503,0.22200000286102295,0.22200000286102295,0.22200000286102295,0.22200000286102295,0.22200000286102295,0.22300000488758087,0.22300000488758087,0.22300000488758087,0.22300000488758087,0.22300000488758087,0.2240000069141388,0.2240000069141388,0.2240000069141388,0.2240000069141388,0.22499999403953552,0.22499999403953552,0.22499999403953552,0.22499999403953552,0.22599999606609344,0.22599999606609344,0.22599999606609344,0.22599999606609344,0.22599999606609344,0.22699999809265137,0.22699999809265137,0.22699999809265137,0.22699999809265137,0.22699999809265137,0.22699999809265137,0.2280000001192093,0.2280000001192093,0.2290000021457672,0.2290000021457672,0.2290000021457672,0.2290000021457672,0.23000000417232513,0.23000000417232513,0.23100000619888306,0.23100000619888306,0.23100000619888306,0.23100000619888306,0.23199999332427979,...,47.0,47.0,47.0,47.0,47.0,47.0,47.0,47.0,47.0,47.0,47.0,47.0,47.0,47.0,47.0,47.0,47.0,47.0,47.0,47.0,47.0,47.0,47.0,47.0,47.0,47.0,47.0,47.0,47.0,47.0,47.0,47.0,47.0,47.0,47.0,47.0,47.0,47.0,47.0,47.0,47.0,47.0,47.0,47.0,47.0,47.0,47.0,47.0,47.0,47.0,47.0,47.0,47.0,47.0,47.0,47.0,47.0,47.0,47.0,47.0,47.0,47.0,47.0,47.0,47.0,47.0,47.0,47.0,47.0,47.0,47.0,47.0,47.0,47.0,47.0,47.0,47.0,47.0,47.0,47.0,47.0,47.0,47.0,47.0,47.0,47.0,47.0,47.0,47.0,47.0,47.0,47.0,47.0,47.0,47.0,47.0,47.0,47.0,47.0,47.0,47.0,47.0,47.0,47.0,47.0,47.0,47.0,47.0,47.0,47.0,47.0,47.0,47.0,47.0,47.0,47.0,47.0,47.0,47.0,47.0,47.0,47.0,47.0,47.0,47.0,47.0,47.0,47.0,...
1763031912,167010710,laser,-3.1241390705108643,3.1415927410125732,0.0034828970674425364,5.359954957384616e-05,0.09642559289932251,0.15000000596046448,16.0,0.2160000056028366,0.2160000056028366,0.2160000056028366,0.2160000056028366,0.2160000056028366,0.2160000056028366,0.2160000056028366,0.2150000035762787,0.2150000035762787,0.22300000488758087,0.22300000488758087,0.22300000488758087,0.22300000488758087,0.22200000286102295,0.22200000286102295,0.22200000286102295,0.22200000286102295,0.22200000286102295,0.22200000286102295,0.22200000286102295,0.22200000286102295,0.22200000286102295,0.22200000286102295,0.22200000286102295,0.22200000286102295,0.22300000488758087,0.22300000488758087,0.22300000488758087,0.22300000488758087,0.22200000286102295,0.22200000286102295,0.22200000286102295,0.22300000488758087,0.22300000488758087,0.22300000488758087,0.22300000488758087,0.22300000488758087,0.22300000488758087,0.22300000488758087,0.22300000488758087,0.22300000488758087,0.22300000488758087,0.22300000488758087,0.22300000488758087,0.22300000488758087,0.22300000488758087,0.22300000488758087,0.2240000069141388,0.2240000069141388,0.22300000488758087,0.22300000488758087,0.2240000069141388,0.2240000069141388,0.2240000069141388,0.2240000069141388,0.2240000069141388,0.2240000069141388,0.22499999403953552,0.22499999403953552,0.22499999403953552,0.22499999403953552,0.22499999403953552,0.22499999403953552,0.22499999403953552,0.22599999606609344,0.22599999606609344,0.22599999606609344,0.22599999606609344,0.22599999606609344,0.22599999606609344,0.22599999606609344,0.22599999606609344,0.22599999606609344,0.22599999606609344,0.22599999606609344,0.22699999809265137,0.22699999809265137,0.22699999809265137,0.22699999809265137,0.2280000001192093,0.2280000001192093,0.2280000001192093,0.2280000001192093,0.2280000001192093,0.2280000001192093,0.2280000001192093,0.2280000001192093,0.2280000001192093,0.2290000021457672,0.2290000021457672,0.2290000021457672,0.23000000417232513,0.23000000417232513,0.23000000417232513,0.23000000417232513,0.23000000417232513,0.23000000417232513,0.23000000417232513,0.23100000619888306,0.23100000619888306,0.23100000619888306,0.23199999332427979,0.23199999332427979,0.23199999332427979,0.23199999332427979,0.2329999953508377,0.2329999953508377,0.2329999953508377,0.23399999737739563,0.23399999737739563,0.23399999737739563,0.23399999737739563,0.23399999737739563,0.23499999940395355,0.23499999940395355,0.23499999940395355,0.23600000143051147,0.23600000143051147,0.23600000143051147,0.2370000034570694,0.2370000034570694,0.2370000034570694,0.2370000034570694,0.2370000034570694,0.23800000548362732,0.23800000548362732,0.23899999260902405,0.23899999260902405,...,47.0,47.0,47.0,47.0,47.0,47.0,47.0,47.0,47.0,47.0,47.0,47.0,47.0,47.0,47.0,47.0,47.0,47.0,47.0,47.0,47.0,47.0,47.0,47.0,47.0,47.0,47.0,47.0,47.0,47.0,47.0,47.0,47.0,47.0,47.0,47.0,47.0,47.0,47.0,47.0,47.0,47.0,47.0,47.0,47.0,47.0,47.0,47.0,47.0,47.0,47.0,47.0,47.0,47.0,47.0,47.0,47.0,47.0,47.0,47.0,47.0,47.0,47.0,47.0,47.0,47.0,47.0,47.0,47.0,47.0,47.0,47.0,47.0,47.0,47.0,47.0,47.0,47.0,47.0,47.0,47.0,47.0,47.0,47.0,47.0,47.0,47.0,47.0,47.0,47.0,47.0,47.0,47.0,47.0,47.0,47.0,47.0,47.0,47.0,47.0,47.0,47.0,47.0,47.0,47.0,47.0,47.0,47.0,47.0,47.0,47.0,47.0,47.0,47.0,47.0,47.0,47.0,47.0,47.0,47.0,47.0,47.0,47.0,47.0,47.0,47.0,47.0,47.0,...
1763031912,265371910,laser,-3.1241390705108643,3.1415927410125732,0.0034828970674425364,5.3501924412557855e-05,0.09624996781349182,0.15000000596046448,16.0,0.22300000488758087,0.22300000488758087,0.22300000488758087,0.22300000488758087,0.22300000488758087,0.22300000488758087,0.22300000488758087,0.22300000488758087,0.22300000488758087,0.22300000488758087,0.23100000619888306,0.23100000619888306,0.23100000619888306,0.23100000619888306,0.23100000619888306,0.23100000619888306,0.23000000417232513,0.23000000417232513,0.23100000619888306,0.23100000619888306,0.23100000619888306,0.23100000619888306,0.23100000619888306,0.23100000619888306,0.23100000619888306,0.23100000619888306,0.23100000619888306,0.23100000619888306,0.23100000619888306,0.23100000619888306,0.23100000619888306,0.23100000619888306,0.23100000619888306,0.23100000619888306,0.23100000619888306,0.23100000619888306,0.23100000619888306,0.23100000619888306,0.23100000619888306,0.23100000619888306,0.23100000619888306,0.23100000619888306,0.23100000619888306,0.23199999332427979,0.23199999332427979,0.23199999332427979,0.23199999332427979,0.23199999332427979,0.23199999332427979,0.23199999332427979,0.23199999332427979,0.23199999332427979,0.23199999332427979,0.23199999332427979,0.2329999953508377,0.2329999953508377,0.2329999953508377,0.2329999953508377,0.2329999953508377,0.2329999953508377,0.2329999953508377,0.2329999953508377,0.2329999953508377,0.2329999953508377,0.2329999953508377,0.23399999737739563,0.23399999737739563,0.23399999737739563,0.23399999737739563,0.23399999737739563,0.23399999737739563,0.23499999940395355,0.23499999940395355,0.23499999940395355,0.23499999940395355,0.23499999940395355,0.23499999940395355,0.23499999940395355,0.23600000143051147,0.23600000143051147,0.23600000143051147,0.23600000143051147,0.23600000143051147,0.23600000143051147,0.2370000034570694,0.2370000034570694,0.2370000034570694,0.23800000548362732,0.23800000548362732,0.23800000548362732,0.23800000548362732,0.23800000548362732,0.23899999260902405,0.23899999260902405,0.23899999260902405,0.23899999260902405,0.23899999260902405,0.23899999260902405,0.23999999463558197,0.23999999463558197,0.23999999463558197,0.23999999463558197,0.2409999966621399,0.2409999966621399,0.2409999966621399,0.24199999868869781,0.24199999868869781,0.24199999868869781,0.24199999868869781,0.24300000071525574,0.24300000071525574,0.24300000071525574,0.24300000071525574,0.24400000274181366,0.24400000274181366,0.24400000274181366,0.24500000476837158,0.24500000476837158,0.24500000476837158,0.24500000476837158,0.2460000067949295,0.2460000067949295,0.2460000067949295,0.2460000067949295,0.24699999392032623,0.24699999392032623,0.24799999594688416,0.24799999594688416,...,47.0,47.0,47.0,47.0,47.0,47.0,47.0,47.0,47.0,47.0,47.0,47.0,47.0,47.0,47.0,47.0,47.0,47.0,47.0,47.0,47.0,47.0,47.0,47.0,47.0,47.0,47.0,47.0,47.0,47.0,47.0,47.0,47.0,47.0,47.0,47.0,47.0,47.0,47.0,47.0,47.0,47.0,47.0,47.0,47.0,47.0,47.0,47.0,47.0,47.0,47.0,47.0,47.0,47.0,47.0,47.0,47.0,47.0,47.0,47.0,47.0,47.0,47.0,47.0,47.0,47.0,47.0,47.0,47.0,47.0,47.0,47.0,47.0,47.0,47.0,47.0,47.0,47.0,47.0,47.0,47.0,47.0,47.0,47.0,47.0,47.0,47.0,47.0,47.0,47.0,47.0,47.0,47.0,47.0,47.0,47.0,47.0,47.0,47.0,47.0,47.0,47.0,47.0,47.0,47.0,47.0,47.0,47.0,47.0,47.0,47.0,47.0,47.0,47.0,47.0,47.0,47.0,47.0,47.0,47.0,47.0,47.0,47.0,47.0,47.0,47.0,47.0,47.0,...
1763031912,363697950,laser,-3.1241390705108643,3.1415927410125732,0.0034828970674425364,5.345302997739054e-05,0.09616200625896454,0.15000000596046448,16.0,0.23100000619888306,0.23100000619888306,0.23100000619888306,0.23100000619888306,0.23100000619888306,0.23100000619888306,0.23100000619888306,0.23100000619888306,0.23100000619888306,0.23100000619888306,0.23100000619888306,0.23100000619888306,0.23999999463558197,0.23999999463558197,0.23999999463558197,0.23999999463558197,0.23999999463558197,0.23999999463558197,0.23999999463558197,0.23999999463558197,0.23999999463558197,0.23999999463558197,0.23999999463558197,0.23999999463558197,0.23999999463558197,0.23999999463558197,0.23999999463558197,0.23999999463558197,0.23999999463558197,0.23999999463558197,0.23999999463558197,0.23999999463558197,0.2409999966621399,0.23999999463558197,0.23999999463558197,0.23999999463558197,0.2409999966621399,0.2409999966621399,0.2409999966621399,0.2409999966621399,0.2409999966621399,0.2409999966621399,0.2409999966621399,0.2409999966621399,0.2409999966621399,0.2409999966621399,0.2409999966621399,0.2409999966621399,0.24199999868869781,0.24199999868869781,0.24199999868869781,0.24199999868869781,0.24199999868869781,0.24199999868869781,0.24199999868869781,0.24199999868869781,0.24199999868869781,0.24199999868869781,0.24199999868869781,0.24300000071525574,0.24300000071525574,0.24300000071525574,0.24300000071525574,0.24300000071525574,0.24300000071525574,0.24300000071525574,0.24400000274181366,0.24400000274181366,0.24400000274181366,0.24400000274181366,0.24400000274181366,0.24400000274181366,0.24400000274181366,0.24500000476837158,0.24500000476837158,0.24500000476837158,0.24500000476837158,0.24500000476837158,0.24500000476837158,0.2460000067949295,0.2460000067949295,0.2460000067949295,0.2460000067949295,0.24699999392032623,0.24699999392032623,0.24699999392032623,0.24699999392032623,0.24699999392032623,0.24699999392032623,0.24699999392032623,0.24799999594688416,0.24799999594688416,0.24799999594688416,0.24799999594688416,0.24899999797344208,0.24899999797344208,0.24899999797344208,0.25,0.25,0.25,0.25,0.25,0.25099998712539673,0.25099998712539673,0.25099998712539673,0.25200000405311584,0.25200000405311584,0.25200000405311584,0.25200000405311584,0.2529999911785126,0.2529999911785126,0.2529999911785126,0.2540000081062317,0.2540000081062317,0.2540000081062317,0.2540000081062317,0.2549999952316284,0.2549999952316284,0.2549999952316284,0.25600001215934753,0.25600001215934753,0.25699999928474426,0.25699999928474426,0.25699999928474426,0.25699999928474426,0.257999986410141,0.257999986410141,0.257999986410141,...,47.0,47.0,47.0,47.0,47.0,47.0,47.0,47.0,47.0,47.0,47.0,47.0,47.0,47.0,47.0,47.0,47.0,47.0,47.0,47.0,47.0,47.0,47.0,47.0,47.0,47.0,47.0,47.0,47.0,47.0,47.0,47.0,47.0,47.0,47.0,47.0,47.0,47.0,47.0,47.0,47.0,47.0,47.0,47.0,47.0,47.0,47.0,47.0,47.0,47.0,47.0,47.0,47.0,47.0,47.0,47.0,47.0,47.0,47.0,47.0,47.0,47.0,47.0,47.0,47.0,47.0,47.0,47.0,47.0,47.0,47.0,47.0,47.0,47.0,47.0,47.0,47.0,47.0,47.0,47.0,47.0,47.0,47.0,47.0,47.0,47.0,47.0,47.0,47.0,47.0,47.0,47.0,47.0,47.0,47.0,47.0,47.0,47.0,47.0,47.0,47.0,47.0,47.0,47.0,47.0,47.0,47.0,47.0,47.0,47.0,47.0,47.0,47.0,47.0,47.0,47.0,47.0,47.0,47.0,47.0,47.0,47.0,47.0,47.0,47.0,47.0,47.0,47.0,...
1763031912,461766698,laser,-3.1241390705108643,3.1415927410125732,0.0034828970674425364,5.359610804589465e-05,0.09641939401626587,0.15000000596046448,16.0,0.23999999463558197,0.23999999463558197,0.23999999463558197,0.23999999463558197,0.2409999966621399,0.23999999463558197,0.23999999463558197,0.23999999463558197,0.23999999463558197,0.23999999463558197,0.23999999463558197,0.23999999463558197,0.23999999463558197,0.24799999594688416,0.24799999594688416,0.24799999594688416,0.24799999594688416,0.24799999594688416,0.24799999594688416,0.24799999594688416,0.24799999594688416,0.24799999594688416,0.24799999594688416,0.24799999594688416,0.24799999594688416,0.24799999594688416,0.24799999594688416,0.24799999594688416,0.24799999594688416,0.24799999594688416,0.24799999594688416,0.24799999594688416,0.24799999594688416,0.24799999594688416,0.24899999797344208,0.24899999797344208,0.24899999797344208,0.24899999797344208,0.24899999797344208,0.24899999797344208,0.24899999797344208,0.24899999797344208,0.24899999797344208,0.24899999797344208,0.24899999797344208,0.24899999797344208,0.24899999797344208,0.24899999797344208,0.25,0.25,0.25,0.25,0.25,0.25,0.25,0.25,0.25099998712539673,0.25099998712539673,0.25099998712539673,0.25099998712539673,0.25099998712539673,0.25099998712539673,0.25099998712539673,0.25099998712539673,0.25200000405311584,0.25099998712539673,0.25200000405311584,0.25200000405311584,0.25200000405311584,0.25200000405311584,0.25200000405311584,0.25200000405311584,0.2529999911785126,0.2529999911785126,0.2529999911785126,0.2529999911785126,0.2529999911785126,0.2540000081062317,0.2540000081062317,0.2540000081062317,0.2540000081062317,0.2540000081062317,0.2540000081062317,0.2549999952316284,0.2549999952316284,0.2549999952316284,0.25600001215934753,0.25600001215934753,0.25600001215934753,0.25600001215934753,0.25600001215934753,0.25699999928474426,0.25699999928474426,0.25699999928474426,0.25699999928474426,0.25699999928474426,0.25699999928474426,0.257999986410141,0.257999986410141,0.257999986410141,0.257999986410141,0.2590000033378601,0.2590000033378601,0.2590000033378601,0.25999999046325684,0.25999999046325684,0.25999999046325684,0.26100000739097595,0.26100000739097595,0.26100000739097595,0.2619999945163727,0.2619999945163727,0.2619999945163727,0.2619999945163727,0.2630000114440918,0.2630000114440918,0.2630000114440918,0.2630000114440918,0.2639999985694885,0.2639999985694885,0.26499998569488525,0.26499998569488525,0.26499998569488525,0.26600000262260437,0.26600000262260437,0.26600000262260437,0.2669999897480011,0.2669999897480011,...,47.0,47.0,47.0,47.0,47.0,47.0,47.0,47.0,47.0,47.0,47.0,47.0,47.0,47.0,47.0,47.0,47.0,47.0,47.0,47.0,47.0,47.0,47.0,47.0,47.0,47.0,47.0,47.0,47.0,47.0,47.0,47.0,47.0,47.0,47.0,47.0,47.0,47.0,47.0,47.0,47.0,47.0,47.0,47.0,47.0,47.0,47.0,47.0,47.0,47.0,47.0,47.0,47.0,47.0,47.0,47.0,47.0,47.0,47.0,47.0,47.0,47.0,47.0,47.0,47.0,47.0,47.0,47.0,47.0,47.0,47.0,47.0,47.0,47.0,47.0,47.0,47.0,47.0,47.0,47.0,47.0,47.0,47.0,47.0,47.0,47.0,47.0,47.0,47.0,47.0,47.0,47.0,47.0,47.0,47.0,47.0,47.0,47.0,47.0,47.0,47.0,47.0,47.0,47.0,47.0,47.0,47.0,47.0,47.0,47.0,47.0,47.0,47.0,47.0,47.0,47.0,47.0,47.0,47.0,47.0,47.0,47.0,47.0,47.0,47.0,47.0,47.0,47.0,...
1763031912,560063455,laser,-3.1241390705108643,3.1415927410125732,0.0034828970674425364,5.357225381885655e-05,0.09637648612260818,0.15000000596046448,16.0,0.24899999797344208,0.24899999797344208,0.24899999797344208,0.24799999594688416,0.24799999594688416,0.24799999594688416,0.24799999594688416,0.24799999594688416,0.24799999594688416,0.24799999594688416,0.24799999594688416,0.24799999594688416,0.24799999594688416,0.25600001215934753,0.25600001215934753,0.25600001215934753,0.25600001215934753,0.25600001215934753,0.25600001215934753,0.25600001215934753,0.25600001215934753,0.25600001215934753,0.25600001215934753,0.25600001215934753,0.25699999928474426,0.25699999928474426,0.25699999928474426,0.25699999928474426,0.25699999928474426,0.25699999928474426,0.25699999928474426,0.25699999928474426,0.25699999928474426,0.25699999928474426,0.25699999928474426,0.25699999928474426,0.25699999928474426,0.25699999928474426,0.25699999928474426,0.25699999928474426,0.25699999928474426,0.25699999928474426,0.257999986410141,0.257999986410141,0.257999986410141,0.25699999928474426,0.25699999928474426,0.257999986410141,0.257999986410141,0.257999986410141,0.257999986410141,0.257999986410141,0.257999986410141,0.257999986410141,0.257999986410141,0.257999986410141,0.2590000033378601,0.2590000033378601,0.2590000033378601,0.2590000033378601,0.2590000033378601,0.2590000033378601,0.2590000033378601,0.2590000033378601,0.25999999046325684,0.25999999046325684,0.25999999046325684,0.25999999046325684,0.25999999046325684,0.26100000739097595,0.26100000739097595,0.26100000739097595,0.26100000739097595,0.26100000739097595,0.26100000739097595,0.26100000739097595,0.2619999945163727,0.2619999945163727,0.2619999945163727,0.2619999945163727,0.2630000114440918,0.2630000114440918,0.2630000114440918,0.2630000114440918,0.2630000114440918,0.2639999985694885,0.2639999985694885,0.2639999985694885,0.2639999985694885,0.2639999985694885,0.26499998569488525,0.26499998569488525,0.26499998569488525,0.26600000262260437,0.26600000262260437,0.26600000262260437,0.26600000262260437,0.26600000262260437,0.2669999897480011,0.2669999897480011,0.2669999897480011,0.2669999897480011,0.2680000066757202,0.2680000066757202,0.26899999380111694,0.26899999380111694,0.26899999380111694,0.26899999380111694,0.26899999380111694,0.27000001072883606,0.27000001072883606,0.2709999978542328,0.2709999978542328,0.2709999978542328,0.2709999978542328,0.2720000147819519,0.2720000147819519,0.2720000147819519,0.27300000190734863,0.27300000190734863,0.27300000190734863,0.27399998903274536,0.27399998903274536,0.27399998903274536,0.2750000059604645,0.2750000059604645,0.2759999930858612,0.2759999930858612,...,47.0,47.0,47.0,47.0,47.0,47.0,47.0,47.0,47.0,47.0,47.0,47.0,47.0,47.0,47.0,47.0,47.0,47.0,47.0,47.0,47.0,47.0,47.0,47.0,47.0,47.0,47.0,47.0,47.0,47.0,47.0,47.0,47.0,47.0,47.0,47.0,47.0,47.0,47.0,47.0,47.0,47.0,47.0,47.0,47.0,47.0,47.0,47.0,47.0,47.0,47.0,47.0,47.0,47.0,47.0,47.0,47.0,47.0,47.0,47.0,47.0,47.0,47.0,47.0,47.0,47.0,47.0,47.0,47.0,47.0,47.0,47.0,47.0,47.0,47.0,47.0,47.0,47.0,47.0,47.0,47.0,47.0,47.0,47.0,47.0,47.0,47.0,47.0,47.0,47.0,47.0,47.0,47.0,47.0,47.0,47.0,47.0,47.0,47.0,47.0,47.0,47.0,47.0,47.0,47.0,47.0,47.0,47.0,47.0,47.0,47.0,47.0,47.0,47.0,47.0,47.0,47.0,47.0,47.0,47.0,47.0,47.0,47.0,47.0,47.0,47.0,47.0,47.0,...
1763031912,658323618,laser,-3.1241390705108643,3.1415927410125732,0.0034828970674425364,5.356531619327143e-05,0.09636400640010834,0.15000000596046448,16.0,0.25699999928474426,0.25699999928474426,0.25699999928474426,0.25699999928474426,0.25699999928474426,0.25699999928474426,0.25699999928474426,0.25699999928474426,0.25600001215934753,0.25699999928474426,0.25699999928474426,0.25600001215934753,0.25600001215934753,0.25699999928474426,0.2639999985694885,0.2639999985694885,0.2639999985694885,0.2639999985694885,0.2630000114440918,0.2630000114440918,0.2630000114440918,0.2630000114440918,0.2630000114440918,0.2630000114440918,0.2630000114440918,0.2630000114440918,0.2630000114440918,0.2639999985694885,0.2639999985694885,0.2630000114440918,0.2630000114440918,0.2630000114440918,0.2639999985694885,0.2639999985694885,0.2639999985694885,0.2639999985694885,0.2639999985694885,0.2639999985694885,0.2639999985694885,0.2639999985694885,0.2639999985694885,0.2639999985694885,0.2639999985694885,0.2639999985694885,0.2639999985694885,0.26499998569488525,0.2639999985694885,0.26499998569488525,0.26499998569488525,0.26499998569488525,0.26499998569488525,0.26499998569488525,0.26499998569488525,0.26499998569488525,0.26499998569488525,0.26499998569488525,0.26600000262260437,0.26600000262260437,0.26600000262260437,0.26600000262260437,0.2669999897480011,0.2669999897480011,0.2669999897480011,0.2669999897480011,0.2669999897480011,0.2669999897480011,0.2669999897480011,0.2680000066757202,0.2680000066757202,0.2680000066757202,0.2680000066757202,0.2680000066757202,0.26899999380111694,0.26899999380111694,0.2680000066757202,0.2680000066757202,0.26899999380111694,0.26899999380111694,0.26899999380111694,0.27000001072883606,0.27000001072883606,0.27000001072883606,0.27000001072883606,0.27000001072883606,0.27000001072883606,0.2709999978542328,0.2709999978542328,0.2709999978542328,0.2720000147819519,0.2720000147819519,0.2720000147819519,0.2720000147819519,0.2720000147819519,0.27300000190734863,0.27300000190734863,0.27300000190734863,0.27300000190734863,0.27399998903274536,0.27399998903274536,0.27399998903274536,0.2750000059604645,0.2750000059604645,0.2750000059604645,0.2759999930858612,0.2759999930858612,0.2759999930858612,0.2759999930858612,0.2770000100135803,0.2770000100135803,0.2770000100135803,0.2770000100135803,0.27799999713897705,0.27799999713897705,0.27900001406669617,0.27900001406669617,0.27900001406669617,0.2800000011920929,0.2800000011920929,0.2800000011920929,0.2809999883174896,0.2809999883174896,0.2809999883174896,0.2809999883174896,0.28200000524520874,0.28200000524520874,0.28299999237060547,0.28299999237060547,0.28299999237060547,...,47.0,47.0,47.0,47.0,47.0,47.0,47.0,47.0,47.0,47.0,47.0,47.0,47.0,47.0,47.0,47.0,47.0,47.0,47.0,47.0,47.0,47.0,47.0,47.0,47.0,47.0,47.0,47.0,47.0,47.0,47.0,47.0,47.0,47.0,47.0,47.0,47.0,47.0,47.0,47.0,47.0,47.0,47.0,47.0,47.0,47.0,47.0,47.0,47.0,47.0,47.0,47.0,47.0,47.0,47.0,47.0,47.0,47.0,47.0,47.0,47.0,47.0,47.0,47.0,47.0,47.0,47.0,47.0,47.0,47.0,47.0,47.0,47.0,47.0,47.0,47.0,47.0,47.0,47.0,47.0,47.0,47.0,47.0,47.0,47.0,47.0,47.0,47.0,47.0,47.0,47.0,47.0,47.0,47.0,47.0,47.0,47.0,47.0,47.0,47.0,47.0,47.0,47.0,47.0,47.0,47.0,47.0,47.0,47.0,47.0,47.0,47.0,47.0,47.0,47.0,47.0,47.0,47.0,47.0,47.0,47.0,47.0,47.0,47.0,47.0,47.0,47.0,47.0,...
1763031912,756823024,laser,-3.1241390705108643,3.1415927410125732,0.0034828970674425364,5.340635107131675e-05,0.09607802331447601,0.15000000596046448,16.0,0.2639999985694885,0.2639999985694885,0.2639999985694885,0.2639999985694885,0.2639999985694885,0.2639999985694885,0.2639999985694885,0.2639999985694885,0.2630000114440918,0.2630000114440918,0.2630000114440918,0.2630000114440918,0.2630000114440918,0.2639999985694885,0.2639999985694885,0.2709999978542328,0.2709999978542328,0.2709999978542328,0.2709999978542328,0.2709999978542328,0.2709999978542328,0.2709999978542328,0.2709999978542328,0.2709999978542328,0.2709999978542328,0.2709999978542328,0.2709999978542328,0.2709999978542328,0.2709999978542328,0.2709999978542328,0.2709999978542328,0.2709999978542328,0.2709999978542328,0.2720000147819519,0.2720000147819519,0.2720000147819519,0.2709999978542328,0.2709999978542328,0.2709999978542328,0.2720000147819519,0.2720000147819519,0.2720000147819519,0.2720000147819519,0.2720000147819519,0.2720000147819519,0.2720000147819519,0.2720000147819519,0.27300000190734863,0.27300000190734863,0.27300000190734863,0.27300000190734863,0.27300000190734863,0.27300000190734863,0.27300000190734863,0.27300000190734863,0.27300000190734863,0.27399998903274536,0.27399998903274536,0.27399998903274536,0.27399998903274536,0.27399998903274536,0.27399998903274536,0.27399998903274536,0.2750000059604645,0.2750000059604645,0.2750000059604645,0.2750000059604645,0.2750000059604645,0.2750000059604645,0.2759999930858612,0.2759999930858612,0.2759999930858612,0.2759999930858612,0.2759999930858612,0.2759999930858612,0.2770000100135803,0.2770000100135803,0.2770000100135803,0.2770000100135803,0.2770000100135803,0.27799999713897705,0.27799999713897705,0.27799999713897705,0.27799999713897705,0.27900001406669617,0.27900001406669617,0.27900001406669617,0.27900001406669617,0.27900001406669617,0.27900001406669617,0.2800000011920929,0.2800000011920929,0.2800000011920929,0.2809999883174896,0.2809999883174896,0.2809999883174896,0.2809999883174896,0.28200000524520874,0.28200000524520874,0.28299999237060547,0.28299999237060547,0.28299999237060547,0.28299999237060547,0.2840000092983246,0.2840000092983246,0.2840000092983246,0.2840000092983246,0.2840000092983246,0.2849999964237213,0.28600001335144043,0.28600001335144043,0.28600001335144043,0.28600001335144043,0.28700000047683716,0.28700000047683716,0.28700000047683716,0.2879999876022339,0.2879999876022339,0.2879999876022339,0.2879999876022339,0.289000004529953,0.289000004529953,0.28999999165534973,0.28999999165534973,0.28999999165534973,0.29100000858306885,0.29100000858306885,0.2919999957084656,...,47.0,47.0,47.0,47.0,47.0,47.0,47.0,47.0,47.0,47.0,47.0,47.0,47.0,47.0,47.0,47.0,47.0,47.0,47.0,47.0,47.0,47.0,47.0,47.0,47.0,47.0,47.0,47.0,47.0,47.0,47.0,47.0,47.0,47.0,47.0,47.0,47.0,47.0,47.0,47.0,47.0,47.0,47.0,47.0,47.0,47.0,47.0,47.0,47.0,47.0,47.0,47.0,47.0,47.0,47.0,47.0,47.0,47.0,47.0,47.0,47.0,47.0,47.0,47.0,47.0,47.0,47.0,47.0,47.0,47.0,47.0,47.0,47.0,47.0,47.0,47.0,47.0,47.0,47.0,47.0,47.0,47.0,47.0,47.0,47.0,47.0,47.0,47.0,47.0,47.0,47.0,47.0,47.0,47.0,47.0,47.0,47.0,47.0,47.0,47.0,47.0,47.0,47.0,47.0,47.0,47.0,47.0,47.0,47.0,47.0,47.0,47.0,47.0,47.0,47.0,47.0,47.0,47.0,47.0,47.0,47.0,47.0,47.0,47.0,47.0,47.0,47.0,47.0,...
1763031912,854486625,laser,-3.1241390705108643,3.1415927410125732,0.0034828970674425364,5.374502143240534e-05,0.09668729454278946,0.15000000596046448,16.0,0.2709999978542328,0.2709999978542328,0.2709999978542328,0.2709999978542328,0.2709999978542328,0.2709999978542328,0.2709999978542328,0.2709999978542328,0.2709999978542328,0.2709999978542328,0.2709999978542328,0.2709999978542328,0.2709999978542328,0.2709999978542328,0.2709999978542328,0.27900001406669617,0.27900001406669617,0.27900001406669617,0.27900001406669617,0.27900001406669617,0.27900001406669617,0.27900001406669617,0.27900001406669617,0.27900001406669617,0.27900001406669617,0.27900001406669617,0.27900001406669617,0.27900001406669617,0.27900001406669617,0.27900001406669617,0.27900001406669617,0.27900001406669617,0.27900001406669617,0.27900001406669617,0.2800000011920929,0.2800000011920929,0.2800000011920929,0.2800000011920929,0.2800000011920929,0.2800000011920929,0.2800000011920929,0.2800000011920929,0.2800000011920929,0.2800000011920929,0.2800000011920929,0.2800000011920929,0.2800000011920929,0.2800000011920929,0.2809999883174896,0.2809999883174896,0.2809999883174896,0.2809999883174896,0.2809999883174896,0.2809999883174896,0.2809999883174896,0.2809999883174896,0.2809999883174896,0.2809999883174896,0.28200000524520874,0.28200000524520874,0.28200000524520874,0.28299999237060547,0.28200000524520874,0.28200000524520874,0.28200000524520874,0.28200000524520874,0.28299999237060547,0.28299999237060547,0.28299999237060547,0.2840000092983246,0.2840000092983246,0.2840000092983246,0.2840000092983246,0.2840000092983246,0.2840000092983246,0.2849999964237213,0.2849999964237213,0.2849999964237213,0.2849999964237213,0.28600001335144043,0.28600001335144043,0.28600001335144043,0.28600001335144043,0.28600001335144043,0.28700000047683716,0.28700000047683716,0.28700000047683716,0.28700000047683716,0.28700000047683716,0.2879999876022339,0.2879999876022339,0.2879999876022339,0.289000004529953,0.289000004529953,0.289000004529953,0.289000004529953,0.28999999165534973,0.28999999165534973,0.28999999165534973,0.29100000858306885,0.29100000858306885,0.29100000858306885,0.2919999957084656,0.2919999957084656,0.2919999957084656,0.2930000126361847,0.2930000126361847,0.2930000126361847,0.2930000126361847,0.2930000126361847,0.2939999997615814,0.2939999997615814,0.2939999997615814,0.29499998688697815,0.29600000381469727,0.29600000381469727,0.29600000381469727,0.296999990940094,0.296999990940094,0.296999990940094,0.296999990940094,0.2980000078678131,0.2980000078678131,0.29899999499320984,0.29899999499320984,0.30000001192092896,0.30000001192092896,0.3009999990463257,...,47.0,47.0,47.0,47.0,47.0,47.0,47.0,47.0,47.0,47.0,47.0,47.0,47.0,47.0,47.0,47.0,47.0,47.0,47.0,47.0,47.0,47.0,47.0,47.0,47.0,47.0,47.0,47.0,47.0,47.0,47.0,47.0,47.0,47.0,47.0,47.0,47.0,47.0,47.0,47.0,47.0,47.0,47.0,47.0,47.0,47.0,47.0,47.0,47.0,47.0,47.0,47.0,47.0,47.0,47.0,47.0,47.0,47.0,47.0,47.0,47.0,47.0,47.0,47.0,47.0,47.0,47.0,47.0,47.0,47.0,47.0,47.0,47.0,47.0,47.0,47.0,47.0,47.0,47.0,47.0,47.0,47.0,47.0,47.0,47.0,47.0,47.0,47.0,47.0,47.0,47.0,47.0,47.0,47.0,47.0,47.0,47.0,47.0,47.0,47.0,47.0,47.0,47.0,47.0,47.0,47.0,47.0,47.0,47.0,47.0,47.0,47.0,47.0,47.0,47.0,47.0,47.0,47.0,47.0,47.0,47.0,47.0,47.0,47.0,47.0,47.0,47.0,47.0,...
1763031912,952889474,laser,-3.1241390705108643,3.1415927410125732,0.0034828970674425364,5.367571793613024e-05,0.09656261652708054,0.15000000596046448,16.0,0.27900001406669617,0.27900001406669617,0.27900001406669617,0.27900001406669617,0.27900001406669617,0.27900001406669617,0.27900001406669617,0.27900001406669617,0.27900001406669617,0.27900001406669617,0.27900001406669617,0.27900001406669617,0.27900001406669617,0.27900001406669617,0.27900001406669617,0.27900001406669617,0.28600001335144043,0.28600001335144043,0.28600001335144043,0.28600001335144043,0.28600001335144043,0.28600001335144043,0.28600001335144043,0.28600001335144043,0.28600001335144043,0.28600001335144043,0.28600001335144043,0.28600001335144043,0.28600001335144043,0.28600001335144043,0.28700000047683716,0.28700000047683716,0.28700000047683716,0.28700000047683716,0.28700000047683716,0.28700000047683716,0.28700000047683716,0.28700000047683716,0.28700000047683716,0.28700000047683716,0.28700000047683716,0.28700000047683716,0.28700000047683716,0.28700000047683716,0.28700000047683716,0.28700000047683716,0.2879999876022339,0.2879999876022339,0.2879999876022339,0.2879999876022339,0.2879999876022339,0.2879999876022339,0.2879999876022339,0.2879999876022339,0.289000004529953,0.289000004529953,0.289000004529953,0.289000004529953,0.289000004529953,0.289000004529953,0.289000004529953,0.28999999165534973,0.28999999165534973,0.28999999165534973,0.28999999165534973,0.28999999165534973,0.29100000858306885,0.29100000858306885,0.29100000858306885,0.29100000858306885,0.29100000858306885,0.2919999957084656,0.2919999957084656,0.2919999957084656,0.2919999957084656,0.2919999957084656,0.2919999957084656,0.2919999957084656,0.2930000126361847,0.2930000126361847,0.2930000126361847,0.2930000126361847,0.2930000126361847,0.2939999997615814,0.29499998688697815,0.29499998688697815,0.29499998688697815,0.29499998688697815,0.29499998688697815,0.29499998688697815,0.29600000381469727,0.29600000381469727,0.29600000381469727,0.296999990940094,0.296999990940094,0.296999990940094,0.296999990940094,0.2980000078678131,0.2980000078678131,0.2980000078678131,0.2980000078678131,0.29899999499320984,0.29899999499320984,0.29899999499320984,0.30000001192092896,0.30000001192092896,0.30000001192092896,0.3009999990463257,0.3009999990463257,0.3009999990463257,0.3009999990463257,0.3009999990463257,0.3019999861717224,0.30300000309944153,0.30300000309944153,0.30300000309944153,0.30399999022483826,0.30399999022483826,0.30399999022483826,0.30399999022483826,0.3050000071525574,0.3059999942779541,0.3059999942779541,0.3059999942779541,0.3070000112056732,0.3070000112056732,0.30799999833106995,0.30799999833106995,...,47.0,47.0,47.0,47.0,47.0,47.0,47.0,47.0,47.0,47.0,47.0,47.0,47.0,47.0,47.0,47.0,47.0,47.0,47.0,47.0,47.0,47.0,47.0,47.0,47.0,47.0,47.0,47.0,47.0,47.0,47.0,47.0,47.0,47.0,47.0,47.0,47.0,47.0,47.0,47.0,47.0,47.0,47.0,47.0,47.0,47.0,47.0,47.0,47.0,47.0,47.0,47.0,47.0,47.0,47.0,47.0,47.0,47.0,47.0,47.0,47.0,47.0,47.0,47.0,47.0,47.0,47.0,47.0,47.0,47.0,47.0,47.0,47.0,47.0,47.0,47.0,47.0,47.0,47.0,47.0,47.0,47.0,47.0,47.0,47.0,47.0,47.0,47.0,47.0,47.0,47.0,47.0,47.0,47.0,47.0,47.0,47.0,47.0,47.0,47.0,47.0,47.0,47.0,47.0,47.0,47.0,47.0,47.0,47.0,47.0,47.0,47.0,47.0,47.0,47.0,47.0,47.0,47.0,47.0,47.0,47.0,47.0,47.0,47.0,47.0,47.0,47.0,47.0,...
1763031913,51378462,laser,-3.1241390705108643,3.1415927410125732,0.0034828970674425364,5.352994048735127e-05,0.09630036354064941,0.15000000596046448,16.0,0.28700000047683716,0.28700000047683716,0.28700000047683716,0.28700000047683716,0.28600001335144043,0.28600001335144043,0.28700000047683716,0.28600001335144043,0.28600001335144043,0.28600001335144043,0.28600001335144043,0.28600001335144043,0.28600001335144043,0.28600001335144043,0.28600001335144043,0.28600001335144043,0.28600001335144043,0.28600001335144043,0.2939999997615814,0.2939999997615814,0.2939999997615814,0.2939999997615814,0.2939999997615814,0.2939999997615814,0.2939999997615814,0.2939999997615814,0.2939999997615814,0.2939999997615814,0.2939999997615814,0.2939999997615814,0.2939999997615814,0.2939999997615814,0.2939999997615814,0.2939999997615814,0.2939999997615814,0.29499998688697815,0.29499998688697815,0.29499998688697815,0.29499998688697815,0.29499998688697815,0.29499998688697815,0.29499998688697815,0.29499998688697815,0.29499998688697815,0.29499998688697815,0.29499998688697815,0.29499998688697815,0.29499998688697815,0.29600000381469727,0.29600000381469727,0.29600000381469727,0.29600000381469727,0.29600000381469727,0.29600000381469727,0.29600000381469727,0.296999990940094,0.296999990940094,0.296999990940094,0.296999990940094,0.296999990940094,0.296999990940094,0.296999990940094,0.296999990940094,0.2980000078678131,0.2980000078678131,0.2980000078678131,0.2980000078678131,0.29899999499320984,0.29899999499320984,0.2980000078678131,0.29899999499320984,0.29899999499320984,0.29899999499320984,0.29899999499320984,0.30000001192092896,0.30000001192092896,0.30000001192092896,0.30000001192092896,0.30000001192092896,0.3009999990463257,0.3009999990463257,0.3009999990463257,0.3019999861717224,0.3019999861717224,0.3019999861717224,0.3019999861717224,0.3019999861717224,0.30300000309944153,0.30300000309944153,0.30399999022483826,0.30399999022483826,0.30399999022483826,0.30399999022483826,0.30399999022483826,0.3050000071525574,0.3050000071525574,0.3050000071525574,0.3050000071525574,0.3059999942779541,0.3059999942779541,0.3059999942779541,0.3070000112056732,0.3070000112056732,0.3070000112056732,0.3070000112056732,0.30799999833106995,0.3089999854564667,0.3089999854564667,0.3089999854564667,0.3089999854564667,0.3089999854564667,0.3100000023841858,0.3100000023841858,0.3109999895095825,0.3109999895095825,0.3109999895095825,0.3109999895095825,0.31200000643730164,0.31299999356269836,0.31299999356269836,0.31299999356269836,0.31299999356269836,0.3140000104904175,0.3149999976158142,0.3149999976158142,0.3149999976158142,0.3149999976158142,0.3160000145435333,...,47.0,47.0,47.0,47.0,47.0,47.0,47.0,47.0,47.0,47.0,47.0,47.0,47.0,47.0,47.0,47.0,47.0,47.0,47.0,47.0,47.0,47.0,47.0,47.0,47.0,47.0,47.0,47.0,47.0,47.0,47.0,47.0,47.0,47.0,47.0,47.0,47.0,47.0,47.0,47.0,47.0,47.0,47.0,47.0,47.0,47.0,47.0,47.0,47.0,47.0,47.0,47.0,47.0,47.0,47.0,47.0,47.0,47.0,47.0,47.0,47.0,47.0,47.0,47.0,47.0,47.0,47.0,47.0,47.0,47.0,47.0,47.0,47.0,47.0,47.0,47.0,47.0,47.0,47.0,47.0,47.0,47.0,47.0,47.0,47.0,47.0,47.0,47.0,47.0,47.0,47.0,47.0,47.0,47.0,47.0,47.0,47.0,47.0,47.0,47.0,47.0,47.0,47.0,47.0,47.0,47.0,47.0,47.0,47.0,47.0,47.0,47.0,47.0,47.0,47.0,47.0,47.0,47.0,47.0,47.0,47.0,47.0,47.0,47.0,47.0,47.0,47.0,47.0,...
1763031913,149756575,laser,-3.1241390705108643,3.1415927410125732,0.0034828970674425364,5.3468225814867765e-05,0.09618933498859406,0.15000000596046448,16.0,0.2939999997615814,0.2939999997615814,0.2939999997615814,0.2939999997615814,0.2939999997615814,0.2939999997615814,0.2939999997615814,0.2939999997615814,0.2939999997615814,0.2939999997615814,0.2939999997615814,0.2939999997615814,0.2939999997615814,0.2939999997615814,0.2939999997615814,0.2939999997615814,0.2939999997615814,0.3019999861717224,0.3019999861717224,0.3019999861717224,0.3019999861717224,0.3019999861717224,0.3019999861717224,0.3019999861717224,0.3019999861717224,0.3019999861717224,0.3019999861717224,0.3019999861717224,0.3019999861717224,0.3019999861717224,0.3019999861717224,0.3019999861717224,0.3019999861717224,0.3019999861717224,0.3019999861717224,0.3019999861717224,0.3019999861717224,0.3019999861717224,0.3019999861717224,0.3019999861717224,0.3019999861717224,0.3019999861717224,0.3019999861717224,0.30300000309944153,0.30300000309944153,0.30300000309944153,0.30300000309944153,0.30300000309944153,0.30300000309944153,0.30300000309944153,0.30300000309944153,0.30300000309944153,0.30300000309944153,0.30399999022483826,0.30399999022483826,0.30399999022483826,0.30399999022483826,0.30399999022483826,0.30399999022483826,0.3050000071525574,0.3050000071525574,0.30399999022483826,0.3050000071525574,0.3050000071525574,0.3050000071525574,0.3050000071525574,0.3059999942779541,0.3059999942779541,0.3059999942779541,0.3059999942779541,0.3059999942779541,0.3059999942779541,0.3070000112056732,0.3070000112056732,0.3070000112056732,0.3070000112056732,0.30799999833106995,0.30799999833106995,0.30799999833106995,0.30799999833106995,0.30799999833106995,0.30799999833106995,0.30799999833106995,0.3089999854564667,0.3089999854564667,0.3089999854564667,0.3089999854564667,0.3089999854564667,0.3100000023841858,0.3100000023841858,0.3109999895095825,0.3109999895095825,0.3109999895095825,0.3109999895095825,0.3109999895095825,0.31200000643730164,0.31200000643730164,0.31299999356269836,0.31299999356269836,0.31299999356269836,0.31299999356269836,0.31299999356269836,0.3140000104904175,0.3140000104904175,0.3140000104904175,0.3140000104904175,0.3149999976158142,0.3160000145435333,0.3160000145435333,0.3160000145435333,0.3160000145435333,0.3160000145435333,0.31700000166893005,0.3179999887943268,0.3179999887943268,0.3179999887943268,0.3179999887943268,0.3190000057220459,0.3190000057220459,0.3199999928474426,0.3199999928474426,0.3199999928474426,0.32100000977516174,0.32100000977516174,0.32199999690055847,0.32199999690055847,0.3230000138282776,0.3240000009536743,...,47.0,47.0,47.0,47.0,47.0,47.0,47.0,47.0,47.0,47.0,47.0,47.0,47.0,47.0,47.0,47.0,47.0,47.0,47.0,47.0,47.0,47.0,47.0,47.0,47.0,47.0,47.0,47.0,47.0,47.0,47.0,47.0,47.0,47.0,47.0,47.0,47.0,47.0,47.0,47.0,47.0,47.0,47.0,47.0,47.0,47.0,47.0,47.0,47.0,47.0,47.0,47.0,47.0,47.0,47.0,47.0,47.0,47.0,47.0,47.0,47.0,47.0,47.0,47.0,47.0,47.0,47.0,47.0,47.0,47.0,47.0,47.0,47.0,47.0,47.0,47.0,47.0,47.0,47.0,47.0,47.0,47.0,47.0,47.0,47.0,47.0,47.0,47.0,47.0,47.0,47.0,47.0,47.0,47.0,47.0,47.0,47.0,47.0,47.0,47.0,47.0,47.0,47.0,47.0,47.0,47.0,47.0,47.0,47.0,47.0,47.0,47.0,47.0,47.0,47.0,47.0,47.0,47.0,47.0,47.0,47.0,47.0,47.0,47.0,47.0,47.0,47.0,47.0,...
1763031913,247943063,laser,-3.1241390705108643,3.1415927410125732,0.0034828970674425364,5.348993727238849e-05,0.09622839838266373,0.15000000596046448,16.0,0.3019999861717224,0.3019999861717224,0.3019999861717224,0.3019999861717224,0.3019999861717224,0.3019999861717224,0.3019999861717224,0.3019999861717224,0.3019999861717224,0.3009999990463257,0.3009999990463257,0.3019999861717224,0.3019999861717224,0.3019999861717224,0.3019999861717224,0.3019999861717224,0.3019999861717224,0.3019999861717224,0.3089999854564667,0.3089999854564667,0.3089999854564667,0.3089999854564667,0.3089999854564667,0.3089999854564667,0.3100000023841858,0.3089999854564667,0.3089999854564667,0.3089999854564667,0.3100000023841858,0.3100000023841858,0.3100000023841858,0.3100000023841858,0.3100000023841858,0.3100000023841858,0.3100000023841858,0.3100000023841858,0.3100000023841858,0.3100000023841858,0.3100000023841858,0.3100000023841858,0.3109999895095825,0.3109999895095825,0.3100000023841858,0.3100000023841858,0.3100000023841858,0.3100000023841858,0.3109999895095825,0.3109999895095825,0.3109999895095825,0.3109999895095825,0.3109999895095825,0.31200000643730164,0.3109999895095825,0.3109999895095825,0.31200000643730164,0.31200000643730164,0.31200000643730164,0.31200000643730164,0.31200000643730164,0.31200000643730164,0.31200000643730164,0.31299999356269836,0.31299999356269836,0.31299999356269836,0.31299999356269836,0.31299999356269836,0.31299999356269836,0.31299999356269836,0.3140000104904175,0.3140000104904175,0.3140000104904175,0.3149999976158142,0.3149999976158142,0.3140000104904175,0.3140000104904175,0.3149999976158142,0.3149999976158142,0.3149999976158142,0.3149999976158142,0.3160000145435333,0.3160000145435333,0.3160000145435333,0.31700000166893005,0.31700000166893005,0.31700000166893005,0.3179999887943268,0.3179999887943268,0.3179999887943268,0.3179999887943268,0.3179999887943268,0.3190000057220459,0.3190000057220459,0.3199999928474426,0.3199999928474426,0.3199999928474426,0.3199999928474426,0.3199999928474426,0.32100000977516174,0.32100000977516174,0.32100000977516174,0.32199999690055847,0.32199999690055847,0.32199999690055847,0.32199999690055847,0.3230000138282776,0.3230000138282776,0.3230000138282776,0.3240000009536743,0.3240000009536743,0.32499998807907104,0.32499998807907104,0.32499998807907104,0.32499998807907104,0.32499998807907104,0.32600000500679016,0.3269999921321869,0.3269999921321869,0.3269999921321869,0.328000009059906,0.328000009059906,0.328000009059906,0.328000009059906,0.32899999618530273,0.32899999618530273,0.33000001311302185,0.3310000002384186,0.3310000002384186,0.3319999873638153,...,0.0,47.0,47.0,47.0,47.0,47.0,47.0,47.0,47.0,47.0,47.0,47.0,47.0,47.0,47.0,47.0,47.0,47.0,47.0,47.0,47.0,47.0,47.0,47.0,47.0,47.0,47.0,47.0,47.0,47.0,47.0,47.0,47.0,47.0,47.0,47.0,47.0,47.0,47.0,47.0,47.0,47.0,47.0,47.0,47.0,47.0,47.0,47.0,47.0,47.0,47.0,47.0,47.0,47.0,47.0,47.0,47.0,47.0,47.0,47.0,47.0,47.0,47.0,47.0,47.0,47.0,47.0,47.0,47.0,47.0,47.0,47.0,47.0,47.0,47.0,47.0,47.0,47.0,47.0,47.0,47.0,47.0,47.0,47.0,47.0,47.0,47.0,47.0,47.0,47.0,47.0,47.0,47.0,47.0,47.0,47.0,47.0,47.0,47.0,47.0,47.0,47.0,47.0,47.0,47.0,47.0,47.0,47.0,47.0,47.0,47.0,47.0,47.0,47.0,47.0,47.0,47.0,47.0,47.0,47.0,47.0,47.0,47.0,47.0,47.0,47.0,47.0,47.0,...
1763031913,346092570,laser,-3.1241390705108643,3.1415927410125732,0.0034828970674425364,5.357177724363282e-05,0.09637562930583954,0.15000000596046448,16.0,0.3109999895095825,0.3109999895095825,0.3100000023841858,0.3100000023841858,0.3100000023841858,0.3100000023841858,0.3100000023841858,0.3100000023841858,0.3100000023841858,0.3100000023841858,0.3100000023841858,0.3100000023841858,0.3100000023841858,0.3100000023841858,0.3100000023841858,0.3100000023841858,0.3100000023841858,0.3100000023841858,0.3100000023841858,0.3179999887943268,0.3179999887943268,0.3179999887943268,0.3179999887943268,0.3179999887943268,0.3179999887943268,0.3179999887943268,0.3179999887943268,0.3179999887943268,0.3179999887943268,0.3190000057220459,0.3190000057220459,0.3190000057220459,0.3190000057220459,0.3190000057220459,0.3190000057220459,0.3190000057220459,0.3190000057220459,0.3190000057220459,0.3190000057220459,0.3190000057220459,0.3190000057220459,0.3190000057220459,0.3190000057220459,0.3190000057220459,0.3199999928474426,0.3199999928474426,0.3199999928474426,0.3190000057220459,0.3199999928474426,0.3199999928474426,0.3199999928474426,0.3199999928474426,0.3199999928474426,0.3199999928474426,0.32100000977516174,0.32100000977516174,0.32100000977516174,0.32100000977516174,0.32100000977516174,0.32100000977516174,0.32100000977516174,0.32199999690055847,0.32199999690055847,0.32199999690055847,0.32199999690055847,0.32199999690055847,0.32199999690055847,0.32199999690055847,0.3230000138282776,0.3230000138282776,0.3230000138282776,0.3230000138282776,0.3230000138282776,0.3240000009536743,0.3240000009536743,0.3240000009536743,0.3240000009536743,0.32499998807907104,0.32499998807907104,0.32499998807907104,0.32499998807907104,0.32499998807907104,0.32600000500679016,0.32600000500679016,0.32600000500679016,0.32600000500679016,0.3269999921321869,0.3269999921321869,0.3269999921321869,0.328000009059906,0.328000009059906,0.328000009059906,0.328000009059906,0.32899999618530273,0.32899999618530273,0.32899999618530273,0.32899999618530273,0.33000001311302185,0.33000001311302185,0.3310000002384186,0.3310000002384186,0.3310000002384186,0.3319999873638153,0.3319999873638153,0.3319999873638153,0.3319999873638153,0.3330000042915344,0.3330000042915344,0.3330000042915344,0.3330000042915344,0.33399999141693115,0.33500000834465027,0.33500000834465027,0.33500000834465027,0.33500000834465027,0.335999995470047,0.335999995470047,0.3370000123977661,0.3370000123977661,0.3370000123977661,0.33799999952316284,0.33899998664855957,0.33899998664855957,0.3400000035762787,0.3400000035762787,0.3400000035762787,0.3400000035762787,0.3409999907016754,...,47.0,47.0,47.0,47.0,47.0,47.0,47.0,47.0,47.0,47.0,47.0,47.0,47.0,47.0,47.0,47.0,47.0,47.0,47.0,47.0,47.0,47.0,47.0,47.0,47.0,47.0,47.0,47.0,47.0,47.0,47.0,47.0,47.0,47.0,47.0,47.0,47.0,47.0,47.0,47.0,47.0,47.0,47.0,47.0,47.0,47.0,47.0,47.0,47.0,47.0,47.0,47.0,47.0,47.0,47.0,47.0,47.0,47.0,47.0,47.0,47.0,47.0,47.0,47.0,47.0,47.0,47.0,47.0,47.0,47.0,47.0,47.0,47.0,47.0,47.0,47.0,47.0,47.0,47.0,47.0,47.0,47.0,47.0,47.0,47.0,47.0,47.0,47.0,47.0,47.0,47.0,47.0,47.0,47.0,47.0,47.0,47.0,47.0,47.0,47.0,47.0,47.0,47.0,47.0,47.0,47.0,47.0,47.0,47.0,47.0,47.0,47.0,47.0,47.0,47.0,47.0,47.0,47.0,47.0,47.0,47.0,47.0,47.0,47.0,47.0,47.0,47.0,47.0,...
1763031913,444129219,laser,-3.1241390705108643,3.1415927410125732,0.0034828970674425364,5.3662090067518875e-05,0.09653810411691666,0.15000000596046448,16.0,0.3190000057220459,0.3190000057220459,0.3190000057220459,0.3190000057220459,0.3190000057220459,0.3190000057220459,0.3190000057220459,0.3190000057220459,0.3190000057220459,0.3190000057220459,0.3179999887943268,0.3190000057220459,0.3190000057220459,0.3179999887943268,0.3179999887943268,0.3179999887943268,0.3179999887943268,0.3179999887943268,0.3179999887943268,0.3179999887943268,0.32600000500679016,0.32600000500679016,0.32600000500679016,0.32600000500679016,0.32600000500679016,0.32600000500679016,0.32600000500679016,0.3269999921321869,0.3269999921321869,0.3269999921321869,0.3269999921321869,0.32600000500679016,0.32600000500679016,0.3269999921321869,0.3269999921321869,0.3269999921321869,0.3269999921321869,0.3269999921321869,0.3269999921321869,0.3269999921321869,0.3269999921321869,0.3269999921321869,0.3269999921321869,0.3269999921321869,0.328000009059906,0.328000009059906,0.328000009059906,0.328000009059906,0.328000009059906,0.328000009059906,0.328000009059906,0.328000009059906,0.32899999618530273,0.32899999618530273,0.32899999618530273,0.32899999618530273,0.32899999618530273,0.33000001311302185,0.33000001311302185,0.33000001311302185,0.33000001311302185,0.33000001311302185,0.33000001311302185,0.33000001311302185,0.33000001311302185,0.3310000002384186,0.3310000002384186,0.3310000002384186,0.3310000002384186,0.3310000002384186,0.3319999873638153,0.3319999873638153,0.3319999873638153,0.3319999873638153,0.3319999873638153,0.3319999873638153,0.3319999873638153,0.3330000042915344,0.3330000042915344,0.3330000042915344,0.3330000042915344,0.33399999141693115,0.33399999141693115,0.33399999141693115,0.33500000834465027,0.33500000834465027,0.33500000834465027,0.33500000834465027,0.335999995470047,0.335999995470047,0.335999995470047,0.335999995470047,0.335999995470047,0.335999995470047,0.3370000123977661,0.33799999952316284,0.33799999952316284,0.33799999952316284,0.33799999952316284,0.33899998664855957,0.33899998664855957,0.3400000035762787,0.3400000035762787,0.3409999907016754,0.3409999907016754,0.3409999907016754,0.34200000762939453,0.34200000762939453,0.34200000762939453,0.34299999475479126,0.34299999475479126,0.34299999475479126,0.3440000116825104,0.3449999988079071,0.3440000116825104,0.3449999988079071,0.3449999988079071,0.34599998593330383,0.34700000286102295,0.34700000286102295,0.34700000286102295,0.34700000286102295,0.3479999899864197,0.3490000069141388,0.3490000069141388,0.3499999940395355,0.3499999940395355,0.35100001096725464,...,47.0,47.0,47.0,47.0,47.0,47.0,47.0,47.0,47.0,47.0,47.0,47.0,47.0,47.0,47.0,47.0,47.0,47.0,47.0,47.0,47.0,47.0,47.0,47.0,47.0,47.0,47.0,47.0,47.0,47.0,47.0,47.0,47.0,47.0,47.0,47.0,47.0,47.0,47.0,47.0,47.0,47.0,47.0,47.0,47.0,47.0,47.0,47.0,47.0,47.0,47.0,47.0,47.0,47.0,47.0,47.0,47.0,47.0,47.0,47.0,47.0,47.0,47.0,47.0,47.0,47.0,47.0,47.0,47.0,47.0,47.0,47.0,47.0,47.0,47.0,47.0,47.0,47.0,47.0,47.0,47.0,47.0,47.0,47.0,47.0,47.0,47.0,47.0,47.0,47.0,47.0,47.0,47.0,47.0,47.0,47.0,47.0,47.0,47.0,47.0,47.0,47.0,47.0,47.0,47.0,47.0,47.0,47.0,47.0,47.0,47.0,47.0,47.0,47.0,47.0,47.0,47.0,47.0,47.0,47.0,47.0,47.0,47.0,47.0,47.0,47.0,47.0,47.0,...
1763031913,542475194,laser,-3.1241390705108643,3.1415927410125732,0.0034828970674425364,5.3656847740057856e-05,0.09652867168188095,0.15000000596046448,16.0,0.3269999921321869,0.3269999921321869,0.3269999921321869,0.3269999921321869,0.3269999921321869,0.3269999921321869,0.3269999921321869,0.32600000500679016,0.32600000500679016,0.32600000500679016,0.32600000500679016,0.32600000500679016,0.32600000500679016,0.3269999921321869,0.3269999921321869,0.32600000500679016,0.32600000500679016,0.3269999921321869,0.3269999921321869,0.32600000500679016,0.3319999873638153,0.3330000042915344,0.3330000042915344,0.3330000042915344,0.3330000042915344,0.3330000042915344,0.3330000042915344,0.3330000042915344,0.3330000042915344,0.3330000042915344,0.3330000042915344,0.3330000042915344,0.3330000042915344,0.3330000042915344,0.3330000042915344,0.3330000042915344,0.3330000042915344,0.3330000042915344,0.3330000042915344,0.33399999141693115,0.33399999141693115,0.33399999141693115,0.33399999141693115,0.33399999141693115,0.33399999141693115,0.33399999141693115,0.33399999141693115,0.33399999141693115,0.33399999141693115,0.33500000834465027,0.33500000834465027,0.33500000834465027,0.33500000834465027,0.33500000834465027,0.33500000834465027,0.33500000834465027,0.33500000834465027,0.33500000834465027,0.335999995470047,0.335999995470047,0.335999995470047,0.335999995470047,0.335999995470047,0.335999995470047,0.3370000123977661,0.3370000123977661,0.3370000123977661,0.3370000123977661,0.3370000123977661,0.33799999952316284,0.33799999952316284,0.33799999952316284,0.33899998664855957,0.33899998664855957,0.33899998664855957,0.33899998664855957,0.3400000035762787,0.3400000035762787,0.3400000035762787,0.3400000035762787,0.3409999907016754,0.3409999907016754,0.3400000035762787,0.3409999907016754,0.3409999907016754,0.34200000762939453,0.34200000762939453,0.34200000762939453,0.34200000762939453,0.34299999475479126,0.34299999475479126,0.3440000116825104,0.3440000116825104,0.3440000116825104,0.3440000116825104,0.3440000116825104,0.3449999988079071,0.34599998593330383,0.34599998593330383,0.34599998593330383,0.34599998593330383,0.34700000286102295,0.34700000286102295,0.34700000286102295,0.34700000286102295,0.3479999899864197,0.3490000069141388,0.3490000069141388,0.3490000069141388,0.3499999940395355,0.3499999940395355,0.3499999940395355,0.35100001096725464,0.35100001096725464,0.35199999809265137,0.3529999852180481,0.3529999852180481,0.3529999852180481,0.3540000021457672,0.3540000021457672,0.35499998927116394,0.35499998927116394,0.35499998927116394,0.35600000619888306,0.35600000619888306,0.3569999933242798,0.3569999933242798,0.3569999933242798,...,47.0,47.0,47.0,47.0,47.0,47.0,47.0,47.0,47.0,47.0,47.0,47.0,47.0,47.0,47.0,47.0,47.0,47.0,47.0,47.0,47.0,47.0,47.0,47.0,47.0,47.0,47.0,47.0,47.0,47.0,47.0,47.0,47.0,47.0,47.0,47.0,47.0,47.0,47.0,47.0,47.0,47.0,47.0,47.0,47.0,47.0,47.0,47.0,47.0,47.0,47.0,47.0,47.0,47.0,47.0,47.0,47.0,47.0,47.0,47.0,47.0,47.0,47.0,47.0,47.0,47.0,47.0,47.0,47.0,47.0,47.0,47.0,47.0,47.0,47.0,47.0,47.0,47.0,47.0,47.0,47.0,47.0,47.0,47.0,47.0,47.0,47.0,47.0,47.0,47.0,47.0,47.0,47.0,47.0,47.0,47.0,47.0,47.0,47.0,47.0,47.0,47.0,47.0,47.0,47.0,47.0,47.0,47.0,47.0,47.0,47.0,47.0,47.0,47.0,47.0,47.0,47.0,47.0,47.0,47.0,47.0,47.0,47.0,47.0,47.0,47.0,47.0,47.0,...
1763031913,640936859,laser,-3.1241390705108643,3.1415927410125732,0.0034828970674425364,5.352529478841461e-05,0.09629200398921967,0.15000000596046448,16.0,0.3330000042915344,0.3330000042915344,0.3330000042915344,0.3330000042915344,0.3330000042915344,0.3330000042915344,0.3330000042915344,0.3330000042915344,0.3330000042915344,0.3330000042915344,0.3330000042915344,0.3330000042915344,0.3330000042915344,0.3319999873638153,0.3319999873638153,0.3319999873638153,0.3319999873638153,0.3330000042915344,0.3330000042915344,0.3319999873638153,0.33799999952316284,0.33799999952316284,0.33799999952316284,0.33799999952316284,0.33799999952316284,0.33899998664855957,0.33799999952316284,0.33799999952316284,0.33799999952316284,0.33899998664855957,0.33799999952316284,0.33799999952316284,0.33899998664855957,0.33899998664855957,0.33899998664855957,0.33899998664855957,0.33899998664855957,0.33899998664855957,0.3400000035762787,0.33899998664855957,0.33899998664855957,0.33899998664855957,0.33899998664855957,0.3400000035762787,0.3400000035762787,0.3400000035762787,0.3400000035762787,0.3400000035762787,0.3400000035762787,0.3400000035762787,0.3400000035762787,0.3409999907016754,0.3409999907016754,0.3409999907016754,0.3409999907016754,0.3409999907016754,0.34200000762939453,0.3409999907016754,0.3409999907016754,0.34200000762939453,0.34200000762939453,0.34200000762939453,0.34200000762939453,0.34200000762939453,0.34299999475479126,0.34299999475479126,0.34299999475479126,0.3440000116825104,0.3440000116825104,0.3440000116825104,0.3440000116825104,0.3440000116825104,0.3440000116825104,0.3440000116825104,0.3449999988079071,0.3449999988079071,0.3449999988079071,0.34599998593330383,0.34599998593330383,0.34599998593330383,0.34599998593330383,0.34599998593330383,0.34700000286102295,0.34700000286102295,0.34700000286102295,0.34700000286102295,0.3479999899864197,0.3479999899864197,0.3479999899864197,0.3490000069141388,0.3490000069141388,0.3490000069141388,0.3490000069141388,0.3499999940395355,0.3499999940395355,0.35100001096725464,0.35100001096725464,0.35100001096725464,0.35100001096725464,0.35199999809265137,0.35199999809265137,0.3529999852180481,0.3540000021457672,0.3540000021457672,0.3540000021457672,0.3540000021457672,0.35499998927116394,0.35499998927116394,0.35499998927116394,0.35600000619888306,0.35600000619888306,0.35600000619888306,0.3569999933242798,0.3569999933242798,0.3569999933242798,0.3580000102519989,0.3580000102519989,0.35899999737739563,0.36000001430511475,0.36000001430511475,0.3610000014305115,0.3610000014305115,0.3610000014305115,0.3619999885559082,0.3619999885559082,0.3630000054836273,0.3630000054836273,0.36399999260902405,...,47.0,47.0,47.0,47.0,47.0,47.0,47.0,47.0,47.0,47.0,47.0,47.0,47.0,47.0,47.0,47.0,47.0,47.0,47.0,47.0,47.0,47.0,47.0,47.0,47.0,47.0,47.0,47.0,47.0,47.0,47.0,47.0,47.0,47.0,47.0,47.0,47.0,47.0,47.0,47.0,47.0,47.0,47.0,47.0,47.0,47.0,47.0,47.0,47.0,47.0,47.0,47.0,47.0,47.0,47.0,47.0,47.0,47.0,47.0,47.0,47.0,47.0,47.0,47.0,47.0,47.0,47.0,47.0,47.0,47.0,47.0,47.0,47.0,47.0,47.0,47.0,47.0,47.0,47.0,47.0,47.0,47.0,47.0,47.0,47.0,47.0,47.0,47.0,47.0,47.0,47.0,47.0,47.0,47.0,47.0,47.0,47.0,47.0,47.0,47.0,47.0,47.0,47.0,47.0,47.0,47.0,47.0,47.0,47.0,47.0,47.0,47.0,47.0,47.0,47.0,47.0,47.0,47.0,47.0,47.0,47.0,47.0,47.0,47.0,47.0,47.0,47.0,47.0,...
1763031913,739370477,laser,-3.1241390705108643,3.1415927410125732,0.0034828970674425364,5.343472366803326e-05,0.09612906724214554,0.15000000596046448,16.0,0.33899998664855957,0.33899998664855957,0.33899998664855957,0.33899998664855957,0.33899998664855957,0.33899998664855957,0.33899998664855957,0.33899998664855957,0.33899998664855957,0.33799999952316284,0.33799999952316284,0.33799999952316284,0.33899998664855957,0.33899998664855957,0.33899998664855957,0.33799999952316284,0.33799999952316284,0.33799999952316284,0.33799999952316284,0.33799999952316284,0.33799999952316284,0.3440000116825104,0.3440000116825104,0.3440000116825104,0.3440000116825104,0.3440000116825104,0.3440000116825104,0.3440000116825104,0.3440000116825104,0.3440000116825104,0.3440000116825104,0.3440000116825104,0.3449999988079071,0.3449999988079071,0.3449999988079071,0.3449999988079071,0.3449999988079071,0.3449999988079071,0.3449999988079071,0.3449999988079071,0.3449999988079071,0.3449999988079071,0.3449999988079071,0.3449999988079071,0.3449999988079071,0.34599998593330383,0.34599998593330383,0.34599998593330383,0.34599998593330383,0.34599998593330383,0.34700000286102295,0.34700000286102295,0.34599998593330383,0.34599998593330383,0.34700000286102295,0.34700000286102295,0.34700000286102295,0.34700000286102295,0.34700000286102295,0.3479999899864197,0.3479999899864197,0.3479999899864197,0.3479999899864197,0.3479999899864197,0.3479999899864197,0.3490000069141388,0.3490000069141388,0.3490000069141388,0.3490000069141388,0.3499999940395355,0.3499999940395355,0.35100001096725464,0.35100001096725464,0.3499999940395355,0.35100001096725464,0.35100001096725464,0.35100001096725464,0.35199999809265137,0.35199999809265137,0.35199999809265137,0.3529999852180481,0.3529999852180481,0.3529999852180481,0.3529999852180481,0.3529999852180481,0.3540000021457672,0.3540000021457672,0.35499998927116394,0.35499998927116394,0.35499998927116394,0.35499998927116394,0.35600000619888306,0.35600000619888306,0.3569999933242798,0.3569999933242798,0.3569999933242798,0.3569999933242798,0.3580000102519989,0.3580000102519989,0.3580000102519989,0.3580000102519989,0.35899999737739563,0.35899999737739563,0.35899999737739563,0.36000001430511475,0.3610000014305115,0.3610000014305115,0.3610000014305115,0.3619999885559082,0.3619999885559082,0.3630000054836273,0.3630000054836273,0.36399999260902405,0.36399999260902405,0.36399999260902405,0.36500000953674316,0.36500000953674316,0.36500000953674316,0.36500000953674316,0.3659999966621399,0.367000013589859,0.367000013589859,0.36800000071525574,0.36800000071525574,0.36800000071525574,0.36899998784065247,0.3700000047683716,0.3700000047683716,...,0.0,47.0,47.0,47.0,47.0,47.0,47.0,47.0,47.0,47.0,47.0,47.0,47.0,47.0,47.0,47.0,47.0,47.0,47.0,47.0,47.0,47.0,47.0,47.0,47.0,47.0,47.0,47.0,47.0,47.0,47.0,47.0,47.0,47.0,47.0,47.0,47.0,47.0,47.0,47.0,47.0,47.0,47.0,47.0,47.0,47.0,47.0,47.0,47.0,47.0,47.0,47.0,47.0,47.0,47.0,47.0,47.0,47.0,47.0,47.0,47.0,47.0,47.0,47.0,47.0,47.0,47.0,47.0,47.0,47.0,47.0,47.0,47.0,47.0,47.0,47.0,47.0,47.0,47.0,47.0,47.0,47.0,47.0,47.0,47.0,47.0,47.0,47.0,47.0,47.0,47.0,47.0,47.0,47.0,47.0,47.0,47.0,47.0,47.0,47.0,47.0,47.0,47.0,47.0,47.0,47.0,47.0,47.0,47.0,47.0,47.0,47.0,47.0,47.0,47.0,47.0,47.0,47.0,47.0,47.0,47.0,47.0,47.0,47.0,47.0,47.0,47.0,47.0,...
1763031913,837124328,laser,-3.1241390705108643,3.1415927410125732,0.0034828970674425364,5.3696025133831427e-05,0.09659914672374725,0.15000000596046448,16.0,0.3440000116825104,0.3440000116825104,0.3440000116825104,0.3449999988079071,0.3449999988079071,0.3440000116825104,0.3440000116825104,0.3440000116825104,0.3440000116825104,0.3440000116825104,0.3440000116825104,0.3440000116825104,0.3440000116825104,0.3440000116825104,0.3440000116825104,0.3440000116825104,0.3440000116825104,0.3440000116825104,0.3440000116825104,0.3440000116825104,0.3440000116825104,0.3490000069141388,0.3490000069141388,0.3490000069141388,0.3499999940395355,0.3499999940395355,0.3499999940395355,0.3499999940395355,0.3499999940395355,0.3499999940395355,0.3499999940395355,0.3499999940395355,0.3499999940395355,0.3499999940395355,0.3499999940395355,0.3499999940395355,0.3499999940395355,0.3499999940395355,0.3499999940395355,0.35100001096725464,0.35100001096725464,0.35100001096725464,0.35100001096725464,0.35100001096725464,0.35100001096725464,0.35199999809265137,0.35199999809265137,0.35199999809265137,0.35199999809265137,0.35199999809265137,0.35199999809265137,0.35199999809265137,0.35199999809265137,0.35199999809265137,0.35199999809265137,0.35199999809265137,0.3529999852180481,0.3529999852180481,0.3529999852180481,0.3529999852180481,0.3529999852180481,0.3540000021457672,0.3540000021457672,0.3540000021457672,0.3540000021457672,0.35499998927116394,0.35499998927116394,0.35499998927116394,0.35499998927116394,0.35499998927116394,0.35600000619888306,0.35600000619888306,0.35600000619888306,0.3569999933242798,0.3569999933242798,0.3569999933242798,0.3569999933242798,0.3580000102519989,0.3580000102519989,0.3580000102519989,0.3580000102519989,0.3580000102519989,0.35899999737739563,0.35899999737739563,0.35899999737739563,0.35899999737739563,0.36000001430511475,0.3610000014305115,0.3610000014305115,0.3610000014305115,0.3610000014305115,0.3619999885559082,0.3619999885559082,0.3619999885559082,0.3630000054836273,0.3630000054836273,0.3630000054836273,0.3630000054836273,0.36399999260902405,0.36399999260902405,0.36399999260902405,0.36500000953674316,0.3659999966621399,0.3659999966621399,0.3659999966621399,0.3659999966621399,0.367000013589859,0.36800000071525574,0.36800000071525574,0.36800000071525574,0.36800000071525574,0.36899998784065247,0.3700000047683716,0.3700000047683716,0.3709999918937683,0.3709999918937683,0.3709999918937683,0.3720000088214874,0.37299999594688416,0.37299999594688416,0.37299999594688416,0.37400001287460327,0.37400001287460327,0.375,0.37599998712539673,0.37599998712539673,0.37599998712539673,0.37599998712539673,...,47.0,47.0,47.0,47.0,47.0,47.0,47.0,47.0,47.0,47.0,47.0,47.0,47.0,47.0,47.0,47.0,47.0,47.0,47.0,47.0,47.0,47.0,47.0,47.0,47.0,47.0,47.0,47.0,47.0,47.0,47.0,47.0,47.0,47.0,47.0,47.0,47.0,47.0,47.0,47.0,47.0,47.0,47.0,47.0,47.0,47.0,47.0,47.0,47.0,47.0,47.0,47.0,47.0,47.0,47.0,47.0,47.0,47.0,47.0,47.0,47.0,47.0,47.0,47.0,47.0,47.0,47.0,47.0,47.0,47.0,47.0,47.0,47.0,47.0,47.0,47.0,47.0,47.0,47.0,47.0,47.0,47.0,47.0,47.0,47.0,47.0,47.0,47.0,47.0,47.0,47.0,47.0,47.0,47.0,47.0,47.0,47.0,47.0,47.0,47.0,47.0,47.0,47.0,47.0,47.0,47.0,47.0,47.0,47.0,47.0,47.0,47.0,47.0,47.0,47.0,47.0,47.0,47.0,47.0,47.0,47.0,47.0,47.0,47.0,47.0,47.0,47.0,47.0,...
1763031913,935475040,laser,-3.1241390705108643,3.1415927410125732,0.0034828970674425364,5.3650419431505725e-05,0.09651710093021393,0.15000000596046448,16.0,0.3499999940395355,0.3499999940395355,0.3490000069141388,0.3490000069141388,0.3499999940395355,0.3499999940395355,0.3499999940395355,0.3499999940395355,0.3499999940395355,0.3490000069141388,0.3490000069141388,0.3490000069141388,0.3490000069141388,0.3499999940395355,0.3499999940395355,0.3499999940395355,0.3490000069141388,0.3490000069141388,0.3490000069141388,0.3490000069141388,0.3490000069141388,0.3490000069141388,0.3540000021457672,0.35499998927116394,0.35499998927116394,0.35499998927116394,0.35499998927116394,0.35499998927116394,0.35499998927116394,0.35499998927116394,0.35499998927116394,0.35499998927116394,0.35499998927116394,0.35499998927116394,0.35499998927116394,0.35600000619888306,0.35600000619888306,0.35600000619888306,0.35600000619888306,0.35600000619888306,0.35600000619888306,0.35600000619888306,0.35600000619888306,0.35600000619888306,0.3569999933242798,0.3569999933242798,0.3569999933242798,0.3569999933242798,0.3569999933242798,0.3569999933242798,0.3569999933242798,0.3580000102519989,0.3569999933242798,0.3569999933242798,0.3580000102519989,0.3580000102519989,0.3580000102519989,0.3580000102519989,0.35899999737739563,0.35899999737739563,0.35899999737739563,0.36000001430511475,0.36000001430511475,0.36000001430511475,0.36000001430511475,0.36000001430511475,0.36000001430511475,0.3610000014305115,0.3610000014305115,0.3610000014305115,0.3619999885559082,0.3619999885559082,0.3619999885559082,0.3619999885559082,0.3619999885559082,0.3630000054836273,0.3630000054836273,0.3630000054836273,0.3630000054836273,0.36399999260902405,0.36399999260902405,0.36399999260902405,0.36500000953674316,0.36500000953674316,0.3659999966621399,0.3659999966621399,0.3659999966621399,0.3659999966621399,0.367000013589859,0.367000013589859,0.367000013589859,0.367000013589859,0.36800000071525574,0.36800000071525574,0.36800000071525574,0.36899998784065247,0.36899998784065247,0.3700000047683716,0.3700000047683716,0.3700000047683716,0.3709999918937683,0.3709999918937683,0.3720000088214874,0.3720000088214874,0.3720000088214874,0.37299999594688416,0.37299999594688416,0.37400001287460327,0.37400001287460327,0.37400001287460327,0.375,0.375,0.37599998712539673,0.37700000405311584,0.37700000405311584,0.37700000405311584,0.3779999911785126,0.3790000081062317,0.3790000081062317,0.3790000081062317,0.3790000081062317,0.3799999952316284,0.38100001215934753,0.38100001215934753,0.38100001215934753,0.382999986410141,0.382999986410141,0.382999986410141,...,47.0,47.0,47.0,47.0,47.0,47.0,47.0,47.0,47.0,47.0,47.0,47.0,47.0,47.0,47.0,47.0,47.0,47.0,47.0,47.0,47.0,47.0,47.0,47.0,47.0,47.0,47.0,47.0,47.0,47.0,47.0,47.0,47.0,47.0,47.0,47.0,47.0,47.0,47.0,47.0,47.0,47.0,47.0,47.0,47.0,47.0,47.0,47.0,47.0,47.0,47.0,47.0,47.0,47.0,47.0,47.0,47.0,47.0,47.0,47.0,47.0,47.0,47.0,47.0,47.0,47.0,47.0,47.0,47.0,47.0,47.0,47.0,47.0,47.0,47.0,47.0,47.0,47.0,47.0,47.0,47.0,47.0,47.0,47.0,47.0,47.0,47.0,47.0,47.0,47.0,47.0,47.0,47.0,47.0,47.0,47.0,47.0,47.0,47.0,47.0,47.0,47.0,47.0,47.0,47.0,47.0,47.0,47.0,47.0,47.0,47.0,47.0,47.0,47.0,47.0,47.0,47.0,47.0,47.0,47.0,47.0,47.0,47.0,47.0,47.0,47.0,47.0,47.0,...
1763031914,33775124,laser,-3.1241390705108643,3.1415927410125732,0.0034828970674425364,5.359314673114568e-05,0.09641407430171967,0.15000000596046448,16.0,0.35499998927116394,0.35499998927116394,0.35499998927116394,0.3540000021457672,0.3540000021457672,0.3540000021457672,0.3540000021457672,0.3540000021457672,0.3540000021457672,0.3540000021457672,0.3540000021457672,0.3540000021457672,0.3540000021457672,0.3540000021457672,0.3540000021457672,0.3540000021457672,0.3540000021457672,0.3540000021457672,0.3540000021457672,0.3540000021457672,0.3540000021457672,0.3540000021457672,0.36000001430511475,0.36000001430511475,0.35899999737739563,0.35899999737739563,0.36000001430511475,0.35899999737739563,0.36000001430511475,0.36000001430511475,0.36000001430511475,0.36000001430511475,0.36000001430511475,0.36000001430511475,0.3610000014305115,0.3610000014305115,0.3610000014305115,0.3610000014305115,0.3610000014305115,0.3610000014305115,0.3610000014305115,0.3610000014305115,0.3610000014305115,0.3610000014305115,0.3619999885559082,0.3619999885559082,0.3619999885559082,0.3619999885559082,0.3619999885559082,0.3619999885559082,0.3619999885559082,0.3630000054836273,0.3630000054836273,0.3630000054836273,0.3630000054836273,0.3630000054836273,0.3630000054836273,0.36399999260902405,0.36399999260902405,0.36399999260902405,0.36399999260902405,0.36399999260902405,0.36399999260902405,0.36500000953674316,0.36500000953674316,0.3659999966621399,0.3659999966621399,0.3659999966621399,0.3659999966621399,0.3659999966621399,0.367000013589859,0.367000013589859,0.367000013589859,0.36800000071525574,0.36800000071525574,0.36800000071525574,0.36800000071525574,0.36800000071525574,0.36899998784065247,0.36899998784065247,0.36899998784065247,0.3700000047683716,0.3700000047683716,0.3700000047683716,0.3709999918937683,0.3709999918937683,0.3709999918937683,0.3709999918937683,0.3720000088214874,0.3720000088214874,0.37299999594688416,0.37299999594688416,0.37299999594688416,0.37299999594688416,0.37400001287460327,0.37400001287460327,0.375,0.375,0.375,0.37599998712539673,0.37700000405311584,0.37700000405311584,0.37700000405311584,0.3779999911785126,0.3779999911785126,0.3779999911785126,0.3790000081062317,0.3799999952316284,0.3799999952316284,0.3799999952316284,0.3799999952316284,0.38100001215934753,0.38100001215934753,0.38100001215934753,0.38199999928474426,0.38199999928474426,0.382999986410141,0.3840000033378601,0.38499999046325684,0.38499999046325684,0.38499999046325684,0.38499999046325684,0.38600000739097595,0.3869999945163727,0.3869999945163727,0.3880000114440918,0.3889999985694885,0.3889999985694885,...,47.0,47.0,47.0,47.0,47.0,47.0,47.0,47.0,47.0,47.0,47.0,47.0,47.0,47.0,47.0,47.0,47.0,47.0,47.0,47.0,47.0,47.0,47.0,47.0,47.0,47.0,47.0,47.0,47.0,47.0,47.0,47.0,47.0,47.0,47.0,47.0,47.0,47.0,47.0,47.0,47.0,47.0,47.0,47.0,47.0,47.0,47.0,47.0,47.0,47.0,47.0,47.0,47.0,47.0,47.0,47.0,47.0,47.0,47.0,47.0,47.0,47.0,47.0,47.0,47.0,47.0,47.0,47.0,47.0,47.0,47.0,47.0,47.0,47.0,47.0,47.0,47.0,47.0,47.0,47.0,47.0,47.0,47.0,47.0,47.0,47.0,47.0,47.0,47.0,47.0,47.0,47.0,47.0,47.0,47.0,47.0,47.0,47.0,47.0,47.0,47.0,47.0,47.0,47.0,47.0,47.0,47.0,47.0,47.0,47.0,47.0,47.0,47.0,47.0,47.0,47.0,47.0,47.0,47.0,47.0,47.0,47.0,47.0,47.0,47.0,47.0,47.0,47.0,...
1763031914,131568919,laser,-3.1241390705108643,3.1415927410125732,0.0034828970674425364,5.389451689552516e-05,0.09695623815059662,0.15000000596046448,16.0,0.36000001430511475,0.36000001430511475,0.36000001430511475,0.35899999737739563,0.36000001430511475,0.36000001430511475,0.35899999737739563,0.35899999737739563,0.36000001430511475,0.36000001430511475,0.36000001430511475,0.35899999737739563,0.36000001430511475,0.35899999737739563,0.35899999737739563,0.35899999737739563,0.35899999737739563,0.35899999737739563,0.35899999737739563,0.35899999737739563,0.35899999737739563,0.35899999737739563,0.35899999737739563,0.36500000953674316,0.36500000953674316,0.36500000953674316,0.36500000953674316,0.36500000953674316,0.36500000953674316,0.36500000953674316,0.36500000953674316,0.36500000953674316,0.36500000953674316,0.3659999966621399,0.3659999966621399,0.3659999966621399,0.36500000953674316,0.3659999966621399,0.3659999966621399,0.3659999966621399,0.3659999966621399,0.3659999966621399,0.3659999966621399,0.367000013589859,0.367000013589859,0.367000013589859,0.367000013589859,0.367000013589859,0.367000013589859,0.367000013589859,0.36800000071525574,0.36800000071525574,0.36800000071525574,0.36800000071525574,0.36800000071525574,0.36800000071525574,0.36800000071525574,0.36800000071525574,0.36899998784065247,0.36899998784065247,0.36899998784065247,0.36899998784065247,0.3700000047683716,0.3700000047683716,0.3709999918937683,0.3709999918937683,0.3709999918937683,0.3709999918937683,0.3709999918937683,0.3720000088214874,0.3720000088214874,0.3720000088214874,0.3720000088214874,0.3720000088214874,0.37299999594688416,0.37299999594688416,0.37299999594688416,0.37299999594688416,0.37400001287460327,0.37400001287460327,0.37400001287460327,0.37400001287460327,0.375,0.37599998712539673,0.37599998712539673,0.37599998712539673,0.37599998712539673,0.37700000405311584,0.37700000405311584,0.37700000405311584,0.37700000405311584,0.3779999911785126,0.3790000081062317,0.3790000081062317,0.3790000081062317,0.3790000081062317,0.3799999952316284,0.3799999952316284,0.38100001215934753,0.38100001215934753,0.38100001215934753,0.38100001215934753,0.38199999928474426,0.38199999928474426,0.382999986410141,0.3840000033378601,0.3840000033378601,0.3840000033378601,0.3840000033378601,0.38499999046325684,0.38499999046325684,0.38499999046325684,0.38600000739097595,0.3869999945163727,0.3869999945163727,0.3880000114440918,0.3880000114440918,0.3880000114440918,0.3889999985694885,0.3889999985694885,0.38999998569488525,0.39100000262260437,0.39100000262260437,0.3919999897480011,0.3919999897480011,0.3919999897480011,0.3930000066757202,0.39399999380111694,...,47.0,47.0,47.0,47.0,47.0,47.0,47.0,47.0,47.0,47.0,47.0,47.0,47.0,47.0,47.0,47.0,47.0,47.0,47.0,47.0,47.0,47.0,47.0,47.0,47.0,47.0,47.0,47.0,47.0,47.0,47.0,47.0,47.0,47.0,47.0,47.0,47.0,47.0,47.0,47.0,47.0,47.0,47.0,47.0,47.0,47.0,47.0,47.0,47.0,47.0,47.0,47.0,47.0,47.0,47.0,47.0,47.0,47.0,47.0,47.0,47.0,47.0,47.0,47.0,47.0,47.0,47.0,47.0,47.0,47.0,47.0,47.0,47.0,47.0,47.0,47.0,47.0,47.0,47.0,47.0,47.0,47.0,47.0,47.0,47.0,47.0,47.0,47.0,47.0,47.0,47.0,47.0,47.0,47.0,47.0,47.0,47.0,47.0,47.0,47.0,47.0,47.0,47.0,47.0,47.0,47.0,47.0,47.0,47.0,47.0,47.0,47.0,47.0,47.0,47.0,47.0,47.0,47.0,47.0,47.0,47.0,47.0,47.0,47.0,47.0,47.0,47.0,47.0,...
1763031914,230522871,laser,-3.1241390705108643,3.1415927410125732,0.0034828970674425364,5.351560321287252e-05,0.09627456963062286,0.15000000596046448,16.0,0.36500000953674316,0.36500000953674316,0.36500000953674316,0.36500000953674316,0.36500000953674316,0.36500000953674316,0.36500000953674316,0.36500000953674316,0.36500000953674316,0.36500000953674316,0.36500000953674316,0.36500000953674316,0.36500000953674316,0.36500000953674316,0.36500000953674316,0.36500000953674316,0.36399999260902405,0.36399999260902405,0.36399999260902405,0.36500000953674316,0.36500000953674316,0.36500000953674316,0.3709999918937683,0.3709999918937683,0.3709999918937683,0.3709999918937683,0.3709999918937683,0.3709999918937683,0.3709999918937683,0.3709999918937683,0.3709999918937683,0.3709999918937683,0.3709999918937683,0.3709999918937683,0.3709999918937683,0.3709999918937683,0.3720000088214874,0.3720000088214874,0.3720000088214874,0.3720000088214874,0.3720000088214874,0.3720000088214874,0.3720000088214874,0.3720000088214874,0.3720000088214874,0.37299999594688416,0.37299999594688416,0.37299999594688416,0.37299999594688416,0.37299999594688416,0.37299999594688416,0.37400001287460327,0.37400001287460327,0.37400001287460327,0.37400001287460327,0.37400001287460327,0.37400001287460327,0.375,0.375,0.375,0.37599998712539673,0.37599998712539673,0.37599998712539673,0.37599998712539673,0.37599998712539673,0.37599998712539673,0.37599998712539673,0.37599998712539673,0.37700000405311584,0.37700000405311584,0.37700000405311584,0.3779999911785126,0.3779999911785126,0.3779999911785126,0.3779999911785126,0.3790000081062317,0.3790000081062317,0.3790000081062317,0.3799999952316284,0.3799999952316284,0.3799999952316284,0.3799999952316284,0.38100001215934753,0.38100001215934753,0.38100001215934753,0.38100001215934753,0.38199999928474426,0.38199999928474426,0.38199999928474426,0.382999986410141,0.3840000033378601,0.382999986410141,0.3840000033378601,0.3840000033378601,0.38499999046325684,0.38499999046325684,0.38499999046325684,0.38600000739097595,0.38600000739097595,0.3869999945163727,0.3869999945163727,0.3869999945163727,0.3880000114440918,0.3880000114440918,0.3880000114440918,0.3889999985694885,0.3889999985694885,0.38999998569488525,0.38999998569488525,0.39100000262260437,0.3919999897480011,0.3919999897480011,0.3919999897480011,0.3919999897480011,0.3930000066757202,0.39399999380111694,0.39399999380111694,0.39500001072883606,0.39500001072883606,0.39500001072883606,0.3959999978542328,0.3959999978542328,0.3970000147819519,0.3970000147819519,0.3970000147819519,0.39800000190734863,0.39899998903274536,0.4000000059604645,...,47.0,47.0,47.0,47.0,47.0,47.0,47.0,47.0,47.0,47.0,47.0,47.0,47.0,47.0,47.0,47.0,47.0,47.0,47.0,47.0,47.0,47.0,47.0,47.0,47.0,47.0,47.0,47.0,47.0,47.0,47.0,47.0,47.0,47.0,47.0,47.0,47.0,47.0,47.0,47.0,47.0,47.0,47.0,47.0,47.0,47.0,47.0,47.0,47.0,47.0,47.0,47.0,47.0,47.0,47.0,47.0,47.0,47.0,47.0,47.0,47.0,47.0,47.0,47.0,47.0,47.0,47.0,47.0,47.0,47.0,47.0,47.0,47.0,47.0,47.0,47.0,47.0,47.0,47.0,47.0,47.0,47.0,47.0,47.0,47.0,47.0,47.0,47.0,47.0,47.0,47.0,47.0,47.0,47.0,47.0,47.0,47.0,47.0,47.0,47.0,47.0,47.0,47.0,47.0,47.0,47.0,47.0,47.0,47.0,47.0,47.0,47.0,47.0,47.0,47.0,47.0,47.0,47.0,47.0,47.0,47.0,47.0,47.0,47.0,47.0,47.0,47.0,47.0,...
1763031914,328839740,laser,-3.1241390705108643,3.1415927410125732,0.0034828970674425364,5.345667523215525e-05,0.09616855531930923,0.15000000596046448,16.0,0.3709999918937683,0.3709999918937683,0.3709999918937683,0.3709999918937683,0.3709999918937683,0.3709999918937683,0.3709999918937683,0.3709999918937683,0.3709999918937683,0.3709999918937683,0.3709999918937683,0.3709999918937683,0.3709999918937683,0.3709999918937683,0.3709999918937683,0.3709999918937683,0.3709999918937683,0.3709999918937683,0.3709999918937683,0.3709999918937683,0.3700000047683716,0.3709999918937683,0.3779999911785126,0.3779999911785126,0.37700000405311584,0.37700000405311584,0.37700000405311584,0.37700000405311584,0.37700000405311584,0.37700000405311584,0.37700000405311584,0.37700000405311584,0.37700000405311584,0.37700000405311584,0.3779999911785126,0.3779999911785126,0.3779999911785126,0.3779999911785126,0.3779999911785126,0.3779999911785126,0.3790000081062317,0.3790000081062317,0.3790000081062317,0.3790000081062317,0.3790000081062317,0.3790000081062317,0.3799999952316284,0.3799999952316284,0.3799999952316284,0.3790000081062317,0.3799999952316284,0.3799999952316284,0.3799999952316284,0.3799999952316284,0.3799999952316284,0.3799999952316284,0.3799999952316284,0.38100001215934753,0.38100001215934753,0.38100001215934753,0.38199999928474426,0.38199999928474426,0.38199999928474426,0.38199999928474426,0.38199999928474426,0.38199999928474426,0.382999986410141,0.382999986410141,0.382999986410141,0.382999986410141,0.3840000033378601,0.3840000033378601,0.3840000033378601,0.3840000033378601,0.38499999046325684,0.38499999046325684,0.38499999046325684,0.38499999046325684,0.38600000739097595,0.38600000739097595,0.38600000739097595,0.3869999945163727,0.3869999945163727,0.3869999945163727,0.3869999945163727,0.3880000114440918,0.3889999985694885,0.3889999985694885,0.3889999985694885,0.3889999985694885,0.38999998569488525,0.38999998569488525,0.39100000262260437,0.39100000262260437,0.39100000262260437,0.39100000262260437,0.3919999897480011,0.3919999897480011,0.3919999897480011,0.3919999897480011,0.3930000066757202,0.3930000066757202,0.39399999380111694,0.39500001072883606,0.3959999978542328,0.3959999978542328,0.3959999978542328,0.3959999978542328,0.3970000147819519,0.3970000147819519,0.3970000147819519,0.39800000190734863,0.39800000190734863,0.39899998903274536,0.39899998903274536,0.4000000059604645,0.4009999930858612,0.4009999930858612,0.4020000100135803,0.4020000100135803,0.40299999713897705,0.40299999713897705,0.40400001406669617,0.40400001406669617,0.4050000011920929,0.4050000011920929,0.4059999883174896,0.40700000524520874,...,47.0,47.0,47.0,47.0,47.0,47.0,47.0,47.0,47.0,47.0,47.0,47.0,47.0,47.0,47.0,47.0,47.0,47.0,47.0,47.0,47.0,47.0,47.0,47.0,47.0,47.0,47.0,47.0,47.0,47.0,47.0,47.0,47.0,47.0,47.0,47.0,47.0,47.0,47.0,47.0,47.0,47.0,47.0,47.0,47.0,47.0,47.0,47.0,47.0,47.0,47.0,47.0,47.0,47.0,47.0,47.0,47.0,47.0,47.0,47.0,47.0,47.0,47.0,47.0,47.0,47.0,47.0,47.0,47.0,47.0,47.0,47.0,47.0,47.0,47.0,47.0,47.0,47.0,47.0,47.0,47.0,47.0,47.0,47.0,47.0,47.0,47.0,47.0,47.0,47.0,47.0,47.0,47.0,47.0,47.0,47.0,47.0,47.0,47.0,47.0,47.0,47.0,47.0,47.0,47.0,47.0,47.0,47.0,47.0,47.0,47.0,47.0,47.0,47.0,47.0,47.0,47.0,47.0,47.0,47.0,47.0,47.0,47.0,47.0,47.0,47.0,47.0,47.0,...
1763031914,427016154,laser,-3.1241390705108643,3.1415927410125732,0.0034828970674425364,5.351589425117709e-05,0.09627509117126465,0.15000000596046448,16.0,0.37700000405311584,0.37700000405311584,0.37700000405311584,0.37700000405311584,0.37700000405311584,0.37700000405311584,0.37700000405311584,0.37700000405311584,0.37700000405311584,0.37700000405311584,0.37700000405311584,0.37700000405311584,0.37700000405311584,0.37700000405311584,0.37700000405311584,0.37700000405311584,0.37700000405311584,0.37700000405311584,0.37700000405311584,0.37700000405311584,0.37700000405311584,0.37700000405311584,0.37700000405311584,0.382999986410141,0.382999986410141,0.382999986410141,0.3840000033378601,0.3840000033378601,0.3840000033378601,0.3840000033378601,0.3840000033378601,0.3840000033378601,0.3840000033378601,0.38499999046325684,0.3840000033378601,0.38499999046325684,0.38499999046325684,0.38499999046325684,0.38499999046325684,0.38499999046325684,0.38499999046325684,0.38499999046325684,0.38600000739097595,0.38600000739097595,0.38600000739097595,0.38600000739097595,0.38600000739097595,0.38600000739097595,0.3869999945163727,0.3869999945163727,0.3869999945163727,0.3869999945163727,0.3869999945163727,0.3869999945163727,0.3869999945163727,0.3869999945163727,0.3869999945163727,0.3880000114440918,0.3880000114440918,0.3880000114440918,0.3889999985694885,0.3880000114440918,0.3889999985694885,0.3889999985694885,0.3889999985694885,0.3889999985694885,0.38999998569488525,0.38999998569488525,0.38999998569488525,0.38999998569488525,0.39100000262260437,0.39100000262260437,0.39100000262260437,0.3919999897480011,0.3919999897480011,0.3919999897480011,0.3919999897480011,0.3919999897480011,0.3919999897480011,0.3930000066757202,0.39399999380111694,0.39399999380111694,0.39399999380111694,0.39500001072883606,0.39500001072883606,0.39500001072883606,0.39500001072883606,0.39500001072883606,0.3959999978542328,0.3959999978542328,0.3959999978542328,0.3970000147819519,0.39800000190734863,0.39800000190734863,0.39899998903274536,0.39899998903274536,0.39899998903274536,0.39899998903274536,0.4000000059604645,0.4009999930858612,0.4000000059604645,0.4000000059604645,0.4000000059604645,0.4009999930858612,0.4020000100135803,0.40299999713897705,0.40299999713897705,0.40299999713897705,0.40400001406669617,0.40400001406669617,0.4050000011920929,0.4050000011920929,0.4059999883174896,0.40700000524520874,0.40700000524520874,0.40700000524520874,0.40700000524520874,0.40799999237060547,0.4090000092983246,0.4099999964237213,0.4099999964237213,0.4099999964237213,0.4099999964237213,0.41200000047683716,0.41200000047683716,0.4129999876022339,0.4129999876022339,0.4129999876022339,...,47.0,47.0,47.0,47.0,47.0,47.0,47.0,47.0,47.0,47.0,47.0,47.0,47.0,47.0,47.0,47.0,47.0,47.0,47.0,47.0,47.0,47.0,47.0,47.0,47.0,47.0,47.0,47.0,47.0,47.0,47.0,47.0,47.0,47.0,47.0,47.0,47.0,47.0,47.0,47.0,47.0,47.0,47.0,47.0,47.0,47.0,47.0,47.0,47.0,47.0,47.0,47.0,47.0,47.0,47.0,47.0,47.0,47.0,47.0,47.0,47.0,47.0,47.0,47.0,47.0,47.0,47.0,47.0,47.0,47.0,47.0,47.0,47.0,47.0,47.0,47.0,47.0,47.0,47.0,47.0,47.0,47.0,47.0,47.0,47.0,47.0,47.0,47.0,47.0,47.0,47.0,47.0,47.0,47.0,47.0,47.0,47.0,47.0,47.0,47.0,47.0,47.0,47.0,47.0,47.0,47.0,47.0,47.0,47.0,47.0,47.0,47.0,47.0,47.0,47.0,47.0,47.0,47.0,47.0,47.0,47.0,47.0,47.0,47.0,47.0,47.0,47.0,47.0,...
1763031914,525079559,laser,-3.1241390705108643,3.1415927410125732,0.0034828970674425364,5.3623811254510656e-05,0.09646923840045929,0.15000000596046448,16.0,0.3840000033378601,0.3840000033378601,0.3840000033378601,0.3840000033378601,0.3840000033378601,0.3840000033378601,0.3840000033378601,0.3840000033378601,0.382999986410141,0.382999986410141,0.382999986410141,0.382999986410141,0.3840000033378601,0.3840000033378601,0.3840000033378601,0.3840000033378601,0.382999986410141,0.3840000033378601,0.3840000033378601,0.3840000033378601,0.3840000033378601,0.382999986410141,0.382999986410141,0.39100000262260437,0.39100000262260437,0.38999998569488525,0.38999998569488525,0.39100000262260437,0.39100000262260437,0.39100000262260437,0.38999998569488525,0.39100000262260437,0.39100000262260437,0.39100000262260437,0.39100000262260437,0.39100000262260437,0.3919999897480011,0.3919999897480011,0.3919999897480011,0.3919999897480011,0.3919999897480011,0.3919999897480011,0.3919999897480011,0.3919999897480011,0.3919999897480011,0.3919999897480011,0.3919999897480011,0.3919999897480011,0.3930000066757202,0.3930000066757202,0.3930000066757202,0.3930000066757202,0.3930000066757202,0.3930000066757202,0.3930000066757202,0.39399999380111694,0.39399999380111694,0.39399999380111694,0.39500001072883606,0.39500001072883606,0.39500001072883606,0.39500001072883606,0.39500001072883606,0.3959999978542328,0.3959999978542328,0.3959999978542328,0.3959999978542328,0.3959999978542328,0.3959999978542328,0.3959999978542328,0.3970000147819519,0.3970000147819519,0.39800000190734863,0.39800000190734863,0.39800000190734863,0.39800000190734863,0.39800000190734863,0.39899998903274536,0.39899998903274536,0.4000000059604645,0.4000000059604645,0.4000000059604645,0.4000000059604645,0.4009999930858612,0.4020000100135803,0.4020000100135803,0.4020000100135803,0.4020000100135803,0.40299999713897705,0.40299999713897705,0.40299999713897705,0.40400001406669617,0.40400001406669617,0.40400001406669617,0.40400001406669617,0.40400001406669617,0.4059999883174896,0.4059999883174896,0.4059999883174896,0.40700000524520874,0.40700000524520874,0.40700000524520874,0.40799999237060547,0.4090000092983246,0.4090000092983246,0.4090000092983246,0.4090000092983246,0.4099999964237213,0.4099999964237213,0.41100001335144043,0.41100001335144043,0.41200000047683716,0.41200000047683716,0.4129999876022339,0.414000004529953,0.414000004529953,0.414000004529953,0.414000004529953,0.41499999165534973,0.41600000858306885,0.41600000858306885,0.4169999957084656,0.4169999957084656,0.4180000126361847,0.4180000126361847,0.4189999997615814,0.41999998688697815,0.42100000381469727,...,47.0,47.0,47.0,47.0,47.0,47.0,47.0,47.0,47.0,47.0,47.0,47.0,47.0,47.0,47.0,47.0,47.0,47.0,47.0,47.0,47.0,47.0,47.0,47.0,47.0,47.0,47.0,47.0,47.0,47.0,47.0,47.0,47.0,47.0,47.0,47.0,47.0,47.0,47.0,47.0,47.0,47.0,47.0,47.0,47.0,47.0,47.0,47.0,47.0,47.0,47.0,47.0,47.0,47.0,47.0,47.0,47.0,47.0,47.0,47.0,47.0,47.0,47.0,47.0,47.0,47.0,47.0,47.0,47.0,47.0,47.0,47.0,47.0,47.0,47.0,47.0,47.0,47.0,47.0,47.0,47.0,47.0,47.0,47.0,47.0,47.0,47.0,47.0,47.0,47.0,47.0,47.0,47.0,47.0,47.0,47.0,47.0,47.0,47.0,47.0,47.0,47.0,47.0,47.0,47.0,47.0,47.0,47.0,47.0,47.0,47.0,47.0,47.0,47.0,47.0,47.0,47.0,47.0,47.0,47.0,47.0,47.0,47.0,47.0,47.0,47.0,47.0,47.0,...
1763031914,623217369,laser,-3.1241390705108643,3.1415927410125732,0.0034828970674425364,5.367847916204482e-05,0.09656758606433868,0.15000000596046448,16.0,0.39100000262260437,0.39100000262260437,0.39100000262260437,0.38999998569488525,0.39100000262260437,0.39100000262260437,0.39100000262260437,0.39100000262260437,0.38999998569488525,0.38999998569488525,0.38999998569488525,0.38999998569488525,0.38999998569488525,0.39100000262260437,0.39100000262260437,0.38999998569488525,0.38999998569488525,0.38999998569488525,0.38999998569488525,0.38999998569488525,0.38999998569488525,0.38999998569488525,0.38999998569488525,0.38999998569488525,0.3959999978542328,0.3959999978542328,0.3959999978542328,0.3959999978542328,0.3959999978542328,0.3959999978542328,0.3959999978542328,0.3959999978542328,0.3959999978542328,0.3959999978542328,0.3970000147819519,0.3970000147819519,0.3970000147819519,0.3970000147819519,0.3959999978542328,0.3959999978542328,0.3959999978542328,0.3970000147819519,0.3970000147819519,0.3970000147819519,0.3970000147819519,0.39800000190734863,0.39800000190734863,0.39800000190734863,0.39800000190734863,0.39800000190734863,0.39800000190734863,0.39800000190734863,0.39800000190734863,0.39800000190734863,0.39899998903274536,0.39899998903274536,0.39899998903274536,0.39899998903274536,0.39899998903274536,0.4000000059604645,0.4000000059604645,0.4000000059604645,0.4000000059604645,0.4000000059604645,0.4009999930858612,0.4009999930858612,0.4009999930858612,0.4020000100135803,0.4020000100135803,0.4020000100135803,0.4020000100135803,0.4020000100135803,0.4020000100135803,0.40299999713897705,0.40299999713897705,0.40400001406669617,0.40400001406669617,0.40400001406669617,0.40400001406669617,0.4050000011920929,0.4050000011920929,0.4050000011920929,0.4059999883174896,0.4059999883174896,0.40700000524520874,0.40700000524520874,0.4059999883174896,0.4059999883174896,0.4059999883174896,0.40700000524520874,0.40799999237060547,0.40799999237060547,0.4090000092983246,0.4090000092983246,0.4090000092983246,0.4099999964237213,0.41100001335144043,0.41100001335144043,0.41100001335144043,0.41100001335144043,0.41200000047683716,0.4129999876022339,0.4129999876022339,0.4129999876022339,0.414000004529953,0.414000004529953,0.414000004529953,0.414000004529953,0.41499999165534973,0.41600000858306885,0.41600000858306885,0.4169999957084656,0.4169999957084656,0.4169999957084656,0.4180000126361847,0.4189999997615814,0.41999998688697815,0.41999998688697815,0.41999998688697815,0.41999998688697815,0.42100000381469727,0.421999990940094,0.421999990940094,0.4230000078678131,0.4230000078678131,0.42399999499320984,0.42399999499320984,0.42500001192092896,...,47.0,47.0,47.0,47.0,47.0,47.0,47.0,47.0,47.0,47.0,47.0,47.0,47.0,47.0,47.0,47.0,47.0,47.0,47.0,47.0,47.0,47.0,47.0,47.0,47.0,47.0,47.0,47.0,47.0,47.0,47.0,47.0,47.0,47.0,47.0,47.0,47.0,47.0,47.0,47.0,47.0,47.0,47.0,47.0,47.0,47.0,47.0,47.0,47.0,47.0,47.0,47.0,47.0,47.0,47.0,47.0,47.0,47.0,47.0,47.0,47.0,47.0,47.0,47.0,47.0,47.0,47.0,47.0,47.0,47.0,47.0,47.0,47.0,47.0,47.0,47.0,47.0,47.0,47.0,47.0,47.0,47.0,47.0,47.0,47.0,47.0,47.0,47.0,47.0,47.0,47.0,47.0,47.0,47.0,47.0,47.0,47.0,47.0,47.0,47.0,47.0,47.0,47.0,47.0,47.0,47.0,47.0,47.0,47.0,47.0,47.0,47.0,47.0,47.0,47.0,47.0,47.0,47.0,47.0,47.0,47.0,47.0,47.0,47.0,47.0,47.0,47.0,47.0,...
1763031914,721783072,laser,-3.1241390705108643,3.1415927410125732,0.0034828970674425364,5.354751192498952e-05,0.09633196890354156,0.15000000596046448,16.0,0.3959999978542328,0.3959999978542328,0.3959999978542328,0.3959999978542328,0.3959999978542328,0.3959999978542328,0.3959999978542328,0.3959999978542328,0.3959999978542328,0.3959999978542328,0.39500001072883606,0.3959999978542328,0.3959999978542328,0.39500001072883606,0.39500001072883606,0.3959999978542328,0.3959999978542328,0.3959999978542328,0.3959999978542328,0.39500001072883606,0.3959999978542328,0.3959999978542328,0.3959999978542328,0.39500001072883606,0.4009999930858612,0.4009999930858612,0.4009999930858612,0.4009999930858612,0.4009999930858612,0.4009999930858612,0.4009999930858612,0.4009999930858612,0.4009999930858612,0.4009999930858612,0.4009999930858612,0.4020000100135803,0.4020000100135803,0.4009999930858612,0.4009999930858612,0.4020000100135803,0.4020000100135803,0.4020000100135803,0.4020000100135803,0.4020000100135803,0.4020000100135803,0.4020000100135803,0.40299999713897705,0.40299999713897705,0.40299999713897705,0.40299999713897705,0.40299999713897705,0.40299999713897705,0.40299999713897705,0.40400001406669617,0.40400001406669617,0.40400001406669617,0.40400001406669617,0.40400001406669617,0.4050000011920929,0.4050000011920929,0.4050000011920929,0.4050000011920929,0.4050000011920929,0.4050000011920929,0.4059999883174896,0.4059999883174896,0.4059999883174896,0.40700000524520874,0.40700000524520874,0.4059999883174896,0.40700000524520874,0.40700000524520874,0.40700000524520874,0.40799999237060547,0.40799999237060547,0.40799999237060547,0.40799999237060547,0.40799999237060547,0.4090000092983246,0.4099999964237213,0.4099999964237213,0.4099999964237213,0.4099999964237213,0.41100001335144043,0.41100001335144043,0.41200000047683716,0.41200000047683716,0.41200000047683716,0.41200000047683716,0.4129999876022339,0.4129999876022339,0.414000004529953,0.414000004529953,0.414000004529953,0.414000004529953,0.414000004529953,0.41600000858306885,0.41600000858306885,0.4169999957084656,0.4169999957084656,0.4169999957084656,0.4169999957084656,0.4169999957084656,0.4180000126361847,0.4180000126361847,0.4180000126361847,0.4189999997615814,0.41999998688697815,0.4189999997615814,0.41999998688697815,0.42100000381469727,0.42100000381469727,0.42100000381469727,0.421999990940094,0.4230000078678131,0.42399999499320984,0.42500001192092896,0.42500001192092896,0.42500001192092896,0.42500001192092896,0.4259999990463257,0.4269999861717224,0.4269999861717224,0.42800000309944153,0.42800000309944153,0.42899999022483826,0.4300000071525574,0.4309999942779541,...,47.0,47.0,47.0,47.0,47.0,47.0,47.0,47.0,47.0,47.0,47.0,47.0,47.0,47.0,47.0,47.0,47.0,47.0,47.0,47.0,47.0,47.0,47.0,47.0,47.0,47.0,47.0,47.0,47.0,47.0,47.0,47.0,47.0,47.0,47.0,47.0,47.0,47.0,47.0,47.0,47.0,47.0,47.0,47.0,47.0,47.0,47.0,47.0,47.0,47.0,47.0,47.0,47.0,47.0,47.0,47.0,47.0,47.0,47.0,47.0,47.0,47.0,47.0,47.0,47.0,47.0,47.0,47.0,47.0,47.0,47.0,47.0,47.0,47.0,47.0,47.0,47.0,47.0,47.0,47.0,47.0,47.0,47.0,47.0,47.0,47.0,47.0,47.0,47.0,47.0,47.0,47.0,47.0,47.0,47.0,47.0,47.0,47.0,47.0,47.0,47.0,47.0,47.0,47.0,47.0,47.0,47.0,47.0,47.0,47.0,47.0,47.0,47.0,47.0,47.0,47.0,47.0,47.0,47.0,47.0,47.0,47.0,47.0,47.0,47.0,47.0,47.0,47.0,...
1763031914,819916263,laser,-3.1241390705108643,3.1415927410125732,0.0034828970674425364,5.355686153052375e-05,0.09634879231452942,0.15000000596046448,16.0,0.4020000100135803,0.4020000100135803,0.4020000100135803,0.4020000100135803,0.4020000100135803,0.4009999930858612,0.4009999930858612,0.4009999930858612,0.4009999930858612,0.4020000100135803,0.4009999930858612,0.4009999930858612,0.4009999930858612,0.4009999930858612,0.4009999930858612,0.4009999930858612,0.4009999930858612,0.4009999930858612,0.4009999930858612,0.4009999930858612,0.4009999930858612,0.4009999930858612,0.4009999930858612,0.4009999930858612,0.40700000524520874,0.40700000524520874,0.40700000524520874,0.40700000524520874,0.40799999237060547,0.40799999237060547,0.40799999237060547,0.40700000524520874,0.40700000524520874,0.40700000524520874,0.40700000524520874,0.40799999237060547,0.40799999237060547,0.40799999237060547,0.40799999237060547,0.40799999237060547,0.40799999237060547,0.40799999237060547,0.40799999237060547,0.4090000092983246,0.4090000092983246,0.4090000092983246,0.4090000092983246,0.4090000092983246,0.4090000092983246,0.4090000092983246,0.4090000092983246,0.4099999964237213,0.4099999964237213,0.4099999964237213,0.4099999964237213,0.4099999964237213,0.4099999964237213,0.41100001335144043,0.41100001335144043,0.41100001335144043,0.41100001335144043,0.41100001335144043,0.41200000047683716,0.41200000047683716,0.41200000047683716,0.41200000047683716,0.4129999876022339,0.4129999876022339,0.4129999876022339,0.4129999876022339,0.414000004529953,0.41499999165534973,0.41499999165534973,0.414000004529953,0.414000004529953,0.41499999165534973,0.41499999165534973,0.41499999165534973,0.41600000858306885,0.41600000858306885,0.41600000858306885,0.41600000858306885,0.4169999957084656,0.4169999957084656,0.4180000126361847,0.4180000126361847,0.4180000126361847,0.4189999997615814,0.4189999997615814,0.4189999997615814,0.41999998688697815,0.41999998688697815,0.42100000381469727,0.42100000381469727,0.42100000381469727,0.42100000381469727,0.42100000381469727,0.421999990940094,0.421999990940094,0.4230000078678131,0.4230000078678131,0.42399999499320984,0.42500001192092896,0.42399999499320984,0.42500001192092896,0.42500001192092896,0.4259999990463257,0.4259999990463257,0.4259999990463257,0.4269999861717224,0.42800000309944153,0.42899999022483826,0.42899999022483826,0.42899999022483826,0.4300000071525574,0.4309999942779541,0.4309999942779541,0.4320000112056732,0.4320000112056732,0.43299999833106995,0.4339999854564667,0.4339999854564667,0.4350000023841858,0.4350000023841858,0.4350000023841858,0.4359999895095825,0.43700000643730164,0.43799999356269836,...,47.0,47.0,47.0,47.0,47.0,47.0,47.0,47.0,47.0,47.0,47.0,47.0,47.0,47.0,47.0,47.0,47.0,47.0,47.0,47.0,47.0,47.0,47.0,47.0,47.0,47.0,47.0,47.0,47.0,47.0,47.0,47.0,47.0,47.0,47.0,47.0,47.0,47.0,47.0,47.0,47.0,47.0,47.0,47.0,47.0,47.0,47.0,47.0,47.0,47.0,47.0,47.0,47.0,47.0,47.0,47.0,47.0,47.0,47.0,47.0,47.0,47.0,47.0,47.0,47.0,47.0,47.0,47.0,47.0,47.0,47.0,47.0,47.0,47.0,47.0,47.0,47.0,47.0,47.0,47.0,47.0,47.0,47.0,47.0,47.0,47.0,47.0,47.0,47.0,47.0,47.0,47.0,47.0,47.0,47.0,47.0,47.0,47.0,47.0,47.0,47.0,47.0,47.0,47.0,47.0,47.0,47.0,47.0,47.0,47.0,47.0,47.0,47.0,47.0,47.0,47.0,47.0,47.0,47.0,47.0,47.0,47.0,47.0,47.0,47.0,47.0,47.0,47.0,...
1763031914,917908662,laser,-3.1241390705108643,3.1415927410125732,0.0034828970674425364,5.3713112720288336e-05,0.09662988781929016,0.15000000596046448,16.0,0.40799999237060547,0.4090000092983246,0.40799999237060547,0.40700000524520874,0.40700000524520874,0.40700000524520874,0.40700000524520874,0.40799999237060547,0.40700000524520874,0.40700000524520874,0.40700000524520874,0.40700000524520874,0.40700000524520874,0.40700000524520874,0.40700000524520874,0.40700000524520874,0.40700000524520874,0.40799999237060547,0.40700000524520874,0.40700000524520874,0.40700000524520874,0.40700000524520874,0.40799999237060547,0.40799999237060547,0.41600000858306885,0.41600000858306885,0.41600000858306885,0.41600000858306885,0.41600000858306885,0.41600000858306885,0.41600000858306885,0.4169999957084656,0.41600000858306885,0.41600000858306885,0.4169999957084656,0.4169999957084656,0.4169999957084656,0.4169999957084656,0.4169999957084656,0.4169999957084656,0.4180000126361847,0.4180000126361847,0.4180000126361847,0.4169999957084656,0.4169999957084656,0.4180000126361847,0.4180000126361847,0.4180000126361847,0.4180000126361847,0.4180000126361847,0.4180000126361847,0.4189999997615814,0.4189999997615814,0.4189999997615814,0.4189999997615814,0.4189999997615814,0.4189999997615814,0.41999998688697815,0.41999998688697815,0.41999998688697815,0.41999998688697815,0.41999998688697815,0.41999998688697815,0.42100000381469727,0.421999990940094,0.42100000381469727,0.42100000381469727,0.421999990940094,0.421999990940094,0.421999990940094,0.421999990940094,0.4230000078678131,0.4230000078678131,0.42399999499320984,0.42399999499320984,0.42399999499320984,0.42399999499320984,0.42399999499320984,0.42500001192092896,0.4259999990463257,0.4259999990463257,0.4259999990463257,0.4259999990463257,0.4259999990463257,0.4269999861717224,0.4269999861717224,0.4269999861717224,0.42800000309944153,0.42800000309944153,0.42800000309944153,0.42899999022483826,0.4300000071525574,0.4300000071525574,0.4309999942779541,0.4309999942779541,0.4309999942779541,0.4309999942779541,0.4320000112056732,0.4320000112056732,0.43299999833106995,0.43299999833106995,0.4339999854564667,0.4339999854564667,0.4339999854564667,0.4350000023841858,0.4350000023841858,0.4359999895095825,0.4359999895095825,0.4359999895095825,0.43700000643730164,0.43799999356269836,0.43799999356269836,0.43799999356269836,0.4390000104904175,0.4390000104904175,0.4399999976158142,0.44200000166893005,0.4429999887943268,0.4429999887943268,0.4429999887943268,0.4429999887943268,0.4440000057220459,0.4440000057220459,0.4449999928474426,0.44699999690055847,0.44699999690055847,0.45100000500679016,0.45899999141693115,...,47.0,47.0,47.0,47.0,47.0,47.0,47.0,47.0,47.0,47.0,47.0,47.0,47.0,47.0,47.0,47.0,47.0,47.0,47.0,47.0,47.0,47.0,47.0,47.0,47.0,47.0,47.0,47.0,47.0,47.0,47.0,47.0,47.0,47.0,47.0,47.0,47.0,47.0,47.0,47.0,47.0,47.0,47.0,47.0,47.0,47.0,47.0,47.0,47.0,47.0,47.0,47.0,47.0,47.0,47.0,47.0,47.0,47.0,47.0,47.0,47.0,47.0,47.0,47.0,47.0,47.0,47.0,47.0,47.0,47.0,47.0,47.0,47.0,47.0,47.0,47.0,47.0,47.0,47.0,47.0,47.0,47.0,47.0,47.0,47.0,47.0,47.0,47.0,47.0,47.0,47.0,47.0,47.0,47.0,47.0,47.0,47.0,47.0,47.0,47.0,47.0,47.0,47.0,47.0,47.0,47.0,47.0,47.0,47.0,47.0,47.0,47.0,47.0,47.0,47.0,47.0,47.0,47.0,47.0,47.0,47.0,47.0,47.0,47.0,47.0,47.0,47.0,47.0,...
1763031915,16237813,laser,-3.1241390705108643,3.1415927410125732,0.0034828970674425364,5.369506834540516e-05,0.09659742563962936,0.15000000596046448,16.0,0.4169999957084656,0.4169999957084656,0.41600000858306885,0.41600000858306885,0.41600000858306885,0.41600000858306885,0.41600000858306885,0.41600000858306885,0.41600000858306885,0.41600000858306885,0.41600000858306885,0.41600000858306885,0.41600000858306885,0.41600000858306885,0.41600000858306885,0.41600000858306885,0.41600000858306885,0.41600000858306885,0.41499999165534973,0.41499999165534973,0.41600000858306885,0.41499999165534973,0.41499999165534973,0.41600000858306885,0.41600000858306885,0.42500001192092896,0.42500001192092896,0.42500001192092896,0.42500001192092896,0.42500001192092896,0.42500001192092896,0.42500001192092896,0.42500001192092896,0.42500001192092896,0.42500001192092896,0.42500001192092896,0.4259999990463257,0.42500001192092896,0.42500001192092896,0.42500001192092896,0.42500001192092896,0.4259999990463257,0.4259999990463257,0.4269999861717224,0.4269999861717224,0.4259999990463257,0.4259999990463257,0.4259999990463257,0.4259999990463257,0.4269999861717224,0.4269999861717224,0.42800000309944153,0.42800000309944153,0.42800000309944153,0.42800000309944153,0.42800000309944153,0.42899999022483826,0.42899999022483826,0.42899999022483826,0.42899999022483826,0.4300000071525574,0.4300000071525574,0.4300000071525574,0.4300000071525574,0.4300000071525574,0.4300000071525574,0.4309999942779541,0.4309999942779541,0.4309999942779541,0.4309999942779541,0.4320000112056732,0.4320000112056732,0.4320000112056732,0.4320000112056732,0.43299999833106995,0.4339999854564667,0.4339999854564667,0.4339999854564667,0.4350000023841858,0.4350000023841858,0.4350000023841858,0.4350000023841858,0.4359999895095825,0.4359999895095825,0.4359999895095825,0.43700000643730164,0.43700000643730164,0.43700000643730164,0.43700000643730164,0.43799999356269836,0.43700000643730164,0.43799999356269836,0.4390000104904175,0.4410000145435333,0.4410000145435333,0.4410000145435333,0.4410000145435333,0.44200000166893005,0.4429999887943268,0.4429999887943268,0.4429999887943268,0.4429999887943268,0.4440000057220459,0.4440000057220459,0.4449999928474426,0.4449999928474426,0.4449999928474426,0.44600000977516174,0.44699999690055847,0.44699999690055847,0.4480000138282776,0.4480000138282776,0.4490000009536743,0.44999998807907104,0.44999998807907104,0.45100000500679016,0.45100000500679016,0.45100000500679016,0.4519999921321869,0.4519999921321869,0.453000009059906,0.4560000002384186,0.4560000002384186,0.460999995470047,0.460999995470047,0.4690000116825104,0.4729999899864197,0.4729999899864197,...,47.0,47.0,47.0,47.0,47.0,47.0,47.0,47.0,47.0,47.0,47.0,47.0,47.0,47.0,47.0,47.0,47.0,47.0,47.0,47.0,47.0,47.0,47.0,47.0,47.0,47.0,47.0,47.0,47.0,47.0,47.0,47.0,47.0,47.0,47.0,47.0,47.0,47.0,47.0,47.0,47.0,47.0,47.0,47.0,47.0,47.0,47.0,47.0,47.0,47.0,47.0,47.0,47.0,47.0,47.0,47.0,47.0,47.0,47.0,47.0,47.0,47.0,47.0,47.0,47.0,47.0,47.0,47.0,47.0,47.0,47.0,47.0,47.0,47.0,47.0,47.0,47.0,47.0,47.0,47.0,47.0,47.0,47.0,47.0,47.0,47.0,47.0,47.0,47.0,47.0,47.0,47.0,47.0,47.0,47.0,47.0,47.0,47.0,47.0,47.0,47.0,47.0,47.0,47.0,47.0,47.0,47.0,47.0,47.0,47.0,47.0,47.0,47.0,47.0,47.0,47.0,47.0,47.0,47.0,47.0,47.0,47.0,47.0,47.0,47.0,47.0,47.0,47.0,...
1763031915,114510735,laser,-3.1241390705108643,3.1415927410125732,0.0034828970674425364,5.3677827963838354e-05,0.09656640887260437,0.15000000596046448,16.0,0.42399999499320984,0.42399999499320984,0.42500001192092896,0.42500001192092896,0.42500001192092896,0.42500001192092896,0.42500001192092896,0.42500001192092896,0.42399999499320984,0.42500001192092896,0.42500001192092896,0.42500001192092896,0.42500001192092896,0.42500001192092896,0.42399999499320984,0.42500001192092896,0.42500001192092896,0.42500001192092896,0.42500001192092896,0.42500001192092896,0.42500001192092896,0.42500001192092896,0.42500001192092896,0.42500001192092896,0.42500001192092896,0.4320000112056732,0.4320000112056732,0.4320000112056732,0.4320000112056732,0.43299999833106995,0.4320000112056732,0.4320000112056732,0.4320000112056732,0.4320000112056732,0.43299999833106995,0.43299999833106995,0.43299999833106995,0.43299999833106995,0.4320000112056732,0.4320000112056732,0.43299999833106995,0.43299999833106995,0.43299999833106995,0.43299999833106995,0.43299999833106995,0.43299999833106995,0.43299999833106995,0.4339999854564667,0.4339999854564667,0.4339999854564667,0.4350000023841858,0.4350000023841858,0.4350000023841858,0.4350000023841858,0.4350000023841858,0.4350000023841858,0.4350000023841858,0.4359999895095825,0.4359999895095825,0.4359999895095825,0.4359999895095825,0.4359999895095825,0.43700000643730164,0.43700000643730164,0.43700000643730164,0.43799999356269836,0.43799999356269836,0.43799999356269836,0.4390000104904175,0.4390000104904175,0.43799999356269836,0.4390000104904175,0.4390000104904175,0.4390000104904175,0.4399999976158142,0.4399999976158142,0.4410000145435333,0.4410000145435333,0.4410000145435333,0.4410000145435333,0.44200000166893005,0.44200000166893005,0.44200000166893005,0.4429999887943268,0.4429999887943268,0.4429999887943268,0.4440000057220459,0.4440000057220459,0.4440000057220459,0.4449999928474426,0.44600000977516174,0.44600000977516174,0.44600000977516174,0.44600000977516174,0.44699999690055847,0.44699999690055847,0.44699999690055847,0.4480000138282776,0.4480000138282776,0.4490000009536743,0.4490000009536743,0.44999998807907104,0.45100000500679016,0.45100000500679016,0.4519999921321869,0.4519999921321869,0.453000009059906,0.453000009059906,0.453000009059906,0.45399999618530273,0.45500001311302185,0.45500001311302185,0.45500001311302185,0.4560000002384186,0.4569999873638153,0.4569999873638153,0.4569999873638153,0.4580000042915344,0.45899999141693115,0.45899999141693115,0.46000000834465027,0.46299999952316284,0.4699999988079071,0.4699999988079071,0.47600001096725464,0.4790000021457672,0.4790000021457672,0.4390000104904175,...,47.0,47.0,47.0,47.0,47.0,47.0,47.0,47.0,47.0,47.0,47.0,47.0,47.0,47.0,47.0,47.0,47.0,47.0,47.0,47.0,47.0,47.0,47.0,47.0,47.0,47.0,47.0,47.0,47.0,47.0,47.0,47.0,47.0,47.0,47.0,47.0,47.0,47.0,47.0,47.0,47.0,47.0,47.0,47.0,47.0,47.0,47.0,47.0,47.0,47.0,47.0,47.0,47.0,47.0,47.0,47.0,47.0,47.0,47.0,47.0,47.0,47.0,47.0,47.0,47.0,47.0,47.0,47.0,47.0,47.0,47.0,47.0,47.0,47.0,47.0,47.0,47.0,47.0,47.0,47.0,47.0,47.0,47.0,47.0,47.0,47.0,47.0,47.0,47.0,47.0,47.0,47.0,47.0,47.0,47.0,47.0,47.0,47.0,47.0,47.0,47.0,47.0,47.0,47.0,47.0,47.0,47.0,47.0,47.0,47.0,47.0,47.0,47.0,47.0,47.0,47.0,47.0,47.0,47.0,47.0,47.0,47.0,47.0,47.0,47.0,47.0,47.0,47.0,...
1763031915,212867852,laser,-3.1241390705108643,3.1415927410125732,0.0034828970674425364,5.3625739383278415e-05,0.09647270292043686,0.15000000596046448,16.0,0.4320000112056732,0.4309999942779541,0.4320000112056732,0.4320000112056732,0.4320000112056732,0.4320000112056732,0.4309999942779541,0.4309999942779541,0.4320000112056732,0.4320000112056732,0.4320000112056732,0.4320000112056732,0.4320000112056732,0.4320000112056732,0.4320000112056732,0.4309999942779541,0.4320000112056732,0.4309999942779541,0.4309999942779541,0.4309999942779541,0.4309999942779541,0.4320000112056732,0.4320000112056732,0.4309999942779541,0.4309999942779541,0.4350000023841858,0.4350000023841858,0.4350000023841858,0.4350000023841858,0.4359999895095825,0.4359999895095825,0.4359999895095825,0.4359999895095825,0.4359999895095825,0.4359999895095825,0.4359999895095825,0.43700000643730164,0.43700000643730164,0.4359999895095825,0.4359999895095825,0.4359999895095825,0.4359999895095825,0.4359999895095825,0.43700000643730164,0.43700000643730164,0.43700000643730164,0.43700000643730164,0.43799999356269836,0.43799999356269836,0.43799999356269836,0.43799999356269836,0.43799999356269836,0.43799999356269836,0.4390000104904175,0.4390000104904175,0.4390000104904175,0.4390000104904175,0.4399999976158142,0.4390000104904175,0.4399999976158142,0.4399999976158142,0.4399999976158142,0.4399999976158142,0.4410000145435333,0.4410000145435333,0.44200000166893005,0.44200000166893005,0.44200000166893005,0.44200000166893005,0.44200000166893005,0.4429999887943268,0.4429999887943268,0.4440000057220459,0.4440000057220459,0.4440000057220459,0.4440000057220459,0.4440000057220459,0.4449999928474426,0.44600000977516174,0.44600000977516174,0.44600000977516174,0.44600000977516174,0.44600000977516174,0.44699999690055847,0.44699999690055847,0.4480000138282776,0.44699999690055847,0.4480000138282776,0.4480000138282776,0.4490000009536743,0.4490000009536743,0.44999998807907104,0.45100000500679016,0.45100000500679016,0.45100000500679016,0.45100000500679016,0.4519999921321869,0.453000009059906,0.453000009059906,0.453000009059906,0.453000009059906,0.45399999618530273,0.45500001311302185,0.45500001311302185,0.4560000002384186,0.4560000002384186,0.4569999873638153,0.4569999873638153,0.4580000042915344,0.4580000042915344,0.4580000042915344,0.45899999141693115,0.45899999141693115,0.46000000834465027,0.460999995470047,0.460999995470047,0.4620000123977661,0.46299999952316284,0.46399998664855957,0.46399998664855957,0.46399998664855957,0.46700000762939453,0.4740000069141388,0.4740000069141388,0.4819999933242798,0.4819999933242798,0.4410000145435333,0.4410000145435333,...,47.0,47.0,47.0,47.0,47.0,47.0,47.0,47.0,47.0,47.0,47.0,47.0,47.0,47.0,47.0,47.0,47.0,47.0,47.0,47.0,47.0,47.0,47.0,47.0,47.0,47.0,47.0,47.0,47.0,47.0,47.0,47.0,47.0,47.0,47.0,47.0,47.0,47.0,47.0,47.0,47.0,47.0,47.0,47.0,47.0,47.0,47.0,47.0,47.0,47.0,47.0,47.0,47.0,47.0,47.0,47.0,47.0,47.0,47.0,47.0,47.0,47.0,47.0,47.0,47.0,47.0,47.0,47.0,47.0,47.0,47.0,47.0,47.0,47.0,47.0,47.0,47.0,47.0,47.0,47.0,47.0,47.0,47.0,47.0,47.0,47.0,47.0,47.0,47.0,47.0,47.0,47.0,47.0,47.0,47.0,47.0,47.0,47.0,47.0,47.0,47.0,47.0,47.0,47.0,47.0,47.0,47.0,47.0,47.0,47.0,47.0,47.0,47.0,47.0,47.0,47.0,47.0,47.0,47.0,47.0,47.0,47.0,47.0,47.0,47.0,0.0,0.0,0.0,...
1763031915,311165356,laser,-3.1241390705108643,3.1415927410125732,0.0034828970674425364,5.363722812035121e-05,0.09649337083101273,0.15000000596046448,16.0,0.43700000643730164,0.43700000643730164,0.4359999895095825,0.4359999895095825,0.4359999895095825,0.4359999895095825,0.4359999895095825,0.4359999895095825,0.4350000023841858,0.4350000023841858,0.4359999895095825,0.4350000023841858,0.4359999895095825,0.4359999895095825,0.4359999895095825,0.4350000023841858,0.4359999895095825,0.4359999895095825,0.4350000023841858,0.4359999895095825,0.4359999895095825,0.4359999895095825,0.4359999895095825,0.4350000023841858,0.4350000023841858,0.4359999895095825,0.4359999895095825,0.4359999895095825,0.4359999895095825,0.4359999895095825,0.4359999895095825,0.4359999895095825,0.4359999895095825,0.4359999895095825,0.43700000643730164,0.43700000643730164,0.43700000643730164,0.43700000643730164,0.43700000643730164,0.43700000643730164,0.43700000643730164,0.43700000643730164,0.43700000643730164,0.43799999356269836,0.43700000643730164,0.43799999356269836,0.43799999356269836,0.43799999356269836,0.43799999356269836,0.43799999356269836,0.43799999356269836,0.43799999356269836,0.4399999976158142,0.4399999976158142,0.4399999976158142,0.4399999976158142,0.4399999976158142,0.4410000145435333,0.4399999976158142,0.4410000145435333,0.44200000166893005,0.44200000166893005,0.44200000166893005,0.4429999887943268,0.4429999887943268,0.4429999887943268,0.4429999887943268,0.44200000166893005,0.44200000166893005,0.4429999887943268,0.4440000057220459,0.4440000057220459,0.4440000057220459,0.4449999928474426,0.44600000977516174,0.44600000977516174,0.4449999928474426,0.4449999928474426,0.44600000977516174,0.44600000977516174,0.44699999690055847,0.4480000138282776,0.4480000138282776,0.4490000009536743,0.4480000138282776,0.4480000138282776,0.4480000138282776,0.4480000138282776,0.4490000009536743,0.4490000009536743,0.44999998807907104,0.44999998807907104,0.45100000500679016,0.45100000500679016,0.45100000500679016,0.4519999921321869,0.4519999921321869,0.45399999618530273,0.45399999618530273,0.453000009059906,0.45399999618530273,0.45399999618530273,0.45500001311302185,0.45500001311302185,0.4560000002384186,0.4580000042915344,0.4580000042915344,0.4580000042915344,0.4580000042915344,0.45899999141693115,0.45899999141693115,0.45899999141693115,0.46000000834465027,0.46000000834465027,0.460999995470047,0.4620000123977661,0.46299999952316284,0.46299999952316284,0.46399998664855957,0.46399998664855957,0.46399998664855957,0.4690000116825104,0.47999998927116394,0.4860000014305115,0.4860000014305115,0.4830000102519989,0.44200000166893005,0.44200000166893005,...,47.0,47.0,47.0,47.0,47.0,47.0,47.0,47.0,47.0,47.0,47.0,47.0,47.0,47.0,47.0,47.0,47.0,47.0,47.0,47.0,47.0,47.0,47.0,47.0,47.0,47.0,47.0,47.0,47.0,47.0,47.0,47.0,47.0,47.0,47.0,47.0,47.0,47.0,47.0,47.0,47.0,47.0,47.0,47.0,47.0,47.0,47.0,47.0,47.0,47.0,47.0,47.0,47.0,47.0,47.0,47.0,47.0,47.0,47.0,47.0,47.0,47.0,47.0,47.0,47.0,47.0,47.0,47.0,47.0,47.0,47.0,47.0,47.0,47.0,47.0,47.0,47.0,47.0,47.0,47.0,47.0,47.0,47.0,47.0,47.0,47.0,47.0,47.0,47.0,47.0,47.0,47.0,47.0,47.0,47.0,47.0,47.0,47.0,47.0,47.0,47.0,47.0,47.0,47.0,47.0,47.0,47.0,47.0,47.0,47.0,47.0,47.0,47.0,47.0,47.0,47.0,47.0,47.0,47.0,47.0,47.0,0.0,0.0,0.0,0.0,0.0,0.0,0.0,...
1763031915,409339976,laser,-3.1241390705108643,3.1415927410125732,0.0034828970674425364,5.362746742321178e-05,0.09647580981254578,0.15000000596046448,16.0,0.4359999895095825,0.4359999895095825,0.4359999895095825,0.4359999895095825,0.4359999895095825,0.4359999895095825,0.4359999895095825,0.4359999895095825,0.4359999895095825,0.4359999895095825,0.4359999895095825,0.4350000023841858,0.4359999895095825,0.4359999895095825,0.4359999895095825,0.4350000023841858,0.4359999895095825,0.43700000643730164,0.4359999895095825,0.4359999895095825,0.4359999895095825,0.4359999895095825,0.4359999895095825,0.4359999895095825,0.4350000023841858,0.4359999895095825,0.4359999895095825,0.43700000643730164,0.43700000643730164,0.43700000643730164,0.4359999895095825,0.4359999895095825,0.4359999895095825,0.4359999895095825,0.4359999895095825,0.43700000643730164,0.43700000643730164,0.43700000643730164,0.43700000643730164,0.43700000643730164,0.43799999356269836,0.43799999356269836,0.43799999356269836,0.43799999356269836,0.43700000643730164,0.43799999356269836,0.43799999356269836,0.43799999356269836,0.43799999356269836,0.43799999356269836,0.4390000104904175,0.4390000104904175,0.4390000104904175,0.4410000145435333,0.4410000145435333,0.4410000145435333,0.4399999976158142,0.4410000145435333,0.44200000166893005,0.44200000166893005,0.44200000166893005,0.44200000166893005,0.44200000166893005,0.44200000166893005,0.4429999887943268,0.4429999887943268,0.4429999887943268,0.44200000166893005,0.44200000166893005,0.4429999887943268,0.4440000057220459,0.4440000057220459,0.4440000057220459,0.4449999928474426,0.44600000977516174,0.44600000977516174,0.4449999928474426,0.4449999928474426,0.44600000977516174,0.44600000977516174,0.44699999690055847,0.4480000138282776,0.4480000138282776,0.4480000138282776,0.4480000138282776,0.4480000138282776,0.4490000009536743,0.4490000009536743,0.4490000009536743,0.4490000009536743,0.44999998807907104,0.44999998807907104,0.45100000500679016,0.45100000500679016,0.45100000500679016,0.4519999921321869,0.4519999921321869,0.453000009059906,0.45399999618530273,0.453000009059906,0.45399999618530273,0.45399999618530273,0.45500001311302185,0.4560000002384186,0.4560000002384186,0.4580000042915344,0.4580000042915344,0.4580000042915344,0.4580000042915344,0.45899999141693115,0.45899999141693115,0.45899999141693115,0.46000000834465027,0.46000000834465027,0.460999995470047,0.4620000123977661,0.46299999952316284,0.46299999952316284,0.46399998664855957,0.46399998664855957,0.46399998664855957,0.4690000116825104,0.47699999809265137,0.4830000102519989,0.4830000102519989,0.4830000102519989,0.4519999921321869,0.4519999921321869,...,47.0,47.0,47.0,47.0,47.0,47.0,47.0,47.0,47.0,47.0,47.0,47.0,47.0,47.0,47.0,47.0,47.0,47.0,47.0,47.0,47.0,47.0,47.0,47.0,47.0,47.0,47.0,47.0,47.0,47.0,47.0,47.0,47.0,47.0,47.0,47.0,47.0,47.0,47.0,47.0,47.0,47.0,47.0,47.0,47.0,47.0,47.0,47.0,47.0,47.0,47.0,47.0,47.0,47.0,47.0,47.0,47.0,47.0,47.0,47.0,47.0,47.0,47.0,47.0,47.0,47.0,47.0,47.0,47.0,47.0,47.0,47.0,47.0,47.0,47.0,47.0,47.0,47.0,47.0,47.0,47.0,47.0,47.0,47.0,47.0,47.0,47.0,47.0,47.0,47.0,47.0,47.0,47.0,47.0,47.0,47.0,47.0,47.0,47.0,47.0,47.0,47.0,47.0,47.0,47.0,47.0,47.0,47.0,47.0,47.0,47.0,47.0,47.0,47.0,47.0,47.0,47.0,0.0,0.0,0.0,0.0,0.0,0.0,0.0,0.0,0.0,0.0,0.0,...
1763031915,507303097,laser,-3.1241390705108643,3.1415927410125732,0.0034828970674425364,5.379565482144244e-05,0.09677838534116745,0.15000000596046448,16.0,0.43700000643730164,0.4359999895095825,0.4359999895095825,0.4359999895095825,0.4359999895095825,0.4359999895095825,0.4359999895095825,0.4359999895095825,0.4359999895095825,0.4359999895095825,0.4359999895095825,0.4359999895095825,0.4359999895095825,0.4359999895095825,0.4359999895095825,0.4350000023841858,0.4359999895095825,0.4359999895095825,0.4359999895095825,0.4359999895095825,0.4359999895095825,0.4359999895095825,0.4359999895095825,0.4359999895095825,0.4350000023841858,0.4359999895095825,0.4359999895095825,0.4359999895095825,0.4359999895095825,0.4359999895095825,0.4359999895095825,0.4359999895095825,0.4359999895095825,0.4359999895095825,0.43700000643730164,0.43700000643730164,0.43700000643730164,0.43700000643730164,0.43700000643730164,0.43700000643730164,0.43700000643730164,0.43799999356269836,0.43799999356269836,0.43799999356269836,0.43799999356269836,0.43799999356269836,0.43799999356269836,0.43799999356269836,0.43799999356269836,0.4390000104904175,0.4390000104904175,0.4390000104904175,0.4390000104904175,0.4399999976158142,0.4399999976158142,0.4399999976158142,0.4390000104904175,0.4410000145435333,0.4410000145435333,0.4410000145435333,0.4410000145435333,0.44200000166893005,0.44200000166893005,0.44200000166893005,0.44200000166893005,0.4429999887943268,0.4429999887943268,0.4429999887943268,0.4429999887943268,0.4429999887943268,0.4440000057220459,0.4429999887943268,0.4440000057220459,0.4440000057220459,0.4449999928474426,0.44600000977516174,0.4449999928474426,0.44600000977516174,0.44600000977516174,0.44600000977516174,0.44600000977516174,0.44699999690055847,0.44699999690055847,0.4480000138282776,0.4480000138282776,0.4480000138282776,0.4480000138282776,0.4490000009536743,0.4490000009536743,0.44999998807907104,0.44999998807907104,0.44999998807907104,0.44999998807907104,0.45100000500679016,0.4519999921321869,0.4519999921321869,0.453000009059906,0.453000009059906,0.45399999618530273,0.45399999618530273,0.45500001311302185,0.45399999618530273,0.45500001311302185,0.4560000002384186,0.4560000002384186,0.4560000002384186,0.4560000002384186,0.4569999873638153,0.45899999141693115,0.45899999141693115,0.45899999141693115,0.45899999141693115,0.46000000834465027,0.460999995470047,0.4620000123977661,0.4620000123977661,0.46299999952316284,0.46399998664855957,0.46399998664855957,0.46399998664855957,0.4699999988079071,0.47999998927116394,0.47999998927116394,0.47999998927116394,0.4830000102519989,0.47699999809265137,0.47699999809265137,0.46700000762939453,...,0.0,47.0,47.0,47.0,47.0,47.0,47.0,47.0,47.0,47.0,47.0,47.0,47.0,47.0,47.0,47.0,47.0,47.0,47.0,47.0,47.0,47.0,47.0,47.0,47.0,47.0,47.0,47.0,47.0,47.0,47.0,47.0,47.0,47.0,47.0,47.0,47.0,47.0,47.0,47.0,47.0,47.0,47.0,47.0,47.0,47.0,47.0,47.0,47.0,47.0,47.0,47.0,47.0,47.0,47.0,47.0,47.0,47.0,47.0,47.0,47.0,47.0,47.0,47.0,47.0,47.0,47.0,47.0,47.0,47.0,47.0,47.0,47.0,47.0,47.0,47.0,47.0,47.0,47.0,47.0,47.0,47.0,47.0,47.0,47.0,47.0,47.0,47.0,47.0,47.0,47.0,47.0,47.0,47.0,47.0,47.0,47.0,47.0,47.0,47.0,47.0,47.0,47.0,47.0,47.0,47.0,47.0,47.0,47.0,47.0,47.0,47.0,47.0,47.0,47.0,47.0,47.0,47.0,47.0,47.0,47.0,47.0,47.0,47.0,47.0,47.0,47.0,47.0,...
1763031915,605624662,laser,-3.1241390705108643,3.1415927410125732,0.0034828970674425364,5.379793583415449e-05,0.09678248316049576,0.15000000596046448,16.0,0.43700000643730164,0.4359999895095825,0.4359999895095825,0.4359999895095825,0.4359999895095825,0.4359999895095825,0.4359999895095825,0.4359999895095825,0.4359999895095825,0.4350000023841858,0.4359999895095825,0.4359999895095825,0.4359999895095825,0.4359999895095825,0.4359999895095825,0.4359999895095825,0.4359999895095825,0.4359999895095825,0.4359999895095825,0.4359999895095825,0.4359999895095825,0.4359999895095825,0.4359999895095825,0.4359999895095825,0.4359999895095825,0.4359999895095825,0.4359999895095825,0.4359999895095825,0.4359999895095825,0.4359999895095825,0.4359999895095825,0.4359999895095825,0.4359999895095825,0.4359999895095825,0.4359999895095825,0.43700000643730164,0.43700000643730164,0.43700000643730164,0.43700000643730164,0.43700000643730164,0.43700000643730164,0.43799999356269836,0.43799999356269836,0.43799999356269836,0.43799999356269836,0.43799999356269836,0.43799999356269836,0.43799999356269836,0.43799999356269836,0.4390000104904175,0.4390000104904175,0.4390000104904175,0.4390000104904175,0.4399999976158142,0.4399999976158142,0.4399999976158142,0.4390000104904175,0.4399999976158142,0.4410000145435333,0.4410000145435333,0.4410000145435333,0.44200000166893005,0.44200000166893005,0.44200000166893005,0.44200000166893005,0.44200000166893005,0.44200000166893005,0.44200000166893005,0.4429999887943268,0.4429999887943268,0.4429999887943268,0.4429999887943268,0.4440000057220459,0.4449999928474426,0.4449999928474426,0.4449999928474426,0.4449999928474426,0.4449999928474426,0.44600000977516174,0.44600000977516174,0.44699999690055847,0.44699999690055847,0.44699999690055847,0.4480000138282776,0.4480000138282776,0.4480000138282776,0.4480000138282776,0.4490000009536743,0.4490000009536743,0.4490000009536743,0.44999998807907104,0.45100000500679016,0.45100000500679016,0.45100000500679016,0.45100000500679016,0.4519999921321869,0.4519999921321869,0.453000009059906,0.45399999618530273,0.45500001311302185,0.45500001311302185,0.45500001311302185,0.45500001311302185,0.4560000002384186,0.4560000002384186,0.4560000002384186,0.4569999873638153,0.4569999873638153,0.4580000042915344,0.4580000042915344,0.45899999141693115,0.46000000834465027,0.46000000834465027,0.460999995470047,0.460999995470047,0.4620000123977661,0.46299999952316284,0.46299999952316284,0.46399998664855957,0.46399998664855957,0.4699999988079071,0.4779999852180481,0.47999998927116394,0.47999998927116394,0.47999998927116394,0.48100000619888306,0.4519999921321869,0.4519999921321869,...,47.0,47.0,47.0,47.0,47.0,47.0,47.0,47.0,47.0,47.0,47.0,47.0,47.0,47.0,47.0,47.0,47.0,47.0,47.0,47.0,47.0,47.0,47.0,47.0,47.0,47.0,47.0,47.0,47.0,47.0,47.0,47.0,47.0,47.0,47.0,47.0,47.0,47.0,47.0,47.0,47.0,47.0,47.0,47.0,47.0,47.0,47.0,47.0,47.0,47.0,47.0,47.0,47.0,47.0,47.0,47.0,47.0,47.0,47.0,47.0,47.0,47.0,47.0,47.0,47.0,47.0,47.0,47.0,47.0,47.0,47.0,47.0,47.0,47.0,47.0,47.0,47.0,47.0,47.0,47.0,47.0,47.0,47.0,47.0,47.0,47.0,47.0,47.0,47.0,47.0,47.0,47.0,47.0,47.0,47.0,47.0,47.0,47.0,47.0,47.0,47.0,47.0,47.0,47.0,47.0,47.0,47.0,0.0,0.0,0.0,0.0,0.0,0.0,0.0,0.0,0.0,0.0,0.0,0.0,0.0,0.0,0.0,0.0,0.0,0.0,0.0,0.0,0.0,...
1763031915,703736869,laser,-3.1241390705108643,3.1415927410125732,0.0034828970674425364,5.385977419791743e-05,0.09689373522996902,0.15000000596046448,16.0,0.43700000643730164,0.4359999895095825,0.4359999895095825,0.4359999895095825,0.4359999895095825,0.4359999895095825,0.4359999895095825,0.4359999895095825,0.4359999895095825,0.4359999895095825,0.4359999895095825,0.4359999895095825,0.4359999895095825,0.4359999895095825,0.4359999895095825,0.4359999895095825,0.4359999895095825,0.4359999895095825,0.4359999895095825,0.4359999895095825,0.4359999895095825,0.4359999895095825,0.4359999895095825,0.4359999895095825,0.4359999895095825,0.4359999895095825,0.4359999895095825,0.4359999895095825,0.4359999895095825,0.4359999895095825,0.4359999895095825,0.4359999895095825,0.4359999895095825,0.4359999895095825,0.43700000643730164,0.43700000643730164,0.43700000643730164,0.43700000643730164,0.43700000643730164,0.43700000643730164,0.43700000643730164,0.43799999356269836,0.43799999356269836,0.43799999356269836,0.43799999356269836,0.43799999356269836,0.43799999356269836,0.43799999356269836,0.43799999356269836,0.4390000104904175,0.4390000104904175,0.4390000104904175,0.4390000104904175,0.4390000104904175,0.4390000104904175,0.4399999976158142,0.4399999976158142,0.4399999976158142,0.4410000145435333,0.4410000145435333,0.4410000145435333,0.44200000166893005,0.44200000166893005,0.44200000166893005,0.44200000166893005,0.44200000166893005,0.4429999887943268,0.4429999887943268,0.4429999887943268,0.4440000057220459,0.4440000057220459,0.4440000057220459,0.4440000057220459,0.4449999928474426,0.4449999928474426,0.4449999928474426,0.4449999928474426,0.4449999928474426,0.44600000977516174,0.44600000977516174,0.44699999690055847,0.44699999690055847,0.44699999690055847,0.44699999690055847,0.44699999690055847,0.4480000138282776,0.4480000138282776,0.4490000009536743,0.4490000009536743,0.44999998807907104,0.44999998807907104,0.45100000500679016,0.45100000500679016,0.45100000500679016,0.4519999921321869,0.4519999921321869,0.4519999921321869,0.453000009059906,0.453000009059906,0.45399999618530273,0.45399999618530273,0.45500001311302185,0.45500001311302185,0.4560000002384186,0.4560000002384186,0.4569999873638153,0.4569999873638153,0.4580000042915344,0.45899999141693115,0.45899999141693115,0.45899999141693115,0.45899999141693115,0.46000000834465027,0.460999995470047,0.4620000123977661,0.4620000123977661,0.4620000123977661,0.46299999952316284,0.46399998664855957,0.46399998664855957,0.4699999988079071,0.4699999988079071,0.48100000619888306,0.48100000619888306,0.4830000102519989,0.4830000102519989,0.48100000619888306,0.47600001096725464,...,47.0,47.0,47.0,47.0,47.0,47.0,47.0,47.0,47.0,47.0,47.0,47.0,47.0,47.0,47.0,47.0,47.0,47.0,47.0,47.0,47.0,47.0,47.0,47.0,47.0,47.0,47.0,47.0,47.0,47.0,47.0,47.0,47.0,47.0,47.0,47.0,47.0,47.0,47.0,47.0,47.0,47.0,47.0,47.0,47.0,47.0,47.0,47.0,47.0,47.0,47.0,47.0,47.0,47.0,47.0,47.0,47.0,47.0,47.0,47.0,47.0,47.0,47.0,47.0,47.0,47.0,47.0,47.0,47.0,47.0,47.0,47.0,47.0,47.0,47.0,47.0,47.0,47.0,47.0,47.0,47.0,47.0,47.0,47.0,47.0,47.0,47.0,47.0,47.0,47.0,47.0,47.0,47.0,47.0,47.0,47.0,47.0,47.0,47.0,47.0,47.0,47.0,47.0,47.0,47.0,47.0,47.0,47.0,47.0,47.0,47.0,47.0,47.0,47.0,47.0,47.0,47.0,47.0,47.0,47.0,47.0,47.0,47.0,47.0,47.0,47.0,47.0,47.0,...
1763031915,802334284,laser,-3.1241390705108643,3.1415927410125732,0.0034828970674425364,5.36726183781866e-05,0.09655703604221344,0.15000000596046448,16.0,0.4359999895095825,0.4359999895095825,0.4359999895095825,0.4359999895095825,0.4359999895095825,0.4359999895095825,0.4359999895095825,0.4359999895095825,0.4359999895095825,0.4359999895095825,0.4359999895095825,0.4359999895095825,0.4359999895095825,0.4359999895095825,0.4359999895095825,0.4359999895095825,0.4359999895095825,0.4359999895095825,0.4359999895095825,0.4359999895095825,0.4359999895095825,0.4359999895095825,0.4359999895095825,0.4359999895095825,0.4359999895095825,0.4359999895095825,0.4359999895095825,0.4359999895095825,0.4359999895095825,0.4359999895095825,0.4359999895095825,0.4359999895095825,0.4359999895095825,0.4359999895095825,0.43700000643730164,0.43700000643730164,0.43700000643730164,0.43700000643730164,0.43700000643730164,0.43700000643730164,0.43700000643730164,0.43799999356269836,0.43700000643730164,0.43799999356269836,0.43799999356269836,0.43799999356269836,0.43799999356269836,0.43799999356269836,0.43799999356269836,0.4390000104904175,0.4390000104904175,0.4390000104904175,0.4390000104904175,0.4390000104904175,0.4390000104904175,0.4399999976158142,0.4399999976158142,0.4399999976158142,0.4410000145435333,0.4410000145435333,0.4410000145435333,0.44200000166893005,0.44200000166893005,0.44200000166893005,0.44200000166893005,0.4429999887943268,0.4429999887943268,0.4429999887943268,0.4429999887943268,0.4429999887943268,0.4440000057220459,0.4440000057220459,0.4440000057220459,0.4440000057220459,0.4449999928474426,0.4449999928474426,0.4449999928474426,0.44600000977516174,0.44600000977516174,0.44600000977516174,0.44600000977516174,0.44699999690055847,0.44699999690055847,0.4480000138282776,0.4480000138282776,0.4480000138282776,0.4480000138282776,0.4490000009536743,0.4490000009536743,0.44999998807907104,0.44999998807907104,0.45100000500679016,0.45100000500679016,0.45100000500679016,0.4519999921321869,0.4519999921321869,0.453000009059906,0.453000009059906,0.45399999618530273,0.45399999618530273,0.45399999618530273,0.45500001311302185,0.45500001311302185,0.4560000002384186,0.4560000002384186,0.4560000002384186,0.4569999873638153,0.4580000042915344,0.45899999141693115,0.45899999141693115,0.45899999141693115,0.45899999141693115,0.46000000834465027,0.460999995470047,0.4620000123977661,0.4620000123977661,0.46299999952316284,0.46399998664855957,0.46399998664855957,0.46399998664855957,0.4650000035762787,0.47099998593330383,0.4819999933242798,0.4819999933242798,0.48399999737739563,0.48100000619888306,0.44200000166893005,0.44200000166893005,...,47.0,47.0,47.0,47.0,47.0,47.0,47.0,47.0,47.0,47.0,47.0,47.0,47.0,47.0,47.0,47.0,47.0,47.0,47.0,47.0,47.0,47.0,47.0,47.0,47.0,47.0,47.0,47.0,47.0,47.0,47.0,47.0,47.0,47.0,47.0,47.0,47.0,47.0,47.0,47.0,47.0,47.0,47.0,47.0,47.0,47.0,47.0,47.0,47.0,47.0,47.0,47.0,47.0,47.0,47.0,47.0,47.0,47.0,47.0,47.0,47.0,47.0,47.0,47.0,47.0,47.0,47.0,47.0,47.0,47.0,47.0,47.0,47.0,47.0,47.0,47.0,47.0,47.0,47.0,47.0,47.0,47.0,47.0,47.0,47.0,47.0,47.0,47.0,47.0,47.0,47.0,47.0,47.0,47.0,47.0,47.0,47.0,47.0,47.0,47.0,47.0,47.0,47.0,47.0,47.0,47.0,47.0,47.0,47.0,47.0,47.0,47.0,47.0,47.0,47.0,47.0,47.0,47.0,47.0,47.0,47.0,47.0,47.0,47.0,47.0,47.0,47.0,47.0,...
1763031915,900884124,laser,-3.1241390705108643,3.1415927410125732,0.0034828970674425364,5.686390431947075e-05,0.10229817032814026,0.15000000596046448,16.0,0.43700000643730164,0.4359999895095825,0.4359999895095825,0.4359999895095825,0.4359999895095825,0.4359999895095825,0.4359999895095825,0.4359999895095825,0.4359999895095825,0.4359999895095825,0.4359999895095825,0.4359999895095825,0.4359999895095825,0.4359999895095825,0.4359999895095825,0.4359999895095825,0.4359999895095825,0.4359999895095825,0.4359999895095825,0.4359999895095825,0.4359999895095825,0.4359999895095825,0.4359999895095825,0.4359999895095825,0.4359999895095825,0.4359999895095825,0.4359999895095825,0.4359999895095825,0.4359999895095825,0.4359999895095825,0.4359999895095825,0.4359999895095825,0.4359999895095825,0.4359999895095825,0.4359999895095825,0.43700000643730164,0.43700000643730164,0.43700000643730164,0.43700000643730164,0.43700000643730164,0.43700000643730164,0.43700000643730164,0.43700000643730164,0.43799999356269836,0.43799999356269836,0.43799999356269836,0.43799999356269836,0.43799999356269836,0.43799999356269836,0.4390000104904175,0.4390000104904175,0.4390000104904175,0.4390000104904175,0.4390000104904175,0.4390000104904175,0.4399999976158142,0.4399999976158142,0.4399999976158142,0.4410000145435333,0.4410000145435333,0.4410000145435333,0.4410000145435333,0.44200000166893005,0.44200000166893005,0.44200000166893005,0.44200000166893005,0.4429999887943268,0.4429999887943268,0.4429999887943268,0.4429999887943268,0.4429999887943268,0.4440000057220459,0.4440000057220459,0.4440000057220459,0.4449999928474426,0.4449999928474426,0.4449999928474426,0.44600000977516174,0.44600000977516174,0.44600000977516174,0.44600000977516174,0.44699999690055847,0.44699999690055847,0.4480000138282776,0.4480000138282776,0.4480000138282776,0.4480000138282776,0.4480000138282776,0.4490000009536743,0.44999998807907104,0.44999998807907104,0.45100000500679016,0.45100000500679016,0.45100000500679016,0.4519999921321869,0.4519999921321869,0.453000009059906,0.453000009059906,0.45399999618530273,0.45399999618530273,0.45399999618530273,0.45500001311302185,0.45500001311302185,0.4560000002384186,0.4560000002384186,0.4560000002384186,0.4569999873638153,0.4569999873638153,0.4580000042915344,0.4580000042915344,0.45899999141693115,0.45899999141693115,0.46000000834465027,0.460999995470047,0.4620000123977661,0.4620000123977661,0.46299999952316284,0.46399998664855957,0.46399998664855957,0.46399998664855957,0.4699999988079071,0.47999998927116394,0.47999998927116394,0.47999998927116394,0.4830000102519989,0.48100000619888306,0.4490000009536743,0.4490000009536743,...,47.0,47.0,47.0,47.0,47.0,47.0,47.0,47.0,47.0,47.0,47.0,47.0,47.0,47.0,47.0,47.0,47.0,47.0,47.0,47.0,47.0,47.0,47.0,47.0,47.0,47.0,47.0,47.0,47.0,47.0,47.0,47.0,47.0,47.0,47.0,47.0,47.0,47.0,47.0,47.0,47.0,47.0,47.0,47.0,47.0,47.0,47.0,47.0,47.0,47.0,47.0,47.0,47.0,47.0,47.0,47.0,47.0,47.0,47.0,47.0,47.0,47.0,47.0,47.0,47.0,47.0,47.0,47.0,47.0,47.0,47.0,47.0,47.0,47.0,47.0,47.0,47.0,47.0,47.0,47.0,47.0,47.0,47.0,47.0,47.0,47.0,47.0,47.0,47.0,47.0,47.0,47.0,47.0,47.0,47.0,47.0,47.0,47.0,47.0,47.0,47.0,47.0,47.0,47.0,47.0,47.0,47.0,47.0,47.0,47.0,47.0,47.0,47.0,47.0,47.0,47.0,47.0,47.0,47.0,47.0,47.0,47.0,47.0,47.0,47.0,47.0,47.0,47.0,...
1763031916,4457249,laser,-3.1241390705108643,3.1415927410125732,0.0034828970674425364,5.3934923926135525e-05,0.0970289334654808,0.15000000596046448,16.0,0.4359999895095825,0.4359999895095825,0.4359999895095825,0.4359999895095825,0.4359999895095825,0.4359999895095825,0.4359999895095825,0.4359999895095825,0.4359999895095825,0.4359999895095825,0.4359999895095825,0.4359999895095825,0.4359999895095825,0.4359999895095825,0.4359999895095825,0.4359999895095825,0.4359999895095825,0.4359999895095825,0.4359999895095825,0.4359999895095825,0.4359999895095825,0.4359999895095825,0.4359999895095825,0.4359999895095825,0.4359999895095825,0.4359999895095825,0.4359999895095825,0.4359999895095825,0.4359999895095825,0.4359999895095825,0.4359999895095825,0.4359999895095825,0.4359999895095825,0.4359999895095825,0.43700000643730164,0.43700000643730164,0.43700000643730164,0.43700000643730164,0.43700000643730164,0.43700000643730164,0.43799999356269836,0.43700000643730164,0.43700000643730164,0.43700000643730164,0.43799999356269836,0.43799999356269836,0.43799999356269836,0.43799999356269836,0.43799999356269836,0.4390000104904175,0.4390000104904175,0.4390000104904175,0.4390000104904175,0.4390000104904175,0.4390000104904175,0.4399999976158142,0.4399999976158142,0.4399999976158142,0.4410000145435333,0.4410000145435333,0.4410000145435333,0.44200000166893005,0.44200000166893005,0.44200000166893005,0.44200000166893005,0.44200000166893005,0.4429999887943268,0.4429999887943268,0.4429999887943268,0.4429999887943268,0.4440000057220459,0.4429999887943268,0.4440000057220459,0.4449999928474426,0.4449999928474426,0.4449999928474426,0.4449999928474426,0.4449999928474426,0.44600000977516174,0.44600000977516174,0.44699999690055847,0.44699999690055847,0.44699999690055847,0.44699999690055847,0.4480000138282776,0.4480000138282776,0.4480000138282776,0.4490000009536743,0.4490000009536743,0.4490000009536743,0.44999998807907104,0.44999998807907104,0.45100000500679016,0.45100000500679016,0.4519999921321869,0.4519999921321869,0.453000009059906,0.453000009059906,0.453000009059906,0.45399999618530273,0.45399999618530273,0.45399999618530273,0.45500001311302185,0.4560000002384186,0.4560000002384186,0.4560000002384186,0.4569999873638153,0.4569999873638153,0.4580000042915344,0.45899999141693115,0.45899999141693115,0.46000000834465027,0.46000000834465027,0.460999995470047,0.460999995470047,0.4620000123977661,0.46299999952316284,0.46299999952316284,0.46399998664855957,0.46399998664855957,0.46399998664855957,0.47999998927116394,0.4819999933242798,0.4819999933242798,0.4819999933242798,0.4819999933242798,inf,0.4440000057220459,...,47.0,47.0,47.0,47.0,47.0,47.0,47.0,47.0,47.0,47.0,47.0,47.0,47.0,47.0,47.0,47.0,47.0,47.0,47.0,47.0,47.0,47.0,47.0,47.0,47.0,47.0,47.0,47.0,47.0,47.0,47.0,47.0,47.0,47.0,47.0,47.0,47.0,47.0,47.0,47.0,47.0,47.0,47.0,47.0,47.0,47.0,47.0,47.0,47.0,47.0,47.0,47.0,47.0,47.0,47.0,47.0,47.0,47.0,47.0,47.0,47.0,47.0,47.0,47.0,47.0,47.0,47.0,47.0,47.0,47.0,47.0,47.0,47.0,47.0,47.0,47.0,47.0,47.0,47.0,47.0,47.0,47.0,47.0,47.0,47.0,47.0,0.0,0.0,0.0,0.0,0.0,0.0,0.0,0.0,0.0,0.0,0.0,0.0,0.0,0.0,0.0,0.0,0.0,0.0,0.0,0.0,0.0,0.0,0.0,0.0,0.0,0.0,0.0,0.0,0.0,0.0,0.0,0.0,0.0,0.0,0.0,0.0,0.0,0.0,0.0,0.0,0.0,0.0,...
1763031916,102957520,laser,-3.1241390705108643,3.1415927410125732,0.0034828970674425364,5.38107669854071e-05,0.09680557250976562,0.15000000596046448,16.0,0.4359999895095825,0.4359999895095825,0.4359999895095825,0.4359999895095825,0.4359999895095825,0.4359999895095825,0.4359999895095825,0.4359999895095825,0.4359999895095825,0.4359999895095825,0.4359999895095825,0.4359999895095825,0.4359999895095825,0.4359999895095825,0.4359999895095825,0.4359999895095825,0.4359999895095825,0.4359999895095825,0.4359999895095825,0.4359999895095825,0.4359999895095825,0.4359999895095825,0.4359999895095825,0.4359999895095825,0.4359999895095825,0.4359999895095825,0.4359999895095825,0.4359999895095825,0.4359999895095825,0.4359999895095825,0.4359999895095825,0.4359999895095825,0.4359999895095825,0.4359999895095825,0.43700000643730164,0.43700000643730164,0.43700000643730164,0.43700000643730164,0.43700000643730164,0.43700000643730164,0.43700000643730164,0.43700000643730164,0.43700000643730164,0.43799999356269836,0.43799999356269836,0.43799999356269836,0.43799999356269836,0.43799999356269836,0.43799999356269836,0.43799999356269836,0.4390000104904175,0.4390000104904175,0.4390000104904175,0.4390000104904175,0.4390000104904175,0.4399999976158142,0.4399999976158142,0.4399999976158142,0.4399999976158142,0.4410000145435333,0.4410000145435333,0.4410000145435333,0.44200000166893005,0.44200000166893005,0.44200000166893005,0.44200000166893005,0.4429999887943268,0.4429999887943268,0.4429999887943268,0.4429999887943268,0.4429999887943268,0.4440000057220459,0.4440000057220459,0.4440000057220459,0.4449999928474426,0.4449999928474426,0.4449999928474426,0.44600000977516174,0.44600000977516174,0.44600000977516174,0.44600000977516174,0.44699999690055847,0.44699999690055847,0.44699999690055847,0.4480000138282776,0.4480000138282776,0.4480000138282776,0.4490000009536743,0.4490000009536743,0.44999998807907104,0.44999998807907104,0.44999998807907104,0.45100000500679016,0.45100000500679016,0.4519999921321869,0.4519999921321869,0.453000009059906,0.453000009059906,0.453000009059906,0.45399999618530273,0.45399999618530273,0.45500001311302185,0.45500001311302185,0.4560000002384186,0.4560000002384186,0.4560000002384186,0.4569999873638153,0.4569999873638153,0.45899999141693115,0.45899999141693115,0.45899999141693115,0.45899999141693115,0.46000000834465027,0.460999995470047,0.4620000123977661,0.4620000123977661,0.46299999952316284,0.46299999952316284,0.46399998664855957,0.46399998664855957,0.4699999988079071,0.47999998927116394,0.47999998927116394,0.4819999933242798,0.4819999933242798,0.4819999933242798,0.47699999809265137,0.47699999809265137,...,47.0,47.0,47.0,47.0,47.0,47.0,47.0,47.0,47.0,47.0,47.0,47.0,47.0,47.0,47.0,47.0,47.0,47.0,47.0,47.0,47.0,47.0,47.0,47.0,47.0,47.0,47.0,47.0,47.0,47.0,47.0,47.0,47.0,47.0,47.0,47.0,47.0,47.0,47.0,47.0,47.0,47.0,47.0,47.0,47.0,47.0,47.0,47.0,47.0,47.0,47.0,47.0,47.0,47.0,47.0,47.0,47.0,47.0,47.0,47.0,47.0,47.0,47.0,47.0,47.0,47.0,47.0,47.0,47.0,47.0,47.0,47.0,47.0,47.0,47.0,47.0,47.0,47.0,47.0,47.0,47.0,47.0,47.0,47.0,47.0,47.0,47.0,47.0,47.0,47.0,47.0,47.0,47.0,47.0,47.0,47.0,47.0,47.0,47.0,47.0,47.0,47.0,47.0,47.0,47.0,47.0,47.0,47.0,47.0,47.0,47.0,47.0,47.0,47.0,47.0,47.0,47.0,47.0,47.0,47.0,47.0,47.0,47.0,47.0,47.0,47.0,47.0,47.0,...
1763031916,201496480,laser,-3.1241390705108643,3.1415927410125732,0.0034828970674425364,5.3681367717217654e-05,0.09657277911901474,0.15000000596046448,16.0,0.4359999895095825,0.4359999895095825,0.4359999895095825,0.4359999895095825,0.4359999895095825,0.4359999895095825,0.4359999895095825,0.4359999895095825,0.4359999895095825,0.4359999895095825,0.4359999895095825,0.4359999895095825,0.4359999895095825,0.4359999895095825,0.4359999895095825,0.4359999895095825,0.4359999895095825,0.4359999895095825,0.4359999895095825,0.4359999895095825,0.4359999895095825,0.4359999895095825,0.4359999895095825,0.4359999895095825,0.4359999895095825,0.4359999895095825,0.4359999895095825,0.4359999895095825,0.4359999895095825,0.4359999895095825,0.4359999895095825,0.4359999895095825,0.4359999895095825,0.4359999895095825,0.43700000643730164,0.43700000643730164,0.43700000643730164,0.43700000643730164,0.43700000643730164,0.43700000643730164,0.43700000643730164,0.43700000643730164,0.43700000643730164,0.43799999356269836,0.43799999356269836,0.43799999356269836,0.43799999356269836,0.43799999356269836,0.43799999356269836,0.43799999356269836,0.4390000104904175,0.4390000104904175,0.4390000104904175,0.4390000104904175,0.4390000104904175,0.4390000104904175,0.4399999976158142,0.4399999976158142,0.4410000145435333,0.4410000145435333,0.4410000145435333,0.4410000145435333,0.44200000166893005,0.44200000166893005,0.44200000166893005,0.44200000166893005,0.44200000166893005,0.4429999887943268,0.4429999887943268,0.4429999887943268,0.4429999887943268,0.4440000057220459,0.4440000057220459,0.4440000057220459,0.4449999928474426,0.4449999928474426,0.4449999928474426,0.44600000977516174,0.44600000977516174,0.44600000977516174,0.44600000977516174,0.44699999690055847,0.44699999690055847,0.44699999690055847,0.4480000138282776,0.4480000138282776,0.4480000138282776,0.4490000009536743,0.4490000009536743,0.44999998807907104,0.44999998807907104,0.44999998807907104,0.45100000500679016,0.45100000500679016,0.45100000500679016,0.4519999921321869,0.453000009059906,0.453000009059906,0.453000009059906,0.45399999618530273,0.45399999618530273,0.45399999618530273,0.45500001311302185,0.4560000002384186,0.4560000002384186,0.4560000002384186,0.4569999873638153,0.4580000042915344,0.45899999141693115,0.45899999141693115,0.45899999141693115,0.45899999141693115,0.46000000834465027,0.460999995470047,0.4620000123977661,0.4620000123977661,0.46299999952316284,0.46299999952316284,0.46399998664855957,0.46399998664855957,0.4699999988079071,0.47999998927116394,0.47999998927116394,0.47999998927116394,0.4830000102519989,0.4830000102519989,0.4830000102519989,0.44999998807907104,...,47.0,47.0,47.0,47.0,47.0,47.0,47.0,47.0,47.0,47.0,47.0,47.0,47.0,47.0,47.0,47.0,47.0,47.0,47.0,47.0,47.0,47.0,47.0,47.0,47.0,47.0,47.0,47.0,47.0,47.0,47.0,47.0,47.0,47.0,47.0,47.0,47.0,47.0,47.0,47.0,47.0,47.0,47.0,47.0,47.0,47.0,47.0,47.0,47.0,47.0,47.0,47.0,47.0,47.0,47.0,47.0,47.0,47.0,47.0,47.0,47.0,47.0,47.0,47.0,47.0,47.0,47.0,47.0,47.0,47.0,47.0,47.0,47.0,47.0,47.0,47.0,47.0,47.0,47.0,47.0,47.0,47.0,47.0,47.0,47.0,47.0,47.0,47.0,47.0,47.0,47.0,47.0,47.0,47.0,47.0,47.0,47.0,47.0,47.0,47.0,47.0,47.0,47.0,47.0,47.0,47.0,47.0,47.0,47.0,47.0,47.0,47.0,47.0,47.0,47.0,47.0,47.0,47.0,47.0,47.0,47.0,47.0,47.0,47.0,47.0,47.0,47.0,47.0,...
1763031916,299409918,laser,-3.1241390705108643,3.1415927410125732,0.0034828970674425364,5.3899668273516e-05,0.0969654992222786,0.15000000596046448,16.0,0.4359999895095825,0.4359999895095825,0.4359999895095825,0.4359999895095825,0.4359999895095825,0.4359999895095825,0.4359999895095825,0.4359999895095825,0.4359999895095825,0.4359999895095825,0.4359999895095825,0.4359999895095825,0.4359999895095825,0.4359999895095825,0.4359999895095825,0.4359999895095825,0.4359999895095825,0.4359999895095825,0.4359999895095825,0.4359999895095825,0.4359999895095825,0.4359999895095825,0.4359999895095825,0.4359999895095825,0.4359999895095825,0.4359999895095825,0.4359999895095825,0.4359999895095825,0.4359999895095825,0.4359999895095825,0.4359999895095825,0.4359999895095825,0.4359999895095825,0.4359999895095825,0.4359999895095825,0.43700000643730164,0.43700000643730164,0.43700000643730164,0.43700000643730164,0.43700000643730164,0.43700000643730164,0.43700000643730164,0.43700000643730164,0.43700000643730164,0.43700000643730164,0.43799999356269836,0.43799999356269836,0.43799999356269836,0.43799999356269836,0.43799999356269836,0.43799999356269836,0.4390000104904175,0.4390000104904175,0.4390000104904175,0.4390000104904175,0.4399999976158142,0.4399999976158142,0.4399999976158142,0.4399999976158142,0.4410000145435333,0.4410000145435333,0.44200000166893005,0.44200000166893005,0.44200000166893005,0.44200000166893005,0.44200000166893005,0.44200000166893005,0.4429999887943268,0.4429999887943268,0.4429999887943268,0.4429999887943268,0.4440000057220459,0.4440000057220459,0.4440000057220459,0.4449999928474426,0.4449999928474426,0.4449999928474426,0.4449999928474426,0.44600000977516174,0.44600000977516174,0.44600000977516174,0.44699999690055847,0.44699999690055847,0.44699999690055847,0.4480000138282776,0.4480000138282776,0.4480000138282776,0.4490000009536743,0.4490000009536743,0.4490000009536743,0.44999998807907104,0.44999998807907104,0.45100000500679016,0.45100000500679016,0.4519999921321869,0.4519999921321869,0.453000009059906,0.453000009059906,0.45399999618530273,0.45399999618530273,0.45399999618530273,0.45399999618530273,0.45500001311302185,0.4560000002384186,0.4560000002384186,0.4569999873638153,0.4569999873638153,0.4569999873638153,0.4580000042915344,0.45899999141693115,0.45899999141693115,0.46000000834465027,0.46000000834465027,0.460999995470047,0.460999995470047,0.4620000123977661,0.46299999952316284,0.46299999952316284,0.46399998664855957,0.46399998664855957,0.4650000035762787,0.4690000116825104,0.47600001096725464,0.47999998927116394,0.47999998927116394,0.48100000619888306,0.4429999887943268,0.4429999887943268,...,47.0,47.0,47.0,47.0,47.0,47.0,47.0,47.0,47.0,47.0,47.0,47.0,47.0,47.0,47.0,47.0,47.0,47.0,47.0,47.0,47.0,47.0,47.0,47.0,47.0,47.0,47.0,47.0,47.0,47.0,47.0,47.0,47.0,47.0,47.0,47.0,47.0,47.0,47.0,47.0,47.0,47.0,47.0,47.0,47.0,47.0,47.0,47.0,47.0,47.0,47.0,47.0,47.0,47.0,47.0,47.0,47.0,47.0,47.0,47.0,47.0,47.0,47.0,47.0,47.0,47.0,47.0,47.0,47.0,47.0,47.0,47.0,47.0,47.0,47.0,47.0,47.0,47.0,47.0,47.0,47.0,47.0,47.0,47.0,47.0,47.0,47.0,47.0,47.0,47.0,47.0,47.0,47.0,47.0,47.0,47.0,47.0,47.0,47.0,47.0,47.0,47.0,47.0,47.0,47.0,47.0,47.0,47.0,47.0,47.0,47.0,47.0,47.0,47.0,47.0,47.0,47.0,47.0,47.0,47.0,47.0,47.0,47.0,47.0,47.0,47.0,47.0,47.0,...
1763031916,398072893,laser,-3.1241390705108643,3.1415927410125732,0.0034828970674425364,5.365103788790293e-05,0.09651821851730347,0.15000000596046448,16.0,0.4359999895095825,0.4359999895095825,0.4359999895095825,0.4359999895095825,0.4359999895095825,0.4359999895095825,0.4359999895095825,0.4359999895095825,0.4359999895095825,0.4359999895095825,0.4359999895095825,0.4359999895095825,0.4359999895095825,0.4359999895095825,0.4359999895095825,0.4359999895095825,0.4359999895095825,0.4359999895095825,0.4359999895095825,0.4359999895095825,0.4359999895095825,0.4359999895095825,0.4359999895095825,0.4359999895095825,0.4359999895095825,0.4359999895095825,0.4359999895095825,0.4359999895095825,0.4359999895095825,0.4359999895095825,0.4359999895095825,0.4359999895095825,0.4359999895095825,0.43700000643730164,0.43700000643730164,0.43700000643730164,0.43700000643730164,0.43700000643730164,0.43700000643730164,0.43700000643730164,0.43700000643730164,0.43700000643730164,0.43700000643730164,0.43700000643730164,0.43700000643730164,0.43799999356269836,0.43799999356269836,0.43799999356269836,0.43799999356269836,0.43799999356269836,0.43799999356269836,0.43799999356269836,0.4390000104904175,0.4390000104904175,0.4390000104904175,0.4390000104904175,0.4399999976158142,0.4399999976158142,0.4410000145435333,0.4399999976158142,0.4410000145435333,0.44200000166893005,0.44200000166893005,0.44200000166893005,0.44200000166893005,0.44200000166893005,0.44200000166893005,0.4429999887943268,0.4429999887943268,0.4429999887943268,0.4429999887943268,0.4429999887943268,0.4440000057220459,0.4440000057220459,0.4449999928474426,0.4449999928474426,0.4449999928474426,0.4449999928474426,0.44600000977516174,0.44600000977516174,0.44600000977516174,0.44699999690055847,0.44699999690055847,0.44699999690055847,0.44699999690055847,0.4480000138282776,0.4480000138282776,0.4490000009536743,0.4490000009536743,0.4490000009536743,0.44999998807907104,0.44999998807907104,0.45100000500679016,0.45100000500679016,0.4519999921321869,0.4519999921321869,0.4519999921321869,0.453000009059906,0.453000009059906,0.45399999618530273,0.45399999618530273,0.45500001311302185,0.45500001311302185,0.45500001311302185,0.4560000002384186,0.4569999873638153,0.4569999873638153,0.4569999873638153,0.4569999873638153,0.45899999141693115,0.46000000834465027,0.46000000834465027,0.46000000834465027,0.460999995470047,0.460999995470047,0.4620000123977661,0.46299999952316284,0.46299999952316284,0.46299999952316284,0.46399998664855957,0.46399998664855957,0.47200000286102295,0.48100000619888306,0.48100000619888306,0.4819999933242798,0.4819999933242798,0.4410000145435333,0.4410000145435333,...,47.0,47.0,47.0,47.0,47.0,47.0,47.0,47.0,47.0,47.0,47.0,47.0,47.0,47.0,47.0,47.0,47.0,47.0,47.0,47.0,47.0,47.0,47.0,47.0,47.0,47.0,47.0,47.0,47.0,47.0,47.0,47.0,47.0,47.0,47.0,47.0,47.0,47.0,47.0,47.0,47.0,47.0,47.0,47.0,47.0,47.0,47.0,47.0,47.0,47.0,47.0,47.0,47.0,47.0,47.0,47.0,47.0,47.0,47.0,47.0,47.0,47.0,47.0,47.0,47.0,47.0,47.0,47.0,47.0,47.0,47.0,47.0,47.0,47.0,47.0,47.0,47.0,47.0,47.0,47.0,47.0,47.0,47.0,47.0,47.0,47.0,47.0,47.0,47.0,47.0,47.0,47.0,47.0,47.0,47.0,47.0,47.0,47.0,47.0,47.0,47.0,47.0,47.0,47.0,47.0,47.0,47.0,47.0,47.0,47.0,47.0,47.0,47.0,47.0,47.0,47.0,47.0,47.0,47.0,47.0,47.0,47.0,47.0,47.0,47.0,47.0,47.0,47.0,...
1763031916,496278928,laser,-3.1241390705108643,3.1415927410125732,0.0034828970674425364,5.366134791984223e-05,0.09653677046298981,0.15000000596046448,16.0,0.4359999895095825,0.4359999895095825,0.4359999895095825,0.4359999895095825,0.4359999895095825,0.4359999895095825,0.4359999895095825,0.4359999895095825,0.4359999895095825,0.4359999895095825,0.4359999895095825,0.4359999895095825,0.4359999895095825,0.4359999895095825,0.4359999895095825,0.4359999895095825,0.4359999895095825,0.4359999895095825,0.4359999895095825,0.4359999895095825,0.4359999895095825,0.4359999895095825,0.4359999895095825,0.4359999895095825,0.4359999895095825,0.4359999895095825,0.4359999895095825,0.4359999895095825,0.4359999895095825,0.4359999895095825,0.4359999895095825,0.4359999895095825,0.4359999895095825,0.4359999895095825,0.43700000643730164,0.43700000643730164,0.43700000643730164,0.43700000643730164,0.43700000643730164,0.43700000643730164,0.43700000643730164,0.43700000643730164,0.43700000643730164,0.43799999356269836,0.43799999356269836,0.43799999356269836,0.43799999356269836,0.43799999356269836,0.43799999356269836,0.43799999356269836,0.43799999356269836,0.4390000104904175,0.4390000104904175,0.4390000104904175,0.4390000104904175,0.4390000104904175,0.4399999976158142,0.4399999976158142,0.4399999976158142,0.4399999976158142,0.4410000145435333,0.4410000145435333,0.44200000166893005,0.44200000166893005,0.44200000166893005,0.44200000166893005,0.44200000166893005,0.4429999887943268,0.4429999887943268,0.4429999887943268,0.4429999887943268,0.4429999887943268,0.4440000057220459,0.4440000057220459,0.4449999928474426,0.4449999928474426,0.4449999928474426,0.44600000977516174,0.44600000977516174,0.44600000977516174,0.44600000977516174,0.44699999690055847,0.44699999690055847,0.44699999690055847,0.4480000138282776,0.4480000138282776,0.4480000138282776,0.4490000009536743,0.4490000009536743,0.44999998807907104,0.44999998807907104,0.44999998807907104,0.45100000500679016,0.45100000500679016,0.4519999921321869,0.4519999921321869,0.453000009059906,0.453000009059906,0.453000009059906,0.45399999618530273,0.45399999618530273,0.45500001311302185,0.45500001311302185,0.4560000002384186,0.4560000002384186,0.4569999873638153,0.4580000042915344,0.4580000042915344,0.45899999141693115,0.45899999141693115,0.46000000834465027,0.46000000834465027,0.46000000834465027,0.460999995470047,0.4620000123977661,0.4620000123977661,0.4620000123977661,0.46299999952316284,0.46299999952316284,0.46399998664855957,0.4699999988079071,0.4699999988079071,0.4779999852180481,0.4779999852180481,0.48100000619888306,0.48100000619888306,0.48100000619888306,0.4749999940395355,...,47.0,47.0,47.0,47.0,47.0,47.0,47.0,47.0,47.0,47.0,47.0,47.0,47.0,47.0,47.0,47.0,47.0,47.0,47.0,47.0,47.0,47.0,47.0,47.0,47.0,47.0,47.0,47.0,47.0,47.0,47.0,47.0,47.0,47.0,47.0,47.0,47.0,47.0,47.0,47.0,47.0,47.0,47.0,47.0,47.0,47.0,47.0,47.0,47.0,47.0,47.0,47.0,47.0,47.0,47.0,47.0,47.0,47.0,47.0,47.0,47.0,47.0,47.0,47.0,47.0,47.0,47.0,47.0,47.0,47.0,47.0,47.0,47.0,47.0,47.0,47.0,47.0,47.0,47.0,47.0,47.0,47.0,47.0,47.0,47.0,47.0,47.0,47.0,47.0,47.0,47.0,47.0,47.0,47.0,47.0,47.0,47.0,47.0,47.0,47.0,47.0,47.0,47.0,47.0,47.0,47.0,47.0,47.0,47.0,47.0,47.0,47.0,47.0,47.0,47.0,47.0,47.0,47.0,47.0,47.0,47.0,47.0,47.0,47.0,47.0,47.0,47.0,47.0,...
1763031916,594585288,laser,-3.1241390705108643,3.1415927410125732,0.0034828970674425364,5.370004510041326e-05,0.09660638123750687,0.15000000596046448,16.0,0.4359999895095825,0.4359999895095825,0.4359999895095825,0.4359999895095825,0.4359999895095825,0.4359999895095825,0.4359999895095825,0.4359999895095825,0.4359999895095825,0.4359999895095825,0.4359999895095825,0.4359999895095825,0.4359999895095825,0.4359999895095825,0.4359999895095825,0.4359999895095825,0.4359999895095825,0.4359999895095825,0.4359999895095825,0.4359999895095825,0.4359999895095825,0.4359999895095825,0.4359999895095825,0.4359999895095825,0.4359999895095825,0.4359999895095825,0.4359999895095825,0.4359999895095825,0.4359999895095825,0.4359999895095825,0.4359999895095825,0.4359999895095825,0.4359999895095825,0.4359999895095825,0.4359999895095825,0.4359999895095825,0.43700000643730164,0.43700000643730164,0.43700000643730164,0.43700000643730164,0.43700000643730164,0.43700000643730164,0.43700000643730164,0.43700000643730164,0.43799999356269836,0.43799999356269836,0.43799999356269836,0.43799999356269836,0.43799999356269836,0.43799999356269836,0.43799999356269836,0.4390000104904175,0.4390000104904175,0.4390000104904175,0.4390000104904175,0.4390000104904175,0.4399999976158142,0.4399999976158142,0.4399999976158142,0.4399999976158142,0.4410000145435333,0.4410000145435333,0.44200000166893005,0.44200000166893005,0.44200000166893005,0.44200000166893005,0.44200000166893005,0.4429999887943268,0.4429999887943268,0.4429999887943268,0.4429999887943268,0.4429999887943268,0.4440000057220459,0.4440000057220459,0.4440000057220459,0.4449999928474426,0.4449999928474426,0.44600000977516174,0.44600000977516174,0.44600000977516174,0.44699999690055847,0.44699999690055847,0.44699999690055847,0.44699999690055847,0.44699999690055847,0.4480000138282776,0.4480000138282776,0.4490000009536743,0.4490000009536743,0.44999998807907104,0.44999998807907104,0.44999998807907104,0.45100000500679016,0.45100000500679016,0.4519999921321869,0.4519999921321869,0.4519999921321869,0.453000009059906,0.453000009059906,0.45399999618530273,0.45399999618530273,0.45500001311302185,0.4560000002384186,0.4560000002384186,0.4560000002384186,0.4560000002384186,0.4569999873638153,0.4580000042915344,0.4580000042915344,0.45899999141693115,0.46000000834465027,0.46000000834465027,0.46000000834465027,0.460999995470047,0.460999995470047,0.4620000123977661,0.4620000123977661,0.46299999952316284,0.46399998664855957,0.4650000035762787,0.4650000035762787,0.4690000116825104,0.47600001096725464,0.48100000619888306,0.4819999933242798,0.4819999933242798,0.4429999887943268,0.4429999887943268,...,47.0,47.0,47.0,47.0,47.0,47.0,47.0,47.0,47.0,47.0,47.0,47.0,47.0,47.0,47.0,47.0,47.0,47.0,47.0,47.0,47.0,47.0,47.0,47.0,47.0,47.0,47.0,47.0,47.0,47.0,47.0,47.0,47.0,47.0,47.0,47.0,47.0,47.0,47.0,47.0,47.0,47.0,47.0,47.0,47.0,47.0,47.0,47.0,47.0,47.0,47.0,47.0,47.0,47.0,47.0,47.0,47.0,47.0,47.0,47.0,47.0,47.0,47.0,47.0,47.0,47.0,47.0,47.0,47.0,47.0,47.0,47.0,47.0,47.0,47.0,47.0,47.0,47.0,47.0,47.0,47.0,47.0,47.0,47.0,47.0,47.0,47.0,47.0,47.0,47.0,47.0,47.0,47.0,47.0,47.0,47.0,47.0,47.0,47.0,47.0,47.0,47.0,47.0,47.0,47.0,47.0,47.0,47.0,47.0,47.0,47.0,47.0,47.0,47.0,47.0,47.0,47.0,47.0,47.0,47.0,47.0,47.0,47.0,47.0,47.0,47.0,47.0,47.0,...
1763031916,693024099,laser,-3.1241390705108643,3.1415927410125732,0.0034828970674425364,5.355220491765067e-05,0.09634041786193848,0.15000000596046448,16.0,0.4359999895095825,0.4359999895095825,0.4359999895095825,0.4359999895095825,0.4359999895095825,0.4359999895095825,0.4359999895095825,0.4359999895095825,0.4359999895095825,0.4359999895095825,0.4359999895095825,0.4359999895095825,0.4359999895095825,0.4359999895095825,0.4359999895095825,0.4359999895095825,0.4359999895095825,0.4359999895095825,0.4359999895095825,0.4359999895095825,0.4359999895095825,0.4359999895095825,0.4359999895095825,0.4359999895095825,0.4359999895095825,0.4359999895095825,0.4359999895095825,0.4359999895095825,0.4359999895095825,0.4359999895095825,0.4359999895095825,0.4359999895095825,0.4359999895095825,0.4359999895095825,0.4359999895095825,0.4359999895095825,0.43700000643730164,0.43700000643730164,0.43700000643730164,0.43700000643730164,0.43700000643730164,0.43700000643730164,0.43700000643730164,0.43799999356269836,0.43799999356269836,0.43799999356269836,0.43799999356269836,0.43799999356269836,0.43799999356269836,0.43799999356269836,0.43799999356269836,0.43799999356269836,0.4390000104904175,0.4390000104904175,0.4390000104904175,0.4399999976158142,0.4399999976158142,0.4399999976158142,0.4399999976158142,0.4410000145435333,0.4410000145435333,0.4410000145435333,0.4410000145435333,0.44200000166893005,0.44200000166893005,0.44200000166893005,0.4429999887943268,0.4429999887943268,0.4429999887943268,0.4429999887943268,0.4429999887943268,0.4440000057220459,0.4440000057220459,0.4440000057220459,0.4449999928474426,0.4449999928474426,0.4449999928474426,0.4449999928474426,0.44600000977516174,0.44600000977516174,0.44699999690055847,0.44699999690055847,0.44699999690055847,0.44699999690055847,0.4480000138282776,0.4480000138282776,0.4480000138282776,0.4490000009536743,0.4490000009536743,0.44999998807907104,0.44999998807907104,0.45100000500679016,0.45100000500679016,0.45100000500679016,0.45100000500679016,0.4519999921321869,0.4519999921321869,0.453000009059906,0.45399999618530273,0.45399999618530273,0.45399999618530273,0.45500001311302185,0.45500001311302185,0.4560000002384186,0.4560000002384186,0.4560000002384186,0.4569999873638153,0.4580000042915344,0.4580000042915344,0.45899999141693115,0.46000000834465027,0.46000000834465027,0.46000000834465027,0.460999995470047,0.4620000123977661,0.4620000123977661,0.46299999952316284,0.46399998664855957,0.46399998664855957,0.46399998664855957,0.46799999475479126,0.4779999852180481,0.4779999852180481,0.48100000619888306,0.48100000619888306,0.47999998927116394,0.4490000009536743,0.4490000009536743,...,47.0,47.0,47.0,47.0,47.0,47.0,47.0,47.0,47.0,47.0,47.0,47.0,47.0,47.0,47.0,47.0,47.0,47.0,47.0,47.0,47.0,47.0,47.0,47.0,47.0,47.0,47.0,47.0,47.0,47.0,47.0,47.0,47.0,47.0,47.0,47.0,47.0,47.0,47.0,47.0,47.0,47.0,47.0,47.0,47.0,47.0,47.0,47.0,47.0,47.0,47.0,47.0,47.0,47.0,47.0,47.0,47.0,47.0,47.0,47.0,47.0,47.0,47.0,47.0,47.0,47.0,47.0,47.0,47.0,47.0,47.0,47.0,47.0,47.0,47.0,47.0,47.0,47.0,47.0,47.0,47.0,47.0,47.0,47.0,47.0,47.0,47.0,47.0,47.0,47.0,47.0,47.0,47.0,47.0,47.0,47.0,47.0,47.0,47.0,47.0,47.0,47.0,47.0,47.0,47.0,47.0,47.0,47.0,47.0,47.0,47.0,47.0,47.0,47.0,47.0,47.0,47.0,47.0,47.0,47.0,47.0,47.0,47.0,47.0,47.0,47.0,47.0,47.0,...
1763031916,791175680,laser,-3.1241390705108643,3.1415927410125732,0.0034828970674425364,5.359831266105175e-05,0.09642336517572403,0.15000000596046448,16.0,0.4359999895095825,0.4359999895095825,0.4359999895095825,0.4359999895095825,0.4359999895095825,0.4359999895095825,0.4359999895095825,0.4359999895095825,0.4359999895095825,0.4359999895095825,0.4359999895095825,0.4359999895095825,0.4359999895095825,0.4359999895095825,0.4359999895095825,0.4359999895095825,0.4359999895095825,0.4359999895095825,0.4359999895095825,0.4359999895095825,0.4359999895095825,0.4359999895095825,0.4359999895095825,0.4359999895095825,0.4359999895095825,0.4359999895095825,0.4359999895095825,0.4359999895095825,0.4359999895095825,0.4359999895095825,0.4359999895095825,0.4359999895095825,0.4359999895095825,0.4359999895095825,0.4359999895095825,0.43700000643730164,0.43700000643730164,0.43700000643730164,0.43700000643730164,0.43700000643730164,0.43700000643730164,0.43799999356269836,0.43799999356269836,0.43799999356269836,0.43799999356269836,0.43799999356269836,0.43799999356269836,0.43799999356269836,0.43799999356269836,0.43799999356269836,0.43799999356269836,0.43799999356269836,0.4390000104904175,0.4390000104904175,0.4390000104904175,0.4399999976158142,0.4399999976158142,0.4399999976158142,0.4399999976158142,0.4410000145435333,0.4410000145435333,0.4410000145435333,0.4410000145435333,0.44200000166893005,0.44200000166893005,0.44200000166893005,0.4429999887943268,0.4429999887943268,0.4429999887943268,0.4429999887943268,0.4429999887943268,0.4440000057220459,0.4440000057220459,0.4440000057220459,0.4449999928474426,0.4449999928474426,0.4449999928474426,0.4449999928474426,0.44600000977516174,0.44600000977516174,0.44600000977516174,0.44699999690055847,0.44699999690055847,0.44699999690055847,0.4480000138282776,0.4480000138282776,0.4490000009536743,0.4490000009536743,0.4490000009536743,0.4490000009536743,0.44999998807907104,0.45100000500679016,0.45100000500679016,0.45100000500679016,0.45100000500679016,0.4519999921321869,0.4519999921321869,0.453000009059906,0.45399999618530273,0.45399999618530273,0.45500001311302185,0.45500001311302185,0.45500001311302185,0.4560000002384186,0.4560000002384186,0.4569999873638153,0.4569999873638153,0.4580000042915344,0.4580000042915344,0.45899999141693115,0.46000000834465027,0.46000000834465027,0.460999995470047,0.460999995470047,0.460999995470047,0.4620000123977661,0.4620000123977661,0.46299999952316284,0.46399998664855957,0.46399998664855957,0.4650000035762787,0.4699999988079071,0.4790000021457672,0.4790000021457672,0.48100000619888306,0.4819999933242798,0.4519999921321869,0.44600000977516174,...,47.0,47.0,47.0,47.0,47.0,47.0,47.0,47.0,47.0,47.0,47.0,47.0,47.0,47.0,47.0,47.0,47.0,47.0,47.0,47.0,47.0,47.0,47.0,47.0,47.0,47.0,47.0,47.0,47.0,47.0,47.0,47.0,47.0,47.0,47.0,47.0,47.0,47.0,47.0,47.0,47.0,47.0,47.0,47.0,47.0,47.0,47.0,47.0,47.0,47.0,47.0,47.0,47.0,47.0,47.0,47.0,47.0,47.0,47.0,47.0,47.0,47.0,47.0,47.0,47.0,47.0,47.0,47.0,47.0,47.0,47.0,47.0,47.0,47.0,47.0,47.0,47.0,47.0,47.0,47.0,47.0,47.0,47.0,47.0,47.0,47.0,47.0,47.0,47.0,47.0,47.0,47.0,47.0,47.0,47.0,47.0,47.0,47.0,47.0,47.0,47.0,47.0,47.0,47.0,47.0,47.0,47.0,47.0,47.0,47.0,47.0,47.0,47.0,47.0,47.0,47.0,47.0,47.0,47.0,47.0,47.0,47.0,47.0,47.0,47.0,47.0,47.0,47.0,...
1763031916,889349201,laser,-3.1241390705108643,3.1415927410125732,0.0034828970674425364,5.367589255911298e-05,0.0965629294514656,0.15000000596046448,16.0,0.4359999895095825,0.4359999895095825,0.4359999895095825,0.4359999895095825,0.4359999895095825,0.4359999895095825,0.4359999895095825,0.4359999895095825,0.4359999895095825,0.4359999895095825,0.4359999895095825,0.4359999895095825,0.4359999895095825,0.4359999895095825,0.4359999895095825,0.4359999895095825,0.4359999895095825,0.4359999895095825,0.4359999895095825,0.4359999895095825,0.4359999895095825,0.4359999895095825,0.4359999895095825,0.4359999895095825,0.4359999895095825,0.4359999895095825,0.4359999895095825,0.4359999895095825,0.4359999895095825,0.4359999895095825,0.4359999895095825,0.4359999895095825,0.4359999895095825,0.4359999895095825,0.4359999895095825,0.4359999895095825,0.43700000643730164,0.43700000643730164,0.43700000643730164,0.43700000643730164,0.43700000643730164,0.43700000643730164,0.43700000643730164,0.43799999356269836,0.43799999356269836,0.43799999356269836,0.43799999356269836,0.43799999356269836,0.43799999356269836,0.43799999356269836,0.43799999356269836,0.4390000104904175,0.4390000104904175,0.4390000104904175,0.4390000104904175,0.4399999976158142,0.4399999976158142,0.4399999976158142,0.4399999976158142,0.4399999976158142,0.4399999976158142,0.4410000145435333,0.44200000166893005,0.44200000166893005,0.44200000166893005,0.44200000166893005,0.44200000166893005,0.4429999887943268,0.4429999887943268,0.4429999887943268,0.4429999887943268,0.4440000057220459,0.4440000057220459,0.4440000057220459,0.4440000057220459,0.4449999928474426,0.4449999928474426,0.4449999928474426,0.44600000977516174,0.44600000977516174,0.44600000977516174,0.44699999690055847,0.44699999690055847,0.44699999690055847,0.4480000138282776,0.4480000138282776,0.4480000138282776,0.4480000138282776,0.4490000009536743,0.44999998807907104,0.44999998807907104,0.44999998807907104,0.45100000500679016,0.45100000500679016,0.4519999921321869,0.4519999921321869,0.453000009059906,0.453000009059906,0.453000009059906,0.453000009059906,0.45399999618530273,0.45500001311302185,0.4560000002384186,0.4560000002384186,0.4560000002384186,0.4560000002384186,0.4569999873638153,0.4580000042915344,0.4580000042915344,0.45899999141693115,0.45899999141693115,0.46000000834465027,0.46000000834465027,0.460999995470047,0.4620000123977661,0.4620000123977661,0.4620000123977661,0.46299999952316284,0.46299999952316284,0.46399998664855957,0.47099998593330383,0.47099998593330383,0.47999998927116394,0.47999998927116394,0.48100000619888306,0.47999998927116394,0.47999998927116394,0.4749999940395355,...,47.0,47.0,47.0,47.0,47.0,47.0,47.0,47.0,47.0,47.0,47.0,47.0,47.0,47.0,47.0,47.0,47.0,47.0,47.0,47.0,47.0,47.0,47.0,47.0,47.0,47.0,47.0,47.0,47.0,47.0,47.0,47.0,47.0,47.0,47.0,47.0,47.0,47.0,47.0,47.0,47.0,47.0,47.0,47.0,47.0,47.0,47.0,47.0,47.0,47.0,47.0,47.0,47.0,47.0,47.0,47.0,47.0,47.0,47.0,47.0,47.0,47.0,47.0,47.0,47.0,47.0,47.0,47.0,47.0,47.0,47.0,47.0,47.0,47.0,47.0,47.0,47.0,47.0,47.0,47.0,47.0,47.0,47.0,47.0,47.0,47.0,47.0,47.0,47.0,47.0,47.0,47.0,47.0,47.0,47.0,47.0,47.0,47.0,47.0,47.0,47.0,47.0,47.0,47.0,47.0,47.0,47.0,47.0,47.0,47.0,47.0,47.0,47.0,47.0,47.0,47.0,47.0,47.0,47.0,47.0,47.0,47.0,47.0,47.0,47.0,47.0,47.0,47.0,...
1763031916,987035769,laser,-3.1241390705108643,3.1415927410125732,0.0034828970674425364,5.390830847318284e-05,0.09698104858398438,0.15000000596046448,16.0,0.4359999895095825,0.4359999895095825,0.4359999895095825,0.4359999895095825,0.4359999895095825,0.4359999895095825,0.4359999895095825,0.4359999895095825,0.4359999895095825,0.4359999895095825,0.4359999895095825,0.4359999895095825,0.4359999895095825,0.4359999895095825,0.4359999895095825,0.4359999895095825,0.4359999895095825,0.4359999895095825,0.4359999895095825,0.4359999895095825,0.4359999895095825,0.4359999895095825,0.4359999895095825,0.4359999895095825,0.4359999895095825,0.4359999895095825,0.4359999895095825,0.4359999895095825,0.4359999895095825,0.4359999895095825,0.4359999895095825,0.4359999895095825,0.4359999895095825,0.4359999895095825,0.4359999895095825,0.4359999895095825,0.43700000643730164,0.43700000643730164,0.43700000643730164,0.43700000643730164,0.43700000643730164,0.43700000643730164,0.43700000643730164,0.43799999356269836,0.43799999356269836,0.43799999356269836,0.43799999356269836,0.43799999356269836,0.43799999356269836,0.43799999356269836,0.43799999356269836,0.43799999356269836,0.4390000104904175,0.4390000104904175,0.4390000104904175,0.4390000104904175,0.4399999976158142,0.4399999976158142,0.4399999976158142,0.4399999976158142,0.4399999976158142,0.4410000145435333,0.44200000166893005,0.44200000166893005,0.44200000166893005,0.44200000166893005,0.44200000166893005,0.4429999887943268,0.4429999887943268,0.4429999887943268,0.4429999887943268,0.4440000057220459,0.4440000057220459,0.4440000057220459,0.4440000057220459,0.4449999928474426,0.4449999928474426,0.4449999928474426,0.44600000977516174,0.44600000977516174,0.44699999690055847,0.44600000977516174,0.44699999690055847,0.44699999690055847,0.4480000138282776,0.4480000138282776,0.4480000138282776,0.4480000138282776,0.4490000009536743,0.44999998807907104,0.44999998807907104,0.44999998807907104,0.45100000500679016,0.45100000500679016,0.4519999921321869,0.4519999921321869,0.453000009059906,0.453000009059906,0.453000009059906,0.45399999618530273,0.45399999618530273,0.45500001311302185,0.4560000002384186,0.4560000002384186,0.4560000002384186,0.4560000002384186,0.4569999873638153,0.4580000042915344,0.45899999141693115,0.45899999141693115,0.45899999141693115,0.46000000834465027,0.46000000834465027,0.460999995470047,0.4620000123977661,0.4620000123977661,0.4620000123977661,0.46299999952316284,0.46299999952316284,0.46399998664855957,0.47099998593330383,0.47099998593330383,0.47999998927116394,0.47999998927116394,0.4830000102519989,0.4830000102519989,0.48100000619888306,0.4749999940395355,...,47.0,47.0,47.0,47.0,47.0,47.0,47.0,47.0,47.0,47.0,47.0,47.0,47.0,47.0,47.0,47.0,47.0,47.0,47.0,47.0,47.0,47.0,47.0,47.0,47.0,47.0,47.0,47.0,47.0,47.0,47.0,47.0,47.0,47.0,47.0,47.0,47.0,47.0,47.0,47.0,47.0,47.0,47.0,47.0,47.0,47.0,47.0,47.0,47.0,47.0,47.0,47.0,47.0,47.0,47.0,47.0,47.0,47.0,47.0,47.0,47.0,47.0,47.0,47.0,47.0,47.0,47.0,47.0,47.0,47.0,47.0,47.0,47.0,47.0,47.0,47.0,47.0,47.0,47.0,47.0,47.0,47.0,47.0,47.0,47.0,47.0,47.0,47.0,47.0,47.0,47.0,47.0,47.0,47.0,47.0,47.0,47.0,47.0,47.0,47.0,47.0,47.0,47.0,47.0,47.0,47.0,47.0,47.0,47.0,47.0,47.0,47.0,47.0,47.0,47.0,47.0,47.0,47.0,47.0,47.0,47.0,47.0,47.0,47.0,47.0,47.0,47.0,47.0,...
1763031917,84916045,laser,-3.1241390705108643,3.1415927410125732,0.0034828970674425364,5.420907837105915e-05,0.09752213209867477,0.15000000596046448,16.0,0.4359999895095825,0.4359999895095825,0.4359999895095825,0.4359999895095825,0.4359999895095825,0.4359999895095825,0.4359999895095825,0.4359999895095825,0.4359999895095825,0.4359999895095825,0.4359999895095825,0.4359999895095825,0.4359999895095825,0.4359999895095825,0.4359999895095825,0.4359999895095825,0.4359999895095825,0.4359999895095825,0.4359999895095825,0.4359999895095825,0.4350000023841858,0.4359999895095825,0.4359999895095825,0.4359999895095825,0.4359999895095825,0.4359999895095825,0.4359999895095825,0.4359999895095825,0.4359999895095825,0.4359999895095825,0.4359999895095825,0.4359999895095825,0.4359999895095825,0.4359999895095825,0.4359999895095825,0.43700000643730164,0.43700000643730164,0.43700000643730164,0.43700000643730164,0.43700000643730164,0.43700000643730164,0.43700000643730164,0.43700000643730164,0.43700000643730164,0.43700000643730164,0.43799999356269836,0.43799999356269836,0.43799999356269836,0.43799999356269836,0.43799999356269836,0.43799999356269836,0.43799999356269836,0.4390000104904175,0.4390000104904175,0.4390000104904175,0.4390000104904175,0.4399999976158142,0.4399999976158142,0.4399999976158142,0.4399999976158142,0.4410000145435333,0.4410000145435333,0.44200000166893005,0.44200000166893005,0.44200000166893005,0.44200000166893005,0.44200000166893005,0.4429999887943268,0.4429999887943268,0.4429999887943268,0.4429999887943268,0.4440000057220459,0.4440000057220459,0.4440000057220459,0.4440000057220459,0.4449999928474426,0.4449999928474426,0.4449999928474426,0.4449999928474426,0.44600000977516174,0.44600000977516174,0.44600000977516174,0.44699999690055847,0.44699999690055847,0.44699999690055847,0.4480000138282776,0.4480000138282776,0.4490000009536743,0.4490000009536743,0.4490000009536743,0.44999998807907104,0.44999998807907104,0.45100000500679016,0.4519999921321869,0.4519999921321869,0.4519999921321869,0.4519999921321869,0.453000009059906,0.453000009059906,0.45399999618530273,0.45500001311302185,0.45500001311302185,0.4560000002384186,0.4560000002384186,0.4560000002384186,0.4569999873638153,0.4569999873638153,0.4580000042915344,0.4580000042915344,0.4580000042915344,0.45899999141693115,0.46000000834465027,0.460999995470047,0.460999995470047,0.460999995470047,0.4620000123977661,0.4620000123977661,0.46299999952316284,0.46399998664855957,0.4650000035762787,0.4650000035762787,0.46799999475479126,0.4740000069141388,0.48100000619888306,0.48399999737739563,0.48399999737739563,inf,0.4429999887943268,...,47.0,47.0,47.0,47.0,47.0,47.0,47.0,47.0,47.0,47.0,47.0,47.0,47.0,47.0,47.0,47.0,47.0,47.0,47.0,47.0,47.0,47.0,47.0,47.0,47.0,47.0,47.0,47.0,47.0,47.0,47.0,47.0,47.0,47.0,47.0,47.0,47.0,47.0,47.0,47.0,47.0,47.0,47.0,47.0,47.0,47.0,47.0,47.0,47.0,47.0,47.0,47.0,47.0,47.0,47.0,47.0,47.0,47.0,47.0,47.0,47.0,47.0,47.0,47.0,47.0,47.0,47.0,47.0,47.0,47.0,47.0,47.0,47.0,47.0,47.0,47.0,47.0,47.0,47.0,47.0,47.0,47.0,47.0,47.0,47.0,47.0,47.0,47.0,47.0,47.0,47.0,47.0,47.0,47.0,47.0,47.0,47.0,47.0,47.0,47.0,47.0,47.0,47.0,47.0,47.0,47.0,47.0,47.0,47.0,47.0,47.0,47.0,47.0,47.0,47.0,47.0,47.0,47.0,47.0,47.0,47.0,47.0,47.0,47.0,47.0,47.0,47.0,47.0,...
1763031917,183307292,laser,-3.1241390705108643,3.1415927410125732,0.0034828970674425364,5.410796438809484e-05,0.09734023362398148,0.15000000596046448,16.0,0.4359999895095825,0.4359999895095825,0.4359999895095825,0.4359999895095825,0.4359999895095825,0.4359999895095825,0.4359999895095825,0.4359999895095825,0.4359999895095825,0.4359999895095825,0.4359999895095825,0.4359999895095825,0.4359999895095825,0.4359999895095825,0.4359999895095825,0.4359999895095825,0.4359999895095825,0.4359999895095825,0.4359999895095825,0.4359999895095825,0.4359999895095825,0.4359999895095825,0.4359999895095825,0.4359999895095825,0.4359999895095825,0.4359999895095825,0.4359999895095825,0.4359999895095825,0.4359999895095825,0.4359999895095825,0.4359999895095825,0.4359999895095825,0.4359999895095825,0.4359999895095825,0.4359999895095825,0.43700000643730164,0.43700000643730164,0.43700000643730164,0.43700000643730164,0.43700000643730164,0.43700000643730164,0.43700000643730164,0.43700000643730164,0.43799999356269836,0.43799999356269836,0.43799999356269836,0.43799999356269836,0.43799999356269836,0.43799999356269836,0.43799999356269836,0.43799999356269836,0.4390000104904175,0.4399999976158142,0.4399999976158142,0.4399999976158142,0.4390000104904175,0.4399999976158142,0.4399999976158142,0.4399999976158142,0.4399999976158142,0.4410000145435333,0.4410000145435333,0.44200000166893005,0.44200000166893005,0.44200000166893005,0.44200000166893005,0.44200000166893005,0.4429999887943268,0.4429999887943268,0.4429999887943268,0.4440000057220459,0.4440000057220459,0.4440000057220459,0.4440000057220459,0.4440000057220459,0.4449999928474426,0.4449999928474426,0.4449999928474426,0.44600000977516174,0.44600000977516174,0.44600000977516174,0.44699999690055847,0.44699999690055847,0.44699999690055847,0.4480000138282776,0.4480000138282776,0.4480000138282776,0.4490000009536743,0.4490000009536743,0.44999998807907104,0.44999998807907104,0.44999998807907104,0.45100000500679016,0.4519999921321869,0.4519999921321869,0.4519999921321869,0.453000009059906,0.453000009059906,0.453000009059906,0.45399999618530273,0.45399999618530273,0.45500001311302185,0.45500001311302185,0.4560000002384186,0.4560000002384186,0.4560000002384186,0.4569999873638153,0.4569999873638153,0.4580000042915344,0.45899999141693115,0.45899999141693115,0.46000000834465027,0.46000000834465027,0.460999995470047,0.4620000123977661,0.4620000123977661,0.4620000123977661,0.46299999952316284,0.46299999952316284,0.46399998664855957,0.47099998593330383,0.47099998593330383,0.48100000619888306,0.48100000619888306,0.48399999737739563,0.48399999737739563,0.4749999940395355,0.4749999940395355,...,47.0,47.0,47.0,47.0,47.0,47.0,47.0,47.0,47.0,47.0,47.0,47.0,47.0,47.0,47.0,47.0,47.0,47.0,47.0,47.0,47.0,47.0,47.0,47.0,47.0,47.0,47.0,47.0,47.0,47.0,47.0,47.0,47.0,47.0,47.0,47.0,47.0,47.0,47.0,47.0,47.0,47.0,47.0,47.0,47.0,47.0,47.0,47.0,47.0,47.0,47.0,47.0,47.0,47.0,47.0,47.0,47.0,47.0,47.0,47.0,47.0,47.0,47.0,47.0,47.0,47.0,47.0,47.0,47.0,47.0,47.0,47.0,47.0,47.0,47.0,47.0,47.0,47.0,47.0,47.0,47.0,47.0,47.0,47.0,47.0,47.0,47.0,47.0,47.0,47.0,47.0,47.0,47.0,47.0,47.0,47.0,47.0,47.0,47.0,47.0,47.0,47.0,47.0,47.0,47.0,47.0,47.0,47.0,47.0,47.0,47.0,47.0,47.0,47.0,47.0,47.0,47.0,47.0,47.0,47.0,47.0,47.0,47.0,47.0,47.0,47.0,47.0,47.0,...
1763031917,282483273,laser,-3.1241390705108643,3.1415927410125732,0.0034828970674425364,5.367883568396792e-05,0.09656821936368942,0.15000000596046448,16.0,0.4359999895095825,0.4359999895095825,0.4359999895095825,0.4359999895095825,0.4359999895095825,0.4359999895095825,0.4359999895095825,0.4359999895095825,0.4359999895095825,0.4359999895095825,0.4359999895095825,0.4359999895095825,0.4359999895095825,0.4359999895095825,0.4359999895095825,0.4359999895095825,0.4359999895095825,0.4359999895095825,0.4359999895095825,0.4359999895095825,0.4359999895095825,0.4359999895095825,0.4359999895095825,0.4359999895095825,0.4359999895095825,0.4359999895095825,0.4359999895095825,0.4359999895095825,0.4359999895095825,0.4359999895095825,0.4359999895095825,0.43700000643730164,0.43700000643730164,0.4359999895095825,0.4359999895095825,0.43700000643730164,0.43700000643730164,0.43700000643730164,0.43700000643730164,0.43700000643730164,0.43700000643730164,0.43700000643730164,0.43700000643730164,0.43700000643730164,0.43700000643730164,0.43799999356269836,0.43799999356269836,0.43799999356269836,0.43799999356269836,0.43799999356269836,0.43799999356269836,0.4390000104904175,0.4390000104904175,0.4399999976158142,0.4399999976158142,0.4399999976158142,0.4399999976158142,0.4399999976158142,0.4399999976158142,0.4399999976158142,0.4410000145435333,0.4410000145435333,0.44200000166893005,0.44200000166893005,0.44200000166893005,0.44200000166893005,0.44200000166893005,0.4429999887943268,0.4429999887943268,0.4429999887943268,0.4429999887943268,0.4440000057220459,0.4440000057220459,0.4440000057220459,0.4440000057220459,0.4449999928474426,0.4449999928474426,0.4449999928474426,0.44600000977516174,0.44600000977516174,0.44600000977516174,0.44600000977516174,0.44699999690055847,0.44699999690055847,0.44699999690055847,0.4480000138282776,0.4480000138282776,0.4490000009536743,0.4490000009536743,0.4490000009536743,0.44999998807907104,0.45100000500679016,0.45100000500679016,0.4519999921321869,0.4519999921321869,0.4519999921321869,0.4519999921321869,0.453000009059906,0.45399999618530273,0.45399999618530273,0.45399999618530273,0.45500001311302185,0.45500001311302185,0.45500001311302185,0.4560000002384186,0.4569999873638153,0.4569999873638153,0.4580000042915344,0.4580000042915344,0.4580000042915344,0.45899999141693115,0.46000000834465027,0.46000000834465027,0.460999995470047,0.460999995470047,0.4620000123977661,0.46299999952316284,0.46299999952316284,0.46399998664855957,0.46399998664855957,0.4650000035762787,0.46799999475479126,0.4749999940395355,0.48100000619888306,0.48100000619888306,0.4830000102519989,0.4410000145435333,0.4410000145435333,...,47.0,47.0,47.0,47.0,47.0,47.0,47.0,47.0,47.0,47.0,47.0,47.0,47.0,47.0,47.0,47.0,47.0,47.0,47.0,47.0,47.0,47.0,47.0,47.0,47.0,47.0,47.0,47.0,47.0,47.0,47.0,47.0,47.0,47.0,47.0,47.0,47.0,47.0,47.0,47.0,47.0,47.0,47.0,47.0,47.0,47.0,47.0,47.0,47.0,47.0,47.0,47.0,47.0,47.0,47.0,47.0,47.0,47.0,47.0,47.0,47.0,47.0,47.0,47.0,47.0,47.0,47.0,47.0,47.0,47.0,47.0,47.0,47.0,47.0,47.0,47.0,47.0,47.0,47.0,47.0,47.0,47.0,47.0,47.0,47.0,47.0,47.0,47.0,47.0,47.0,47.0,47.0,47.0,47.0,47.0,47.0,47.0,47.0,47.0,47.0,47.0,47.0,47.0,47.0,47.0,47.0,47.0,47.0,47.0,47.0,47.0,47.0,47.0,47.0,47.0,47.0,47.0,47.0,47.0,47.0,47.0,47.0,47.0,47.0,47.0,47.0,47.0,47.0,...
1763031917,380514816,laser,-3.1241390705108643,3.1415927410125732,0.0034828970674425364,5.372251325752586e-05,0.09664680063724518,0.15000000596046448,16.0,0.4359999895095825,0.4359999895095825,0.4359999895095825,0.4359999895095825,0.4359999895095825,0.4359999895095825,0.4359999895095825,0.4359999895095825,0.4359999895095825,0.4359999895095825,0.4359999895095825,0.4359999895095825,0.4359999895095825,0.4359999895095825,0.4359999895095825,0.4359999895095825,0.4359999895095825,0.4359999895095825,0.4359999895095825,0.4359999895095825,0.4359999895095825,0.4359999895095825,0.4359999895095825,0.4359999895095825,0.4359999895095825,0.4359999895095825,0.4359999895095825,0.4359999895095825,0.4359999895095825,0.4359999895095825,0.4359999895095825,0.4359999895095825,0.4359999895095825,0.4359999895095825,0.4359999895095825,0.43700000643730164,0.43700000643730164,0.43700000643730164,0.43700000643730164,0.43700000643730164,0.43700000643730164,0.43700000643730164,0.43700000643730164,0.43799999356269836,0.43700000643730164,0.43799999356269836,0.43799999356269836,0.43799999356269836,0.43799999356269836,0.43799999356269836,0.43799999356269836,0.4390000104904175,0.4390000104904175,0.4390000104904175,0.4399999976158142,0.4399999976158142,0.4399999976158142,0.4399999976158142,0.4399999976158142,0.4410000145435333,0.4410000145435333,0.4410000145435333,0.44200000166893005,0.44200000166893005,0.44200000166893005,0.44200000166893005,0.4429999887943268,0.4429999887943268,0.4429999887943268,0.4429999887943268,0.4429999887943268,0.4440000057220459,0.4440000057220459,0.4440000057220459,0.4440000057220459,0.4449999928474426,0.4449999928474426,0.4449999928474426,0.44600000977516174,0.44600000977516174,0.44699999690055847,0.44699999690055847,0.44699999690055847,0.44699999690055847,0.4480000138282776,0.4480000138282776,0.4490000009536743,0.4490000009536743,0.4490000009536743,0.44999998807907104,0.44999998807907104,0.45100000500679016,0.45100000500679016,0.4519999921321869,0.4519999921321869,0.4519999921321869,0.4519999921321869,0.453000009059906,0.45399999618530273,0.45399999618530273,0.45399999618530273,0.45500001311302185,0.45500001311302185,0.4560000002384186,0.4560000002384186,0.4560000002384186,0.4569999873638153,0.4569999873638153,0.4580000042915344,0.45899999141693115,0.46000000834465027,0.46000000834465027,0.46000000834465027,0.460999995470047,0.4620000123977661,0.4620000123977661,0.46299999952316284,0.46299999952316284,0.46399998664855957,0.46399998664855957,0.4699999988079071,0.4790000021457672,0.4790000021457672,0.4790000021457672,0.48100000619888306,0.4819999933242798,0.4790000021457672,0.46799999475479126,...,47.0,47.0,47.0,47.0,47.0,47.0,47.0,47.0,47.0,47.0,47.0,47.0,47.0,47.0,47.0,47.0,47.0,47.0,47.0,47.0,47.0,47.0,47.0,47.0,47.0,47.0,47.0,47.0,47.0,47.0,47.0,47.0,47.0,47.0,47.0,47.0,47.0,47.0,47.0,47.0,47.0,47.0,47.0,47.0,47.0,47.0,47.0,47.0,47.0,47.0,47.0,47.0,47.0,47.0,47.0,47.0,47.0,47.0,47.0,47.0,47.0,47.0,47.0,47.0,47.0,47.0,47.0,47.0,47.0,47.0,47.0,47.0,47.0,47.0,47.0,47.0,47.0,47.0,47.0,47.0,47.0,47.0,47.0,47.0,47.0,47.0,47.0,47.0,47.0,47.0,47.0,47.0,47.0,47.0,47.0,47.0,47.0,47.0,47.0,47.0,47.0,47.0,47.0,47.0,47.0,47.0,47.0,47.0,47.0,47.0,47.0,47.0,47.0,47.0,47.0,47.0,47.0,47.0,47.0,47.0,47.0,47.0,47.0,47.0,47.0,47.0,47.0,47.0,...
1763031917,478792410,laser,-3.1241390705108643,3.1415927410125732,0.0034828970674425364,5.370922735892236e-05,0.09662289917469025,0.15000000596046448,16.0,0.4359999895095825,0.4359999895095825,0.4359999895095825,0.4359999895095825,0.4359999895095825,0.4359999895095825,0.4359999895095825,0.4359999895095825,0.4359999895095825,0.4359999895095825,0.4359999895095825,0.4359999895095825,0.4359999895095825,0.4359999895095825,0.4359999895095825,0.4359999895095825,0.4359999895095825,0.4359999895095825,0.4359999895095825,0.4359999895095825,0.4350000023841858,0.4359999895095825,0.4359999895095825,0.4359999895095825,0.4359999895095825,0.4359999895095825,0.4359999895095825,0.4359999895095825,0.4359999895095825,0.4359999895095825,0.4359999895095825,0.4359999895095825,0.4359999895095825,0.4359999895095825,0.4359999895095825,0.4359999895095825,0.43700000643730164,0.43700000643730164,0.43700000643730164,0.43700000643730164,0.43700000643730164,0.43799999356269836,0.43799999356269836,0.43700000643730164,0.43700000643730164,0.43799999356269836,0.43799999356269836,0.43799999356269836,0.43799999356269836,0.43799999356269836,0.4390000104904175,0.43799999356269836,0.4390000104904175,0.4390000104904175,0.4390000104904175,0.4399999976158142,0.4399999976158142,0.4399999976158142,0.4399999976158142,0.4399999976158142,0.4410000145435333,0.4410000145435333,0.4410000145435333,0.44200000166893005,0.44200000166893005,0.44200000166893005,0.44200000166893005,0.4429999887943268,0.4429999887943268,0.4429999887943268,0.4429999887943268,0.4429999887943268,0.4440000057220459,0.4440000057220459,0.4449999928474426,0.4449999928474426,0.4449999928474426,0.4449999928474426,0.44600000977516174,0.44600000977516174,0.44600000977516174,0.44699999690055847,0.44699999690055847,0.44699999690055847,0.4480000138282776,0.4480000138282776,0.4480000138282776,0.4490000009536743,0.4490000009536743,0.44999998807907104,0.44999998807907104,0.45100000500679016,0.45100000500679016,0.4519999921321869,0.4519999921321869,0.4519999921321869,0.4519999921321869,0.453000009059906,0.453000009059906,0.45399999618530273,0.45399999618530273,0.45500001311302185,0.45500001311302185,0.4560000002384186,0.4560000002384186,0.4569999873638153,0.4569999873638153,0.4569999873638153,0.4580000042915344,0.4580000042915344,0.45899999141693115,0.46000000834465027,0.46000000834465027,0.460999995470047,0.460999995470047,0.4620000123977661,0.4620000123977661,0.46299999952316284,0.46399998664855957,0.46399998664855957,0.4650000035762787,0.4699999988079071,0.47999998927116394,0.4860000014305115,0.4860000014305115,0.48399999737739563,0.4399999976158142,0.4399999976158142,...,47.0,47.0,47.0,47.0,47.0,47.0,47.0,47.0,47.0,47.0,47.0,47.0,47.0,47.0,47.0,47.0,47.0,47.0,47.0,47.0,47.0,47.0,47.0,47.0,47.0,47.0,47.0,47.0,47.0,47.0,47.0,47.0,47.0,47.0,47.0,47.0,47.0,47.0,47.0,47.0,47.0,47.0,47.0,47.0,47.0,47.0,47.0,47.0,47.0,47.0,47.0,47.0,47.0,47.0,47.0,47.0,47.0,47.0,47.0,47.0,47.0,47.0,47.0,47.0,47.0,47.0,47.0,47.0,47.0,47.0,47.0,47.0,47.0,47.0,47.0,47.0,47.0,47.0,47.0,47.0,47.0,47.0,47.0,47.0,47.0,47.0,47.0,47.0,47.0,47.0,47.0,47.0,47.0,47.0,47.0,47.0,47.0,47.0,47.0,47.0,47.0,47.0,47.0,47.0,47.0,47.0,47.0,47.0,47.0,47.0,47.0,47.0,47.0,47.0,47.0,47.0,47.0,47.0,47.0,47.0,47.0,47.0,47.0,47.0,47.0,47.0,47.0,47.0,...
1763031917,576851237,laser,-3.1241390705108643,3.1415927410125732,0.0034828970674425364,5.3809359087608755e-05,0.09680303931236267,0.15000000596046448,16.0,0.4359999895095825,0.4359999895095825,0.4359999895095825,0.4359999895095825,0.4359999895095825,0.4359999895095825,0.4359999895095825,0.4359999895095825,0.4359999895095825,0.4359999895095825,0.4359999895095825,0.4359999895095825,0.4359999895095825,0.4359999895095825,0.4359999895095825,0.4359999895095825,0.4359999895095825,0.4359999895095825,0.4359999895095825,0.4350000023841858,0.4359999895095825,0.4359999895095825,0.4359999895095825,0.4359999895095825,0.4359999895095825,0.4359999895095825,0.4359999895095825,0.4359999895095825,0.4359999895095825,0.4359999895095825,0.4359999895095825,0.4359999895095825,0.4359999895095825,0.4359999895095825,0.4359999895095825,0.4359999895095825,0.43700000643730164,0.43700000643730164,0.43700000643730164,0.43700000643730164,0.43700000643730164,0.43700000643730164,0.43700000643730164,0.43700000643730164,0.43700000643730164,0.43700000643730164,0.43799999356269836,0.43799999356269836,0.43799999356269836,0.4390000104904175,0.4390000104904175,0.4390000104904175,0.4390000104904175,0.4390000104904175,0.4390000104904175,0.4390000104904175,0.4399999976158142,0.4399999976158142,0.4399999976158142,0.4399999976158142,0.4410000145435333,0.4410000145435333,0.44200000166893005,0.44200000166893005,0.44200000166893005,0.44200000166893005,0.44200000166893005,0.4429999887943268,0.4429999887943268,0.4429999887943268,0.4429999887943268,0.4429999887943268,0.4429999887943268,0.4440000057220459,0.4440000057220459,0.4449999928474426,0.4449999928474426,0.4449999928474426,0.44600000977516174,0.44600000977516174,0.44600000977516174,0.44699999690055847,0.44699999690055847,0.44699999690055847,0.4480000138282776,0.4480000138282776,0.4480000138282776,0.4490000009536743,0.4490000009536743,0.44999998807907104,0.44999998807907104,0.44999998807907104,0.45100000500679016,0.4519999921321869,0.4519999921321869,0.4519999921321869,0.453000009059906,0.453000009059906,0.45399999618530273,0.45399999618530273,0.45399999618530273,0.45500001311302185,0.4560000002384186,0.4560000002384186,0.4560000002384186,0.4560000002384186,0.4569999873638153,0.4569999873638153,0.4580000042915344,0.45899999141693115,0.45899999141693115,0.46000000834465027,0.46000000834465027,0.460999995470047,0.4620000123977661,0.4620000123977661,0.46299999952316284,0.46299999952316284,0.46299999952316284,0.46399998664855957,0.47099998593330383,0.4819999933242798,0.4819999933242798,0.4830000102519989,0.4830000102519989,0.47999998927116394,0.47600001096725464,0.4659999907016754,...,0.0,47.0,47.0,47.0,47.0,47.0,47.0,47.0,47.0,47.0,47.0,47.0,47.0,47.0,47.0,47.0,47.0,47.0,47.0,47.0,47.0,47.0,47.0,47.0,47.0,47.0,47.0,47.0,47.0,47.0,47.0,47.0,47.0,47.0,47.0,47.0,47.0,47.0,47.0,47.0,47.0,47.0,47.0,47.0,47.0,47.0,47.0,47.0,47.0,47.0,47.0,47.0,47.0,47.0,47.0,47.0,47.0,47.0,47.0,47.0,47.0,47.0,47.0,47.0,47.0,47.0,47.0,47.0,47.0,47.0,47.0,47.0,47.0,47.0,47.0,47.0,47.0,47.0,47.0,47.0,47.0,47.0,47.0,47.0,47.0,47.0,47.0,47.0,47.0,47.0,47.0,47.0,47.0,47.0,47.0,47.0,47.0,47.0,47.0,47.0,47.0,47.0,47.0,47.0,47.0,47.0,47.0,47.0,47.0,47.0,47.0,47.0,47.0,47.0,47.0,47.0,47.0,47.0,47.0,47.0,47.0,47.0,47.0,47.0,47.0,47.0,47.0,47.0,...
1763031917,675127923,laser,-3.1241390705108643,3.1415927410125732,0.0034828970674425364,5.382329618441872e-05,0.09682811051607132,0.15000000596046448,16.0,0.4359999895095825,0.4359999895095825,0.4359999895095825,0.4359999895095825,0.4359999895095825,0.4359999895095825,0.4359999895095825,0.4359999895095825,0.4359999895095825,0.4359999895095825,0.4359999895095825,0.4359999895095825,0.4359999895095825,0.4359999895095825,0.4359999895095825,0.4359999895095825,0.4359999895095825,0.4359999895095825,0.4359999895095825,0.4359999895095825,0.4359999895095825,0.4359999895095825,0.4359999895095825,0.4359999895095825,0.4359999895095825,0.4359999895095825,0.4359999895095825,0.4359999895095825,0.4359999895095825,0.4359999895095825,0.4359999895095825,0.4359999895095825,0.4359999895095825,0.4359999895095825,0.4359999895095825,0.4359999895095825,0.4359999895095825,0.43700000643730164,0.43700000643730164,0.43700000643730164,0.43700000643730164,0.43700000643730164,0.43700000643730164,0.43700000643730164,0.43700000643730164,0.43799999356269836,0.43799999356269836,0.43799999356269836,0.43799999356269836,0.4390000104904175,0.4390000104904175,0.43799999356269836,0.4390000104904175,0.4390000104904175,0.4390000104904175,0.4390000104904175,0.4399999976158142,0.4399999976158142,0.4399999976158142,0.4410000145435333,0.4410000145435333,0.4410000145435333,0.4410000145435333,0.44200000166893005,0.44200000166893005,0.44200000166893005,0.44200000166893005,0.44200000166893005,0.4429999887943268,0.4429999887943268,0.4429999887943268,0.4429999887943268,0.4440000057220459,0.4440000057220459,0.4440000057220459,0.4440000057220459,0.4449999928474426,0.4449999928474426,0.44600000977516174,0.44600000977516174,0.44600000977516174,0.44600000977516174,0.44699999690055847,0.44699999690055847,0.4480000138282776,0.4480000138282776,0.4480000138282776,0.4480000138282776,0.4490000009536743,0.4490000009536743,0.44999998807907104,0.45100000500679016,0.45100000500679016,0.4519999921321869,0.4519999921321869,0.4519999921321869,0.4519999921321869,0.453000009059906,0.45399999618530273,0.45399999618530273,0.45399999618530273,0.45500001311302185,0.4560000002384186,0.4560000002384186,0.4560000002384186,0.4569999873638153,0.4569999873638153,0.4569999873638153,0.4580000042915344,0.45899999141693115,0.46000000834465027,0.46000000834465027,0.460999995470047,0.460999995470047,0.460999995470047,0.4620000123977661,0.4620000123977661,0.46299999952316284,0.46399998664855957,0.46399998664855957,0.4690000116825104,0.4779999852180481,0.4779999852180481,0.4779999852180481,0.4819999933242798,0.4819999933242798,0.4790000021457672,0.46799999475479126,...,47.0,47.0,47.0,47.0,47.0,47.0,47.0,47.0,47.0,47.0,47.0,47.0,47.0,47.0,47.0,47.0,47.0,47.0,47.0,47.0,47.0,47.0,47.0,47.0,47.0,47.0,47.0,47.0,47.0,47.0,47.0,47.0,47.0,47.0,47.0,47.0,47.0,47.0,47.0,47.0,47.0,47.0,47.0,47.0,47.0,47.0,47.0,47.0,47.0,47.0,47.0,47.0,47.0,47.0,47.0,47.0,47.0,47.0,47.0,47.0,47.0,47.0,47.0,47.0,47.0,47.0,47.0,47.0,47.0,47.0,47.0,47.0,47.0,47.0,47.0,47.0,47.0,47.0,47.0,47.0,47.0,47.0,47.0,47.0,47.0,47.0,47.0,47.0,47.0,47.0,47.0,47.0,47.0,47.0,47.0,47.0,47.0,47.0,47.0,47.0,47.0,47.0,47.0,47.0,47.0,47.0,47.0,47.0,47.0,47.0,47.0,47.0,47.0,47.0,47.0,47.0,47.0,47.0,47.0,47.0,47.0,47.0,0.0,0.0,0.0,0.0,0.0,0.0,...
1763031917,773608212,laser,-3.1241390705108643,3.1415927410125732,0.0034828970674425364,5.373862586566247e-05,0.09667579084634781,0.15000000596046448,16.0,0.4359999895095825,0.4359999895095825,0.4359999895095825,0.4359999895095825,0.4359999895095825,0.4359999895095825,0.4359999895095825,0.4359999895095825,0.4359999895095825,0.4359999895095825,0.4359999895095825,0.4359999895095825,0.4359999895095825,0.4359999895095825,0.4359999895095825,0.4359999895095825,0.4359999895095825,0.4359999895095825,0.4359999895095825,0.4359999895095825,0.4350000023841858,0.4359999895095825,0.4359999895095825,0.4359999895095825,0.4359999895095825,0.4359999895095825,0.4359999895095825,0.4359999895095825,0.4359999895095825,0.4359999895095825,0.4359999895095825,0.4359999895095825,0.4359999895095825,0.4359999895095825,0.4359999895095825,0.4359999895095825,0.4359999895095825,0.43700000643730164,0.43700000643730164,0.43700000643730164,0.43700000643730164,0.43700000643730164,0.43700000643730164,0.43700000643730164,0.43700000643730164,0.43799999356269836,0.43799999356269836,0.43799999356269836,0.43799999356269836,0.4390000104904175,0.4390000104904175,0.4390000104904175,0.4390000104904175,0.4390000104904175,0.4390000104904175,0.4390000104904175,0.4399999976158142,0.4399999976158142,0.4399999976158142,0.4399999976158142,0.4410000145435333,0.4410000145435333,0.4410000145435333,0.44200000166893005,0.44200000166893005,0.44200000166893005,0.44200000166893005,0.4429999887943268,0.4429999887943268,0.4429999887943268,0.4429999887943268,0.4429999887943268,0.4440000057220459,0.4440000057220459,0.4440000057220459,0.4449999928474426,0.4449999928474426,0.4449999928474426,0.44600000977516174,0.44600000977516174,0.44600000977516174,0.44699999690055847,0.44699999690055847,0.44699999690055847,0.4480000138282776,0.4480000138282776,0.4480000138282776,0.4490000009536743,0.4490000009536743,0.44999998807907104,0.44999998807907104,0.45100000500679016,0.45100000500679016,0.45100000500679016,0.4519999921321869,0.4519999921321869,0.453000009059906,0.453000009059906,0.45399999618530273,0.45399999618530273,0.45399999618530273,0.45500001311302185,0.4560000002384186,0.4560000002384186,0.4560000002384186,0.4560000002384186,0.4569999873638153,0.4569999873638153,0.4580000042915344,0.45899999141693115,0.46000000834465027,0.46000000834465027,0.46000000834465027,0.460999995470047,0.4620000123977661,0.4620000123977661,0.46299999952316284,0.46299999952316284,0.46299999952316284,0.46399998664855957,0.47099998593330383,0.48100000619888306,0.48100000619888306,0.48100000619888306,0.48399999737739563,0.4819999933242798,0.45100000500679016,0.45100000500679016,...,47.0,47.0,47.0,47.0,47.0,47.0,47.0,47.0,47.0,47.0,47.0,47.0,47.0,47.0,47.0,47.0,47.0,47.0,47.0,47.0,47.0,47.0,47.0,47.0,47.0,47.0,47.0,47.0,47.0,47.0,47.0,47.0,47.0,47.0,47.0,47.0,47.0,47.0,47.0,47.0,47.0,47.0,47.0,47.0,47.0,47.0,47.0,47.0,47.0,47.0,47.0,47.0,47.0,47.0,47.0,47.0,47.0,47.0,47.0,47.0,47.0,47.0,47.0,47.0,47.0,47.0,47.0,47.0,47.0,47.0,47.0,47.0,47.0,47.0,47.0,47.0,47.0,47.0,47.0,47.0,47.0,47.0,47.0,47.0,47.0,47.0,47.0,47.0,47.0,47.0,47.0,47.0,47.0,47.0,47.0,47.0,47.0,47.0,47.0,47.0,47.0,47.0,47.0,47.0,47.0,47.0,47.0,47.0,47.0,47.0,47.0,47.0,47.0,47.0,47.0,0.0,0.0,0.0,0.0,0.0,0.0,0.0,0.0,0.0,0.0,0.0,0.0,0.0,...
1763031917,872149179,laser,-3.1241390705108643,3.1415927410125732,0.0034828970674425364,5.3537649364443496e-05,0.09631423652172089,0.15000000596046448,16.0,0.4359999895095825,0.4359999895095825,0.4359999895095825,0.4359999895095825,0.4359999895095825,0.4359999895095825,0.4359999895095825,0.4359999895095825,0.4359999895095825,0.4359999895095825,0.4359999895095825,0.4359999895095825,0.4359999895095825,0.4359999895095825,0.4359999895095825,0.4359999895095825,0.4359999895095825,0.4359999895095825,0.4359999895095825,0.4359999895095825,0.4350000023841858,0.4359999895095825,0.4359999895095825,0.4359999895095825,0.4359999895095825,0.4359999895095825,0.4359999895095825,0.4359999895095825,0.4359999895095825,0.4359999895095825,0.4359999895095825,0.4359999895095825,0.4359999895095825,0.4359999895095825,0.4359999895095825,0.4359999895095825,0.43700000643730164,0.43700000643730164,0.43700000643730164,0.43700000643730164,0.43700000643730164,0.43700000643730164,0.43700000643730164,0.43700000643730164,0.43700000643730164,0.43700000643730164,0.43799999356269836,0.43799999356269836,0.43799999356269836,0.4390000104904175,0.4390000104904175,0.4390000104904175,0.4390000104904175,0.4390000104904175,0.4390000104904175,0.4390000104904175,0.4399999976158142,0.4399999976158142,0.4399999976158142,0.4399999976158142,0.4410000145435333,0.4410000145435333,0.44200000166893005,0.44200000166893005,0.44200000166893005,0.44200000166893005,0.44200000166893005,0.4429999887943268,0.4429999887943268,0.4429999887943268,0.4429999887943268,0.4429999887943268,0.4429999887943268,0.4440000057220459,0.4440000057220459,0.4449999928474426,0.4449999928474426,0.4449999928474426,0.44600000977516174,0.44600000977516174,0.44600000977516174,0.44699999690055847,0.44699999690055847,0.44699999690055847,0.4480000138282776,0.4480000138282776,0.4480000138282776,0.4490000009536743,0.4490000009536743,0.44999998807907104,0.44999998807907104,0.44999998807907104,0.45100000500679016,0.45100000500679016,0.4519999921321869,0.4519999921321869,0.453000009059906,0.453000009059906,0.453000009059906,0.45399999618530273,0.45399999618530273,0.45500001311302185,0.45500001311302185,0.4560000002384186,0.4560000002384186,0.4560000002384186,0.4569999873638153,0.4569999873638153,0.4580000042915344,0.45899999141693115,0.45899999141693115,0.46000000834465027,0.46000000834465027,0.460999995470047,0.4620000123977661,0.4620000123977661,0.46299999952316284,0.46299999952316284,0.46399998664855957,0.46399998664855957,0.47099998593330383,0.48399999737739563,0.48399999737739563,0.48399999737739563,0.4860000014305115,0.4819999933242798,0.47600001096725464,0.4440000057220459,...,47.0,47.0,47.0,47.0,47.0,47.0,47.0,47.0,47.0,47.0,47.0,47.0,47.0,47.0,47.0,47.0,47.0,47.0,47.0,47.0,47.0,47.0,47.0,47.0,47.0,47.0,47.0,47.0,47.0,47.0,47.0,47.0,47.0,47.0,47.0,47.0,47.0,47.0,47.0,47.0,47.0,47.0,47.0,47.0,47.0,47.0,47.0,47.0,47.0,47.0,47.0,47.0,47.0,47.0,47.0,47.0,47.0,47.0,47.0,47.0,47.0,47.0,47.0,47.0,47.0,47.0,47.0,47.0,47.0,47.0,47.0,47.0,47.0,47.0,47.0,47.0,47.0,47.0,47.0,47.0,47.0,47.0,47.0,47.0,47.0,47.0,47.0,47.0,47.0,47.0,47.0,47.0,47.0,47.0,47.0,47.0,47.0,47.0,47.0,47.0,47.0,47.0,47.0,47.0,47.0,47.0,47.0,47.0,47.0,47.0,47.0,47.0,47.0,47.0,47.0,47.0,47.0,47.0,47.0,47.0,47.0,47.0,47.0,47.0,47.0,47.0,47.0,47.0,...
1763031917,970302115,laser,-3.1241390705108643,3.1415927410125732,0.0034828970674425364,5.367443009163253e-05,0.09656029939651489,0.15000000596046448,16.0,0.4359999895095825,0.4359999895095825,0.4359999895095825,0.4359999895095825,0.4359999895095825,0.4359999895095825,0.4359999895095825,0.4359999895095825,0.4359999895095825,0.4359999895095825,0.4359999895095825,0.4359999895095825,0.4359999895095825,0.4359999895095825,0.4359999895095825,0.4359999895095825,0.4359999895095825,0.4359999895095825,0.4359999895095825,0.4359999895095825,0.4350000023841858,0.4359999895095825,0.4359999895095825,0.4359999895095825,0.4359999895095825,0.4359999895095825,0.4359999895095825,0.4359999895095825,0.4359999895095825,0.4359999895095825,0.4359999895095825,0.4359999895095825,0.4359999895095825,0.4359999895095825,0.4359999895095825,0.4359999895095825,0.4359999895095825,0.43700000643730164,0.43700000643730164,0.43700000643730164,0.43700000643730164,0.43700000643730164,0.43700000643730164,0.43700000643730164,0.43700000643730164,0.43700000643730164,0.43700000643730164,0.43799999356269836,0.43799999356269836,0.4390000104904175,0.4390000104904175,0.4390000104904175,0.4390000104904175,0.4390000104904175,0.4390000104904175,0.4390000104904175,0.4399999976158142,0.4399999976158142,0.4399999976158142,0.4399999976158142,0.4410000145435333,0.4410000145435333,0.44200000166893005,0.44200000166893005,0.44200000166893005,0.44200000166893005,0.44200000166893005,0.4429999887943268,0.4429999887943268,0.4429999887943268,0.4429999887943268,0.4429999887943268,0.4429999887943268,0.4440000057220459,0.4440000057220459,0.4449999928474426,0.4449999928474426,0.4449999928474426,0.44600000977516174,0.44600000977516174,0.44600000977516174,0.44600000977516174,0.44699999690055847,0.44699999690055847,0.4480000138282776,0.4480000138282776,0.4480000138282776,0.4490000009536743,0.4490000009536743,0.44999998807907104,0.44999998807907104,0.44999998807907104,0.45100000500679016,0.45100000500679016,0.4519999921321869,0.4519999921321869,0.453000009059906,0.453000009059906,0.453000009059906,0.45399999618530273,0.45399999618530273,0.45500001311302185,0.45500001311302185,0.4560000002384186,0.4560000002384186,0.4560000002384186,0.4569999873638153,0.4569999873638153,0.4580000042915344,0.45899999141693115,0.45899999141693115,0.46000000834465027,0.46000000834465027,0.460999995470047,0.4620000123977661,0.4620000123977661,0.46299999952316284,0.46299999952316284,0.46299999952316284,0.46399998664855957,0.47099998593330383,0.4819999933242798,0.4819999933242798,0.4819999933242798,0.48399999737739563,0.4819999933242798,0.4519999921321869,0.4519999921321869,...,47.0,47.0,47.0,47.0,47.0,47.0,47.0,47.0,47.0,47.0,47.0,47.0,47.0,47.0,47.0,47.0,47.0,47.0,47.0,47.0,47.0,47.0,47.0,47.0,47.0,47.0,47.0,47.0,47.0,47.0,47.0,47.0,47.0,47.0,47.0,47.0,47.0,47.0,47.0,47.0,47.0,47.0,47.0,47.0,47.0,47.0,47.0,47.0,47.0,47.0,47.0,47.0,47.0,47.0,47.0,47.0,47.0,47.0,47.0,47.0,47.0,47.0,47.0,47.0,47.0,47.0,47.0,47.0,47.0,47.0,47.0,47.0,47.0,47.0,47.0,47.0,47.0,47.0,47.0,47.0,47.0,47.0,47.0,47.0,47.0,47.0,47.0,47.0,47.0,47.0,47.0,47.0,47.0,47.0,47.0,47.0,47.0,47.0,47.0,47.0,0.0,0.0,0.0,0.0,0.0,0.0,0.0,0.0,0.0,0.0,0.0,0.0,0.0,0.0,0.0,0.0,0.0,0.0,0.0,0.0,0.0,0.0,0.0,0.0,0.0,0.0,0.0,0.0,...
1763031918,68480345,laser,-3.1241390705108643,3.1415927410125732,0.0034828970674425364,5.706775846192613e-05,0.10266490280628204,0.15000000596046448,16.0,0.4359999895095825,0.4359999895095825,0.4359999895095825,0.4359999895095825,0.4359999895095825,0.4359999895095825,0.4359999895095825,0.4359999895095825,0.4359999895095825,0.4359999895095825,0.4359999895095825,0.4359999895095825,0.4359999895095825,0.4359999895095825,0.4359999895095825,0.4359999895095825,0.4359999895095825,0.4359999895095825,0.4359999895095825,0.4359999895095825,0.4350000023841858,0.4359999895095825,0.4359999895095825,0.4359999895095825,0.4359999895095825,0.4359999895095825,0.4359999895095825,0.4359999895095825,0.4359999895095825,0.4359999895095825,0.4359999895095825,0.4359999895095825,0.4359999895095825,0.4359999895095825,0.4359999895095825,0.4359999895095825,0.4359999895095825,0.4359999895095825,0.43700000643730164,0.43700000643730164,0.43700000643730164,0.43700000643730164,0.43700000643730164,0.43799999356269836,0.43799999356269836,0.43700000643730164,0.43700000643730164,0.43799999356269836,0.43799999356269836,0.4390000104904175,0.4390000104904175,0.4390000104904175,0.4390000104904175,0.4390000104904175,0.4390000104904175,0.4390000104904175,0.4399999976158142,0.4399999976158142,0.4399999976158142,0.4399999976158142,0.4410000145435333,0.4410000145435333,0.44200000166893005,0.44200000166893005,0.44200000166893005,0.44200000166893005,0.44200000166893005,0.4429999887943268,0.4429999887943268,0.4429999887943268,0.4429999887943268,0.4429999887943268,0.4429999887943268,0.4440000057220459,0.4440000057220459,0.4449999928474426,0.4449999928474426,0.4449999928474426,0.4449999928474426,0.44600000977516174,0.44600000977516174,0.44600000977516174,0.44699999690055847,0.44699999690055847,0.44699999690055847,0.4480000138282776,0.4480000138282776,0.4490000009536743,0.44999998807907104,0.44999998807907104,0.44999998807907104,0.44999998807907104,0.45100000500679016,0.4519999921321869,0.4519999921321869,0.4519999921321869,0.4519999921321869,0.453000009059906,0.453000009059906,0.45399999618530273,0.45500001311302185,0.45500001311302185,0.45500001311302185,0.45500001311302185,0.4560000002384186,0.4569999873638153,0.4569999873638153,0.4580000042915344,0.4580000042915344,0.4580000042915344,0.45899999141693115,0.46000000834465027,0.46000000834465027,0.460999995470047,0.460999995470047,0.4620000123977661,0.46299999952316284,0.46299999952316284,0.46399998664855957,0.46399998664855957,0.4650000035762787,0.48399999737739563,0.48399999737739563,0.48399999737739563,0.48399999737739563,0.48399999737739563,0.48100000619888306,0.4729999899864197,...,47.0,47.0,47.0,47.0,47.0,47.0,47.0,47.0,47.0,47.0,47.0,47.0,47.0,47.0,47.0,47.0,47.0,47.0,47.0,47.0,47.0,47.0,47.0,47.0,47.0,47.0,47.0,47.0,47.0,47.0,47.0,47.0,47.0,47.0,47.0,47.0,47.0,47.0,47.0,47.0,47.0,47.0,47.0,47.0,47.0,47.0,47.0,47.0,47.0,47.0,47.0,47.0,47.0,47.0,47.0,47.0,47.0,47.0,47.0,47.0,47.0,47.0,47.0,47.0,47.0,47.0,47.0,47.0,47.0,47.0,47.0,47.0,47.0,47.0,47.0,47.0,47.0,47.0,47.0,47.0,47.0,47.0,47.0,47.0,47.0,47.0,47.0,47.0,47.0,47.0,47.0,47.0,47.0,0.0,0.0,0.0,0.0,0.0,0.0,0.0,0.0,0.0,0.0,0.0,0.0,0.0,0.0,0.0,0.0,0.0,0.0,0.0,0.0,0.0,0.0,0.0,0.0,0.0,0.0,0.0,0.0,0.0,0.0,0.0,0.0,0.0,0.0,0.0,...
1763031918,172788498,laser,-3.1241390705108643,3.1415927410125732,0.0034828970674425364,5.364165554055944e-05,0.09650134295225143,0.15000000596046448,16.0,0.4359999895095825,0.4359999895095825,0.4359999895095825,0.4359999895095825,0.4359999895095825,0.4359999895095825,0.4359999895095825,0.4359999895095825,0.4359999895095825,0.4359999895095825,0.4359999895095825,0.4359999895095825,0.4359999895095825,0.4359999895095825,0.4359999895095825,0.4359999895095825,0.4359999895095825,0.4359999895095825,0.4359999895095825,0.4350000023841858,0.4359999895095825,0.4359999895095825,0.4359999895095825,0.4359999895095825,0.4359999895095825,0.4359999895095825,0.4359999895095825,0.4359999895095825,0.4359999895095825,0.4359999895095825,0.4359999895095825,0.4359999895095825,0.4359999895095825,0.4359999895095825,0.4359999895095825,0.4359999895095825,0.4359999895095825,0.4359999895095825,0.43700000643730164,0.43700000643730164,0.43700000643730164,0.43700000643730164,0.43700000643730164,0.43700000643730164,0.43700000643730164,0.43700000643730164,0.43799999356269836,0.43799999356269836,0.43799999356269836,0.43799999356269836,0.4390000104904175,0.4390000104904175,0.4390000104904175,0.4390000104904175,0.4390000104904175,0.4390000104904175,0.4399999976158142,0.4399999976158142,0.4399999976158142,0.4410000145435333,0.4410000145435333,0.4410000145435333,0.4410000145435333,0.44200000166893005,0.44200000166893005,0.44200000166893005,0.4429999887943268,0.4429999887943268,0.4429999887943268,0.4429999887943268,0.4429999887943268,0.4429999887943268,0.4440000057220459,0.4440000057220459,0.4440000057220459,0.4449999928474426,0.4449999928474426,0.4449999928474426,0.44600000977516174,0.44600000977516174,0.44600000977516174,0.44600000977516174,0.44699999690055847,0.44699999690055847,0.4480000138282776,0.4480000138282776,0.4480000138282776,0.4480000138282776,0.4490000009536743,0.44999998807907104,0.44999998807907104,0.45100000500679016,0.45100000500679016,0.4519999921321869,0.4519999921321869,0.4519999921321869,0.453000009059906,0.453000009059906,0.453000009059906,0.45399999618530273,0.45399999618530273,0.45500001311302185,0.45500001311302185,0.4560000002384186,0.4560000002384186,0.4569999873638153,0.4569999873638153,0.4580000042915344,0.4580000042915344,0.4580000042915344,0.45899999141693115,0.46000000834465027,0.46000000834465027,0.46000000834465027,0.460999995470047,0.4620000123977661,0.4620000123977661,0.46299999952316284,0.46399998664855957,0.46399998664855957,0.4699999988079071,0.47999998927116394,0.48500001430511475,0.48500001430511475,0.48500001430511475,0.4830000102519989,0.45100000500679016,0.45100000500679016,...,47.0,47.0,47.0,47.0,47.0,47.0,47.0,47.0,47.0,47.0,47.0,47.0,47.0,47.0,47.0,47.0,47.0,47.0,47.0,47.0,47.0,47.0,47.0,47.0,47.0,47.0,47.0,47.0,47.0,47.0,47.0,47.0,47.0,47.0,47.0,47.0,47.0,47.0,47.0,47.0,47.0,47.0,47.0,47.0,47.0,47.0,47.0,47.0,47.0,47.0,47.0,47.0,47.0,47.0,47.0,47.0,47.0,47.0,47.0,47.0,47.0,47.0,47.0,47.0,47.0,47.0,47.0,47.0,47.0,47.0,47.0,47.0,47.0,47.0,47.0,47.0,47.0,47.0,47.0,47.0,47.0,47.0,47.0,47.0,47.0,47.0,47.0,47.0,47.0,47.0,47.0,47.0,47.0,47.0,47.0,47.0,47.0,47.0,47.0,47.0,47.0,47.0,47.0,47.0,47.0,47.0,47.0,47.0,47.0,47.0,47.0,47.0,47.0,47.0,47.0,47.0,47.0,47.0,47.0,47.0,47.0,47.0,47.0,47.0,47.0,47.0,47.0,47.0,...
1763031918,270529732,laser,-3.1241390705108643,3.1415927410125732,0.0034828970674425364,5.392593811848201e-05,0.09701275825500488,0.15000000596046448,16.0,0.4359999895095825,0.4359999895095825,0.4359999895095825,0.4359999895095825,0.4359999895095825,0.4359999895095825,0.4359999895095825,0.4359999895095825,0.4359999895095825,0.4359999895095825,0.4359999895095825,0.4359999895095825,0.4359999895095825,0.4359999895095825,0.4359999895095825,0.4359999895095825,0.4359999895095825,0.4359999895095825,0.4359999895095825,0.4350000023841858,0.4350000023841858,0.4359999895095825,0.4359999895095825,0.4359999895095825,0.4359999895095825,0.4359999895095825,0.4359999895095825,0.4359999895095825,0.4359999895095825,0.4359999895095825,0.4359999895095825,0.4359999895095825,0.4359999895095825,0.4359999895095825,0.43700000643730164,0.4359999895095825,0.4359999895095825,0.4359999895095825,0.43700000643730164,0.43700000643730164,0.43700000643730164,0.43700000643730164,0.43700000643730164,0.43700000643730164,0.43700000643730164,0.43700000643730164,0.43700000643730164,0.43799999356269836,0.43799999356269836,0.4390000104904175,0.4390000104904175,0.4390000104904175,0.4390000104904175,0.4390000104904175,0.4390000104904175,0.4399999976158142,0.4399999976158142,0.4399999976158142,0.4399999976158142,0.4410000145435333,0.4410000145435333,0.4410000145435333,0.4410000145435333,0.44200000166893005,0.44200000166893005,0.44200000166893005,0.44200000166893005,0.4429999887943268,0.4429999887943268,0.4429999887943268,0.4429999887943268,0.4429999887943268,0.4429999887943268,0.4440000057220459,0.4449999928474426,0.4449999928474426,0.4449999928474426,0.4449999928474426,0.44600000977516174,0.44600000977516174,0.44600000977516174,0.44600000977516174,0.44699999690055847,0.44699999690055847,0.44699999690055847,0.4480000138282776,0.4480000138282776,0.4490000009536743,0.4490000009536743,0.44999998807907104,0.44999998807907104,0.45100000500679016,0.45100000500679016,0.4519999921321869,0.4519999921321869,0.4519999921321869,0.453000009059906,0.453000009059906,0.453000009059906,0.45399999618530273,0.45500001311302185,0.45500001311302185,0.45500001311302185,0.45500001311302185,0.4560000002384186,0.4569999873638153,0.4569999873638153,0.4569999873638153,0.4580000042915344,0.4580000042915344,0.45899999141693115,0.46000000834465027,0.46000000834465027,0.460999995470047,0.460999995470047,0.4620000123977661,0.4620000123977661,0.46299999952316284,0.46399998664855957,0.46399998664855957,0.4650000035762787,0.46799999475479126,0.4749999940395355,0.48100000619888306,0.48100000619888306,0.4830000102519989,0.4429999887943268,0.4429999887943268,...,47.0,47.0,47.0,47.0,47.0,47.0,47.0,47.0,47.0,47.0,47.0,47.0,47.0,47.0,47.0,47.0,47.0,47.0,47.0,47.0,47.0,47.0,47.0,47.0,47.0,47.0,47.0,47.0,47.0,47.0,47.0,47.0,47.0,47.0,47.0,47.0,47.0,47.0,47.0,47.0,47.0,47.0,47.0,47.0,47.0,47.0,47.0,47.0,47.0,47.0,47.0,47.0,47.0,47.0,47.0,47.0,47.0,47.0,47.0,47.0,47.0,47.0,47.0,47.0,47.0,47.0,47.0,47.0,47.0,47.0,47.0,47.0,47.0,47.0,47.0,47.0,47.0,47.0,47.0,47.0,47.0,47.0,47.0,47.0,47.0,47.0,47.0,47.0,47.0,47.0,47.0,47.0,47.0,47.0,47.0,47.0,47.0,47.0,47.0,47.0,47.0,47.0,47.0,47.0,47.0,47.0,47.0,47.0,47.0,47.0,47.0,47.0,47.0,47.0,47.0,47.0,47.0,47.0,47.0,47.0,47.0,47.0,47.0,47.0,47.0,47.0,47.0,47.0,...
1763031918,369352298,laser,-3.1241390705108643,3.1415927410125732,0.0034828970674425364,5.360104114515707e-05,0.0964282751083374,0.15000000596046448,16.0,0.4359999895095825,0.4359999895095825,0.4359999895095825,0.4359999895095825,0.4359999895095825,0.4359999895095825,0.4359999895095825,0.4359999895095825,0.4359999895095825,0.4359999895095825,0.4359999895095825,0.4359999895095825,0.4359999895095825,0.4359999895095825,0.4359999895095825,0.4359999895095825,0.4359999895095825,0.4359999895095825,0.4359999895095825,0.4359999895095825,0.4359999895095825,0.4359999895095825,0.4359999895095825,0.4359999895095825,0.4359999895095825,0.4359999895095825,0.4359999895095825,0.4359999895095825,0.4359999895095825,0.4359999895095825,0.4359999895095825,0.4359999895095825,0.4359999895095825,0.4359999895095825,0.43700000643730164,0.4359999895095825,0.4359999895095825,0.43700000643730164,0.43700000643730164,0.43700000643730164,0.43700000643730164,0.43700000643730164,0.43700000643730164,0.43799999356269836,0.43799999356269836,0.43799999356269836,0.43799999356269836,0.43799999356269836,0.43799999356269836,0.4390000104904175,0.4390000104904175,0.4390000104904175,0.4390000104904175,0.4390000104904175,0.4390000104904175,0.4390000104904175,0.4399999976158142,0.4399999976158142,0.4399999976158142,0.4410000145435333,0.4410000145435333,0.44200000166893005,0.44200000166893005,0.44200000166893005,0.44200000166893005,0.44200000166893005,0.44200000166893005,0.4429999887943268,0.4429999887943268,0.4429999887943268,0.4429999887943268,0.4429999887943268,0.4429999887943268,0.4440000057220459,0.4440000057220459,0.4449999928474426,0.4449999928474426,0.4449999928474426,0.44600000977516174,0.44600000977516174,0.44600000977516174,0.44699999690055847,0.44699999690055847,0.44699999690055847,0.44699999690055847,0.4480000138282776,0.4480000138282776,0.4490000009536743,0.44999998807907104,0.44999998807907104,0.44999998807907104,0.45100000500679016,0.45100000500679016,0.4519999921321869,0.4519999921321869,0.4519999921321869,0.4519999921321869,0.453000009059906,0.453000009059906,0.45399999618530273,0.45500001311302185,0.45500001311302185,0.4560000002384186,0.4560000002384186,0.4560000002384186,0.4569999873638153,0.4569999873638153,0.4580000042915344,0.4580000042915344,0.45899999141693115,0.45899999141693115,0.46000000834465027,0.46000000834465027,0.460999995470047,0.4620000123977661,0.4620000123977661,0.4620000123977661,0.46299999952316284,0.46399998664855957,0.4650000035762787,0.4650000035762787,0.46799999475479126,0.4740000069141388,0.48100000619888306,0.48399999737739563,0.48399999737739563,0.4410000145435333,0.4410000145435333,...,47.0,47.0,47.0,47.0,47.0,47.0,47.0,47.0,47.0,47.0,47.0,47.0,47.0,47.0,47.0,47.0,47.0,47.0,47.0,47.0,47.0,47.0,47.0,47.0,47.0,47.0,47.0,47.0,47.0,47.0,47.0,47.0,47.0,47.0,47.0,47.0,47.0,47.0,47.0,47.0,47.0,47.0,47.0,47.0,47.0,47.0,47.0,47.0,47.0,47.0,47.0,47.0,47.0,47.0,47.0,47.0,47.0,47.0,47.0,47.0,47.0,47.0,47.0,47.0,47.0,47.0,47.0,47.0,47.0,47.0,47.0,47.0,47.0,47.0,47.0,47.0,47.0,47.0,47.0,47.0,47.0,47.0,47.0,47.0,47.0,47.0,47.0,47.0,47.0,47.0,47.0,47.0,47.0,47.0,47.0,47.0,47.0,47.0,47.0,47.0,47.0,47.0,47.0,47.0,47.0,47.0,47.0,47.0,47.0,47.0,47.0,47.0,47.0,47.0,47.0,47.0,47.0,47.0,47.0,47.0,47.0,47.0,47.0,47.0,47.0,47.0,47.0,47.0,...
1763031918,467566218,laser,-3.1241390705108643,3.1415927410125732,0.0034828970674425364,5.3654563089367e-05,0.09652455896139145,0.15000000596046448,16.0,0.4359999895095825,0.4359999895095825,0.4359999895095825,0.4359999895095825,0.4359999895095825,0.4359999895095825,0.4359999895095825,0.4359999895095825,0.4359999895095825,0.4359999895095825,0.4359999895095825,0.4359999895095825,0.4359999895095825,0.4359999895095825,0.4359999895095825,0.4359999895095825,0.4359999895095825,0.4359999895095825,0.4359999895095825,0.4350000023841858,0.4350000023841858,0.4359999895095825,0.4359999895095825,0.4359999895095825,0.4359999895095825,0.4359999895095825,0.4359999895095825,0.4359999895095825,0.4359999895095825,0.4359999895095825,0.4359999895095825,0.4359999895095825,0.43700000643730164,0.43700000643730164,0.4359999895095825,0.4359999895095825,0.43700000643730164,0.43700000643730164,0.43700000643730164,0.43700000643730164,0.43700000643730164,0.43700000643730164,0.43700000643730164,0.43799999356269836,0.43799999356269836,0.43799999356269836,0.43799999356269836,0.43799999356269836,0.43799999356269836,0.4390000104904175,0.4390000104904175,0.4390000104904175,0.4390000104904175,0.4390000104904175,0.4390000104904175,0.4390000104904175,0.4399999976158142,0.4399999976158142,0.4399999976158142,0.4399999976158142,0.4410000145435333,0.4410000145435333,0.44200000166893005,0.44200000166893005,0.44200000166893005,0.44200000166893005,0.44200000166893005,0.4429999887943268,0.4429999887943268,0.4429999887943268,0.4429999887943268,0.4429999887943268,0.4429999887943268,0.4440000057220459,0.4440000057220459,0.4449999928474426,0.4449999928474426,0.44600000977516174,0.44600000977516174,0.44600000977516174,0.44600000977516174,0.44600000977516174,0.44699999690055847,0.44699999690055847,0.4480000138282776,0.4480000138282776,0.4480000138282776,0.4490000009536743,0.4490000009536743,0.44999998807907104,0.44999998807907104,0.44999998807907104,0.45100000500679016,0.4519999921321869,0.4519999921321869,0.4519999921321869,0.4519999921321869,0.453000009059906,0.453000009059906,0.45399999618530273,0.45399999618530273,0.45500001311302185,0.4560000002384186,0.4560000002384186,0.4560000002384186,0.4569999873638153,0.4569999873638153,0.4580000042915344,0.4580000042915344,0.4580000042915344,0.45899999141693115,0.46000000834465027,0.46000000834465027,0.460999995470047,0.460999995470047,0.460999995470047,0.4620000123977661,0.46299999952316284,0.46399998664855957,0.4650000035762787,0.4650000035762787,0.47200000286102295,0.48500001430511475,0.4860000014305115,0.4860000014305115,0.4860000014305115,0.4790000021457672,0.4740000069141388,...,47.0,47.0,47.0,47.0,47.0,47.0,47.0,47.0,47.0,47.0,47.0,47.0,47.0,47.0,47.0,47.0,47.0,47.0,47.0,47.0,47.0,47.0,47.0,47.0,47.0,47.0,47.0,47.0,47.0,47.0,47.0,47.0,47.0,47.0,47.0,47.0,47.0,47.0,47.0,47.0,47.0,47.0,47.0,47.0,47.0,47.0,47.0,47.0,47.0,47.0,47.0,47.0,47.0,47.0,47.0,47.0,47.0,47.0,47.0,47.0,47.0,47.0,47.0,47.0,47.0,47.0,47.0,47.0,47.0,47.0,47.0,47.0,47.0,47.0,47.0,47.0,47.0,47.0,47.0,47.0,47.0,47.0,47.0,47.0,47.0,47.0,47.0,47.0,47.0,47.0,47.0,47.0,47.0,47.0,47.0,47.0,47.0,47.0,47.0,47.0,47.0,47.0,47.0,47.0,47.0,47.0,47.0,47.0,47.0,47.0,47.0,47.0,47.0,47.0,47.0,47.0,47.0,47.0,47.0,47.0,47.0,47.0,47.0,47.0,47.0,47.0,47.0,47.0,...
1763031918,565693779,laser,-3.1241390705108643,3.1415927410125732,0.0034828970674425364,5.377486377255991e-05,0.09674098342657089,0.15000000596046448,16.0,0.4359999895095825,0.4359999895095825,0.4359999895095825,0.4359999895095825,0.4359999895095825,0.4359999895095825,0.4359999895095825,0.4359999895095825,0.4359999895095825,0.4359999895095825,0.4359999895095825,0.4359999895095825,0.4359999895095825,0.4359999895095825,0.4359999895095825,0.4359999895095825,0.4359999895095825,0.4359999895095825,0.4359999895095825,0.4350000023841858,0.4350000023841858,0.4359999895095825,0.4359999895095825,0.4359999895095825,0.4359999895095825,0.4359999895095825,0.4359999895095825,0.4359999895095825,0.4359999895095825,0.4359999895095825,0.4359999895095825,0.43700000643730164,0.43700000643730164,0.4359999895095825,0.4359999895095825,0.4359999895095825,0.4359999895095825,0.43700000643730164,0.43700000643730164,0.43700000643730164,0.43700000643730164,0.43700000643730164,0.43700000643730164,0.43799999356269836,0.43799999356269836,0.43799999356269836,0.43799999356269836,0.43799999356269836,0.43799999356269836,0.4390000104904175,0.4390000104904175,0.4390000104904175,0.4390000104904175,0.4390000104904175,0.4390000104904175,0.4390000104904175,0.4399999976158142,0.4399999976158142,0.4399999976158142,0.4399999976158142,0.4410000145435333,0.4410000145435333,0.44200000166893005,0.44200000166893005,0.44200000166893005,0.44200000166893005,0.44200000166893005,0.4429999887943268,0.4429999887943268,0.4429999887943268,0.4429999887943268,0.4429999887943268,0.4429999887943268,0.4440000057220459,0.4440000057220459,0.4449999928474426,0.4449999928474426,0.4449999928474426,0.4449999928474426,0.44600000977516174,0.44600000977516174,0.44600000977516174,0.44699999690055847,0.44699999690055847,0.4480000138282776,0.4480000138282776,0.4490000009536743,0.4490000009536743,0.4490000009536743,0.44999998807907104,0.44999998807907104,0.44999998807907104,0.45100000500679016,0.45100000500679016,0.4519999921321869,0.4519999921321869,0.453000009059906,0.453000009059906,0.453000009059906,0.453000009059906,0.45399999618530273,0.45500001311302185,0.4560000002384186,0.4560000002384186,0.4560000002384186,0.4569999873638153,0.4569999873638153,0.4569999873638153,0.4580000042915344,0.4580000042915344,0.45899999141693115,0.46000000834465027,0.46000000834465027,0.460999995470047,0.460999995470047,0.4620000123977661,0.4620000123977661,0.46299999952316284,0.46399998664855957,0.46399998664855957,0.47200000286102295,0.47200000286102295,0.48399999737739563,0.48399999737739563,0.48399999737739563,0.48500001430511475,0.47999998927116394,0.4740000069141388,...,47.0,47.0,47.0,47.0,47.0,47.0,47.0,47.0,47.0,47.0,47.0,47.0,47.0,47.0,47.0,47.0,47.0,47.0,47.0,47.0,47.0,47.0,47.0,47.0,47.0,47.0,47.0,47.0,47.0,47.0,47.0,47.0,47.0,47.0,47.0,47.0,47.0,47.0,47.0,47.0,47.0,47.0,47.0,47.0,47.0,47.0,47.0,47.0,47.0,47.0,47.0,47.0,47.0,47.0,47.0,47.0,47.0,47.0,47.0,47.0,47.0,47.0,47.0,47.0,47.0,47.0,47.0,47.0,47.0,47.0,47.0,47.0,47.0,47.0,47.0,0.0,0.0,0.0,0.0,0.0,0.0,0.0,0.0,0.0,0.0,0.0,0.0,0.0,0.0,0.0,0.0,0.0,0.0,0.0,0.0,0.0,0.0,0.0,0.0,0.0,0.0,0.0,0.0,0.0,0.0,0.0,0.0,0.0,0.0,0.0,0.0,0.0,0.0,0.0,0.0,0.0,0.0,0.0,0.0,0.0,0.0,0.0,0.0,0.0,0.0,0.0,0.0,0.0,...
1763031918,663935098,laser,-3.1241390705108643,3.1415927410125732,0.0034828970674425364,5.379874346544966e-05,0.09678394347429276,0.15000000596046448,16.0,0.4359999895095825,0.4359999895095825,0.4359999895095825,0.4359999895095825,0.4359999895095825,0.4359999895095825,0.4359999895095825,0.4359999895095825,0.4359999895095825,0.4359999895095825,0.4359999895095825,0.4359999895095825,0.4359999895095825,0.4359999895095825,0.4359999895095825,0.4359999895095825,0.4359999895095825,0.4359999895095825,0.4350000023841858,0.4350000023841858,0.4350000023841858,0.4359999895095825,0.4359999895095825,0.4350000023841858,0.4350000023841858,0.4350000023841858,0.4359999895095825,0.4359999895095825,0.4359999895095825,0.4359999895095825,0.4359999895095825,0.4359999895095825,0.4359999895095825,0.4359999895095825,0.4359999895095825,0.4359999895095825,0.4359999895095825,0.43700000643730164,0.43700000643730164,0.43700000643730164,0.43700000643730164,0.43700000643730164,0.43700000643730164,0.43700000643730164,0.43799999356269836,0.43799999356269836,0.43799999356269836,0.43799999356269836,0.43799999356269836,0.43799999356269836,0.43799999356269836,0.4390000104904175,0.4390000104904175,0.4390000104904175,0.4390000104904175,0.4390000104904175,0.4399999976158142,0.4399999976158142,0.4399999976158142,0.4410000145435333,0.4410000145435333,0.4410000145435333,0.44200000166893005,0.44200000166893005,0.44200000166893005,0.44200000166893005,0.4429999887943268,0.4429999887943268,0.4429999887943268,0.4429999887943268,0.4429999887943268,0.4429999887943268,0.4440000057220459,0.4440000057220459,0.4449999928474426,0.4449999928474426,0.4449999928474426,0.4449999928474426,0.44600000977516174,0.44600000977516174,0.44600000977516174,0.44600000977516174,0.44699999690055847,0.44699999690055847,0.4480000138282776,0.4480000138282776,0.4480000138282776,0.4490000009536743,0.4490000009536743,0.4490000009536743,0.44999998807907104,0.45100000500679016,0.45100000500679016,0.45100000500679016,0.4519999921321869,0.4519999921321869,0.453000009059906,0.453000009059906,0.453000009059906,0.45399999618530273,0.45399999618530273,0.45399999618530273,0.45500001311302185,0.4560000002384186,0.4560000002384186,0.4560000002384186,0.4569999873638153,0.4569999873638153,0.4580000042915344,0.45899999141693115,0.46000000834465027,0.46000000834465027,0.46000000834465027,0.46000000834465027,0.460999995470047,0.4620000123977661,0.4620000123977661,0.46299999952316284,0.46399998664855957,0.46399998664855957,0.4699999988079071,0.47999998927116394,0.47999998927116394,0.47999998927116394,0.48399999737739563,0.4830000102519989,0.44999998807907104,0.44999998807907104,...,47.0,47.0,47.0,47.0,47.0,47.0,47.0,47.0,47.0,47.0,47.0,47.0,47.0,47.0,47.0,47.0,47.0,47.0,47.0,47.0,47.0,47.0,47.0,47.0,47.0,47.0,47.0,47.0,47.0,47.0,47.0,47.0,47.0,47.0,47.0,47.0,47.0,47.0,47.0,47.0,47.0,47.0,47.0,47.0,47.0,47.0,47.0,47.0,47.0,47.0,47.0,47.0,47.0,47.0,47.0,47.0,47.0,47.0,47.0,47.0,47.0,47.0,47.0,47.0,47.0,47.0,47.0,47.0,47.0,47.0,47.0,47.0,47.0,47.0,47.0,47.0,47.0,47.0,47.0,47.0,47.0,47.0,47.0,47.0,47.0,47.0,47.0,47.0,47.0,47.0,47.0,47.0,47.0,47.0,47.0,47.0,47.0,47.0,47.0,47.0,47.0,47.0,47.0,47.0,47.0,47.0,47.0,47.0,47.0,47.0,47.0,47.0,47.0,47.0,47.0,47.0,47.0,47.0,47.0,47.0,47.0,47.0,47.0,47.0,47.0,47.0,47.0,47.0,...
1763031918,762490453,laser,-3.1241390705108643,3.1415927410125732,0.0034828970674425364,5.359826172934845e-05,0.09642327576875687,0.15000000596046448,16.0,0.4359999895095825,0.4359999895095825,0.4359999895095825,0.4359999895095825,0.4359999895095825,0.4359999895095825,0.4359999895095825,0.4359999895095825,0.4359999895095825,0.4359999895095825,0.4359999895095825,0.4359999895095825,0.4359999895095825,0.4359999895095825,0.4359999895095825,0.4359999895095825,0.4359999895095825,0.4359999895095825,0.4359999895095825,0.4359999895095825,0.4359999895095825,0.4359999895095825,0.4359999895095825,0.4350000023841858,0.4350000023841858,0.4359999895095825,0.4359999895095825,0.4359999895095825,0.4359999895095825,0.4359999895095825,0.4359999895095825,0.4359999895095825,0.4359999895095825,0.4359999895095825,0.4359999895095825,0.4359999895095825,0.43700000643730164,0.43700000643730164,0.43700000643730164,0.43700000643730164,0.43700000643730164,0.43700000643730164,0.43799999356269836,0.43799999356269836,0.43799999356269836,0.43799999356269836,0.43799999356269836,0.43799999356269836,0.43799999356269836,0.4390000104904175,0.4390000104904175,0.4390000104904175,0.4390000104904175,0.4390000104904175,0.4390000104904175,0.4390000104904175,0.4399999976158142,0.4399999976158142,0.4399999976158142,0.4410000145435333,0.4410000145435333,0.44200000166893005,0.44200000166893005,0.44200000166893005,0.44200000166893005,0.44200000166893005,0.44200000166893005,0.4429999887943268,0.4429999887943268,0.4429999887943268,0.4429999887943268,0.4429999887943268,0.4440000057220459,0.4440000057220459,0.4440000057220459,0.4449999928474426,0.4449999928474426,0.4449999928474426,0.44600000977516174,0.44600000977516174,0.44600000977516174,0.44699999690055847,0.44699999690055847,0.44699999690055847,0.44699999690055847,0.4480000138282776,0.4480000138282776,0.4490000009536743,0.4490000009536743,0.4490000009536743,0.44999998807907104,0.44999998807907104,0.45100000500679016,0.4519999921321869,0.4519999921321869,0.4519999921321869,0.4519999921321869,0.453000009059906,0.453000009059906,0.45399999618530273,0.45500001311302185,0.45500001311302185,0.45500001311302185,0.45500001311302185,0.4560000002384186,0.4560000002384186,0.4569999873638153,0.4569999873638153,0.4580000042915344,0.4580000042915344,0.45899999141693115,0.46000000834465027,0.46000000834465027,0.460999995470047,0.460999995470047,0.4620000123977661,0.4620000123977661,0.46299999952316284,0.46399998664855957,0.46399998664855957,0.4650000035762787,0.46799999475479126,0.4779999852180481,0.4860000014305115,0.4860000014305115,0.48399999737739563,inf,0.44200000166893005,...,47.0,47.0,47.0,47.0,47.0,47.0,47.0,47.0,47.0,47.0,47.0,47.0,47.0,47.0,47.0,47.0,47.0,47.0,47.0,47.0,47.0,47.0,47.0,47.0,47.0,47.0,47.0,47.0,47.0,47.0,47.0,47.0,47.0,47.0,47.0,47.0,47.0,47.0,47.0,47.0,47.0,47.0,47.0,47.0,47.0,47.0,47.0,47.0,47.0,47.0,47.0,47.0,47.0,47.0,47.0,47.0,47.0,47.0,47.0,47.0,47.0,47.0,47.0,47.0,47.0,47.0,47.0,47.0,47.0,47.0,47.0,47.0,47.0,47.0,47.0,47.0,47.0,47.0,47.0,47.0,47.0,47.0,47.0,47.0,47.0,47.0,47.0,47.0,47.0,47.0,47.0,47.0,47.0,47.0,47.0,47.0,47.0,47.0,47.0,47.0,47.0,47.0,47.0,47.0,47.0,47.0,47.0,47.0,47.0,47.0,47.0,47.0,47.0,47.0,47.0,47.0,47.0,47.0,47.0,47.0,47.0,47.0,47.0,47.0,47.0,47.0,47.0,47.0,...
1763031918,860829683,laser,-3.1241390705108643,3.1415927410125732,0.0034828970674425364,5.353366213967092e-05,0.09630706161260605,0.15000000596046448,16.0,0.4359999895095825,0.4359999895095825,0.4359999895095825,0.4359999895095825,0.4359999895095825,0.4359999895095825,0.4359999895095825,0.4359999895095825,0.4359999895095825,0.4359999895095825,0.4359999895095825,0.4359999895095825,0.4359999895095825,0.4359999895095825,0.4359999895095825,0.4359999895095825,0.4359999895095825,0.4359999895095825,0.4359999895095825,0.4350000023841858,0.4350000023841858,0.4359999895095825,0.4359999895095825,0.4359999895095825,0.4359999895095825,0.4359999895095825,0.4359999895095825,0.4359999895095825,0.4359999895095825,0.4359999895095825,0.4359999895095825,0.43700000643730164,0.4359999895095825,0.4359999895095825,0.4359999895095825,0.4359999895095825,0.43700000643730164,0.43700000643730164,0.43700000643730164,0.43700000643730164,0.43700000643730164,0.43700000643730164,0.43700000643730164,0.43799999356269836,0.43799999356269836,0.43799999356269836,0.43799999356269836,0.43799999356269836,0.43799999356269836,0.4390000104904175,0.4390000104904175,0.4390000104904175,0.4390000104904175,0.4390000104904175,0.4390000104904175,0.4390000104904175,0.4399999976158142,0.4399999976158142,0.4399999976158142,0.4410000145435333,0.4410000145435333,0.4410000145435333,0.44200000166893005,0.44200000166893005,0.44200000166893005,0.44200000166893005,0.44200000166893005,0.4429999887943268,0.4429999887943268,0.4429999887943268,0.4429999887943268,0.4429999887943268,0.4440000057220459,0.4440000057220459,0.4440000057220459,0.4449999928474426,0.4449999928474426,0.4449999928474426,0.44600000977516174,0.44600000977516174,0.44600000977516174,0.44699999690055847,0.44699999690055847,0.44699999690055847,0.44699999690055847,0.4480000138282776,0.4480000138282776,0.4490000009536743,0.4490000009536743,0.4490000009536743,0.44999998807907104,0.44999998807907104,0.45100000500679016,0.4519999921321869,0.4519999921321869,0.4519999921321869,0.4519999921321869,0.453000009059906,0.453000009059906,0.45399999618530273,0.45399999618530273,0.45500001311302185,0.45500001311302185,0.45500001311302185,0.4560000002384186,0.4560000002384186,0.4569999873638153,0.4569999873638153,0.4580000042915344,0.4580000042915344,0.45899999141693115,0.46000000834465027,0.46000000834465027,0.460999995470047,0.460999995470047,0.4620000123977661,0.4620000123977661,0.46299999952316284,0.46399998664855957,0.46399998664855957,0.4650000035762787,0.4699999988079071,0.4779999852180481,0.48399999737739563,0.48399999737739563,0.4830000102519989,0.4790000021457672,0.47200000286102295,...,47.0,47.0,47.0,47.0,47.0,47.0,47.0,47.0,47.0,47.0,47.0,47.0,47.0,47.0,47.0,47.0,47.0,47.0,47.0,47.0,47.0,47.0,47.0,47.0,47.0,47.0,47.0,47.0,47.0,47.0,47.0,47.0,47.0,47.0,47.0,47.0,47.0,47.0,47.0,47.0,47.0,47.0,47.0,47.0,47.0,47.0,47.0,47.0,47.0,47.0,47.0,47.0,47.0,47.0,47.0,47.0,47.0,47.0,47.0,47.0,47.0,47.0,47.0,47.0,47.0,47.0,47.0,47.0,47.0,47.0,47.0,47.0,47.0,47.0,47.0,47.0,47.0,47.0,47.0,47.0,47.0,47.0,47.0,47.0,47.0,47.0,47.0,47.0,47.0,47.0,47.0,47.0,47.0,47.0,47.0,47.0,47.0,47.0,47.0,47.0,47.0,47.0,47.0,47.0,47.0,47.0,47.0,47.0,47.0,47.0,47.0,47.0,47.0,47.0,47.0,47.0,47.0,47.0,47.0,47.0,47.0,47.0,47.0,47.0,47.0,47.0,47.0,47.0,...
1763031918,958985306,laser,-3.1241390705108643,3.1415927410125732,0.0034828970674425364,5.359768329071812e-05,0.0964222326874733,0.15000000596046448,16.0,0.4359999895095825,0.4359999895095825,0.4359999895095825,0.4359999895095825,0.4359999895095825,0.4359999895095825,0.4359999895095825,0.4359999895095825,0.4359999895095825,0.4359999895095825,0.4359999895095825,0.4359999895095825,0.4359999895095825,0.4359999895095825,0.4359999895095825,0.4359999895095825,0.4359999895095825,0.4359999895095825,0.4359999895095825,0.4350000023841858,0.4350000023841858,0.4359999895095825,0.4359999895095825,0.4359999895095825,0.4359999895095825,0.4359999895095825,0.4359999895095825,0.4359999895095825,0.4359999895095825,0.4359999895095825,0.4359999895095825,0.4359999895095825,0.4359999895095825,0.4359999895095825,0.4359999895095825,0.4359999895095825,0.4359999895095825,0.4359999895095825,0.43700000643730164,0.43700000643730164,0.43700000643730164,0.43700000643730164,0.43799999356269836,0.43799999356269836,0.43799999356269836,0.43799999356269836,0.43799999356269836,0.43799999356269836,0.43799999356269836,0.43799999356269836,0.4390000104904175,0.4390000104904175,0.4390000104904175,0.4390000104904175,0.4390000104904175,0.4390000104904175,0.4399999976158142,0.4399999976158142,0.4399999976158142,0.4410000145435333,0.4410000145435333,0.4410000145435333,0.44200000166893005,0.44200000166893005,0.44200000166893005,0.44200000166893005,0.44200000166893005,0.44200000166893005,0.4429999887943268,0.4429999887943268,0.4429999887943268,0.4429999887943268,0.4440000057220459,0.4440000057220459,0.4440000057220459,0.4449999928474426,0.4449999928474426,0.4449999928474426,0.44600000977516174,0.44600000977516174,0.44600000977516174,0.44699999690055847,0.44699999690055847,0.44699999690055847,0.4480000138282776,0.4480000138282776,0.4480000138282776,0.4480000138282776,0.4490000009536743,0.4490000009536743,0.44999998807907104,0.45100000500679016,0.45100000500679016,0.45100000500679016,0.4519999921321869,0.4519999921321869,0.4519999921321869,0.453000009059906,0.45399999618530273,0.45399999618530273,0.45399999618530273,0.45500001311302185,0.45500001311302185,0.4560000002384186,0.4560000002384186,0.4560000002384186,0.4569999873638153,0.4569999873638153,0.4580000042915344,0.45899999141693115,0.46000000834465027,0.46000000834465027,0.46000000834465027,0.460999995470047,0.460999995470047,0.4620000123977661,0.4620000123977661,0.46299999952316284,0.46299999952316284,0.46399998664855957,0.4699999988079071,0.4790000021457672,0.4790000021457672,0.4790000021457672,0.48100000619888306,0.48100000619888306,0.4779999852180481,0.46799999475479126,...,47.0,47.0,47.0,47.0,47.0,47.0,47.0,47.0,47.0,47.0,47.0,47.0,47.0,47.0,47.0,47.0,47.0,47.0,47.0,47.0,47.0,47.0,47.0,47.0,47.0,47.0,47.0,47.0,47.0,47.0,47.0,47.0,47.0,47.0,47.0,47.0,47.0,47.0,47.0,47.0,47.0,47.0,47.0,47.0,47.0,47.0,47.0,47.0,47.0,47.0,47.0,47.0,47.0,47.0,47.0,47.0,47.0,47.0,47.0,47.0,47.0,47.0,47.0,47.0,47.0,47.0,47.0,47.0,47.0,47.0,47.0,47.0,47.0,47.0,47.0,47.0,47.0,47.0,47.0,47.0,47.0,47.0,47.0,47.0,47.0,47.0,47.0,47.0,47.0,47.0,47.0,47.0,47.0,47.0,47.0,47.0,47.0,47.0,47.0,47.0,47.0,47.0,47.0,47.0,47.0,47.0,47.0,47.0,47.0,47.0,47.0,47.0,47.0,47.0,47.0,47.0,47.0,47.0,47.0,47.0,47.0,47.0,47.0,47.0,47.0,47.0,47.0,47.0,...
1763031919,57162266,laser,-3.1241390705108643,3.1415927410125732,0.0034828970674425364,5.3649418987333775e-05,0.09651530534029007,0.15000000596046448,16.0,0.4359999895095825,0.4359999895095825,0.4359999895095825,0.4359999895095825,0.4359999895095825,0.4359999895095825,0.4359999895095825,0.4359999895095825,0.4359999895095825,0.4359999895095825,0.4359999895095825,0.4359999895095825,0.4359999895095825,0.4359999895095825,0.4359999895095825,0.4359999895095825,0.4359999895095825,0.4359999895095825,0.4359999895095825,0.4359999895095825,0.4359999895095825,0.4359999895095825,0.4359999895095825,0.4359999895095825,0.4359999895095825,0.4359999895095825,0.4359999895095825,0.4359999895095825,0.4359999895095825,0.4359999895095825,0.4359999895095825,0.4359999895095825,0.4359999895095825,0.4359999895095825,0.4359999895095825,0.4359999895095825,0.4359999895095825,0.4359999895095825,0.43700000643730164,0.43700000643730164,0.43700000643730164,0.43700000643730164,0.43700000643730164,0.43700000643730164,0.43799999356269836,0.43799999356269836,0.43799999356269836,0.43799999356269836,0.43799999356269836,0.4390000104904175,0.4390000104904175,0.4390000104904175,0.4390000104904175,0.4390000104904175,0.4390000104904175,0.4399999976158142,0.4399999976158142,0.4399999976158142,0.4399999976158142,0.4410000145435333,0.4410000145435333,0.4410000145435333,0.44200000166893005,0.44200000166893005,0.44200000166893005,0.44200000166893005,0.44200000166893005,0.4429999887943268,0.4429999887943268,0.4429999887943268,0.4429999887943268,0.4440000057220459,0.4440000057220459,0.4440000057220459,0.4449999928474426,0.4449999928474426,0.4449999928474426,0.4449999928474426,0.44600000977516174,0.44600000977516174,0.44699999690055847,0.44699999690055847,0.44699999690055847,0.44699999690055847,0.4480000138282776,0.4480000138282776,0.4490000009536743,0.4490000009536743,0.4490000009536743,0.4490000009536743,0.44999998807907104,0.44999998807907104,0.45100000500679016,0.4519999921321869,0.4519999921321869,0.4519999921321869,0.4519999921321869,0.453000009059906,0.453000009059906,0.45399999618530273,0.45399999618530273,0.45500001311302185,0.45500001311302185,0.4560000002384186,0.4560000002384186,0.4569999873638153,0.4569999873638153,0.4569999873638153,0.4580000042915344,0.4580000042915344,0.45899999141693115,0.46000000834465027,0.46000000834465027,0.46000000834465027,0.460999995470047,0.4620000123977661,0.4620000123977661,0.46299999952316284,0.46399998664855957,0.46399998664855957,0.4650000035762787,0.4699999988079071,0.47999998927116394,0.47999998927116394,0.48500001430511475,0.4830000102519989,0.45100000500679016,0.45100000500679016,...,47.0,47.0,47.0,47.0,47.0,47.0,47.0,47.0,47.0,47.0,47.0,47.0,47.0,47.0,47.0,47.0,47.0,47.0,47.0,47.0,47.0,47.0,47.0,47.0,47.0,47.0,47.0,47.0,47.0,47.0,47.0,47.0,47.0,47.0,47.0,47.0,47.0,47.0,47.0,47.0,47.0,47.0,47.0,47.0,47.0,47.0,47.0,47.0,47.0,47.0,47.0,47.0,47.0,47.0,47.0,47.0,47.0,47.0,47.0,47.0,47.0,47.0,47.0,47.0,47.0,47.0,47.0,47.0,47.0,47.0,47.0,47.0,47.0,47.0,0.0,0.0,0.0,0.0,0.0,0.0,0.0,0.0,0.0,0.0,0.0,0.0,0.0,0.0,0.0,0.0,0.0,0.0,0.0,0.0,0.0,0.0,0.0,0.0,0.0,0.0,0.0,0.0,0.0,0.0,0.0,0.0,0.0,0.0,0.0,0.0,0.0,0.0,0.0,0.0,0.0,0.0,0.0,0.0,0.0,0.0,0.0,0.0,0.0,0.0,0.0,0.0,0.0,0.0,...
1763031919,155173668,laser,-3.1241390705108643,3.1415927410125732,0.0034828970674425364,5.374409374780953e-05,0.09668562561273575,0.15000000596046448,16.0,0.4359999895095825,0.4359999895095825,0.4359999895095825,0.4359999895095825,0.4359999895095825,0.4359999895095825,0.4359999895095825,0.4359999895095825,0.4359999895095825,0.4359999895095825,0.4359999895095825,0.4359999895095825,0.4359999895095825,0.4359999895095825,0.4359999895095825,0.4359999895095825,0.4359999895095825,0.4359999895095825,0.4359999895095825,0.4359999895095825,0.4359999895095825,0.4359999895095825,0.4359999895095825,0.4359999895095825,0.4359999895095825,0.4359999895095825,0.4359999895095825,0.4359999895095825,0.4359999895095825,0.4359999895095825,0.4359999895095825,0.43700000643730164,0.4359999895095825,0.4359999895095825,0.4359999895095825,0.4359999895095825,0.4359999895095825,0.43700000643730164,0.43700000643730164,0.43700000643730164,0.43700000643730164,0.43700000643730164,0.43700000643730164,0.43799999356269836,0.43799999356269836,0.43799999356269836,0.43799999356269836,0.43799999356269836,0.43799999356269836,0.43799999356269836,0.4390000104904175,0.4390000104904175,0.4390000104904175,0.4390000104904175,0.4390000104904175,0.4390000104904175,0.4399999976158142,0.4399999976158142,0.4399999976158142,0.4410000145435333,0.4410000145435333,0.4410000145435333,0.4410000145435333,0.44200000166893005,0.44200000166893005,0.44200000166893005,0.4429999887943268,0.4429999887943268,0.4429999887943268,0.4429999887943268,0.4429999887943268,0.4429999887943268,0.4440000057220459,0.4440000057220459,0.4440000057220459,0.4449999928474426,0.4449999928474426,0.4449999928474426,0.44600000977516174,0.44600000977516174,0.44600000977516174,0.44699999690055847,0.44699999690055847,0.44699999690055847,0.4480000138282776,0.4480000138282776,0.4480000138282776,0.4490000009536743,0.4490000009536743,0.4490000009536743,0.44999998807907104,0.45100000500679016,0.45100000500679016,0.45100000500679016,0.4519999921321869,0.4519999921321869,0.453000009059906,0.453000009059906,0.45399999618530273,0.45399999618530273,0.45399999618530273,0.45500001311302185,0.4560000002384186,0.4560000002384186,0.4560000002384186,0.4560000002384186,0.4569999873638153,0.4569999873638153,0.4580000042915344,0.45899999141693115,0.46000000834465027,0.46000000834465027,0.46000000834465027,0.460999995470047,0.460999995470047,0.4620000123977661,0.46299999952316284,0.46299999952316284,0.46299999952316284,0.46399998664855957,0.4650000035762787,0.4699999988079071,0.4790000021457672,0.4790000021457672,0.4830000102519989,0.4819999933242798,0.44999998807907104,0.44999998807907104,...,47.0,47.0,47.0,47.0,47.0,47.0,47.0,47.0,47.0,47.0,47.0,47.0,47.0,47.0,47.0,47.0,47.0,47.0,47.0,47.0,47.0,47.0,47.0,47.0,47.0,47.0,47.0,47.0,47.0,47.0,47.0,47.0,47.0,47.0,47.0,47.0,47.0,47.0,47.0,47.0,47.0,47.0,47.0,47.0,47.0,47.0,47.0,47.0,47.0,47.0,47.0,47.0,47.0,47.0,47.0,47.0,47.0,47.0,47.0,47.0,47.0,47.0,47.0,47.0,47.0,47.0,47.0,47.0,47.0,47.0,47.0,47.0,47.0,47.0,47.0,47.0,47.0,47.0,47.0,47.0,47.0,47.0,47.0,47.0,47.0,47.0,47.0,47.0,47.0,47.0,47.0,47.0,47.0,47.0,47.0,47.0,47.0,47.0,47.0,47.0,47.0,47.0,47.0,47.0,47.0,47.0,47.0,47.0,47.0,47.0,47.0,47.0,47.0,47.0,47.0,47.0,47.0,47.0,47.0,47.0,47.0,47.0,47.0,47.0,47.0,47.0,47.0,47.0,...
1763031919,253326456,laser,-3.1241390705108643,3.1415927410125732,0.0034828970674425364,5.383021562010981e-05,0.09684056043624878,0.15000000596046448,16.0,0.4359999895095825,0.4359999895095825,0.4359999895095825,0.4359999895095825,0.4359999895095825,0.4359999895095825,0.4359999895095825,0.4359999895095825,0.4359999895095825,0.4359999895095825,0.4359999895095825,0.4359999895095825,0.4359999895095825,0.4359999895095825,0.4359999895095825,0.4359999895095825,0.4359999895095825,0.4359999895095825,0.4359999895095825,0.4359999895095825,0.4359999895095825,0.4359999895095825,0.4359999895095825,0.4350000023841858,0.4359999895095825,0.4359999895095825,0.4359999895095825,0.4359999895095825,0.4359999895095825,0.4359999895095825,0.4359999895095825,0.4359999895095825,0.4359999895095825,0.4359999895095825,0.4359999895095825,0.4359999895095825,0.4359999895095825,0.43700000643730164,0.43700000643730164,0.43700000643730164,0.43700000643730164,0.43700000643730164,0.43700000643730164,0.43700000643730164,0.43799999356269836,0.43799999356269836,0.43799999356269836,0.43799999356269836,0.43799999356269836,0.43799999356269836,0.4390000104904175,0.4390000104904175,0.4390000104904175,0.4390000104904175,0.4390000104904175,0.4390000104904175,0.4399999976158142,0.4399999976158142,0.4399999976158142,0.4410000145435333,0.4410000145435333,0.4410000145435333,0.4410000145435333,0.44200000166893005,0.44200000166893005,0.44200000166893005,0.4429999887943268,0.4429999887943268,0.4429999887943268,0.4429999887943268,0.4429999887943268,0.4440000057220459,0.4440000057220459,0.4440000057220459,0.4440000057220459,0.4449999928474426,0.4449999928474426,0.4449999928474426,0.44600000977516174,0.44600000977516174,0.44600000977516174,0.44699999690055847,0.44699999690055847,0.44699999690055847,0.44699999690055847,0.4480000138282776,0.4480000138282776,0.4490000009536743,0.4490000009536743,0.44999998807907104,0.44999998807907104,0.45100000500679016,0.45100000500679016,0.45100000500679016,0.45100000500679016,0.4519999921321869,0.453000009059906,0.453000009059906,0.45399999618530273,0.45399999618530273,0.45399999618530273,0.45500001311302185,0.4560000002384186,0.4560000002384186,0.4560000002384186,0.4560000002384186,0.4569999873638153,0.4569999873638153,0.4580000042915344,0.45899999141693115,0.46000000834465027,0.46000000834465027,0.46000000834465027,0.460999995470047,0.460999995470047,0.4620000123977661,0.46299999952316284,0.46299999952316284,0.46299999952316284,0.46399998664855957,0.4699999988079071,0.4790000021457672,0.4790000021457672,0.4790000021457672,0.48100000619888306,0.47999998927116394,0.4490000009536743,0.4490000009536743,...,47.0,47.0,47.0,47.0,47.0,47.0,47.0,47.0,47.0,47.0,47.0,47.0,47.0,47.0,47.0,47.0,47.0,47.0,47.0,47.0,47.0,47.0,47.0,47.0,47.0,47.0,47.0,47.0,47.0,47.0,47.0,47.0,47.0,47.0,47.0,47.0,47.0,47.0,47.0,47.0,47.0,47.0,47.0,47.0,47.0,47.0,47.0,47.0,47.0,47.0,47.0,47.0,47.0,47.0,47.0,47.0,47.0,47.0,47.0,47.0,47.0,47.0,47.0,47.0,47.0,47.0,47.0,47.0,47.0,47.0,47.0,47.0,47.0,47.0,47.0,47.0,47.0,47.0,47.0,47.0,47.0,47.0,47.0,47.0,47.0,47.0,47.0,47.0,47.0,47.0,47.0,47.0,47.0,47.0,47.0,47.0,47.0,47.0,47.0,47.0,47.0,47.0,47.0,47.0,47.0,47.0,47.0,47.0,47.0,47.0,47.0,47.0,47.0,47.0,47.0,47.0,47.0,47.0,47.0,47.0,47.0,47.0,47.0,47.0,47.0,47.0,47.0,47.0,...
1763031919,352436785,laser,-3.1241390705108643,3.1415927410125732,0.0034828970674425364,5.3324609325500205e-05,0.09593097865581512,0.15000000596046448,16.0,0.4359999895095825,0.4359999895095825,0.4359999895095825,0.4359999895095825,0.4359999895095825,0.4359999895095825,0.4359999895095825,0.4359999895095825,0.4359999895095825,0.4359999895095825,0.4359999895095825,0.4359999895095825,0.4359999895095825,0.4359999895095825,0.4359999895095825,0.4359999895095825,0.4359999895095825,0.4359999895095825,0.4359999895095825,0.4350000023841858,0.4350000023841858,0.4359999895095825,0.4359999895095825,0.4350000023841858,0.4359999895095825,0.4359999895095825,0.4359999895095825,0.4359999895095825,0.4359999895095825,0.4359999895095825,0.4359999895095825,0.4359999895095825,0.4359999895095825,0.4359999895095825,0.4359999895095825,0.4359999895095825,0.43700000643730164,0.43700000643730164,0.43700000643730164,0.43700000643730164,0.43700000643730164,0.43700000643730164,0.43700000643730164,0.43799999356269836,0.43799999356269836,0.43799999356269836,0.43799999356269836,0.43799999356269836,0.43799999356269836,0.4390000104904175,0.4390000104904175,0.4390000104904175,0.4390000104904175,0.4390000104904175,0.4390000104904175,0.4390000104904175,0.4410000145435333,0.4410000145435333,0.4410000145435333,0.4410000145435333,0.4410000145435333,0.4410000145435333,0.44200000166893005,0.44200000166893005,0.44200000166893005,0.44200000166893005,0.44200000166893005,0.4429999887943268,0.4429999887943268,0.4429999887943268,0.4440000057220459,0.4440000057220459,0.4440000057220459,0.4440000057220459,0.4449999928474426,0.4449999928474426,0.4449999928474426,0.4449999928474426,0.44600000977516174,0.44600000977516174,0.44600000977516174,0.44699999690055847,0.44699999690055847,0.44699999690055847,0.4480000138282776,0.4480000138282776,0.4480000138282776,0.4490000009536743,0.4490000009536743,0.44999998807907104,0.44999998807907104,0.44999998807907104,0.45100000500679016,0.45100000500679016,0.4519999921321869,0.4519999921321869,0.453000009059906,0.453000009059906,0.453000009059906,0.45399999618530273,0.45399999618530273,0.45500001311302185,0.4560000002384186,0.4560000002384186,0.4560000002384186,0.4569999873638153,0.4580000042915344,0.4580000042915344,0.4580000042915344,0.4580000042915344,0.45899999141693115,0.46000000834465027,0.46000000834465027,0.460999995470047,0.460999995470047,0.4620000123977661,0.4620000123977661,0.46299999952316284,0.46299999952316284,0.46399998664855957,0.47099998593330383,0.47099998593330383,0.4830000102519989,0.48399999737739563,0.48399999737739563,0.48399999737739563,0.4440000057220459,0.4440000057220459,...,0.0,47.0,47.0,47.0,47.0,47.0,47.0,47.0,47.0,47.0,47.0,47.0,47.0,47.0,47.0,47.0,47.0,47.0,47.0,47.0,47.0,47.0,47.0,47.0,47.0,47.0,47.0,47.0,47.0,47.0,47.0,47.0,47.0,47.0,47.0,47.0,47.0,47.0,47.0,47.0,47.0,47.0,47.0,47.0,47.0,47.0,47.0,47.0,47.0,47.0,47.0,47.0,47.0,47.0,47.0,47.0,47.0,47.0,47.0,47.0,47.0,47.0,47.0,47.0,47.0,47.0,47.0,47.0,47.0,47.0,47.0,47.0,47.0,47.0,0.0,0.0,0.0,0.0,0.0,0.0,0.0,0.0,0.0,0.0,0.0,0.0,0.0,0.0,0.0,0.0,0.0,0.0,0.0,0.0,0.0,0.0,0.0,0.0,0.0,0.0,0.0,0.0,0.0,0.0,0.0,0.0,0.0,0.0,0.0,0.0,0.0,0.0,0.0,0.0,0.0,0.0,0.0,0.0,0.0,0.0,0.0,0.0,0.0,0.0,0.0,0.0,0.0,0.0,...
1763031919,450051550,laser,-3.1241390705108643,3.1415927410125732,0.0034828970674425364,5.3714629757450894e-05,0.09663262218236923,0.15000000596046448,16.0,0.4359999895095825,0.4359999895095825,0.4359999895095825,0.4359999895095825,0.4359999895095825,0.4359999895095825,0.4359999895095825,0.4359999895095825,0.4359999895095825,0.4359999895095825,0.4359999895095825,0.4359999895095825,0.4359999895095825,0.4359999895095825,0.4359999895095825,0.4359999895095825,0.4359999895095825,0.4359999895095825,0.4359999895095825,0.4359999895095825,0.4359999895095825,0.4359999895095825,0.4359999895095825,0.4359999895095825,0.4359999895095825,0.4359999895095825,0.4359999895095825,0.4359999895095825,0.4359999895095825,0.4359999895095825,0.4359999895095825,0.4359999895095825,0.4359999895095825,0.4359999895095825,0.4359999895095825,0.4359999895095825,0.43700000643730164,0.43700000643730164,0.43700000643730164,0.43700000643730164,0.43700000643730164,0.43700000643730164,0.43700000643730164,0.43700000643730164,0.43700000643730164,0.43799999356269836,0.43799999356269836,0.43799999356269836,0.4390000104904175,0.4390000104904175,0.4390000104904175,0.4390000104904175,0.4390000104904175,0.4390000104904175,0.4390000104904175,0.4390000104904175,0.4399999976158142,0.4399999976158142,0.4399999976158142,0.4410000145435333,0.4410000145435333,0.4410000145435333,0.44200000166893005,0.44200000166893005,0.44200000166893005,0.44200000166893005,0.44200000166893005,0.4429999887943268,0.4429999887943268,0.4429999887943268,0.4429999887943268,0.4440000057220459,0.4440000057220459,0.4440000057220459,0.4449999928474426,0.4449999928474426,0.4449999928474426,0.4449999928474426,0.44600000977516174,0.44600000977516174,0.44600000977516174,0.44699999690055847,0.44699999690055847,0.44699999690055847,0.44699999690055847,0.4480000138282776,0.4490000009536743,0.4490000009536743,0.4490000009536743,0.4490000009536743,0.44999998807907104,0.44999998807907104,0.45100000500679016,0.45100000500679016,0.4519999921321869,0.4519999921321869,0.4519999921321869,0.453000009059906,0.453000009059906,0.45399999618530273,0.45399999618530273,0.45500001311302185,0.45500001311302185,0.4560000002384186,0.4560000002384186,0.4569999873638153,0.4569999873638153,0.4569999873638153,0.4580000042915344,0.45899999141693115,0.45899999141693115,0.46000000834465027,0.460999995470047,0.460999995470047,0.460999995470047,0.4620000123977661,0.46299999952316284,0.46299999952316284,0.46399998664855957,0.46399998664855957,0.4650000035762787,0.4690000116825104,0.47600001096725464,0.4819999933242798,0.4819999933242798,0.4830000102519989,0.4410000145435333,0.4410000145435333,...,47.0,47.0,47.0,47.0,47.0,47.0,47.0,47.0,47.0,47.0,47.0,47.0,47.0,47.0,47.0,47.0,47.0,47.0,47.0,47.0,47.0,47.0,47.0,47.0,47.0,47.0,47.0,47.0,47.0,47.0,47.0,47.0,47.0,47.0,47.0,47.0,47.0,47.0,47.0,47.0,47.0,47.0,47.0,47.0,47.0,47.0,47.0,47.0,47.0,47.0,47.0,47.0,47.0,47.0,47.0,47.0,47.0,47.0,47.0,47.0,47.0,47.0,47.0,47.0,47.0,47.0,47.0,47.0,47.0,47.0,47.0,47.0,47.0,47.0,47.0,47.0,47.0,47.0,47.0,47.0,47.0,47.0,47.0,47.0,47.0,47.0,47.0,47.0,47.0,47.0,47.0,47.0,47.0,47.0,47.0,47.0,47.0,47.0,47.0,47.0,47.0,47.0,47.0,47.0,47.0,47.0,47.0,47.0,47.0,47.0,47.0,47.0,47.0,47.0,47.0,47.0,47.0,47.0,47.0,47.0,47.0,47.0,47.0,47.0,47.0,47.0,47.0,47.0,...
1763031919,548303758,laser,-3.1241390705108643,3.1415927410125732,0.0034828970674425364,5.371002771425992e-05,0.09662433713674545,0.15000000596046448,16.0,0.4359999895095825,0.4359999895095825,0.4359999895095825,0.4359999895095825,0.4359999895095825,0.4359999895095825,0.4359999895095825,0.4359999895095825,0.4359999895095825,0.4359999895095825,0.4359999895095825,0.4359999895095825,0.4359999895095825,0.4359999895095825,0.4359999895095825,0.4359999895095825,0.4359999895095825,0.4359999895095825,0.4359999895095825,0.4350000023841858,0.4359999895095825,0.4359999895095825,0.4350000023841858,0.4359999895095825,0.4359999895095825,0.4359999895095825,0.4359999895095825,0.4359999895095825,0.4359999895095825,0.4359999895095825,0.4359999895095825,0.4359999895095825,0.4359999895095825,0.4359999895095825,0.4359999895095825,0.4359999895095825,0.43700000643730164,0.43700000643730164,0.43700000643730164,0.43700000643730164,0.43700000643730164,0.43700000643730164,0.43700000643730164,0.43700000643730164,0.43799999356269836,0.43799999356269836,0.43799999356269836,0.43799999356269836,0.43799999356269836,0.43799999356269836,0.4390000104904175,0.4390000104904175,0.4390000104904175,0.4390000104904175,0.4390000104904175,0.4390000104904175,0.4399999976158142,0.4410000145435333,0.4399999976158142,0.4410000145435333,0.4410000145435333,0.4410000145435333,0.4410000145435333,0.44200000166893005,0.44200000166893005,0.44200000166893005,0.44200000166893005,0.4429999887943268,0.4429999887943268,0.4429999887943268,0.4440000057220459,0.4440000057220459,0.4440000057220459,0.4440000057220459,0.4440000057220459,0.4449999928474426,0.4449999928474426,0.4449999928474426,0.44600000977516174,0.44600000977516174,0.44600000977516174,0.44600000977516174,0.44699999690055847,0.44699999690055847,0.44699999690055847,0.4480000138282776,0.4480000138282776,0.4490000009536743,0.4490000009536743,0.4490000009536743,0.44999998807907104,0.45100000500679016,0.45100000500679016,0.45100000500679016,0.4519999921321869,0.4519999921321869,0.453000009059906,0.453000009059906,0.453000009059906,0.453000009059906,0.45399999618530273,0.45500001311302185,0.4560000002384186,0.4560000002384186,0.4560000002384186,0.4560000002384186,0.4580000042915344,0.4580000042915344,0.4580000042915344,0.45899999141693115,0.45899999141693115,0.45899999141693115,0.46000000834465027,0.460999995470047,0.460999995470047,0.4620000123977661,0.46299999952316284,0.46299999952316284,0.46299999952316284,0.46399998664855957,0.47099998593330383,0.47999998927116394,0.47999998927116394,0.47999998927116394,0.4830000102519989,0.4819999933242798,0.4490000009536743,0.4490000009536743,...,47.0,47.0,47.0,47.0,47.0,47.0,47.0,47.0,47.0,47.0,47.0,47.0,47.0,47.0,47.0,47.0,47.0,47.0,47.0,47.0,47.0,47.0,47.0,47.0,47.0,47.0,47.0,47.0,47.0,47.0,47.0,47.0,47.0,47.0,47.0,47.0,47.0,47.0,47.0,47.0,47.0,47.0,47.0,47.0,47.0,47.0,47.0,47.0,47.0,47.0,47.0,47.0,47.0,47.0,47.0,47.0,47.0,47.0,47.0,47.0,47.0,47.0,47.0,47.0,47.0,47.0,47.0,47.0,47.0,47.0,47.0,47.0,47.0,47.0,47.0,47.0,47.0,47.0,47.0,47.0,47.0,47.0,47.0,47.0,47.0,47.0,47.0,47.0,47.0,47.0,47.0,47.0,47.0,47.0,47.0,47.0,47.0,47.0,47.0,47.0,47.0,47.0,47.0,47.0,47.0,47.0,47.0,47.0,47.0,47.0,47.0,47.0,47.0,47.0,47.0,47.0,47.0,47.0,47.0,47.0,47.0,47.0,47.0,47.0,47.0,47.0,47.0,47.0,...
1763031919,646774184,laser,-3.1241390705108643,3.1415927410125732,0.0034828970674425364,5.356009569368325e-05,0.09635461121797562,0.15000000596046448,16.0,0.4359999895095825,0.4359999895095825,0.4359999895095825,0.4359999895095825,0.4359999895095825,0.4359999895095825,0.4359999895095825,0.4359999895095825,0.4359999895095825,0.4359999895095825,0.4359999895095825,0.4359999895095825,0.4359999895095825,0.4359999895095825,0.4359999895095825,0.4359999895095825,0.4359999895095825,0.4359999895095825,0.4359999895095825,0.4350000023841858,0.4350000023841858,0.4359999895095825,0.4359999895095825,0.4359999895095825,0.4359999895095825,0.4359999895095825,0.4359999895095825,0.4359999895095825,0.4359999895095825,0.4359999895095825,0.4359999895095825,0.4359999895095825,0.4359999895095825,0.4359999895095825,0.4359999895095825,0.4359999895095825,0.43700000643730164,0.43700000643730164,0.43700000643730164,0.43700000643730164,0.43700000643730164,0.43700000643730164,0.43700000643730164,0.43700000643730164,0.43799999356269836,0.43799999356269836,0.43799999356269836,0.43799999356269836,0.43799999356269836,0.4390000104904175,0.4390000104904175,0.4390000104904175,0.4390000104904175,0.4390000104904175,0.4390000104904175,0.4390000104904175,0.4399999976158142,0.4399999976158142,0.4399999976158142,0.4410000145435333,0.4410000145435333,0.4410000145435333,0.44200000166893005,0.44200000166893005,0.44200000166893005,0.44200000166893005,0.44200000166893005,0.4429999887943268,0.4429999887943268,0.4429999887943268,0.4440000057220459,0.4440000057220459,0.4440000057220459,0.4440000057220459,0.4449999928474426,0.4449999928474426,0.4449999928474426,0.44600000977516174,0.44600000977516174,0.44600000977516174,0.44600000977516174,0.44699999690055847,0.44699999690055847,0.44699999690055847,0.4480000138282776,0.4480000138282776,0.4490000009536743,0.4490000009536743,0.4490000009536743,0.44999998807907104,0.44999998807907104,0.44999998807907104,0.45100000500679016,0.45100000500679016,0.4519999921321869,0.453000009059906,0.453000009059906,0.453000009059906,0.453000009059906,0.453000009059906,0.45399999618530273,0.45500001311302185,0.4560000002384186,0.4560000002384186,0.4560000002384186,0.4560000002384186,0.4569999873638153,0.4580000042915344,0.4580000042915344,0.45899999141693115,0.45899999141693115,0.46000000834465027,0.46000000834465027,0.460999995470047,0.460999995470047,0.460999995470047,0.4620000123977661,0.46299999952316284,0.46299999952316284,0.46399998664855957,0.46399998664855957,0.47099998593330383,0.47999998927116394,0.47999998927116394,0.4830000102519989,0.4830000102519989,0.47999998927116394,0.4740000069141388,...,0.0,47.0,47.0,47.0,47.0,47.0,47.0,47.0,47.0,47.0,47.0,47.0,47.0,47.0,47.0,47.0,47.0,47.0,47.0,47.0,47.0,47.0,47.0,47.0,47.0,47.0,47.0,47.0,47.0,47.0,47.0,47.0,47.0,47.0,47.0,47.0,47.0,47.0,47.0,47.0,47.0,47.0,47.0,47.0,47.0,47.0,47.0,47.0,47.0,47.0,47.0,47.0,47.0,47.0,47.0,47.0,47.0,47.0,47.0,47.0,47.0,47.0,47.0,47.0,47.0,47.0,47.0,47.0,47.0,47.0,47.0,47.0,47.0,47.0,47.0,47.0,47.0,0.0,0.0,0.0,0.0,0.0,0.0,0.0,0.0,0.0,0.0,0.0,0.0,0.0,0.0,0.0,0.0,0.0,0.0,0.0,0.0,0.0,0.0,0.0,0.0,0.0,0.0,0.0,0.0,0.0,0.0,0.0,0.0,0.0,0.0,0.0,0.0,0.0,0.0,0.0,0.0,0.0,0.0,0.0,0.0,0.0,0.0,0.0,0.0,0.0,0.0,0.0,...
1763031919,744865450,laser,-3.1241390705108643,3.1415927410125732,0.0034828970674425364,5.3749765356769785e-05,0.09669582545757294,0.15000000596046448,16.0,0.4359999895095825,0.4359999895095825,0.4359999895095825,0.4359999895095825,0.4359999895095825,0.4359999895095825,0.4359999895095825,0.4359999895095825,0.4359999895095825,0.4359999895095825,0.4359999895095825,0.4359999895095825,0.4359999895095825,0.4359999895095825,0.4359999895095825,0.4359999895095825,0.4359999895095825,0.4359999895095825,0.4359999895095825,0.4350000023841858,0.4350000023841858,0.4350000023841858,0.4350000023841858,0.4359999895095825,0.4359999895095825,0.4359999895095825,0.4359999895095825,0.4359999895095825,0.4359999895095825,0.4359999895095825,0.4359999895095825,0.4359999895095825,0.4359999895095825,0.4359999895095825,0.4359999895095825,0.4359999895095825,0.4359999895095825,0.4359999895095825,0.43700000643730164,0.43700000643730164,0.43700000643730164,0.43700000643730164,0.43700000643730164,0.43700000643730164,0.43799999356269836,0.43700000643730164,0.43799999356269836,0.43799999356269836,0.43799999356269836,0.4390000104904175,0.4390000104904175,0.4390000104904175,0.4390000104904175,0.4390000104904175,0.4390000104904175,0.4390000104904175,0.4399999976158142,0.4399999976158142,0.4399999976158142,0.4410000145435333,0.4410000145435333,0.4410000145435333,0.4410000145435333,0.44200000166893005,0.44200000166893005,0.44200000166893005,0.44200000166893005,0.4429999887943268,0.4429999887943268,0.4429999887943268,0.4429999887943268,0.4440000057220459,0.4440000057220459,0.4440000057220459,0.4449999928474426,0.4449999928474426,0.4449999928474426,0.4449999928474426,0.44600000977516174,0.44600000977516174,0.44600000977516174,0.44699999690055847,0.44699999690055847,0.44699999690055847,0.4480000138282776,0.4480000138282776,0.4490000009536743,0.4490000009536743,0.4490000009536743,0.4490000009536743,0.44999998807907104,0.44999998807907104,0.45100000500679016,0.45100000500679016,0.4519999921321869,0.4519999921321869,0.453000009059906,0.453000009059906,0.453000009059906,0.45399999618530273,0.45500001311302185,0.45500001311302185,0.45500001311302185,0.4560000002384186,0.4560000002384186,0.4560000002384186,0.4569999873638153,0.4569999873638153,0.4580000042915344,0.45899999141693115,0.45899999141693115,0.46000000834465027,0.46000000834465027,0.460999995470047,0.460999995470047,0.4620000123977661,0.4620000123977661,0.46299999952316284,0.46399998664855957,0.46399998664855957,0.4650000035762787,0.4690000116825104,0.47600001096725464,0.48100000619888306,0.48100000619888306,inf,inf,0.4410000145435333,...,47.0,47.0,47.0,47.0,47.0,47.0,47.0,47.0,47.0,47.0,47.0,47.0,47.0,47.0,47.0,47.0,47.0,47.0,47.0,47.0,47.0,47.0,47.0,47.0,47.0,47.0,47.0,47.0,47.0,47.0,47.0,47.0,47.0,47.0,47.0,47.0,47.0,47.0,47.0,47.0,47.0,47.0,47.0,47.0,47.0,47.0,47.0,47.0,47.0,47.0,47.0,47.0,47.0,47.0,47.0,47.0,47.0,47.0,47.0,47.0,47.0,47.0,47.0,47.0,47.0,47.0,47.0,47.0,47.0,47.0,47.0,47.0,47.0,47.0,47.0,47.0,47.0,0.0,0.0,0.0,0.0,0.0,0.0,0.0,0.0,0.0,0.0,0.0,0.0,0.0,0.0,0.0,0.0,0.0,0.0,0.0,0.0,0.0,0.0,0.0,0.0,0.0,0.0,0.0,0.0,0.0,0.0,0.0,0.0,0.0,0.0,0.0,0.0,0.0,0.0,0.0,0.0,0.0,0.0,0.0,0.0,0.0,0.0,0.0,0.0,0.0,0.0,0.0,...
1763031919,843019860,laser,-3.1241390705108643,3.1415927410125732,0.0034828970674425364,5.3775085689267144e-05,0.09674137830734253,0.15000000596046448,16.0,0.4359999895095825,0.4359999895095825,0.4359999895095825,0.4359999895095825,0.4359999895095825,0.4359999895095825,0.4359999895095825,0.4359999895095825,0.4359999895095825,0.4359999895095825,0.4359999895095825,0.4359999895095825,0.4359999895095825,0.4359999895095825,0.4359999895095825,0.4359999895095825,0.4359999895095825,0.4359999895095825,0.4350000023841858,0.4350000023841858,0.4359999895095825,0.4359999895095825,0.4359999895095825,0.4359999895095825,0.4359999895095825,0.4359999895095825,0.4359999895095825,0.4359999895095825,0.4359999895095825,0.4359999895095825,0.4359999895095825,0.4359999895095825,0.4359999895095825,0.4359999895095825,0.4359999895095825,0.4359999895095825,0.4359999895095825,0.43700000643730164,0.43700000643730164,0.43700000643730164,0.43700000643730164,0.43700000643730164,0.43700000643730164,0.43700000643730164,0.43799999356269836,0.43799999356269836,0.43799999356269836,0.43799999356269836,0.43799999356269836,0.4390000104904175,0.4390000104904175,0.4390000104904175,0.4390000104904175,0.4390000104904175,0.4390000104904175,0.4390000104904175,0.4399999976158142,0.4410000145435333,0.4410000145435333,0.4399999976158142,0.4410000145435333,0.4410000145435333,0.44200000166893005,0.44200000166893005,0.44200000166893005,0.44200000166893005,0.44200000166893005,0.4429999887943268,0.4429999887943268,0.4429999887943268,0.4440000057220459,0.4440000057220459,0.4440000057220459,0.4440000057220459,0.4449999928474426,0.4449999928474426,0.4449999928474426,0.44600000977516174,0.44600000977516174,0.44600000977516174,0.44600000977516174,0.44600000977516174,0.44699999690055847,0.44699999690055847,0.4480000138282776,0.4480000138282776,0.4480000138282776,0.4490000009536743,0.4490000009536743,0.44999998807907104,0.44999998807907104,0.44999998807907104,0.45100000500679016,0.45100000500679016,0.4519999921321869,0.4519999921321869,0.453000009059906,0.453000009059906,0.453000009059906,0.453000009059906,0.45399999618530273,0.45500001311302185,0.4560000002384186,0.4560000002384186,0.4560000002384186,0.4560000002384186,0.4569999873638153,0.4580000042915344,0.4580000042915344,0.4580000042915344,0.45899999141693115,0.45899999141693115,0.46000000834465027,0.460999995470047,0.4620000123977661,0.4620000123977661,0.4620000123977661,0.46299999952316284,0.46399998664855957,0.46399998664855957,0.47099998593330383,0.47099998593330383,0.48100000619888306,0.48399999737739563,0.48399999737739563,0.48399999737739563,0.48100000619888306,0.4740000069141388,...,47.0,47.0,47.0,47.0,47.0,47.0,47.0,47.0,47.0,47.0,47.0,47.0,47.0,47.0,47.0,47.0,47.0,47.0,47.0,47.0,47.0,47.0,47.0,47.0,47.0,47.0,47.0,47.0,47.0,47.0,47.0,47.0,47.0,47.0,47.0,47.0,47.0,47.0,47.0,47.0,47.0,47.0,47.0,47.0,47.0,47.0,47.0,47.0,47.0,47.0,47.0,47.0,47.0,47.0,47.0,47.0,47.0,47.0,47.0,47.0,47.0,47.0,47.0,47.0,47.0,47.0,47.0,47.0,47.0,47.0,47.0,47.0,47.0,47.0,47.0,47.0,47.0,47.0,47.0,47.0,47.0,47.0,47.0,47.0,47.0,47.0,47.0,47.0,47.0,47.0,47.0,47.0,47.0,47.0,47.0,47.0,47.0,47.0,47.0,47.0,47.0,47.0,47.0,47.0,47.0,47.0,47.0,47.0,47.0,47.0,47.0,47.0,47.0,47.0,47.0,47.0,47.0,47.0,47.0,47.0,47.0,47.0,47.0,47.0,47.0,47.0,47.0,47.0,...
1763031919,941036510,laser,-3.1241390705108643,3.1415927410125732,0.0034828970674425364,5.39067477802746e-05,0.09697823971509933,0.15000000596046448,16.0,0.4359999895095825,0.4359999895095825,0.4359999895095825,0.4359999895095825,0.4359999895095825,0.4359999895095825,0.4359999895095825,0.4359999895095825,0.4359999895095825,0.4359999895095825,0.4359999895095825,0.4359999895095825,0.4359999895095825,0.4359999895095825,0.4359999895095825,0.4359999895095825,0.4359999895095825,0.4359999895095825,0.4350000023841858,0.4350000023841858,0.4350000023841858,0.4359999895095825,0.4359999895095825,0.4359999895095825,0.4359999895095825,0.4359999895095825,0.4359999895095825,0.4359999895095825,0.4359999895095825,0.4359999895095825,0.4359999895095825,0.4359999895095825,0.4359999895095825,0.4359999895095825,0.43700000643730164,0.4359999895095825,0.4359999895095825,0.4359999895095825,0.43700000643730164,0.43700000643730164,0.43700000643730164,0.43700000643730164,0.43700000643730164,0.43700000643730164,0.43799999356269836,0.43700000643730164,0.43799999356269836,0.43799999356269836,0.43799999356269836,0.4390000104904175,0.4390000104904175,0.4390000104904175,0.4390000104904175,0.4390000104904175,0.4390000104904175,0.4399999976158142,0.4399999976158142,0.4399999976158142,0.4399999976158142,0.4410000145435333,0.4410000145435333,0.4410000145435333,0.4410000145435333,0.44200000166893005,0.44200000166893005,0.44200000166893005,0.44200000166893005,0.4429999887943268,0.4429999887943268,0.4429999887943268,0.4429999887943268,0.4440000057220459,0.4440000057220459,0.4440000057220459,0.4449999928474426,0.4449999928474426,0.4449999928474426,0.4449999928474426,0.44600000977516174,0.44600000977516174,0.44600000977516174,0.44699999690055847,0.44699999690055847,0.44699999690055847,0.4480000138282776,0.4480000138282776,0.4480000138282776,0.4490000009536743,0.4490000009536743,0.4490000009536743,0.44999998807907104,0.44999998807907104,0.45100000500679016,0.45100000500679016,0.45100000500679016,0.4519999921321869,0.453000009059906,0.453000009059906,0.453000009059906,0.45399999618530273,0.45500001311302185,0.45500001311302185,0.45500001311302185,0.4560000002384186,0.4560000002384186,0.4560000002384186,0.4560000002384186,0.4569999873638153,0.4580000042915344,0.45899999141693115,0.45899999141693115,0.46000000834465027,0.46000000834465027,0.46000000834465027,0.460999995470047,0.4620000123977661,0.4620000123977661,0.46299999952316284,0.46399998664855957,0.46399998664855957,0.48100000619888306,0.48100000619888306,0.48100000619888306,0.48100000619888306,0.47999998927116394,0.47999998927116394,0.4429999887943268,0.4429999887943268,...,47.0,47.0,47.0,47.0,47.0,47.0,47.0,47.0,47.0,47.0,47.0,47.0,47.0,47.0,47.0,47.0,47.0,47.0,47.0,47.0,47.0,47.0,47.0,47.0,47.0,47.0,47.0,47.0,47.0,47.0,47.0,47.0,47.0,47.0,47.0,47.0,47.0,47.0,47.0,47.0,47.0,47.0,47.0,47.0,47.0,47.0,47.0,47.0,47.0,47.0,47.0,47.0,47.0,47.0,47.0,47.0,47.0,47.0,47.0,47.0,47.0,47.0,47.0,47.0,47.0,47.0,47.0,47.0,47.0,47.0,47.0,47.0,47.0,47.0,47.0,47.0,47.0,47.0,47.0,47.0,47.0,47.0,47.0,47.0,47.0,47.0,47.0,47.0,47.0,47.0,47.0,47.0,47.0,47.0,47.0,47.0,47.0,47.0,47.0,47.0,47.0,47.0,47.0,47.0,47.0,47.0,47.0,47.0,47.0,47.0,47.0,47.0,47.0,47.0,47.0,47.0,47.0,47.0,47.0,47.0,47.0,47.0,47.0,47.0,47.0,47.0,47.0,47.0,...
1763031920,39698901,laser,-3.1241390705108643,3.1415927410125732,0.0034828970674425364,5.365768447518349e-05,0.09653017669916153,0.15000000596046448,16.0,0.4359999895095825,0.4359999895095825,0.4359999895095825,0.4359999895095825,0.4359999895095825,0.4359999895095825,0.4359999895095825,0.4359999895095825,0.4359999895095825,0.4359999895095825,0.4359999895095825,0.4359999895095825,0.4359999895095825,0.4359999895095825,0.4359999895095825,0.4359999895095825,0.4359999895095825,0.4359999895095825,0.4359999895095825,0.4350000023841858,0.4359999895095825,0.4359999895095825,0.4359999895095825,0.4359999895095825,0.4359999895095825,0.4359999895095825,0.4359999895095825,0.4359999895095825,0.4359999895095825,0.4359999895095825,0.4359999895095825,0.4359999895095825,0.4359999895095825,0.4359999895095825,0.4359999895095825,0.4359999895095825,0.4359999895095825,0.43700000643730164,0.43700000643730164,0.43700000643730164,0.43700000643730164,0.43700000643730164,0.43700000643730164,0.43700000643730164,0.43799999356269836,0.43799999356269836,0.43799999356269836,0.43799999356269836,0.43799999356269836,0.43799999356269836,0.4390000104904175,0.4390000104904175,0.4390000104904175,0.4390000104904175,0.4390000104904175,0.4390000104904175,0.4399999976158142,0.4410000145435333,0.4410000145435333,0.4399999976158142,0.4399999976158142,0.4410000145435333,0.4410000145435333,0.44200000166893005,0.44200000166893005,0.44200000166893005,0.44200000166893005,0.4429999887943268,0.4429999887943268,0.4429999887943268,0.4429999887943268,0.4440000057220459,0.4440000057220459,0.4440000057220459,0.4449999928474426,0.4449999928474426,0.4449999928474426,0.44600000977516174,0.44600000977516174,0.44600000977516174,0.44600000977516174,0.44600000977516174,0.44699999690055847,0.44699999690055847,0.4480000138282776,0.4480000138282776,0.4480000138282776,0.4490000009536743,0.4490000009536743,0.44999998807907104,0.44999998807907104,0.44999998807907104,0.45100000500679016,0.45100000500679016,0.4519999921321869,0.4519999921321869,0.453000009059906,0.453000009059906,0.453000009059906,0.45399999618530273,0.45399999618530273,0.45500001311302185,0.45500001311302185,0.4560000002384186,0.4560000002384186,0.4560000002384186,0.4569999873638153,0.4580000042915344,0.4580000042915344,0.45899999141693115,0.45899999141693115,0.45899999141693115,0.46000000834465027,0.460999995470047,0.4620000123977661,0.4620000123977661,0.4620000123977661,0.46299999952316284,0.46399998664855957,0.46399998664855957,0.4650000035762787,0.4650000035762787,0.4699999988079071,0.4819999933242798,0.4860000014305115,0.4860000014305115,0.48100000619888306,0.4749999940395355,...,47.0,47.0,47.0,47.0,47.0,47.0,47.0,47.0,47.0,47.0,47.0,47.0,47.0,47.0,47.0,47.0,47.0,47.0,47.0,47.0,47.0,47.0,47.0,47.0,47.0,47.0,47.0,47.0,47.0,47.0,47.0,47.0,47.0,47.0,47.0,47.0,47.0,47.0,47.0,47.0,47.0,47.0,47.0,47.0,47.0,47.0,47.0,47.0,47.0,47.0,47.0,47.0,47.0,47.0,47.0,47.0,47.0,47.0,47.0,47.0,47.0,47.0,47.0,47.0,47.0,47.0,47.0,47.0,47.0,47.0,47.0,47.0,47.0,47.0,47.0,47.0,47.0,47.0,47.0,47.0,47.0,47.0,47.0,47.0,47.0,47.0,47.0,47.0,47.0,47.0,47.0,47.0,47.0,47.0,47.0,47.0,47.0,47.0,47.0,47.0,47.0,47.0,47.0,47.0,47.0,47.0,47.0,47.0,47.0,47.0,47.0,47.0,47.0,47.0,47.0,47.0,47.0,47.0,47.0,47.0,47.0,47.0,47.0,47.0,47.0,47.0,47.0,47.0,...
1763031920,137812682,laser,-3.1241390705108643,3.1415927410125732,0.0034828970674425364,5.37704981979914e-05,0.09673313051462173,0.15000000596046448,16.0,0.4359999895095825,0.4359999895095825,0.4359999895095825,0.4359999895095825,0.4359999895095825,0.4359999895095825,0.4359999895095825,0.4359999895095825,0.4359999895095825,0.4359999895095825,0.4359999895095825,0.4359999895095825,0.4359999895095825,0.4359999895095825,0.4359999895095825,0.4359999895095825,0.4359999895095825,0.4359999895095825,0.4350000023841858,0.4350000023841858,0.4350000023841858,0.4359999895095825,0.4359999895095825,0.4359999895095825,0.4359999895095825,0.4359999895095825,0.4359999895095825,0.4359999895095825,0.4359999895095825,0.4359999895095825,0.4359999895095825,0.4359999895095825,0.4359999895095825,0.4359999895095825,0.4359999895095825,0.4359999895095825,0.4359999895095825,0.4359999895095825,0.43700000643730164,0.43700000643730164,0.43700000643730164,0.43700000643730164,0.43700000643730164,0.43700000643730164,0.43799999356269836,0.43700000643730164,0.43799999356269836,0.43799999356269836,0.43799999356269836,0.43799999356269836,0.4390000104904175,0.4390000104904175,0.4390000104904175,0.4390000104904175,0.4390000104904175,0.4399999976158142,0.4399999976158142,0.4399999976158142,0.4399999976158142,0.4410000145435333,0.4410000145435333,0.4410000145435333,0.4410000145435333,0.44200000166893005,0.44200000166893005,0.44200000166893005,0.44200000166893005,0.4429999887943268,0.4429999887943268,0.4429999887943268,0.4429999887943268,0.4440000057220459,0.4440000057220459,0.4440000057220459,0.4449999928474426,0.4449999928474426,0.4449999928474426,0.4449999928474426,0.44600000977516174,0.44600000977516174,0.44600000977516174,0.44600000977516174,0.44600000977516174,0.44699999690055847,0.4480000138282776,0.4480000138282776,0.4480000138282776,0.4480000138282776,0.4490000009536743,0.4490000009536743,0.44999998807907104,0.45100000500679016,0.45100000500679016,0.45100000500679016,0.45100000500679016,0.4519999921321869,0.453000009059906,0.453000009059906,0.453000009059906,0.45399999618530273,0.45399999618530273,0.45500001311302185,0.45500001311302185,0.4560000002384186,0.4560000002384186,0.4560000002384186,0.4569999873638153,0.4580000042915344,0.4580000042915344,0.45899999141693115,0.45899999141693115,0.46000000834465027,0.46000000834465027,0.46000000834465027,0.460999995470047,0.4620000123977661,0.4620000123977661,0.46299999952316284,0.46399998664855957,0.46399998664855957,0.47099998593330383,0.47999998927116394,0.47999998927116394,0.47999998927116394,0.48399999737739563,0.4830000102519989,0.4519999921321869,0.4519999921321869,...,47.0,47.0,47.0,47.0,47.0,47.0,47.0,47.0,47.0,47.0,47.0,47.0,47.0,47.0,47.0,47.0,47.0,47.0,47.0,47.0,47.0,47.0,47.0,47.0,47.0,47.0,47.0,47.0,47.0,47.0,47.0,47.0,47.0,47.0,47.0,47.0,47.0,47.0,47.0,47.0,47.0,47.0,47.0,47.0,47.0,47.0,47.0,47.0,47.0,47.0,47.0,47.0,47.0,47.0,47.0,47.0,47.0,47.0,47.0,47.0,47.0,47.0,47.0,47.0,47.0,47.0,47.0,47.0,47.0,47.0,47.0,47.0,47.0,47.0,0.0,0.0,0.0,0.0,0.0,0.0,0.0,0.0,0.0,0.0,0.0,0.0,0.0,0.0,0.0,0.0,0.0,0.0,0.0,0.0,0.0,0.0,0.0,0.0,0.0,0.0,0.0,0.0,0.0,0.0,0.0,0.0,0.0,0.0,0.0,0.0,0.0,0.0,0.0,0.0,0.0,0.0,0.0,0.0,0.0,0.0,0.0,0.0,0.0,0.0,0.0,0.0,0.0,0.0,...
1763031920,236426605,laser,-3.1241390705108643,3.1415927410125732,0.0034828970674425364,5.348494232748635e-05,0.09621940553188324,0.15000000596046448,16.0,0.4359999895095825,0.4359999895095825,0.4359999895095825,0.4359999895095825,0.4359999895095825,0.4359999895095825,0.4359999895095825,0.4359999895095825,0.4359999895095825,0.4359999895095825,0.4359999895095825,0.4359999895095825,0.4359999895095825,0.4359999895095825,0.4359999895095825,0.4359999895095825,0.4359999895095825,0.4359999895095825,0.4359999895095825,0.4350000023841858,0.4359999895095825,0.4359999895095825,0.4359999895095825,0.4359999895095825,0.4359999895095825,0.4359999895095825,0.4359999895095825,0.4359999895095825,0.4359999895095825,0.4359999895095825,0.4359999895095825,0.4359999895095825,0.4359999895095825,0.4359999895095825,0.4359999895095825,0.4359999895095825,0.4359999895095825,0.43700000643730164,0.43700000643730164,0.43700000643730164,0.43700000643730164,0.43700000643730164,0.43700000643730164,0.43700000643730164,0.43799999356269836,0.43799999356269836,0.43799999356269836,0.43799999356269836,0.43799999356269836,0.43799999356269836,0.4390000104904175,0.4390000104904175,0.4390000104904175,0.4390000104904175,0.4390000104904175,0.4390000104904175,0.4399999976158142,0.4399999976158142,0.4399999976158142,0.4399999976158142,0.4399999976158142,0.4410000145435333,0.44200000166893005,0.44200000166893005,0.44200000166893005,0.44200000166893005,0.44200000166893005,0.4429999887943268,0.4429999887943268,0.4429999887943268,0.4429999887943268,0.4440000057220459,0.4440000057220459,0.4440000057220459,0.4440000057220459,0.4449999928474426,0.4449999928474426,0.44600000977516174,0.44600000977516174,0.44600000977516174,0.44600000977516174,0.44600000977516174,0.44699999690055847,0.44699999690055847,0.4480000138282776,0.4480000138282776,0.4480000138282776,0.4490000009536743,0.4490000009536743,0.44999998807907104,0.44999998807907104,0.44999998807907104,0.45100000500679016,0.45100000500679016,0.4519999921321869,0.4519999921321869,0.453000009059906,0.453000009059906,0.453000009059906,0.45399999618530273,0.45399999618530273,0.45500001311302185,0.45500001311302185,0.4560000002384186,0.4560000002384186,0.4560000002384186,0.4569999873638153,0.4580000042915344,0.4580000042915344,0.45899999141693115,0.45899999141693115,0.45899999141693115,0.46000000834465027,0.460999995470047,0.4620000123977661,0.4620000123977661,0.46299999952316284,0.46299999952316284,0.46399998664855957,0.46399998664855957,0.47099998593330383,0.47999998927116394,0.47999998927116394,0.47999998927116394,0.4819999933242798,0.48100000619888306,0.47699999809265137,0.47699999809265137,...,47.0,47.0,47.0,47.0,47.0,47.0,47.0,47.0,47.0,47.0,47.0,47.0,47.0,47.0,47.0,47.0,47.0,47.0,47.0,47.0,47.0,47.0,47.0,47.0,47.0,47.0,47.0,47.0,47.0,47.0,47.0,47.0,47.0,47.0,47.0,47.0,47.0,47.0,47.0,47.0,47.0,47.0,47.0,47.0,47.0,47.0,47.0,47.0,47.0,47.0,47.0,47.0,47.0,47.0,47.0,47.0,47.0,47.0,47.0,47.0,47.0,47.0,47.0,47.0,47.0,47.0,47.0,47.0,47.0,47.0,47.0,47.0,47.0,47.0,47.0,47.0,47.0,47.0,47.0,47.0,47.0,47.0,47.0,47.0,47.0,47.0,47.0,47.0,47.0,47.0,47.0,47.0,47.0,47.0,47.0,47.0,47.0,47.0,47.0,47.0,47.0,47.0,47.0,47.0,47.0,47.0,47.0,47.0,47.0,47.0,47.0,47.0,47.0,47.0,47.0,47.0,47.0,47.0,47.0,47.0,47.0,47.0,47.0,47.0,47.0,47.0,47.0,47.0,...
1763031920,334300506,laser,-3.1241390705108643,3.1415927410125732,0.0034828970674425364,5.374205284169875e-05,0.09668195247650146,0.15000000596046448,16.0,0.4359999895095825,0.4359999895095825,0.4359999895095825,0.4359999895095825,0.4359999895095825,0.4359999895095825,0.4359999895095825,0.4359999895095825,0.4359999895095825,0.4359999895095825,0.4359999895095825,0.4359999895095825,0.4359999895095825,0.4359999895095825,0.4359999895095825,0.4359999895095825,0.4359999895095825,0.4359999895095825,0.4359999895095825,0.4359999895095825,0.4350000023841858,0.4359999895095825,0.4359999895095825,0.4359999895095825,0.4359999895095825,0.4359999895095825,0.4359999895095825,0.4359999895095825,0.4359999895095825,0.4359999895095825,0.4359999895095825,0.4359999895095825,0.4359999895095825,0.4359999895095825,0.4359999895095825,0.4359999895095825,0.4359999895095825,0.43700000643730164,0.43700000643730164,0.43700000643730164,0.43700000643730164,0.43700000643730164,0.43700000643730164,0.43799999356269836,0.43799999356269836,0.43799999356269836,0.43799999356269836,0.43799999356269836,0.43799999356269836,0.43799999356269836,0.4390000104904175,0.4390000104904175,0.4390000104904175,0.4390000104904175,0.4390000104904175,0.4390000104904175,0.4399999976158142,0.4399999976158142,0.4399999976158142,0.4399999976158142,0.4399999976158142,0.4410000145435333,0.44200000166893005,0.44200000166893005,0.44200000166893005,0.44200000166893005,0.44200000166893005,0.4429999887943268,0.4429999887943268,0.4429999887943268,0.4429999887943268,0.4440000057220459,0.4440000057220459,0.4440000057220459,0.4440000057220459,0.4449999928474426,0.4449999928474426,0.44600000977516174,0.44600000977516174,0.44600000977516174,0.44600000977516174,0.44699999690055847,0.44699999690055847,0.44699999690055847,0.4480000138282776,0.4480000138282776,0.4480000138282776,0.4490000009536743,0.4490000009536743,0.44999998807907104,0.44999998807907104,0.44999998807907104,0.45100000500679016,0.45100000500679016,0.4519999921321869,0.4519999921321869,0.453000009059906,0.453000009059906,0.453000009059906,0.453000009059906,0.45399999618530273,0.45500001311302185,0.45500001311302185,0.4560000002384186,0.4560000002384186,0.4560000002384186,0.4569999873638153,0.4580000042915344,0.4580000042915344,0.45899999141693115,0.45899999141693115,0.45899999141693115,0.46000000834465027,0.46000000834465027,0.460999995470047,0.4620000123977661,0.46299999952316284,0.46299999952316284,0.46399998664855957,0.46399998664855957,0.47099998593330383,0.47999998927116394,0.47999998927116394,0.47999998927116394,0.4830000102519989,0.4819999933242798,0.47600001096725464,0.47600001096725464,...,47.0,47.0,47.0,47.0,47.0,47.0,47.0,47.0,47.0,47.0,47.0,47.0,47.0,47.0,47.0,47.0,47.0,47.0,47.0,47.0,47.0,47.0,47.0,47.0,47.0,47.0,47.0,47.0,47.0,47.0,47.0,47.0,47.0,47.0,47.0,47.0,47.0,47.0,47.0,47.0,47.0,47.0,47.0,47.0,47.0,47.0,47.0,47.0,47.0,47.0,47.0,47.0,47.0,47.0,47.0,47.0,47.0,47.0,47.0,47.0,47.0,47.0,47.0,47.0,47.0,47.0,47.0,47.0,47.0,47.0,47.0,47.0,47.0,47.0,0.0,0.0,0.0,0.0,0.0,0.0,0.0,0.0,0.0,0.0,0.0,0.0,0.0,0.0,0.0,0.0,0.0,0.0,0.0,0.0,0.0,0.0,0.0,0.0,0.0,0.0,0.0,0.0,0.0,0.0,0.0,0.0,0.0,0.0,0.0,0.0,0.0,0.0,0.0,0.0,0.0,0.0,0.0,0.0,0.0,0.0,0.0,0.0,0.0,0.0,0.0,0.0,0.0,0.0,...
1763031920,432137551,laser,-3.1241390705108643,3.1415927410125732,0.0034828970674425364,5.3994990594219416e-05,0.09713698923587799,0.15000000596046448,16.0,0.4359999895095825,0.4359999895095825,0.4359999895095825,0.4359999895095825,0.4359999895095825,0.4359999895095825,0.4359999895095825,0.4359999895095825,0.4350000023841858,0.4359999895095825,0.4359999895095825,0.4359999895095825,0.4359999895095825,0.4359999895095825,0.4359999895095825,0.4359999895095825,0.4359999895095825,0.4359999895095825,0.4359999895095825,0.4359999895095825,0.4350000023841858,0.4359999895095825,0.4359999895095825,0.4359999895095825,0.4359999895095825,0.4359999895095825,0.4359999895095825,0.4359999895095825,0.4359999895095825,0.4359999895095825,0.4359999895095825,0.4359999895095825,0.4359999895095825,0.4359999895095825,0.4359999895095825,0.4359999895095825,0.4359999895095825,0.43700000643730164,0.43700000643730164,0.43700000643730164,0.43700000643730164,0.43700000643730164,0.43700000643730164,0.43799999356269836,0.43799999356269836,0.43700000643730164,0.43700000643730164,0.43799999356269836,0.43799999356269836,0.43799999356269836,0.4390000104904175,0.4390000104904175,0.4390000104904175,0.4390000104904175,0.4390000104904175,0.4390000104904175,0.4399999976158142,0.4399999976158142,0.4399999976158142,0.4399999976158142,0.4399999976158142,0.4410000145435333,0.44200000166893005,0.44200000166893005,0.44200000166893005,0.44200000166893005,0.44200000166893005,0.4429999887943268,0.4429999887943268,0.4429999887943268,0.4440000057220459,0.4440000057220459,0.4440000057220459,0.4440000057220459,0.4449999928474426,0.4449999928474426,0.4449999928474426,0.4449999928474426,0.44600000977516174,0.44600000977516174,0.44600000977516174,0.44699999690055847,0.44699999690055847,0.44699999690055847,0.4480000138282776,0.4480000138282776,0.4480000138282776,0.4490000009536743,0.4490000009536743,0.44999998807907104,0.44999998807907104,0.44999998807907104,0.45100000500679016,0.45100000500679016,0.4519999921321869,0.4519999921321869,0.453000009059906,0.453000009059906,0.453000009059906,0.45399999618530273,0.45399999618530273,0.45500001311302185,0.45500001311302185,0.4560000002384186,0.4560000002384186,0.4560000002384186,0.4569999873638153,0.4580000042915344,0.4580000042915344,0.4580000042915344,0.45899999141693115,0.45899999141693115,0.46000000834465027,0.460999995470047,0.460999995470047,0.4620000123977661,0.4620000123977661,0.46299999952316284,0.46299999952316284,0.46399998664855957,0.4699999988079071,0.4699999988079071,0.4790000021457672,0.4790000021457672,0.4830000102519989,0.4830000102519989,0.48100000619888306,0.4749999940395355,...,47.0,47.0,47.0,47.0,47.0,47.0,47.0,47.0,47.0,47.0,47.0,47.0,47.0,47.0,47.0,47.0,47.0,47.0,47.0,47.0,47.0,47.0,47.0,47.0,47.0,47.0,47.0,47.0,47.0,47.0,47.0,47.0,47.0,47.0,47.0,47.0,47.0,47.0,47.0,47.0,47.0,47.0,47.0,47.0,47.0,47.0,47.0,47.0,47.0,47.0,47.0,47.0,47.0,47.0,47.0,47.0,47.0,47.0,47.0,47.0,47.0,47.0,47.0,47.0,47.0,47.0,47.0,47.0,47.0,47.0,47.0,47.0,47.0,47.0,47.0,47.0,47.0,47.0,47.0,47.0,47.0,47.0,47.0,47.0,47.0,47.0,47.0,47.0,47.0,47.0,47.0,47.0,47.0,47.0,47.0,47.0,47.0,47.0,47.0,47.0,47.0,47.0,47.0,47.0,47.0,47.0,47.0,47.0,47.0,47.0,47.0,47.0,47.0,47.0,47.0,47.0,47.0,47.0,47.0,47.0,47.0,47.0,47.0,47.0,47.0,47.0,47.0,47.0,...
1763031920,530793734,laser,-3.1241390705108643,3.1415927410125732,0.0034828970674425364,5.373653402784839e-05,0.09667202085256577,0.15000000596046448,16.0,0.4359999895095825,0.43700000643730164,0.43700000643730164,0.4359999895095825,0.4359999895095825,0.4359999895095825,0.4359999895095825,0.4359999895095825,0.4350000023841858,0.4359999895095825,0.4359999895095825,0.4359999895095825,0.4359999895095825,0.4359999895095825,0.4359999895095825,0.4359999895095825,0.4359999895095825,0.4359999895095825,0.4359999895095825,0.4359999895095825,0.4359999895095825,0.4350000023841858,0.4359999895095825,0.4350000023841858,0.4359999895095825,0.4359999895095825,0.4359999895095825,0.4359999895095825,0.4359999895095825,0.4359999895095825,0.4359999895095825,0.4359999895095825,0.4359999895095825,0.4359999895095825,0.4359999895095825,0.4359999895095825,0.4359999895095825,0.43700000643730164,0.43700000643730164,0.43700000643730164,0.43700000643730164,0.43700000643730164,0.43700000643730164,0.43799999356269836,0.43799999356269836,0.43799999356269836,0.43700000643730164,0.43799999356269836,0.43799999356269836,0.43799999356269836,0.4390000104904175,0.4390000104904175,0.4390000104904175,0.4390000104904175,0.4390000104904175,0.4390000104904175,0.4399999976158142,0.4399999976158142,0.4399999976158142,0.4399999976158142,0.4410000145435333,0.4410000145435333,0.44200000166893005,0.44200000166893005,0.44200000166893005,0.44200000166893005,0.44200000166893005,0.4429999887943268,0.4429999887943268,0.4429999887943268,0.4440000057220459,0.4440000057220459,0.4440000057220459,0.4440000057220459,0.4440000057220459,0.4449999928474426,0.4449999928474426,0.4449999928474426,0.4449999928474426,0.44600000977516174,0.44600000977516174,0.44600000977516174,0.44699999690055847,0.44699999690055847,0.4480000138282776,0.4480000138282776,0.4480000138282776,0.4490000009536743,0.4490000009536743,0.44999998807907104,0.44999998807907104,0.44999998807907104,0.45100000500679016,0.45100000500679016,0.4519999921321869,0.4519999921321869,0.453000009059906,0.453000009059906,0.453000009059906,0.45399999618530273,0.45399999618530273,0.45500001311302185,0.4560000002384186,0.4560000002384186,0.4560000002384186,0.4560000002384186,0.4569999873638153,0.4580000042915344,0.4580000042915344,0.4580000042915344,0.45899999141693115,0.46000000834465027,0.46000000834465027,0.460999995470047,0.4620000123977661,0.4620000123977661,0.4620000123977661,0.46299999952316284,0.46399998664855957,0.46399998664855957,0.47099998593330383,0.47099998593330383,0.47999998927116394,0.47999998927116394,0.48100000619888306,0.47999998927116394,0.47999998927116394,0.4749999940395355,...,47.0,47.0,47.0,47.0,47.0,47.0,47.0,47.0,47.0,47.0,47.0,47.0,47.0,47.0,47.0,47.0,47.0,47.0,47.0,47.0,47.0,47.0,47.0,47.0,47.0,47.0,47.0,47.0,47.0,47.0,47.0,47.0,47.0,47.0,47.0,47.0,47.0,47.0,47.0,47.0,47.0,47.0,47.0,47.0,47.0,47.0,47.0,47.0,47.0,47.0,47.0,47.0,47.0,47.0,47.0,47.0,47.0,47.0,47.0,47.0,47.0,47.0,47.0,47.0,47.0,47.0,47.0,47.0,47.0,47.0,47.0,47.0,47.0,47.0,47.0,47.0,47.0,47.0,47.0,47.0,47.0,47.0,47.0,47.0,47.0,47.0,47.0,47.0,47.0,47.0,47.0,47.0,47.0,47.0,47.0,47.0,47.0,47.0,47.0,47.0,47.0,47.0,47.0,47.0,47.0,47.0,47.0,47.0,47.0,47.0,47.0,47.0,47.0,47.0,47.0,47.0,47.0,47.0,47.0,47.0,47.0,47.0,47.0,47.0,47.0,47.0,47.0,47.0,...
1763031920,628859274,laser,-3.1241390705108643,3.1415927410125732,0.0034828970674425364,5.3872092394158244e-05,0.09691589325666428,0.15000000596046448,16.0,0.4359999895095825,0.4359999895095825,0.4359999895095825,0.4359999895095825,0.4359999895095825,0.4359999895095825,0.4359999895095825,0.4359999895095825,0.4359999895095825,0.4359999895095825,0.4359999895095825,0.4359999895095825,0.4359999895095825,0.4359999895095825,0.4359999895095825,0.4359999895095825,0.4359999895095825,0.4359999895095825,0.4359999895095825,0.4359999895095825,0.4359999895095825,0.4359999895095825,0.4359999895095825,0.4350000023841858,0.4359999895095825,0.4359999895095825,0.4359999895095825,0.4359999895095825,0.4359999895095825,0.4359999895095825,0.4359999895095825,0.4359999895095825,0.4359999895095825,0.4359999895095825,0.4359999895095825,0.4359999895095825,0.4359999895095825,0.4359999895095825,0.43700000643730164,0.43700000643730164,0.43700000643730164,0.43700000643730164,0.43700000643730164,0.43700000643730164,0.43799999356269836,0.43700000643730164,0.43799999356269836,0.43799999356269836,0.43799999356269836,0.43799999356269836,0.43799999356269836,0.4390000104904175,0.4390000104904175,0.4390000104904175,0.4390000104904175,0.4399999976158142,0.4399999976158142,0.4399999976158142,0.4399999976158142,0.4410000145435333,0.4410000145435333,0.4410000145435333,0.4410000145435333,0.44200000166893005,0.44200000166893005,0.44200000166893005,0.44200000166893005,0.4429999887943268,0.4429999887943268,0.4429999887943268,0.4429999887943268,0.4429999887943268,0.4440000057220459,0.4440000057220459,0.4449999928474426,0.4449999928474426,0.4449999928474426,0.4449999928474426,0.4449999928474426,0.44600000977516174,0.44600000977516174,0.44600000977516174,0.44600000977516174,0.44699999690055847,0.4480000138282776,0.4480000138282776,0.4490000009536743,0.4490000009536743,0.4490000009536743,0.4490000009536743,0.44999998807907104,0.45100000500679016,0.45100000500679016,0.45100000500679016,0.45100000500679016,0.4519999921321869,0.453000009059906,0.453000009059906,0.45399999618530273,0.45399999618530273,0.45399999618530273,0.45500001311302185,0.45500001311302185,0.4560000002384186,0.4560000002384186,0.4569999873638153,0.4569999873638153,0.4580000042915344,0.4580000042915344,0.45899999141693115,0.45899999141693115,0.46000000834465027,0.46000000834465027,0.46000000834465027,0.460999995470047,0.4620000123977661,0.46299999952316284,0.46299999952316284,0.46399998664855957,0.46399998664855957,0.4650000035762787,0.4690000116825104,0.47999998927116394,0.47999998927116394,0.48500001430511475,0.4819999933242798,0.453000009059906,0.453000009059906,...,47.0,47.0,47.0,47.0,47.0,47.0,47.0,47.0,47.0,47.0,47.0,47.0,47.0,47.0,47.0,47.0,47.0,47.0,47.0,47.0,47.0,47.0,47.0,47.0,47.0,47.0,47.0,47.0,47.0,47.0,47.0,47.0,47.0,47.0,47.0,47.0,47.0,47.0,47.0,47.0,47.0,47.0,47.0,47.0,47.0,47.0,47.0,47.0,47.0,47.0,47.0,47.0,47.0,47.0,47.0,47.0,47.0,47.0,47.0,47.0,47.0,47.0,47.0,47.0,47.0,47.0,47.0,47.0,47.0,47.0,47.0,47.0,47.0,47.0,47.0,47.0,47.0,47.0,47.0,47.0,47.0,47.0,47.0,47.0,47.0,47.0,47.0,47.0,47.0,47.0,47.0,47.0,47.0,47.0,47.0,47.0,47.0,47.0,47.0,47.0,47.0,47.0,47.0,47.0,47.0,47.0,47.0,47.0,47.0,47.0,47.0,47.0,47.0,47.0,47.0,47.0,47.0,47.0,47.0,47.0,47.0,47.0,47.0,47.0,47.0,47.0,47.0,47.0,...
1763031920,727373782,laser,-3.1241390705108643,3.1415927410125732,0.0034828970674425364,5.3734929679194465e-05,0.09666913747787476,0.15000000596046448,16.0,0.4359999895095825,0.4359999895095825,0.4359999895095825,0.4359999895095825,0.4359999895095825,0.4359999895095825,0.4359999895095825,0.4359999895095825,0.4359999895095825,0.4359999895095825,0.4359999895095825,0.4359999895095825,0.4359999895095825,0.4359999895095825,0.4359999895095825,0.4359999895095825,0.4359999895095825,0.4359999895095825,0.4359999895095825,0.4359999895095825,0.4359999895095825,0.4359999895095825,0.4359999895095825,0.4350000023841858,0.4359999895095825,0.4359999895095825,0.4359999895095825,0.4359999895095825,0.4359999895095825,0.4359999895095825,0.4359999895095825,0.4359999895095825,0.4359999895095825,0.4359999895095825,0.4359999895095825,0.4359999895095825,0.43700000643730164,0.4359999895095825,0.43700000643730164,0.43700000643730164,0.43700000643730164,0.43700000643730164,0.43700000643730164,0.43799999356269836,0.43700000643730164,0.43700000643730164,0.43799999356269836,0.43799999356269836,0.43799999356269836,0.43799999356269836,0.43799999356269836,0.4390000104904175,0.4390000104904175,0.4390000104904175,0.4390000104904175,0.4390000104904175,0.4399999976158142,0.4399999976158142,0.4399999976158142,0.4410000145435333,0.4410000145435333,0.4410000145435333,0.4410000145435333,0.44200000166893005,0.44200000166893005,0.44200000166893005,0.44200000166893005,0.4429999887943268,0.4429999887943268,0.4429999887943268,0.4429999887943268,0.4440000057220459,0.4440000057220459,0.4440000057220459,0.4440000057220459,0.4449999928474426,0.4449999928474426,0.4449999928474426,0.44600000977516174,0.44600000977516174,0.44600000977516174,0.44600000977516174,0.44600000977516174,0.44699999690055847,0.44699999690055847,0.4480000138282776,0.4480000138282776,0.4490000009536743,0.4490000009536743,0.4490000009536743,0.44999998807907104,0.45100000500679016,0.45100000500679016,0.45100000500679016,0.4519999921321869,0.4519999921321869,0.453000009059906,0.45399999618530273,0.45399999618530273,0.45399999618530273,0.45399999618530273,0.45500001311302185,0.45500001311302185,0.4560000002384186,0.4560000002384186,0.4560000002384186,0.4569999873638153,0.4580000042915344,0.4580000042915344,0.45899999141693115,0.45899999141693115,0.46000000834465027,0.46000000834465027,0.460999995470047,0.4620000123977661,0.4620000123977661,0.46299999952316284,0.46299999952316284,0.46399998664855957,0.46399998664855957,0.47099998593330383,0.4830000102519989,0.4830000102519989,0.4830000102519989,0.4860000014305115,0.4429999887943268,0.4429999887943268,0.4429999887943268,...,47.0,47.0,47.0,47.0,47.0,47.0,47.0,47.0,47.0,47.0,47.0,47.0,47.0,47.0,47.0,47.0,47.0,47.0,47.0,47.0,47.0,47.0,47.0,47.0,47.0,47.0,47.0,47.0,47.0,47.0,47.0,47.0,47.0,47.0,47.0,47.0,47.0,47.0,47.0,47.0,47.0,47.0,47.0,47.0,47.0,47.0,47.0,47.0,47.0,47.0,47.0,47.0,47.0,47.0,47.0,47.0,47.0,47.0,47.0,47.0,47.0,47.0,47.0,47.0,47.0,47.0,47.0,47.0,47.0,47.0,47.0,47.0,47.0,47.0,47.0,47.0,47.0,47.0,47.0,47.0,47.0,47.0,47.0,47.0,47.0,47.0,47.0,47.0,47.0,47.0,47.0,47.0,47.0,47.0,47.0,47.0,47.0,47.0,47.0,47.0,47.0,47.0,47.0,47.0,47.0,47.0,47.0,47.0,47.0,47.0,47.0,47.0,47.0,47.0,47.0,47.0,47.0,47.0,47.0,47.0,47.0,47.0,47.0,47.0,47.0,47.0,47.0,47.0,...
1763031920,825641345,laser,-3.1241390705108643,3.1415927410125732,0.0034828970674425364,5.369992504711263e-05,0.09660616517066956,0.15000000596046448,16.0,0.4359999895095825,0.4359999895095825,0.4359999895095825,0.4359999895095825,0.4359999895095825,0.4359999895095825,0.4359999895095825,0.4359999895095825,0.4350000023841858,0.4359999895095825,0.4359999895095825,0.4359999895095825,0.4359999895095825,0.4359999895095825,0.4359999895095825,0.4359999895095825,0.4359999895095825,0.4359999895095825,0.4359999895095825,0.4350000023841858,0.4350000023841858,0.4359999895095825,0.4359999895095825,0.4359999895095825,0.4359999895095825,0.4359999895095825,0.4359999895095825,0.4359999895095825,0.4359999895095825,0.4359999895095825,0.4359999895095825,0.4359999895095825,0.4359999895095825,0.4359999895095825,0.4359999895095825,0.4359999895095825,0.4359999895095825,0.43700000643730164,0.43700000643730164,0.43700000643730164,0.43700000643730164,0.43700000643730164,0.43700000643730164,0.43799999356269836,0.43700000643730164,0.43700000643730164,0.43700000643730164,0.43799999356269836,0.43799999356269836,0.43799999356269836,0.4390000104904175,0.4390000104904175,0.4390000104904175,0.4390000104904175,0.4399999976158142,0.4399999976158142,0.4399999976158142,0.4399999976158142,0.4399999976158142,0.4399999976158142,0.4410000145435333,0.4410000145435333,0.44200000166893005,0.44200000166893005,0.44200000166893005,0.44200000166893005,0.44200000166893005,0.4429999887943268,0.4429999887943268,0.4429999887943268,0.4429999887943268,0.4429999887943268,0.4440000057220459,0.4440000057220459,0.4440000057220459,0.4449999928474426,0.4449999928474426,0.4449999928474426,0.4449999928474426,0.44600000977516174,0.44600000977516174,0.44600000977516174,0.44699999690055847,0.44699999690055847,0.4480000138282776,0.4480000138282776,0.4480000138282776,0.4490000009536743,0.4490000009536743,0.44999998807907104,0.44999998807907104,0.44999998807907104,0.45100000500679016,0.45100000500679016,0.4519999921321869,0.4519999921321869,0.453000009059906,0.453000009059906,0.45399999618530273,0.45399999618530273,0.45399999618530273,0.45500001311302185,0.45500001311302185,0.45500001311302185,0.4560000002384186,0.4560000002384186,0.4569999873638153,0.4580000042915344,0.45899999141693115,0.45899999141693115,0.45899999141693115,0.46000000834465027,0.46000000834465027,0.460999995470047,0.4620000123977661,0.4620000123977661,0.4620000123977661,0.46299999952316284,0.46399998664855957,0.46399998664855957,0.46399998664855957,0.46700000762939453,0.4729999899864197,0.47999998927116394,0.48100000619888306,0.48100000619888306,0.4449999928474426,0.4449999928474426,...,0.0,47.0,47.0,47.0,47.0,47.0,47.0,47.0,47.0,47.0,47.0,47.0,47.0,47.0,47.0,47.0,47.0,47.0,47.0,47.0,47.0,47.0,47.0,47.0,47.0,47.0,47.0,47.0,47.0,47.0,47.0,47.0,47.0,47.0,47.0,47.0,47.0,47.0,47.0,47.0,47.0,47.0,47.0,47.0,47.0,47.0,47.0,47.0,47.0,47.0,47.0,47.0,47.0,47.0,47.0,47.0,47.0,47.0,47.0,47.0,47.0,47.0,47.0,47.0,47.0,47.0,47.0,47.0,47.0,47.0,47.0,47.0,47.0,47.0,47.0,47.0,47.0,47.0,47.0,47.0,47.0,47.0,47.0,47.0,47.0,47.0,47.0,47.0,47.0,47.0,47.0,47.0,47.0,47.0,47.0,47.0,47.0,47.0,47.0,47.0,47.0,47.0,47.0,47.0,47.0,47.0,47.0,47.0,47.0,47.0,47.0,47.0,47.0,47.0,47.0,47.0,47.0,47.0,47.0,47.0,47.0,47.0,47.0,47.0,47.0,47.0,47.0,47.0,...
1763031920,923766203,laser,-3.1241390705108643,3.1415927410125732,0.0034828970674425364,5.3782412578584626e-05,0.09675455838441849,0.15000000596046448,16.0,0.4359999895095825,0.4359999895095825,0.4359999895095825,0.4359999895095825,0.4359999895095825,0.4359999895095825,0.4359999895095825,0.4359999895095825,0.4350000023841858,0.4359999895095825,0.4359999895095825,0.4359999895095825,0.4359999895095825,0.4359999895095825,0.4359999895095825,0.4359999895095825,0.4359999895095825,0.4359999895095825,0.4359999895095825,0.4359999895095825,0.4359999895095825,0.4350000023841858,0.4359999895095825,0.4359999895095825,0.4359999895095825,0.4359999895095825,0.4359999895095825,0.4359999895095825,0.4359999895095825,0.4359999895095825,0.4359999895095825,0.4359999895095825,0.4359999895095825,0.4359999895095825,0.4359999895095825,0.4359999895095825,0.43700000643730164,0.43700000643730164,0.43700000643730164,0.43700000643730164,0.43700000643730164,0.43700000643730164,0.43700000643730164,0.43799999356269836,0.43799999356269836,0.43799999356269836,0.43799999356269836,0.43799999356269836,0.43799999356269836,0.43799999356269836,0.4390000104904175,0.4390000104904175,0.4390000104904175,0.4390000104904175,0.4399999976158142,0.4399999976158142,0.4399999976158142,0.4399999976158142,0.4399999976158142,0.4399999976158142,0.4410000145435333,0.4410000145435333,0.44200000166893005,0.44200000166893005,0.44200000166893005,0.44200000166893005,0.44200000166893005,0.4429999887943268,0.4429999887943268,0.4429999887943268,0.4429999887943268,0.4429999887943268,0.4440000057220459,0.4440000057220459,0.4440000057220459,0.4449999928474426,0.4449999928474426,0.4449999928474426,0.4449999928474426,0.44600000977516174,0.44600000977516174,0.44600000977516174,0.44699999690055847,0.44699999690055847,0.4480000138282776,0.4480000138282776,0.4480000138282776,0.4490000009536743,0.4490000009536743,0.44999998807907104,0.44999998807907104,0.44999998807907104,0.45100000500679016,0.45100000500679016,0.4519999921321869,0.4519999921321869,0.453000009059906,0.453000009059906,0.45399999618530273,0.45399999618530273,0.45399999618530273,0.45500001311302185,0.45500001311302185,0.4560000002384186,0.4560000002384186,0.4560000002384186,0.4569999873638153,0.4580000042915344,0.4580000042915344,0.4580000042915344,0.45899999141693115,0.45899999141693115,0.46000000834465027,0.460999995470047,0.4620000123977661,0.4620000123977661,0.4620000123977661,0.46299999952316284,0.46399998664855957,0.46399998664855957,0.46399998664855957,0.47099998593330383,0.47999998927116394,0.47999998927116394,0.4830000102519989,0.4830000102519989,0.48100000619888306,0.4749999940395355,...,47.0,47.0,47.0,47.0,47.0,47.0,47.0,47.0,47.0,47.0,47.0,47.0,47.0,47.0,47.0,47.0,47.0,47.0,47.0,47.0,47.0,47.0,47.0,47.0,47.0,47.0,47.0,47.0,47.0,47.0,47.0,47.0,47.0,47.0,47.0,47.0,47.0,47.0,47.0,47.0,47.0,47.0,47.0,47.0,47.0,47.0,47.0,47.0,47.0,47.0,47.0,47.0,47.0,47.0,47.0,47.0,47.0,47.0,47.0,47.0,47.0,47.0,47.0,47.0,47.0,47.0,47.0,47.0,47.0,47.0,47.0,47.0,47.0,47.0,47.0,47.0,47.0,47.0,47.0,47.0,47.0,47.0,47.0,47.0,47.0,47.0,47.0,47.0,47.0,47.0,47.0,47.0,47.0,47.0,47.0,47.0,47.0,47.0,47.0,47.0,47.0,47.0,47.0,47.0,47.0,47.0,47.0,47.0,47.0,47.0,47.0,47.0,47.0,47.0,47.0,47.0,47.0,47.0,47.0,47.0,47.0,47.0,47.0,47.0,47.0,47.0,47.0,47.0,...
1763031921,21982010,laser,-3.1241390705108643,3.1415927410125732,0.0034828970674425364,5.380445145419799e-05,0.09679421037435532,0.15000000596046448,16.0,0.4359999895095825,0.4359999895095825,0.4359999895095825,0.4359999895095825,0.4359999895095825,0.4359999895095825,0.4359999895095825,0.4359999895095825,0.4359999895095825,0.4359999895095825,0.4359999895095825,0.4359999895095825,0.4359999895095825,0.4359999895095825,0.4359999895095825,0.4359999895095825,0.4359999895095825,0.4359999895095825,0.4359999895095825,0.4359999895095825,0.4359999895095825,0.4359999895095825,0.4359999895095825,0.4359999895095825,0.4359999895095825,0.4359999895095825,0.4359999895095825,0.4359999895095825,0.4359999895095825,0.4359999895095825,0.4359999895095825,0.4359999895095825,0.4359999895095825,0.4359999895095825,0.4359999895095825,0.43700000643730164,0.4359999895095825,0.4359999895095825,0.43700000643730164,0.43700000643730164,0.43700000643730164,0.43700000643730164,0.43700000643730164,0.43700000643730164,0.43700000643730164,0.43700000643730164,0.43700000643730164,0.43799999356269836,0.43799999356269836,0.4390000104904175,0.4390000104904175,0.4390000104904175,0.4390000104904175,0.4390000104904175,0.4390000104904175,0.4399999976158142,0.4399999976158142,0.4399999976158142,0.4399999976158142,0.4399999976158142,0.4410000145435333,0.4410000145435333,0.4410000145435333,0.44200000166893005,0.44200000166893005,0.44200000166893005,0.44200000166893005,0.4429999887943268,0.4429999887943268,0.4429999887943268,0.4429999887943268,0.4429999887943268,0.4440000057220459,0.4440000057220459,0.4440000057220459,0.4440000057220459,0.4449999928474426,0.4449999928474426,0.4449999928474426,0.44600000977516174,0.44600000977516174,0.44600000977516174,0.44600000977516174,0.44699999690055847,0.44699999690055847,0.4480000138282776,0.4480000138282776,0.4490000009536743,0.4490000009536743,0.4490000009536743,0.44999998807907104,0.44999998807907104,0.45100000500679016,0.45100000500679016,0.45100000500679016,0.4519999921321869,0.453000009059906,0.453000009059906,0.453000009059906,0.45399999618530273,0.45500001311302185,0.45500001311302185,0.45500001311302185,0.4560000002384186,0.4560000002384186,0.4569999873638153,0.4569999873638153,0.4580000042915344,0.4580000042915344,0.4580000042915344,0.45899999141693115,0.46000000834465027,0.46000000834465027,0.46000000834465027,0.460999995470047,0.4620000123977661,0.4620000123977661,0.46299999952316284,0.46399998664855957,0.46399998664855957,0.4650000035762787,0.4699999988079071,0.4790000021457672,0.4790000021457672,0.48399999737739563,0.4830000102519989,0.4519999921321869,0.4429999887943268,...,47.0,47.0,47.0,47.0,47.0,47.0,47.0,47.0,47.0,47.0,47.0,47.0,47.0,47.0,47.0,47.0,47.0,47.0,47.0,47.0,47.0,47.0,47.0,47.0,47.0,47.0,47.0,47.0,47.0,47.0,47.0,47.0,47.0,47.0,47.0,47.0,47.0,47.0,47.0,47.0,47.0,47.0,47.0,47.0,47.0,47.0,47.0,47.0,47.0,47.0,47.0,47.0,47.0,47.0,47.0,47.0,47.0,47.0,47.0,47.0,47.0,47.0,47.0,47.0,47.0,47.0,47.0,47.0,47.0,47.0,47.0,47.0,47.0,47.0,47.0,47.0,0.0,0.0,0.0,0.0,0.0,0.0,0.0,0.0,0.0,0.0,0.0,0.0,0.0,0.0,0.0,0.0,0.0,0.0,0.0,0.0,0.0,0.0,0.0,0.0,0.0,0.0,0.0,0.0,0.0,0.0,0.0,0.0,0.0,0.0,0.0,0.0,0.0,0.0,0.0,0.0,0.0,0.0,0.0,0.0,0.0,0.0,0.0,0.0,0.0,0.0,0.0,0.0,...
1763031921,120317741,laser,-3.1241390705108643,3.1415927410125732,0.0034828970674425364,5.37532105227001e-05,0.09670202434062958,0.15000000596046448,16.0,0.4359999895095825,0.4359999895095825,0.4359999895095825,0.4359999895095825,0.4359999895095825,0.4359999895095825,0.4359999895095825,0.4359999895095825,0.4359999895095825,0.4359999895095825,0.4359999895095825,0.4359999895095825,0.4359999895095825,0.4359999895095825,0.4359999895095825,0.4359999895095825,0.4359999895095825,0.4359999895095825,0.4359999895095825,0.4359999895095825,0.4359999895095825,0.4359999895095825,0.4359999895095825,0.4359999895095825,0.4359999895095825,0.4359999895095825,0.4359999895095825,0.4359999895095825,0.4359999895095825,0.4359999895095825,0.4359999895095825,0.4359999895095825,0.4359999895095825,0.4359999895095825,0.4359999895095825,0.4359999895095825,0.4359999895095825,0.43700000643730164,0.43700000643730164,0.43700000643730164,0.43700000643730164,0.43700000643730164,0.43700000643730164,0.43799999356269836,0.43799999356269836,0.43799999356269836,0.43799999356269836,0.43799999356269836,0.43799999356269836,0.43799999356269836,0.4390000104904175,0.4390000104904175,0.4390000104904175,0.4390000104904175,0.4390000104904175,0.4399999976158142,0.4399999976158142,0.4399999976158142,0.4399999976158142,0.4399999976158142,0.4410000145435333,0.4410000145435333,0.44200000166893005,0.44200000166893005,0.44200000166893005,0.44200000166893005,0.44200000166893005,0.4429999887943268,0.4429999887943268,0.4429999887943268,0.4429999887943268,0.4440000057220459,0.4440000057220459,0.4440000057220459,0.4440000057220459,0.4449999928474426,0.4449999928474426,0.4449999928474426,0.4449999928474426,0.44600000977516174,0.44600000977516174,0.44600000977516174,0.44600000977516174,0.44699999690055847,0.44699999690055847,0.4480000138282776,0.4480000138282776,0.4490000009536743,0.4490000009536743,0.4490000009536743,0.44999998807907104,0.44999998807907104,0.45100000500679016,0.45100000500679016,0.4519999921321869,0.4519999921321869,0.4519999921321869,0.453000009059906,0.45399999618530273,0.45399999618530273,0.45399999618530273,0.45500001311302185,0.45500001311302185,0.45500001311302185,0.4560000002384186,0.4560000002384186,0.4569999873638153,0.4569999873638153,0.4580000042915344,0.4580000042915344,0.45899999141693115,0.46000000834465027,0.46000000834465027,0.460999995470047,0.460999995470047,0.4620000123977661,0.46299999952316284,0.46299999952316284,0.46399998664855957,0.46399998664855957,0.4650000035762787,0.46799999475479126,0.4749999940395355,0.4819999933242798,0.4819999933242798,0.4830000102519989,0.4399999976158142,0.4399999976158142,...,47.0,47.0,47.0,47.0,47.0,47.0,47.0,47.0,47.0,47.0,47.0,47.0,47.0,47.0,47.0,47.0,47.0,47.0,47.0,47.0,47.0,47.0,47.0,47.0,47.0,47.0,47.0,47.0,47.0,47.0,47.0,47.0,47.0,47.0,47.0,47.0,47.0,47.0,47.0,47.0,47.0,47.0,47.0,47.0,47.0,47.0,47.0,47.0,47.0,47.0,47.0,47.0,47.0,47.0,47.0,47.0,47.0,47.0,47.0,47.0,47.0,47.0,47.0,47.0,47.0,47.0,47.0,47.0,47.0,47.0,47.0,47.0,47.0,47.0,47.0,47.0,47.0,47.0,47.0,47.0,47.0,47.0,47.0,47.0,47.0,47.0,47.0,47.0,47.0,47.0,47.0,47.0,47.0,47.0,47.0,47.0,47.0,47.0,47.0,47.0,47.0,47.0,47.0,47.0,47.0,47.0,47.0,47.0,47.0,47.0,47.0,47.0,47.0,47.0,47.0,47.0,47.0,47.0,47.0,47.0,47.0,47.0,47.0,47.0,47.0,47.0,47.0,47.0,...
1763031921,218498821,laser,-3.1241390705108643,3.1415927410125732,0.0034828970674425364,5.3788091463502496e-05,0.09676478058099747,0.15000000596046448,16.0,0.4359999895095825,0.4359999895095825,0.4359999895095825,0.4359999895095825,0.4359999895095825,0.4359999895095825,0.4359999895095825,0.4359999895095825,0.4359999895095825,0.4359999895095825,0.4359999895095825,0.4359999895095825,0.4359999895095825,0.4350000023841858,0.4359999895095825,0.4359999895095825,0.4359999895095825,0.4359999895095825,0.4359999895095825,0.4359999895095825,0.4350000023841858,0.4350000023841858,0.4359999895095825,0.4359999895095825,0.4359999895095825,0.4359999895095825,0.4359999895095825,0.4359999895095825,0.4359999895095825,0.4359999895095825,0.4359999895095825,0.4359999895095825,0.4359999895095825,0.4359999895095825,0.4359999895095825,0.4359999895095825,0.4359999895095825,0.4359999895095825,0.43700000643730164,0.43700000643730164,0.43700000643730164,0.43700000643730164,0.43700000643730164,0.43799999356269836,0.43799999356269836,0.43799999356269836,0.43799999356269836,0.43799999356269836,0.43799999356269836,0.4390000104904175,0.4390000104904175,0.4390000104904175,0.4390000104904175,0.4390000104904175,0.4390000104904175,0.4399999976158142,0.4399999976158142,0.4399999976158142,0.4399999976158142,0.4399999976158142,0.4410000145435333,0.4410000145435333,0.4410000145435333,0.44200000166893005,0.44200000166893005,0.44200000166893005,0.44200000166893005,0.4429999887943268,0.4429999887943268,0.4429999887943268,0.4429999887943268,0.4429999887943268,0.4440000057220459,0.4440000057220459,0.4440000057220459,0.4449999928474426,0.4449999928474426,0.4449999928474426,0.4449999928474426,0.44600000977516174,0.44600000977516174,0.44600000977516174,0.44699999690055847,0.44699999690055847,0.44699999690055847,0.4480000138282776,0.4480000138282776,0.4490000009536743,0.4490000009536743,0.4490000009536743,0.44999998807907104,0.45100000500679016,0.45100000500679016,0.45100000500679016,0.4519999921321869,0.4519999921321869,0.453000009059906,0.453000009059906,0.453000009059906,0.45399999618530273,0.45500001311302185,0.45500001311302185,0.45500001311302185,0.45500001311302185,0.4560000002384186,0.4560000002384186,0.4560000002384186,0.4569999873638153,0.4580000042915344,0.4580000042915344,0.45899999141693115,0.46000000834465027,0.46000000834465027,0.46000000834465027,0.460999995470047,0.4620000123977661,0.46299999952316284,0.46299999952316284,0.46399998664855957,0.46399998664855957,0.48100000619888306,0.48100000619888306,0.48100000619888306,0.48100000619888306,0.48100000619888306,0.47999998927116394,0.44200000166893005,0.44200000166893005,...,47.0,47.0,47.0,47.0,47.0,47.0,47.0,47.0,47.0,47.0,47.0,47.0,47.0,47.0,47.0,47.0,47.0,47.0,47.0,47.0,47.0,47.0,47.0,47.0,47.0,47.0,47.0,47.0,47.0,47.0,47.0,47.0,47.0,47.0,47.0,47.0,47.0,47.0,47.0,47.0,47.0,47.0,47.0,47.0,47.0,47.0,47.0,47.0,47.0,47.0,47.0,47.0,47.0,47.0,47.0,47.0,47.0,47.0,47.0,47.0,47.0,47.0,47.0,47.0,47.0,47.0,47.0,47.0,47.0,47.0,47.0,47.0,47.0,47.0,47.0,47.0,47.0,47.0,47.0,47.0,47.0,47.0,47.0,47.0,47.0,47.0,47.0,47.0,47.0,47.0,47.0,47.0,47.0,47.0,47.0,47.0,47.0,47.0,47.0,47.0,47.0,47.0,47.0,47.0,47.0,47.0,47.0,47.0,47.0,47.0,47.0,47.0,47.0,47.0,47.0,47.0,47.0,47.0,47.0,47.0,47.0,47.0,47.0,47.0,47.0,47.0,47.0,47.0,...
1763031921,316614401,laser,-3.1241390705108643,3.1415927410125732,0.0034828970674425364,5.3836589358979836e-05,0.09685202687978745,0.15000000596046448,16.0,0.4359999895095825,0.4359999895095825,0.4359999895095825,0.4359999895095825,0.4359999895095825,0.4359999895095825,0.4359999895095825,0.4359999895095825,0.4359999895095825,0.4359999895095825,0.4359999895095825,0.4359999895095825,0.4359999895095825,0.4359999895095825,0.4359999895095825,0.4359999895095825,0.4359999895095825,0.4359999895095825,0.4359999895095825,0.4359999895095825,0.4359999895095825,0.4359999895095825,0.4359999895095825,0.4359999895095825,0.4359999895095825,0.4359999895095825,0.4359999895095825,0.4359999895095825,0.4359999895095825,0.4359999895095825,0.4359999895095825,0.4359999895095825,0.4359999895095825,0.4359999895095825,0.4359999895095825,0.4359999895095825,0.4359999895095825,0.4359999895095825,0.43700000643730164,0.43700000643730164,0.43700000643730164,0.43700000643730164,0.43700000643730164,0.43799999356269836,0.43799999356269836,0.43799999356269836,0.43700000643730164,0.43799999356269836,0.43799999356269836,0.4390000104904175,0.4390000104904175,0.4390000104904175,0.4390000104904175,0.4390000104904175,0.4390000104904175,0.4399999976158142,0.4399999976158142,0.4399999976158142,0.4399999976158142,0.4399999976158142,0.4410000145435333,0.4410000145435333,0.4410000145435333,0.44200000166893005,0.44200000166893005,0.44200000166893005,0.44200000166893005,0.4429999887943268,0.4429999887943268,0.4429999887943268,0.4429999887943268,0.4429999887943268,0.4440000057220459,0.4440000057220459,0.4449999928474426,0.4449999928474426,0.4449999928474426,0.4449999928474426,0.4449999928474426,0.44600000977516174,0.44600000977516174,0.44699999690055847,0.44699999690055847,0.44699999690055847,0.44699999690055847,0.4480000138282776,0.4480000138282776,0.4490000009536743,0.4490000009536743,0.4490000009536743,0.44999998807907104,0.45100000500679016,0.45100000500679016,0.45100000500679016,0.4519999921321869,0.4519999921321869,0.453000009059906,0.453000009059906,0.453000009059906,0.45399999618530273,0.45500001311302185,0.45500001311302185,0.45500001311302185,0.45500001311302185,0.4560000002384186,0.4569999873638153,0.4569999873638153,0.4569999873638153,0.4580000042915344,0.45899999141693115,0.45899999141693115,0.46000000834465027,0.46000000834465027,0.460999995470047,0.460999995470047,0.4620000123977661,0.46299999952316284,0.46299999952316284,0.46399998664855957,0.46399998664855957,0.4650000035762787,0.4699999988079071,0.4779999852180481,0.4830000102519989,0.4830000102519989,0.48500001430511475,0.453000009059906,0.453000009059906,...,47.0,47.0,47.0,47.0,47.0,47.0,47.0,47.0,47.0,47.0,47.0,47.0,47.0,47.0,47.0,47.0,47.0,47.0,47.0,47.0,47.0,47.0,47.0,47.0,47.0,47.0,47.0,47.0,47.0,47.0,47.0,47.0,47.0,47.0,47.0,47.0,47.0,47.0,47.0,47.0,47.0,47.0,47.0,47.0,47.0,47.0,47.0,47.0,47.0,47.0,47.0,47.0,47.0,47.0,47.0,47.0,47.0,47.0,47.0,47.0,47.0,47.0,47.0,47.0,47.0,47.0,47.0,47.0,47.0,47.0,47.0,47.0,47.0,47.0,47.0,47.0,47.0,47.0,47.0,47.0,47.0,47.0,47.0,47.0,47.0,47.0,47.0,47.0,47.0,47.0,47.0,47.0,47.0,47.0,47.0,47.0,47.0,47.0,47.0,47.0,47.0,47.0,47.0,47.0,47.0,47.0,47.0,47.0,47.0,47.0,47.0,47.0,47.0,47.0,47.0,47.0,47.0,47.0,47.0,47.0,47.0,47.0,47.0,47.0,47.0,47.0,47.0,47.0,...
1763031921,414953501,laser,-3.1241390705108643,3.1415927410125732,0.0034828970674425364,5.3800413297722116e-05,0.09678693860769272,0.15000000596046448,16.0,0.4359999895095825,0.4359999895095825,0.4359999895095825,0.4359999895095825,0.4359999895095825,0.4359999895095825,0.4359999895095825,0.4359999895095825,0.4359999895095825,0.4359999895095825,0.4359999895095825,0.4359999895095825,0.4359999895095825,0.4359999895095825,0.4359999895095825,0.4359999895095825,0.4359999895095825,0.4359999895095825,0.4359999895095825,0.4359999895095825,0.4359999895095825,0.4359999895095825,0.4359999895095825,0.4359999895095825,0.4359999895095825,0.4359999895095825,0.4359999895095825,0.4359999895095825,0.4359999895095825,0.4359999895095825,0.4359999895095825,0.4359999895095825,0.4359999895095825,0.4359999895095825,0.4359999895095825,0.4359999895095825,0.4359999895095825,0.4359999895095825,0.43700000643730164,0.43700000643730164,0.43700000643730164,0.43700000643730164,0.43700000643730164,0.43799999356269836,0.43799999356269836,0.43700000643730164,0.43799999356269836,0.43799999356269836,0.43799999356269836,0.43799999356269836,0.4390000104904175,0.4390000104904175,0.4390000104904175,0.4390000104904175,0.4390000104904175,0.4390000104904175,0.4399999976158142,0.4399999976158142,0.4399999976158142,0.4410000145435333,0.4410000145435333,0.4410000145435333,0.4410000145435333,0.44200000166893005,0.44200000166893005,0.44200000166893005,0.44200000166893005,0.44200000166893005,0.4429999887943268,0.4429999887943268,0.4429999887943268,0.4440000057220459,0.4440000057220459,0.4440000057220459,0.4440000057220459,0.4449999928474426,0.4449999928474426,0.4449999928474426,0.44600000977516174,0.44600000977516174,0.44600000977516174,0.44600000977516174,0.44699999690055847,0.44699999690055847,0.4480000138282776,0.4480000138282776,0.4480000138282776,0.4490000009536743,0.4490000009536743,0.44999998807907104,0.44999998807907104,0.45100000500679016,0.45100000500679016,0.45100000500679016,0.45100000500679016,0.4519999921321869,0.453000009059906,0.453000009059906,0.45399999618530273,0.45399999618530273,0.45399999618530273,0.45500001311302185,0.4560000002384186,0.4560000002384186,0.4560000002384186,0.4560000002384186,0.4569999873638153,0.4569999873638153,0.4580000042915344,0.45899999141693115,0.45899999141693115,0.45899999141693115,0.46000000834465027,0.46000000834465027,0.460999995470047,0.4620000123977661,0.46299999952316284,0.46299999952316284,0.46399998664855957,0.46399998664855957,0.4819999933242798,0.4819999933242798,0.4830000102519989,0.4830000102519989,0.4830000102519989,0.48100000619888306,0.4749999940395355,0.4659999907016754,...,47.0,47.0,47.0,47.0,47.0,47.0,47.0,47.0,47.0,47.0,47.0,47.0,47.0,47.0,47.0,47.0,47.0,47.0,47.0,47.0,47.0,47.0,47.0,47.0,47.0,47.0,47.0,47.0,47.0,47.0,47.0,47.0,47.0,47.0,47.0,47.0,47.0,47.0,47.0,47.0,47.0,47.0,47.0,47.0,47.0,47.0,47.0,47.0,47.0,47.0,47.0,47.0,47.0,47.0,47.0,47.0,47.0,47.0,47.0,47.0,47.0,47.0,47.0,47.0,47.0,47.0,47.0,47.0,47.0,47.0,47.0,47.0,47.0,47.0,47.0,47.0,47.0,47.0,47.0,47.0,47.0,47.0,47.0,47.0,47.0,47.0,47.0,47.0,47.0,47.0,47.0,47.0,47.0,47.0,47.0,47.0,47.0,47.0,47.0,47.0,47.0,47.0,47.0,47.0,47.0,47.0,47.0,47.0,47.0,47.0,47.0,47.0,47.0,47.0,47.0,47.0,47.0,47.0,47.0,47.0,47.0,47.0,47.0,47.0,47.0,47.0,47.0,47.0,...
1763031921,513405984,laser,-3.1241390705108643,3.1415927410125732,0.0034828970674425364,5.030645115766674e-05,0.09050130099058151,0.15000000596046448,16.0,0.4359999895095825,0.4359999895095825,0.4359999895095825,0.4359999895095825,0.4359999895095825,0.4359999895095825,0.4359999895095825,0.4359999895095825,0.4359999895095825,0.4359999895095825,0.4359999895095825,0.4359999895095825,0.4359999895095825,0.4359999895095825,0.4359999895095825,0.4359999895095825,0.4359999895095825,0.4359999895095825,0.4359999895095825,0.4350000023841858,0.4359999895095825,0.4359999895095825,0.4359999895095825,0.4359999895095825,0.4359999895095825,0.4359999895095825,0.4359999895095825,0.4359999895095825,0.4359999895095825,0.4359999895095825,0.4359999895095825,0.4359999895095825,0.4359999895095825,0.4359999895095825,0.4359999895095825,0.4359999895095825,0.4359999895095825,0.43700000643730164,0.43700000643730164,0.43700000643730164,0.43700000643730164,0.43700000643730164,0.43700000643730164,0.43799999356269836,0.43799999356269836,0.43799999356269836,0.43799999356269836,0.43799999356269836,0.43799999356269836,0.43799999356269836,0.4390000104904175,0.4390000104904175,0.4390000104904175,0.4390000104904175,0.4390000104904175,0.4390000104904175,0.4399999976158142,0.4399999976158142,0.4399999976158142,0.4399999976158142,0.4410000145435333,0.4410000145435333,0.44200000166893005,0.44200000166893005,0.44200000166893005,0.44200000166893005,0.44200000166893005,0.4429999887943268,0.4429999887943268,0.4429999887943268,0.4429999887943268,0.4440000057220459,0.4440000057220459,0.4440000057220459,0.4449999928474426,0.4449999928474426,0.4449999928474426,0.4449999928474426,0.44600000977516174,0.44600000977516174,0.44600000977516174,0.44699999690055847,0.44699999690055847,0.44699999690055847,0.4480000138282776,0.4480000138282776,0.4490000009536743,0.4490000009536743,0.4490000009536743,0.44999998807907104,0.44999998807907104,0.45100000500679016,0.45100000500679016,0.45100000500679016,0.45100000500679016,0.4519999921321869,0.453000009059906,0.453000009059906,0.453000009059906,0.45399999618530273,0.45399999618530273,0.45500001311302185,0.45500001311302185,0.4560000002384186,0.4560000002384186,0.4560000002384186,0.4569999873638153,0.4580000042915344,0.4580000042915344,0.4580000042915344,0.45899999141693115,0.45899999141693115,0.46000000834465027,0.46000000834465027,0.460999995470047,0.4620000123977661,0.4620000123977661,0.46299999952316284,0.46399998664855957,0.46399998664855957,0.47099998593330383,0.47099998593330383,0.47999998927116394,0.4830000102519989,0.4830000102519989,0.4830000102519989,0.48100000619888306,0.4749999940395355,...,47.0,47.0,47.0,47.0,47.0,47.0,47.0,47.0,47.0,47.0,47.0,47.0,47.0,47.0,47.0,47.0,47.0,47.0,47.0,47.0,47.0,47.0,47.0,47.0,47.0,47.0,47.0,47.0,47.0,47.0,47.0,47.0,47.0,47.0,47.0,47.0,47.0,47.0,47.0,47.0,47.0,47.0,47.0,47.0,47.0,47.0,47.0,47.0,47.0,47.0,47.0,47.0,47.0,47.0,47.0,47.0,47.0,47.0,47.0,47.0,47.0,47.0,47.0,47.0,47.0,47.0,47.0,47.0,47.0,47.0,47.0,47.0,47.0,47.0,47.0,47.0,47.0,47.0,47.0,47.0,47.0,47.0,47.0,47.0,47.0,47.0,47.0,47.0,47.0,47.0,47.0,47.0,47.0,47.0,47.0,47.0,47.0,47.0,47.0,47.0,47.0,47.0,47.0,47.0,47.0,47.0,47.0,47.0,47.0,47.0,47.0,47.0,47.0,47.0,47.0,47.0,47.0,47.0,47.0,47.0,47.0,47.0,47.0,47.0,47.0,47.0,47.0,47.0,...
1763031921,605335798,laser,-3.1241390705108643,3.1415927410125732,0.0034828970674425364,5.3873769502388313e-05,0.09691891074180603,0.15000000596046448,16.0,0.4359999895095825,0.4359999895095825,0.4359999895095825,0.4359999895095825,0.4359999895095825,0.4359999895095825,0.4359999895095825,0.4359999895095825,0.4359999895095825,0.4359999895095825,0.4359999895095825,0.4359999895095825,0.4359999895095825,0.4359999895095825,0.4359999895095825,0.4359999895095825,0.4359999895095825,0.4359999895095825,0.4359999895095825,0.4359999895095825,0.4350000023841858,0.4359999895095825,0.4359999895095825,0.4359999895095825,0.4359999895095825,0.4359999895095825,0.4359999895095825,0.4359999895095825,0.4359999895095825,0.4359999895095825,0.4359999895095825,0.4359999895095825,0.4359999895095825,0.4359999895095825,0.4359999895095825,0.4359999895095825,0.4359999895095825,0.43700000643730164,0.43700000643730164,0.43700000643730164,0.43700000643730164,0.43700000643730164,0.43799999356269836,0.43799999356269836,0.43799999356269836,0.43799999356269836,0.43799999356269836,0.43799999356269836,0.43799999356269836,0.43799999356269836,0.4390000104904175,0.4390000104904175,0.4390000104904175,0.4390000104904175,0.4390000104904175,0.4390000104904175,0.4399999976158142,0.4399999976158142,0.4399999976158142,0.4399999976158142,0.4410000145435333,0.4410000145435333,0.44200000166893005,0.44200000166893005,0.44200000166893005,0.44200000166893005,0.44200000166893005,0.4429999887943268,0.4429999887943268,0.4429999887943268,0.4429999887943268,0.4429999887943268,0.4440000057220459,0.4440000057220459,0.4449999928474426,0.4449999928474426,0.4449999928474426,0.4449999928474426,0.4449999928474426,0.44600000977516174,0.44600000977516174,0.44699999690055847,0.44699999690055847,0.44699999690055847,0.4480000138282776,0.4480000138282776,0.4480000138282776,0.4490000009536743,0.4490000009536743,0.44999998807907104,0.44999998807907104,0.45100000500679016,0.45100000500679016,0.45100000500679016,0.4519999921321869,0.4519999921321869,0.4519999921321869,0.4519999921321869,0.453000009059906,0.45399999618530273,0.45399999618530273,0.45500001311302185,0.45500001311302185,0.4560000002384186,0.4560000002384186,0.4560000002384186,0.4569999873638153,0.4580000042915344,0.4580000042915344,0.4580000042915344,0.45899999141693115,0.46000000834465027,0.46000000834465027,0.460999995470047,0.4620000123977661,0.4620000123977661,0.4620000123977661,0.46299999952316284,0.46399998664855957,0.46399998664855957,0.46399998664855957,0.46700000762939453,0.47600001096725464,0.4830000102519989,0.4830000102519989,0.4830000102519989,0.47999998927116394,0.4740000069141388,...,47.0,47.0,47.0,47.0,47.0,47.0,47.0,47.0,47.0,47.0,47.0,47.0,47.0,47.0,47.0,47.0,47.0,47.0,47.0,47.0,47.0,47.0,47.0,47.0,47.0,47.0,47.0,47.0,47.0,47.0,47.0,47.0,47.0,47.0,47.0,47.0,47.0,47.0,47.0,47.0,47.0,47.0,47.0,47.0,47.0,47.0,47.0,47.0,47.0,47.0,47.0,47.0,47.0,47.0,47.0,47.0,47.0,47.0,47.0,47.0,47.0,47.0,47.0,47.0,47.0,47.0,47.0,47.0,47.0,47.0,47.0,47.0,47.0,47.0,47.0,47.0,47.0,47.0,47.0,47.0,47.0,47.0,47.0,47.0,47.0,47.0,47.0,47.0,47.0,47.0,47.0,47.0,0.0,0.0,0.0,0.0,0.0,0.0,0.0,0.0,0.0,0.0,0.0,0.0,0.0,0.0,0.0,0.0,0.0,0.0,0.0,0.0,0.0,0.0,0.0,0.0,0.0,0.0,0.0,0.0,0.0,0.0,0.0,0.0,0.0,0.0,0.0,0.0,...
1763031921,703931178,laser,-3.1241390705108643,3.1415927410125732,0.0034828970674425364,5.361078365240246e-05,0.09644579887390137,0.15000000596046448,16.0,0.4359999895095825,0.4359999895095825,0.4359999895095825,0.4359999895095825,0.4359999895095825,0.4359999895095825,0.4359999895095825,0.4359999895095825,0.4359999895095825,0.4359999895095825,0.4350000023841858,0.4359999895095825,0.4359999895095825,0.4359999895095825,0.4359999895095825,0.4359999895095825,0.4359999895095825,0.4359999895095825,0.4359999895095825,0.4359999895095825,0.4350000023841858,0.4359999895095825,0.4359999895095825,0.4359999895095825,0.4359999895095825,0.4359999895095825,0.4359999895095825,0.4359999895095825,0.4359999895095825,0.4359999895095825,0.4359999895095825,0.4359999895095825,0.4359999895095825,0.4359999895095825,0.4359999895095825,0.4359999895095825,0.4359999895095825,0.43700000643730164,0.43700000643730164,0.43700000643730164,0.43700000643730164,0.43700000643730164,0.43700000643730164,0.43799999356269836,0.43799999356269836,0.43799999356269836,0.43799999356269836,0.43799999356269836,0.43799999356269836,0.43799999356269836,0.4390000104904175,0.4390000104904175,0.4390000104904175,0.4390000104904175,0.4390000104904175,0.4390000104904175,0.4399999976158142,0.4399999976158142,0.4399999976158142,0.4399999976158142,0.4399999976158142,0.4410000145435333,0.44200000166893005,0.44200000166893005,0.44200000166893005,0.44200000166893005,0.44200000166893005,0.4429999887943268,0.4429999887943268,0.4429999887943268,0.4429999887943268,0.4429999887943268,0.4440000057220459,0.4440000057220459,0.4449999928474426,0.4449999928474426,0.4449999928474426,0.4449999928474426,0.4449999928474426,0.44600000977516174,0.44600000977516174,0.44699999690055847,0.44699999690055847,0.44699999690055847,0.4480000138282776,0.4480000138282776,0.4480000138282776,0.4490000009536743,0.4490000009536743,0.44999998807907104,0.44999998807907104,0.45100000500679016,0.45100000500679016,0.45100000500679016,0.4519999921321869,0.4519999921321869,0.453000009059906,0.453000009059906,0.453000009059906,0.453000009059906,0.45399999618530273,0.45500001311302185,0.45500001311302185,0.45500001311302185,0.4560000002384186,0.4560000002384186,0.4569999873638153,0.4580000042915344,0.4580000042915344,0.4580000042915344,0.45899999141693115,0.46000000834465027,0.46000000834465027,0.460999995470047,0.4620000123977661,0.4620000123977661,0.46299999952316284,0.46299999952316284,0.46399998664855957,0.4650000035762787,0.4650000035762787,0.47200000286102295,0.4819999933242798,0.4819999933242798,0.48399999737739563,0.48399999737739563,0.44200000166893005,0.44200000166893005,...,47.0,47.0,47.0,47.0,47.0,47.0,47.0,47.0,47.0,47.0,47.0,47.0,47.0,47.0,47.0,47.0,47.0,47.0,47.0,47.0,47.0,47.0,47.0,47.0,47.0,47.0,47.0,47.0,47.0,47.0,47.0,47.0,47.0,47.0,47.0,47.0,47.0,47.0,47.0,47.0,47.0,47.0,47.0,47.0,47.0,47.0,47.0,47.0,47.0,47.0,47.0,47.0,47.0,47.0,47.0,47.0,47.0,47.0,47.0,47.0,47.0,47.0,47.0,47.0,47.0,47.0,47.0,47.0,47.0,47.0,47.0,47.0,47.0,47.0,47.0,47.0,47.0,47.0,47.0,47.0,47.0,47.0,47.0,47.0,47.0,47.0,47.0,47.0,47.0,47.0,47.0,47.0,47.0,47.0,47.0,47.0,47.0,47.0,47.0,47.0,47.0,47.0,47.0,47.0,47.0,47.0,47.0,47.0,47.0,47.0,47.0,47.0,47.0,47.0,47.0,47.0,47.0,47.0,47.0,47.0,47.0,47.0,47.0,47.0,47.0,47.0,47.0,47.0,...
1763031921,801972323,laser,-3.1241390705108643,3.1415927410125732,0.0034828970674425364,5.373133171815425e-05,0.09666267037391663,0.15000000596046448,16.0,0.4359999895095825,0.4359999895095825,0.4359999895095825,0.4359999895095825,0.4359999895095825,0.4359999895095825,0.4359999895095825,0.4359999895095825,0.4359999895095825,0.4359999895095825,0.4359999895095825,0.4359999895095825,0.4359999895095825,0.4359999895095825,0.4359999895095825,0.4359999895095825,0.4359999895095825,0.4359999895095825,0.4359999895095825,0.4359999895095825,0.4359999895095825,0.4359999895095825,0.4359999895095825,0.4359999895095825,0.4359999895095825,0.4359999895095825,0.4359999895095825,0.4359999895095825,0.4359999895095825,0.4359999895095825,0.4359999895095825,0.4359999895095825,0.4359999895095825,0.4359999895095825,0.4359999895095825,0.4359999895095825,0.4359999895095825,0.43700000643730164,0.43700000643730164,0.43700000643730164,0.43700000643730164,0.43700000643730164,0.43700000643730164,0.43799999356269836,0.43799999356269836,0.43700000643730164,0.43700000643730164,0.43799999356269836,0.43799999356269836,0.43799999356269836,0.4390000104904175,0.4390000104904175,0.4390000104904175,0.4390000104904175,0.4390000104904175,0.4390000104904175,0.4399999976158142,0.4399999976158142,0.4399999976158142,0.4399999976158142,0.4399999976158142,0.4410000145435333,0.44200000166893005,0.44200000166893005,0.44200000166893005,0.44200000166893005,0.44200000166893005,0.4429999887943268,0.4429999887943268,0.4429999887943268,0.4429999887943268,0.4429999887943268,0.4440000057220459,0.4440000057220459,0.4449999928474426,0.4449999928474426,0.4449999928474426,0.4449999928474426,0.4449999928474426,0.44600000977516174,0.44600000977516174,0.44600000977516174,0.44699999690055847,0.44699999690055847,0.4480000138282776,0.4480000138282776,0.4490000009536743,0.4490000009536743,0.4490000009536743,0.44999998807907104,0.44999998807907104,0.44999998807907104,0.45100000500679016,0.45100000500679016,0.4519999921321869,0.4519999921321869,0.453000009059906,0.453000009059906,0.453000009059906,0.45399999618530273,0.45399999618530273,0.45500001311302185,0.45500001311302185,0.4560000002384186,0.4560000002384186,0.4560000002384186,0.4569999873638153,0.4580000042915344,0.4580000042915344,0.4580000042915344,0.45899999141693115,0.46000000834465027,0.46000000834465027,0.460999995470047,0.4620000123977661,0.4620000123977661,0.46299999952316284,0.46299999952316284,0.46399998664855957,0.4650000035762787,0.4650000035762787,0.47200000286102295,0.48100000619888306,0.4830000102519989,0.4830000102519989,0.4830000102519989,0.48100000619888306,0.4729999899864197,...,47.0,47.0,47.0,47.0,47.0,47.0,47.0,47.0,47.0,47.0,47.0,47.0,47.0,47.0,47.0,47.0,47.0,47.0,47.0,47.0,47.0,47.0,47.0,47.0,47.0,47.0,47.0,47.0,47.0,47.0,47.0,47.0,47.0,47.0,47.0,47.0,47.0,47.0,47.0,47.0,47.0,47.0,47.0,47.0,47.0,47.0,47.0,47.0,47.0,47.0,47.0,47.0,47.0,47.0,47.0,47.0,47.0,47.0,47.0,47.0,47.0,47.0,47.0,47.0,47.0,47.0,47.0,47.0,47.0,47.0,47.0,47.0,47.0,47.0,47.0,47.0,47.0,47.0,47.0,47.0,47.0,47.0,47.0,47.0,47.0,47.0,47.0,47.0,47.0,47.0,47.0,47.0,47.0,47.0,47.0,47.0,47.0,47.0,47.0,47.0,47.0,47.0,47.0,47.0,47.0,47.0,47.0,47.0,47.0,47.0,47.0,47.0,47.0,47.0,47.0,47.0,47.0,47.0,47.0,47.0,47.0,47.0,47.0,47.0,47.0,47.0,47.0,47.0,...
1763031921,900440877,laser,-3.1241390705108643,3.1415927410125732,0.0034828970674425364,5.365825927583501e-05,0.0965312123298645,0.15000000596046448,16.0,0.4359999895095825,0.4359999895095825,0.4359999895095825,0.4359999895095825,0.4359999895095825,0.4359999895095825,0.4359999895095825,0.4359999895095825,0.4359999895095825,0.4359999895095825,0.4359999895095825,0.4359999895095825,0.4359999895095825,0.4359999895095825,0.4359999895095825,0.4359999895095825,0.4359999895095825,0.4359999895095825,0.4359999895095825,0.4359999895095825,0.4350000023841858,0.4359999895095825,0.4359999895095825,0.4359999895095825,0.4359999895095825,0.4359999895095825,0.4359999895095825,0.4359999895095825,0.4359999895095825,0.4359999895095825,0.4359999895095825,0.4359999895095825,0.4359999895095825,0.4359999895095825,0.4359999895095825,0.4359999895095825,0.4359999895095825,0.4359999895095825,0.43700000643730164,0.43700000643730164,0.43700000643730164,0.43700000643730164,0.43700000643730164,0.43700000643730164,0.43799999356269836,0.43799999356269836,0.43799999356269836,0.43799999356269836,0.43799999356269836,0.43799999356269836,0.43799999356269836,0.4390000104904175,0.4390000104904175,0.4390000104904175,0.4390000104904175,0.4390000104904175,0.4390000104904175,0.4399999976158142,0.4399999976158142,0.4410000145435333,0.4410000145435333,0.4410000145435333,0.44200000166893005,0.44200000166893005,0.44200000166893005,0.44200000166893005,0.44200000166893005,0.44200000166893005,0.4429999887943268,0.4429999887943268,0.4429999887943268,0.4440000057220459,0.4440000057220459,0.4440000057220459,0.4440000057220459,0.4449999928474426,0.4449999928474426,0.4449999928474426,0.44600000977516174,0.44600000977516174,0.44699999690055847,0.44699999690055847,0.44699999690055847,0.44699999690055847,0.4480000138282776,0.4480000138282776,0.4480000138282776,0.4490000009536743,0.4490000009536743,0.4490000009536743,0.44999998807907104,0.45100000500679016,0.45100000500679016,0.45100000500679016,0.4519999921321869,0.4519999921321869,0.4519999921321869,0.453000009059906,0.45399999618530273,0.45399999618530273,0.45399999618530273,0.45500001311302185,0.45500001311302185,0.4560000002384186,0.4560000002384186,0.4560000002384186,0.4569999873638153,0.4580000042915344,0.4580000042915344,0.45899999141693115,0.46000000834465027,0.46000000834465027,0.460999995470047,0.460999995470047,0.4620000123977661,0.4620000123977661,0.46299999952316284,0.46399998664855957,0.46399998664855957,0.46399998664855957,0.4699999988079071,0.47999998927116394,0.47999998927116394,0.47999998927116394,0.4819999933242798,0.4819999933242798,0.44999998807907104,0.44999998807907104,...,47.0,47.0,47.0,47.0,47.0,47.0,47.0,47.0,47.0,47.0,47.0,47.0,47.0,47.0,47.0,47.0,47.0,47.0,47.0,47.0,47.0,47.0,47.0,47.0,47.0,47.0,47.0,47.0,47.0,47.0,47.0,47.0,47.0,47.0,47.0,47.0,47.0,47.0,47.0,47.0,47.0,47.0,47.0,47.0,47.0,47.0,47.0,47.0,47.0,47.0,47.0,47.0,47.0,47.0,47.0,47.0,47.0,47.0,47.0,47.0,47.0,47.0,47.0,47.0,47.0,47.0,47.0,47.0,47.0,47.0,47.0,47.0,47.0,47.0,47.0,47.0,47.0,47.0,47.0,47.0,47.0,47.0,47.0,47.0,47.0,47.0,47.0,47.0,47.0,47.0,47.0,47.0,47.0,47.0,47.0,47.0,47.0,47.0,47.0,47.0,47.0,47.0,47.0,0.0,0.0,0.0,0.0,0.0,0.0,0.0,0.0,0.0,0.0,0.0,0.0,0.0,0.0,0.0,0.0,0.0,0.0,0.0,0.0,0.0,0.0,0.0,0.0,0.0,...
1763031921,998789877,laser,-3.1241390705108643,3.1415927410125732,0.0034828970674425364,5.353687811293639e-05,0.09631284326314926,0.15000000596046448,16.0,0.4359999895095825,0.4359999895095825,0.4359999895095825,0.4359999895095825,0.4359999895095825,0.4359999895095825,0.4359999895095825,0.4359999895095825,0.4359999895095825,0.4359999895095825,0.4359999895095825,0.4359999895095825,0.4359999895095825,0.4359999895095825,0.4359999895095825,0.4359999895095825,0.4359999895095825,0.4359999895095825,0.4359999895095825,0.4359999895095825,0.4359999895095825,0.4359999895095825,0.4359999895095825,0.4359999895095825,0.4359999895095825,0.4359999895095825,0.4359999895095825,0.4359999895095825,0.4359999895095825,0.4359999895095825,0.4359999895095825,0.4359999895095825,0.4359999895095825,0.4359999895095825,0.4359999895095825,0.4359999895095825,0.4359999895095825,0.43700000643730164,0.43700000643730164,0.43700000643730164,0.43700000643730164,0.43700000643730164,0.43700000643730164,0.43799999356269836,0.43799999356269836,0.43799999356269836,0.43799999356269836,0.43799999356269836,0.43799999356269836,0.43799999356269836,0.4390000104904175,0.4390000104904175,0.4390000104904175,0.4390000104904175,0.4390000104904175,0.4390000104904175,0.4399999976158142,0.4399999976158142,0.4399999976158142,0.4399999976158142,0.4399999976158142,0.4410000145435333,0.44200000166893005,0.44200000166893005,0.44200000166893005,0.44200000166893005,0.44200000166893005,0.4429999887943268,0.4429999887943268,0.4429999887943268,0.4429999887943268,0.4429999887943268,0.4429999887943268,0.4440000057220459,0.4449999928474426,0.4449999928474426,0.4449999928474426,0.4449999928474426,0.44600000977516174,0.44600000977516174,0.44600000977516174,0.44600000977516174,0.44699999690055847,0.44699999690055847,0.4480000138282776,0.4480000138282776,0.4480000138282776,0.4490000009536743,0.4490000009536743,0.44999998807907104,0.44999998807907104,0.44999998807907104,0.45100000500679016,0.45100000500679016,0.4519999921321869,0.4519999921321869,0.453000009059906,0.453000009059906,0.453000009059906,0.453000009059906,0.45399999618530273,0.45500001311302185,0.45500001311302185,0.4560000002384186,0.4560000002384186,0.4560000002384186,0.4569999873638153,0.4580000042915344,0.4580000042915344,0.45899999141693115,0.45899999141693115,0.46000000834465027,0.46000000834465027,0.460999995470047,0.4620000123977661,0.4620000123977661,0.4620000123977661,0.46299999952316284,0.46399998664855957,0.4650000035762787,0.48500001430511475,0.48500001430511475,0.48500001430511475,0.48500001430511475,0.48500001430511475,0.4860000014305115,0.48100000619888306,0.4729999899864197,...,47.0,47.0,47.0,47.0,47.0,47.0,47.0,47.0,47.0,47.0,47.0,47.0,47.0,47.0,47.0,47.0,47.0,47.0,47.0,47.0,47.0,47.0,47.0,47.0,47.0,47.0,47.0,47.0,47.0,47.0,47.0,47.0,47.0,47.0,47.0,47.0,47.0,47.0,47.0,47.0,47.0,47.0,47.0,47.0,47.0,47.0,47.0,47.0,47.0,47.0,47.0,47.0,47.0,47.0,47.0,47.0,47.0,47.0,47.0,47.0,47.0,47.0,47.0,47.0,47.0,47.0,47.0,47.0,47.0,47.0,47.0,47.0,47.0,47.0,47.0,47.0,47.0,47.0,47.0,47.0,47.0,47.0,47.0,47.0,47.0,47.0,47.0,47.0,47.0,47.0,47.0,47.0,47.0,47.0,47.0,47.0,47.0,47.0,47.0,47.0,47.0,47.0,47.0,47.0,47.0,47.0,47.0,47.0,47.0,47.0,47.0,47.0,47.0,47.0,47.0,47.0,47.0,47.0,47.0,47.0,47.0,47.0,47.0,47.0,47.0,47.0,47.0,47.0,...
1763031922,97038630,laser,-3.1241390705108643,3.1415927410125732,0.0034828970674425364,5.362241427064873e-05,0.09646672010421753,0.15000000596046448,16.0,0.4359999895095825,0.4359999895095825,0.4359999895095825,0.4359999895095825,0.4359999895095825,0.4359999895095825,0.4359999895095825,0.4359999895095825,0.4359999895095825,0.4359999895095825,0.4359999895095825,0.4359999895095825,0.4359999895095825,0.4359999895095825,0.4359999895095825,0.4359999895095825,0.4359999895095825,0.4359999895095825,0.4359999895095825,0.4350000023841858,0.4350000023841858,0.4359999895095825,0.4359999895095825,0.4359999895095825,0.4359999895095825,0.4359999895095825,0.4359999895095825,0.4359999895095825,0.4359999895095825,0.4359999895095825,0.4359999895095825,0.4359999895095825,0.4359999895095825,0.4359999895095825,0.4359999895095825,0.4359999895095825,0.4359999895095825,0.4359999895095825,0.43700000643730164,0.43700000643730164,0.43700000643730164,0.43700000643730164,0.43700000643730164,0.43799999356269836,0.43799999356269836,0.43799999356269836,0.43799999356269836,0.43799999356269836,0.4390000104904175,0.4390000104904175,0.4390000104904175,0.4390000104904175,0.4390000104904175,0.4390000104904175,0.4390000104904175,0.4390000104904175,0.4399999976158142,0.4399999976158142,0.4399999976158142,0.4399999976158142,0.4410000145435333,0.4410000145435333,0.4410000145435333,0.44200000166893005,0.44200000166893005,0.44200000166893005,0.44200000166893005,0.4429999887943268,0.4429999887943268,0.4429999887943268,0.4429999887943268,0.4429999887943268,0.4440000057220459,0.4440000057220459,0.4449999928474426,0.4449999928474426,0.4449999928474426,0.4449999928474426,0.4449999928474426,0.44600000977516174,0.44699999690055847,0.44699999690055847,0.44699999690055847,0.44699999690055847,0.44699999690055847,0.4480000138282776,0.4490000009536743,0.4490000009536743,0.4490000009536743,0.4490000009536743,0.44999998807907104,0.45100000500679016,0.45100000500679016,0.45100000500679016,0.45100000500679016,0.4519999921321869,0.453000009059906,0.453000009059906,0.453000009059906,0.45399999618530273,0.45399999618530273,0.45399999618530273,0.45500001311302185,0.4560000002384186,0.4560000002384186,0.4569999873638153,0.4569999873638153,0.4569999873638153,0.4580000042915344,0.4580000042915344,0.46000000834465027,0.460999995470047,0.46000000834465027,0.46000000834465027,0.460999995470047,0.4620000123977661,0.4620000123977661,0.46299999952316284,0.46399998664855957,0.46399998664855957,0.4699999988079071,0.47999998927116394,0.47999998927116394,0.47999998927116394,0.4819999933242798,0.4819999933242798,0.45100000500679016,0.45100000500679016,...,47.0,47.0,47.0,47.0,47.0,47.0,47.0,47.0,47.0,47.0,47.0,47.0,47.0,47.0,47.0,47.0,47.0,47.0,47.0,47.0,47.0,47.0,47.0,47.0,47.0,47.0,47.0,47.0,47.0,47.0,47.0,47.0,47.0,47.0,47.0,47.0,47.0,47.0,47.0,47.0,47.0,47.0,47.0,47.0,47.0,47.0,47.0,47.0,47.0,47.0,47.0,47.0,47.0,47.0,47.0,47.0,47.0,47.0,47.0,47.0,47.0,47.0,47.0,47.0,47.0,47.0,47.0,47.0,47.0,47.0,47.0,47.0,47.0,47.0,47.0,47.0,47.0,47.0,47.0,47.0,47.0,47.0,47.0,47.0,47.0,47.0,47.0,47.0,47.0,47.0,47.0,47.0,47.0,47.0,47.0,47.0,47.0,47.0,47.0,47.0,47.0,47.0,47.0,47.0,47.0,47.0,47.0,47.0,47.0,47.0,47.0,47.0,0.0,0.0,0.0,0.0,0.0,0.0,0.0,0.0,0.0,0.0,0.0,0.0,0.0,0.0,0.0,0.0,...
1763031922,195040451,laser,-3.1241390705108643,3.1415927410125732,0.0034828970674425364,5.374820466386154e-05,0.0966930165886879,0.15000000596046448,16.0,0.4359999895095825,0.4359999895095825,0.4359999895095825,0.4359999895095825,0.4359999895095825,0.4359999895095825,0.4359999895095825,0.4359999895095825,0.4359999895095825,0.4359999895095825,0.4359999895095825,0.4359999895095825,0.4359999895095825,0.4359999895095825,0.4359999895095825,0.4359999895095825,0.4359999895095825,0.4359999895095825,0.4359999895095825,0.4359999895095825,0.4359999895095825,0.4359999895095825,0.4359999895095825,0.4359999895095825,0.4359999895095825,0.4359999895095825,0.4359999895095825,0.4359999895095825,0.4359999895095825,0.4359999895095825,0.4359999895095825,0.4359999895095825,0.4359999895095825,0.4359999895095825,0.4359999895095825,0.4359999895095825,0.4359999895095825,0.43700000643730164,0.43700000643730164,0.43700000643730164,0.43700000643730164,0.43700000643730164,0.43799999356269836,0.43799999356269836,0.43799999356269836,0.43799999356269836,0.43799999356269836,0.43799999356269836,0.43799999356269836,0.43799999356269836,0.4390000104904175,0.4390000104904175,0.4390000104904175,0.4390000104904175,0.4390000104904175,0.4390000104904175,0.4399999976158142,0.4399999976158142,0.4399999976158142,0.4399999976158142,0.4399999976158142,0.4410000145435333,0.44200000166893005,0.44200000166893005,0.44200000166893005,0.44200000166893005,0.44200000166893005,0.4429999887943268,0.4429999887943268,0.4429999887943268,0.4429999887943268,0.4440000057220459,0.4440000057220459,0.4440000057220459,0.4440000057220459,0.4449999928474426,0.4449999928474426,0.4449999928474426,0.44600000977516174,0.44600000977516174,0.44600000977516174,0.44600000977516174,0.44699999690055847,0.44699999690055847,0.4480000138282776,0.4480000138282776,0.4490000009536743,0.4490000009536743,0.4490000009536743,0.44999998807907104,0.44999998807907104,0.44999998807907104,0.45100000500679016,0.45100000500679016,0.4519999921321869,0.4519999921321869,0.453000009059906,0.453000009059906,0.453000009059906,0.45399999618530273,0.45399999618530273,0.45500001311302185,0.45500001311302185,0.4560000002384186,0.4560000002384186,0.4560000002384186,0.4569999873638153,0.4580000042915344,0.4580000042915344,0.45899999141693115,0.45899999141693115,0.46000000834465027,0.460999995470047,0.460999995470047,0.4620000123977661,0.46299999952316284,0.46299999952316284,0.46299999952316284,0.46399998664855957,0.4650000035762787,0.47200000286102295,0.47200000286102295,0.4819999933242798,0.4819999933242798,0.48399999737739563,0.48399999737739563,0.48100000619888306,0.4740000069141388,...,47.0,47.0,47.0,47.0,47.0,47.0,47.0,47.0,47.0,47.0,47.0,47.0,47.0,47.0,47.0,47.0,47.0,47.0,47.0,47.0,47.0,47.0,47.0,47.0,47.0,47.0,47.0,47.0,47.0,47.0,47.0,47.0,47.0,47.0,47.0,47.0,47.0,47.0,47.0,47.0,47.0,47.0,47.0,47.0,47.0,47.0,47.0,47.0,47.0,47.0,47.0,47.0,47.0,47.0,47.0,47.0,47.0,47.0,47.0,47.0,47.0,47.0,47.0,47.0,47.0,47.0,47.0,47.0,47.0,47.0,47.0,47.0,47.0,47.0,47.0,47.0,47.0,47.0,47.0,47.0,47.0,47.0,47.0,47.0,47.0,47.0,47.0,47.0,47.0,47.0,47.0,47.0,47.0,47.0,47.0,47.0,47.0,47.0,47.0,47.0,47.0,47.0,47.0,47.0,47.0,47.0,47.0,47.0,47.0,47.0,47.0,47.0,47.0,47.0,47.0,47.0,0.0,0.0,0.0,0.0,0.0,0.0,0.0,0.0,0.0,0.0,0.0,0.0,...
1763031922,293346878,laser,-3.1241390705108643,3.1415927410125732,0.0034828970674425364,5.366522600525059e-05,0.09654374420642853,0.15000000596046448,16.0,0.4359999895095825,0.4359999895095825,0.4359999895095825,0.4359999895095825,0.4359999895095825,0.4359999895095825,0.4359999895095825,0.4359999895095825,0.4359999895095825,0.4359999895095825,0.4359999895095825,0.4359999895095825,0.4359999895095825,0.4359999895095825,0.4359999895095825,0.4359999895095825,0.4359999895095825,0.4359999895095825,0.4350000023841858,0.4350000023841858,0.4350000023841858,0.4359999895095825,0.4359999895095825,0.4359999895095825,0.4359999895095825,0.4359999895095825,0.4359999895095825,0.4359999895095825,0.4359999895095825,0.4359999895095825,0.4359999895095825,0.4359999895095825,0.4359999895095825,0.4359999895095825,0.4359999895095825,0.4359999895095825,0.4359999895095825,0.4359999895095825,0.43700000643730164,0.43700000643730164,0.43700000643730164,0.43700000643730164,0.43700000643730164,0.43700000643730164,0.43799999356269836,0.43799999356269836,0.43799999356269836,0.43799999356269836,0.4390000104904175,0.4390000104904175,0.4390000104904175,0.43799999356269836,0.43799999356269836,0.4390000104904175,0.4390000104904175,0.4390000104904175,0.4390000104904175,0.4399999976158142,0.4399999976158142,0.4410000145435333,0.4410000145435333,0.4410000145435333,0.4410000145435333,0.44200000166893005,0.44200000166893005,0.44200000166893005,0.4429999887943268,0.4429999887943268,0.4429999887943268,0.4429999887943268,0.4429999887943268,0.4440000057220459,0.4440000057220459,0.4440000057220459,0.4449999928474426,0.4449999928474426,0.4449999928474426,0.4449999928474426,0.44600000977516174,0.44600000977516174,0.44600000977516174,0.44600000977516174,0.44699999690055847,0.44699999690055847,0.44699999690055847,0.4480000138282776,0.4480000138282776,0.4490000009536743,0.4490000009536743,0.4490000009536743,0.44999998807907104,0.45100000500679016,0.45100000500679016,0.45100000500679016,0.4519999921321869,0.4519999921321869,0.453000009059906,0.453000009059906,0.45399999618530273,0.45399999618530273,0.45399999618530273,0.45399999618530273,0.45500001311302185,0.4560000002384186,0.4560000002384186,0.4560000002384186,0.4569999873638153,0.4569999873638153,0.4580000042915344,0.45899999141693115,0.46000000834465027,0.46000000834465027,0.46000000834465027,0.460999995470047,0.4620000123977661,0.4620000123977661,0.46299999952316284,0.46399998664855957,0.46399998664855957,0.46399998664855957,0.47099998593330383,0.48100000619888306,0.48100000619888306,0.48100000619888306,0.48399999737739563,0.48100000619888306,0.4490000009536743,0.4490000009536743,...,0.0,47.0,47.0,47.0,47.0,47.0,47.0,47.0,47.0,47.0,47.0,47.0,47.0,47.0,47.0,47.0,47.0,47.0,47.0,47.0,47.0,47.0,47.0,47.0,47.0,47.0,47.0,47.0,47.0,47.0,47.0,47.0,47.0,47.0,47.0,47.0,47.0,47.0,47.0,47.0,47.0,47.0,47.0,47.0,47.0,47.0,47.0,47.0,47.0,47.0,47.0,47.0,47.0,47.0,47.0,47.0,47.0,47.0,47.0,47.0,47.0,47.0,47.0,47.0,47.0,47.0,47.0,47.0,47.0,47.0,47.0,47.0,47.0,47.0,47.0,47.0,47.0,47.0,47.0,47.0,47.0,47.0,47.0,47.0,47.0,47.0,47.0,47.0,47.0,47.0,47.0,47.0,47.0,47.0,47.0,47.0,47.0,47.0,47.0,47.0,47.0,47.0,47.0,47.0,47.0,47.0,47.0,47.0,47.0,47.0,47.0,47.0,47.0,47.0,47.0,47.0,47.0,47.0,47.0,47.0,47.0,47.0,0.0,0.0,0.0,0.0,0.0,0.0,...
1763031922,391763475,laser,-3.1241390705108643,3.1415927410125732,0.0034828970674425364,5.361744842957705e-05,0.09645778685808182,0.15000000596046448,16.0,0.4359999895095825,0.4359999895095825,0.4359999895095825,0.4359999895095825,0.4359999895095825,0.4359999895095825,0.4359999895095825,0.4350000023841858,0.4359999895095825,0.4359999895095825,0.4359999895095825,0.4359999895095825,0.4359999895095825,0.4359999895095825,0.4359999895095825,0.4359999895095825,0.4359999895095825,0.4350000023841858,0.4359999895095825,0.4359999895095825,0.4359999895095825,0.4359999895095825,0.4359999895095825,0.4350000023841858,0.4359999895095825,0.4359999895095825,0.4359999895095825,0.4359999895095825,0.4359999895095825,0.4359999895095825,0.4359999895095825,0.4359999895095825,0.4359999895095825,0.4359999895095825,0.43700000643730164,0.43700000643730164,0.4359999895095825,0.43700000643730164,0.43700000643730164,0.43700000643730164,0.43700000643730164,0.43700000643730164,0.43700000643730164,0.43799999356269836,0.43700000643730164,0.43700000643730164,0.43799999356269836,0.43799999356269836,0.4390000104904175,0.4390000104904175,0.4390000104904175,0.4390000104904175,0.4390000104904175,0.4390000104904175,0.4390000104904175,0.4390000104904175,0.4399999976158142,0.4399999976158142,0.4399999976158142,0.4399999976158142,0.4410000145435333,0.4410000145435333,0.44200000166893005,0.44200000166893005,0.44200000166893005,0.44200000166893005,0.44200000166893005,0.4429999887943268,0.4429999887943268,0.4429999887943268,0.4429999887943268,0.4429999887943268,0.4440000057220459,0.4440000057220459,0.4449999928474426,0.4449999928474426,0.4449999928474426,0.4449999928474426,0.4449999928474426,0.44600000977516174,0.44600000977516174,0.44699999690055847,0.44699999690055847,0.44699999690055847,0.4480000138282776,0.4480000138282776,0.4490000009536743,0.4490000009536743,0.4490000009536743,0.44999998807907104,0.44999998807907104,0.44999998807907104,0.45100000500679016,0.45100000500679016,0.4519999921321869,0.453000009059906,0.453000009059906,0.453000009059906,0.453000009059906,0.45399999618530273,0.45399999618530273,0.45500001311302185,0.45500001311302185,0.45500001311302185,0.4560000002384186,0.4560000002384186,0.4569999873638153,0.4580000042915344,0.4580000042915344,0.4580000042915344,0.45899999141693115,0.46000000834465027,0.46000000834465027,0.460999995470047,0.460999995470047,0.4620000123977661,0.46299999952316284,0.46299999952316284,0.46399998664855957,0.46399998664855957,0.4650000035762787,0.46799999475479126,0.4779999852180481,0.48399999737739563,0.48399999737739563,0.4830000102519989,0.4429999887943268,0.4429999887943268,...,47.0,47.0,47.0,47.0,47.0,47.0,47.0,47.0,47.0,47.0,47.0,47.0,47.0,47.0,47.0,47.0,47.0,47.0,47.0,47.0,47.0,47.0,47.0,47.0,47.0,47.0,47.0,47.0,47.0,47.0,47.0,47.0,47.0,47.0,47.0,47.0,47.0,47.0,47.0,47.0,47.0,47.0,47.0,47.0,47.0,47.0,47.0,47.0,47.0,47.0,47.0,47.0,47.0,47.0,47.0,47.0,47.0,47.0,47.0,47.0,47.0,47.0,47.0,47.0,47.0,47.0,47.0,47.0,47.0,47.0,47.0,47.0,47.0,47.0,47.0,47.0,47.0,47.0,47.0,47.0,47.0,47.0,47.0,47.0,47.0,47.0,47.0,47.0,47.0,47.0,47.0,47.0,47.0,47.0,47.0,47.0,47.0,47.0,47.0,47.0,47.0,47.0,47.0,47.0,47.0,47.0,47.0,47.0,47.0,47.0,47.0,47.0,47.0,47.0,47.0,47.0,47.0,47.0,47.0,47.0,47.0,47.0,47.0,47.0,47.0,0.0,0.0,0.0,...
1763031922,490070512,laser,-3.1241390705108643,3.1415927410125732,0.0034828970674425364,5.358114867703989e-05,0.09639248996973038,0.15000000596046448,16.0,0.4359999895095825,0.4359999895095825,0.4359999895095825,0.4359999895095825,0.4359999895095825,0.4359999895095825,0.4359999895095825,0.4359999895095825,0.4359999895095825,0.4359999895095825,0.4359999895095825,0.4359999895095825,0.4359999895095825,0.4359999895095825,0.4359999895095825,0.4359999895095825,0.4359999895095825,0.4359999895095825,0.4359999895095825,0.4359999895095825,0.4350000023841858,0.4350000023841858,0.4350000023841858,0.4359999895095825,0.4359999895095825,0.4359999895095825,0.4359999895095825,0.4359999895095825,0.4359999895095825,0.4359999895095825,0.4359999895095825,0.4359999895095825,0.4359999895095825,0.4359999895095825,0.43700000643730164,0.43700000643730164,0.4359999895095825,0.4359999895095825,0.43700000643730164,0.43700000643730164,0.43700000643730164,0.43700000643730164,0.43700000643730164,0.43799999356269836,0.43799999356269836,0.43700000643730164,0.43799999356269836,0.43799999356269836,0.43799999356269836,0.4390000104904175,0.4390000104904175,0.4390000104904175,0.43799999356269836,0.4390000104904175,0.4390000104904175,0.4399999976158142,0.4399999976158142,0.4399999976158142,0.4399999976158142,0.4410000145435333,0.4410000145435333,0.4410000145435333,0.4410000145435333,0.44200000166893005,0.44200000166893005,0.44200000166893005,0.44200000166893005,0.4429999887943268,0.4429999887943268,0.4429999887943268,0.4429999887943268,0.4429999887943268,0.4440000057220459,0.4440000057220459,0.4449999928474426,0.4449999928474426,0.4449999928474426,0.4449999928474426,0.44600000977516174,0.44600000977516174,0.44600000977516174,0.44699999690055847,0.44699999690055847,0.44699999690055847,0.44699999690055847,0.4480000138282776,0.4490000009536743,0.4490000009536743,0.4490000009536743,0.4490000009536743,0.44999998807907104,0.45100000500679016,0.45100000500679016,0.45100000500679016,0.4519999921321869,0.4519999921321869,0.4519999921321869,0.453000009059906,0.45399999618530273,0.45399999618530273,0.45399999618530273,0.45399999618530273,0.45500001311302185,0.4560000002384186,0.4560000002384186,0.4569999873638153,0.4569999873638153,0.4569999873638153,0.4580000042915344,0.4580000042915344,0.45899999141693115,0.46000000834465027,0.460999995470047,0.460999995470047,0.460999995470047,0.4620000123977661,0.46299999952316284,0.46299999952316284,0.46399998664855957,0.46399998664855957,0.4699999988079071,0.4790000021457672,0.4819999933242798,0.4819999933242798,0.4819999933242798,0.48100000619888306,0.44999998807907104,0.44999998807907104,...,47.0,47.0,47.0,47.0,47.0,47.0,47.0,47.0,47.0,47.0,47.0,47.0,47.0,47.0,47.0,47.0,47.0,47.0,47.0,47.0,47.0,47.0,47.0,47.0,47.0,47.0,47.0,47.0,47.0,47.0,47.0,47.0,47.0,47.0,47.0,47.0,47.0,47.0,47.0,47.0,47.0,47.0,47.0,47.0,47.0,47.0,47.0,47.0,47.0,47.0,47.0,47.0,47.0,47.0,47.0,47.0,47.0,47.0,47.0,47.0,47.0,47.0,47.0,47.0,47.0,47.0,47.0,47.0,47.0,47.0,47.0,47.0,47.0,47.0,47.0,47.0,47.0,47.0,47.0,47.0,47.0,47.0,47.0,47.0,47.0,47.0,47.0,47.0,47.0,47.0,47.0,47.0,47.0,47.0,47.0,47.0,47.0,47.0,47.0,47.0,47.0,47.0,47.0,47.0,47.0,47.0,47.0,47.0,47.0,47.0,47.0,47.0,47.0,47.0,47.0,47.0,47.0,47.0,47.0,47.0,47.0,47.0,47.0,47.0,47.0,47.0,47.0,47.0,...
1763031922,588326956,laser,-3.1241390705108643,3.1415927410125732,0.0034828970674425364,5.359629722079262e-05,0.09641973674297333,0.15000000596046448,16.0,0.4359999895095825,0.4359999895095825,0.4359999895095825,0.4359999895095825,0.4359999895095825,0.4359999895095825,0.4359999895095825,0.4359999895095825,0.4359999895095825,0.4359999895095825,0.4359999895095825,0.4359999895095825,0.4359999895095825,0.4359999895095825,0.4359999895095825,0.4359999895095825,0.4359999895095825,0.4359999895095825,0.4359999895095825,0.4359999895095825,0.4359999895095825,0.4359999895095825,0.4359999895095825,0.4359999895095825,0.4359999895095825,0.4359999895095825,0.4359999895095825,0.4359999895095825,0.4359999895095825,0.4359999895095825,0.4359999895095825,0.4359999895095825,0.4359999895095825,0.4359999895095825,0.43700000643730164,0.43700000643730164,0.4359999895095825,0.43700000643730164,0.43700000643730164,0.43700000643730164,0.43700000643730164,0.43700000643730164,0.43700000643730164,0.43799999356269836,0.43700000643730164,0.43700000643730164,0.43799999356269836,0.43799999356269836,0.43799999356269836,0.4390000104904175,0.4390000104904175,0.4390000104904175,0.4390000104904175,0.4390000104904175,0.4390000104904175,0.4390000104904175,0.4399999976158142,0.4399999976158142,0.4399999976158142,0.4399999976158142,0.4410000145435333,0.4410000145435333,0.44200000166893005,0.44200000166893005,0.44200000166893005,0.44200000166893005,0.44200000166893005,0.4429999887943268,0.4429999887943268,0.4429999887943268,0.4429999887943268,0.4429999887943268,0.4440000057220459,0.4440000057220459,0.4449999928474426,0.4449999928474426,0.4449999928474426,0.4449999928474426,0.4449999928474426,0.44600000977516174,0.44600000977516174,0.44699999690055847,0.44699999690055847,0.44699999690055847,0.4480000138282776,0.4480000138282776,0.4480000138282776,0.4490000009536743,0.4490000009536743,0.44999998807907104,0.44999998807907104,0.44999998807907104,0.45100000500679016,0.45100000500679016,0.4519999921321869,0.4519999921321869,0.453000009059906,0.453000009059906,0.453000009059906,0.45399999618530273,0.45500001311302185,0.45500001311302185,0.4560000002384186,0.4560000002384186,0.4560000002384186,0.4560000002384186,0.4569999873638153,0.4580000042915344,0.4580000042915344,0.4580000042915344,0.45899999141693115,0.46000000834465027,0.46000000834465027,0.460999995470047,0.4620000123977661,0.4620000123977661,0.46299999952316284,0.46299999952316284,0.46399998664855957,0.4650000035762787,0.4650000035762787,0.48500001430511475,0.48500001430511475,0.48500001430511475,0.48500001430511475,0.48500001430511475,0.47999998927116394,0.4729999899864197,...,47.0,47.0,47.0,47.0,47.0,47.0,47.0,47.0,47.0,47.0,47.0,47.0,47.0,47.0,47.0,47.0,47.0,47.0,47.0,47.0,47.0,47.0,47.0,47.0,47.0,47.0,47.0,47.0,47.0,47.0,47.0,47.0,47.0,47.0,47.0,47.0,47.0,47.0,47.0,47.0,47.0,47.0,47.0,47.0,47.0,47.0,47.0,47.0,47.0,47.0,47.0,47.0,47.0,47.0,47.0,47.0,47.0,47.0,47.0,47.0,47.0,47.0,47.0,47.0,47.0,47.0,47.0,47.0,47.0,47.0,47.0,47.0,47.0,47.0,47.0,47.0,47.0,47.0,47.0,47.0,47.0,47.0,47.0,47.0,47.0,47.0,47.0,47.0,47.0,47.0,47.0,47.0,47.0,47.0,47.0,47.0,47.0,47.0,47.0,47.0,47.0,47.0,47.0,47.0,47.0,47.0,47.0,47.0,47.0,47.0,47.0,47.0,47.0,47.0,47.0,47.0,47.0,47.0,47.0,47.0,47.0,47.0,47.0,47.0,47.0,47.0,47.0,47.0,...
1763031922,686480278,laser,-3.1241390705108643,3.1415927410125732,0.0034828970674425364,5.364506796468049e-05,0.0965074747800827,0.15000000596046448,16.0,0.4359999895095825,0.4359999895095825,0.4359999895095825,0.4359999895095825,0.4359999895095825,0.4359999895095825,0.4359999895095825,0.4359999895095825,0.4359999895095825,0.4359999895095825,0.4359999895095825,0.4359999895095825,0.4359999895095825,0.4359999895095825,0.4359999895095825,0.4359999895095825,0.4359999895095825,0.4359999895095825,0.4359999895095825,0.4359999895095825,0.4350000023841858,0.4359999895095825,0.4359999895095825,0.4359999895095825,0.4359999895095825,0.4359999895095825,0.4359999895095825,0.4359999895095825,0.4359999895095825,0.4359999895095825,0.4359999895095825,0.4359999895095825,0.4359999895095825,0.43700000643730164,0.43700000643730164,0.43700000643730164,0.4359999895095825,0.43700000643730164,0.43700000643730164,0.43700000643730164,0.43700000643730164,0.43700000643730164,0.43700000643730164,0.43799999356269836,0.43700000643730164,0.43799999356269836,0.43799999356269836,0.43799999356269836,0.43799999356269836,0.43799999356269836,0.4390000104904175,0.43799999356269836,0.4390000104904175,0.4390000104904175,0.4390000104904175,0.4390000104904175,0.4399999976158142,0.4399999976158142,0.4399999976158142,0.4410000145435333,0.4410000145435333,0.4410000145435333,0.4410000145435333,0.44200000166893005,0.44200000166893005,0.44200000166893005,0.4429999887943268,0.4429999887943268,0.4429999887943268,0.4429999887943268,0.4429999887943268,0.4440000057220459,0.4440000057220459,0.4440000057220459,0.4440000057220459,0.4449999928474426,0.4449999928474426,0.4449999928474426,0.44600000977516174,0.44600000977516174,0.44600000977516174,0.44600000977516174,0.44699999690055847,0.44699999690055847,0.44699999690055847,0.4480000138282776,0.4480000138282776,0.4490000009536743,0.4490000009536743,0.4490000009536743,0.44999998807907104,0.45100000500679016,0.45100000500679016,0.45100000500679016,0.4519999921321869,0.4519999921321869,0.453000009059906,0.453000009059906,0.45399999618530273,0.45399999618530273,0.45399999618530273,0.45500001311302185,0.45500001311302185,0.4560000002384186,0.4560000002384186,0.4560000002384186,0.4569999873638153,0.4569999873638153,0.4580000042915344,0.45899999141693115,0.46000000834465027,0.46000000834465027,0.46000000834465027,0.460999995470047,0.4620000123977661,0.4620000123977661,0.46299999952316284,0.46299999952316284,0.46299999952316284,0.46399998664855957,0.48399999737739563,0.48399999737739563,0.48399999737739563,0.48399999737739563,0.48500001430511475,0.47999998927116394,0.4749999940395355,0.4429999887943268,...,47.0,47.0,47.0,47.0,47.0,47.0,47.0,47.0,47.0,47.0,47.0,47.0,47.0,47.0,47.0,47.0,47.0,47.0,47.0,47.0,47.0,47.0,47.0,47.0,47.0,47.0,47.0,47.0,47.0,47.0,47.0,47.0,47.0,47.0,47.0,47.0,47.0,47.0,47.0,47.0,47.0,47.0,47.0,47.0,47.0,47.0,47.0,47.0,47.0,47.0,47.0,47.0,47.0,47.0,47.0,47.0,47.0,47.0,47.0,47.0,47.0,47.0,47.0,47.0,47.0,47.0,47.0,47.0,47.0,47.0,47.0,47.0,47.0,47.0,47.0,47.0,47.0,47.0,47.0,47.0,47.0,47.0,47.0,47.0,47.0,47.0,47.0,47.0,47.0,47.0,47.0,47.0,47.0,47.0,47.0,47.0,47.0,47.0,47.0,47.0,47.0,47.0,47.0,47.0,47.0,47.0,47.0,47.0,47.0,47.0,47.0,47.0,47.0,47.0,47.0,47.0,47.0,47.0,47.0,47.0,47.0,47.0,47.0,47.0,47.0,47.0,47.0,47.0,...
1763031922,784883170,laser,-3.1241390705108643,3.1415927410125732,0.0034828970674425364,5.3590574680129066e-05,0.09640944749116898,0.15000000596046448,16.0,0.4359999895095825,0.4359999895095825,0.4359999895095825,0.4359999895095825,0.4359999895095825,0.4359999895095825,0.4359999895095825,0.4359999895095825,0.4359999895095825,0.4359999895095825,0.4359999895095825,0.4359999895095825,0.4359999895095825,0.4359999895095825,0.4359999895095825,0.4359999895095825,0.4359999895095825,0.4359999895095825,0.4359999895095825,0.4350000023841858,0.4350000023841858,0.4359999895095825,0.4359999895095825,0.4359999895095825,0.4359999895095825,0.4359999895095825,0.4359999895095825,0.4359999895095825,0.4359999895095825,0.4359999895095825,0.4359999895095825,0.4359999895095825,0.4359999895095825,0.4359999895095825,0.4359999895095825,0.4359999895095825,0.4359999895095825,0.4359999895095825,0.43700000643730164,0.43700000643730164,0.43700000643730164,0.43700000643730164,0.43700000643730164,0.43700000643730164,0.43700000643730164,0.43799999356269836,0.43799999356269836,0.43799999356269836,0.43799999356269836,0.4390000104904175,0.4390000104904175,0.4390000104904175,0.4390000104904175,0.4390000104904175,0.4390000104904175,0.4399999976158142,0.4399999976158142,0.4399999976158142,0.4399999976158142,0.4410000145435333,0.4410000145435333,0.4410000145435333,0.4410000145435333,0.4410000145435333,0.44200000166893005,0.44200000166893005,0.44200000166893005,0.4429999887943268,0.4429999887943268,0.4429999887943268,0.4429999887943268,0.4429999887943268,0.4440000057220459,0.4440000057220459,0.4440000057220459,0.4449999928474426,0.4449999928474426,0.4449999928474426,0.4449999928474426,0.44600000977516174,0.44600000977516174,0.44699999690055847,0.44699999690055847,0.44699999690055847,0.4480000138282776,0.4480000138282776,0.4490000009536743,0.4490000009536743,0.4490000009536743,0.4490000009536743,0.44999998807907104,0.45100000500679016,0.45100000500679016,0.45100000500679016,0.4519999921321869,0.4519999921321869,0.4519999921321869,0.453000009059906,0.453000009059906,0.45399999618530273,0.45500001311302185,0.45500001311302185,0.45500001311302185,0.4560000002384186,0.4560000002384186,0.4560000002384186,0.4569999873638153,0.4569999873638153,0.4580000042915344,0.4580000042915344,0.45899999141693115,0.46000000834465027,0.46000000834465027,0.46000000834465027,0.460999995470047,0.4620000123977661,0.46299999952316284,0.46299999952316284,0.46399998664855957,0.46399998664855957,0.4690000116825104,0.4779999852180481,0.4779999852180481,0.4819999933242798,0.4819999933242798,0.4819999933242798,0.4429999887943268,0.4429999887943268,...,47.0,47.0,47.0,47.0,47.0,47.0,47.0,47.0,47.0,47.0,47.0,47.0,47.0,47.0,47.0,47.0,47.0,47.0,47.0,47.0,47.0,47.0,47.0,47.0,47.0,47.0,47.0,47.0,47.0,47.0,47.0,47.0,47.0,47.0,47.0,47.0,47.0,47.0,47.0,47.0,47.0,47.0,47.0,47.0,47.0,47.0,47.0,47.0,47.0,47.0,47.0,47.0,47.0,47.0,47.0,47.0,47.0,47.0,47.0,47.0,47.0,47.0,47.0,47.0,47.0,47.0,47.0,47.0,47.0,47.0,47.0,47.0,47.0,47.0,47.0,47.0,47.0,47.0,47.0,47.0,47.0,47.0,47.0,47.0,47.0,47.0,47.0,47.0,47.0,47.0,47.0,47.0,47.0,47.0,47.0,47.0,47.0,47.0,47.0,47.0,47.0,47.0,47.0,47.0,47.0,47.0,47.0,47.0,47.0,47.0,47.0,47.0,47.0,47.0,47.0,47.0,47.0,47.0,47.0,47.0,47.0,47.0,47.0,47.0,47.0,47.0,47.0,47.0,...
1763031922,882930773,laser,-3.1241390705108643,3.1415927410125732,0.0034828970674425364,5.375908949645236e-05,0.09671259671449661,0.15000000596046448,16.0,0.4359999895095825,0.4359999895095825,0.4359999895095825,0.4359999895095825,0.4359999895095825,0.4359999895095825,0.4359999895095825,0.4359999895095825,0.4359999895095825,0.4359999895095825,0.4359999895095825,0.4359999895095825,0.4359999895095825,0.4359999895095825,0.4359999895095825,0.4359999895095825,0.4359999895095825,0.4359999895095825,0.4359999895095825,0.4359999895095825,0.4359999895095825,0.4359999895095825,0.4359999895095825,0.4359999895095825,0.4359999895095825,0.4359999895095825,0.4359999895095825,0.4359999895095825,0.4359999895095825,0.4359999895095825,0.4359999895095825,0.4359999895095825,0.4359999895095825,0.43700000643730164,0.43700000643730164,0.43700000643730164,0.4359999895095825,0.43700000643730164,0.43700000643730164,0.43700000643730164,0.43700000643730164,0.43700000643730164,0.43700000643730164,0.43799999356269836,0.43700000643730164,0.43799999356269836,0.43799999356269836,0.43799999356269836,0.43799999356269836,0.43799999356269836,0.4390000104904175,0.4390000104904175,0.4390000104904175,0.4390000104904175,0.4390000104904175,0.4390000104904175,0.4399999976158142,0.4399999976158142,0.4399999976158142,0.4410000145435333,0.4410000145435333,0.4410000145435333,0.4410000145435333,0.44200000166893005,0.44200000166893005,0.44200000166893005,0.44200000166893005,0.4429999887943268,0.4429999887943268,0.4429999887943268,0.4429999887943268,0.4440000057220459,0.4440000057220459,0.4440000057220459,0.4440000057220459,0.4449999928474426,0.4449999928474426,0.4449999928474426,0.44600000977516174,0.44600000977516174,0.44600000977516174,0.44600000977516174,0.44699999690055847,0.44699999690055847,0.4480000138282776,0.4480000138282776,0.4480000138282776,0.4490000009536743,0.4490000009536743,0.4490000009536743,0.44999998807907104,0.45100000500679016,0.45100000500679016,0.45100000500679016,0.4519999921321869,0.4519999921321869,0.453000009059906,0.45399999618530273,0.453000009059906,0.45399999618530273,0.45399999618530273,0.45500001311302185,0.45500001311302185,0.4560000002384186,0.4560000002384186,0.4560000002384186,0.4569999873638153,0.4569999873638153,0.4580000042915344,0.45899999141693115,0.46000000834465027,0.46000000834465027,0.46000000834465027,0.460999995470047,0.460999995470047,0.4620000123977661,0.46299999952316284,0.46299999952316284,0.46299999952316284,0.46399998664855957,0.48399999737739563,0.48399999737739563,0.48399999737739563,0.48399999737739563,0.4860000014305115,0.4819999933242798,0.47699999809265137,0.4659999907016754,...,47.0,47.0,47.0,47.0,47.0,47.0,47.0,47.0,47.0,47.0,47.0,47.0,47.0,47.0,47.0,47.0,47.0,47.0,47.0,47.0,47.0,47.0,47.0,47.0,47.0,47.0,47.0,47.0,47.0,47.0,47.0,47.0,47.0,47.0,47.0,47.0,47.0,47.0,47.0,47.0,47.0,47.0,47.0,47.0,47.0,47.0,47.0,47.0,47.0,47.0,47.0,47.0,47.0,47.0,47.0,47.0,47.0,47.0,47.0,47.0,47.0,47.0,47.0,47.0,47.0,47.0,47.0,47.0,47.0,47.0,47.0,47.0,47.0,47.0,47.0,47.0,47.0,47.0,47.0,47.0,47.0,47.0,47.0,47.0,47.0,47.0,47.0,47.0,47.0,47.0,47.0,47.0,47.0,47.0,47.0,47.0,47.0,47.0,47.0,47.0,47.0,47.0,47.0,47.0,47.0,47.0,47.0,47.0,47.0,47.0,47.0,47.0,47.0,47.0,47.0,47.0,47.0,47.0,47.0,47.0,47.0,47.0,47.0,47.0,47.0,47.0,47.0,47.0,...
1763031922,981055286,laser,-3.1241390705108643,3.1415927410125732,0.0034828970674425364,5.378750938689336e-05,0.0967637300491333,0.15000000596046448,16.0,0.4359999895095825,0.4359999895095825,0.4359999895095825,0.4359999895095825,0.4359999895095825,0.4359999895095825,0.4359999895095825,0.4359999895095825,0.4359999895095825,0.4359999895095825,0.4359999895095825,0.4359999895095825,0.4359999895095825,0.4359999895095825,0.4359999895095825,0.4359999895095825,0.4359999895095825,0.4359999895095825,0.4359999895095825,0.4359999895095825,0.4350000023841858,0.4359999895095825,0.4359999895095825,0.4359999895095825,0.4359999895095825,0.4359999895095825,0.4359999895095825,0.4359999895095825,0.4359999895095825,0.4359999895095825,0.4359999895095825,0.4359999895095825,0.4359999895095825,0.4359999895095825,0.43700000643730164,0.43700000643730164,0.43700000643730164,0.4359999895095825,0.43700000643730164,0.43700000643730164,0.43700000643730164,0.43700000643730164,0.43700000643730164,0.43700000643730164,0.43700000643730164,0.43700000643730164,0.43700000643730164,0.43799999356269836,0.43799999356269836,0.4390000104904175,0.4390000104904175,0.4390000104904175,0.4390000104904175,0.4390000104904175,0.4390000104904175,0.4399999976158142,0.4399999976158142,0.4399999976158142,0.4399999976158142,0.4410000145435333,0.4410000145435333,0.4410000145435333,0.4410000145435333,0.44200000166893005,0.44200000166893005,0.44200000166893005,0.44200000166893005,0.4429999887943268,0.4429999887943268,0.4429999887943268,0.4429999887943268,0.4429999887943268,0.4440000057220459,0.4440000057220459,0.4449999928474426,0.4449999928474426,0.4449999928474426,0.4449999928474426,0.4449999928474426,0.44600000977516174,0.44600000977516174,0.44699999690055847,0.44699999690055847,0.44699999690055847,0.4480000138282776,0.4480000138282776,0.4490000009536743,0.4490000009536743,0.4490000009536743,0.4490000009536743,0.44999998807907104,0.45100000500679016,0.45100000500679016,0.4519999921321869,0.4519999921321869,0.4519999921321869,0.453000009059906,0.453000009059906,0.453000009059906,0.45399999618530273,0.45500001311302185,0.45500001311302185,0.45500001311302185,0.4560000002384186,0.4560000002384186,0.4569999873638153,0.4569999873638153,0.4569999873638153,0.4580000042915344,0.45899999141693115,0.46000000834465027,0.46000000834465027,0.46000000834465027,0.46000000834465027,0.460999995470047,0.4620000123977661,0.46299999952316284,0.46299999952316284,0.46399998664855957,0.46399998664855957,0.47200000286102295,0.4830000102519989,0.4830000102519989,0.4830000102519989,0.4860000014305115,0.4819999933242798,0.45100000500679016,0.45100000500679016,...,47.0,47.0,47.0,47.0,47.0,47.0,47.0,47.0,47.0,47.0,47.0,47.0,47.0,47.0,47.0,47.0,47.0,47.0,47.0,47.0,47.0,47.0,47.0,47.0,47.0,47.0,47.0,47.0,47.0,47.0,47.0,47.0,47.0,47.0,47.0,47.0,47.0,47.0,47.0,47.0,47.0,47.0,47.0,47.0,47.0,47.0,47.0,47.0,47.0,47.0,47.0,47.0,47.0,47.0,47.0,47.0,47.0,47.0,47.0,47.0,47.0,47.0,47.0,47.0,47.0,47.0,47.0,47.0,47.0,47.0,47.0,47.0,47.0,47.0,47.0,47.0,47.0,47.0,47.0,47.0,47.0,47.0,47.0,47.0,47.0,47.0,47.0,47.0,47.0,47.0,47.0,47.0,47.0,47.0,47.0,47.0,47.0,47.0,47.0,47.0,47.0,47.0,47.0,47.0,47.0,47.0,47.0,47.0,47.0,47.0,47.0,47.0,47.0,47.0,47.0,47.0,47.0,47.0,47.0,47.0,47.0,47.0,47.0,47.0,47.0,47.0,47.0,47.0,...
1763031923,79665208,laser,-3.1241390705108643,3.1415927410125732,0.0034828970674425364,5.3588173614116386e-05,0.09640512615442276,0.15000000596046448,16.0,0.4359999895095825,0.4359999895095825,0.4359999895095825,0.4359999895095825,0.4359999895095825,0.4359999895095825,0.4359999895095825,0.4359999895095825,0.4359999895095825,0.4359999895095825,0.4359999895095825,0.4359999895095825,0.4359999895095825,0.4359999895095825,0.4359999895095825,0.4359999895095825,0.4359999895095825,0.4359999895095825,0.4359999895095825,0.4359999895095825,0.4359999895095825,0.4359999895095825,0.4359999895095825,0.4359999895095825,0.4359999895095825,0.4359999895095825,0.4359999895095825,0.4359999895095825,0.4359999895095825,0.4359999895095825,0.4359999895095825,0.4359999895095825,0.4359999895095825,0.4359999895095825,0.43700000643730164,0.43700000643730164,0.43700000643730164,0.43700000643730164,0.43700000643730164,0.43700000643730164,0.43700000643730164,0.43700000643730164,0.43700000643730164,0.43799999356269836,0.43799999356269836,0.43700000643730164,0.43799999356269836,0.43799999356269836,0.43799999356269836,0.43799999356269836,0.4390000104904175,0.4390000104904175,0.4390000104904175,0.4390000104904175,0.4390000104904175,0.4390000104904175,0.4399999976158142,0.4399999976158142,0.4399999976158142,0.4399999976158142,0.4410000145435333,0.4410000145435333,0.44200000166893005,0.44200000166893005,0.44200000166893005,0.44200000166893005,0.44200000166893005,0.4429999887943268,0.4429999887943268,0.4429999887943268,0.4429999887943268,0.4429999887943268,0.4429999887943268,0.4440000057220459,0.4449999928474426,0.4449999928474426,0.4449999928474426,0.4449999928474426,0.4449999928474426,0.44600000977516174,0.44600000977516174,0.44699999690055847,0.44699999690055847,0.44699999690055847,0.44699999690055847,0.4480000138282776,0.4480000138282776,0.4490000009536743,0.4490000009536743,0.4490000009536743,0.44999998807907104,0.44999998807907104,0.45100000500679016,0.45100000500679016,0.4519999921321869,0.453000009059906,0.453000009059906,0.453000009059906,0.453000009059906,0.45399999618530273,0.45500001311302185,0.45500001311302185,0.45500001311302185,0.4560000002384186,0.4560000002384186,0.4560000002384186,0.4569999873638153,0.4580000042915344,0.4580000042915344,0.4580000042915344,0.45899999141693115,0.46000000834465027,0.46000000834465027,0.460999995470047,0.460999995470047,0.4620000123977661,0.46299999952316284,0.46299999952316284,0.46399998664855957,0.46399998664855957,0.4650000035762787,0.48100000619888306,0.48100000619888306,0.48100000619888306,0.48100000619888306,0.48100000619888306,0.4429999887943268,0.4429999887943268,...,47.0,47.0,47.0,47.0,47.0,47.0,47.0,47.0,47.0,47.0,47.0,47.0,47.0,47.0,47.0,47.0,47.0,47.0,47.0,47.0,47.0,47.0,47.0,47.0,47.0,47.0,47.0,47.0,47.0,47.0,47.0,47.0,47.0,47.0,47.0,47.0,47.0,47.0,47.0,47.0,47.0,47.0,47.0,47.0,47.0,47.0,47.0,47.0,47.0,47.0,47.0,47.0,47.0,47.0,47.0,47.0,47.0,47.0,47.0,47.0,47.0,47.0,47.0,47.0,47.0,47.0,47.0,47.0,47.0,47.0,47.0,47.0,47.0,47.0,47.0,47.0,47.0,47.0,47.0,47.0,47.0,47.0,47.0,47.0,47.0,47.0,47.0,47.0,47.0,47.0,47.0,47.0,47.0,47.0,47.0,47.0,47.0,47.0,47.0,47.0,47.0,47.0,47.0,47.0,47.0,47.0,47.0,47.0,47.0,47.0,47.0,47.0,47.0,47.0,47.0,47.0,47.0,47.0,47.0,47.0,47.0,47.0,47.0,47.0,47.0,47.0,47.0,47.0,...
1763031923,177722219,laser,-3.1241390705108643,3.1415927410125732,0.0034828970674425364,5.374315878725611e-05,0.09668394178152084,0.15000000596046448,16.0,0.4359999895095825,0.4359999895095825,0.4359999895095825,0.4359999895095825,0.4359999895095825,0.4359999895095825,0.4359999895095825,0.4359999895095825,0.4359999895095825,0.4359999895095825,0.4359999895095825,0.4359999895095825,0.4359999895095825,0.4359999895095825,0.4359999895095825,0.4359999895095825,0.4359999895095825,0.4359999895095825,0.4359999895095825,0.4359999895095825,0.4359999895095825,0.4359999895095825,0.4359999895095825,0.4359999895095825,0.4359999895095825,0.4359999895095825,0.4359999895095825,0.4359999895095825,0.4359999895095825,0.4359999895095825,0.4359999895095825,0.4359999895095825,0.4359999895095825,0.4359999895095825,0.4359999895095825,0.4359999895095825,0.4359999895095825,0.43700000643730164,0.43700000643730164,0.43700000643730164,0.43700000643730164,0.43700000643730164,0.43700000643730164,0.43700000643730164,0.43799999356269836,0.43799999356269836,0.43799999356269836,0.43799999356269836,0.43799999356269836,0.43799999356269836,0.43799999356269836,0.4390000104904175,0.4390000104904175,0.4390000104904175,0.4390000104904175,0.4399999976158142,0.4399999976158142,0.4399999976158142,0.4399999976158142,0.4410000145435333,0.4410000145435333,0.4410000145435333,0.4410000145435333,0.44200000166893005,0.44200000166893005,0.44200000166893005,0.44200000166893005,0.4429999887943268,0.4429999887943268,0.4429999887943268,0.4429999887943268,0.4429999887943268,0.4440000057220459,0.4440000057220459,0.4449999928474426,0.4449999928474426,0.4449999928474426,0.4449999928474426,0.4449999928474426,0.44600000977516174,0.44600000977516174,0.44699999690055847,0.44699999690055847,0.44699999690055847,0.4480000138282776,0.4480000138282776,0.4490000009536743,0.4490000009536743,0.4490000009536743,0.4490000009536743,0.44999998807907104,0.44999998807907104,0.45100000500679016,0.45100000500679016,0.4519999921321869,0.4519999921321869,0.453000009059906,0.453000009059906,0.453000009059906,0.45399999618530273,0.45500001311302185,0.45500001311302185,0.45500001311302185,0.4560000002384186,0.4560000002384186,0.4560000002384186,0.4569999873638153,0.4569999873638153,0.4580000042915344,0.4580000042915344,0.45899999141693115,0.46000000834465027,0.46000000834465027,0.460999995470047,0.460999995470047,0.4620000123977661,0.46299999952316284,0.46299999952316284,0.46399998664855957,0.46399998664855957,0.4650000035762787,0.4699999988079071,0.48100000619888306,0.48500001430511475,0.48500001430511475,0.48399999737739563,0.4399999976158142,0.4399999976158142,...,47.0,47.0,47.0,47.0,47.0,47.0,47.0,47.0,47.0,47.0,47.0,47.0,47.0,47.0,47.0,47.0,47.0,47.0,47.0,47.0,47.0,47.0,47.0,47.0,47.0,47.0,47.0,47.0,47.0,47.0,47.0,47.0,47.0,47.0,47.0,47.0,47.0,47.0,47.0,47.0,47.0,47.0,47.0,47.0,47.0,47.0,47.0,47.0,47.0,47.0,47.0,47.0,47.0,47.0,47.0,47.0,47.0,47.0,47.0,47.0,47.0,47.0,47.0,47.0,47.0,47.0,47.0,47.0,47.0,47.0,47.0,47.0,47.0,47.0,47.0,47.0,47.0,47.0,47.0,47.0,47.0,47.0,47.0,47.0,47.0,47.0,47.0,47.0,47.0,47.0,47.0,47.0,47.0,47.0,47.0,47.0,47.0,47.0,47.0,47.0,47.0,47.0,47.0,47.0,47.0,47.0,47.0,47.0,47.0,47.0,47.0,47.0,47.0,47.0,47.0,47.0,47.0,47.0,47.0,47.0,47.0,47.0,47.0,47.0,47.0,47.0,47.0,47.0,...
1763031923,275927128,laser,-3.1241390705108643,3.1415927410125732,0.0034828970674425364,5.3719191782874987e-05,0.09664082527160645,0.15000000596046448,16.0,0.4359999895095825,0.4359999895095825,0.4359999895095825,0.4359999895095825,0.4359999895095825,0.4359999895095825,0.4359999895095825,0.4359999895095825,0.4359999895095825,0.4359999895095825,0.4359999895095825,0.4359999895095825,0.4359999895095825,0.4359999895095825,0.4359999895095825,0.4359999895095825,0.4359999895095825,0.4359999895095825,0.4359999895095825,0.4359999895095825,0.4359999895095825,0.4359999895095825,0.4359999895095825,0.4359999895095825,0.4359999895095825,0.4359999895095825,0.4359999895095825,0.4359999895095825,0.4359999895095825,0.4359999895095825,0.4359999895095825,0.4359999895095825,0.4359999895095825,0.4359999895095825,0.4359999895095825,0.4359999895095825,0.4359999895095825,0.43700000643730164,0.43700000643730164,0.43700000643730164,0.43700000643730164,0.43700000643730164,0.43700000643730164,0.43799999356269836,0.43799999356269836,0.43799999356269836,0.43799999356269836,0.43700000643730164,0.43700000643730164,0.43799999356269836,0.4390000104904175,0.4390000104904175,0.4390000104904175,0.4390000104904175,0.4390000104904175,0.4390000104904175,0.4399999976158142,0.4399999976158142,0.4399999976158142,0.4410000145435333,0.4410000145435333,0.4410000145435333,0.4410000145435333,0.44200000166893005,0.44200000166893005,0.44200000166893005,0.4429999887943268,0.4429999887943268,0.4429999887943268,0.4429999887943268,0.4429999887943268,0.4440000057220459,0.4440000057220459,0.4440000057220459,0.4440000057220459,0.4449999928474426,0.4449999928474426,0.44600000977516174,0.44600000977516174,0.44600000977516174,0.44600000977516174,0.44600000977516174,0.44699999690055847,0.44699999690055847,0.4480000138282776,0.4480000138282776,0.4480000138282776,0.4490000009536743,0.4490000009536743,0.4490000009536743,0.44999998807907104,0.45100000500679016,0.45100000500679016,0.45100000500679016,0.4519999921321869,0.4519999921321869,0.453000009059906,0.453000009059906,0.453000009059906,0.45399999618530273,0.45399999618530273,0.45500001311302185,0.4560000002384186,0.4560000002384186,0.4560000002384186,0.4560000002384186,0.4569999873638153,0.4569999873638153,0.4580000042915344,0.45899999141693115,0.45899999141693115,0.45899999141693115,0.46000000834465027,0.460999995470047,0.4620000123977661,0.4620000123977661,0.46299999952316284,0.46299999952316284,0.46299999952316284,0.46399998664855957,0.4699999988079071,0.47999998927116394,0.47999998927116394,0.4819999933242798,0.4819999933242798,0.48100000619888306,0.44999998807907104,0.44999998807907104,...,47.0,47.0,47.0,47.0,47.0,47.0,47.0,47.0,47.0,47.0,47.0,47.0,47.0,47.0,47.0,47.0,47.0,47.0,47.0,47.0,47.0,47.0,47.0,47.0,47.0,47.0,47.0,47.0,47.0,47.0,47.0,47.0,47.0,47.0,47.0,47.0,47.0,47.0,47.0,47.0,47.0,47.0,47.0,47.0,47.0,47.0,47.0,47.0,47.0,47.0,47.0,47.0,47.0,47.0,47.0,47.0,47.0,47.0,47.0,47.0,47.0,47.0,47.0,47.0,47.0,47.0,47.0,47.0,47.0,47.0,47.0,47.0,47.0,47.0,47.0,47.0,47.0,47.0,47.0,47.0,47.0,47.0,47.0,47.0,47.0,47.0,47.0,47.0,47.0,47.0,47.0,47.0,47.0,47.0,47.0,47.0,47.0,47.0,47.0,47.0,47.0,47.0,47.0,47.0,47.0,47.0,47.0,47.0,47.0,47.0,47.0,47.0,47.0,47.0,47.0,47.0,47.0,47.0,47.0,47.0,47.0,47.0,47.0,47.0,47.0,47.0,47.0,47.0,...
1763031923,374109538,laser,-3.1241390705108643,3.1415927410125732,0.0034828970674425364,5.372909436118789e-05,0.09665863960981369,0.15000000596046448,16.0,0.4359999895095825,0.4359999895095825,0.4359999895095825,0.4359999895095825,0.4359999895095825,0.4359999895095825,0.4359999895095825,0.4359999895095825,0.4359999895095825,0.4359999895095825,0.4359999895095825,0.4359999895095825,0.4359999895095825,0.4359999895095825,0.4359999895095825,0.4359999895095825,0.4359999895095825,0.4359999895095825,0.4359999895095825,0.4359999895095825,0.4359999895095825,0.4359999895095825,0.4359999895095825,0.4359999895095825,0.4359999895095825,0.4359999895095825,0.4359999895095825,0.4359999895095825,0.4359999895095825,0.4359999895095825,0.4359999895095825,0.4359999895095825,0.4359999895095825,0.4359999895095825,0.4359999895095825,0.4359999895095825,0.4359999895095825,0.43700000643730164,0.43700000643730164,0.43700000643730164,0.43700000643730164,0.43700000643730164,0.43700000643730164,0.43700000643730164,0.43700000643730164,0.43700000643730164,0.43799999356269836,0.43799999356269836,0.43799999356269836,0.4390000104904175,0.4390000104904175,0.4390000104904175,0.4390000104904175,0.4390000104904175,0.4390000104904175,0.4390000104904175,0.4399999976158142,0.4399999976158142,0.4399999976158142,0.4399999976158142,0.4410000145435333,0.4410000145435333,0.44200000166893005,0.44200000166893005,0.44200000166893005,0.44200000166893005,0.44200000166893005,0.4429999887943268,0.4429999887943268,0.4429999887943268,0.4429999887943268,0.4429999887943268,0.4429999887943268,0.4440000057220459,0.4449999928474426,0.4449999928474426,0.4449999928474426,0.44600000977516174,0.44600000977516174,0.44600000977516174,0.44600000977516174,0.44699999690055847,0.44699999690055847,0.44699999690055847,0.4480000138282776,0.4480000138282776,0.4480000138282776,0.4490000009536743,0.4490000009536743,0.44999998807907104,0.44999998807907104,0.44999998807907104,0.45100000500679016,0.45100000500679016,0.4519999921321869,0.4519999921321869,0.453000009059906,0.453000009059906,0.453000009059906,0.45399999618530273,0.45399999618530273,0.45500001311302185,0.4560000002384186,0.4560000002384186,0.4560000002384186,0.4560000002384186,0.4569999873638153,0.4580000042915344,0.4580000042915344,0.4580000042915344,0.45899999141693115,0.46000000834465027,0.46000000834465027,0.460999995470047,0.4620000123977661,0.46299999952316284,0.46299999952316284,0.46299999952316284,0.46299999952316284,0.46399998664855957,0.47099998593330383,0.47099998593330383,0.47999998927116394,0.4830000102519989,0.4830000102519989,0.4830000102519989,0.48100000619888306,0.4749999940395355,...,47.0,47.0,47.0,47.0,47.0,47.0,47.0,47.0,47.0,47.0,47.0,47.0,47.0,47.0,47.0,47.0,47.0,47.0,47.0,47.0,47.0,47.0,47.0,47.0,47.0,47.0,47.0,47.0,47.0,47.0,47.0,47.0,47.0,47.0,47.0,47.0,47.0,47.0,47.0,47.0,47.0,47.0,47.0,47.0,47.0,47.0,47.0,47.0,47.0,47.0,47.0,47.0,47.0,47.0,47.0,47.0,47.0,47.0,47.0,47.0,47.0,47.0,47.0,47.0,47.0,47.0,47.0,47.0,47.0,47.0,47.0,47.0,47.0,47.0,47.0,47.0,47.0,47.0,47.0,47.0,47.0,47.0,47.0,47.0,47.0,47.0,47.0,47.0,47.0,47.0,47.0,47.0,47.0,47.0,47.0,47.0,47.0,47.0,47.0,47.0,47.0,47.0,47.0,47.0,47.0,47.0,47.0,47.0,47.0,47.0,47.0,47.0,47.0,47.0,47.0,47.0,47.0,47.0,47.0,47.0,47.0,47.0,47.0,47.0,47.0,47.0,47.0,0.0,...
1763031923,471615885,laser,-3.1241390705108643,3.1415927410125732,0.0034828970674425364,5.417065040091984e-05,0.09745300561189651,0.15000000596046448,16.0,0.4359999895095825,0.4359999895095825,0.4359999895095825,0.4359999895095825,0.4359999895095825,0.4359999895095825,0.4359999895095825,0.4359999895095825,0.4359999895095825,0.4359999895095825,0.4359999895095825,0.4359999895095825,0.4359999895095825,0.4359999895095825,0.4359999895095825,0.4359999895095825,0.4359999895095825,0.4359999895095825,0.4359999895095825,0.4359999895095825,0.4359999895095825,0.4359999895095825,0.4359999895095825,0.4359999895095825,0.4359999895095825,0.4359999895095825,0.4359999895095825,0.4359999895095825,0.4359999895095825,0.4359999895095825,0.4359999895095825,0.4359999895095825,0.4359999895095825,0.4359999895095825,0.4359999895095825,0.4359999895095825,0.4359999895095825,0.43700000643730164,0.43700000643730164,0.43700000643730164,0.43700000643730164,0.43700000643730164,0.43700000643730164,0.43700000643730164,0.43700000643730164,0.43700000643730164,0.43799999356269836,0.43799999356269836,0.43799999356269836,0.4390000104904175,0.4390000104904175,0.4390000104904175,0.4390000104904175,0.4390000104904175,0.4390000104904175,0.4390000104904175,0.4399999976158142,0.4399999976158142,0.4399999976158142,0.4399999976158142,0.4410000145435333,0.4410000145435333,0.44200000166893005,0.44200000166893005,0.44200000166893005,0.44200000166893005,0.44200000166893005,0.4429999887943268,0.4429999887943268,0.4429999887943268,0.4429999887943268,0.4429999887943268,0.4429999887943268,0.4440000057220459,0.4449999928474426,0.4449999928474426,0.4449999928474426,0.44600000977516174,0.44600000977516174,0.44600000977516174,0.44600000977516174,0.44699999690055847,0.44699999690055847,0.44699999690055847,0.4480000138282776,0.4480000138282776,0.4480000138282776,0.4490000009536743,0.4490000009536743,0.44999998807907104,0.44999998807907104,0.44999998807907104,0.45100000500679016,0.45100000500679016,0.4519999921321869,0.4519999921321869,0.453000009059906,0.453000009059906,0.453000009059906,0.45399999618530273,0.45399999618530273,0.45500001311302185,0.4560000002384186,0.4560000002384186,0.4560000002384186,0.4560000002384186,0.4569999873638153,0.4569999873638153,0.4580000042915344,0.45899999141693115,0.45899999141693115,0.46000000834465027,0.46000000834465027,0.460999995470047,0.4620000123977661,0.46299999952316284,0.46299999952316284,0.46299999952316284,0.46399998664855957,0.4650000035762787,0.47099998593330383,0.47099998593330383,0.47999998927116394,0.47999998927116394,0.4830000102519989,0.4830000102519989,0.48100000619888306,0.4749999940395355,...,47.0,47.0,47.0,47.0,47.0,47.0,47.0,47.0,47.0,47.0,47.0,47.0,47.0,47.0,47.0,47.0,47.0,47.0,47.0,47.0,47.0,47.0,47.0,47.0,47.0,47.0,47.0,47.0,47.0,47.0,47.0,47.0,47.0,47.0,47.0,47.0,47.0,47.0,47.0,47.0,47.0,47.0,47.0,47.0,47.0,47.0,47.0,47.0,47.0,47.0,47.0,47.0,47.0,47.0,47.0,47.0,47.0,47.0,47.0,47.0,47.0,47.0,47.0,47.0,47.0,47.0,47.0,47.0,47.0,47.0,47.0,47.0,47.0,47.0,47.0,47.0,47.0,47.0,47.0,47.0,47.0,47.0,47.0,47.0,47.0,47.0,47.0,47.0,47.0,47.0,47.0,47.0,47.0,47.0,47.0,47.0,47.0,47.0,47.0,47.0,47.0,47.0,47.0,47.0,47.0,47.0,47.0,47.0,47.0,47.0,47.0,47.0,47.0,47.0,47.0,47.0,47.0,47.0,47.0,47.0,47.0,47.0,47.0,0.0,0.0,0.0,0.0,0.0,...
1763031923,570636885,laser,-3.1241390705108643,3.1415927410125732,0.0034828970674425364,5.3796349675394595e-05,0.09677963703870773,0.15000000596046448,16.0,0.4359999895095825,0.4359999895095825,0.4359999895095825,0.4359999895095825,0.4359999895095825,0.4359999895095825,0.4359999895095825,0.4359999895095825,0.4359999895095825,0.4359999895095825,0.4359999895095825,0.4359999895095825,0.4359999895095825,0.4359999895095825,0.4359999895095825,0.4359999895095825,0.4359999895095825,0.4359999895095825,0.4359999895095825,0.4359999895095825,0.4359999895095825,0.4359999895095825,0.4359999895095825,0.4359999895095825,0.4359999895095825,0.4359999895095825,0.4359999895095825,0.4359999895095825,0.4359999895095825,0.4359999895095825,0.4359999895095825,0.4359999895095825,0.4359999895095825,0.4359999895095825,0.4359999895095825,0.4359999895095825,0.4359999895095825,0.43700000643730164,0.43700000643730164,0.43700000643730164,0.43700000643730164,0.43700000643730164,0.43700000643730164,0.43700000643730164,0.43700000643730164,0.43799999356269836,0.43799999356269836,0.43799999356269836,0.43799999356269836,0.43799999356269836,0.4390000104904175,0.4390000104904175,0.4390000104904175,0.4390000104904175,0.4390000104904175,0.4390000104904175,0.4399999976158142,0.4399999976158142,0.4399999976158142,0.4410000145435333,0.4410000145435333,0.4410000145435333,0.4410000145435333,0.44200000166893005,0.44200000166893005,0.44200000166893005,0.4429999887943268,0.4429999887943268,0.4429999887943268,0.4429999887943268,0.4429999887943268,0.4440000057220459,0.4440000057220459,0.4440000057220459,0.4440000057220459,0.4449999928474426,0.4449999928474426,0.4449999928474426,0.44600000977516174,0.44600000977516174,0.44600000977516174,0.44600000977516174,0.44699999690055847,0.44699999690055847,0.4480000138282776,0.4480000138282776,0.4480000138282776,0.4490000009536743,0.4490000009536743,0.44999998807907104,0.44999998807907104,0.45100000500679016,0.45100000500679016,0.45100000500679016,0.4519999921321869,0.4519999921321869,0.453000009059906,0.453000009059906,0.45399999618530273,0.45399999618530273,0.45399999618530273,0.45500001311302185,0.45500001311302185,0.4560000002384186,0.4560000002384186,0.4560000002384186,0.4569999873638153,0.4569999873638153,0.4580000042915344,0.45899999141693115,0.46000000834465027,0.46000000834465027,0.46000000834465027,0.46000000834465027,0.4620000123977661,0.4620000123977661,0.46299999952316284,0.46399998664855957,0.46399998664855957,0.46399998664855957,0.47099998593330383,0.48100000619888306,0.48100000619888306,0.48100000619888306,0.4819999933242798,0.47999998927116394,0.4490000009536743,0.4490000009536743,...,47.0,47.0,47.0,47.0,47.0,47.0,47.0,47.0,47.0,47.0,47.0,47.0,47.0,47.0,47.0,47.0,47.0,47.0,47.0,47.0,47.0,47.0,47.0,47.0,47.0,47.0,47.0,47.0,47.0,47.0,47.0,47.0,47.0,47.0,47.0,47.0,47.0,47.0,47.0,47.0,47.0,47.0,47.0,47.0,47.0,47.0,47.0,47.0,47.0,47.0,47.0,47.0,47.0,47.0,47.0,47.0,47.0,47.0,47.0,47.0,47.0,47.0,47.0,47.0,47.0,47.0,47.0,47.0,47.0,47.0,47.0,47.0,47.0,47.0,47.0,47.0,47.0,47.0,47.0,47.0,47.0,47.0,47.0,47.0,47.0,47.0,47.0,47.0,47.0,47.0,47.0,47.0,47.0,47.0,47.0,47.0,47.0,47.0,47.0,47.0,47.0,47.0,47.0,47.0,47.0,47.0,47.0,47.0,47.0,47.0,47.0,47.0,47.0,47.0,47.0,47.0,47.0,47.0,0.0,0.0,0.0,0.0,0.0,0.0,0.0,0.0,0.0,0.0,...
1763031923,668914515,laser,-3.1241390705108643,3.1415927410125732,0.0034828970674425364,5.371630686568096e-05,0.09663563221693039,0.15000000596046448,16.0,0.4359999895095825,0.4359999895095825,0.4359999895095825,0.4359999895095825,0.4359999895095825,0.4359999895095825,0.4359999895095825,0.4359999895095825,0.4359999895095825,0.4359999895095825,0.4359999895095825,0.4359999895095825,0.4359999895095825,0.4359999895095825,0.4359999895095825,0.4359999895095825,0.4359999895095825,0.4359999895095825,0.4359999895095825,0.4359999895095825,0.4359999895095825,0.4359999895095825,0.4359999895095825,0.4359999895095825,0.4359999895095825,0.4359999895095825,0.4359999895095825,0.4359999895095825,0.4359999895095825,0.4359999895095825,0.4359999895095825,0.4359999895095825,0.4359999895095825,0.4359999895095825,0.4359999895095825,0.4359999895095825,0.4359999895095825,0.43700000643730164,0.43700000643730164,0.43700000643730164,0.43700000643730164,0.43700000643730164,0.43700000643730164,0.43700000643730164,0.43700000643730164,0.43700000643730164,0.43799999356269836,0.43799999356269836,0.43799999356269836,0.43799999356269836,0.43799999356269836,0.4390000104904175,0.4390000104904175,0.4390000104904175,0.4390000104904175,0.4390000104904175,0.4399999976158142,0.4399999976158142,0.4399999976158142,0.4410000145435333,0.4410000145435333,0.4410000145435333,0.4410000145435333,0.44200000166893005,0.44200000166893005,0.44200000166893005,0.4429999887943268,0.4429999887943268,0.4429999887943268,0.4429999887943268,0.4429999887943268,0.4440000057220459,0.4440000057220459,0.4440000057220459,0.4440000057220459,0.4449999928474426,0.4449999928474426,0.4449999928474426,0.44600000977516174,0.44600000977516174,0.44600000977516174,0.44600000977516174,0.44699999690055847,0.44699999690055847,0.4480000138282776,0.4480000138282776,0.4480000138282776,0.4480000138282776,0.4490000009536743,0.4490000009536743,0.44999998807907104,0.45100000500679016,0.45100000500679016,0.45100000500679016,0.4519999921321869,0.4519999921321869,0.453000009059906,0.453000009059906,0.45399999618530273,0.45399999618530273,0.45399999618530273,0.45500001311302185,0.45500001311302185,0.4560000002384186,0.4560000002384186,0.4560000002384186,0.4569999873638153,0.4569999873638153,0.4580000042915344,0.45899999141693115,0.46000000834465027,0.46000000834465027,0.46000000834465027,0.46000000834465027,0.460999995470047,0.4620000123977661,0.46299999952316284,0.46299999952316284,0.46399998664855957,0.46399998664855957,0.4699999988079071,0.47999998927116394,0.4830000102519989,0.4830000102519989,0.4830000102519989,0.4819999933242798,0.44999998807907104,0.44999998807907104,...,47.0,47.0,47.0,47.0,47.0,47.0,47.0,47.0,47.0,47.0,47.0,47.0,47.0,47.0,47.0,47.0,47.0,47.0,47.0,47.0,47.0,47.0,47.0,47.0,47.0,47.0,47.0,47.0,47.0,47.0,47.0,47.0,47.0,47.0,47.0,47.0,47.0,47.0,47.0,47.0,47.0,47.0,47.0,47.0,47.0,47.0,47.0,47.0,47.0,47.0,47.0,47.0,47.0,47.0,47.0,47.0,47.0,47.0,47.0,47.0,47.0,47.0,47.0,47.0,47.0,47.0,47.0,47.0,47.0,47.0,47.0,47.0,47.0,47.0,47.0,47.0,47.0,47.0,47.0,47.0,47.0,47.0,47.0,47.0,47.0,47.0,47.0,47.0,47.0,47.0,47.0,47.0,47.0,47.0,47.0,47.0,47.0,47.0,47.0,47.0,47.0,47.0,47.0,47.0,47.0,47.0,47.0,47.0,47.0,47.0,47.0,47.0,47.0,47.0,0.0,0.0,0.0,0.0,0.0,0.0,0.0,0.0,0.0,0.0,0.0,0.0,0.0,0.0,...
1763031923,767017411,laser,-3.1241390705108643,3.1415927410125732,0.0034828970674425364,5.38426247658208e-05,0.09686288237571716,0.15000000596046448,16.0,0.4359999895095825,0.4359999895095825,0.4359999895095825,0.4359999895095825,0.4359999895095825,0.4359999895095825,0.4359999895095825,0.4359999895095825,0.4359999895095825,0.4359999895095825,0.4359999895095825,0.4359999895095825,0.4359999895095825,0.4359999895095825,0.4359999895095825,0.4359999895095825,0.4359999895095825,0.4359999895095825,0.4359999895095825,0.4350000023841858,0.4350000023841858,0.4359999895095825,0.4359999895095825,0.4359999895095825,0.4359999895095825,0.4359999895095825,0.4359999895095825,0.4359999895095825,0.4359999895095825,0.4359999895095825,0.4359999895095825,0.4359999895095825,0.4359999895095825,0.4359999895095825,0.4359999895095825,0.4359999895095825,0.43700000643730164,0.43700000643730164,0.43700000643730164,0.43700000643730164,0.43700000643730164,0.43700000643730164,0.43700000643730164,0.43700000643730164,0.43700000643730164,0.43700000643730164,0.43799999356269836,0.43799999356269836,0.43799999356269836,0.43799999356269836,0.4390000104904175,0.4390000104904175,0.43799999356269836,0.4390000104904175,0.4390000104904175,0.4390000104904175,0.4399999976158142,0.4399999976158142,0.4399999976158142,0.4399999976158142,0.4410000145435333,0.4410000145435333,0.44200000166893005,0.44200000166893005,0.44200000166893005,0.44200000166893005,0.44200000166893005,0.4429999887943268,0.4429999887943268,0.4429999887943268,0.4429999887943268,0.4429999887943268,0.4440000057220459,0.4440000057220459,0.4440000057220459,0.4449999928474426,0.4449999928474426,0.4449999928474426,0.44600000977516174,0.44600000977516174,0.44600000977516174,0.44699999690055847,0.44699999690055847,0.44699999690055847,0.44699999690055847,0.4480000138282776,0.4480000138282776,0.4490000009536743,0.44999998807907104,0.44999998807907104,0.44999998807907104,0.44999998807907104,0.45100000500679016,0.4519999921321869,0.453000009059906,0.453000009059906,0.453000009059906,0.453000009059906,0.453000009059906,0.45399999618530273,0.45500001311302185,0.45500001311302185,0.4560000002384186,0.4560000002384186,0.4560000002384186,0.4560000002384186,0.4569999873638153,0.4580000042915344,0.4580000042915344,0.4580000042915344,0.45899999141693115,0.46000000834465027,0.46000000834465027,0.460999995470047,0.460999995470047,0.460999995470047,0.4620000123977661,0.46299999952316284,0.46399998664855957,0.4650000035762787,0.4650000035762787,0.47099998593330383,0.48100000619888306,0.4830000102519989,0.4830000102519989,0.4830000102519989,0.48100000619888306,0.4749999940395355,...,47.0,47.0,47.0,47.0,47.0,47.0,47.0,47.0,47.0,47.0,47.0,47.0,47.0,47.0,47.0,47.0,47.0,47.0,47.0,47.0,47.0,47.0,47.0,47.0,47.0,47.0,47.0,47.0,47.0,47.0,47.0,47.0,47.0,47.0,47.0,47.0,47.0,47.0,47.0,47.0,47.0,47.0,47.0,47.0,47.0,47.0,47.0,47.0,47.0,47.0,47.0,47.0,47.0,47.0,47.0,47.0,47.0,47.0,47.0,47.0,47.0,47.0,47.0,47.0,47.0,47.0,47.0,47.0,47.0,47.0,47.0,47.0,47.0,47.0,47.0,47.0,47.0,47.0,47.0,47.0,47.0,47.0,47.0,47.0,47.0,47.0,47.0,47.0,47.0,47.0,47.0,47.0,47.0,47.0,47.0,47.0,47.0,47.0,47.0,47.0,47.0,47.0,47.0,47.0,47.0,47.0,47.0,47.0,47.0,0.0,0.0,0.0,0.0,0.0,0.0,0.0,0.0,0.0,0.0,0.0,0.0,0.0,0.0,0.0,0.0,0.0,0.0,0.0,...
