1763032545,430457339,laser,-3.1241390705108643,3.1415927410125732,0.0034828970674425364,5.061840420239605e-05,0.0910625085234642,0.15000000596046448,16.0,5.440000057220459,5.440000057220459,5.440000057220459,5.440000057220459,5.440000057220459,5.440000057220459,5.440000057220459,5.432000160217285,5.432000160217285,5.432000160217285,5.432000160217285,5.432000160217285,5.432000160217285,5.432000160217285,5.432000160217285,5.432000160217285,5.432000160217285,5.432000160217285,5.432000160217285,5.432000160217285,5.432000160217285,5.423999786376953,5.423999786376953,5.423999786376953,5.423999786376953,5.432000160217285,5.432000160217285,5.432000160217285,5.432000160217285,5.432000160217285,5.432000160217285,5.432000160217285,5.432000160217285,5.432000160217285,5.432000160217285,5.432000160217285,5.440000057220459,5.440000057220459,5.432000160217285,5.440000057220459,5.440000057220459,5.4720001220703125,5.576000213623047,5.576000213623047,inf,inf,inf,inf,inf,inf,inf,3.7960000038146973,3.7960000038146973,3.7960000038146973,3.7960000038146973,3.7960000038146973,3.74399995803833,3.74399995803833,3.74399995803833,3.74399995803833,3.7360000610351562,3.740000009536743,3.740000009536743,3.74399995803833,3.74399995803833,3.74399995803833,2.9159998893737793,2.9159998893737793,2.9159998893737793,2.9159998893737793,2.8480000495910645,2.7720000743865967,2.7160000801086426,2.6640000343322754,2.611999988555908,2.555999994277954,2.555999994277954,2.496000051498413,2.440000057220459,2.388000011444092,2.3399999141693115,2.2960000038146973,2.2639999389648438,2.2360000610351562,2.2360000610351562,2.191999912261963,2.1559998989105225,2.128000020980835,2.0920000076293945,2.055999994277954,2.0439999103546143,2.0360000133514404,2.0260000228881836,2.0260000228881836,2.009999990463257,1.9780000448226929,1.9559999704360962,1.934000015258789,1.9079999923706055,1.8799999952316284,1.850000023841858,1.850000023841858,1.8259999752044678,1.7999999523162842,1.777999997138977,1.75600004196167,1.7319999933242798,1.7079999446868896,1.690000057220459,1.690000057220459,1.6660000085830688,1.6419999599456787,1.5160000324249268,1.5160000324249268,1.5080000162124634,1.496000051498413,1.4839999675750732,1.4780000448226929,1.4780000448226929,1.4759999513626099,inf,inf,inf,1.4119999408721924,1.4119999408721924,1.4119999408721924,1.4119999408721924,1.4119999408721924,...,47.0,47.0,47.0,47.0,47.0,47.0,0.0,0.0,0.0,0.0,0.0,0.0,0.0,0.0,0.0,0.0,0.0,0.0,0.0,0.0,0.0,0.0,0.0,0.0,0.0,0.0,0.0,0.0,0.0,0.0,0.0,0.0,0.0,0.0,0.0,0.0,0.0,0.0,0.0,0.0,0.0,0.0,0.0,0.0,0.0,0.0,0.0,0.0,0.0,0.0,0.0,0.0,0.0,0.0,0.0,0.0,0.0,0.0,0.0,0.0,0.0,0.0,0.0,0.0,0.0,0.0,0.0,0.0,0.0,0.0,0.0,0.0,0.0,0.0,0.0,0.0,0.0,0.0,0.0,0.0,0.0,0.0,0.0,0.0,0.0,0.0,0.0,0.0,0.0,0.0,0.0,0.0,0.0,0.0,0.0,0.0,0.0,0.0,0.0,0.0,0.0,0.0,0.0,0.0,0.0,0.0,0.0,0.0,0.0,0.0,0.0,0.0,0.0,0.0,0.0,0.0,0.0,0.0,0.0,0.0,0.0,0.0,0.0,0.0,0.0,0.0,0.0,0.0,...
1763032545,522208645,laser,-3.1241390705108643,3.1415927410125732,0.0034828970674425364,5.425182462204248e-05,0.09759902954101562,0.15000000596046448,16.0,5.440000057220459,5.440000057220459,5.440000057220459,5.440000057220459,5.440000057220459,5.440000057220459,5.440000057220459,5.432000160217285,5.432000160217285,5.432000160217285,5.432000160217285,5.432000160217285,5.432000160217285,5.432000160217285,5.432000160217285,5.432000160217285,5.432000160217285,5.432000160217285,5.432000160217285,5.432000160217285,5.432000160217285,5.432000160217285,5.432000160217285,5.432000160217285,5.432000160217285,5.432000160217285,5.432000160217285,5.432000160217285,5.432000160217285,5.432000160217285,5.432000160217285,5.432000160217285,5.440000057220459,5.440000057220459,5.440000057220459,5.440000057220459,5.440000057220459,5.440000057220459,5.440000057220459,5.440000057220459,5.440000057220459,5.432000160217285,inf,inf,inf,inf,inf,inf,inf,inf,inf,inf,3.931999921798706,3.931999921798706,3.931999921798706,3.931999921798706,3.931999921798706,3.828000068664551,3.75600004196167,3.740000009536743,3.7360000610351562,3.7360000610351562,3.740000009536743,3.74399995803833,3.747999906539917,3.747999906539917,2.875999927520752,2.875999927520752,2.875999927520752,2.875999927520752,2.875999927520752,2.803999900817871,2.7360000610351562,2.671999931335449,2.619999885559082,2.568000078201294,2.5160000324249268,2.4760000705718994,2.4760000705718994,2.368000030517578,2.368000030517578,2.328000068664551,2.299999952316284,2.1760001182556152,2.1679999828338623,2.1679999828338623,2.119999885559082,2.0959999561309814,2.0959999561309814,2.068000078201294,2.0360000133514404,2.002000093460083,1.9700000286102295,1.944000005722046,1.909999966621399,1.909999966621399,1.8680000305175781,1.8680000305175781,1.8539999723434448,1.8339999914169312,1.8259999752044678,1.815999984741211,1.7999999523162842,1.7799999713897705,1.7799999713897705,1.75600004196167,1.7359999418258667,1.7200000286102295,1.6979999542236328,1.6699999570846558,1.6480000019073486,1.6480000019073486,1.5119999647140503,1.5119999647140503,1.5119999647140503,1.4980000257492065,1.4819999933242798,1.465999960899353,inf,inf,inf,inf,inf,inf,1.399999976158142,1.399999976158142,1.399999976158142,1.399999976158142,...,47.0,47.0,47.0,47.0,47.0,47.0,47.0,47.0,47.0,0.0,0.0,0.0,0.0,0.0,0.0,0.0,0.0,0.0,0.0,0.0,0.0,0.0,0.0,0.0,0.0,0.0,0.0,0.0,0.0,0.0,0.0,0.0,0.0,0.0,0.0,0.0,0.0,0.0,0.0,0.0,0.0,0.0,0.0,0.0,0.0,0.0,0.0,0.0,0.0,0.0,0.0,0.0,0.0,0.0,0.0,0.0,0.0,0.0,0.0,0.0,0.0,0.0,0.0,0.0,0.0,0.0,0.0,0.0,0.0,47.0,47.0,47.0,47.0,47.0,0.0,0.0,0.0,0.0,0.0,0.0,0.0,0.0,0.0,0.0,0.0,0.0,0.0,0.0,0.0,0.0,0.0,0.0,0.0,0.0,0.0,0.0,0.0,0.0,0.0,0.0,0.0,0.0,0.0,0.0,0.0,0.0,0.0,0.0,0.0,0.0,0.0,0.0,0.0,0.0,0.0,0.0,0.0,0.0,0.0,0.0,0.0,0.0,0.0,0.0,0.0,0.0,0.0,0.0,...
1763032545,621339780,laser,-3.1241390705108643,3.1415927410125732,0.0034828970674425364,5.37422820343636e-05,0.09668236970901489,0.15000000596046448,16.0,5.440000057220459,5.440000057220459,5.440000057220459,5.440000057220459,5.440000057220459,5.432000160217285,5.432000160217285,5.432000160217285,5.432000160217285,5.432000160217285,5.432000160217285,5.432000160217285,5.432000160217285,5.432000160217285,5.432000160217285,5.432000160217285,5.432000160217285,5.432000160217285,5.432000160217285,5.432000160217285,5.432000160217285,5.432000160217285,5.432000160217285,5.432000160217285,5.432000160217285,5.432000160217285,5.432000160217285,5.432000160217285,5.432000160217285,5.432000160217285,5.432000160217285,5.440000057220459,5.440000057220459,5.440000057220459,5.440000057220459,5.440000057220459,5.440000057220459,5.440000057220459,5.440000057220459,5.440000057220459,5.440000057220459,5.464000225067139,inf,inf,inf,inf,inf,inf,inf,inf,inf,3.7720000743865967,3.7720000743865967,3.7720000743865967,3.7720000743865967,3.7720000743865967,3.74399995803833,3.74399995803833,3.74399995803833,3.74399995803833,3.740000009536743,3.740000009536743,3.740000009536743,3.74399995803833,3.74399995803833,3.74399995803833,2.8239998817443848,2.8239998817443848,2.8239998817443848,2.8239998817443848,2.7720000743865967,2.7720000743865967,2.7119998931884766,2.6640000343322754,2.611999988555908,2.555999994277954,2.555999994277954,2.5,2.436000108718872,2.375999927520752,2.3359999656677246,2.303999900817871,2.2639999389648438,2.2279999256134033,2.196000099182129,2.196000099182129,2.1519999504089355,2.124000072479248,2.0920000076293945,2.0480000972747803,2.007999897003174,1.9780000448226929,1.9500000476837158,1.9500000476837158,1.9179999828338623,1.8899999856948853,1.8639999628067017,1.843999981880188,1.8259999752044678,1.812000036239624,1.812000036239624,1.8040000200271606,1.7960000038146973,1.7860000133514404,1.7699999809265137,1.7480000257492065,1.7259999513626099,1.7059999704360962,1.7059999704360962,1.6859999895095825,1.6660000085830688,1.6440000534057617,1.5160000324249268,1.5160000324249268,1.50600004196167,1.4900000095367432,1.4780000448226929,1.4780000448226929,inf,inf,inf,inf,inf,1.4040000438690186,1.4040000438690186,1.4040000438690186,1.4040000438690186,1.4040000438690186,...,0.0,47.0,47.0,47.0,47.0,47.0,47.0,47.0,0.0,0.0,0.0,0.0,0.0,0.0,0.0,0.0,0.0,0.0,0.0,0.0,0.0,0.0,0.0,0.0,0.0,0.0,0.0,0.0,0.0,0.0,0.0,0.0,0.0,0.0,0.0,0.0,0.0,0.0,0.0,0.0,0.0,0.0,0.0,0.0,0.0,0.0,0.0,0.0,0.0,0.0,0.0,0.0,0.0,0.0,0.0,0.0,0.0,0.0,0.0,0.0,0.0,0.0,0.0,0.0,0.0,0.0,0.0,0.0,0.0,0.0,0.0,0.0,0.0,0.0,0.0,0.0,0.0,0.0,0.0,0.0,0.0,0.0,0.0,0.0,0.0,0.0,0.0,0.0,0.0,0.0,47.0,47.0,47.0,47.0,47.0,0.0,0.0,0.0,0.0,0.0,0.0,0.0,0.0,0.0,0.0,0.0,0.0,0.0,0.0,0.0,0.0,0.0,0.0,0.0,0.0,0.0,0.0,0.0,0.0,0.0,0.0,0.0,0.0,0.0,0.0,0.0,0.0,0.0,...
1763032545,719777796,laser,-3.1241390705108643,3.1415927410125732,0.0034828970674425364,5.3666757594328374e-05,0.09654650092124939,0.15000000596046448,16.0,5.440000057220459,5.440000057220459,5.440000057220459,5.440000057220459,5.432000160217285,5.432000160217285,5.440000057220459,5.432000160217285,5.432000160217285,5.432000160217285,5.432000160217285,5.432000160217285,5.432000160217285,5.432000160217285,5.432000160217285,5.432000160217285,5.432000160217285,5.432000160217285,5.432000160217285,5.432000160217285,5.423999786376953,5.423999786376953,5.432000160217285,5.432000160217285,5.432000160217285,5.432000160217285,5.432000160217285,5.432000160217285,5.432000160217285,5.432000160217285,5.432000160217285,5.432000160217285,5.432000160217285,5.440000057220459,5.440000057220459,5.440000057220459,5.440000057220459,5.440000057220459,5.440000057220459,5.440000057220459,5.440000057220459,5.464000225067139,5.464000225067139,5.567999839782715,inf,inf,inf,inf,inf,inf,inf,inf,inf,inf,inf,3.74399995803833,3.74399995803833,3.74399995803833,3.74399995803833,3.74399995803833,3.740000009536743,3.740000009536743,3.740000009536743,3.74399995803833,3.74399995803833,3.74399995803833,2.8959999084472656,2.8959999084472656,2.8959999084472656,2.8959999084472656,2.828000068664551,2.7720000743865967,2.7119998931884766,2.6640000343322754,2.6080000400543213,2.6080000400543213,2.5439999103546143,2.48799991607666,2.436000108718872,2.375999927520752,2.3359999656677246,2.2960000038146973,2.2960000038146973,2.25600004196167,2.2320001125335693,2.191999912261963,2.1519999504089355,2.124000072479248,2.0959999561309814,2.063999891281128,2.063999891281128,2.052000045776367,2.0460000038146973,2.0320000648498535,2.009999990463257,1.9780000448226929,1.9520000219345093,1.9279999732971191,1.9279999732971191,1.9040000438690186,1.8760000467300415,1.8459999561309814,1.8200000524520874,1.7960000038146973,1.7740000486373901,1.7740000486373901,1.7259999513626099,1.7259999513626099,1.7059999704360962,1.687999963760376,1.6660000085830688,1.6339999437332153,1.5160000324249268,1.5160000324249268,1.50600004196167,1.4900000095367432,1.4900000095367432,1.4800000190734863,1.4780000448226929,1.4759999513626099,inf,inf,inf,1.4040000438690186,1.4040000438690186,1.4040000438690186,1.4040000438690186,1.4040000438690186,...,47.0,47.0,47.0,47.0,47.0,47.0,47.0,47.0,47.0,0.0,0.0,0.0,0.0,0.0,0.0,0.0,0.0,0.0,0.0,0.0,0.0,0.0,0.0,0.0,0.0,0.0,0.0,0.0,0.0,0.0,0.0,0.0,0.0,0.0,0.0,0.0,0.0,0.0,0.0,0.0,0.0,0.0,0.0,0.0,0.0,0.0,0.0,0.0,0.0,0.0,0.0,0.0,0.0,0.0,0.0,0.0,0.0,0.0,0.0,0.0,0.0,0.0,0.0,0.0,0.0,0.0,0.0,0.0,0.0,0.0,0.0,0.0,0.0,0.0,0.0,0.0,0.0,0.0,0.0,0.0,0.0,0.0,0.0,0.0,0.0,0.0,0.0,0.0,0.0,0.0,0.0,0.0,0.0,0.0,0.0,0.0,0.0,0.0,0.0,0.0,0.0,0.0,0.0,0.0,0.0,0.0,0.0,0.0,0.0,0.0,0.0,0.0,0.0,0.0,0.0,0.0,0.0,0.0,0.0,0.0,0.0,0.0,0.0,0.0,0.0,0.0,0.0,0.0,...
1763032545,817973878,laser,-3.1241390705108643,3.1415927410125732,0.0034828970674425364,5.0287359044887125e-05,0.0904669538140297,0.15000000596046448,16.0,5.440000057220459,5.440000057220459,5.440000057220459,5.432000160217285,5.432000160217285,5.432000160217285,5.432000160217285,5.432000160217285,5.432000160217285,5.432000160217285,5.432000160217285,5.432000160217285,5.432000160217285,5.432000160217285,5.432000160217285,5.432000160217285,5.432000160217285,5.432000160217285,5.432000160217285,5.432000160217285,5.432000160217285,5.432000160217285,5.432000160217285,5.432000160217285,5.432000160217285,5.432000160217285,5.432000160217285,5.432000160217285,5.432000160217285,5.432000160217285,5.432000160217285,5.432000160217285,5.432000160217285,5.440000057220459,5.440000057220459,5.440000057220459,5.440000057220459,5.440000057220459,5.440000057220459,5.440000057220459,5.440000057220459,5.440000057220459,inf,inf,inf,inf,inf,4.199999809265137,4.199999809265137,4.199999809265137,4.199999809265137,4.199999809265137,inf,inf,3.7639999389648438,3.7639999389648438,3.7639999389648438,3.7639999389648438,3.7639999389648438,3.74399995803833,3.7360000610351562,3.7360000610351562,3.7360000610351562,3.74399995803833,3.747999906539917,3.752000093460083,2.884000062942505,2.884000062942505,2.884000062942505,2.8320000171661377,2.8320000171661377,2.8320000171661377,2.7720000743865967,2.7079999446868896,2.6600000858306885,2.5959999561309814,2.5320000648498535,2.4760000705718994,2.4159998893737793,2.368000030517578,2.368000030517578,2.3359999656677246,2.2960000038146973,2.196000099182129,2.196000099182129,2.187999963760376,2.1480000019073486,2.1080000400543213,2.1080000400543213,2.068000078201294,2.0360000133514404,2.0,1.9700000286102295,1.944000005722046,1.9079999923706055,1.878000020980835,1.8559999465942383,1.8559999465942383,1.8300000429153442,1.8079999685287476,1.8020000457763672,1.7979999780654907,1.7899999618530273,1.777999997138977,1.777999997138977,1.75600004196167,1.7319999933242798,1.715999960899353,1.6959999799728394,1.6720000505447388,1.6519999504089355,1.6519999504089355,1.5119999647140503,1.5019999742507935,1.5019999742507935,1.5019999742507935,1.4859999418258667,inf,inf,inf,inf,inf,1.4019999504089355,1.4019999504089355,1.4019999504089355,1.4019999504089355,1.4019999504089355,1.3860000371932983,...,47.0,47.0,47.0,47.0,47.0,47.0,47.0,47.0,47.0,0.0,0.0,0.0,0.0,0.0,0.0,0.0,0.0,0.0,0.0,0.0,0.0,0.0,0.0,0.0,0.0,0.0,0.0,0.0,0.0,0.0,0.0,0.0,0.0,0.0,0.0,0.0,0.0,0.0,0.0,0.0,0.0,0.0,0.0,0.0,0.0,0.0,0.0,0.0,0.0,0.0,0.0,0.0,0.0,0.0,0.0,0.0,0.0,0.0,0.0,0.0,0.0,0.0,0.0,0.0,0.0,0.0,0.0,0.0,0.0,0.0,0.0,0.0,0.0,0.0,0.0,0.0,0.0,0.0,0.0,0.0,0.0,0.0,0.0,0.0,0.0,0.0,0.0,0.0,0.0,0.0,0.0,0.0,0.0,0.0,0.0,0.0,0.0,0.0,0.0,0.0,0.0,0.0,0.0,0.0,0.0,0.0,0.0,0.0,0.0,0.0,0.0,0.0,0.0,0.0,0.0,0.0,0.0,0.0,0.0,0.0,0.0,0.0,0.0,0.0,0.0,0.0,0.0,0.0,...
1763032545,909579076,laser,-3.1241390705108643,3.1415927410125732,0.0034828970674425364,5.3991403547115624e-05,0.09713052958250046,0.15000000596046448,16.0,5.440000057220459,5.440000057220459,5.440000057220459,5.440000057220459,5.440000057220459,5.432000160217285,5.432000160217285,5.432000160217285,5.432000160217285,5.432000160217285,5.432000160217285,5.432000160217285,5.432000160217285,5.432000160217285,5.432000160217285,5.432000160217285,5.432000160217285,5.432000160217285,5.432000160217285,5.432000160217285,5.432000160217285,5.432000160217285,5.432000160217285,5.432000160217285,5.432000160217285,5.432000160217285,5.432000160217285,5.432000160217285,5.432000160217285,5.432000160217285,5.432000160217285,5.432000160217285,5.440000057220459,5.440000057220459,5.440000057220459,5.432000160217285,5.440000057220459,5.440000057220459,5.440000057220459,5.440000057220459,5.440000057220459,5.432000160217285,inf,inf,inf,inf,inf,inf,inf,inf,3.9119999408721924,3.9119999408721924,3.9119999408721924,3.9119999408721924,3.9119999408721924,3.819999933242798,3.819999933242798,3.819999933242798,3.75600004196167,3.740000009536743,3.740000009536743,3.740000009536743,3.740000009536743,3.74399995803833,3.747999906539917,3.752000093460083,3.752000093460083,2.9159998893737793,2.859999895095825,2.859999895095825,2.859999895095825,2.799999952316284,2.7320001125335693,2.6679999828338623,2.619999885559082,2.568000078201294,2.51200008392334,2.51200008392334,2.3399999141693115,2.3399999141693115,2.3399999141693115,2.308000087738037,2.2839999198913574,2.24399995803833,2.196000099182129,2.1559998989105225,2.1559998989105225,2.124000072479248,2.0959999561309814,2.052000045776367,2.01200008392334,1.9839999675750732,1.9600000381469727,1.9259999990463257,1.9259999990463257,1.8960000276565552,1.871999979019165,1.8539999723434448,1.8480000495910645,1.8420000076293945,1.8300000429153442,1.8140000104904175,1.8140000104904175,1.7960000038146973,1.7760000228881836,1.7519999742507935,1.7300000190734863,1.7100000381469727,1.690000057220459,1.6660000085830688,1.6660000085830688,1.6480000019073486,1.5260000228881836,1.50600004196167,1.50600004196167,1.4919999837875366,inf,inf,inf,inf,inf,inf,1.406000018119812,1.406000018119812,1.406000018119812,1.406000018119812,1.406000018119812,1.3980000019073486,...,47.0,47.0,47.0,47.0,47.0,47.0,0.0,0.0,0.0,0.0,0.0,0.0,0.0,0.0,0.0,0.0,0.0,0.0,0.0,0.0,0.0,0.0,0.0,0.0,0.0,0.0,0.0,0.0,0.0,0.0,0.0,0.0,0.0,0.0,0.0,0.0,0.0,0.0,0.0,0.0,0.0,0.0,0.0,0.0,0.0,0.0,0.0,0.0,0.0,0.0,0.0,0.0,0.0,0.0,0.0,0.0,0.0,0.0,0.0,0.0,0.0,0.0,0.0,0.0,0.0,0.0,0.0,0.0,0.0,0.0,0.0,0.0,0.0,0.0,0.0,0.0,0.0,0.0,0.0,0.0,0.0,0.0,0.0,0.0,0.0,0.0,0.0,0.0,0.0,0.0,0.0,0.0,0.0,0.0,0.0,0.0,0.0,0.0,0.0,0.0,0.0,0.0,0.0,0.0,0.0,0.0,0.0,0.0,0.0,0.0,0.0,0.0,0.0,0.0,0.0,0.0,0.0,0.0,0.0,0.0,0.0,0.0,0.0,0.0,0.0,47.0,47.0,47.0,...
1763032546,8474623,laser,-3.1241390705108643,3.1415927410125732,0.0034828970674425364,5.359677379601635e-05,0.09642059355974197,0.15000000596046448,16.0,5.440000057220459,5.440000057220459,5.440000057220459,5.440000057220459,5.440000057220459,5.440000057220459,5.432000160217285,5.432000160217285,5.432000160217285,5.432000160217285,5.440000057220459,5.432000160217285,5.432000160217285,5.432000160217285,5.432000160217285,5.432000160217285,5.432000160217285,5.432000160217285,5.432000160217285,5.432000160217285,5.432000160217285,5.432000160217285,5.432000160217285,5.432000160217285,5.432000160217285,5.440000057220459,5.440000057220459,5.432000160217285,5.432000160217285,5.432000160217285,5.423999786376953,5.432000160217285,5.432000160217285,5.432000160217285,5.440000057220459,5.440000057220459,5.440000057220459,5.440000057220459,5.440000057220459,5.440000057220459,5.440000057220459,5.432000160217285,inf,inf,inf,inf,inf,inf,inf,inf,inf,inf,3.9119999408721924,3.9119999408721924,3.9119999408721924,3.9119999408721924,3.9119999408721924,3.803999900817871,3.74399995803833,3.740000009536743,3.740000009536743,3.740000009536743,3.740000009536743,3.74399995803833,3.747999906539917,2.9159998893737793,2.9159998893737793,2.859999895095825,2.859999895095825,2.859999895095825,2.859999895095825,2.7200000286102295,2.7200000286102295,2.6640000343322754,2.6080000400543213,2.555999994277954,2.496000051498413,2.496000051498413,2.384000062942505,2.384000062942505,2.3399999141693115,2.2960000038146973,2.2720000743865967,2.24399995803833,2.196000099182129,2.1559998989105225,2.1559998989105225,2.128000020980835,2.0959999561309814,2.063999891281128,2.052000045776367,2.0439999103546143,2.0320000648498535,2.007999897003174,2.007999897003174,1.9839999675750732,1.9620000123977661,1.934000015258789,1.9079999923706055,1.878000020980835,1.850000023841858,1.850000023841858,1.8240000009536743,1.7960000038146973,1.7740000486373901,1.7519999742507935,1.7300000190734863,1.7120000123977661,1.7120000123977661,1.690000057220459,1.6660000085830688,1.6419999599456787,1.5160000324249268,1.5160000324249268,1.50600004196167,1.49399995803833,1.4819999933242798,1.4819999933242798,inf,inf,inf,1.406000018119812,1.406000018119812,1.406000018119812,1.406000018119812,1.406000018119812,1.3980000019073486,1.3980000019073486,...,47.0,47.0,47.0,47.0,47.0,47.0,47.0,0.0,0.0,0.0,0.0,0.0,0.0,0.0,0.0,0.0,0.0,0.0,0.0,0.0,0.0,0.0,0.0,0.0,0.0,0.0,0.0,0.0,0.0,0.0,0.0,0.0,0.0,0.0,0.0,0.0,0.0,0.0,0.0,0.0,0.0,0.0,0.0,0.0,0.0,0.0,0.0,0.0,0.0,0.0,0.0,0.0,0.0,0.0,0.0,0.0,0.0,0.0,0.0,0.0,0.0,0.0,0.0,0.0,0.0,0.0,0.0,47.0,47.0,47.0,47.0,47.0,0.0,0.0,0.0,0.0,0.0,0.0,0.0,0.0,0.0,0.0,0.0,0.0,0.0,0.0,0.0,0.0,0.0,47.0,47.0,47.0,47.0,47.0,0.0,0.0,0.0,0.0,0.0,0.0,0.0,0.0,0.0,0.0,0.0,0.0,0.0,0.0,0.0,0.0,0.0,0.0,0.0,0.0,0.0,0.0,0.0,0.0,0.0,0.0,0.0,0.0,0.0,0.0,0.0,0.0,0.0,0.0,...
1763032546,106157881,laser,-3.1241390705108643,3.1415927410125732,0.0034828970674425364,5.3977681091055274e-05,0.09710584580898285,0.15000000596046448,16.0,5.440000057220459,5.440000057220459,5.440000057220459,5.440000057220459,5.440000057220459,5.440000057220459,5.440000057220459,5.432000160217285,5.432000160217285,5.432000160217285,5.432000160217285,5.432000160217285,5.432000160217285,5.432000160217285,5.432000160217285,5.432000160217285,5.432000160217285,5.432000160217285,5.432000160217285,5.432000160217285,5.432000160217285,5.432000160217285,5.432000160217285,5.432000160217285,5.432000160217285,5.432000160217285,5.432000160217285,5.432000160217285,5.432000160217285,5.432000160217285,5.432000160217285,5.432000160217285,5.432000160217285,5.440000057220459,5.440000057220459,5.440000057220459,5.432000160217285,5.440000057220459,5.440000057220459,5.440000057220459,5.440000057220459,5.440000057220459,inf,inf,inf,inf,4.191999912261963,4.191999912261963,4.191999912261963,4.191999912261963,4.191999912261963,3.9679999351501465,3.9679999351501465,3.9679999351501465,3.7639999389648438,3.7639999389648438,3.7639999389648438,3.7639999389648438,3.74399995803833,3.74399995803833,3.7360000610351562,3.7360000610351562,3.7360000610351562,3.74399995803833,3.747999906539917,3.752000093460083,2.871999979019165,2.871999979019165,2.819999933242798,2.819999933242798,2.819999933242798,2.819999933242798,2.752000093460083,2.700000047683716,2.6480000019073486,2.5840001106262207,2.5320000648498535,2.4760000705718994,2.4760000705718994,2.368000030517578,2.368000030517578,2.3359999656677246,2.2960000038146973,2.196000099182129,2.196000099182129,2.187999963760376,2.1440000534057617,2.1040000915527344,2.1040000915527344,2.068000078201294,2.0380001068115234,1.9980000257492065,1.9700000286102295,1.9459999799728394,1.9079999923706055,1.9079999923706055,1.8539999723434448,1.8539999723434448,1.8279999494552612,1.7960000038146973,1.7760000228881836,1.7719999551773071,1.7699999809265137,1.7699999809265137,1.7619999647140503,1.746000051498413,1.7339999675750732,1.718000054359436,1.694000005722046,1.6740000247955322,1.6540000438690186,1.6540000438690186,1.5160000324249268,1.5160000324249268,1.5160000324249268,1.5019999742507935,1.4859999418258667,inf,inf,inf,inf,1.4019999504089355,1.4019999504089355,1.4019999504089355,1.4019999504089355,1.4019999504089355,1.3860000371932983,1.3860000371932983,...,0.0,47.0,47.0,47.0,47.0,47.0,47.0,47.0,0.0,0.0,0.0,0.0,0.0,0.0,0.0,0.0,0.0,0.0,0.0,0.0,47.0,47.0,47.0,47.0,47.0,0.0,0.0,0.0,0.0,0.0,0.0,0.0,0.0,0.0,0.0,0.0,0.0,0.0,0.0,0.0,0.0,0.0,0.0,0.0,0.0,0.0,0.0,0.0,0.0,0.0,0.0,0.0,0.0,0.0,0.0,0.0,0.0,0.0,0.0,0.0,0.0,0.0,0.0,0.0,0.0,0.0,0.0,0.0,0.0,0.0,0.0,0.0,0.0,0.0,0.0,0.0,0.0,0.0,0.0,0.0,0.0,0.0,0.0,0.0,0.0,0.0,0.0,0.0,0.0,0.0,47.0,47.0,47.0,47.0,47.0,0.0,0.0,0.0,0.0,0.0,0.0,0.0,0.0,0.0,0.0,0.0,0.0,47.0,47.0,47.0,47.0,47.0,0.0,0.0,0.0,0.0,0.0,0.0,0.0,0.0,0.0,0.0,0.0,0.0,0.0,0.0,0.0,0.0,...
1763032546,204798126,laser,-3.1241390705108643,3.1415927410125732,0.0034828970674425364,5.029414751334116e-05,0.09047916531562805,0.15000000596046448,16.0,5.440000057220459,5.440000057220459,5.440000057220459,5.440000057220459,5.440000057220459,5.432000160217285,5.440000057220459,5.440000057220459,5.440000057220459,5.440000057220459,5.440000057220459,5.432000160217285,5.432000160217285,5.432000160217285,5.432000160217285,5.432000160217285,5.432000160217285,5.432000160217285,5.432000160217285,5.432000160217285,5.432000160217285,5.432000160217285,5.432000160217285,5.432000160217285,5.432000160217285,5.432000160217285,5.432000160217285,5.432000160217285,5.432000160217285,5.432000160217285,5.432000160217285,5.432000160217285,5.432000160217285,5.432000160217285,5.432000160217285,5.440000057220459,5.440000057220459,5.440000057220459,5.440000057220459,5.440000057220459,5.440000057220459,5.455999851226807,inf,inf,inf,inf,inf,inf,inf,inf,inf,3.7760000228881836,3.7760000228881836,3.7760000228881836,3.7760000228881836,3.7760000228881836,3.74399995803833,3.74399995803833,3.74399995803833,3.74399995803833,3.740000009536743,3.740000009536743,3.740000009536743,3.74399995803833,3.747999906539917,3.747999906539917,2.9000000953674316,2.9000000953674316,2.9000000953674316,2.9000000953674316,2.8440001010894775,2.7880001068115234,2.7119998931884766,2.6480000019073486,2.5999999046325684,2.5999999046325684,2.5480000972747803,2.496000051498413,2.440000057220459,2.380000114440918,2.3359999656677246,2.2960000038146973,2.259999990463257,2.259999990463257,2.196000099182129,2.196000099182129,2.1519999504089355,2.1080000400543213,2.0799999237060547,2.052000045776367,2.007999897003174,1.9800000190734863,1.9800000190734863,1.9479999542236328,1.9160000085830688,1.8960000276565552,1.8880000114440918,1.8799999952316284,1.8739999532699585,1.8619999885559082,1.8619999885559082,1.840000033378601,1.8220000267028809,1.7999999523162842,1.7719999551773071,1.75,1.7300000190734863,1.7100000381469727,1.7100000381469727,1.687999963760376,1.6640000343322754,1.6419999599456787,1.5180000066757202,1.5180000066757202,1.50600004196167,1.4919999837875366,1.4800000190734863,1.4800000190734863,1.4759999513626099,inf,inf,inf,inf,1.406000018119812,1.406000018119812,1.406000018119812,1.406000018119812,1.406000018119812,...,47.0,47.0,47.0,47.0,47.0,47.0,47.0,0.0,0.0,0.0,0.0,0.0,0.0,0.0,0.0,0.0,0.0,0.0,0.0,0.0,0.0,0.0,0.0,0.0,0.0,0.0,0.0,0.0,0.0,0.0,0.0,0.0,0.0,0.0,0.0,0.0,0.0,0.0,0.0,0.0,0.0,0.0,0.0,0.0,0.0,0.0,0.0,0.0,0.0,0.0,0.0,0.0,0.0,0.0,0.0,0.0,0.0,0.0,0.0,0.0,0.0,0.0,0.0,0.0,0.0,0.0,0.0,0.0,0.0,0.0,0.0,0.0,0.0,0.0,0.0,0.0,0.0,0.0,0.0,0.0,0.0,0.0,0.0,0.0,0.0,0.0,0.0,0.0,0.0,0.0,0.0,0.0,0.0,0.0,0.0,0.0,0.0,0.0,0.0,0.0,0.0,0.0,0.0,0.0,0.0,0.0,0.0,0.0,0.0,0.0,0.0,0.0,0.0,0.0,0.0,0.0,0.0,0.0,0.0,0.0,0.0,0.0,0.0,0.0,0.0,0.0,47.0,47.0,...
1763032546,296562835,laser,-3.1241390705108643,3.1415927410125732,0.0034828970674425364,5.398849316406995e-05,0.09712529927492142,0.15000000596046448,16.0,5.440000057220459,5.440000057220459,5.440000057220459,5.432000160217285,5.440000057220459,5.440000057220459,5.440000057220459,5.440000057220459,5.432000160217285,5.432000160217285,5.432000160217285,5.432000160217285,5.432000160217285,5.432000160217285,5.432000160217285,5.432000160217285,5.432000160217285,5.432000160217285,5.432000160217285,5.432000160217285,5.432000160217285,5.432000160217285,5.432000160217285,5.432000160217285,5.432000160217285,5.432000160217285,5.432000160217285,5.432000160217285,5.432000160217285,5.432000160217285,5.432000160217285,5.432000160217285,5.432000160217285,5.432000160217285,5.440000057220459,5.440000057220459,5.440000057220459,5.440000057220459,5.440000057220459,5.440000057220459,5.440000057220459,inf,inf,inf,inf,inf,inf,inf,inf,inf,inf,inf,inf,inf,3.74399995803833,3.74399995803833,3.74399995803833,3.74399995803833,3.74399995803833,3.740000009536743,3.740000009536743,3.74399995803833,3.74399995803833,3.74399995803833,3.747999906539917,3.747999906539917,2.9000000953674316,2.9000000953674316,2.9000000953674316,2.8440001010894775,2.8440001010894775,2.7839999198913574,2.7119998931884766,2.6519999504089355,2.5999999046325684,2.5999999046325684,2.5480000972747803,2.4839999675750732,2.431999921798706,2.380000114440918,2.3359999656677246,2.2960000038146973,2.259999990463257,2.259999990463257,2.196000099182129,2.196000099182129,2.1600000858306885,2.131999969482422,2.0959999561309814,2.068000078201294,2.055999994277954,2.055999994277954,2.0320000648498535,2.0320000648498535,2.01200008392334,1.9819999933242798,1.9539999961853027,1.9299999475479126,1.9040000438690186,1.9040000438690186,1.8760000467300415,1.8459999561309814,1.8200000524520874,1.7960000038146973,1.7719999551773071,1.75,1.7300000190734863,1.7079999446868896,1.7079999446868896,1.687999963760376,1.6660000085830688,1.6419999599456787,1.5140000581741333,1.50600004196167,1.50600004196167,1.4919999837875366,1.4780000448226929,1.4780000448226929,inf,inf,inf,inf,1.406000018119812,1.406000018119812,1.406000018119812,1.406000018119812,1.406000018119812,1.3960000276565552,...,47.0,47.0,47.0,47.0,47.0,47.0,47.0,47.0,47.0,0.0,0.0,0.0,0.0,0.0,0.0,0.0,0.0,0.0,47.0,47.0,47.0,47.0,47.0,0.0,0.0,0.0,0.0,0.0,0.0,0.0,0.0,0.0,0.0,0.0,0.0,0.0,0.0,0.0,0.0,0.0,0.0,0.0,0.0,0.0,0.0,0.0,0.0,0.0,0.0,0.0,0.0,0.0,0.0,0.0,0.0,0.0,0.0,0.0,0.0,0.0,0.0,0.0,0.0,0.0,0.0,0.0,0.0,0.0,0.0,0.0,0.0,0.0,0.0,0.0,0.0,0.0,0.0,0.0,0.0,0.0,0.0,0.0,0.0,0.0,0.0,0.0,0.0,0.0,0.0,0.0,0.0,0.0,0.0,0.0,0.0,0.0,0.0,0.0,0.0,0.0,0.0,0.0,0.0,0.0,0.0,0.0,0.0,0.0,0.0,0.0,0.0,0.0,0.0,0.0,0.0,0.0,0.0,0.0,0.0,0.0,0.0,0.0,0.0,0.0,47.0,47.0,47.0,47.0,...
1763032546,395225910,laser,-3.1241390705108643,3.1415927410125732,0.0034828970674425364,5.371891529648565e-05,0.09664032608270645,0.15000000596046448,16.0,5.440000057220459,5.440000057220459,5.440000057220459,5.432000160217285,5.432000160217285,5.440000057220459,5.440000057220459,5.440000057220459,5.440000057220459,5.440000057220459,5.440000057220459,5.440000057220459,5.432000160217285,5.432000160217285,5.432000160217285,5.432000160217285,5.432000160217285,5.432000160217285,5.432000160217285,5.432000160217285,5.432000160217285,5.432000160217285,5.432000160217285,5.432000160217285,5.432000160217285,5.432000160217285,5.432000160217285,5.432000160217285,5.440000057220459,5.432000160217285,5.432000160217285,5.432000160217285,5.432000160217285,5.432000160217285,5.432000160217285,5.440000057220459,5.440000057220459,5.440000057220459,5.440000057220459,5.440000057220459,5.440000057220459,5.440000057220459,inf,inf,inf,inf,4.168000221252441,4.168000221252441,4.168000221252441,4.168000221252441,4.168000221252441,4.0920000076293945,4.0920000076293945,4.0920000076293945,3.9719998836517334,3.9719998836517334,3.7679998874664307,3.7679998874664307,3.740000009536743,3.740000009536743,3.7360000610351562,3.7360000610351562,3.74399995803833,3.74399995803833,3.747999906539917,3.752000093460083,2.875999927520752,2.875999927520752,2.819999933242798,2.819999933242798,2.819999933242798,2.752000093460083,2.700000047683716,2.6480000019073486,2.6480000019073486,2.5880000591278076,2.5360000133514404,2.4839999675750732,2.4200000762939453,2.371999979019165,2.3359999656677246,2.2960000038146973,2.2960000038146973,2.200000047683716,2.200000047683716,2.187999963760376,2.1519999504089355,2.111999988555908,2.072000026702881,2.0399999618530273,1.9980000257492065,1.9980000257492065,1.9639999866485596,1.940000057220459,1.9119999408721924,1.8839999437332153,1.8559999465942383,1.8279999494552612,1.7979999780654907,1.7979999780654907,1.777999997138977,1.7719999551773071,1.7680000066757202,1.7619999647140503,1.7480000257492065,1.7300000190734863,1.7300000190734863,1.7139999866485596,1.6959999799728394,1.6720000505447388,1.6519999504089355,1.6319999694824219,1.5160000324249268,1.5160000324249268,1.5019999742507935,1.5019999742507935,1.4859999418258667,inf,inf,inf,inf,1.4019999504089355,1.4019999504089355,1.4019999504089355,1.4019999504089355,1.4019999504089355,1.3860000371932983,1.3860000371932983,...,47.0,47.0,47.0,47.0,47.0,47.0,0.0,0.0,0.0,0.0,0.0,0.0,0.0,0.0,0.0,0.0,0.0,0.0,0.0,47.0,47.0,47.0,47.0,47.0,0.0,0.0,0.0,0.0,0.0,0.0,0.0,0.0,0.0,0.0,0.0,0.0,0.0,0.0,0.0,0.0,0.0,0.0,0.0,0.0,0.0,0.0,0.0,0.0,0.0,0.0,0.0,0.0,0.0,0.0,0.0,0.0,0.0,0.0,0.0,0.0,0.0,0.0,0.0,0.0,0.0,0.0,0.0,0.0,0.0,0.0,0.0,0.0,0.0,0.0,0.0,0.0,0.0,0.0,0.0,0.0,0.0,0.0,0.0,0.0,0.0,0.0,0.0,0.0,0.0,0.0,0.0,0.0,0.0,0.0,0.0,0.0,0.0,0.0,0.0,0.0,0.0,0.0,0.0,0.0,0.0,0.0,0.0,0.0,0.0,0.0,0.0,0.0,0.0,0.0,0.0,0.0,0.0,0.0,0.0,0.0,0.0,0.0,0.0,0.0,0.0,0.0,0.0,0.0,...
1763032546,492999440,laser,-3.1241390705108643,3.1415927410125732,0.0034828970674425364,5.400659574661404e-05,0.09715786576271057,0.15000000596046448,16.0,5.440000057220459,5.440000057220459,5.440000057220459,5.440000057220459,5.432000160217285,5.432000160217285,5.440000057220459,5.440000057220459,5.440000057220459,5.440000057220459,5.440000057220459,5.432000160217285,5.432000160217285,5.432000160217285,5.432000160217285,5.432000160217285,5.432000160217285,5.432000160217285,5.432000160217285,5.432000160217285,5.432000160217285,5.432000160217285,5.432000160217285,5.432000160217285,5.432000160217285,5.432000160217285,5.432000160217285,5.432000160217285,5.432000160217285,5.432000160217285,5.432000160217285,5.432000160217285,5.432000160217285,5.432000160217285,5.432000160217285,5.432000160217285,5.440000057220459,5.440000057220459,5.440000057220459,5.440000057220459,5.440000057220459,5.440000057220459,inf,inf,inf,inf,inf,inf,4.216000080108643,4.216000080108643,4.216000080108643,4.216000080108643,4.216000080108643,3.7679998874664307,3.7679998874664307,3.7679998874664307,3.7679998874664307,3.740000009536743,3.740000009536743,3.740000009536743,3.7320001125335693,3.7360000610351562,3.7360000610351562,3.74399995803833,3.747999906539917,3.752000093460083,2.875999927520752,2.875999927520752,2.875999927520752,2.875999927520752,2.819999933242798,2.819999933242798,2.752000093460083,2.700000047683716,2.6480000019073486,2.5880000591278076,2.5360000133514404,2.4839999675750732,2.4240000247955322,2.371999979019165,2.371999979019165,2.328000068664551,2.2880001068115234,2.200000047683716,2.187999963760376,2.187999963760376,2.131999969482422,2.0959999561309814,2.0959999561309814,2.063999891281128,2.0320000648498535,2.007999897003174,1.9880000352859497,1.972000002861023,1.9539999961853027,1.9420000314712524,1.9420000314712524,1.9279999732971191,1.9119999408721924,1.8860000371932983,1.8639999628067017,1.840000033378601,1.8140000104904175,1.7879999876022339,1.7879999876022339,1.7640000581741333,1.74399995803833,1.7200000286102295,1.7000000476837158,1.6799999475479126,1.656000018119812,1.656000018119812,1.5399999618530273,1.5399999618530273,1.5140000581741333,1.5019999742507935,1.4859999418258667,1.4780000448226929,1.4759999513626099,1.4759999513626099,1.4759999513626099,1.4179999828338623,1.4179999828338623,1.4179999828338623,1.4179999828338623,1.4019999504089355,1.4019999504089355,1.4019999504089355,...,47.0,47.0,47.0,47.0,47.0,47.0,47.0,0.0,0.0,0.0,0.0,0.0,0.0,0.0,0.0,0.0,0.0,0.0,0.0,0.0,0.0,0.0,0.0,0.0,0.0,0.0,0.0,0.0,0.0,0.0,0.0,0.0,0.0,0.0,0.0,0.0,0.0,0.0,0.0,0.0,0.0,0.0,0.0,0.0,0.0,0.0,0.0,0.0,0.0,0.0,0.0,0.0,0.0,0.0,0.0,0.0,0.0,0.0,0.0,47.0,47.0,47.0,47.0,47.0,0.0,0.0,0.0,0.0,0.0,0.0,0.0,0.0,0.0,0.0,0.0,0.0,0.0,0.0,0.0,0.0,0.0,0.0,0.0,0.0,0.0,0.0,0.0,0.0,0.0,47.0,47.0,47.0,47.0,47.0,0.0,0.0,0.0,0.0,0.0,0.0,0.0,0.0,0.0,0.0,0.0,0.0,0.0,0.0,0.0,0.0,0.0,0.0,0.0,0.0,0.0,0.0,0.0,0.0,0.0,0.0,0.0,0.0,0.0,0.0,0.0,0.0,47.0,47.0,...
1763032546,591609674,laser,-3.1241390705108643,3.1415927410125732,0.0034828970674425364,5.042140037403442e-05,0.09070809930562973,0.15000000596046448,16.0,5.440000057220459,5.440000057220459,5.440000057220459,5.440000057220459,5.432000160217285,5.432000160217285,5.440000057220459,5.440000057220459,5.432000160217285,5.432000160217285,5.432000160217285,5.432000160217285,5.432000160217285,5.432000160217285,5.432000160217285,5.432000160217285,5.432000160217285,5.432000160217285,5.432000160217285,5.432000160217285,5.432000160217285,5.432000160217285,5.432000160217285,5.432000160217285,5.432000160217285,5.432000160217285,5.432000160217285,5.432000160217285,5.432000160217285,5.432000160217285,5.432000160217285,5.432000160217285,5.432000160217285,5.432000160217285,5.432000160217285,5.432000160217285,5.440000057220459,5.440000057220459,5.440000057220459,5.440000057220459,5.440000057220459,5.447999954223633,inf,inf,inf,inf,inf,inf,inf,inf,inf,3.7920000553131104,3.7920000553131104,3.7920000553131104,3.7920000553131104,3.7920000553131104,3.740000009536743,3.740000009536743,3.740000009536743,3.740000009536743,3.740000009536743,3.74399995803833,3.74399995803833,3.74399995803833,3.747999906539917,3.747999906539917,2.9159998893737793,2.9159998893737793,2.9159998893737793,2.9159998893737793,2.864000082015991,2.7880001068115234,2.7200000286102295,2.6600000858306885,2.5999999046325684,2.555999994277954,2.555999994277954,2.492000102996826,2.431999921798706,2.4000000953674316,2.359999895095825,2.299999952316284,2.2720000743865967,2.240000009536743,2.240000009536743,2.191999912261963,2.1600000858306885,2.128000020980835,2.0959999561309814,2.055999994277954,2.0360000133514404,2.0280001163482666,2.0139999389648438,2.0139999389648438,1.9919999837875366,1.968000054359436,1.9500000476837158,1.9299999475479126,1.906000018119812,1.906000018119812,1.878000020980835,1.8519999980926514,1.8320000171661377,1.8020000457763672,1.7740000486373901,1.753999948501587,1.7319999933242798,1.7100000381469727,1.7100000381469727,1.687999963760376,1.6679999828338623,1.6480000019073486,1.5219999551773071,1.5219999551773071,1.50600004196167,1.4900000095367432,1.4800000190734863,1.4759999513626099,1.4759999513626099,inf,inf,inf,inf,1.406000018119812,1.406000018119812,1.406000018119812,1.406000018119812,1.406000018119812,...,47.0,47.0,47.0,47.0,47.0,47.0,47.0,47.0,0.0,0.0,0.0,0.0,0.0,0.0,0.0,0.0,0.0,47.0,47.0,47.0,47.0,47.0,0.0,0.0,0.0,0.0,0.0,0.0,0.0,0.0,0.0,0.0,0.0,0.0,0.0,0.0,0.0,0.0,0.0,0.0,0.0,0.0,0.0,0.0,0.0,0.0,0.0,0.0,0.0,0.0,0.0,0.0,0.0,0.0,0.0,0.0,0.0,0.0,0.0,0.0,0.0,0.0,0.0,0.0,0.0,0.0,0.0,0.0,0.0,0.0,0.0,0.0,0.0,0.0,0.0,0.0,0.0,0.0,0.0,0.0,0.0,0.0,0.0,0.0,0.0,0.0,0.0,0.0,0.0,0.0,47.0,47.0,47.0,47.0,47.0,0.0,0.0,0.0,0.0,0.0,0.0,0.0,0.0,0.0,0.0,0.0,0.0,0.0,0.0,0.0,0.0,0.0,0.0,0.0,0.0,0.0,0.0,0.0,0.0,0.0,0.0,0.0,0.0,47.0,47.0,47.0,47.0,47.0,...
1763032546,683605611,laser,-3.1241390705108643,3.1415927410125732,0.0034828970674425364,5.390078149503097e-05,0.09696751087903976,0.15000000596046448,16.0,5.440000057220459,5.440000057220459,5.440000057220459,5.440000057220459,5.440000057220459,5.440000057220459,5.440000057220459,5.432000160217285,5.432000160217285,5.432000160217285,5.432000160217285,5.432000160217285,5.432000160217285,5.432000160217285,5.432000160217285,5.432000160217285,5.432000160217285,5.432000160217285,5.432000160217285,5.432000160217285,5.432000160217285,5.432000160217285,5.432000160217285,5.432000160217285,5.432000160217285,5.423999786376953,5.432000160217285,5.432000160217285,5.432000160217285,5.432000160217285,5.432000160217285,5.432000160217285,5.432000160217285,5.432000160217285,5.440000057220459,5.440000057220459,5.432000160217285,5.432000160217285,5.432000160217285,5.440000057220459,5.440000057220459,5.440000057220459,inf,inf,inf,inf,inf,inf,inf,inf,inf,inf,3.7639999389648438,3.7639999389648438,3.7639999389648438,3.7639999389648438,3.7639999389648438,3.74399995803833,3.74399995803833,3.74399995803833,3.7360000610351562,3.7360000610351562,3.74399995803833,3.74399995803833,3.747999906539917,3.752000093460083,2.875999927520752,2.875999927520752,2.875999927520752,2.875999927520752,2.819999933242798,2.74399995803833,2.74399995803833,2.6480000019073486,2.6480000019073486,2.5920000076293945,2.5360000133514404,2.4839999675750732,2.431999921798706,2.384000062942505,2.3399999141693115,2.3399999141693115,2.299999952316284,2.200000047683716,2.1760001182556152,2.1760001182556152,2.135999917984009,2.1040000915527344,2.063999891281128,2.0339999198913574,1.9980000257492065,1.9980000257492065,1.9700000286102295,1.9459999799728394,1.909999966621399,1.878000020980835,1.8519999980926514,1.8259999752044678,1.7999999523162842,1.7999999523162842,1.781999945640564,1.777999997138977,1.7740000486373901,1.7680000066757202,1.7519999742507935,1.7339999675750732,1.718000054359436,1.718000054359436,1.6979999542236328,1.6759999990463257,1.6579999923706055,1.6339999437332153,1.5160000324249268,1.5160000324249268,1.5019999742507935,1.4859999418258667,1.4859999418258667,inf,inf,inf,inf,inf,inf,1.399999976158142,1.399999976158142,1.399999976158142,1.399999976158142,1.399999976158142,...,47.0,47.0,47.0,47.0,47.0,47.0,47.0,47.0,47.0,0.0,0.0,0.0,0.0,0.0,0.0,0.0,0.0,0.0,0.0,0.0,0.0,0.0,0.0,0.0,0.0,0.0,0.0,0.0,0.0,0.0,0.0,0.0,0.0,0.0,0.0,0.0,0.0,0.0,0.0,0.0,0.0,0.0,0.0,0.0,0.0,0.0,0.0,0.0,0.0,0.0,0.0,0.0,0.0,0.0,0.0,0.0,0.0,0.0,0.0,0.0,0.0,0.0,0.0,0.0,0.0,0.0,0.0,0.0,0.0,0.0,0.0,0.0,0.0,0.0,0.0,0.0,0.0,0.0,0.0,0.0,0.0,0.0,0.0,0.0,0.0,0.0,0.0,0.0,0.0,0.0,0.0,0.0,0.0,0.0,0.0,0.0,0.0,0.0,0.0,0.0,0.0,0.0,0.0,0.0,0.0,0.0,0.0,0.0,0.0,0.0,0.0,0.0,0.0,0.0,0.0,0.0,0.0,0.0,0.0,0.0,0.0,0.0,0.0,0.0,47.0,47.0,47.0,47.0,...
1763032546,782183307,laser,-3.1241390705108643,3.1415927410125732,0.0034828970674425364,5.369251812226139e-05,0.09659283608198166,0.15000000596046448,16.0,5.440000057220459,5.440000057220459,5.440000057220459,5.432000160217285,5.432000160217285,5.432000160217285,5.440000057220459,5.440000057220459,5.440000057220459,5.432000160217285,5.440000057220459,5.440000057220459,5.432000160217285,5.432000160217285,5.432000160217285,5.432000160217285,5.432000160217285,5.432000160217285,5.432000160217285,5.432000160217285,5.432000160217285,5.432000160217285,5.432000160217285,5.432000160217285,5.432000160217285,5.432000160217285,5.432000160217285,5.432000160217285,5.432000160217285,5.432000160217285,5.432000160217285,5.440000057220459,5.432000160217285,5.432000160217285,5.432000160217285,5.440000057220459,5.440000057220459,5.440000057220459,5.440000057220459,5.440000057220459,5.440000057220459,5.51200008392334,inf,inf,inf,inf,inf,inf,inf,inf,3.880000114440918,3.880000114440918,3.880000114440918,3.880000114440918,3.880000114440918,3.7920000553131104,3.7920000553131104,3.7920000553131104,3.740000009536743,3.740000009536743,3.7360000610351562,3.740000009536743,3.74399995803833,3.74399995803833,3.747999906539917,3.747999906539917,3.747999906539917,2.9119999408721924,2.9119999408721924,2.8480000495910645,2.8480000495910645,2.7839999198913574,2.7119998931884766,2.6519999504089355,2.6040000915527344,2.552000045776367,2.552000045776367,2.48799991607666,2.436000108718872,2.384000062942505,2.3399999141693115,2.299999952316284,2.2720000743865967,2.24399995803833,2.24399995803833,2.196000099182129,2.1600000858306885,2.119999885559082,2.0880000591278076,2.055999994277954,2.0260000228881836,2.0,1.9800000190734863,1.9620000123977661,1.9620000123977661,1.9559999704360962,1.9459999799728394,1.9220000505447388,1.8980000019073486,1.871999979019165,1.850000023841858,1.850000023841858,1.8259999752044678,1.7979999780654907,1.7760000228881836,1.753999948501587,1.7319999933242798,1.7100000381469727,1.687999963760376,1.687999963760376,1.6640000343322754,1.6440000534057617,1.5160000324249268,1.50600004196167,1.50600004196167,1.49399995803833,1.4819999933242798,inf,inf,inf,inf,inf,1.406000018119812,1.406000018119812,1.406000018119812,1.406000018119812,1.406000018119812,1.399999976158142,...,47.0,47.0,47.0,47.0,47.0,47.0,47.0,47.0,0.0,0.0,0.0,0.0,0.0,0.0,0.0,0.0,0.0,0.0,0.0,0.0,0.0,0.0,0.0,0.0,0.0,0.0,0.0,0.0,0.0,0.0,0.0,0.0,0.0,0.0,0.0,0.0,0.0,0.0,0.0,0.0,0.0,0.0,0.0,0.0,0.0,0.0,0.0,0.0,0.0,0.0,0.0,0.0,0.0,0.0,0.0,0.0,0.0,0.0,0.0,0.0,0.0,0.0,0.0,0.0,0.0,0.0,0.0,0.0,47.0,47.0,47.0,47.0,47.0,0.0,0.0,0.0,0.0,0.0,0.0,0.0,0.0,0.0,0.0,0.0,0.0,0.0,0.0,0.0,0.0,0.0,47.0,47.0,47.0,47.0,47.0,0.0,0.0,0.0,0.0,0.0,0.0,0.0,0.0,0.0,0.0,0.0,0.0,0.0,0.0,0.0,0.0,0.0,0.0,0.0,0.0,0.0,0.0,0.0,0.0,0.0,0.0,0.0,0.0,0.0,0.0,0.0,0.0,0.0,...
1763032546,880207739,laser,-3.1241390705108643,3.1415927410125732,0.0034828970674425364,5.380063521442935e-05,0.09678734093904495,0.15000000596046448,16.0,5.440000057220459,5.440000057220459,5.440000057220459,5.432000160217285,5.432000160217285,5.440000057220459,5.440000057220459,5.440000057220459,5.432000160217285,5.440000057220459,5.440000057220459,5.440000057220459,5.432000160217285,5.432000160217285,5.432000160217285,5.432000160217285,5.432000160217285,5.432000160217285,5.432000160217285,5.432000160217285,5.432000160217285,5.432000160217285,5.432000160217285,5.432000160217285,5.432000160217285,5.432000160217285,5.432000160217285,5.432000160217285,5.432000160217285,5.432000160217285,5.432000160217285,5.432000160217285,5.432000160217285,5.440000057220459,5.440000057220459,5.440000057220459,5.440000057220459,5.440000057220459,5.440000057220459,5.440000057220459,5.440000057220459,5.423999786376953,inf,inf,inf,inf,inf,inf,inf,inf,inf,3.931999921798706,3.931999921798706,3.931999921798706,3.931999921798706,3.931999921798706,3.828000068664551,3.828000068664551,3.75600004196167,3.740000009536743,3.7360000610351562,3.7360000610351562,3.740000009536743,3.74399995803833,3.747999906539917,3.747999906539917,2.936000108718872,2.936000108718872,2.936000108718872,2.859999895095825,2.859999895095825,2.7880001068115234,2.7279999256134033,2.6760001182556152,2.615999937057495,2.555999994277954,2.503999948501587,2.4639999866485596,2.4639999866485596,2.364000082015991,2.364000082015991,2.3239998817443848,2.2920000553131104,2.184000015258789,2.184000015258789,2.1600000858306885,2.124000072479248,2.0920000076293945,2.0920000076293945,2.059999942779541,2.0320000648498535,2.00600004196167,1.9800000190734863,1.9539999961853027,1.9359999895095825,1.9359999895095825,1.9259999990463257,1.9160000085830688,1.8980000019073486,1.871999979019165,1.8519999980926514,1.8339999914169312,1.8079999685287476,1.8079999685287476,1.784000039100647,1.7599999904632568,1.7339999675750732,1.7100000381469727,1.6920000314712524,1.6720000505447388,1.6519999504089355,1.6519999504089355,1.5099999904632568,1.5,1.5,1.5,1.4859999418258667,1.465999960899353,inf,inf,inf,inf,1.399999976158142,1.399999976158142,1.399999976158142,1.399999976158142,1.399999976158142,1.3839999437332153,...,47.0,47.0,47.0,47.0,47.0,47.0,0.0,0.0,0.0,0.0,0.0,0.0,0.0,0.0,0.0,0.0,0.0,0.0,0.0,0.0,0.0,0.0,0.0,0.0,0.0,0.0,0.0,0.0,0.0,0.0,0.0,0.0,0.0,0.0,0.0,0.0,0.0,0.0,0.0,0.0,0.0,0.0,0.0,0.0,0.0,0.0,0.0,0.0,0.0,0.0,0.0,0.0,0.0,0.0,0.0,0.0,0.0,0.0,0.0,0.0,0.0,0.0,0.0,0.0,0.0,0.0,0.0,0.0,0.0,0.0,47.0,47.0,47.0,47.0,47.0,0.0,0.0,0.0,0.0,0.0,0.0,0.0,0.0,0.0,0.0,0.0,0.0,0.0,0.0,0.0,0.0,0.0,47.0,47.0,47.0,47.0,47.0,0.0,0.0,0.0,0.0,0.0,0.0,0.0,0.0,0.0,0.0,0.0,0.0,0.0,0.0,0.0,0.0,0.0,0.0,0.0,0.0,0.0,0.0,0.0,0.0,0.0,0.0,0.0,0.0,0.0,0.0,0.0,...
1763032546,978279894,laser,-3.1241390705108643,3.1415927410125732,0.0034828970674425364,5.3904401283944026e-05,0.09697401523590088,0.15000000596046448,16.0,5.440000057220459,5.440000057220459,5.440000057220459,5.440000057220459,5.440000057220459,5.440000057220459,5.440000057220459,5.440000057220459,5.440000057220459,5.432000160217285,5.432000160217285,5.432000160217285,5.432000160217285,5.432000160217285,5.432000160217285,5.432000160217285,5.432000160217285,5.432000160217285,5.432000160217285,5.432000160217285,5.432000160217285,5.440000057220459,5.432000160217285,5.432000160217285,5.432000160217285,5.432000160217285,5.432000160217285,5.432000160217285,5.432000160217285,5.432000160217285,5.432000160217285,5.432000160217285,5.432000160217285,5.440000057220459,5.440000057220459,5.440000057220459,5.440000057220459,5.440000057220459,5.440000057220459,5.440000057220459,5.440000057220459,5.423999786376953,inf,inf,inf,inf,inf,inf,inf,inf,inf,inf,3.75600004196167,3.75600004196167,3.75600004196167,3.75600004196167,3.75600004196167,3.74399995803833,3.74399995803833,3.74399995803833,3.74399995803833,3.740000009536743,3.740000009536743,3.74399995803833,3.747999906539917,3.747999906539917,3.747999906539917,2.859999895095825,2.859999895095825,2.859999895095825,2.859999895095825,2.7920000553131104,2.7279999256134033,2.6760001182556152,2.619999885559082,2.559999942779541,2.503999948501587,2.503999948501587,2.3959999084472656,2.3959999084472656,2.359999895095825,2.319999933242798,2.2920000553131104,2.184000015258789,2.1600000858306885,2.1600000858306885,2.1600000858306885,2.124000072479248,2.0920000076293945,2.059999942779541,2.0299999713897705,1.99399995803833,1.9620000123977661,1.934000015258789,1.934000015258789,1.9040000438690186,1.871999979019165,1.8459999561309814,1.8259999752044678,1.7920000553131104,1.7699999809265137,1.7640000581741333,1.7640000581741333,1.7619999647140503,1.7599999904632568,1.74399995803833,1.7280000448226929,1.7120000123977661,1.6920000314712524,1.6720000505447388,1.6720000505447388,1.6460000276565552,1.6200000047683716,1.5099999904632568,1.5099999904632568,1.49399995803833,1.4800000190734863,1.465999960899353,inf,inf,1.440000057220459,1.440000057220459,1.440000057220459,1.440000057220459,1.440000057220459,1.4160000085830688,1.4160000085830688,1.4160000085830688,...,47.0,47.0,47.0,47.0,47.0,47.0,47.0,47.0,47.0,0.0,0.0,0.0,0.0,0.0,0.0,0.0,0.0,0.0,0.0,0.0,0.0,0.0,0.0,0.0,0.0,0.0,0.0,0.0,0.0,0.0,0.0,0.0,0.0,0.0,0.0,0.0,0.0,0.0,0.0,0.0,0.0,0.0,0.0,0.0,0.0,0.0,0.0,0.0,0.0,0.0,0.0,0.0,0.0,0.0,0.0,0.0,0.0,0.0,0.0,0.0,0.0,0.0,0.0,0.0,0.0,0.0,0.0,0.0,0.0,47.0,47.0,47.0,47.0,47.0,0.0,0.0,0.0,0.0,0.0,0.0,0.0,0.0,0.0,0.0,0.0,0.0,0.0,0.0,0.0,0.0,0.0,0.0,0.0,0.0,0.0,0.0,0.0,0.0,0.0,0.0,0.0,0.0,0.0,0.0,0.0,0.0,0.0,0.0,0.0,0.0,0.0,0.0,0.0,0.0,0.0,0.0,0.0,0.0,0.0,0.0,0.0,0.0,0.0,47.0,47.0,47.0,47.0,47.0,...
1763032547,76456632,laser,-3.1241390705108643,3.1415927410125732,0.0034828970674425364,5.396965207182802e-05,0.09709139913320541,0.15000000596046448,16.0,5.440000057220459,5.440000057220459,5.440000057220459,5.432000160217285,5.432000160217285,5.432000160217285,5.440000057220459,5.432000160217285,5.432000160217285,5.432000160217285,5.432000160217285,5.432000160217285,5.432000160217285,5.432000160217285,5.432000160217285,5.432000160217285,5.432000160217285,5.432000160217285,5.432000160217285,5.432000160217285,5.432000160217285,5.440000057220459,5.432000160217285,5.432000160217285,5.432000160217285,5.432000160217285,5.432000160217285,5.432000160217285,5.432000160217285,5.432000160217285,5.432000160217285,5.432000160217285,5.432000160217285,5.432000160217285,5.440000057220459,5.440000057220459,5.440000057220459,5.440000057220459,5.440000057220459,5.432000160217285,5.440000057220459,5.432000160217285,inf,inf,inf,inf,inf,inf,inf,inf,inf,inf,3.819999933242798,3.819999933242798,3.819999933242798,3.819999933242798,3.819999933242798,3.75600004196167,3.75600004196167,3.74399995803833,3.74399995803833,3.740000009536743,3.740000009536743,3.747999906539917,3.747999906539917,3.747999906539917,3.747999906539917,2.864000082015991,2.864000082015991,2.864000082015991,2.864000082015991,2.7920000553131104,2.7279999256134033,2.671999931335449,2.619999885559082,2.559999942779541,2.507999897003174,2.507999897003174,2.3959999084472656,2.3959999084472656,2.359999895095825,2.315999984741211,2.2920000553131104,2.184000015258789,2.1640000343322754,2.1640000343322754,2.1640000343322754,2.124000072479248,2.0920000076293945,2.062000036239624,2.0299999713897705,2.01200008392334,1.996000051498413,1.9739999771118164,1.9739999771118164,1.9620000123977661,1.9500000476837158,1.9299999475479126,1.909999966621399,1.8839999437332153,1.8580000400543213,1.8339999914169312,1.8339999914169312,1.805999994277954,1.781999945640564,1.7599999904632568,1.7339999675750732,1.7120000123977661,1.6920000314712524,1.6720000505447388,1.6720000505447388,1.649999976158142,1.5199999809265137,1.5199999809265137,1.5099999904632568,1.5,1.4859999418258667,1.4780000448226929,inf,inf,1.434000015258789,1.434000015258789,1.434000015258789,1.434000015258789,1.434000015258789,1.409999966621399,1.409999966621399,1.409999966621399,...,47.0,47.0,47.0,47.0,47.0,47.0,47.0,47.0,0.0,0.0,0.0,0.0,0.0,0.0,0.0,0.0,0.0,0.0,0.0,0.0,0.0,0.0,0.0,0.0,0.0,0.0,0.0,0.0,0.0,0.0,0.0,0.0,0.0,0.0,0.0,0.0,0.0,0.0,0.0,0.0,0.0,0.0,0.0,0.0,0.0,0.0,0.0,0.0,0.0,0.0,0.0,0.0,0.0,0.0,0.0,0.0,0.0,0.0,0.0,0.0,0.0,0.0,0.0,0.0,0.0,0.0,0.0,0.0,0.0,0.0,0.0,0.0,0.0,0.0,0.0,0.0,0.0,0.0,0.0,0.0,0.0,0.0,0.0,0.0,0.0,0.0,0.0,0.0,0.0,0.0,0.0,0.0,0.0,0.0,0.0,0.0,0.0,0.0,0.0,0.0,0.0,0.0,0.0,0.0,0.0,0.0,0.0,0.0,0.0,0.0,0.0,0.0,0.0,0.0,0.0,0.0,0.0,0.0,0.0,0.0,0.0,0.0,0.0,0.0,0.0,0.0,47.0,47.0,...
1763032547,175089416,laser,-3.1241390705108643,3.1415927410125732,0.0034828970674425364,5.034963760408573e-05,0.09057899564504623,0.15000000596046448,16.0,5.440000057220459,5.440000057220459,5.440000057220459,5.432000160217285,5.432000160217285,5.432000160217285,5.432000160217285,5.432000160217285,5.432000160217285,5.432000160217285,5.432000160217285,5.432000160217285,5.432000160217285,5.432000160217285,5.432000160217285,5.432000160217285,5.432000160217285,5.432000160217285,5.432000160217285,5.432000160217285,5.432000160217285,5.432000160217285,5.432000160217285,5.432000160217285,5.432000160217285,5.432000160217285,5.432000160217285,5.432000160217285,5.432000160217285,5.432000160217285,5.432000160217285,5.432000160217285,5.432000160217285,5.432000160217285,5.432000160217285,5.432000160217285,5.440000057220459,5.440000057220459,5.440000057220459,5.440000057220459,5.440000057220459,5.440000057220459,inf,inf,inf,inf,inf,inf,inf,inf,inf,inf,3.7639999389648438,3.7639999389648438,3.7639999389648438,3.7639999389648438,3.7639999389648438,3.74399995803833,3.74399995803833,3.74399995803833,3.7360000610351562,3.7360000610351562,3.7360000610351562,3.740000009536743,3.747999906539917,3.752000093460083,2.888000011444092,2.888000011444092,2.888000011444092,2.888000011444092,2.819999933242798,2.75600004196167,2.75600004196167,2.687999963760376,2.631999969482422,2.5920000076293945,2.4639999866485596,2.4240000247955322,2.4240000247955322,2.371999979019165,2.3320000171661377,2.3320000171661377,2.303999900817871,2.200000047683716,2.191999912261963,2.191999912261963,2.140000104904175,2.1040000915527344,2.0739998817443848,2.0739998817443848,2.0420000553131104,2.0199999809265137,1.99399995803833,1.968000054359436,1.9479999542236328,1.9299999475479126,1.9179999828338623,1.9179999828338623,1.9040000438690186,1.8819999694824219,1.8619999885559082,1.840000033378601,1.815999984741211,1.7920000553131104,1.7660000324249268,1.7660000324249268,1.7419999837875366,1.7200000286102295,1.7020000219345093,1.684000015258789,1.6619999408721924,1.628000020980835,1.50600004196167,1.50600004196167,1.496000051498413,1.496000051498413,1.4859999418258667,1.4759999513626099,inf,inf,inf,inf,inf,1.4019999504089355,1.4019999504089355,1.4019999504089355,1.4019999504089355,1.4019999504089355,...,47.0,47.0,47.0,47.0,47.0,47.0,47.0,47.0,0.0,0.0,0.0,0.0,0.0,0.0,0.0,0.0,0.0,0.0,0.0,0.0,47.0,47.0,47.0,47.0,47.0,0.0,0.0,0.0,0.0,0.0,0.0,0.0,0.0,0.0,0.0,0.0,0.0,0.0,0.0,0.0,0.0,0.0,0.0,0.0,0.0,0.0,0.0,0.0,0.0,0.0,0.0,0.0,0.0,0.0,0.0,0.0,0.0,0.0,0.0,0.0,0.0,0.0,0.0,0.0,0.0,0.0,0.0,0.0,0.0,0.0,0.0,0.0,0.0,0.0,0.0,0.0,0.0,0.0,0.0,0.0,0.0,0.0,0.0,0.0,0.0,0.0,0.0,0.0,0.0,0.0,0.0,0.0,0.0,0.0,0.0,0.0,0.0,0.0,0.0,0.0,0.0,0.0,0.0,0.0,0.0,0.0,0.0,0.0,0.0,0.0,0.0,0.0,0.0,0.0,0.0,0.0,0.0,0.0,0.0,0.0,0.0,0.0,0.0,0.0,0.0,0.0,47.0,47.0,...
1763032547,267221925,laser,-3.1241390705108643,3.1415927410125732,0.0034828970674425364,5.371569932322018e-05,0.09663454443216324,0.15000000596046448,16.0,5.440000057220459,5.440000057220459,5.440000057220459,5.432000160217285,5.432000160217285,5.432000160217285,5.440000057220459,5.440000057220459,5.440000057220459,5.432000160217285,5.432000160217285,5.432000160217285,5.432000160217285,5.432000160217285,5.432000160217285,5.432000160217285,5.423999786376953,5.432000160217285,5.432000160217285,5.432000160217285,5.432000160217285,5.432000160217285,5.432000160217285,5.432000160217285,5.432000160217285,5.432000160217285,5.432000160217285,5.432000160217285,5.440000057220459,5.432000160217285,5.432000160217285,5.432000160217285,5.432000160217285,5.432000160217285,5.432000160217285,5.440000057220459,5.440000057220459,5.440000057220459,5.440000057220459,5.440000057220459,5.440000057220459,5.432000160217285,inf,inf,inf,inf,inf,inf,inf,inf,3.884000062942505,3.884000062942505,3.884000062942505,3.884000062942505,3.884000062942505,3.7920000553131104,3.7920000553131104,3.7920000553131104,3.74399995803833,3.740000009536743,3.740000009536743,3.740000009536743,3.74399995803833,3.74399995803833,3.747999906539917,2.9079999923706055,2.9079999923706055,2.9079999923706055,2.8440001010894775,2.8440001010894775,2.8440001010894775,2.7880001068115234,2.7279999256134033,2.6679999828338623,2.615999937057495,2.563999891281128,2.507999897003174,2.507999897003174,2.444000005722046,2.388000011444092,2.3440001010894775,2.308000087738037,2.2880001068115234,2.247999906539917,2.200000047683716,2.1559998989105225,2.1559998989105225,2.115999937057495,2.0880000591278076,2.059999942779541,2.0280001163482666,1.9919999837875366,1.9579999446868896,1.9259999990463257,1.9259999990463257,1.8940000534057617,1.8639999628067017,1.8420000076293945,1.8200000524520874,1.7879999876022339,1.7699999809265137,1.7619999647140503,1.7619999647140503,1.7519999742507935,1.7519999742507935,1.7380000352859497,1.7259999513626099,1.7100000381469727,1.6859999895095825,1.6660000085830688,1.6660000085830688,1.6480000019073486,1.6139999628067017,1.5099999904632568,1.5099999904632568,1.49399995803833,1.4800000190734863,inf,inf,inf,inf,inf,1.4119999408721924,1.4119999408721924,1.4119999408721924,1.4119999408721924,1.4119999408721924,1.399999976158142,...,47.0,47.0,47.0,47.0,47.0,47.0,47.0,47.0,0.0,0.0,0.0,0.0,0.0,0.0,0.0,0.0,0.0,0.0,0.0,0.0,0.0,0.0,0.0,0.0,0.0,0.0,0.0,0.0,0.0,0.0,0.0,0.0,0.0,0.0,0.0,0.0,0.0,0.0,0.0,0.0,0.0,0.0,0.0,0.0,0.0,0.0,0.0,0.0,0.0,0.0,0.0,0.0,0.0,0.0,0.0,0.0,0.0,0.0,0.0,0.0,0.0,0.0,0.0,0.0,0.0,0.0,0.0,0.0,0.0,0.0,0.0,0.0,0.0,0.0,0.0,0.0,0.0,0.0,0.0,0.0,0.0,0.0,0.0,0.0,0.0,0.0,0.0,0.0,0.0,0.0,47.0,47.0,47.0,47.0,47.0,0.0,0.0,0.0,0.0,0.0,0.0,0.0,0.0,0.0,0.0,0.0,0.0,0.0,0.0,0.0,0.0,0.0,0.0,0.0,0.0,0.0,0.0,0.0,0.0,0.0,0.0,0.0,0.0,0.0,0.0,0.0,0.0,0.0,...
1763032547,365311578,laser,-3.1241390705108643,3.1415927410125732,0.0034828970674425364,5.380788570619188e-05,0.09680038690567017,0.15000000596046448,16.0,5.440000057220459,5.440000057220459,5.440000057220459,5.440000057220459,5.440000057220459,5.440000057220459,5.440000057220459,5.432000160217285,5.432000160217285,5.432000160217285,5.432000160217285,5.432000160217285,5.432000160217285,5.432000160217285,5.432000160217285,5.432000160217285,5.432000160217285,5.432000160217285,5.432000160217285,5.432000160217285,5.432000160217285,5.432000160217285,5.432000160217285,5.423999786376953,5.423999786376953,5.423999786376953,5.432000160217285,5.432000160217285,5.440000057220459,5.432000160217285,5.432000160217285,5.432000160217285,5.432000160217285,5.432000160217285,5.440000057220459,5.432000160217285,5.432000160217285,5.432000160217285,5.440000057220459,5.440000057220459,5.440000057220459,inf,inf,inf,inf,inf,inf,inf,inf,inf,inf,inf,3.884000062942505,3.884000062942505,3.884000062942505,3.884000062942505,3.884000062942505,3.7920000553131104,3.7920000553131104,3.74399995803833,3.740000009536743,3.740000009536743,3.74399995803833,3.74399995803833,3.747999906539917,3.747999906539917,2.8959999084472656,2.8359999656677246,2.8359999656677246,2.8359999656677246,2.8359999656677246,2.7839999198913574,2.7239999771118164,2.6679999828338623,2.615999937057495,2.615999937057495,2.555999994277954,2.496000051498413,2.444000005722046,2.380000114440918,2.3359999656677246,2.2960000038146973,2.259999990463257,2.2320001125335693,2.196000099182129,2.196000099182129,2.1480000019073486,2.1080000400543213,2.0880000591278076,2.059999942779541,2.0280001163482666,2.007999897003174,1.9980000257492065,1.9980000257492065,1.9839999675750732,1.965999960899353,1.9500000476837158,1.9259999990463257,1.9019999504089355,1.9019999504089355,1.8760000467300415,1.8480000495910645,1.8220000267028809,1.7960000038146973,1.7760000228881836,1.753999948501587,1.7319999933242798,1.7120000123977661,1.7120000123977661,1.687999963760376,1.6660000085830688,1.6419999599456787,1.5140000581741333,1.5140000581741333,1.5080000162124634,1.496000051498413,1.4839999675750732,1.4839999675750732,1.4780000448226929,1.4759999513626099,inf,1.409999966621399,1.409999966621399,1.409999966621399,1.409999966621399,1.409999966621399,1.3960000276565552,1.3960000276565552,...,47.0,47.0,47.0,47.0,47.0,47.0,47.0,0.0,0.0,0.0,0.0,0.0,0.0,0.0,0.0,0.0,0.0,0.0,0.0,0.0,0.0,0.0,0.0,0.0,0.0,0.0,0.0,0.0,0.0,0.0,0.0,0.0,0.0,0.0,0.0,0.0,0.0,0.0,0.0,0.0,0.0,0.0,0.0,0.0,0.0,0.0,0.0,0.0,0.0,0.0,0.0,0.0,0.0,0.0,0.0,0.0,0.0,0.0,0.0,0.0,0.0,0.0,47.0,47.0,47.0,47.0,47.0,0.0,0.0,0.0,0.0,0.0,0.0,0.0,0.0,0.0,0.0,0.0,0.0,0.0,0.0,0.0,0.0,0.0,0.0,0.0,0.0,0.0,0.0,0.0,0.0,0.0,0.0,0.0,0.0,0.0,0.0,0.0,0.0,0.0,0.0,0.0,0.0,0.0,0.0,0.0,0.0,0.0,0.0,0.0,0.0,0.0,0.0,0.0,0.0,0.0,0.0,0.0,0.0,0.0,0.0,0.0,0.0,0.0,0.0,0.0,0.0,0.0,...
1763032547,463558755,laser,-3.1241390705108643,3.1415927410125732,0.0034828970674425364,5.383372263167985e-05,0.09684686362743378,0.15000000596046448,16.0,5.440000057220459,5.440000057220459,5.440000057220459,5.440000057220459,5.440000057220459,5.432000160217285,5.432000160217285,5.432000160217285,5.432000160217285,5.432000160217285,5.432000160217285,5.432000160217285,5.432000160217285,5.432000160217285,5.432000160217285,5.432000160217285,5.432000160217285,5.432000160217285,5.432000160217285,5.432000160217285,5.423999786376953,5.432000160217285,5.432000160217285,5.432000160217285,5.432000160217285,5.432000160217285,5.432000160217285,5.432000160217285,5.432000160217285,5.432000160217285,5.432000160217285,5.432000160217285,5.432000160217285,5.432000160217285,5.440000057220459,5.440000057220459,5.440000057220459,5.440000057220459,5.440000057220459,5.440000057220459,5.440000057220459,5.432000160217285,inf,inf,inf,inf,inf,inf,inf,inf,inf,3.7960000038146973,3.7960000038146973,3.7960000038146973,3.7960000038146973,3.7960000038146973,3.74399995803833,3.74399995803833,3.74399995803833,3.74399995803833,3.740000009536743,3.740000009536743,3.74399995803833,3.74399995803833,3.747999906539917,3.747999906539917,2.9079999923706055,2.9079999923706055,2.9079999923706055,2.9079999923706055,2.8480000495910645,2.7839999198913574,2.7239999771118164,2.6679999828338623,2.611999988555908,2.559999942779541,2.559999942779541,2.503999948501587,2.444000005722046,2.3919999599456787,2.3440001010894775,2.2960000038146973,2.2760000228881836,2.247999906539917,2.247999906539917,2.196000099182129,2.1559998989105225,2.119999885559082,2.0880000591278076,2.059999942779541,2.0360000133514404,2.01200008392334,1.99399995803833,1.99399995803833,1.9819999933242798,1.9639999866485596,1.9479999542236328,1.9279999732971191,1.9040000438690186,1.878000020980835,1.8519999980926514,1.8519999980926514,1.8300000429153442,1.8020000457763672,1.7760000228881836,1.753999948501587,1.7319999933242798,1.7100000381469727,1.6859999895095825,1.6859999895095825,1.6660000085830688,1.6480000019073486,1.5260000228881836,1.5260000228881836,1.50600004196167,1.49399995803833,1.4839999675750732,1.4620000123977661,1.4620000123977661,1.4299999475479126,1.4299999475479126,1.4299999475479126,1.4299999475479126,1.4299999475479126,1.409999966621399,1.409999966621399,1.409999966621399,1.409999966621399,...,47.0,47.0,47.0,47.0,47.0,47.0,47.0,0.0,0.0,0.0,0.0,0.0,0.0,0.0,0.0,0.0,0.0,0.0,0.0,0.0,47.0,47.0,47.0,47.0,47.0,0.0,0.0,0.0,0.0,0.0,0.0,0.0,0.0,0.0,0.0,0.0,0.0,0.0,0.0,0.0,0.0,0.0,0.0,0.0,0.0,0.0,0.0,0.0,0.0,0.0,0.0,0.0,0.0,0.0,0.0,0.0,0.0,0.0,0.0,0.0,0.0,0.0,0.0,0.0,0.0,0.0,0.0,0.0,0.0,0.0,0.0,0.0,0.0,0.0,0.0,0.0,0.0,0.0,0.0,0.0,0.0,0.0,0.0,0.0,0.0,0.0,0.0,0.0,0.0,47.0,47.0,47.0,47.0,47.0,0.0,0.0,0.0,0.0,0.0,0.0,0.0,0.0,0.0,0.0,0.0,0.0,0.0,0.0,0.0,0.0,0.0,0.0,0.0,0.0,0.0,0.0,0.0,0.0,0.0,0.0,0.0,0.0,0.0,0.0,0.0,0.0,47.0,47.0,...
1763032547,561799184,laser,-3.1241390705108643,3.1415927410125732,0.0034828970674425364,5.381210576160811e-05,0.09680797904729843,0.15000000596046448,16.0,5.440000057220459,5.440000057220459,5.440000057220459,5.440000057220459,5.432000160217285,5.432000160217285,5.432000160217285,5.432000160217285,5.432000160217285,5.432000160217285,5.432000160217285,5.432000160217285,5.432000160217285,5.432000160217285,5.432000160217285,5.432000160217285,5.432000160217285,5.432000160217285,5.432000160217285,5.432000160217285,5.432000160217285,5.440000057220459,5.432000160217285,5.432000160217285,5.432000160217285,5.432000160217285,5.432000160217285,5.432000160217285,5.440000057220459,5.440000057220459,5.440000057220459,5.432000160217285,5.432000160217285,5.432000160217285,5.440000057220459,5.432000160217285,5.440000057220459,5.440000057220459,5.440000057220459,5.440000057220459,5.440000057220459,5.440000057220459,inf,inf,inf,inf,4.184000015258789,4.184000015258789,4.184000015258789,4.184000015258789,4.184000015258789,3.9719998836517334,3.9719998836517334,3.9719998836517334,3.871999979019165,3.871999979019165,3.871999979019165,3.871999979019165,3.7880001068115234,3.74399995803833,3.7360000610351562,3.7360000610351562,3.74399995803833,3.74399995803833,3.747999906539917,3.752000093460083,2.888000011444092,2.888000011444092,2.8239998817443848,2.8239998817443848,2.8239998817443848,2.7679998874664307,2.7679998874664307,2.6600000858306885,2.6600000858306885,2.5999999046325684,2.5439999103546143,2.492000102996826,2.431999921798706,2.375999927520752,2.3359999656677246,2.3359999656677246,2.299999952316284,2.2039999961853027,2.2039999961853027,2.187999963760376,2.140000104904175,2.0999999046325684,2.0759999752044678,2.0759999752044678,2.0480000972747803,2.002000093460083,1.968000054359436,1.9459999799728394,1.9140000343322754,1.8799999952316284,1.8559999465942383,1.8279999494552612,1.7999999523162842,1.7999999523162842,1.7799999713897705,1.7680000066757202,1.7640000581741333,1.7599999904632568,1.746000051498413,1.7319999933242798,1.7319999933242798,1.718000054359436,1.6979999542236328,1.6820000410079956,1.6640000343322754,1.6380000114440918,1.5160000324249268,1.5160000324249268,1.5,1.5,1.4819999933242798,1.4739999771118164,inf,inf,inf,1.4040000438690186,1.4040000438690186,1.4040000438690186,1.4040000438690186,1.4040000438690186,1.3899999856948853,1.3899999856948853,...,47.0,47.0,47.0,47.0,47.0,47.0,47.0,47.0,47.0,0.0,0.0,0.0,0.0,0.0,0.0,0.0,0.0,0.0,0.0,0.0,0.0,0.0,0.0,0.0,0.0,0.0,0.0,0.0,0.0,0.0,0.0,0.0,0.0,0.0,0.0,0.0,0.0,0.0,0.0,0.0,0.0,0.0,0.0,0.0,0.0,0.0,0.0,0.0,0.0,0.0,0.0,0.0,0.0,0.0,0.0,0.0,0.0,0.0,0.0,0.0,0.0,0.0,0.0,0.0,0.0,0.0,0.0,0.0,0.0,0.0,0.0,0.0,0.0,0.0,0.0,0.0,0.0,0.0,0.0,0.0,0.0,0.0,0.0,0.0,0.0,0.0,0.0,0.0,0.0,0.0,0.0,0.0,0.0,0.0,0.0,0.0,0.0,0.0,0.0,0.0,0.0,0.0,0.0,0.0,0.0,0.0,0.0,0.0,0.0,0.0,0.0,0.0,0.0,0.0,0.0,0.0,0.0,0.0,0.0,0.0,0.0,0.0,0.0,47.0,47.0,47.0,47.0,47.0,...
1763032547,660314511,laser,-3.1241390705108643,3.1415927410125732,0.0034828970674425364,5.0284244935028255e-05,0.0904613584280014,0.15000000596046448,16.0,5.440000057220459,5.440000057220459,5.440000057220459,5.440000057220459,5.440000057220459,5.432000160217285,5.432000160217285,5.432000160217285,5.432000160217285,5.432000160217285,5.432000160217285,5.432000160217285,5.432000160217285,5.432000160217285,5.423999786376953,5.423999786376953,5.423999786376953,5.432000160217285,5.432000160217285,5.440000057220459,5.432000160217285,5.432000160217285,5.423999786376953,5.432000160217285,5.440000057220459,5.440000057220459,5.432000160217285,5.432000160217285,5.432000160217285,5.432000160217285,5.432000160217285,5.432000160217285,5.432000160217285,5.432000160217285,5.432000160217285,5.432000160217285,5.440000057220459,5.447999954223633,5.440000057220459,5.440000057220459,5.440000057220459,5.440000057220459,inf,inf,inf,inf,inf,inf,inf,inf,3.9719998836517334,3.9719998836517334,3.9719998836517334,3.9719998836517334,3.9719998836517334,3.868000030517578,3.868000030517578,3.868000030517578,3.7839999198913574,3.74399995803833,3.7320001125335693,3.7360000610351562,3.74399995803833,3.74399995803833,3.747999906539917,3.752000093460083,2.888000011444092,2.888000011444092,2.888000011444092,2.8239998817443848,2.8239998817443848,2.7639999389648438,2.7639999389648438,2.6559998989105225,2.6559998989105225,2.5999999046325684,2.5439999103546143,2.492000102996826,2.431999921798706,2.375999927520752,2.3359999656677246,2.3359999656677246,2.299999952316284,2.2039999961853027,2.2039999961853027,2.187999963760376,2.135999917984009,2.0999999046325684,2.0759999752044678,2.0759999752044678,2.0480000972747803,2.0199999809265137,1.9980000257492065,1.9780000448226929,1.968000054359436,1.9539999961853027,1.9359999895095825,1.9359999895095825,1.9160000085830688,1.8919999599456787,1.8700000047683716,1.843999981880188,1.815999984741211,1.7940000295639038,1.7699999809265137,1.7699999809265137,1.746000051498413,1.7239999771118164,1.7039999961853027,1.6859999895095825,1.6640000343322754,1.5140000581741333,1.5140000581741333,1.5,1.5,1.5,1.4819999933242798,1.4759999513626099,1.4759999513626099,1.4759999513626099,inf,inf,1.4199999570846558,1.4199999570846558,1.4199999570846558,1.4199999570846558,1.4199999570846558,1.4040000438690186,...,47.0,47.0,47.0,47.0,47.0,47.0,47.0,0.0,0.0,0.0,0.0,0.0,0.0,0.0,0.0,0.0,0.0,0.0,0.0,0.0,0.0,0.0,0.0,0.0,0.0,0.0,0.0,0.0,0.0,0.0,0.0,0.0,0.0,0.0,0.0,0.0,0.0,0.0,0.0,0.0,0.0,0.0,0.0,0.0,0.0,0.0,0.0,0.0,0.0,0.0,0.0,0.0,0.0,0.0,0.0,0.0,0.0,0.0,0.0,47.0,47.0,47.0,47.0,47.0,0.0,0.0,0.0,0.0,0.0,0.0,0.0,0.0,0.0,0.0,0.0,0.0,0.0,0.0,0.0,0.0,0.0,0.0,0.0,0.0,0.0,0.0,0.0,0.0,0.0,0.0,0.0,0.0,0.0,0.0,0.0,0.0,0.0,0.0,0.0,0.0,0.0,0.0,0.0,0.0,0.0,0.0,0.0,0.0,0.0,0.0,0.0,0.0,0.0,0.0,0.0,0.0,0.0,0.0,0.0,0.0,0.0,0.0,0.0,0.0,0.0,0.0,0.0,0.0,...
1763032547,752034496,laser,-3.1241390705108643,3.1415927410125732,0.0034828970674425364,5.391598824644461e-05,0.09699486941099167,0.15000000596046448,16.0,5.440000057220459,5.432000160217285,5.432000160217285,5.432000160217285,5.432000160217285,5.432000160217285,5.432000160217285,5.432000160217285,5.432000160217285,5.432000160217285,5.432000160217285,5.432000160217285,5.432000160217285,5.432000160217285,5.423999786376953,5.423999786376953,5.432000160217285,5.432000160217285,5.432000160217285,5.440000057220459,5.432000160217285,5.432000160217285,5.432000160217285,5.432000160217285,5.432000160217285,5.432000160217285,5.432000160217285,5.432000160217285,5.432000160217285,5.432000160217285,5.432000160217285,5.432000160217285,5.432000160217285,5.432000160217285,5.432000160217285,5.432000160217285,5.440000057220459,5.440000057220459,5.440000057220459,5.440000057220459,5.440000057220459,5.440000057220459,inf,inf,inf,inf,inf,inf,inf,inf,inf,inf,inf,inf,3.7799999713897705,3.7799999713897705,3.7799999713897705,3.7799999713897705,3.7799999713897705,3.740000009536743,3.7320001125335693,3.7360000610351562,3.740000009536743,3.740000009536743,3.747999906539917,3.752000093460083,2.888000011444092,2.888000011444092,2.888000011444092,2.8239998817443848,2.8239998817443848,2.7639999389648438,2.7639999389648438,2.6519999504089355,2.6519999504089355,2.5959999561309814,2.5320000648498535,2.4800000190734863,2.431999921798706,2.371999979019165,2.3320000171661377,2.2960000038146973,2.2960000038146973,2.24399995803833,2.2119998931884766,2.184000015258789,2.140000104904175,2.111999988555908,2.0840001106262207,2.0480000972747803,2.0220000743865967,2.0220000743865967,2.002000093460083,1.9880000352859497,1.9759999513626099,1.9539999961853027,1.9359999895095825,1.9119999408721924,1.9119999408721924,1.8880000114440918,1.8680000305175781,1.843999981880188,1.815999984741211,1.7920000553131104,1.7680000066757202,1.7680000066757202,1.7239999771118164,1.7239999771118164,1.7039999961853027,1.684000015258789,1.6619999408721924,1.628000020980835,1.5099999904632568,1.4980000257492065,1.4980000257492065,1.4859999418258667,1.4859999418258667,inf,inf,inf,inf,inf,1.4019999504089355,1.4019999504089355,1.4019999504089355,1.4019999504089355,1.4019999504089355,1.3880000114440918,...,47.0,47.0,47.0,47.0,47.0,47.0,0.0,0.0,0.0,0.0,0.0,0.0,0.0,0.0,0.0,0.0,0.0,0.0,47.0,47.0,47.0,47.0,47.0,0.0,0.0,0.0,0.0,0.0,0.0,0.0,0.0,0.0,0.0,0.0,0.0,0.0,0.0,0.0,0.0,0.0,0.0,0.0,0.0,0.0,0.0,0.0,0.0,0.0,0.0,0.0,0.0,0.0,0.0,0.0,0.0,0.0,0.0,0.0,0.0,0.0,0.0,0.0,0.0,0.0,0.0,0.0,0.0,0.0,0.0,0.0,0.0,0.0,0.0,0.0,0.0,0.0,0.0,0.0,0.0,0.0,0.0,0.0,0.0,0.0,0.0,0.0,0.0,0.0,0.0,0.0,0.0,47.0,47.0,47.0,47.0,47.0,0.0,0.0,0.0,0.0,0.0,0.0,0.0,0.0,0.0,0.0,0.0,0.0,0.0,0.0,0.0,0.0,0.0,0.0,0.0,0.0,0.0,0.0,0.0,0.0,0.0,0.0,0.0,0.0,47.0,47.0,47.0,47.0,...
1763032547,850498367,laser,-3.1241390705108643,3.1415927410125732,0.0034828970674425364,5.379067442845553e-05,0.09676942229270935,0.15000000596046448,16.0,5.440000057220459,5.432000160217285,5.432000160217285,5.432000160217285,5.432000160217285,5.432000160217285,5.432000160217285,5.432000160217285,5.432000160217285,5.432000160217285,5.432000160217285,5.432000160217285,5.432000160217285,5.432000160217285,5.432000160217285,5.432000160217285,5.432000160217285,5.432000160217285,5.432000160217285,5.440000057220459,5.432000160217285,5.432000160217285,5.432000160217285,5.432000160217285,5.432000160217285,5.432000160217285,5.432000160217285,5.432000160217285,5.432000160217285,5.432000160217285,5.432000160217285,5.432000160217285,5.432000160217285,5.432000160217285,5.432000160217285,5.432000160217285,5.440000057220459,5.440000057220459,5.440000057220459,5.440000057220459,5.447999954223633,5.447999954223633,inf,inf,inf,inf,inf,inf,inf,inf,inf,inf,inf,3.859999895095825,3.859999895095825,3.859999895095825,3.859999895095825,3.859999895095825,3.7799999713897705,3.74399995803833,3.740000009536743,3.7360000610351562,3.740000009536743,3.740000009536743,3.747999906539917,3.752000093460083,2.884000062942505,2.884000062942505,2.819999933242798,2.819999933242798,2.819999933242798,2.752000093460083,2.696000099182129,2.6519999504089355,2.6519999504089355,2.5959999561309814,2.5320000648498535,2.4800000190734863,2.431999921798706,2.371999979019165,2.3320000171661377,2.2960000038146973,2.2960000038146973,2.200000047683716,2.200000047683716,2.184000015258789,2.140000104904175,2.1040000915527344,2.063999891281128,2.0380001068115234,2.009999990463257,2.009999990463257,1.972000002861023,1.9420000314712524,1.909999966621399,1.878000020980835,1.8539999723434448,1.8259999752044678,1.7899999618530273,1.7899999618530273,1.7660000324249268,1.753999948501587,1.746000051498413,1.7380000352859497,1.7259999513626099,1.718000054359436,1.718000054359436,1.7120000123977661,1.6959999799728394,1.6759999990463257,1.6579999923706055,1.6319999694824219,1.5140000581741333,1.5140000581741333,1.503999948501587,1.503999948501587,1.4859999418258667,inf,inf,inf,inf,1.4019999504089355,1.4019999504089355,1.4019999504089355,1.4019999504089355,1.4019999504089355,1.3860000371932983,1.3860000371932983,...,47.0,47.0,47.0,47.0,47.0,47.0,0.0,0.0,0.0,0.0,0.0,0.0,0.0,0.0,0.0,0.0,0.0,0.0,47.0,47.0,47.0,47.0,47.0,0.0,0.0,0.0,0.0,0.0,0.0,0.0,0.0,0.0,0.0,0.0,0.0,0.0,0.0,0.0,0.0,0.0,0.0,0.0,0.0,0.0,0.0,0.0,0.0,0.0,0.0,0.0,0.0,0.0,0.0,0.0,0.0,0.0,0.0,0.0,0.0,0.0,0.0,0.0,0.0,0.0,0.0,0.0,0.0,0.0,0.0,0.0,0.0,0.0,0.0,0.0,0.0,0.0,0.0,0.0,0.0,0.0,0.0,0.0,0.0,0.0,0.0,0.0,0.0,0.0,0.0,0.0,0.0,0.0,0.0,0.0,0.0,0.0,0.0,0.0,0.0,0.0,0.0,0.0,0.0,0.0,0.0,0.0,0.0,0.0,0.0,0.0,0.0,0.0,0.0,0.0,0.0,0.0,0.0,0.0,0.0,0.0,0.0,0.0,0.0,0.0,0.0,0.0,0.0,0.0,...
1763032547,948875939,laser,-3.1241390705108643,3.1415927410125732,0.0034828970674425364,5.379501453717239e-05,0.09677723050117493,0.15000000596046448,16.0,5.432000160217285,5.432000160217285,5.432000160217285,5.432000160217285,5.440000057220459,5.432000160217285,5.432000160217285,5.432000160217285,5.432000160217285,5.432000160217285,5.432000160217285,5.423999786376953,5.432000160217285,5.432000160217285,5.432000160217285,5.432000160217285,5.432000160217285,5.432000160217285,5.432000160217285,5.432000160217285,5.432000160217285,5.432000160217285,5.432000160217285,5.423999786376953,5.432000160217285,5.440000057220459,5.432000160217285,5.432000160217285,5.432000160217285,5.432000160217285,5.432000160217285,5.432000160217285,5.432000160217285,5.432000160217285,5.432000160217285,5.432000160217285,5.440000057220459,5.440000057220459,5.447999954223633,5.447999954223633,5.440000057220459,5.432000160217285,inf,inf,inf,inf,inf,inf,inf,4.076000213623047,4.076000213623047,4.076000213623047,4.076000213623047,4.076000213623047,3.75600004196167,3.75600004196167,3.75600004196167,3.75600004196167,3.74399995803833,3.74399995803833,3.7360000610351562,3.7360000610351562,3.7360000610351562,3.740000009536743,3.747999906539917,3.752000093460083,2.884000062942505,2.884000062942505,2.812000036239624,2.812000036239624,2.812000036239624,2.812000036239624,2.747999906539917,2.687999963760376,2.635999917984009,2.5880000591278076,2.5280001163482666,2.4800000190734863,2.4800000190734863,2.371999979019165,2.371999979019165,2.3320000171661377,2.303999900817871,2.187999963760376,2.187999963760376,2.184000015258789,2.140000104904175,2.140000104904175,2.1040000915527344,2.068000078201294,2.0399999618530273,2.0239999294281006,2.007999897003174,1.99399995803833,1.9839999675750732,1.9839999675750732,1.9639999866485596,1.944000005722046,1.9179999828338623,1.8919999599456787,1.8680000305175781,1.8380000591278076,1.809999942779541,1.809999942779541,1.7879999876022339,1.7660000324249268,1.7400000095367432,1.7200000286102295,1.7020000219345093,1.6799999475479126,1.656000018119812,1.656000018119812,1.5160000324249268,1.5160000324249268,1.5160000324249268,1.5,1.4839999675750732,1.4780000448226929,1.4759999513626099,1.4759999513626099,1.4759999513626099,1.4179999828338623,1.4179999828338623,1.4179999828338623,1.4179999828338623,1.4179999828338623,1.4019999504089355,1.4019999504089355,...,47.0,47.0,47.0,47.0,47.0,47.0,47.0,0.0,0.0,0.0,0.0,0.0,0.0,0.0,0.0,0.0,0.0,0.0,0.0,0.0,0.0,0.0,0.0,0.0,0.0,0.0,0.0,0.0,0.0,0.0,0.0,0.0,0.0,0.0,0.0,0.0,0.0,0.0,0.0,0.0,0.0,0.0,0.0,0.0,0.0,0.0,0.0,0.0,0.0,0.0,0.0,0.0,0.0,0.0,0.0,0.0,0.0,0.0,0.0,47.0,47.0,47.0,47.0,47.0,0.0,0.0,0.0,0.0,0.0,0.0,0.0,0.0,0.0,0.0,0.0,0.0,0.0,0.0,0.0,0.0,0.0,0.0,0.0,0.0,0.0,0.0,0.0,0.0,0.0,47.0,47.0,47.0,47.0,47.0,0.0,0.0,0.0,0.0,0.0,0.0,0.0,0.0,0.0,0.0,0.0,0.0,0.0,0.0,0.0,0.0,0.0,0.0,0.0,0.0,0.0,0.0,0.0,0.0,0.0,0.0,0.0,0.0,0.0,0.0,0.0,0.0,47.0,47.0,...
1763032548,47291152,laser,-3.1241390705108643,3.1415927410125732,0.0034828970674425364,5.0291400839341804e-05,0.09047423303127289,0.15000000596046448,16.0,5.432000160217285,5.432000160217285,5.432000160217285,5.432000160217285,5.432000160217285,5.432000160217285,5.432000160217285,5.432000160217285,5.432000160217285,5.432000160217285,5.432000160217285,5.432000160217285,5.432000160217285,5.432000160217285,5.432000160217285,5.432000160217285,5.432000160217285,5.432000160217285,5.432000160217285,5.432000160217285,5.432000160217285,5.432000160217285,5.432000160217285,5.423999786376953,5.432000160217285,5.432000160217285,5.432000160217285,5.432000160217285,5.432000160217285,5.432000160217285,5.432000160217285,5.432000160217285,5.432000160217285,5.432000160217285,5.440000057220459,5.432000160217285,5.432000160217285,5.440000057220459,5.447999954223633,5.447999954223633,5.440000057220459,5.440000057220459,inf,inf,inf,inf,inf,inf,inf,inf,inf,3.940000057220459,3.940000057220459,3.940000057220459,3.940000057220459,3.940000057220459,3.752000093460083,3.752000093460083,3.752000093460083,3.740000009536743,3.740000009536743,3.740000009536743,3.740000009536743,3.74399995803833,3.747999906539917,3.747999906539917,3.747999906539917,2.927999973297119,2.927999973297119,2.880000114440918,2.880000114440918,2.808000087738037,2.74399995803833,2.684000015258789,2.619999885559082,2.559999942779541,2.51200008392334,2.51200008392334,2.4719998836517334,2.4119999408721924,2.359999895095825,2.312000036239624,2.2839999198913574,2.180000066757202,2.180000066757202,2.171999931335449,2.135999917984009,2.135999917984009,2.1040000915527344,2.072000026702881,2.0399999618530273,2.0220000743865967,2.00600004196167,1.9859999418258667,1.968000054359436,1.968000054359436,1.9500000476837158,1.9279999732971191,1.909999966621399,1.8819999694824219,1.8580000400543213,1.8380000591278076,1.809999942779541,1.809999942779541,1.7860000133514404,1.7640000581741333,1.7400000095367432,1.718000054359436,1.6959999799728394,1.6720000505447388,1.6720000505447388,1.6519999504089355,1.5379999876022339,1.5379999876022339,1.5080000162124634,1.496000051498413,1.4839999675750732,1.468000054359436,inf,inf,inf,inf,1.4019999504089355,1.4019999504089355,1.4019999504089355,1.4019999504089355,1.4019999504089355,1.3860000371932983,...,47.0,47.0,47.0,47.0,47.0,47.0,47.0,0.0,0.0,0.0,0.0,0.0,0.0,0.0,0.0,0.0,0.0,0.0,0.0,0.0,0.0,0.0,0.0,0.0,0.0,0.0,0.0,0.0,0.0,0.0,47.0,47.0,47.0,47.0,47.0,0.0,0.0,0.0,0.0,0.0,0.0,0.0,0.0,0.0,0.0,0.0,0.0,0.0,0.0,0.0,0.0,0.0,0.0,0.0,0.0,0.0,0.0,0.0,0.0,0.0,0.0,0.0,0.0,0.0,0.0,0.0,0.0,0.0,0.0,0.0,0.0,0.0,0.0,0.0,0.0,0.0,0.0,0.0,0.0,0.0,0.0,0.0,0.0,0.0,0.0,0.0,0.0,0.0,0.0,0.0,0.0,0.0,0.0,0.0,0.0,0.0,0.0,0.0,0.0,0.0,0.0,0.0,0.0,0.0,0.0,0.0,0.0,0.0,0.0,0.0,0.0,0.0,0.0,0.0,0.0,0.0,0.0,0.0,0.0,0.0,0.0,0.0,0.0,0.0,0.0,0.0,0.0,0.0,...
1763032548,138747610,laser,-3.1241390705108643,3.1415927410125732,0.0034828970674425364,5.4063977586338297e-05,0.09726109355688095,0.15000000596046448,16.0,5.440000057220459,5.440000057220459,5.440000057220459,5.440000057220459,5.432000160217285,5.432000160217285,5.432000160217285,5.432000160217285,5.432000160217285,5.432000160217285,5.432000160217285,5.432000160217285,5.432000160217285,5.432000160217285,5.432000160217285,5.432000160217285,5.423999786376953,5.423999786376953,5.432000160217285,5.432000160217285,5.432000160217285,5.432000160217285,5.432000160217285,5.432000160217285,5.432000160217285,5.432000160217285,5.432000160217285,5.432000160217285,5.432000160217285,5.432000160217285,5.432000160217285,5.432000160217285,5.432000160217285,5.432000160217285,5.432000160217285,5.432000160217285,5.440000057220459,5.447999954223633,5.447999954223633,5.440000057220459,5.440000057220459,5.440000057220459,inf,inf,inf,inf,inf,inf,inf,inf,inf,inf,inf,3.752000093460083,3.752000093460083,3.752000093460083,3.752000093460083,3.752000093460083,3.740000009536743,3.740000009536743,3.740000009536743,3.740000009536743,3.740000009536743,3.74399995803833,3.747999906539917,3.747999906539917,2.931999921798706,2.931999921798706,2.875999927520752,2.875999927520752,2.875999927520752,2.808000087738037,2.74399995803833,2.687999963760376,2.624000072479248,2.563999891281128,2.51200008392334,2.4679999351501465,2.4679999351501465,2.359999895095825,2.359999895095825,2.319999933242798,2.2960000038146973,2.180000066757202,2.180000066757202,2.171999931335449,2.135999917984009,2.0999999046325684,2.0999999046325684,2.068000078201294,2.0320000648498535,1.99399995803833,1.9620000123977661,1.9359999895095825,1.9119999408721924,1.8760000467300415,1.850000023841858,1.850000023841858,1.8279999494552612,1.7940000295639038,1.7660000324249268,1.753999948501587,1.7519999742507935,1.7480000257492065,1.7359999418258667,1.7359999418258667,1.7239999771118164,1.7120000123977661,1.6959999799728394,1.6720000505447388,1.6519999504089355,1.6260000467300415,1.5119999647140503,1.5119999647140503,1.4980000257492065,1.4980000257492065,1.4819999933242798,inf,inf,inf,inf,1.4019999504089355,1.4019999504089355,1.4019999504089355,1.4019999504089355,1.4019999504089355,1.3860000371932983,1.3860000371932983,...,47.0,47.0,47.0,47.0,47.0,47.0,47.0,47.0,47.0,0.0,0.0,0.0,0.0,0.0,0.0,0.0,0.0,0.0,0.0,0.0,0.0,0.0,0.0,0.0,0.0,0.0,0.0,0.0,0.0,0.0,0.0,0.0,0.0,0.0,0.0,0.0,0.0,0.0,0.0,0.0,0.0,0.0,0.0,0.0,0.0,0.0,0.0,0.0,0.0,0.0,0.0,0.0,0.0,0.0,0.0,0.0,0.0,0.0,0.0,0.0,0.0,0.0,0.0,0.0,0.0,0.0,0.0,0.0,0.0,0.0,0.0,0.0,0.0,0.0,0.0,0.0,0.0,0.0,0.0,0.0,0.0,0.0,0.0,0.0,0.0,0.0,0.0,0.0,0.0,0.0,0.0,0.0,0.0,0.0,0.0,0.0,0.0,0.0,0.0,0.0,0.0,0.0,0.0,0.0,0.0,0.0,0.0,0.0,0.0,0.0,0.0,0.0,0.0,0.0,0.0,0.0,0.0,0.0,0.0,0.0,0.0,0.0,0.0,0.0,47.0,47.0,47.0,47.0,...
1763032548,237475753,laser,-3.1241390705108643,3.1415927410125732,0.0034828970674425364,5.3802403272129595e-05,0.09679052233695984,0.15000000596046448,16.0,5.440000057220459,5.440000057220459,5.440000057220459,5.440000057220459,5.440000057220459,5.432000160217285,5.432000160217285,5.432000160217285,5.432000160217285,5.432000160217285,5.432000160217285,5.432000160217285,5.432000160217285,5.432000160217285,5.432000160217285,5.432000160217285,5.432000160217285,5.432000160217285,5.432000160217285,5.432000160217285,5.432000160217285,5.432000160217285,5.432000160217285,5.432000160217285,5.423999786376953,5.423999786376953,5.432000160217285,5.432000160217285,5.432000160217285,5.432000160217285,5.432000160217285,5.432000160217285,5.432000160217285,5.432000160217285,5.432000160217285,5.432000160217285,5.432000160217285,5.440000057220459,5.440000057220459,5.440000057220459,5.440000057220459,5.440000057220459,inf,inf,inf,inf,inf,inf,inf,3.9719998836517334,3.9719998836517334,3.9719998836517334,3.9719998836517334,3.9719998836517334,3.864000082015991,3.864000082015991,3.864000082015991,3.864000082015991,3.7799999713897705,3.740000009536743,3.7360000610351562,3.7360000610351562,3.740000009536743,3.747999906539917,3.747999906539917,3.752000093460083,2.888000011444092,2.888000011444092,2.8320000171661377,2.8320000171661377,2.8320000171661377,2.7720000743865967,2.7119998931884766,2.6519999504089355,2.5999999046325684,2.5999999046325684,2.5360000133514404,2.4800000190734863,2.440000057220459,2.3320000171661377,2.3320000171661377,2.2960000038146973,2.247999906539917,2.247999906539917,2.2200000286102295,2.187999963760376,2.1440000534057617,2.1040000915527344,2.072000026702881,2.0460000038146973,2.0260000228881836,2.009999990463257,2.009999990463257,1.9980000257492065,1.9859999418258667,1.965999960899353,1.944000005722046,1.9240000247955322,1.9019999504089355,1.9019999504089355,1.8739999532699585,1.8459999561309814,1.8200000524520874,1.7960000038146973,1.7740000486373901,1.7519999742507935,1.7280000448226929,1.7079999446868896,1.7079999446868896,1.6859999895095825,1.6619999408721924,1.6380000114440918,1.5160000324249268,1.5160000324249268,1.50600004196167,1.4880000352859497,1.4780000448226929,1.4780000448226929,1.4780000448226929,1.4759999513626099,inf,1.4179999828338623,1.4179999828338623,1.4179999828338623,1.4179999828338623,1.4179999828338623,1.4040000438690186,1.4040000438690186,...,0.0,47.0,47.0,47.0,47.0,47.0,47.0,0.0,0.0,0.0,0.0,0.0,0.0,0.0,0.0,0.0,0.0,0.0,0.0,0.0,0.0,0.0,0.0,0.0,0.0,0.0,0.0,0.0,0.0,0.0,0.0,0.0,0.0,0.0,0.0,0.0,0.0,0.0,0.0,0.0,0.0,0.0,0.0,0.0,0.0,0.0,0.0,0.0,0.0,0.0,0.0,0.0,0.0,0.0,0.0,0.0,0.0,0.0,0.0,0.0,0.0,0.0,0.0,0.0,0.0,0.0,0.0,0.0,0.0,0.0,0.0,0.0,0.0,0.0,0.0,0.0,0.0,0.0,0.0,0.0,0.0,0.0,0.0,0.0,0.0,0.0,0.0,0.0,0.0,0.0,0.0,0.0,0.0,0.0,0.0,0.0,0.0,0.0,0.0,0.0,0.0,0.0,0.0,0.0,0.0,0.0,0.0,0.0,0.0,0.0,0.0,0.0,0.0,0.0,0.0,0.0,0.0,0.0,0.0,0.0,0.0,0.0,0.0,0.0,0.0,47.0,47.0,47.0,...
1763032548,335778390,laser,-3.1241390705108643,3.1415927410125732,0.0034828970674425364,5.3782125178258866e-05,0.0967540442943573,0.15000000596046448,16.0,5.440000057220459,5.440000057220459,5.440000057220459,5.440000057220459,5.440000057220459,5.440000057220459,5.440000057220459,5.432000160217285,5.432000160217285,5.432000160217285,5.432000160217285,5.432000160217285,5.432000160217285,5.432000160217285,5.432000160217285,5.432000160217285,5.432000160217285,5.432000160217285,5.432000160217285,5.432000160217285,5.432000160217285,5.432000160217285,5.432000160217285,5.432000160217285,5.432000160217285,5.432000160217285,5.432000160217285,5.432000160217285,5.432000160217285,5.432000160217285,5.432000160217285,5.432000160217285,5.440000057220459,5.440000057220459,5.440000057220459,5.432000160217285,5.440000057220459,5.440000057220459,5.440000057220459,5.440000057220459,5.440000057220459,inf,inf,inf,inf,inf,inf,inf,inf,inf,inf,inf,3.868000030517578,3.868000030517578,3.868000030517578,3.868000030517578,3.868000030517578,3.7839999198913574,3.740000009536743,3.740000009536743,3.740000009536743,3.74399995803833,3.74399995803833,3.74399995803833,3.747999906539917,3.747999906539917,2.9079999923706055,2.8320000171661377,2.8320000171661377,2.8320000171661377,2.8320000171661377,2.7720000743865967,2.7119998931884766,2.6519999504089355,2.5999999046325684,2.5360000133514404,2.5360000133514404,2.4800000190734863,2.440000057220459,2.384000062942505,2.3359999656677246,2.2960000038146973,2.259999990463257,2.2279999256134033,2.191999912261963,2.191999912261963,2.1440000534057617,2.1040000915527344,2.072000026702881,2.0460000038146973,2.0239999294281006,1.99399995803833,1.965999960899353,1.965999960899353,1.9539999961853027,1.937999963760376,1.9279999732971191,1.9119999408721924,1.8940000534057617,1.8940000534057617,1.8739999532699585,1.8459999561309814,1.8200000524520874,1.7979999780654907,1.7740000486373901,1.7519999742507935,1.7280000448226929,1.7079999446868896,1.7079999446868896,1.6859999895095825,1.6619999408721924,1.6419999599456787,1.5160000324249268,1.5160000324249268,1.50600004196167,1.49399995803833,1.4819999933242798,1.4819999933242798,inf,inf,inf,1.399999976158142,1.399999976158142,1.399999976158142,1.399999976158142,1.399999976158142,1.3940000534057617,1.3940000534057617,...,47.0,47.0,47.0,47.0,47.0,47.0,47.0,0.0,0.0,0.0,0.0,0.0,0.0,0.0,0.0,0.0,0.0,0.0,0.0,47.0,47.0,47.0,47.0,47.0,0.0,0.0,0.0,0.0,0.0,0.0,0.0,0.0,0.0,0.0,0.0,0.0,0.0,0.0,0.0,0.0,0.0,0.0,0.0,0.0,0.0,0.0,0.0,0.0,0.0,0.0,0.0,0.0,0.0,0.0,0.0,0.0,0.0,0.0,0.0,0.0,0.0,0.0,0.0,0.0,0.0,0.0,0.0,0.0,0.0,0.0,0.0,0.0,0.0,0.0,0.0,0.0,0.0,0.0,0.0,0.0,0.0,0.0,0.0,0.0,0.0,0.0,0.0,0.0,0.0,47.0,47.0,47.0,47.0,47.0,0.0,0.0,0.0,0.0,0.0,0.0,0.0,0.0,0.0,0.0,0.0,0.0,0.0,0.0,0.0,0.0,0.0,0.0,0.0,0.0,0.0,0.0,0.0,0.0,0.0,0.0,0.0,0.0,0.0,0.0,0.0,0.0,0.0,0.0,...
1763032548,434082082,laser,-3.1241390705108643,3.1415927410125732,0.0034828970674425364,5.37380255991593e-05,0.09667471051216125,0.15000000596046448,16.0,5.432000160217285,5.432000160217285,5.432000160217285,5.440000057220459,5.440000057220459,5.440000057220459,5.440000057220459,5.432000160217285,5.432000160217285,5.440000057220459,5.440000057220459,5.432000160217285,5.432000160217285,5.432000160217285,5.432000160217285,5.432000160217285,5.432000160217285,5.432000160217285,5.432000160217285,5.432000160217285,5.432000160217285,5.432000160217285,5.432000160217285,5.432000160217285,5.440000057220459,5.432000160217285,5.432000160217285,5.432000160217285,5.440000057220459,5.440000057220459,5.440000057220459,5.432000160217285,5.440000057220459,5.440000057220459,5.432000160217285,5.440000057220459,5.440000057220459,5.440000057220459,5.440000057220459,5.440000057220459,5.440000057220459,5.440000057220459,inf,inf,inf,inf,inf,inf,inf,inf,inf,inf,inf,3.8399999141693115,3.8399999141693115,3.8399999141693115,3.8399999141693115,3.8399999141693115,3.7679998874664307,3.74399995803833,3.740000009536743,3.7360000610351562,3.7360000610351562,3.740000009536743,3.747999906539917,3.752000093460083,2.888000011444092,2.888000011444092,2.8320000171661377,2.8320000171661377,2.8320000171661377,2.8320000171661377,2.75600004196167,2.700000047683716,2.6519999504089355,2.5920000076293945,2.5320000648498535,2.4800000190734863,2.436000108718872,2.380000114440918,2.380000114440918,2.3320000171661377,2.299999952316284,2.196000099182129,2.196000099182129,2.180000066757202,2.135999917984009,2.1040000915527344,2.1040000915527344,2.068000078201294,2.0339999198913574,2.0,1.9780000448226929,1.9500000476837158,1.9140000343322754,1.8799999952316284,1.8539999723434448,1.8259999752044678,1.8259999752044678,1.7940000295639038,1.7719999551773071,1.7580000162124634,1.75600004196167,1.7519999742507935,1.7380000352859497,1.7380000352859497,1.7239999771118164,1.7139999866485596,1.6959999799728394,1.6779999732971191,1.6579999923706055,1.6339999437332153,1.5140000581741333,1.5140000581741333,1.5,1.5,1.4819999933242798,inf,inf,inf,inf,1.4019999504089355,1.4019999504089355,1.4019999504089355,1.4019999504089355,1.4019999504089355,1.3880000114440918,1.3880000114440918,...,47.0,47.0,47.0,47.0,47.0,47.0,47.0,0.0,0.0,0.0,0.0,0.0,0.0,0.0,0.0,0.0,0.0,0.0,0.0,0.0,0.0,0.0,0.0,0.0,0.0,0.0,0.0,0.0,0.0,0.0,0.0,0.0,0.0,0.0,0.0,0.0,0.0,0.0,0.0,0.0,0.0,0.0,0.0,0.0,0.0,0.0,0.0,0.0,0.0,0.0,0.0,0.0,0.0,0.0,0.0,0.0,0.0,0.0,0.0,0.0,0.0,0.0,0.0,0.0,0.0,0.0,0.0,0.0,0.0,0.0,0.0,0.0,0.0,0.0,0.0,0.0,0.0,0.0,0.0,0.0,0.0,0.0,0.0,0.0,0.0,0.0,0.0,0.0,0.0,47.0,47.0,47.0,47.0,47.0,0.0,0.0,0.0,0.0,0.0,0.0,0.0,0.0,0.0,0.0,0.0,0.0,0.0,0.0,0.0,0.0,0.0,0.0,0.0,0.0,0.0,0.0,0.0,0.0,0.0,0.0,0.0,0.0,0.0,0.0,0.0,47.0,47.0,47.0,...
1763032548,531791756,laser,-3.1241390705108643,3.1415927410125732,0.0034828970674425364,5.3949737775838e-05,0.0970555767416954,0.15000000596046448,16.0,5.432000160217285,5.432000160217285,5.432000160217285,5.432000160217285,5.432000160217285,5.440000057220459,5.440000057220459,5.440000057220459,5.432000160217285,5.432000160217285,5.432000160217285,5.432000160217285,5.432000160217285,5.432000160217285,5.432000160217285,5.432000160217285,5.432000160217285,5.432000160217285,5.432000160217285,5.432000160217285,5.432000160217285,5.432000160217285,5.432000160217285,5.432000160217285,5.432000160217285,5.440000057220459,5.440000057220459,5.440000057220459,5.432000160217285,5.432000160217285,5.432000160217285,5.432000160217285,5.440000057220459,5.440000057220459,5.440000057220459,5.440000057220459,5.440000057220459,5.440000057220459,5.440000057220459,5.440000057220459,5.440000057220459,inf,inf,inf,inf,inf,inf,inf,inf,inf,3.8519999980926514,3.8519999980926514,3.8519999980926514,3.8519999980926514,3.8519999980926514,3.7720000743865967,3.7720000743865967,3.7720000743865967,3.7720000743865967,3.740000009536743,3.740000009536743,3.740000009536743,3.74399995803833,3.74399995803833,3.74399995803833,3.747999906539917,2.9040000438690186,2.9040000438690186,2.9040000438690186,2.8320000171661377,2.8320000171661377,2.7720000743865967,2.7160000801086426,2.6519999504089355,2.5999999046325684,2.5999999046325684,2.5399999618530273,2.4839999675750732,2.440000057220459,2.384000062942505,2.3359999656677246,2.2960000038146973,2.259999990463257,2.259999990463257,2.191999912261963,2.191999912261963,2.1440000534057617,2.1040000915527344,2.072000026702881,2.0439999103546143,2.0160000324249268,1.9919999837875366,1.9919999837875366,1.972000002861023,1.9539999961853027,1.9459999799728394,1.937999963760376,1.9199999570846558,1.899999976158142,1.899999976158142,1.8739999532699585,1.8480000495910645,1.8259999752044678,1.7979999780654907,1.7740000486373901,1.7519999742507935,1.7300000190734863,1.7079999446868896,1.7079999446868896,1.6859999895095825,1.6660000085830688,1.6460000276565552,1.5160000324249268,1.50600004196167,1.50600004196167,1.49399995803833,1.4839999675750732,1.4780000448226929,1.4780000448226929,1.4780000448226929,inf,inf,1.4079999923706055,1.4079999923706055,1.4079999923706055,1.4079999923706055,1.4079999923706055,1.3980000019073486,...,47.0,47.0,47.0,47.0,47.0,47.0,47.0,0.0,0.0,0.0,0.0,0.0,0.0,0.0,0.0,0.0,0.0,0.0,0.0,0.0,0.0,0.0,0.0,0.0,0.0,0.0,0.0,0.0,0.0,0.0,0.0,0.0,0.0,0.0,0.0,0.0,0.0,0.0,0.0,0.0,0.0,0.0,0.0,0.0,0.0,0.0,0.0,0.0,0.0,0.0,0.0,0.0,0.0,0.0,0.0,0.0,0.0,0.0,0.0,0.0,0.0,0.0,0.0,0.0,0.0,0.0,0.0,0.0,0.0,0.0,0.0,0.0,0.0,0.0,0.0,0.0,0.0,0.0,0.0,0.0,0.0,0.0,0.0,0.0,0.0,0.0,0.0,0.0,0.0,47.0,47.0,47.0,47.0,47.0,0.0,0.0,0.0,0.0,0.0,0.0,0.0,0.0,0.0,0.0,0.0,0.0,0.0,0.0,0.0,0.0,0.0,0.0,0.0,0.0,0.0,0.0,0.0,0.0,0.0,0.0,0.0,0.0,0.0,0.0,0.0,0.0,0.0,0.0,...
1763032548,629944216,laser,-3.1241390705108643,3.1415927410125732,0.0034828970674425364,5.0710677896859124e-05,0.09122850745916367,0.15000000596046448,16.0,5.432000160217285,5.432000160217285,5.432000160217285,5.432000160217285,5.432000160217285,5.432000160217285,5.432000160217285,5.432000160217285,5.432000160217285,5.432000160217285,5.432000160217285,5.432000160217285,5.432000160217285,5.432000160217285,5.432000160217285,5.432000160217285,5.432000160217285,5.432000160217285,5.432000160217285,5.432000160217285,5.432000160217285,5.432000160217285,5.432000160217285,5.432000160217285,5.432000160217285,5.432000160217285,5.432000160217285,5.432000160217285,5.432000160217285,5.432000160217285,5.432000160217285,5.432000160217285,5.432000160217285,5.432000160217285,5.432000160217285,5.432000160217285,5.440000057220459,5.440000057220459,5.440000057220459,5.447999954223633,5.440000057220459,5.440000057220459,inf,inf,inf,inf,inf,inf,inf,inf,3.8559999465942383,3.8559999465942383,3.8559999465942383,3.8559999465942383,3.8559999465942383,3.7720000743865967,3.7720000743865967,3.7720000743865967,3.7720000743865967,3.740000009536743,3.7320001125335693,3.7360000610351562,3.74399995803833,3.74399995803833,3.747999906539917,3.752000093460083,2.888000011444092,2.888000011444092,2.888000011444092,2.8320000171661377,2.8320000171661377,2.759999990463257,2.759999990463257,2.6519999504089355,2.6519999504089355,2.5920000076293945,2.5320000648498535,2.4800000190734863,2.436000108718872,2.384000062942505,2.3359999656677246,2.2960000038146973,2.2960000038146973,2.24399995803833,2.2160000801086426,2.191999912261963,2.1440000534057617,2.1040000915527344,2.0759999752044678,2.0480000972747803,2.0179998874664307,2.0179998874664307,1.9919999837875366,1.9759999513626099,1.9579999446868896,1.9459999799728394,1.934000015258789,1.9160000085830688,1.9160000085830688,1.8940000534057617,1.8660000562667847,1.8420000076293945,1.8220000267028809,1.7979999780654907,1.7740000486373901,1.7740000486373901,1.7300000190734863,1.7300000190734863,1.7079999446868896,1.6859999895095825,1.6640000343322754,1.6380000114440918,1.5140000581741333,1.5,1.5,1.4900000095367432,1.4900000095367432,1.4780000448226929,inf,inf,inf,inf,1.4019999504089355,1.4019999504089355,1.4019999504089355,1.4019999504089355,1.4019999504089355,1.3880000114440918,...,47.0,47.0,47.0,47.0,47.0,47.0,0.0,0.0,0.0,0.0,0.0,0.0,0.0,0.0,0.0,0.0,0.0,0.0,0.0,0.0,0.0,0.0,0.0,0.0,0.0,0.0,0.0,0.0,0.0,0.0,0.0,0.0,0.0,0.0,0.0,0.0,0.0,0.0,0.0,0.0,0.0,0.0,0.0,0.0,0.0,0.0,0.0,0.0,0.0,0.0,0.0,0.0,0.0,0.0,0.0,0.0,0.0,0.0,0.0,0.0,0.0,0.0,0.0,0.0,0.0,0.0,0.0,0.0,0.0,0.0,0.0,0.0,0.0,0.0,0.0,0.0,0.0,0.0,0.0,0.0,0.0,0.0,0.0,0.0,0.0,0.0,0.0,0.0,0.0,0.0,0.0,47.0,47.0,47.0,47.0,47.0,0.0,0.0,0.0,0.0,0.0,0.0,0.0,0.0,0.0,0.0,0.0,0.0,0.0,0.0,0.0,0.0,0.0,0.0,0.0,0.0,0.0,0.0,0.0,0.0,0.0,0.0,0.0,0.0,47.0,47.0,47.0,47.0,...
1763032548,722753421,laser,-3.1241390705108643,3.1415927410125732,0.0034828970674425364,5.370614962885156e-05,0.09661736339330673,0.15000000596046448,16.0,5.432000160217285,5.440000057220459,5.440000057220459,5.440000057220459,5.440000057220459,5.432000160217285,5.432000160217285,5.440000057220459,5.440000057220459,5.440000057220459,5.432000160217285,5.432000160217285,5.432000160217285,5.432000160217285,5.432000160217285,5.432000160217285,5.432000160217285,5.432000160217285,5.432000160217285,5.432000160217285,5.432000160217285,5.432000160217285,5.432000160217285,5.432000160217285,5.432000160217285,5.432000160217285,5.432000160217285,5.432000160217285,5.432000160217285,5.432000160217285,5.432000160217285,5.432000160217285,5.432000160217285,5.432000160217285,5.432000160217285,5.432000160217285,5.440000057220459,5.440000057220459,5.440000057220459,5.440000057220459,5.440000057220459,5.440000057220459,inf,inf,inf,inf,inf,inf,inf,inf,3.8440001010894775,3.8440001010894775,3.8440001010894775,3.8440001010894775,3.8440001010894775,3.7720000743865967,3.7720000743865967,3.7720000743865967,3.7720000743865967,3.740000009536743,3.7360000610351562,3.7360000610351562,3.74399995803833,3.74399995803833,3.747999906539917,3.747999906539917,2.888000011444092,2.888000011444092,2.888000011444092,2.828000068664551,2.828000068664551,2.759999990463257,2.700000047683716,2.6519999504089355,2.6519999504089355,2.5920000076293945,2.5320000648498535,2.4839999675750732,2.431999921798706,2.380000114440918,2.3359999656677246,2.2960000038146973,2.2960000038146973,2.2039999961853027,2.2039999961853027,2.187999963760376,2.140000104904175,2.1080000400543213,2.0759999752044678,2.0360000133514404,1.9980000257492065,1.9980000257492065,1.965999960899353,1.9420000314712524,1.9119999408721924,1.8799999952316284,1.8539999723434448,1.8259999752044678,1.7979999780654907,1.777999997138977,1.777999997138977,1.7660000324249268,1.75600004196167,1.75,1.7400000095367432,1.7300000190734863,1.715999960899353,1.715999960899353,1.6959999799728394,1.6779999732971191,1.6579999923706055,1.6339999437332153,1.5140000581741333,1.5,1.5,1.4839999675750732,1.4839999675750732,1.4780000448226929,inf,inf,inf,inf,1.4019999504089355,1.4019999504089355,1.4019999504089355,1.4019999504089355,1.4019999504089355,1.3880000114440918,...,47.0,47.0,47.0,47.0,47.0,47.0,0.0,0.0,0.0,0.0,0.0,0.0,0.0,0.0,0.0,0.0,0.0,0.0,0.0,0.0,0.0,0.0,0.0,0.0,0.0,0.0,0.0,0.0,0.0,0.0,0.0,0.0,0.0,0.0,0.0,0.0,0.0,0.0,0.0,0.0,0.0,0.0,0.0,0.0,0.0,0.0,0.0,0.0,0.0,0.0,0.0,0.0,0.0,0.0,0.0,0.0,0.0,0.0,0.0,0.0,0.0,0.0,0.0,0.0,0.0,0.0,0.0,0.0,0.0,0.0,0.0,0.0,0.0,0.0,0.0,0.0,0.0,0.0,0.0,0.0,0.0,0.0,0.0,0.0,0.0,0.0,0.0,0.0,0.0,0.0,0.0,47.0,47.0,47.0,47.0,47.0,0.0,0.0,0.0,0.0,0.0,0.0,0.0,0.0,0.0,0.0,0.0,0.0,0.0,0.0,0.0,0.0,0.0,0.0,0.0,0.0,0.0,0.0,0.0,0.0,0.0,0.0,0.0,0.0,0.0,0.0,0.0,0.0,...
1763032548,820816725,laser,-3.1241390705108643,3.1415927410125732,0.0034828970674425364,5.38321583007928e-05,0.09684405475854874,0.15000000596046448,16.0,5.440000057220459,5.440000057220459,5.440000057220459,5.440000057220459,5.440000057220459,5.432000160217285,5.432000160217285,5.432000160217285,5.432000160217285,5.432000160217285,5.432000160217285,5.432000160217285,5.432000160217285,5.432000160217285,5.432000160217285,5.432000160217285,5.432000160217285,5.432000160217285,5.432000160217285,5.432000160217285,5.432000160217285,5.432000160217285,5.432000160217285,5.432000160217285,5.432000160217285,5.432000160217285,5.432000160217285,5.432000160217285,5.432000160217285,5.432000160217285,5.432000160217285,5.432000160217285,5.432000160217285,5.432000160217285,5.432000160217285,5.440000057220459,5.440000057220459,5.440000057220459,5.440000057220459,5.440000057220459,5.440000057220459,5.440000057220459,inf,inf,inf,inf,inf,inf,inf,inf,inf,inf,inf,3.799999952316284,3.799999952316284,3.799999952316284,3.799999952316284,3.799999952316284,3.74399995803833,3.740000009536743,3.740000009536743,3.740000009536743,3.74399995803833,3.747999906539917,3.747999906539917,3.747999906539917,3.747999906539917,2.927999973297119,2.868000030517578,2.868000030517578,2.868000030517578,2.7880001068115234,2.7320001125335693,2.611999988555908,2.611999988555908,2.563999891281128,2.503999948501587,2.503999948501587,2.3919999599456787,2.3919999599456787,2.3519999980926514,2.308000087738037,2.2760000228881836,2.247999906539917,2.191999912261963,2.1519999504089355,2.1519999504089355,2.111999988555908,2.0880000591278076,2.055999994277954,2.0280001163482666,2.0160000324249268,2.002000093460083,1.9819999933242798,1.9819999933242798,1.968000054359436,1.9559999704360962,1.9320000410079956,1.909999966621399,1.8839999437332153,1.8559999465942383,1.8300000429153442,1.8300000429153442,1.7999999523162842,1.7760000228881836,1.75600004196167,1.7319999933242798,1.7120000123977661,1.690000057220459,1.6679999828338623,1.6679999828338623,1.6480000019073486,1.5199999809265137,1.5080000162124634,1.5080000162124634,1.496000051498413,1.4839999675750732,1.4780000448226929,1.4759999513626099,1.4759999513626099,1.434000015258789,1.434000015258789,1.434000015258789,1.409999966621399,1.409999966621399,1.409999966621399,1.409999966621399,1.399999976158142,...,47.0,47.0,47.0,47.0,47.0,47.0,0.0,0.0,0.0,0.0,0.0,0.0,0.0,0.0,0.0,0.0,0.0,0.0,0.0,0.0,0.0,0.0,0.0,0.0,0.0,0.0,0.0,0.0,0.0,0.0,0.0,0.0,0.0,0.0,0.0,0.0,0.0,0.0,0.0,0.0,0.0,0.0,0.0,0.0,0.0,0.0,0.0,0.0,0.0,0.0,0.0,0.0,0.0,0.0,0.0,0.0,0.0,0.0,0.0,0.0,0.0,0.0,0.0,0.0,0.0,0.0,0.0,0.0,0.0,0.0,47.0,47.0,47.0,47.0,47.0,0.0,0.0,0.0,0.0,0.0,0.0,0.0,0.0,0.0,0.0,0.0,0.0,0.0,0.0,0.0,0.0,47.0,47.0,47.0,47.0,47.0,0.0,0.0,0.0,0.0,0.0,0.0,0.0,0.0,0.0,47.0,47.0,47.0,47.0,47.0,0.0,0.0,0.0,0.0,0.0,0.0,0.0,0.0,0.0,0.0,0.0,0.0,0.0,0.0,0.0,0.0,0.0,0.0,...
1763032548,918969902,laser,-3.1241390705108643,3.1415927410125732,0.0034828970674425364,5.3873765864409506e-05,0.09691890329122543,0.15000000596046448,16.0,5.440000057220459,5.440000057220459,5.440000057220459,5.440000057220459,5.440000057220459,5.432000160217285,5.432000160217285,5.432000160217285,5.432000160217285,5.432000160217285,5.432000160217285,5.432000160217285,5.432000160217285,5.432000160217285,5.432000160217285,5.432000160217285,5.432000160217285,5.432000160217285,5.432000160217285,5.432000160217285,5.432000160217285,5.432000160217285,5.432000160217285,5.432000160217285,5.432000160217285,5.432000160217285,5.432000160217285,5.432000160217285,5.432000160217285,5.432000160217285,5.432000160217285,5.432000160217285,5.432000160217285,5.432000160217285,5.432000160217285,5.440000057220459,5.440000057220459,5.440000057220459,5.440000057220459,5.440000057220459,5.440000057220459,5.440000057220459,inf,inf,inf,inf,inf,inf,inf,inf,inf,inf,3.799999952316284,3.799999952316284,3.799999952316284,3.799999952316284,3.799999952316284,3.74399995803833,3.74399995803833,3.74399995803833,3.740000009536743,3.740000009536743,3.74399995803833,3.747999906539917,3.747999906539917,3.747999906539917,2.9000000953674316,2.8440001010894775,2.8440001010894775,2.8440001010894775,2.8440001010894775,2.7880001068115234,2.7200000286102295,2.6600000858306885,2.611999988555908,2.611999988555908,2.563999891281128,2.5,2.447999954223633,2.3919999599456787,2.3519999980926514,2.303999900817871,2.2760000228881836,2.247999906539917,2.247999906539917,2.191999912261963,2.1519999504089355,2.124000072479248,2.0959999561309814,2.058000087738037,2.0320000648498535,2.0179998874664307,2.00600004196167,2.00600004196167,1.9900000095367432,1.9739999771118164,1.9559999704360962,1.9320000410079956,1.909999966621399,1.909999966621399,1.8819999694824219,1.8559999465942383,1.8300000429153442,1.7999999523162842,1.7760000228881836,1.75600004196167,1.7319999933242798,1.7120000123977661,1.690000057220459,1.690000057220459,1.6640000343322754,1.6440000534057617,1.5199999809265137,1.5199999809265137,1.5080000162124634,1.49399995803833,1.4839999675750732,inf,inf,inf,inf,1.4040000438690186,1.4040000438690186,1.4040000438690186,1.4040000438690186,1.4040000438690186,1.3960000276565552,1.3960000276565552,...,47.0,47.0,47.0,47.0,47.0,47.0,0.0,0.0,0.0,0.0,0.0,0.0,0.0,0.0,0.0,0.0,0.0,0.0,0.0,0.0,0.0,0.0,0.0,0.0,0.0,0.0,0.0,0.0,0.0,0.0,0.0,0.0,0.0,0.0,0.0,0.0,0.0,0.0,0.0,0.0,47.0,47.0,47.0,47.0,47.0,0.0,0.0,0.0,0.0,0.0,0.0,0.0,0.0,0.0,0.0,0.0,0.0,0.0,0.0,0.0,0.0,0.0,0.0,0.0,0.0,0.0,0.0,0.0,0.0,0.0,47.0,47.0,47.0,47.0,47.0,0.0,0.0,0.0,0.0,0.0,0.0,0.0,0.0,0.0,0.0,0.0,0.0,0.0,0.0,0.0,0.0,0.0,0.0,0.0,0.0,0.0,0.0,0.0,0.0,0.0,0.0,0.0,0.0,0.0,0.0,0.0,0.0,0.0,0.0,0.0,0.0,0.0,0.0,0.0,0.0,0.0,0.0,0.0,0.0,0.0,0.0,0.0,0.0,0.0,47.0,47.0,47.0,47.0,...
1763032549,17163978,laser,-3.1241390705108643,3.1415927410125732,0.0034828970674425364,5.391705417423509e-05,0.09699678421020508,0.15000000596046448,16.0,5.440000057220459,5.432000160217285,5.440000057220459,5.440000057220459,5.440000057220459,5.432000160217285,5.432000160217285,5.432000160217285,5.432000160217285,5.432000160217285,5.432000160217285,5.432000160217285,5.432000160217285,5.432000160217285,5.432000160217285,5.432000160217285,5.432000160217285,5.432000160217285,5.432000160217285,5.432000160217285,5.432000160217285,5.432000160217285,5.432000160217285,5.432000160217285,5.432000160217285,5.432000160217285,5.432000160217285,5.432000160217285,5.432000160217285,5.432000160217285,5.432000160217285,5.432000160217285,5.440000057220459,5.432000160217285,5.432000160217285,5.440000057220459,5.440000057220459,5.440000057220459,5.440000057220459,5.447999954223633,5.440000057220459,5.447999954223633,inf,inf,inf,inf,inf,inf,inf,inf,inf,inf,inf,3.808000087738037,3.808000087738037,3.808000087738037,3.808000087738037,3.808000087738037,3.75600004196167,3.747999906539917,3.747999906539917,3.740000009536743,3.7360000610351562,3.740000009536743,3.747999906539917,3.747999906539917,2.884000062942505,2.884000062942505,2.819999933242798,2.819999933242798,2.819999933242798,2.819999933242798,2.7360000610351562,2.687999963760376,2.6480000019073486,2.5840001106262207,2.5280001163482666,2.4760000705718994,2.4760000705718994,2.4159998893737793,2.368000030517578,2.328000068664551,2.2920000553131104,2.187999963760376,2.187999963760376,2.180000066757202,2.135999917984009,2.135999917984009,2.0999999046325684,2.059999942779541,2.0280001163482666,1.996000051498413,1.972000002861023,1.9459999799728394,1.909999966621399,1.909999966621399,1.8539999723434448,1.8539999723434448,1.8279999494552612,1.7940000295639038,1.7740000486373901,1.7699999809265137,1.7699999809265137,1.7699999809265137,1.7660000324249268,1.746000051498413,1.7280000448226929,1.7139999866485596,1.694000005722046,1.6759999990463257,1.656000018119812,1.656000018119812,1.5119999647140503,1.5119999647140503,1.5119999647140503,1.4980000257492065,1.4819999933242798,inf,inf,inf,inf,1.3980000019073486,1.3980000019073486,1.3980000019073486,1.3980000019073486,1.3980000019073486,1.3880000114440918,1.3880000114440918,...,47.0,47.0,47.0,47.0,47.0,47.0,47.0,47.0,0.0,0.0,0.0,0.0,0.0,0.0,0.0,0.0,0.0,0.0,0.0,0.0,0.0,0.0,0.0,0.0,0.0,0.0,0.0,0.0,0.0,0.0,0.0,0.0,0.0,0.0,0.0,0.0,0.0,0.0,0.0,0.0,0.0,0.0,0.0,0.0,0.0,0.0,0.0,0.0,0.0,0.0,0.0,0.0,0.0,0.0,0.0,0.0,0.0,0.0,0.0,0.0,0.0,0.0,0.0,0.0,0.0,0.0,0.0,0.0,0.0,0.0,0.0,47.0,47.0,47.0,47.0,47.0,0.0,0.0,0.0,0.0,0.0,0.0,0.0,0.0,0.0,0.0,0.0,0.0,0.0,0.0,0.0,0.0,0.0,0.0,0.0,0.0,0.0,0.0,0.0,0.0,0.0,0.0,0.0,0.0,0.0,0.0,0.0,0.0,0.0,0.0,0.0,0.0,0.0,0.0,0.0,0.0,0.0,0.0,0.0,0.0,0.0,0.0,0.0,0.0,0.0,0.0,47.0,47.0,...
1763032549,115476141,laser,-3.1241390705108643,3.1415927410125732,0.0034828970674425364,5.044792123953812e-05,0.09075581282377243,0.15000000596046448,16.0,5.432000160217285,5.440000057220459,5.432000160217285,5.432000160217285,5.432000160217285,5.432000160217285,5.432000160217285,5.432000160217285,5.432000160217285,5.432000160217285,5.432000160217285,5.432000160217285,5.432000160217285,5.432000160217285,5.432000160217285,5.432000160217285,5.432000160217285,5.432000160217285,5.432000160217285,5.432000160217285,5.432000160217285,5.432000160217285,5.432000160217285,5.432000160217285,5.432000160217285,5.432000160217285,5.432000160217285,5.432000160217285,5.440000057220459,5.432000160217285,5.432000160217285,5.432000160217285,5.432000160217285,5.432000160217285,5.432000160217285,5.432000160217285,5.440000057220459,5.440000057220459,5.440000057220459,5.440000057220459,5.440000057220459,5.440000057220459,inf,inf,inf,inf,inf,inf,inf,inf,inf,inf,3.75600004196167,3.75600004196167,3.75600004196167,3.75600004196167,3.75600004196167,3.74399995803833,3.74399995803833,3.74399995803833,3.7360000610351562,3.7360000610351562,3.7360000610351562,3.740000009536743,3.747999906539917,3.747999906539917,2.884000062942505,2.884000062942505,2.884000062942505,2.884000062942505,2.819999933242798,2.819999933242798,2.740000009536743,2.671999931335449,2.635999917984009,2.5880000591278076,2.5280001163482666,2.4760000705718994,2.4159998893737793,2.364000082015991,2.364000082015991,2.3239998817443848,2.2920000553131104,2.200000047683716,2.180000066757202,2.180000066757202,2.135999917984009,2.1080000400543213,2.1080000400543213,2.072000026702881,2.0460000038146973,2.0420000553131104,2.0299999713897705,2.0160000324249268,1.9980000257492065,1.9700000286102295,1.9700000286102295,1.9459999799728394,1.9220000505447388,1.8919999599456787,1.8619999885559082,1.8380000591278076,1.8140000104904175,1.7920000553131104,1.7920000553131104,1.7660000324249268,1.7419999837875366,1.7200000286102295,1.7020000219345093,1.6820000410079956,1.656000018119812,1.5119999647140503,1.5119999647140503,1.5119999647140503,1.5,1.5,1.4819999933242798,1.4759999513626099,1.4780000448226929,1.4759999513626099,1.496000051498413,1.4179999828338623,1.4179999828338623,1.4179999828338623,1.4179999828338623,1.4019999504089355,1.4019999504089355,1.4019999504089355,...,47.0,47.0,47.0,47.0,47.0,47.0,47.0,0.0,0.0,0.0,0.0,0.0,0.0,0.0,0.0,0.0,0.0,0.0,0.0,0.0,0.0,0.0,0.0,0.0,0.0,0.0,0.0,0.0,0.0,0.0,0.0,0.0,0.0,0.0,0.0,0.0,0.0,0.0,0.0,0.0,0.0,0.0,0.0,0.0,0.0,0.0,0.0,0.0,0.0,0.0,0.0,0.0,0.0,0.0,0.0,0.0,0.0,0.0,0.0,0.0,0.0,0.0,0.0,0.0,0.0,0.0,0.0,0.0,0.0,0.0,0.0,0.0,0.0,0.0,0.0,0.0,0.0,0.0,0.0,0.0,0.0,0.0,0.0,0.0,0.0,0.0,0.0,0.0,0.0,0.0,0.0,0.0,0.0,0.0,0.0,0.0,0.0,0.0,0.0,0.0,0.0,0.0,0.0,0.0,0.0,0.0,0.0,0.0,0.0,0.0,0.0,0.0,0.0,0.0,0.0,0.0,0.0,0.0,0.0,0.0,0.0,0.0,0.0,0.0,0.0,0.0,0.0,0.0,...
1763032549,207265770,laser,-3.1241390705108643,3.1415927410125732,0.0034828970674425364,5.4001946409698576e-05,0.09714949876070023,0.15000000596046448,16.0,5.432000160217285,5.432000160217285,5.432000160217285,5.432000160217285,5.432000160217285,5.432000160217285,5.432000160217285,5.432000160217285,5.432000160217285,5.432000160217285,5.432000160217285,5.440000057220459,5.432000160217285,5.432000160217285,5.432000160217285,5.432000160217285,5.432000160217285,5.432000160217285,5.432000160217285,5.432000160217285,5.432000160217285,5.432000160217285,5.432000160217285,5.432000160217285,5.432000160217285,5.432000160217285,5.432000160217285,5.432000160217285,5.432000160217285,5.432000160217285,5.432000160217285,5.432000160217285,5.432000160217285,5.432000160217285,5.432000160217285,5.432000160217285,5.440000057220459,5.440000057220459,5.440000057220459,5.440000057220459,5.440000057220459,5.440000057220459,inf,inf,inf,inf,inf,4.216000080108643,4.216000080108643,4.216000080108643,4.216000080108643,4.216000080108643,3.9679999351501465,3.9679999351501465,3.9679999351501465,3.75600004196167,3.75600004196167,3.75600004196167,3.75600004196167,3.7360000610351562,3.7320001125335693,3.7360000610351562,3.7360000610351562,3.74399995803833,3.747999906539917,3.747999906539917,2.884000062942505,2.884000062942505,2.884000062942505,2.8239998817443848,2.8239998817443848,2.7639999389648438,2.7639999389648438,2.635999917984009,2.635999917984009,2.5880000591278076,2.5280001163482666,2.4839999675750732,2.440000057220459,2.380000114440918,2.328000068664551,2.328000068664551,2.2920000553131104,2.2039999961853027,2.2039999961853027,2.191999912261963,2.1480000019073486,2.1080000400543213,2.0840001106262207,2.0840001106262207,2.052000045776367,2.0160000324249268,1.9880000352859497,1.9579999446868896,1.9320000410079956,1.9140000343322754,1.906000018119812,1.906000018119812,1.8919999599456787,1.878000020980835,1.8619999885559082,1.8380000591278076,1.8140000104904175,1.7920000553131104,1.7699999809265137,1.7699999809265137,1.7259999513626099,1.7259999513626099,1.7039999961853027,1.6820000410079956,1.6640000343322754,1.6399999856948853,1.5080000162124634,1.4980000257492065,1.4980000257492065,1.4859999418258667,1.4859999418258667,1.4759999513626099,inf,inf,inf,inf,1.4040000438690186,1.4040000438690186,1.4040000438690186,1.4040000438690186,1.4040000438690186,1.3899999856948853,...,0.0,47.0,47.0,47.0,47.0,47.0,47.0,47.0,0.0,0.0,0.0,0.0,0.0,0.0,0.0,0.0,0.0,0.0,0.0,0.0,47.0,47.0,47.0,47.0,47.0,0.0,0.0,0.0,0.0,0.0,0.0,0.0,0.0,0.0,0.0,0.0,0.0,0.0,0.0,0.0,0.0,0.0,0.0,0.0,0.0,0.0,0.0,0.0,0.0,0.0,0.0,0.0,0.0,0.0,0.0,0.0,0.0,0.0,0.0,0.0,0.0,0.0,0.0,0.0,0.0,0.0,0.0,0.0,0.0,0.0,0.0,0.0,0.0,0.0,0.0,0.0,0.0,0.0,0.0,0.0,0.0,0.0,0.0,0.0,0.0,0.0,0.0,0.0,0.0,0.0,0.0,0.0,0.0,0.0,0.0,0.0,0.0,0.0,0.0,0.0,0.0,0.0,0.0,0.0,0.0,0.0,0.0,0.0,0.0,0.0,0.0,0.0,0.0,0.0,0.0,0.0,0.0,0.0,0.0,0.0,0.0,0.0,0.0,0.0,0.0,0.0,47.0,47.0,...
1763032549,305631365,laser,-3.1241390705108643,3.1415927410125732,0.0034828970674425364,5.3914784075459465e-05,0.09699270129203796,0.15000000596046448,16.0,5.432000160217285,5.432000160217285,5.432000160217285,5.432000160217285,5.432000160217285,5.432000160217285,5.432000160217285,5.432000160217285,5.432000160217285,5.432000160217285,5.432000160217285,5.432000160217285,5.432000160217285,5.432000160217285,5.432000160217285,5.432000160217285,5.432000160217285,5.432000160217285,5.432000160217285,5.432000160217285,5.432000160217285,5.432000160217285,5.432000160217285,5.432000160217285,5.432000160217285,5.432000160217285,5.432000160217285,5.432000160217285,5.432000160217285,5.432000160217285,5.432000160217285,5.432000160217285,5.432000160217285,5.432000160217285,5.432000160217285,5.432000160217285,5.432000160217285,5.440000057220459,5.440000057220459,5.440000057220459,5.440000057220459,5.440000057220459,inf,inf,inf,inf,inf,inf,inf,inf,inf,3.871999979019165,3.871999979019165,3.871999979019165,3.871999979019165,3.871999979019165,3.7799999713897705,3.7799999713897705,3.740000009536743,3.740000009536743,3.7360000610351562,3.740000009536743,3.74399995803833,3.74399995803833,3.74399995803833,3.74399995803833,2.9079999923706055,2.9079999923706055,2.9079999923706055,2.9079999923706055,2.8399999141693115,2.7880001068115234,2.6679999828338623,2.615999937057495,2.615999937057495,2.555999994277954,2.5,2.5,2.444000005722046,2.388000011444092,2.3359999656677246,2.303999900817871,2.2880001068115234,2.24399995803833,2.191999912261963,2.1559998989105225,2.1559998989105225,2.115999937057495,2.0840001106262207,2.055999994277954,2.0199999809265137,1.9880000352859497,1.9559999704360962,1.9220000505447388,1.9220000505447388,1.8919999599456787,1.8700000047683716,1.8459999561309814,1.8200000524520874,1.7879999876022339,1.7599999904632568,1.75,1.75,1.75,1.75,1.7380000352859497,1.7259999513626099,1.7079999446868896,1.6859999895095825,1.6640000343322754,1.6640000343322754,1.6440000534057617,1.6119999885559082,1.5099999904632568,1.496000051498413,1.496000051498413,1.4819999933242798,1.468000054359436,inf,1.4359999895095825,1.4359999895095825,1.4359999895095825,1.4359999895095825,1.4359999895095825,1.4119999408721924,1.4119999408721924,1.4119999408721924,1.4119999408721924,...,47.0,47.0,47.0,47.0,47.0,47.0,0.0,0.0,0.0,0.0,0.0,0.0,0.0,0.0,0.0,0.0,0.0,0.0,0.0,0.0,0.0,0.0,0.0,0.0,0.0,0.0,0.0,0.0,0.0,0.0,0.0,0.0,0.0,0.0,0.0,0.0,0.0,0.0,0.0,0.0,0.0,0.0,0.0,0.0,0.0,0.0,0.0,0.0,0.0,0.0,0.0,0.0,0.0,0.0,0.0,0.0,0.0,0.0,0.0,0.0,0.0,0.0,0.0,0.0,0.0,0.0,0.0,0.0,0.0,0.0,0.0,0.0,0.0,0.0,0.0,0.0,0.0,0.0,0.0,0.0,0.0,0.0,0.0,0.0,0.0,0.0,0.0,0.0,0.0,0.0,0.0,47.0,47.0,47.0,47.0,47.0,0.0,0.0,0.0,0.0,0.0,0.0,0.0,0.0,0.0,0.0,0.0,0.0,0.0,0.0,0.0,0.0,0.0,0.0,0.0,0.0,0.0,0.0,0.0,0.0,0.0,0.0,0.0,0.0,0.0,0.0,0.0,0.0,...
1763032549,403745154,laser,-3.1241390705108643,3.1415927410125732,0.0034828970674425364,5.403211252996698e-05,0.09720376878976822,0.15000000596046448,16.0,5.440000057220459,5.440000057220459,5.440000057220459,5.440000057220459,5.440000057220459,5.432000160217285,5.432000160217285,5.432000160217285,5.432000160217285,5.432000160217285,5.432000160217285,5.432000160217285,5.432000160217285,5.432000160217285,5.432000160217285,5.432000160217285,5.432000160217285,5.432000160217285,5.432000160217285,5.432000160217285,5.432000160217285,5.432000160217285,5.432000160217285,5.440000057220459,5.440000057220459,5.432000160217285,5.432000160217285,5.432000160217285,5.432000160217285,5.432000160217285,5.432000160217285,5.432000160217285,5.432000160217285,5.432000160217285,5.432000160217285,5.432000160217285,5.432000160217285,5.440000057220459,5.440000057220459,5.440000057220459,5.447999954223633,5.447999954223633,inf,inf,inf,inf,inf,inf,4.184000015258789,4.184000015258789,4.184000015258789,4.184000015258789,4.184000015258789,3.9760000705718994,3.9760000705718994,3.9760000705718994,3.871999979019165,3.7799999713897705,3.7799999713897705,3.740000009536743,3.7320001125335693,3.740000009536743,3.74399995803833,3.747999906539917,3.747999906539917,3.747999906539917,2.884000062942505,2.884000062942505,2.884000062942505,2.884000062942505,2.828000068664551,2.7679998874664307,2.7079999446868896,2.6480000019073486,2.5920000076293945,2.5920000076293945,2.5280001163482666,2.4839999675750732,2.440000057220459,2.384000062942505,2.3320000171661377,2.2880001068115234,2.240000009536743,2.240000009536743,2.191999912261963,2.191999912261963,2.1480000019073486,2.111999988555908,2.0840001106262207,2.052000045776367,2.0320000648498535,2.0260000228881836,2.0260000228881836,2.0160000324249268,2.0,1.972000002861023,1.9500000476837158,1.9259999990463257,1.9259999990463257,1.9019999504089355,1.8739999532699585,1.8459999561309814,1.8200000524520874,1.7960000038146973,1.7740000486373901,1.75,1.7300000190734863,1.7300000190734863,1.7100000381469727,1.687999963760376,1.6640000343322754,1.6339999437332153,1.5160000324249268,1.5160000324249268,1.503999948501587,1.4859999418258667,1.4859999418258667,1.4780000448226929,1.4780000448226929,1.4759999513626099,1.4220000505447388,1.4220000505447388,1.4220000505447388,1.4220000505447388,1.4220000505447388,1.406000018119812,1.406000018119812,1.406000018119812,...,47.0,47.0,47.0,47.0,47.0,47.0,47.0,47.0,47.0,0.0,0.0,0.0,0.0,0.0,0.0,0.0,0.0,0.0,0.0,0.0,0.0,0.0,0.0,0.0,0.0,0.0,0.0,0.0,0.0,0.0,0.0,0.0,0.0,0.0,0.0,0.0,0.0,0.0,0.0,0.0,0.0,0.0,0.0,0.0,0.0,0.0,0.0,0.0,0.0,0.0,0.0,0.0,0.0,0.0,0.0,0.0,0.0,0.0,0.0,0.0,0.0,47.0,47.0,47.0,47.0,47.0,0.0,0.0,0.0,0.0,0.0,0.0,0.0,0.0,0.0,0.0,0.0,0.0,0.0,0.0,0.0,0.0,0.0,0.0,0.0,0.0,0.0,0.0,0.0,0.0,0.0,0.0,0.0,0.0,0.0,0.0,0.0,0.0,0.0,0.0,0.0,0.0,0.0,0.0,0.0,0.0,0.0,0.0,0.0,0.0,0.0,0.0,0.0,0.0,0.0,0.0,0.0,0.0,0.0,0.0,0.0,0.0,0.0,47.0,47.0,47.0,47.0,47.0,...
1763032549,502463251,laser,-3.1241390705108643,3.1415927410125732,0.0034828970674425364,5.382500239647925e-05,0.09683118015527725,0.15000000596046448,16.0,5.440000057220459,5.440000057220459,5.440000057220459,5.440000057220459,5.440000057220459,5.432000160217285,5.432000160217285,5.432000160217285,5.432000160217285,5.432000160217285,5.432000160217285,5.432000160217285,5.432000160217285,5.432000160217285,5.432000160217285,5.432000160217285,5.432000160217285,5.432000160217285,5.432000160217285,5.432000160217285,5.432000160217285,5.432000160217285,5.432000160217285,5.432000160217285,5.432000160217285,5.432000160217285,5.432000160217285,5.432000160217285,5.432000160217285,5.432000160217285,5.432000160217285,5.432000160217285,5.432000160217285,5.432000160217285,5.432000160217285,5.432000160217285,5.432000160217285,5.432000160217285,5.440000057220459,5.440000057220459,5.440000057220459,5.440000057220459,inf,inf,inf,4.584000110626221,4.584000110626221,4.584000110626221,4.584000110626221,4.584000110626221,4.076000213623047,4.076000213623047,4.076000213623047,3.9639999866485596,3.9639999866485596,3.9639999866485596,3.9639999866485596,3.7639999389648438,3.7639999389648438,3.74399995803833,3.740000009536743,3.740000009536743,3.740000009536743,3.740000009536743,3.747999906539917,3.752000093460083,2.880000114440918,2.880000114440918,2.880000114440918,2.880000114440918,2.880000114440918,2.812000036239624,2.747999906539917,2.696000099182129,2.6440000534057617,2.5880000591278076,2.5280001163482666,2.4800000190734863,2.364000082015991,2.364000082015991,2.364000082015991,2.328000068664551,2.2960000038146973,2.200000047683716,2.180000066757202,2.180000066757202,2.135999917984009,2.111999988555908,2.111999988555908,2.0840001106262207,2.052000045776367,2.0320000648498535,2.0220000743865967,2.00600004196167,1.9859999418258667,1.9620000123977661,1.9620000123977661,1.944000005722046,1.9199999570846558,1.8880000114440918,1.8660000562667847,1.8380000591278076,1.812000036239624,1.7899999618530273,1.7899999618530273,1.7660000324249268,1.7419999837875366,1.7200000286102295,1.7020000219345093,1.6799999475479126,1.656000018119812,1.656000018119812,1.5099999904632568,1.5099999904632568,1.5099999904632568,1.5,1.4859999418258667,inf,inf,inf,inf,inf,inf,1.399999976158142,1.399999976158142,1.399999976158142,1.399999976158142,1.399999976158142,...,47.0,47.0,47.0,47.0,47.0,47.0,47.0,47.0,0.0,0.0,0.0,0.0,0.0,0.0,0.0,0.0,0.0,0.0,0.0,0.0,0.0,0.0,0.0,0.0,0.0,0.0,0.0,0.0,0.0,0.0,0.0,0.0,0.0,0.0,0.0,0.0,0.0,0.0,0.0,0.0,0.0,0.0,0.0,0.0,0.0,0.0,0.0,0.0,0.0,0.0,0.0,0.0,0.0,0.0,0.0,0.0,0.0,0.0,0.0,0.0,0.0,0.0,0.0,0.0,0.0,0.0,0.0,0.0,47.0,47.0,47.0,47.0,47.0,0.0,0.0,0.0,0.0,0.0,0.0,0.0,0.0,0.0,0.0,0.0,0.0,0.0,0.0,0.0,0.0,0.0,47.0,47.0,47.0,47.0,47.0,0.0,0.0,0.0,0.0,0.0,0.0,0.0,0.0,0.0,0.0,0.0,0.0,47.0,47.0,47.0,47.0,47.0,0.0,0.0,0.0,0.0,0.0,0.0,0.0,0.0,0.0,0.0,0.0,0.0,0.0,0.0,0.0,0.0,...
1763032549,600980449,laser,-3.1241390705108643,3.1415927410125732,0.0034828970674425364,5.021522883907892e-05,0.09033719450235367,0.15000000596046448,16.0,5.440000057220459,5.440000057220459,5.440000057220459,5.440000057220459,5.432000160217285,5.432000160217285,5.432000160217285,5.432000160217285,5.432000160217285,5.432000160217285,5.432000160217285,5.432000160217285,5.432000160217285,5.432000160217285,5.432000160217285,5.432000160217285,5.432000160217285,5.432000160217285,5.432000160217285,5.432000160217285,5.432000160217285,5.432000160217285,5.432000160217285,5.432000160217285,5.432000160217285,5.432000160217285,5.432000160217285,5.440000057220459,5.432000160217285,5.432000160217285,5.432000160217285,5.432000160217285,5.432000160217285,5.432000160217285,5.432000160217285,5.440000057220459,5.440000057220459,5.440000057220459,5.440000057220459,5.440000057220459,5.440000057220459,5.440000057220459,inf,inf,inf,inf,inf,inf,inf,inf,inf,3.815999984741211,3.815999984741211,3.815999984741211,3.815999984741211,3.815999984741211,3.75600004196167,3.75600004196167,3.75600004196167,3.740000009536743,3.740000009536743,3.740000009536743,3.740000009536743,3.74399995803833,3.747999906539917,3.752000093460083,2.940000057220459,2.940000057220459,2.940000057220459,2.875999927520752,2.875999927520752,2.812000036239624,2.7320001125335693,2.680000066757202,2.635999917984009,2.5799999237060547,2.5239999294281006,2.5239999294281006,2.4000000953674316,2.4000000953674316,2.364000082015991,2.3239998817443848,2.2920000553131104,2.1760001182556152,2.1760001182556152,2.171999931335449,2.135999917984009,2.135999917984009,2.0959999561309814,2.059999942779541,2.0280001163482666,1.996000051498413,1.9620000123977661,1.937999963760376,1.9140000343322754,1.9140000343322754,1.878000020980835,1.8519999980926514,1.8279999494552612,1.7899999618530273,1.7640000581741333,1.75600004196167,1.753999948501587,1.75,1.75,1.7380000352859497,1.7280000448226929,1.715999960899353,1.6920000314712524,1.6699999570846558,1.6699999570846558,1.6519999504089355,1.628000020980835,1.5180000066757202,1.4980000257492065,1.4980000257492065,1.4839999675750732,1.468000054359436,inf,inf,inf,inf,1.399999976158142,1.399999976158142,1.399999976158142,1.399999976158142,1.399999976158142,1.3860000371932983,...,0.0,47.0,47.0,47.0,47.0,47.0,47.0,47.0,0.0,0.0,0.0,0.0,0.0,0.0,0.0,0.0,0.0,0.0,0.0,0.0,0.0,0.0,0.0,0.0,0.0,0.0,0.0,0.0,0.0,0.0,0.0,0.0,0.0,0.0,0.0,0.0,0.0,0.0,0.0,0.0,0.0,0.0,0.0,0.0,0.0,0.0,0.0,0.0,0.0,0.0,0.0,0.0,0.0,0.0,0.0,0.0,0.0,0.0,0.0,0.0,0.0,0.0,0.0,0.0,0.0,0.0,0.0,0.0,0.0,0.0,0.0,0.0,0.0,0.0,0.0,0.0,0.0,0.0,0.0,0.0,0.0,0.0,0.0,0.0,0.0,0.0,0.0,0.0,0.0,0.0,0.0,0.0,0.0,0.0,0.0,0.0,0.0,0.0,0.0,0.0,0.0,0.0,0.0,0.0,0.0,0.0,0.0,0.0,0.0,0.0,0.0,0.0,0.0,0.0,0.0,0.0,0.0,0.0,0.0,0.0,0.0,0.0,0.0,0.0,0.0,0.0,0.0,0.0,...
1763032549,692703854,laser,-3.1241390705108643,3.1415927410125732,0.0034828970674425364,5.38824824616313e-05,0.09693458676338196,0.15000000596046448,16.0,5.440000057220459,5.432000160217285,5.432000160217285,5.440000057220459,5.432000160217285,5.432000160217285,5.432000160217285,5.432000160217285,5.432000160217285,5.432000160217285,5.432000160217285,5.432000160217285,5.432000160217285,5.432000160217285,5.432000160217285,5.432000160217285,5.432000160217285,5.432000160217285,5.432000160217285,5.432000160217285,5.432000160217285,5.432000160217285,5.432000160217285,5.432000160217285,5.432000160217285,5.432000160217285,5.432000160217285,5.432000160217285,5.432000160217285,5.440000057220459,5.432000160217285,5.432000160217285,5.432000160217285,5.432000160217285,5.432000160217285,5.440000057220459,5.440000057220459,5.440000057220459,5.440000057220459,5.440000057220459,5.440000057220459,5.440000057220459,inf,inf,inf,inf,inf,inf,inf,inf,inf,inf,inf,3.815999984741211,3.815999984741211,3.815999984741211,3.815999984741211,3.815999984741211,3.75600004196167,3.740000009536743,3.740000009536743,3.740000009536743,3.740000009536743,3.74399995803833,3.747999906539917,3.752000093460083,3.752000093460083,2.940000057220459,2.871999979019165,2.871999979019165,2.871999979019165,2.803999900817871,2.7360000610351562,2.6679999828338623,2.624000072479248,2.5799999237060547,2.5199999809265137,2.5199999809265137,2.4679999351501465,2.4159998893737793,2.364000082015991,2.312000036239624,2.2839999198913574,2.187999963760376,2.187999963760376,2.171999931335449,2.171999931335449,2.135999917984009,2.0959999561309814,2.059999942779541,2.0320000648498535,2.0160000324249268,2.007999897003174,1.9900000095367432,1.9900000095367432,1.9800000190734863,1.9639999866485596,1.940000057220459,1.9140000343322754,1.8860000371932983,1.8600000143051147,1.8320000171661377,1.8320000171661377,1.8040000200271606,1.781999945640564,1.7619999647140503,1.7359999418258667,1.7139999866485596,1.6920000314712524,1.6720000505447388,1.6720000505447388,1.6519999504089355,1.5160000324249268,1.5160000324249268,1.5160000324249268,1.5,1.4839999675750732,1.4780000448226929,1.4759999513626099,1.4759999513626099,1.440000057220459,1.440000057220459,1.440000057220459,1.4160000085830688,1.4160000085830688,1.4160000085830688,1.399999976158142,1.399999976158142,...,0.0,47.0,47.0,47.0,47.0,47.0,47.0,47.0,47.0,0.0,0.0,0.0,0.0,0.0,0.0,0.0,0.0,0.0,0.0,0.0,0.0,0.0,0.0,0.0,0.0,0.0,0.0,0.0,0.0,0.0,0.0,0.0,0.0,0.0,0.0,0.0,0.0,0.0,0.0,0.0,0.0,0.0,0.0,0.0,0.0,0.0,0.0,0.0,0.0,0.0,0.0,0.0,0.0,0.0,0.0,0.0,0.0,0.0,0.0,0.0,0.0,0.0,0.0,0.0,0.0,0.0,0.0,0.0,0.0,0.0,0.0,0.0,0.0,0.0,0.0,0.0,0.0,0.0,0.0,0.0,0.0,0.0,0.0,0.0,0.0,0.0,0.0,0.0,0.0,0.0,0.0,47.0,47.0,47.0,47.0,47.0,0.0,0.0,0.0,0.0,0.0,0.0,0.0,0.0,0.0,0.0,0.0,0.0,0.0,0.0,0.0,0.0,0.0,0.0,0.0,0.0,0.0,0.0,0.0,0.0,0.0,0.0,0.0,0.0,0.0,0.0,0.0,0.0,...
1763032549,791218960,laser,-3.1241390705108643,3.1415927410125732,0.0034828970674425364,5.370345388655551e-05,0.09661251306533813,0.15000000596046448,16.0,5.440000057220459,5.440000057220459,5.432000160217285,5.432000160217285,5.432000160217285,5.432000160217285,5.432000160217285,5.432000160217285,5.432000160217285,5.432000160217285,5.423999786376953,5.432000160217285,5.432000160217285,5.432000160217285,5.432000160217285,5.432000160217285,5.432000160217285,5.432000160217285,5.432000160217285,5.432000160217285,5.432000160217285,5.432000160217285,5.432000160217285,5.432000160217285,5.432000160217285,5.432000160217285,5.432000160217285,5.432000160217285,5.432000160217285,5.432000160217285,5.432000160217285,5.432000160217285,5.432000160217285,5.432000160217285,5.432000160217285,5.432000160217285,5.432000160217285,5.440000057220459,5.440000057220459,5.440000057220459,5.440000057220459,5.440000057220459,inf,inf,inf,inf,inf,inf,inf,inf,inf,3.927999973297119,3.927999973297119,3.927999973297119,3.927999973297119,3.927999973297119,3.819999933242798,3.819999933242798,3.75600004196167,3.74399995803833,3.74399995803833,3.740000009536743,3.74399995803833,3.74399995803833,3.747999906539917,2.936000108718872,2.936000108718872,2.936000108718872,2.936000108718872,2.871999979019165,2.871999979019165,2.799999952316284,2.7320001125335693,2.6600000858306885,2.611999988555908,2.5759999752044678,2.5199999809265137,2.4679999351501465,2.4679999351501465,2.4119999408721924,2.359999895095825,2.312000036239624,2.2839999198913574,2.200000047683716,2.200000047683716,2.1679999828338623,2.131999969482422,2.131999969482422,2.0959999561309814,2.059999942779541,2.0320000648498535,2.00600004196167,1.9900000095367432,1.968000054359436,1.9520000219345093,1.9520000219345093,1.9420000314712524,1.9240000247955322,1.9019999504089355,1.8760000467300415,1.8539999723434448,1.8320000171661377,1.8040000200271606,1.8040000200271606,1.781999945640564,1.7580000162124634,1.7339999675750732,1.7120000123977661,1.6920000314712524,1.6699999570846558,1.6699999570846558,1.6519999504089355,1.534000039100647,1.534000039100647,1.5099999904632568,1.4980000257492065,1.4819999933242798,1.468000054359436,inf,inf,inf,inf,inf,1.399999976158142,1.399999976158142,1.399999976158142,1.399999976158142,1.399999976158142,...,0.0,47.0,47.0,47.0,47.0,47.0,47.0,0.0,0.0,0.0,0.0,0.0,0.0,0.0,0.0,0.0,0.0,0.0,0.0,47.0,47.0,47.0,47.0,47.0,0.0,0.0,0.0,0.0,0.0,0.0,0.0,0.0,0.0,0.0,0.0,0.0,0.0,0.0,0.0,0.0,0.0,0.0,0.0,0.0,0.0,0.0,0.0,0.0,0.0,0.0,0.0,0.0,0.0,0.0,0.0,0.0,0.0,0.0,0.0,0.0,0.0,0.0,0.0,0.0,0.0,0.0,0.0,0.0,0.0,0.0,0.0,0.0,0.0,0.0,0.0,0.0,0.0,0.0,0.0,0.0,0.0,0.0,0.0,0.0,0.0,0.0,0.0,0.0,0.0,0.0,0.0,0.0,0.0,0.0,0.0,0.0,0.0,0.0,0.0,0.0,0.0,0.0,0.0,0.0,0.0,0.0,0.0,0.0,0.0,0.0,0.0,0.0,0.0,0.0,0.0,0.0,0.0,0.0,0.0,0.0,0.0,0.0,0.0,0.0,0.0,47.0,47.0,47.0,...
1763032549,889341423,laser,-3.1241390705108643,3.1415927410125732,0.0034828970674425364,5.380298898671754e-05,0.0967915803194046,0.15000000596046448,16.0,5.440000057220459,5.440000057220459,5.440000057220459,5.432000160217285,5.432000160217285,5.432000160217285,5.432000160217285,5.432000160217285,5.432000160217285,5.432000160217285,5.423999786376953,5.432000160217285,5.432000160217285,5.432000160217285,5.432000160217285,5.432000160217285,5.432000160217285,5.432000160217285,5.432000160217285,5.432000160217285,5.432000160217285,5.432000160217285,5.432000160217285,5.432000160217285,5.432000160217285,5.432000160217285,5.432000160217285,5.432000160217285,5.432000160217285,5.432000160217285,5.432000160217285,5.432000160217285,5.432000160217285,5.432000160217285,5.432000160217285,5.432000160217285,5.432000160217285,5.440000057220459,5.440000057220459,5.440000057220459,5.440000057220459,5.440000057220459,inf,inf,inf,inf,inf,inf,4.072000026702881,4.072000026702881,4.072000026702881,4.072000026702881,4.072000026702881,3.819999933242798,3.819999933242798,3.819999933242798,3.819999933242798,3.75600004196167,3.75600004196167,3.74399995803833,3.740000009536743,3.7360000610351562,3.740000009536743,3.740000009536743,3.74399995803833,3.752000093460083,2.875999927520752,2.875999927520752,2.875999927520752,2.875999927520752,2.808000087738037,2.7360000610351562,2.7360000610351562,2.6480000019073486,2.6480000019073486,2.5840001106262207,2.5199999809265137,2.4760000705718994,2.359999895095825,2.359999895095825,2.328000068664551,2.328000068664551,2.299999952316284,2.187999963760376,2.1760001182556152,2.1760001182556152,2.135999917984009,2.0999999046325684,2.065999984741211,2.065999984741211,2.0320000648498535,2.0,1.9739999771118164,1.944000005722046,1.9119999408721924,1.878000020980835,1.8519999980926514,1.8240000009536743,1.8240000009536743,1.7879999876022339,1.7640000581741333,1.75,1.74399995803833,1.7359999418258667,1.722000002861023,1.722000002861023,1.7120000123977661,1.7059999704360962,1.6920000314712524,1.6699999570846558,1.6519999504089355,1.628000020980835,1.5099999904632568,1.5099999904632568,1.5099999904632568,1.4980000257492065,1.4800000190734863,inf,inf,inf,inf,inf,inf,inf,1.399999976158142,1.399999976158142,1.399999976158142,1.399999976158142,...,47.0,47.0,47.0,47.0,47.0,47.0,47.0,47.0,47.0,0.0,0.0,0.0,0.0,0.0,0.0,0.0,0.0,0.0,0.0,0.0,0.0,0.0,0.0,0.0,0.0,0.0,0.0,0.0,0.0,0.0,0.0,0.0,0.0,0.0,0.0,0.0,0.0,0.0,0.0,0.0,0.0,0.0,0.0,0.0,0.0,0.0,0.0,0.0,0.0,0.0,0.0,0.0,0.0,0.0,0.0,0.0,0.0,0.0,0.0,0.0,0.0,0.0,0.0,0.0,0.0,0.0,0.0,0.0,0.0,0.0,0.0,0.0,0.0,0.0,0.0,0.0,0.0,0.0,0.0,0.0,0.0,0.0,0.0,0.0,0.0,0.0,0.0,0.0,0.0,0.0,0.0,0.0,0.0,0.0,0.0,0.0,0.0,0.0,0.0,0.0,0.0,0.0,0.0,0.0,0.0,0.0,0.0,0.0,0.0,0.0,0.0,0.0,0.0,0.0,0.0,0.0,0.0,0.0,0.0,0.0,0.0,0.0,0.0,0.0,0.0,0.0,0.0,0.0,...
1763032549,987955505,laser,-3.1241390705108643,3.1415927410125732,0.0034828970674425364,5.355276516638696e-05,0.09634142369031906,0.15000000596046448,16.0,5.440000057220459,5.440000057220459,5.440000057220459,5.440000057220459,5.432000160217285,5.432000160217285,5.432000160217285,5.432000160217285,5.432000160217285,5.432000160217285,5.432000160217285,5.432000160217285,5.432000160217285,5.432000160217285,5.432000160217285,5.432000160217285,5.432000160217285,5.432000160217285,5.432000160217285,5.432000160217285,5.432000160217285,5.432000160217285,5.432000160217285,5.432000160217285,5.432000160217285,5.432000160217285,5.432000160217285,5.432000160217285,5.432000160217285,5.432000160217285,5.432000160217285,5.432000160217285,5.440000057220459,5.440000057220459,5.440000057220459,5.432000160217285,5.432000160217285,5.440000057220459,5.440000057220459,5.447999954223633,5.447999954223633,5.440000057220459,inf,inf,inf,inf,inf,inf,inf,inf,inf,inf,inf,3.75600004196167,3.75600004196167,3.75600004196167,3.75600004196167,3.75600004196167,3.74399995803833,3.74399995803833,3.74399995803833,3.74399995803833,3.74399995803833,3.74399995803833,3.747999906539917,3.747999906539917,2.936000108718872,2.936000108718872,2.936000108718872,2.868000030517578,2.868000030517578,2.803999900817871,2.7320001125335693,2.6600000858306885,2.611999988555908,2.559999942779541,2.559999942779541,2.503999948501587,2.4560000896453857,2.4000000953674316,2.3559999465942383,2.308000087738037,2.2839999198913574,2.200000047683716,2.200000047683716,2.200000047683716,2.1600000858306885,2.111999988555908,2.0840001106262207,2.059999942779541,2.0299999713897705,1.9980000257492065,1.9759999513626099,1.9759999513626099,1.9539999961853027,1.9459999799728394,1.940000057220459,1.9220000505447388,1.9019999504089355,1.8760000467300415,1.8539999723434448,1.8539999723434448,1.8320000171661377,1.8020000457763672,1.7760000228881836,1.75600004196167,1.7319999933242798,1.7120000123977661,1.6920000314712524,1.6920000314712524,1.6699999570846558,1.6480000019073486,1.5160000324249268,1.50600004196167,1.50600004196167,1.49399995803833,1.4839999675750732,1.4800000190734863,1.4800000190734863,1.4359999895095825,1.4359999895095825,1.4359999895095825,1.4359999895095825,1.4119999408721924,1.4119999408721924,1.4119999408721924,1.4119999408721924,1.399999976158142,...,47.0,47.0,47.0,47.0,47.0,47.0,47.0,47.0,0.0,0.0,0.0,0.0,0.0,0.0,0.0,0.0,0.0,0.0,0.0,0.0,0.0,0.0,0.0,0.0,0.0,0.0,0.0,0.0,0.0,0.0,0.0,0.0,0.0,0.0,0.0,0.0,0.0,0.0,0.0,0.0,0.0,0.0,0.0,0.0,0.0,0.0,0.0,0.0,0.0,0.0,0.0,0.0,0.0,0.0,0.0,0.0,0.0,0.0,0.0,0.0,0.0,0.0,0.0,0.0,0.0,0.0,0.0,0.0,0.0,0.0,0.0,0.0,0.0,0.0,0.0,0.0,0.0,0.0,0.0,0.0,0.0,0.0,0.0,0.0,0.0,0.0,0.0,0.0,0.0,0.0,47.0,47.0,47.0,47.0,47.0,0.0,0.0,0.0,0.0,0.0,0.0,0.0,0.0,0.0,0.0,0.0,0.0,47.0,47.0,47.0,47.0,47.0,0.0,0.0,0.0,0.0,0.0,0.0,0.0,0.0,0.0,0.0,0.0,0.0,0.0,0.0,0.0,0.0,...
1763032550,85910602,laser,-3.1241390705108643,3.1415927410125732,0.0034828970674425364,5.041117765358649e-05,0.09068971127271652,0.15000000596046448,16.0,5.440000057220459,5.440000057220459,5.432000160217285,5.432000160217285,5.432000160217285,5.432000160217285,5.432000160217285,5.432000160217285,5.432000160217285,5.432000160217285,5.432000160217285,5.432000160217285,5.432000160217285,5.432000160217285,5.432000160217285,5.432000160217285,5.432000160217285,5.432000160217285,5.432000160217285,5.432000160217285,5.432000160217285,5.432000160217285,5.432000160217285,5.432000160217285,5.432000160217285,5.432000160217285,5.432000160217285,5.432000160217285,5.432000160217285,5.432000160217285,5.432000160217285,5.432000160217285,5.432000160217285,5.432000160217285,5.432000160217285,5.440000057220459,5.440000057220459,5.440000057220459,5.440000057220459,5.440000057220459,5.440000057220459,5.440000057220459,inf,inf,inf,inf,inf,inf,inf,inf,inf,3.808000087738037,3.808000087738037,3.808000087738037,3.808000087738037,3.808000087738037,3.74399995803833,3.74399995803833,3.74399995803833,3.74399995803833,3.74399995803833,3.740000009536743,3.74399995803833,3.747999906539917,3.747999906539917,3.747999906539917,2.931999921798706,2.931999921798706,2.931999921798706,2.931999921798706,2.864000082015991,2.799999952316284,2.7320001125335693,2.6600000858306885,2.611999988555908,2.559999942779541,2.559999942779541,2.496000051498413,2.444000005722046,2.4000000953674316,2.3519999980926514,2.308000087738037,2.2799999713897705,2.200000047683716,2.200000047683716,2.200000047683716,2.1600000858306885,2.124000072479248,2.0959999561309814,2.059999942779541,2.0320000648498535,2.003999948501587,1.9859999418258667,1.9859999418258667,1.965999960899353,1.9500000476837158,1.940000057220459,1.9199999570846558,1.899999976158142,1.8760000467300415,1.8539999723434448,1.8539999723434448,1.8320000171661377,1.8020000457763672,1.7760000228881836,1.75600004196167,1.7319999933242798,1.7100000381469727,1.6920000314712524,1.6920000314712524,1.6699999570846558,1.6480000019073486,1.5260000228881836,1.5260000228881836,1.50600004196167,1.49399995803833,1.4839999675750732,inf,inf,inf,inf,inf,inf,1.4079999923706055,1.4079999923706055,1.4079999923706055,1.4079999923706055,1.4079999923706055,...,47.0,47.0,47.0,47.0,47.0,47.0,0.0,0.0,0.0,0.0,0.0,0.0,0.0,0.0,0.0,0.0,0.0,0.0,0.0,47.0,47.0,47.0,47.0,47.0,0.0,0.0,0.0,0.0,0.0,0.0,0.0,0.0,0.0,0.0,0.0,0.0,0.0,0.0,0.0,0.0,0.0,0.0,0.0,0.0,0.0,0.0,0.0,0.0,0.0,0.0,0.0,0.0,0.0,0.0,0.0,0.0,0.0,0.0,0.0,0.0,0.0,0.0,0.0,0.0,0.0,0.0,0.0,0.0,0.0,0.0,0.0,0.0,0.0,0.0,0.0,0.0,0.0,0.0,0.0,0.0,0.0,0.0,0.0,0.0,0.0,0.0,0.0,0.0,0.0,0.0,0.0,0.0,0.0,0.0,0.0,0.0,0.0,0.0,0.0,0.0,0.0,0.0,0.0,0.0,0.0,0.0,0.0,0.0,0.0,0.0,0.0,0.0,0.0,0.0,0.0,0.0,0.0,0.0,0.0,0.0,0.0,0.0,0.0,0.0,0.0,0.0,0.0,0.0,...
1763032550,178063460,laser,-3.1241390705108643,3.1415927410125732,0.0034828970674425364,5.372343730414286e-05,0.09664846211671829,0.15000000596046448,16.0,5.440000057220459,5.440000057220459,5.440000057220459,5.432000160217285,5.432000160217285,5.432000160217285,5.432000160217285,5.432000160217285,5.432000160217285,5.432000160217285,5.432000160217285,5.432000160217285,5.432000160217285,5.432000160217285,5.432000160217285,5.432000160217285,5.432000160217285,5.432000160217285,5.432000160217285,5.432000160217285,5.432000160217285,5.432000160217285,5.432000160217285,5.432000160217285,5.432000160217285,5.432000160217285,5.432000160217285,5.432000160217285,5.432000160217285,5.432000160217285,5.432000160217285,5.432000160217285,5.432000160217285,5.432000160217285,5.440000057220459,5.440000057220459,5.440000057220459,5.440000057220459,5.440000057220459,5.440000057220459,5.440000057220459,inf,inf,inf,inf,inf,4.25600004196167,4.25600004196167,4.25600004196167,4.25600004196167,4.25600004196167,3.9760000705718994,3.9760000705718994,3.9760000705718994,3.864000082015991,3.864000082015991,3.864000082015991,3.7760000228881836,3.7760000228881836,3.740000009536743,3.7360000610351562,3.7360000610351562,3.74399995803833,3.747999906539917,3.747999906539917,3.747999906539917,2.888000011444092,2.8239998817443848,2.8239998817443848,2.8239998817443848,2.8239998817443848,2.7639999389648438,2.7039999961853027,2.6519999504089355,2.5999999046325684,2.5999999046325684,2.5439999103546143,2.492000102996826,2.436000108718872,2.375999927520752,2.3359999656677246,2.303999900817871,2.252000093460083,2.2160000801086426,2.187999963760376,2.187999963760376,2.1440000534057617,2.1040000915527344,2.0799999237060547,2.0439999103546143,2.0,1.9739999771118164,1.9459999799728394,1.9459999799728394,1.9179999828338623,1.8860000371932983,1.8559999465942383,1.8359999656677246,1.805999994277954,1.7760000228881836,1.753999948501587,1.7380000352859497,1.7380000352859497,1.7319999933242798,1.7239999771118164,1.715999960899353,1.7139999866485596,1.6959999799728394,1.6740000247955322,1.6740000247955322,1.659999966621399,1.6399999856948853,1.5140000581741333,1.5140000581741333,1.50600004196167,1.49399995803833,1.4800000190734863,inf,inf,inf,1.4040000438690186,1.4040000438690186,1.4040000438690186,1.4040000438690186,1.4040000438690186,1.3899999856948853,1.3899999856948853,1.3899999856948853,...,47.0,47.0,47.0,47.0,47.0,47.0,47.0,47.0,47.0,0.0,0.0,0.0,0.0,0.0,0.0,0.0,0.0,0.0,0.0,0.0,0.0,0.0,0.0,0.0,0.0,0.0,0.0,0.0,0.0,0.0,0.0,0.0,0.0,0.0,0.0,0.0,0.0,0.0,0.0,0.0,0.0,0.0,0.0,0.0,0.0,0.0,0.0,0.0,0.0,0.0,0.0,0.0,0.0,0.0,0.0,0.0,0.0,0.0,0.0,0.0,0.0,0.0,0.0,0.0,0.0,0.0,0.0,0.0,0.0,47.0,47.0,47.0,47.0,47.0,0.0,0.0,0.0,0.0,0.0,0.0,0.0,0.0,0.0,0.0,0.0,0.0,0.0,0.0,0.0,0.0,0.0,0.0,0.0,0.0,0.0,0.0,0.0,0.0,0.0,0.0,0.0,0.0,0.0,0.0,0.0,0.0,0.0,0.0,0.0,0.0,0.0,0.0,0.0,0.0,0.0,0.0,0.0,0.0,0.0,0.0,0.0,0.0,0.0,0.0,0.0,0.0,0.0,0.0,...
1763032550,276072961,laser,-3.1241390705108643,3.1415927410125732,0.0034828970674425364,5.389937723521143e-05,0.09696497768163681,0.15000000596046448,16.0,5.440000057220459,5.440000057220459,5.440000057220459,5.440000057220459,5.440000057220459,5.432000160217285,5.432000160217285,5.432000160217285,5.432000160217285,5.432000160217285,5.432000160217285,5.423999786376953,5.432000160217285,5.432000160217285,5.432000160217285,5.432000160217285,5.432000160217285,5.432000160217285,5.432000160217285,5.432000160217285,5.432000160217285,5.432000160217285,5.432000160217285,5.432000160217285,5.432000160217285,5.432000160217285,5.432000160217285,5.432000160217285,5.432000160217285,5.432000160217285,5.432000160217285,5.432000160217285,5.432000160217285,5.432000160217285,5.432000160217285,5.440000057220459,5.440000057220459,5.440000057220459,5.440000057220459,5.440000057220459,5.440000057220459,inf,inf,inf,inf,inf,inf,inf,inf,3.9760000705718994,3.9760000705718994,3.9760000705718994,3.9760000705718994,3.9760000705718994,3.864000082015991,3.864000082015991,3.864000082015991,3.864000082015991,3.7799999713897705,3.740000009536743,3.7360000610351562,3.7360000610351562,3.74399995803833,3.747999906539917,3.747999906539917,3.747999906539917,2.884000062942505,2.884000062942505,2.8320000171661377,2.8320000171661377,2.8320000171661377,2.7639999389648438,2.7039999961853027,2.6519999504089355,2.5999999046325684,2.5999999046325684,2.5439999103546143,2.492000102996826,2.436000108718872,2.375999927520752,2.3359999656677246,2.2960000038146973,2.240000009536743,2.240000009536743,2.2160000801086426,2.187999963760376,2.1440000534057617,2.1080000400543213,2.0799999237060547,2.055999994277954,2.055999994277954,2.0179998874664307,2.0179998874664307,2.009999990463257,2.0,1.9739999771118164,1.9500000476837158,1.9259999990463257,1.899999976158142,1.899999976158142,1.871999979019165,1.843999981880188,1.8179999589920044,1.7940000295639038,1.7719999551773071,1.7480000257492065,1.7259999513626099,1.7259999513626099,1.7059999704360962,1.6820000410079956,1.659999966621399,1.5140000581741333,1.5019999742507935,1.5019999742507935,1.5019999742507935,1.4859999418258667,1.4859999418258667,1.4780000448226929,1.4780000448226929,1.4759999513626099,inf,1.4179999828338623,1.4179999828338623,1.4179999828338623,1.4179999828338623,1.4179999828338623,1.4019999504089355,1.4019999504089355,...,47.0,47.0,47.0,47.0,47.0,47.0,47.0,0.0,0.0,0.0,0.0,0.0,0.0,0.0,0.0,0.0,0.0,0.0,0.0,0.0,0.0,0.0,0.0,0.0,0.0,0.0,0.0,0.0,0.0,0.0,0.0,0.0,0.0,0.0,0.0,0.0,0.0,0.0,0.0,0.0,0.0,0.0,0.0,0.0,0.0,0.0,0.0,0.0,0.0,0.0,0.0,0.0,0.0,0.0,0.0,0.0,0.0,0.0,0.0,47.0,47.0,47.0,47.0,47.0,0.0,0.0,0.0,0.0,0.0,0.0,0.0,0.0,0.0,0.0,0.0,0.0,0.0,0.0,0.0,0.0,0.0,0.0,0.0,0.0,0.0,0.0,0.0,0.0,0.0,47.0,47.0,47.0,47.0,47.0,0.0,0.0,0.0,0.0,0.0,0.0,0.0,0.0,0.0,0.0,0.0,0.0,0.0,0.0,0.0,0.0,0.0,0.0,0.0,0.0,0.0,0.0,0.0,0.0,0.0,0.0,0.0,0.0,0.0,0.0,0.0,0.0,0.0,0.0,...
1763032550,374397133,laser,-3.1241390705108643,3.1415927410125732,0.0034828970674425364,5.38331332791131e-05,0.09684581309556961,0.15000000596046448,16.0,5.440000057220459,5.440000057220459,5.440000057220459,5.440000057220459,5.440000057220459,5.432000160217285,5.432000160217285,5.440000057220459,5.432000160217285,5.432000160217285,5.432000160217285,5.432000160217285,5.432000160217285,5.432000160217285,5.432000160217285,5.432000160217285,5.432000160217285,5.432000160217285,5.432000160217285,5.432000160217285,5.432000160217285,5.432000160217285,5.432000160217285,5.432000160217285,5.432000160217285,5.432000160217285,5.432000160217285,5.432000160217285,5.432000160217285,5.432000160217285,5.432000160217285,5.432000160217285,5.432000160217285,5.432000160217285,5.440000057220459,5.440000057220459,5.440000057220459,5.440000057220459,5.440000057220459,5.447999954223633,5.440000057220459,5.519999980926514,inf,inf,inf,inf,inf,inf,inf,inf,inf,inf,3.7920000553131104,3.7920000553131104,3.7920000553131104,3.7920000553131104,3.7920000553131104,3.740000009536743,3.740000009536743,3.740000009536743,3.740000009536743,3.74399995803833,3.74399995803833,3.74399995803833,3.74399995803833,3.74399995803833,2.9000000953674316,2.8359999656677246,2.8359999656677246,2.8359999656677246,2.8359999656677246,2.7679998874664307,2.7079999446868896,2.6519999504089355,2.5999999046325684,2.5439999103546143,2.5439999103546143,2.48799991607666,2.436000108718872,2.380000114440918,2.3399999141693115,2.2960000038146973,2.25600004196167,2.2360000610351562,2.2360000610351562,2.191999912261963,2.1440000534057617,2.1080000400543213,2.0799999237060547,2.058000087738037,2.0220000743865967,1.9900000095367432,1.9639999866485596,1.9639999866485596,1.9359999895095825,1.9140000343322754,1.9040000438690186,1.8919999599456787,1.878000020980835,1.8660000562667847,1.8660000562667847,1.843999981880188,1.8179999589920044,1.7940000295639038,1.7699999809265137,1.7480000257492065,1.7280000448226929,1.7079999446868896,1.7079999446868896,1.687999963760376,1.6660000085830688,1.6419999599456787,1.5240000486373901,1.5240000486373901,1.50600004196167,1.4880000352859497,1.4759999513626099,1.4759999513626099,inf,inf,inf,1.4040000438690186,1.4040000438690186,1.4040000438690186,1.4040000438690186,1.4040000438690186,1.3919999599456787,1.3919999599456787,...,47.0,47.0,47.0,47.0,47.0,47.0,47.0,0.0,0.0,0.0,0.0,0.0,0.0,0.0,0.0,0.0,0.0,0.0,0.0,0.0,47.0,47.0,47.0,47.0,47.0,0.0,0.0,0.0,0.0,0.0,0.0,0.0,0.0,0.0,0.0,0.0,0.0,0.0,0.0,0.0,0.0,0.0,0.0,0.0,0.0,0.0,0.0,0.0,0.0,0.0,0.0,0.0,0.0,0.0,0.0,0.0,0.0,0.0,0.0,0.0,0.0,0.0,0.0,0.0,0.0,0.0,0.0,0.0,0.0,0.0,0.0,47.0,47.0,47.0,47.0,47.0,0.0,0.0,0.0,0.0,0.0,0.0,0.0,0.0,0.0,0.0,0.0,0.0,0.0,0.0,0.0,0.0,0.0,0.0,0.0,0.0,0.0,0.0,0.0,0.0,0.0,0.0,0.0,0.0,0.0,0.0,0.0,0.0,0.0,0.0,0.0,0.0,0.0,0.0,0.0,0.0,0.0,0.0,0.0,0.0,0.0,0.0,0.0,0.0,0.0,0.0,47.0,47.0,...
1763032550,472581691,laser,-3.1241390705108643,3.1415927410125732,0.0034828970674425364,5.387862984207459e-05,0.09692765772342682,0.15000000596046448,16.0,5.440000057220459,5.440000057220459,5.440000057220459,5.432000160217285,5.432000160217285,5.432000160217285,5.432000160217285,5.432000160217285,5.432000160217285,5.432000160217285,5.423999786376953,5.423999786376953,5.432000160217285,5.432000160217285,5.432000160217285,5.432000160217285,5.423999786376953,5.423999786376953,5.423999786376953,5.432000160217285,5.432000160217285,5.432000160217285,5.432000160217285,5.432000160217285,5.432000160217285,5.432000160217285,5.432000160217285,5.432000160217285,5.432000160217285,5.432000160217285,5.432000160217285,5.432000160217285,5.432000160217285,5.432000160217285,5.432000160217285,5.432000160217285,5.432000160217285,5.440000057220459,5.440000057220459,5.440000057220459,5.440000057220459,5.440000057220459,inf,inf,inf,inf,inf,inf,4.223999977111816,4.223999977111816,4.223999977111816,4.223999977111816,4.223999977111816,3.8519999980926514,3.8519999980926514,3.8519999980926514,3.8519999980926514,3.7799999713897705,3.7799999713897705,3.740000009536743,3.7360000610351562,3.7360000610351562,3.7360000610351562,3.740000009536743,3.747999906539917,3.747999906539917,2.875999927520752,2.875999927520752,2.875999927520752,2.875999927520752,2.875999927520752,2.8239998817443848,2.7639999389648438,2.7079999446868896,2.6519999504089355,2.5880000591278076,2.5280001163482666,2.48799991607666,2.364000082015991,2.364000082015991,2.364000082015991,2.3399999141693115,2.303999900817871,2.200000047683716,2.184000015258789,2.184000015258789,2.140000104904175,2.1080000400543213,2.1080000400543213,2.068000078201294,2.0299999713897705,1.9919999837875366,1.9620000123977661,1.940000057220459,1.909999966621399,1.909999966621399,1.8539999723434448,1.8539999723434448,1.8279999494552612,1.7979999780654907,1.7799999713897705,1.7740000486373901,1.7760000228881836,1.7760000228881836,1.7699999809265137,1.7519999742507935,1.7339999675750732,1.718000054359436,1.7000000476837158,1.6759999990463257,1.6540000438690186,1.6540000438690186,1.5140000581741333,1.5140000581741333,1.5140000581741333,1.49399995803833,1.4800000190734863,inf,inf,inf,inf,inf,inf,inf,1.4019999504089355,1.4019999504089355,1.4019999504089355,1.4019999504089355,...,47.0,47.0,47.0,47.0,47.0,47.0,47.0,47.0,0.0,0.0,0.0,0.0,0.0,0.0,0.0,0.0,0.0,0.0,0.0,0.0,0.0,0.0,0.0,0.0,0.0,0.0,0.0,0.0,0.0,0.0,0.0,0.0,0.0,0.0,0.0,0.0,0.0,0.0,0.0,0.0,0.0,0.0,0.0,0.0,0.0,0.0,0.0,0.0,0.0,0.0,0.0,0.0,0.0,0.0,0.0,0.0,0.0,0.0,0.0,0.0,0.0,0.0,0.0,0.0,0.0,0.0,0.0,0.0,0.0,0.0,0.0,0.0,0.0,0.0,0.0,0.0,0.0,0.0,0.0,0.0,0.0,0.0,0.0,0.0,0.0,0.0,0.0,0.0,0.0,0.0,0.0,0.0,0.0,0.0,0.0,0.0,0.0,0.0,0.0,0.0,0.0,0.0,0.0,0.0,0.0,0.0,0.0,0.0,0.0,0.0,0.0,0.0,0.0,0.0,0.0,0.0,0.0,0.0,0.0,0.0,0.0,0.0,0.0,0.0,0.0,0.0,47.0,47.0,...
1763032550,571230161,laser,-3.1241390705108643,3.1415927410125732,0.0034828970674425364,5.0222399295307696e-05,0.09035009890794754,0.15000000596046448,16.0,5.440000057220459,5.432000160217285,5.432000160217285,5.432000160217285,5.432000160217285,5.432000160217285,5.432000160217285,5.432000160217285,5.432000160217285,5.432000160217285,5.432000160217285,5.423999786376953,5.423999786376953,5.432000160217285,5.432000160217285,5.432000160217285,5.432000160217285,5.432000160217285,5.432000160217285,5.432000160217285,5.432000160217285,5.432000160217285,5.432000160217285,5.432000160217285,5.432000160217285,5.432000160217285,5.432000160217285,5.432000160217285,5.432000160217285,5.432000160217285,5.432000160217285,5.432000160217285,5.432000160217285,5.432000160217285,5.432000160217285,5.432000160217285,5.440000057220459,5.440000057220459,5.440000057220459,5.440000057220459,5.440000057220459,5.432000160217285,inf,inf,inf,inf,inf,inf,inf,inf,inf,4.01200008392334,4.01200008392334,4.01200008392334,4.01200008392334,4.01200008392334,3.9079999923706055,3.803999900817871,3.74399995803833,3.74399995803833,3.740000009536743,3.740000009536743,3.74399995803833,3.747999906539917,3.74399995803833,3.74399995803833,2.9040000438690186,2.9040000438690186,2.9040000438690186,2.9040000438690186,2.8519999980926514,2.7839999198913574,2.7160000801086426,2.6600000858306885,2.5999999046325684,2.555999994277954,2.555999994277954,2.503999948501587,2.436000108718872,2.3919999599456787,2.3480000495910645,2.2960000038146973,2.2679998874664307,2.24399995803833,2.24399995803833,2.191999912261963,2.1640000343322754,2.140000104904175,2.0959999561309814,2.068000078201294,2.052000045776367,2.052000045776367,2.0399999618530273,2.0399999618530273,2.0160000324249268,1.9859999418258667,1.9600000381469727,1.934000015258789,1.9079999923706055,1.9079999923706055,1.8799999952316284,1.850000023841858,1.8240000009536743,1.7960000038146973,1.7760000228881836,1.753999948501587,1.7319999933242798,1.7100000381469727,1.7100000381469727,1.690000057220459,1.6660000085830688,1.6440000534057617,1.5160000324249268,1.5160000324249268,1.50600004196167,1.4919999837875366,1.4839999675750732,1.4839999675750732,1.4780000448226929,1.4759999513626099,1.4179999828338623,1.4179999828338623,1.4179999828338623,1.4179999828338623,1.4040000438690186,1.4040000438690186,1.4040000438690186,1.4040000438690186,...,47.0,47.0,47.0,47.0,47.0,47.0,47.0,47.0,0.0,0.0,0.0,0.0,0.0,0.0,0.0,0.0,0.0,0.0,0.0,0.0,0.0,0.0,0.0,0.0,0.0,0.0,0.0,0.0,0.0,0.0,0.0,0.0,0.0,0.0,0.0,0.0,0.0,0.0,0.0,0.0,0.0,0.0,0.0,0.0,0.0,0.0,0.0,0.0,0.0,0.0,0.0,0.0,0.0,0.0,0.0,0.0,0.0,0.0,0.0,0.0,47.0,47.0,47.0,47.0,47.0,0.0,0.0,0.0,0.0,0.0,0.0,0.0,0.0,0.0,0.0,0.0,0.0,0.0,0.0,0.0,0.0,0.0,0.0,0.0,0.0,0.0,0.0,0.0,0.0,0.0,47.0,47.0,47.0,47.0,47.0,0.0,0.0,0.0,0.0,0.0,0.0,0.0,0.0,0.0,0.0,0.0,0.0,0.0,0.0,0.0,0.0,0.0,0.0,0.0,0.0,0.0,0.0,0.0,0.0,0.0,0.0,0.0,0.0,47.0,47.0,47.0,47.0,47.0,...
1763032550,663171134,laser,-3.1241390705108643,3.1415927410125732,0.0034828970674425364,5.375290857045911e-05,0.096701480448246,0.15000000596046448,16.0,5.440000057220459,5.440000057220459,5.440000057220459,5.432000160217285,5.432000160217285,5.432000160217285,5.432000160217285,5.432000160217285,5.432000160217285,5.432000160217285,5.423999786376953,5.423999786376953,5.423999786376953,5.432000160217285,5.432000160217285,5.423999786376953,5.423999786376953,5.432000160217285,5.432000160217285,5.432000160217285,5.432000160217285,5.432000160217285,5.432000160217285,5.432000160217285,5.432000160217285,5.432000160217285,5.432000160217285,5.432000160217285,5.432000160217285,5.432000160217285,5.432000160217285,5.432000160217285,5.432000160217285,5.432000160217285,5.432000160217285,5.440000057220459,5.440000057220459,5.440000057220459,5.432000160217285,5.440000057220459,5.440000057220459,5.440000057220459,inf,inf,inf,inf,inf,inf,inf,inf,inf,inf,inf,3.8519999980926514,3.8519999980926514,3.8519999980926514,3.8519999980926514,3.8519999980926514,3.7799999713897705,3.74399995803833,3.740000009536743,3.7360000610351562,3.7360000610351562,3.740000009536743,3.747999906539917,3.747999906539917,2.888000011444092,2.888000011444092,2.747999906539917,2.747999906539917,2.747999906539917,2.747999906539917,2.696000099182129,2.696000099182129,2.6480000019073486,2.5799999237060547,2.5160000324249268,2.4760000705718994,2.431999921798706,2.380000114440918,2.3359999656677246,2.3359999656677246,2.299999952316284,2.184000015258789,2.184000015258789,2.184000015258789,2.140000104904175,2.1040000915527344,2.063999891281128,2.063999891281128,2.0299999713897705,1.996000051498413,1.968000054359436,1.944000005722046,1.909999966621399,1.878000020980835,1.8619999885559082,1.8380000591278076,1.8380000591278076,1.8040000200271606,1.7940000295639038,1.7899999618530273,1.784000039100647,1.7740000486373901,1.7740000486373901,1.7519999742507935,1.7300000190734863,1.7120000123977661,1.6959999799728394,1.6740000247955322,1.6540000438690186,1.6540000438690186,1.5180000066757202,1.5180000066757202,1.5180000066757202,1.4980000257492065,1.4819999933242798,1.465999960899353,1.440000057220459,1.440000057220459,1.440000057220459,1.440000057220459,1.440000057220459,1.4160000085830688,1.4160000085830688,1.4160000085830688,1.399999976158142,1.399999976158142,...,0.0,47.0,47.0,47.0,47.0,47.0,47.0,47.0,47.0,0.0,0.0,0.0,0.0,0.0,0.0,0.0,0.0,0.0,47.0,47.0,47.0,47.0,47.0,0.0,0.0,0.0,0.0,0.0,0.0,0.0,0.0,0.0,0.0,0.0,0.0,0.0,0.0,0.0,0.0,0.0,0.0,0.0,0.0,0.0,0.0,0.0,0.0,0.0,0.0,0.0,0.0,0.0,0.0,0.0,0.0,0.0,0.0,0.0,0.0,0.0,0.0,0.0,0.0,0.0,0.0,0.0,0.0,0.0,0.0,0.0,0.0,0.0,0.0,0.0,0.0,0.0,0.0,0.0,0.0,0.0,0.0,0.0,0.0,0.0,0.0,0.0,0.0,0.0,0.0,0.0,0.0,47.0,47.0,47.0,47.0,47.0,0.0,0.0,0.0,0.0,0.0,0.0,0.0,0.0,0.0,0.0,0.0,0.0,0.0,0.0,0.0,0.0,0.0,0.0,0.0,0.0,0.0,0.0,0.0,0.0,0.0,0.0,0.0,0.0,0.0,0.0,0.0,0.0,...
1763032550,761319291,laser,-3.1241390705108643,3.1415927410125732,0.0034828970674425364,5.3789270168635994e-05,0.096766896545887,0.15000000596046448,16.0,5.440000057220459,5.440000057220459,5.432000160217285,5.432000160217285,5.432000160217285,5.432000160217285,5.432000160217285,5.432000160217285,5.432000160217285,5.432000160217285,5.432000160217285,5.432000160217285,5.432000160217285,5.432000160217285,5.432000160217285,5.432000160217285,5.432000160217285,5.423999786376953,5.423999786376953,5.432000160217285,5.432000160217285,5.432000160217285,5.432000160217285,5.432000160217285,5.432000160217285,5.432000160217285,5.432000160217285,5.423999786376953,5.423999786376953,5.423999786376953,5.432000160217285,5.432000160217285,5.432000160217285,5.440000057220459,5.440000057220459,5.440000057220459,5.440000057220459,5.432000160217285,5.440000057220459,5.440000057220459,5.440000057220459,5.432000160217285,inf,inf,inf,inf,inf,inf,inf,inf,inf,3.808000087738037,3.808000087738037,3.808000087738037,3.808000087738037,3.808000087738037,3.752000093460083,3.752000093460083,3.752000093460083,3.74399995803833,3.740000009536743,3.7360000610351562,3.7360000610351562,3.740000009536743,3.747999906539917,3.747999906539917,2.940000057220459,2.940000057220459,2.940000057220459,2.871999979019165,2.803999900817871,2.803999900817871,2.740000009536743,2.691999912261963,2.6440000534057617,2.5759999752044678,2.5160000324249268,2.4600000381469727,2.4040000438690186,2.359999895095825,2.359999895095825,2.3239998817443848,2.2880001068115234,2.180000066757202,2.180000066757202,2.1679999828338623,2.128000020980835,2.0959999561309814,2.0959999561309814,2.055999994277954,2.0239999294281006,1.9919999837875366,1.9600000381469727,1.9320000410079956,1.9040000438690186,1.9040000438690186,1.878000020980835,1.8480000495910645,1.8220000267028809,1.8020000457763672,1.7879999876022339,1.7860000133514404,1.784000039100647,1.784000039100647,1.7740000486373901,1.753999948501587,1.7319999933242798,1.7120000123977661,1.6920000314712524,1.6679999828338623,1.6679999828338623,1.649999976158142,1.5099999904632568,1.5099999904632568,1.4980000257492065,1.4980000257492065,1.4839999675750732,1.465999960899353,inf,1.4299999475479126,1.4299999475479126,1.4299999475479126,1.4299999475479126,1.4299999475479126,1.399999976158142,1.399999976158142,1.399999976158142,1.399999976158142,...,47.0,47.0,47.0,47.0,47.0,47.0,47.0,0.0,0.0,0.0,0.0,0.0,0.0,0.0,0.0,0.0,0.0,0.0,0.0,0.0,0.0,0.0,0.0,0.0,0.0,0.0,0.0,0.0,0.0,0.0,0.0,0.0,0.0,0.0,0.0,0.0,0.0,0.0,0.0,0.0,0.0,0.0,0.0,0.0,0.0,0.0,0.0,0.0,0.0,0.0,0.0,0.0,0.0,0.0,0.0,0.0,0.0,0.0,0.0,0.0,0.0,0.0,0.0,0.0,0.0,0.0,0.0,0.0,0.0,0.0,0.0,0.0,0.0,0.0,0.0,0.0,0.0,0.0,0.0,0.0,0.0,0.0,0.0,0.0,0.0,0.0,0.0,0.0,0.0,0.0,0.0,0.0,0.0,0.0,0.0,0.0,0.0,0.0,0.0,0.0,0.0,0.0,0.0,0.0,0.0,0.0,0.0,0.0,0.0,0.0,0.0,0.0,0.0,0.0,0.0,0.0,0.0,0.0,0.0,0.0,0.0,0.0,0.0,0.0,0.0,0.0,0.0,0.0,...
1763032550,859310691,laser,-3.1241390705108643,3.1415927410125732,0.0034828970674425364,5.394827894633636e-05,0.09705295413732529,0.15000000596046448,16.0,5.440000057220459,5.440000057220459,5.440000057220459,5.440000057220459,5.432000160217285,5.432000160217285,5.432000160217285,5.432000160217285,5.432000160217285,5.432000160217285,5.432000160217285,5.432000160217285,5.432000160217285,5.432000160217285,5.432000160217285,5.432000160217285,5.432000160217285,5.423999786376953,5.423999786376953,5.432000160217285,5.432000160217285,5.432000160217285,5.432000160217285,5.432000160217285,5.432000160217285,5.432000160217285,5.432000160217285,5.432000160217285,5.432000160217285,5.432000160217285,5.432000160217285,5.432000160217285,5.432000160217285,5.432000160217285,5.432000160217285,5.432000160217285,5.440000057220459,5.440000057220459,5.440000057220459,5.440000057220459,5.440000057220459,5.440000057220459,inf,inf,inf,inf,inf,inf,4.216000080108643,4.216000080108643,4.216000080108643,4.216000080108643,4.216000080108643,4.0920000076293945,4.0920000076293945,3.9719998836517334,3.9719998836517334,3.7679998874664307,3.7679998874664307,3.740000009536743,3.7360000610351562,3.7360000610351562,3.7360000610351562,3.740000009536743,3.747999906539917,3.747999906539917,2.871999979019165,2.871999979019165,2.871999979019165,2.871999979019165,2.808000087738037,2.808000087738037,2.75600004196167,2.700000047683716,2.6480000019073486,2.5840001106262207,2.5160000324249268,2.4719998836517334,2.359999895095825,2.359999895095825,2.359999895095825,2.319999933242798,2.2880001068115234,2.24399995803833,2.2079999446868896,2.184000015258789,2.1519999504089355,2.135999917984009,2.135999917984009,2.115999937057495,2.0959999561309814,2.0799999237060547,2.059999942779541,2.0399999618530273,2.01200008392334,2.01200008392334,1.9780000448226929,1.9479999542236328,1.9179999828338623,1.8899999856948853,1.8639999628067017,1.8359999656677246,1.812000036239624,1.812000036239624,1.7899999618530273,1.7640000581741333,1.7380000352859497,1.715999960899353,1.6959999799728394,1.6779999732971191,1.656000018119812,1.656000018119812,1.5240000486373901,1.5140000581741333,1.5140000581741333,1.4980000257492065,1.4839999675750732,1.4780000448226929,1.4759999513626099,inf,1.4359999895095825,1.4359999895095825,1.4359999895095825,1.4359999895095825,1.4359999895095825,1.4140000343322754,1.4140000343322754,1.4140000343322754,...,47.0,47.0,47.0,47.0,47.0,47.0,0.0,0.0,0.0,0.0,0.0,0.0,0.0,0.0,0.0,0.0,0.0,0.0,0.0,0.0,0.0,0.0,0.0,0.0,0.0,0.0,0.0,0.0,0.0,0.0,0.0,0.0,0.0,0.0,0.0,0.0,0.0,0.0,0.0,0.0,0.0,0.0,0.0,0.0,0.0,0.0,0.0,0.0,0.0,0.0,0.0,0.0,0.0,0.0,0.0,0.0,0.0,0.0,0.0,0.0,0.0,0.0,0.0,0.0,0.0,0.0,0.0,0.0,0.0,0.0,0.0,0.0,0.0,0.0,0.0,0.0,0.0,0.0,0.0,0.0,0.0,0.0,0.0,0.0,0.0,0.0,0.0,0.0,0.0,0.0,0.0,0.0,0.0,0.0,0.0,0.0,0.0,0.0,0.0,0.0,0.0,0.0,0.0,0.0,0.0,0.0,0.0,0.0,0.0,0.0,0.0,0.0,0.0,0.0,0.0,0.0,0.0,0.0,0.0,0.0,0.0,0.0,0.0,0.0,0.0,47.0,47.0,47.0,...
1763032550,957692018,laser,-3.1241390705108643,3.1415927410125732,0.0034828970674425364,5.045420039095916e-05,0.09076710045337677,0.15000000596046448,16.0,5.440000057220459,5.440000057220459,5.440000057220459,5.440000057220459,5.432000160217285,5.432000160217285,5.432000160217285,5.423999786376953,5.432000160217285,5.432000160217285,5.432000160217285,5.432000160217285,5.432000160217285,5.432000160217285,5.432000160217285,5.432000160217285,5.432000160217285,5.432000160217285,5.423999786376953,5.423999786376953,5.432000160217285,5.432000160217285,5.432000160217285,5.432000160217285,5.432000160217285,5.432000160217285,5.432000160217285,5.432000160217285,5.432000160217285,5.432000160217285,5.432000160217285,5.432000160217285,5.432000160217285,5.432000160217285,5.432000160217285,5.440000057220459,5.432000160217285,5.432000160217285,5.440000057220459,5.440000057220459,5.440000057220459,5.440000057220459,inf,inf,inf,inf,inf,inf,inf,inf,inf,4.007999897003174,4.007999897003174,4.007999897003174,4.007999897003174,4.007999897003174,3.7839999198913574,3.7839999198913574,3.7839999198913574,3.740000009536743,3.7360000610351562,3.7360000610351562,3.74399995803833,3.74399995803833,3.747999906539917,3.747999906539917,2.9040000438690186,2.9040000438690186,2.9040000438690186,2.9040000438690186,2.8440001010894775,2.7760000228881836,2.7119998931884766,2.6480000019073486,2.5999999046325684,2.5999999046325684,2.5480000972747803,2.48799991607666,2.444000005722046,2.3359999656677246,2.2960000038146973,2.2960000038146973,2.240000009536743,2.240000009536743,2.2119998931884766,2.187999963760376,2.1440000534057617,2.1080000400543213,2.0799999237060547,2.0480000972747803,2.003999948501587,1.9759999513626099,1.9759999513626099,1.9500000476837158,1.9140000343322754,1.8839999437332153,1.8600000143051147,1.8359999656677246,1.812000036239624,1.7979999780654907,1.7979999780654907,1.7879999876022339,1.781999945640564,1.7760000228881836,1.7580000162124634,1.7380000352859497,1.718000054359436,1.718000054359436,1.6979999542236328,1.6820000410079956,1.659999966621399,1.6360000371932983,1.5160000324249268,1.5160000324249268,1.4980000257492065,1.4819999933242798,1.4819999933242798,1.4780000448226929,inf,inf,inf,inf,inf,1.4019999504089355,1.4019999504089355,1.4019999504089355,1.4019999504089355,1.4019999504089355,...,47.0,47.0,47.0,47.0,47.0,47.0,47.0,47.0,47.0,0.0,0.0,0.0,0.0,0.0,0.0,0.0,0.0,47.0,47.0,47.0,47.0,47.0,0.0,0.0,0.0,0.0,0.0,0.0,0.0,0.0,0.0,0.0,0.0,0.0,0.0,0.0,0.0,0.0,0.0,0.0,0.0,0.0,0.0,0.0,0.0,0.0,0.0,0.0,0.0,0.0,0.0,0.0,0.0,0.0,0.0,0.0,0.0,0.0,0.0,0.0,0.0,0.0,0.0,0.0,0.0,0.0,0.0,0.0,0.0,0.0,0.0,0.0,0.0,0.0,0.0,0.0,0.0,0.0,0.0,0.0,0.0,0.0,0.0,0.0,0.0,0.0,0.0,0.0,0.0,0.0,0.0,0.0,0.0,0.0,0.0,0.0,0.0,0.0,0.0,0.0,0.0,0.0,0.0,0.0,0.0,0.0,0.0,0.0,0.0,0.0,0.0,0.0,0.0,0.0,0.0,0.0,0.0,0.0,0.0,0.0,0.0,0.0,0.0,0.0,47.0,47.0,47.0,47.0,...
1763032551,49610813,laser,-3.1241390705108643,3.1415927410125732,0.0034828970674425364,5.3986223065294325e-05,0.0971212163567543,0.15000000596046448,16.0,5.440000057220459,5.440000057220459,5.440000057220459,5.432000160217285,5.423999786376953,5.432000160217285,5.432000160217285,5.432000160217285,5.432000160217285,5.432000160217285,5.432000160217285,5.432000160217285,5.432000160217285,5.432000160217285,5.432000160217285,5.432000160217285,5.432000160217285,5.423999786376953,5.423999786376953,5.423999786376953,5.432000160217285,5.432000160217285,5.423999786376953,5.432000160217285,5.432000160217285,5.432000160217285,5.432000160217285,5.432000160217285,5.432000160217285,5.432000160217285,5.432000160217285,5.432000160217285,5.432000160217285,5.432000160217285,5.432000160217285,5.432000160217285,5.432000160217285,5.432000160217285,5.440000057220459,5.440000057220459,5.440000057220459,5.440000057220459,inf,inf,inf,inf,inf,inf,inf,inf,inf,inf,inf,3.7679998874664307,3.7679998874664307,3.7679998874664307,3.7679998874664307,3.7679998874664307,3.74399995803833,3.74399995803833,3.7360000610351562,3.7360000610351562,3.7360000610351562,3.740000009536743,3.747999906539917,3.752000093460083,2.875999927520752,2.875999927520752,2.812000036239624,2.812000036239624,2.812000036239624,2.812000036239624,2.740000009536743,2.687999963760376,2.640000104904175,2.5799999237060547,2.5320000648498535,2.4040000438690186,2.364000082015991,2.364000082015991,2.364000082015991,2.3239998817443848,2.2920000553131104,2.1760001182556152,2.1760001182556152,2.171999931335449,2.131999969482422,2.0959999561309814,2.0959999561309814,2.055999994277954,2.0239999294281006,1.9980000257492065,1.972000002861023,1.9420000314712524,1.909999966621399,1.909999966621399,1.8739999532699585,1.8739999532699585,1.8660000562667847,1.8539999723434448,1.843999981880188,1.8259999752044678,1.8020000457763672,1.8020000457763672,1.7799999713897705,1.75600004196167,1.7359999418258667,1.715999960899353,1.6959999799728394,1.6720000505447388,1.6720000505447388,1.649999976158142,1.5099999904632568,1.5099999904632568,1.5099999904632568,1.4980000257492065,1.4859999418258667,1.468000054359436,1.4320000410079956,1.4320000410079956,1.4320000410079956,1.4320000410079956,1.4320000410079956,1.409999966621399,1.409999966621399,1.409999966621399,1.409999966621399,1.399999976158142,...,47.0,47.0,47.0,47.0,47.0,47.0,47.0,47.0,47.0,0.0,0.0,0.0,0.0,0.0,0.0,0.0,0.0,0.0,0.0,0.0,0.0,0.0,0.0,0.0,0.0,0.0,0.0,0.0,0.0,0.0,0.0,0.0,0.0,0.0,0.0,0.0,0.0,0.0,0.0,0.0,0.0,0.0,0.0,0.0,0.0,0.0,0.0,0.0,0.0,0.0,0.0,0.0,0.0,0.0,0.0,0.0,0.0,0.0,0.0,0.0,0.0,0.0,0.0,0.0,0.0,0.0,0.0,0.0,0.0,0.0,0.0,0.0,0.0,0.0,0.0,0.0,0.0,0.0,0.0,0.0,0.0,0.0,0.0,0.0,0.0,0.0,0.0,0.0,0.0,0.0,0.0,47.0,47.0,47.0,47.0,47.0,0.0,0.0,0.0,0.0,0.0,0.0,0.0,0.0,0.0,0.0,0.0,0.0,0.0,0.0,0.0,0.0,0.0,0.0,0.0,0.0,0.0,0.0,0.0,0.0,0.0,0.0,0.0,0.0,47.0,47.0,47.0,47.0,...
1763032551,148450248,laser,-3.1241390705108643,3.1415927410125732,0.0034828970674425364,5.3674950322601944e-05,0.0965612381696701,0.15000000596046448,16.0,5.440000057220459,5.432000160217285,5.432000160217285,5.432000160217285,5.432000160217285,5.432000160217285,5.432000160217285,5.432000160217285,5.432000160217285,5.432000160217285,5.432000160217285,5.432000160217285,5.432000160217285,5.432000160217285,5.432000160217285,5.432000160217285,5.432000160217285,5.432000160217285,5.432000160217285,5.423999786376953,5.432000160217285,5.432000160217285,5.432000160217285,5.423999786376953,5.423999786376953,5.432000160217285,5.432000160217285,5.432000160217285,5.432000160217285,5.432000160217285,5.432000160217285,5.432000160217285,5.432000160217285,5.432000160217285,5.432000160217285,5.432000160217285,5.432000160217285,5.432000160217285,5.440000057220459,5.440000057220459,5.440000057220459,5.440000057220459,inf,inf,inf,inf,inf,inf,inf,inf,inf,inf,inf,inf,3.7679998874664307,3.7679998874664307,3.7679998874664307,3.7679998874664307,3.7679998874664307,3.740000009536743,3.7360000610351562,3.7360000610351562,3.7360000610351562,3.740000009536743,3.747999906539917,3.752000093460083,2.875999927520752,2.875999927520752,2.875999927520752,2.8239998817443848,2.8239998817443848,2.8239998817443848,2.7679998874664307,2.700000047683716,2.6440000534057617,2.5840001106262207,2.5160000324249268,2.4679999351501465,2.4679999351501465,2.364000082015991,2.315999984741211,2.315999984741211,2.2880001068115234,2.200000047683716,2.200000047683716,2.187999963760376,2.1480000019073486,2.1480000019073486,2.1080000400543213,2.0880000591278076,2.072000026702881,2.058000087738037,2.0439999103546143,2.0220000743865967,2.0220000743865967,1.99399995803833,1.9700000286102295,1.9459999799728394,1.9160000085830688,1.8880000114440918,1.8600000143051147,1.8320000171661377,1.8320000171661377,1.8040000200271606,1.7799999713897705,1.7580000162124634,1.7359999418258667,1.715999960899353,1.6959999799728394,1.6740000247955322,1.6740000247955322,1.6540000438690186,1.5219999551773071,1.5219999551773071,1.5099999904632568,1.496000051498413,1.4839999675750732,inf,inf,1.4320000410079956,1.4320000410079956,1.4320000410079956,1.4320000410079956,1.4320000410079956,1.409999966621399,1.409999966621399,1.409999966621399,1.409999966621399,...,47.0,47.0,47.0,47.0,47.0,47.0,47.0,0.0,0.0,0.0,0.0,0.0,0.0,0.0,0.0,0.0,0.0,0.0,0.0,0.0,47.0,47.0,47.0,47.0,47.0,0.0,0.0,0.0,0.0,0.0,0.0,0.0,0.0,0.0,0.0,0.0,0.0,0.0,0.0,0.0,0.0,0.0,0.0,0.0,0.0,0.0,0.0,0.0,0.0,0.0,0.0,0.0,0.0,0.0,0.0,0.0,0.0,0.0,0.0,0.0,0.0,0.0,0.0,0.0,0.0,0.0,0.0,0.0,0.0,0.0,0.0,0.0,0.0,0.0,0.0,0.0,0.0,0.0,0.0,0.0,0.0,0.0,0.0,0.0,0.0,0.0,0.0,0.0,0.0,0.0,0.0,0.0,0.0,0.0,0.0,0.0,0.0,0.0,0.0,0.0,0.0,0.0,0.0,0.0,0.0,0.0,0.0,0.0,0.0,0.0,0.0,0.0,0.0,0.0,0.0,0.0,0.0,0.0,0.0,0.0,0.0,0.0,0.0,0.0,0.0,0.0,0.0,0.0,...
1763032551,246653036,laser,-3.1241390705108643,3.1415927410125732,0.0034828970674425364,5.029134263168089e-05,0.09047412872314453,0.15000000596046448,16.0,5.440000057220459,5.440000057220459,5.432000160217285,5.432000160217285,5.432000160217285,5.432000160217285,5.432000160217285,5.432000160217285,5.432000160217285,5.432000160217285,5.432000160217285,5.423999786376953,5.432000160217285,5.432000160217285,5.432000160217285,5.432000160217285,5.432000160217285,5.432000160217285,5.423999786376953,5.423999786376953,5.423999786376953,5.423999786376953,5.432000160217285,5.423999786376953,5.423999786376953,5.432000160217285,5.432000160217285,5.432000160217285,5.432000160217285,5.432000160217285,5.432000160217285,5.432000160217285,5.432000160217285,5.432000160217285,5.432000160217285,5.440000057220459,5.432000160217285,5.440000057220459,5.440000057220459,5.440000057220459,5.440000057220459,5.440000057220459,inf,inf,inf,inf,inf,inf,inf,3.9639999866485596,3.9639999866485596,3.9639999866485596,3.9639999866485596,3.9639999866485596,3.8440001010894775,3.8440001010894775,3.8440001010894775,3.8440001010894775,3.7639999389648438,3.7360000610351562,3.7320001125335693,3.7360000610351562,3.7360000610351562,3.740000009536743,3.747999906539917,3.752000093460083,2.875999927520752,2.875999927520752,2.819999933242798,2.819999933242798,2.819999933242798,2.819999933242798,2.752000093460083,2.687999963760376,2.6440000534057617,2.5840001106262207,2.5320000648498535,2.4079999923706055,2.364000082015991,2.364000082015991,2.364000082015991,2.319999933242798,2.2880001068115234,2.187999963760376,2.187999963760376,2.180000066757202,2.140000104904175,2.1080000400543213,2.1080000400543213,2.068000078201294,2.0239999294281006,1.9900000095367432,1.9620000123977661,1.940000057220459,1.9119999408721924,1.878000020980835,1.8519999980926514,1.8519999980926514,1.8279999494552612,1.7920000553131104,1.7680000066757202,1.7599999904632568,1.7599999904632568,1.753999948501587,1.7400000095367432,1.7400000095367432,1.7239999771118164,1.7120000123977661,1.6920000314712524,1.6699999570846558,1.6519999504089355,1.6519999504089355,1.5199999809265137,1.5199999809265137,1.5199999809265137,1.4980000257492065,1.4839999675750732,inf,inf,inf,inf,1.4160000085830688,1.4160000085830688,1.4160000085830688,1.4160000085830688,1.4160000085830688,1.399999976158142,1.399999976158142,...,47.0,47.0,47.0,47.0,47.0,47.0,0.0,0.0,0.0,0.0,0.0,0.0,0.0,0.0,0.0,0.0,0.0,0.0,47.0,47.0,47.0,47.0,47.0,0.0,0.0,0.0,0.0,0.0,0.0,0.0,0.0,0.0,0.0,0.0,0.0,0.0,0.0,0.0,0.0,0.0,0.0,0.0,0.0,0.0,0.0,0.0,0.0,0.0,0.0,0.0,0.0,0.0,0.0,0.0,0.0,0.0,0.0,0.0,0.0,0.0,0.0,0.0,0.0,0.0,0.0,0.0,0.0,0.0,0.0,0.0,0.0,0.0,0.0,0.0,0.0,0.0,0.0,0.0,0.0,0.0,0.0,0.0,0.0,0.0,0.0,0.0,0.0,0.0,0.0,0.0,0.0,0.0,0.0,0.0,0.0,0.0,0.0,0.0,0.0,0.0,0.0,0.0,0.0,0.0,0.0,0.0,0.0,0.0,0.0,0.0,0.0,0.0,0.0,0.0,0.0,0.0,0.0,0.0,0.0,0.0,0.0,0.0,0.0,0.0,0.0,0.0,0.0,0.0,...
1763032551,338776778,laser,-3.1241390705108643,3.1415927410125732,0.0034828970674425364,5.377129855332896e-05,0.09673456847667694,0.15000000596046448,16.0,5.440000057220459,5.440000057220459,5.440000057220459,5.440000057220459,5.432000160217285,5.432000160217285,5.432000160217285,5.432000160217285,5.432000160217285,5.432000160217285,5.432000160217285,5.432000160217285,5.432000160217285,5.432000160217285,5.432000160217285,5.432000160217285,5.432000160217285,5.432000160217285,5.423999786376953,5.432000160217285,5.432000160217285,5.432000160217285,5.432000160217285,5.432000160217285,5.423999786376953,5.432000160217285,5.432000160217285,5.432000160217285,5.432000160217285,5.423999786376953,5.432000160217285,5.432000160217285,5.432000160217285,5.432000160217285,5.432000160217285,5.440000057220459,5.440000057220459,5.440000057220459,5.440000057220459,5.440000057220459,5.440000057220459,5.440000057220459,inf,inf,inf,inf,inf,inf,inf,inf,inf,inf,inf,3.7639999389648438,3.7639999389648438,3.7639999389648438,3.7639999389648438,3.7639999389648438,3.74399995803833,3.74399995803833,3.7360000610351562,3.7360000610351562,3.7360000610351562,3.740000009536743,3.74399995803833,3.752000093460083,2.880000114440918,2.880000114440918,2.815999984741211,2.815999984741211,2.815999984741211,2.815999984741211,2.74399995803833,2.687999963760376,2.640000104904175,2.5799999237060547,2.5320000648498535,2.4040000438690186,2.364000082015991,2.364000082015991,2.364000082015991,2.3239998817443848,2.2960000038146973,2.180000066757202,2.180000066757202,2.1760001182556152,2.128000020980835,2.0999999046325684,2.0999999046325684,2.068000078201294,2.0260000228881836,2.0,1.9819999933242798,1.9539999961853027,1.934000015258789,1.9240000247955322,1.9240000247955322,1.9140000343322754,1.899999976158142,1.8760000467300415,1.8559999465942383,1.8339999914169312,1.8079999685287476,1.784000039100647,1.784000039100647,1.7599999904632568,1.7339999675750732,1.7120000123977661,1.6920000314712524,1.6720000505447388,1.6519999504089355,1.6519999504089355,1.5119999647140503,1.5119999647140503,1.5119999647140503,1.4980000257492065,1.4839999675750732,inf,1.4320000410079956,1.4320000410079956,1.4320000410079956,1.4320000410079956,1.4320000410079956,1.409999966621399,1.409999966621399,1.409999966621399,1.399999976158142,1.399999976158142,...,47.0,47.0,47.0,47.0,47.0,47.0,47.0,0.0,0.0,0.0,0.0,0.0,0.0,0.0,0.0,0.0,0.0,0.0,0.0,0.0,0.0,0.0,0.0,0.0,0.0,0.0,0.0,0.0,0.0,0.0,0.0,0.0,0.0,0.0,0.0,0.0,0.0,0.0,0.0,0.0,0.0,0.0,0.0,0.0,0.0,0.0,0.0,0.0,0.0,0.0,0.0,0.0,0.0,0.0,0.0,0.0,0.0,0.0,0.0,0.0,0.0,0.0,0.0,0.0,0.0,0.0,0.0,0.0,0.0,0.0,0.0,0.0,0.0,0.0,0.0,0.0,0.0,0.0,0.0,0.0,0.0,0.0,0.0,0.0,0.0,0.0,0.0,0.0,0.0,0.0,0.0,0.0,0.0,0.0,0.0,0.0,0.0,0.0,0.0,0.0,0.0,0.0,0.0,0.0,0.0,0.0,0.0,0.0,0.0,0.0,0.0,0.0,0.0,0.0,0.0,0.0,0.0,0.0,0.0,0.0,0.0,0.0,0.0,0.0,0.0,0.0,0.0,0.0,...
1763032551,437113067,laser,-3.1241390705108643,3.1415927410125732,0.0034828970674425364,5.370063809095882e-05,0.09660744667053223,0.15000000596046448,16.0,5.440000057220459,5.440000057220459,5.440000057220459,5.440000057220459,5.440000057220459,5.432000160217285,5.440000057220459,5.432000160217285,5.432000160217285,5.432000160217285,5.432000160217285,5.432000160217285,5.440000057220459,5.432000160217285,5.432000160217285,5.423999786376953,5.432000160217285,5.432000160217285,5.432000160217285,5.432000160217285,5.432000160217285,5.432000160217285,5.432000160217285,5.432000160217285,5.432000160217285,5.432000160217285,5.432000160217285,5.432000160217285,5.432000160217285,5.432000160217285,5.432000160217285,5.432000160217285,5.440000057220459,5.432000160217285,5.432000160217285,5.440000057220459,5.440000057220459,5.440000057220459,5.440000057220459,5.440000057220459,5.440000057220459,5.432000160217285,inf,inf,inf,inf,inf,inf,inf,inf,inf,3.8959999084472656,3.8959999084472656,3.8959999084472656,3.8959999084472656,3.8959999084472656,3.7920000553131104,3.7920000553131104,3.740000009536743,3.7360000610351562,3.7360000610351562,3.74399995803833,3.74399995803833,3.74399995803833,3.74399995803833,2.9119999408721924,2.9119999408721924,2.9119999408721924,2.9119999408721924,2.8519999980926514,2.8519999980926514,2.7880001068115234,2.7239999771118164,2.6640000343322754,2.6040000915527344,2.552000045776367,2.492000102996826,2.492000102996826,2.3919999599456787,2.3919999599456787,2.328000068664551,2.2839999198913574,2.2760000228881836,2.191999912261963,2.191999912261963,2.1559998989105225,2.1559998989105225,2.119999885559082,2.0920000076293945,2.055999994277954,2.0280001163482666,2.009999990463257,1.99399995803833,1.9739999771118164,1.9739999771118164,1.9559999704360962,1.9420000314712524,1.9220000505447388,1.899999976158142,1.8760000467300415,1.8519999980926514,1.8519999980926514,1.8259999752044678,1.7999999523162842,1.7740000486373901,1.7519999742507935,1.7300000190734863,1.7079999446868896,1.6859999895095825,1.6859999895095825,1.6640000343322754,1.6399999856948853,1.5240000486373901,1.5240000486373901,1.50600004196167,1.496000051498413,1.4819999933242798,inf,inf,inf,inf,inf,inf,1.4040000438690186,1.4040000438690186,1.4040000438690186,1.4040000438690186,1.4040000438690186,...,47.0,47.0,47.0,47.0,47.0,47.0,47.0,0.0,0.0,0.0,0.0,0.0,0.0,0.0,0.0,0.0,0.0,0.0,0.0,47.0,47.0,47.0,47.0,47.0,0.0,0.0,0.0,0.0,0.0,0.0,0.0,0.0,0.0,0.0,0.0,0.0,0.0,0.0,0.0,0.0,0.0,0.0,0.0,0.0,0.0,0.0,0.0,0.0,0.0,0.0,0.0,0.0,0.0,0.0,0.0,0.0,0.0,0.0,0.0,0.0,0.0,0.0,0.0,0.0,0.0,0.0,0.0,0.0,0.0,0.0,0.0,47.0,47.0,47.0,47.0,47.0,0.0,0.0,0.0,0.0,0.0,0.0,0.0,0.0,0.0,0.0,0.0,0.0,0.0,0.0,0.0,0.0,0.0,0.0,0.0,0.0,0.0,0.0,0.0,0.0,0.0,0.0,0.0,0.0,0.0,0.0,0.0,0.0,0.0,0.0,0.0,0.0,0.0,0.0,0.0,0.0,0.0,0.0,0.0,0.0,0.0,0.0,0.0,0.0,0.0,0.0,0.0,0.0,...
1763032551,535186593,laser,-3.1241390705108643,3.1415927410125732,0.0034828970674425364,5.3816762374481186e-05,0.09681635349988937,0.15000000596046448,16.0,5.440000057220459,5.440000057220459,5.440000057220459,5.432000160217285,5.432000160217285,5.432000160217285,5.432000160217285,5.432000160217285,5.432000160217285,5.432000160217285,5.432000160217285,5.432000160217285,5.432000160217285,5.432000160217285,5.432000160217285,5.432000160217285,5.432000160217285,5.432000160217285,5.432000160217285,5.432000160217285,5.432000160217285,5.432000160217285,5.432000160217285,5.423999786376953,5.423999786376953,5.423999786376953,5.432000160217285,5.432000160217285,5.432000160217285,5.432000160217285,5.432000160217285,5.440000057220459,5.440000057220459,5.440000057220459,5.432000160217285,5.432000160217285,5.440000057220459,5.440000057220459,5.440000057220459,5.440000057220459,5.440000057220459,5.440000057220459,inf,inf,inf,inf,4.191999912261963,4.191999912261963,4.191999912261963,4.191999912261963,4.191999912261963,inf,inf,3.7679998874664307,3.7679998874664307,3.7679998874664307,3.7679998874664307,3.7679998874664307,3.740000009536743,3.740000009536743,3.7320001125335693,3.7360000610351562,3.74399995803833,3.74399995803833,3.747999906539917,3.752000093460083,2.884000062942505,2.884000062942505,2.819999933242798,2.819999933242798,2.819999933242798,2.752000093460083,2.752000093460083,2.687999963760376,2.6440000534057617,2.5880000591278076,2.5360000133514404,2.48799991607666,2.4240000247955322,2.375999927520752,2.3320000171661377,2.3320000171661377,2.2920000553131104,2.196000099182129,2.196000099182129,2.184000015258789,2.1440000534057617,2.0999999046325684,2.059999942779541,2.059999942779541,2.0280001163482666,1.996000051498413,1.968000054359436,1.944000005722046,1.9160000085830688,1.8799999952316284,1.8519999980926514,1.8259999752044678,1.8259999752044678,1.7920000553131104,1.7699999809265137,1.7580000162124634,1.7519999742507935,1.746000051498413,1.7300000190734863,1.7300000190734863,1.7259999513626099,1.718000054359436,1.6920000314712524,1.6699999570846558,1.6519999504089355,1.6519999504089355,1.5119999647140503,1.5119999647140503,1.5119999647140503,1.5,1.4839999675750732,inf,inf,inf,inf,1.4019999504089355,1.4019999504089355,1.4019999504089355,1.4019999504089355,1.4019999504089355,1.3880000114440918,1.3880000114440918,...,0.0,47.0,47.0,47.0,47.0,47.0,47.0,47.0,47.0,0.0,0.0,0.0,0.0,0.0,0.0,0.0,0.0,0.0,0.0,0.0,0.0,0.0,0.0,0.0,0.0,0.0,0.0,0.0,0.0,0.0,0.0,0.0,0.0,0.0,0.0,0.0,0.0,0.0,0.0,0.0,0.0,0.0,0.0,0.0,0.0,0.0,0.0,0.0,0.0,0.0,0.0,0.0,0.0,0.0,0.0,0.0,0.0,0.0,0.0,0.0,0.0,0.0,0.0,0.0,0.0,0.0,0.0,0.0,0.0,0.0,0.0,0.0,0.0,0.0,0.0,0.0,0.0,0.0,0.0,0.0,0.0,0.0,0.0,0.0,0.0,0.0,0.0,0.0,0.0,0.0,0.0,47.0,47.0,47.0,47.0,47.0,0.0,0.0,0.0,0.0,0.0,0.0,0.0,0.0,0.0,47.0,47.0,47.0,47.0,47.0,0.0,0.0,0.0,0.0,0.0,0.0,0.0,0.0,0.0,0.0,0.0,0.0,0.0,0.0,0.0,0.0,0.0,0.0,...
1763032551,633588824,laser,-3.1241390705108643,3.1415927410125732,0.0034828970674425364,5.033357592765242e-05,0.09055010229349136,0.15000000596046448,16.0,5.440000057220459,5.440000057220459,5.440000057220459,5.440000057220459,5.440000057220459,5.432000160217285,5.432000160217285,5.432000160217285,5.432000160217285,5.432000160217285,5.432000160217285,5.432000160217285,5.432000160217285,5.432000160217285,5.432000160217285,5.432000160217285,5.432000160217285,5.432000160217285,5.423999786376953,5.432000160217285,5.432000160217285,5.432000160217285,5.432000160217285,5.432000160217285,5.432000160217285,5.432000160217285,5.440000057220459,5.432000160217285,5.432000160217285,5.432000160217285,5.432000160217285,5.432000160217285,5.432000160217285,5.440000057220459,5.440000057220459,5.440000057220459,5.440000057220459,5.432000160217285,5.440000057220459,5.440000057220459,5.440000057220459,inf,inf,inf,inf,inf,inf,inf,inf,inf,3.98799991607666,3.98799991607666,3.98799991607666,3.98799991607666,3.98799991607666,3.888000011444092,3.888000011444092,3.888000011444092,3.7880001068115234,3.740000009536743,3.7320001125335693,3.7360000610351562,3.74399995803833,3.747999906539917,3.747999906539917,3.752000093460083,2.888000011444092,2.888000011444092,2.888000011444092,2.819999933242798,2.819999933242798,2.7679998874664307,2.7079999446868896,2.6440000534057617,2.6440000534057617,2.5920000076293945,2.5360000133514404,2.4839999675750732,2.436000108718872,2.388000011444092,2.3399999141693115,2.299999952316284,2.299999952316284,2.2039999961853027,2.2039999961853027,2.184000015258789,2.140000104904175,2.115999937057495,2.0880000591278076,2.052000045776367,2.052000045776367,2.0220000743865967,1.996000051498413,1.9759999513626099,1.965999960899353,1.9520000219345093,1.9359999895095825,1.9359999895095825,1.9160000085830688,1.8899999856948853,1.8660000562667847,1.8420000076293945,1.8140000104904175,1.7899999618530273,1.7660000324249268,1.7660000324249268,1.7419999837875366,1.7200000286102295,1.6979999542236328,1.6799999475479126,1.6579999923706055,1.5379999876022339,1.5379999876022339,1.5119999647140503,1.5,1.4819999933242798,1.4819999933242798,1.4759999513626099,1.4759999513626099,1.4759999513626099,inf,inf,1.4160000085830688,1.4160000085830688,1.4160000085830688,1.4160000085830688,1.4160000085830688,1.4019999504089355,...,47.0,47.0,47.0,47.0,47.0,47.0,47.0,0.0,0.0,0.0,0.0,0.0,0.0,0.0,0.0,0.0,0.0,0.0,0.0,0.0,0.0,0.0,0.0,0.0,0.0,0.0,0.0,0.0,0.0,0.0,0.0,0.0,0.0,0.0,0.0,0.0,0.0,0.0,47.0,47.0,47.0,47.0,47.0,0.0,0.0,0.0,0.0,0.0,0.0,0.0,0.0,0.0,0.0,0.0,0.0,0.0,0.0,0.0,0.0,0.0,0.0,0.0,0.0,0.0,0.0,0.0,0.0,0.0,0.0,0.0,0.0,0.0,0.0,0.0,0.0,0.0,0.0,0.0,0.0,0.0,0.0,0.0,0.0,0.0,0.0,0.0,0.0,0.0,0.0,0.0,0.0,0.0,0.0,0.0,0.0,0.0,0.0,0.0,0.0,0.0,0.0,0.0,0.0,0.0,0.0,0.0,0.0,0.0,0.0,0.0,0.0,0.0,0.0,0.0,0.0,0.0,0.0,0.0,0.0,0.0,0.0,0.0,0.0,0.0,0.0,0.0,0.0,0.0,...
1763032551,725826247,laser,-3.1241390705108643,3.1415927410125732,0.0034828970674425364,5.364876051316969e-05,0.09651412069797516,0.15000000596046448,16.0,5.440000057220459,5.440000057220459,5.440000057220459,5.440000057220459,5.440000057220459,5.432000160217285,5.432000160217285,5.440000057220459,5.432000160217285,5.432000160217285,5.432000160217285,5.432000160217285,5.432000160217285,5.432000160217285,5.432000160217285,5.432000160217285,5.432000160217285,5.432000160217285,5.432000160217285,5.432000160217285,5.432000160217285,5.432000160217285,5.432000160217285,5.432000160217285,5.432000160217285,5.432000160217285,5.432000160217285,5.432000160217285,5.432000160217285,5.432000160217285,5.432000160217285,5.440000057220459,5.440000057220459,5.440000057220459,5.432000160217285,5.432000160217285,5.432000160217285,5.432000160217285,5.440000057220459,5.440000057220459,5.440000057220459,5.432000160217285,inf,inf,inf,inf,inf,inf,inf,inf,inf,inf,3.947999954223633,3.947999954223633,3.947999954223633,3.947999954223633,3.947999954223633,3.8359999656677246,3.75600004196167,3.740000009536743,3.740000009536743,3.740000009536743,3.7360000610351562,3.740000009536743,3.747999906539917,3.752000093460083,2.884000062942505,2.884000062942505,2.884000062942505,2.884000062942505,2.7360000610351562,2.7360000610351562,2.7360000610351562,2.696000099182129,2.624000072479248,2.563999891281128,2.507999897003174,2.4639999866485596,2.4119999408721924,2.359999895095825,2.359999895095825,2.319999933242798,2.2880001068115234,2.180000066757202,2.1640000343322754,2.1640000343322754,2.131999969482422,2.0959999561309814,2.0959999561309814,2.058000087738037,2.0280001163482666,2.00600004196167,1.9839999675750732,1.9520000219345093,1.9299999475479126,1.9299999475479126,1.9179999828338623,1.9040000438690186,1.8899999856948853,1.8700000047683716,1.8459999561309814,1.8279999494552612,1.8020000457763672,1.8020000457763672,1.777999997138977,1.7580000162124634,1.7319999933242798,1.7120000123977661,1.694000005722046,1.6699999570846558,1.6699999570846558,1.6480000019073486,1.5119999647140503,1.5119999647140503,1.5119999647140503,1.496000051498413,1.4819999933242798,1.465999960899353,inf,inf,1.4359999895095825,1.4359999895095825,1.4359999895095825,1.4359999895095825,1.4359999895095825,1.4160000085830688,1.4160000085830688,1.4160000085830688,...,47.0,47.0,47.0,47.0,47.0,47.0,0.0,0.0,0.0,0.0,0.0,0.0,0.0,0.0,0.0,0.0,0.0,0.0,0.0,47.0,47.0,47.0,47.0,47.0,0.0,0.0,0.0,0.0,0.0,0.0,0.0,0.0,0.0,0.0,0.0,0.0,0.0,0.0,0.0,0.0,0.0,0.0,0.0,0.0,0.0,0.0,0.0,0.0,0.0,0.0,0.0,0.0,0.0,0.0,0.0,0.0,0.0,0.0,0.0,0.0,0.0,0.0,0.0,0.0,0.0,0.0,0.0,0.0,0.0,0.0,0.0,0.0,0.0,0.0,0.0,0.0,0.0,0.0,0.0,0.0,0.0,0.0,0.0,0.0,0.0,0.0,0.0,0.0,0.0,0.0,0.0,0.0,0.0,0.0,0.0,0.0,0.0,0.0,0.0,0.0,0.0,0.0,0.0,0.0,0.0,0.0,0.0,0.0,0.0,0.0,0.0,0.0,0.0,0.0,0.0,0.0,0.0,0.0,0.0,0.0,0.0,0.0,0.0,0.0,0.0,0.0,0.0,0.0,...
1763032551,823603444,laser,-3.1241390705108643,3.1415927410125732,0.0034828970674425364,5.395593325374648e-05,0.0970667228102684,0.15000000596046448,16.0,5.440000057220459,5.440000057220459,5.440000057220459,5.440000057220459,5.432000160217285,5.432000160217285,5.440000057220459,5.432000160217285,5.432000160217285,5.432000160217285,5.432000160217285,5.432000160217285,5.432000160217285,5.432000160217285,5.432000160217285,5.432000160217285,5.432000160217285,5.432000160217285,5.432000160217285,5.432000160217285,5.432000160217285,5.432000160217285,5.423999786376953,5.432000160217285,5.423999786376953,5.432000160217285,5.432000160217285,5.432000160217285,5.432000160217285,5.432000160217285,5.432000160217285,5.440000057220459,5.440000057220459,5.440000057220459,5.432000160217285,5.440000057220459,5.440000057220459,5.440000057220459,5.440000057220459,5.440000057220459,5.440000057220459,5.432000160217285,inf,inf,inf,inf,inf,inf,inf,inf,inf,inf,inf,3.7960000038146973,3.7960000038146973,3.7960000038146973,3.7960000038146973,3.7960000038146973,3.75600004196167,3.75600004196167,3.740000009536743,3.74399995803833,3.74399995803833,3.74399995803833,3.747999906539917,3.747999906539917,2.9159998893737793,2.9159998893737793,2.9159998893737793,2.8399999141693115,2.8399999141693115,2.7720000743865967,2.7200000286102295,2.6640000343322754,2.611999988555908,2.611999988555908,2.559999942779541,2.5,2.440000057220459,2.384000062942505,2.3359999656677246,2.308000087738037,2.2880001068115234,2.2880001068115234,2.24399995803833,2.196000099182129,2.1600000858306885,2.124000072479248,2.0880000591278076,2.055999994277954,2.0260000228881836,1.9859999418258667,1.9859999418258667,1.9479999542236328,1.9199999570846558,1.8880000114440918,1.8660000562667847,1.840000033378601,1.8040000200271606,1.777999997138977,1.777999997138977,1.7580000162124634,1.746000051498413,1.74399995803833,1.7380000352859497,1.7280000448226929,1.722000002861023,1.7039999961853027,1.7039999961853027,1.6820000410079956,1.6640000343322754,1.6440000534057617,1.5219999551773071,1.5080000162124634,1.5080000162124634,1.4900000095367432,1.4759999513626099,1.4759999513626099,inf,inf,inf,inf,1.4040000438690186,1.4040000438690186,1.4040000438690186,1.4040000438690186,1.4040000438690186,1.3919999599456787,...,47.0,47.0,47.0,47.0,47.0,47.0,47.0,47.0,0.0,0.0,0.0,0.0,0.0,0.0,0.0,0.0,0.0,0.0,0.0,0.0,0.0,0.0,0.0,0.0,0.0,0.0,0.0,0.0,0.0,0.0,0.0,0.0,0.0,0.0,0.0,0.0,0.0,0.0,0.0,0.0,0.0,0.0,0.0,0.0,0.0,0.0,0.0,0.0,0.0,0.0,0.0,0.0,0.0,0.0,0.0,0.0,0.0,0.0,0.0,0.0,0.0,0.0,0.0,0.0,0.0,0.0,0.0,0.0,0.0,47.0,47.0,47.0,47.0,47.0,0.0,0.0,0.0,0.0,0.0,0.0,0.0,0.0,0.0,0.0,0.0,0.0,0.0,0.0,0.0,0.0,0.0,0.0,0.0,0.0,0.0,0.0,0.0,0.0,0.0,0.0,0.0,0.0,0.0,0.0,0.0,0.0,0.0,0.0,0.0,0.0,0.0,0.0,0.0,0.0,0.0,0.0,0.0,0.0,0.0,0.0,0.0,0.0,0.0,47.0,47.0,47.0,47.0,47.0,...
1763032551,922218492,laser,-3.1241390705108643,3.1415927410125732,0.0034828970674425364,5.031123509979807e-05,0.09050990641117096,0.15000000596046448,16.0,5.440000057220459,5.440000057220459,5.440000057220459,5.440000057220459,5.432000160217285,5.432000160217285,5.432000160217285,5.440000057220459,5.432000160217285,5.432000160217285,5.440000057220459,5.432000160217285,5.432000160217285,5.432000160217285,5.432000160217285,5.432000160217285,5.432000160217285,5.432000160217285,5.432000160217285,5.432000160217285,5.432000160217285,5.432000160217285,5.432000160217285,5.432000160217285,5.432000160217285,5.432000160217285,5.432000160217285,5.432000160217285,5.432000160217285,5.440000057220459,5.440000057220459,5.440000057220459,5.440000057220459,5.440000057220459,5.440000057220459,5.440000057220459,5.440000057220459,5.440000057220459,5.440000057220459,5.440000057220459,5.440000057220459,5.440000057220459,inf,inf,inf,inf,inf,inf,inf,4.015999794006348,4.015999794006348,4.015999794006348,4.015999794006348,4.015999794006348,3.7880001068115234,3.7880001068115234,3.7880001068115234,3.74399995803833,3.74399995803833,3.74399995803833,3.740000009536743,3.74399995803833,3.74399995803833,3.74399995803833,3.74399995803833,3.74399995803833,2.9000000953674316,2.9000000953674316,2.8440001010894775,2.8440001010894775,2.8440001010894775,2.7760000228881836,2.7200000286102295,2.6640000343322754,2.611999988555908,2.611999988555908,2.552000045776367,2.48799991607666,2.440000057220459,2.380000114440918,2.3320000171661377,2.2920000553131104,2.2639999389648438,2.2639999389648438,2.2360000610351562,2.196000099182129,2.1600000858306885,2.124000072479248,2.0880000591278076,2.063999891281128,2.063999891281128,2.052000045776367,2.0399999618530273,2.0320000648498535,2.009999990463257,1.9819999933242798,1.9579999446868896,1.9320000410079956,1.9320000410079956,1.9079999923706055,1.878000020980835,1.850000023841858,1.8220000267028809,1.7960000038146973,1.7760000228881836,1.753999948501587,1.7300000190734863,1.7300000190734863,1.7100000381469727,1.687999963760376,1.6640000343322754,1.6419999599456787,1.5160000324249268,1.5160000324249268,1.5080000162124634,1.4900000095367432,1.4800000190734863,1.4800000190734863,1.4780000448226929,1.4759999513626099,inf,1.4179999828338623,1.4179999828338623,1.4179999828338623,1.4179999828338623,1.4179999828338623,1.406000018119812,1.406000018119812,...,0.0,47.0,47.0,47.0,47.0,47.0,47.0,0.0,0.0,0.0,0.0,0.0,0.0,0.0,0.0,0.0,0.0,0.0,0.0,0.0,0.0,0.0,0.0,0.0,0.0,0.0,0.0,0.0,0.0,0.0,0.0,0.0,0.0,0.0,0.0,0.0,0.0,0.0,0.0,0.0,0.0,0.0,0.0,0.0,0.0,0.0,0.0,0.0,0.0,0.0,0.0,0.0,0.0,0.0,0.0,0.0,0.0,0.0,0.0,0.0,0.0,0.0,0.0,0.0,0.0,0.0,0.0,47.0,47.0,47.0,47.0,47.0,0.0,0.0,0.0,0.0,0.0,0.0,0.0,0.0,0.0,0.0,0.0,0.0,0.0,0.0,0.0,0.0,0.0,47.0,47.0,47.0,47.0,47.0,0.0,0.0,0.0,0.0,0.0,0.0,0.0,0.0,0.0,0.0,0.0,0.0,0.0,0.0,0.0,0.0,0.0,0.0,0.0,0.0,0.0,0.0,0.0,0.0,0.0,0.0,0.0,0.0,0.0,0.0,0.0,0.0,47.0,47.0,...
1763032552,13681813,laser,-3.1241390705108643,3.1415927410125732,0.0034828970674425364,5.4130039643496275e-05,0.09737994521856308,0.15000000596046448,16.0,5.440000057220459,5.440000057220459,5.440000057220459,5.432000160217285,5.432000160217285,5.432000160217285,5.432000160217285,5.432000160217285,5.432000160217285,5.432000160217285,5.432000160217285,5.432000160217285,5.432000160217285,5.432000160217285,5.432000160217285,5.432000160217285,5.432000160217285,5.432000160217285,5.432000160217285,5.440000057220459,5.432000160217285,5.432000160217285,5.432000160217285,5.432000160217285,5.432000160217285,5.432000160217285,5.432000160217285,5.432000160217285,5.432000160217285,5.432000160217285,5.432000160217285,5.440000057220459,5.440000057220459,5.440000057220459,5.440000057220459,5.440000057220459,5.440000057220459,5.440000057220459,5.440000057220459,5.440000057220459,5.440000057220459,inf,inf,inf,inf,inf,inf,inf,inf,4.01200008392334,4.01200008392334,4.01200008392334,4.01200008392334,4.01200008392334,3.740000009536743,3.740000009536743,3.740000009536743,3.740000009536743,3.7360000610351562,3.7360000610351562,3.7360000610351562,3.740000009536743,3.74399995803833,3.747999906539917,3.747999906539917,3.752000093460083,2.888000011444092,2.888000011444092,2.8320000171661377,2.8320000171661377,2.8320000171661377,2.7760000228881836,2.7200000286102295,2.6640000343322754,2.6640000343322754,2.6080000400543213,2.5480000972747803,2.48799991607666,2.440000057220459,2.384000062942505,2.3359999656677246,2.2960000038146973,2.2960000038146973,2.24399995803833,2.2119998931884766,2.191999912261963,2.1600000858306885,2.124000072479248,2.0880000591278076,2.052000045776367,2.052000045776367,2.009999990463257,1.9800000190734863,1.9459999799728394,1.9079999923706055,1.8860000371932983,1.8760000467300415,1.8600000143051147,1.8459999561309814,1.8459999561309814,1.8380000591278076,1.8220000267028809,1.8079999685287476,1.7879999876022339,1.7640000581741333,1.7640000581741333,1.74399995803833,1.722000002861023,1.7020000219345093,1.684000015258789,1.6619999408721924,1.6339999437332153,1.5140000581741333,1.5140000581741333,1.4980000257492065,1.4839999675750732,1.4839999675750732,inf,inf,inf,inf,1.4040000438690186,1.4040000438690186,1.4040000438690186,1.4040000438690186,1.4040000438690186,1.3880000114440918,1.3880000114440918,...,47.0,47.0,47.0,47.0,47.0,47.0,47.0,47.0,0.0,0.0,0.0,0.0,0.0,0.0,0.0,0.0,0.0,0.0,0.0,0.0,47.0,47.0,47.0,47.0,47.0,0.0,0.0,0.0,0.0,0.0,0.0,0.0,0.0,0.0,0.0,0.0,0.0,0.0,0.0,0.0,0.0,0.0,0.0,0.0,0.0,0.0,0.0,0.0,0.0,0.0,0.0,0.0,0.0,0.0,0.0,0.0,0.0,0.0,0.0,0.0,0.0,0.0,0.0,0.0,0.0,0.0,0.0,0.0,0.0,0.0,0.0,0.0,0.0,0.0,0.0,0.0,0.0,0.0,0.0,0.0,0.0,0.0,0.0,0.0,0.0,0.0,0.0,0.0,0.0,0.0,47.0,47.0,47.0,47.0,47.0,0.0,0.0,0.0,0.0,0.0,0.0,0.0,0.0,0.0,0.0,0.0,0.0,0.0,0.0,0.0,0.0,0.0,0.0,0.0,0.0,0.0,0.0,0.0,0.0,0.0,0.0,0.0,0.0,0.0,0.0,0.0,0.0,0.0,...
1763032552,112626161,laser,-3.1241390705108643,3.1415927410125732,0.0034828970674425364,5.3750041843159124e-05,0.09669632464647293,0.15000000596046448,16.0,5.440000057220459,5.440000057220459,5.440000057220459,5.440000057220459,5.440000057220459,5.432000160217285,5.432000160217285,5.432000160217285,5.432000160217285,5.432000160217285,5.432000160217285,5.432000160217285,5.432000160217285,5.432000160217285,5.432000160217285,5.432000160217285,5.432000160217285,5.432000160217285,5.432000160217285,5.432000160217285,5.432000160217285,5.423999786376953,5.432000160217285,5.432000160217285,5.432000160217285,5.432000160217285,5.432000160217285,5.432000160217285,5.432000160217285,5.432000160217285,5.432000160217285,5.440000057220459,5.440000057220459,5.440000057220459,5.440000057220459,5.440000057220459,5.440000057220459,5.440000057220459,5.440000057220459,5.440000057220459,5.440000057220459,5.447999954223633,inf,inf,inf,inf,inf,inf,inf,inf,inf,inf,3.7839999198913574,3.7839999198913574,3.7839999198913574,3.7839999198913574,3.7839999198913574,3.74399995803833,3.74399995803833,3.74399995803833,3.740000009536743,3.74399995803833,3.740000009536743,3.740000009536743,3.74399995803833,3.74399995803833,2.8919999599456787,2.8320000171661377,2.8320000171661377,2.8320000171661377,2.8320000171661377,2.7720000743865967,2.7200000286102295,2.6640000343322754,2.6080000400543213,2.5480000972747803,2.5480000972747803,2.492000102996826,2.440000057220459,2.384000062942505,2.3359999656677246,2.308000087738037,2.2720000743865967,2.2360000610351562,2.2360000610351562,2.196000099182129,2.1600000858306885,2.124000072479248,2.0840001106262207,2.0480000972747803,2.009999990463257,1.9780000448226929,1.9500000476837158,1.9500000476837158,1.9119999408721924,1.8860000371932983,1.8600000143051147,1.8359999656677246,1.815999984741211,1.7979999780654907,1.7979999780654907,1.7899999618530273,1.7879999876022339,1.781999945640564,1.7680000066757202,1.74399995803833,1.7239999771118164,1.7039999961853027,1.7039999961853027,1.684000015258789,1.6640000343322754,1.6419999599456787,1.5260000228881836,1.5260000228881836,1.50600004196167,1.4880000352859497,1.4759999513626099,1.4759999513626099,inf,inf,inf,1.4040000438690186,1.4040000438690186,1.4040000438690186,1.4040000438690186,1.4040000438690186,1.3940000534057617,1.3940000534057617,...,47.0,47.0,47.0,47.0,47.0,47.0,47.0,47.0,0.0,0.0,0.0,0.0,0.0,0.0,0.0,0.0,0.0,0.0,0.0,0.0,0.0,0.0,0.0,0.0,0.0,0.0,0.0,0.0,0.0,0.0,0.0,0.0,0.0,0.0,0.0,0.0,0.0,0.0,0.0,0.0,0.0,0.0,0.0,0.0,0.0,0.0,0.0,0.0,0.0,0.0,0.0,0.0,0.0,0.0,0.0,0.0,0.0,0.0,0.0,0.0,0.0,0.0,0.0,0.0,0.0,0.0,0.0,0.0,0.0,0.0,0.0,0.0,0.0,0.0,0.0,0.0,0.0,0.0,0.0,0.0,0.0,0.0,0.0,0.0,0.0,0.0,0.0,0.0,0.0,0.0,0.0,0.0,0.0,0.0,0.0,0.0,0.0,0.0,0.0,0.0,0.0,0.0,0.0,0.0,0.0,0.0,0.0,0.0,0.0,0.0,0.0,0.0,0.0,0.0,0.0,0.0,0.0,0.0,0.0,0.0,0.0,0.0,0.0,0.0,0.0,0.0,0.0,0.0,...
1763032552,211079888,laser,-3.1241390705108643,3.1415927410125732,0.0034828970674425364,5.356007386581041e-05,0.09635457396507263,0.15000000596046448,16.0,5.440000057220459,5.432000160217285,5.440000057220459,5.440000057220459,5.432000160217285,5.432000160217285,5.440000057220459,5.440000057220459,5.432000160217285,5.432000160217285,5.432000160217285,5.432000160217285,5.432000160217285,5.432000160217285,5.432000160217285,5.432000160217285,5.432000160217285,5.432000160217285,5.432000160217285,5.432000160217285,5.432000160217285,5.432000160217285,5.432000160217285,5.432000160217285,5.432000160217285,5.432000160217285,5.432000160217285,5.432000160217285,5.432000160217285,5.432000160217285,5.432000160217285,5.432000160217285,5.440000057220459,5.440000057220459,5.440000057220459,5.440000057220459,5.440000057220459,5.440000057220459,5.440000057220459,5.440000057220459,5.440000057220459,5.423999786376953,inf,inf,inf,inf,inf,inf,inf,inf,inf,inf,3.9079999923706055,3.9079999923706055,3.9079999923706055,3.9079999923706055,3.9079999923706055,3.812000036239624,3.752000093460083,3.740000009536743,3.740000009536743,3.740000009536743,3.740000009536743,3.74399995803833,3.747999906539917,2.9200000762939453,2.9200000762939453,2.8559999465942383,2.8559999465942383,2.8559999465942383,2.8559999465942383,2.7880001068115234,2.7200000286102295,2.6640000343322754,2.6080000400543213,2.559999942779541,2.559999942779541,2.5,2.440000057220459,2.388000011444092,2.3440001010894775,2.308000087738037,2.2839999198913574,2.247999906539917,2.247999906539917,2.196000099182129,2.171999931335449,2.1480000019073486,2.119999885559082,2.0999999046325684,2.0880000591278076,2.072000026702881,2.072000026702881,2.052000045776367,2.0260000228881836,2.0,1.9700000286102295,1.9359999895095825,1.9119999408721924,1.8839999437332153,1.8559999465942383,1.8559999465942383,1.8300000429153442,1.8040000200271606,1.7799999713897705,1.7580000162124634,1.7319999933242798,1.7100000381469727,1.687999963760376,1.687999963760376,1.6640000343322754,1.6460000276565552,1.5180000066757202,1.5180000066757202,1.5099999904632568,1.4980000257492065,1.4839999675750732,1.4780000448226929,1.4780000448226929,1.4759999513626099,inf,1.4140000343322754,1.4140000343322754,1.4140000343322754,1.4140000343322754,1.4140000343322754,1.4019999504089355,1.4019999504089355,...,47.0,47.0,47.0,47.0,47.0,47.0,47.0,47.0,0.0,0.0,0.0,0.0,0.0,0.0,0.0,0.0,0.0,0.0,0.0,0.0,0.0,0.0,0.0,0.0,0.0,0.0,0.0,0.0,0.0,0.0,0.0,0.0,0.0,0.0,0.0,0.0,0.0,0.0,0.0,0.0,0.0,0.0,0.0,0.0,0.0,0.0,0.0,0.0,0.0,0.0,0.0,0.0,0.0,0.0,0.0,0.0,0.0,0.0,0.0,0.0,0.0,0.0,0.0,0.0,0.0,0.0,0.0,0.0,0.0,0.0,0.0,0.0,0.0,0.0,0.0,0.0,0.0,0.0,0.0,0.0,0.0,0.0,0.0,0.0,0.0,0.0,0.0,0.0,0.0,0.0,47.0,47.0,47.0,47.0,47.0,0.0,0.0,0.0,0.0,0.0,0.0,0.0,0.0,0.0,0.0,0.0,0.0,0.0,0.0,0.0,0.0,0.0,0.0,0.0,0.0,0.0,0.0,0.0,0.0,0.0,0.0,0.0,0.0,0.0,0.0,0.0,0.0,0.0,...
1763032552,308613251,laser,-3.1241390705108643,3.1415927410125732,0.0034828970674425364,5.063500429969281e-05,0.09109237045049667,0.15000000596046448,16.0,5.432000160217285,5.440000057220459,5.440000057220459,5.432000160217285,5.432000160217285,5.432000160217285,5.432000160217285,5.440000057220459,5.440000057220459,5.432000160217285,5.432000160217285,5.432000160217285,5.432000160217285,5.432000160217285,5.432000160217285,5.432000160217285,5.432000160217285,5.432000160217285,5.432000160217285,5.432000160217285,5.432000160217285,5.432000160217285,5.432000160217285,5.432000160217285,5.432000160217285,5.432000160217285,5.432000160217285,5.432000160217285,5.432000160217285,5.432000160217285,5.432000160217285,5.432000160217285,5.440000057220459,5.432000160217285,5.432000160217285,5.440000057220459,5.440000057220459,5.440000057220459,5.440000057220459,5.440000057220459,5.440000057220459,5.432000160217285,inf,inf,inf,inf,inf,inf,inf,inf,inf,inf,3.9079999923706055,3.9079999923706055,3.9079999923706055,3.9079999923706055,3.9079999923706055,3.803999900817871,3.803999900817871,3.74399995803833,3.740000009536743,3.74399995803833,3.74399995803833,3.74399995803833,3.74399995803833,3.74399995803833,3.747999906539917,2.8480000495910645,2.8480000495910645,2.8480000495910645,2.8480000495910645,2.7880001068115234,2.7239999771118164,2.6640000343322754,2.611999988555908,2.611999988555908,2.552000045776367,2.492000102996826,2.444000005722046,2.388000011444092,2.3399999141693115,2.303999900817871,2.2720000743865967,2.2720000743865967,2.240000009536743,2.200000047683716,2.1559998989105225,2.115999937057495,2.0840001106262207,2.049999952316284,2.007999897003174,1.9819999933242798,1.9819999933242798,1.9579999446868896,1.9160000085830688,1.8880000114440918,1.8680000305175781,1.840000033378601,1.8220000267028809,1.809999942779541,1.809999942779541,1.7940000295639038,1.7860000133514404,1.7799999713897705,1.7660000324249268,1.746000051498413,1.7259999513626099,1.7039999961853027,1.7039999961853027,1.684000015258789,1.6640000343322754,1.6440000534057617,1.5219999551773071,1.5219999551773071,1.50600004196167,1.4880000352859497,1.4759999513626099,1.4759999513626099,inf,inf,inf,1.4079999923706055,1.4079999923706055,1.4079999923706055,1.4079999923706055,1.4079999923706055,1.3919999599456787,1.3919999599456787,...,0.0,47.0,47.0,47.0,47.0,47.0,47.0,47.0,0.0,0.0,0.0,0.0,0.0,0.0,0.0,0.0,0.0,0.0,0.0,0.0,0.0,0.0,0.0,0.0,0.0,0.0,0.0,0.0,0.0,0.0,0.0,0.0,0.0,0.0,0.0,0.0,0.0,0.0,0.0,0.0,0.0,0.0,0.0,0.0,0.0,0.0,0.0,0.0,0.0,0.0,0.0,0.0,0.0,0.0,0.0,0.0,0.0,0.0,0.0,0.0,0.0,0.0,0.0,0.0,0.0,0.0,0.0,0.0,0.0,0.0,0.0,0.0,0.0,0.0,0.0,0.0,0.0,0.0,0.0,0.0,0.0,0.0,0.0,0.0,0.0,0.0,0.0,0.0,0.0,0.0,47.0,47.0,47.0,47.0,47.0,0.0,0.0,0.0,0.0,0.0,0.0,0.0,0.0,0.0,0.0,0.0,0.0,47.0,47.0,47.0,47.0,47.0,0.0,0.0,0.0,0.0,0.0,0.0,0.0,0.0,0.0,0.0,0.0,0.0,0.0,0.0,0.0,0.0,...
1763032552,401117387,laser,-3.1241390705108643,3.1415927410125732,0.0034828970674425364,5.3808296797797084e-05,0.09680112451314926,0.15000000596046448,16.0,5.432000160217285,5.432000160217285,5.440000057220459,5.432000160217285,5.432000160217285,5.432000160217285,5.432000160217285,5.432000160217285,5.440000057220459,5.432000160217285,5.432000160217285,5.432000160217285,5.432000160217285,5.440000057220459,5.440000057220459,5.432000160217285,5.432000160217285,5.432000160217285,5.432000160217285,5.432000160217285,5.432000160217285,5.432000160217285,5.432000160217285,5.432000160217285,5.432000160217285,5.432000160217285,5.440000057220459,5.432000160217285,5.432000160217285,5.432000160217285,5.432000160217285,5.432000160217285,5.440000057220459,5.440000057220459,5.432000160217285,5.440000057220459,5.440000057220459,5.440000057220459,5.440000057220459,5.440000057220459,5.440000057220459,inf,inf,inf,inf,inf,inf,inf,inf,inf,inf,inf,inf,3.7839999198913574,3.7839999198913574,3.7839999198913574,3.7839999198913574,3.7839999198913574,3.74399995803833,3.74399995803833,3.7360000610351562,3.740000009536743,3.740000009536743,3.740000009536743,3.747999906539917,3.747999906539917,2.8959999084472656,2.8959999084472656,2.8320000171661377,2.8320000171661377,2.8320000171661377,2.7639999389648438,2.7639999389648438,2.6640000343322754,2.6640000343322754,2.6080000400543213,2.5480000972747803,2.492000102996826,2.440000057220459,2.384000062942505,2.3399999141693115,2.299999952316284,2.299999952316284,2.24399995803833,2.2119998931884766,2.196000099182129,2.1559998989105225,2.1080000400543213,2.0759999752044678,2.0759999752044678,1.9980000257492065,1.9980000257492065,1.965999960899353,1.944000005722046,1.9119999408721924,1.8819999694824219,1.8600000143051147,1.840000033378601,1.8220000267028809,1.8220000267028809,1.815999984741211,1.809999942779541,1.8020000457763672,1.784000039100647,1.7640000581741333,1.7640000581741333,1.74399995803833,1.7239999771118164,1.7039999961853027,1.684000015258789,1.6619999408721924,1.6339999437332153,1.5180000066757202,1.5180000066757202,1.5019999742507935,1.5019999742507935,1.4880000352859497,1.4759999513626099,inf,inf,inf,1.399999976158142,1.399999976158142,1.399999976158142,1.399999976158142,1.399999976158142,1.3919999599456787,1.3919999599456787,...,47.0,47.0,47.0,47.0,47.0,47.0,47.0,47.0,0.0,0.0,0.0,0.0,0.0,0.0,0.0,0.0,0.0,0.0,0.0,0.0,0.0,0.0,0.0,0.0,0.0,0.0,0.0,0.0,0.0,0.0,0.0,0.0,0.0,0.0,0.0,0.0,0.0,0.0,0.0,0.0,0.0,0.0,0.0,0.0,0.0,0.0,0.0,0.0,0.0,0.0,0.0,0.0,0.0,0.0,0.0,0.0,0.0,0.0,0.0,0.0,0.0,0.0,0.0,0.0,0.0,0.0,0.0,0.0,0.0,0.0,0.0,0.0,0.0,0.0,0.0,0.0,0.0,0.0,0.0,0.0,0.0,0.0,0.0,0.0,0.0,0.0,0.0,0.0,0.0,0.0,0.0,0.0,0.0,0.0,0.0,0.0,0.0,0.0,0.0,0.0,0.0,0.0,0.0,0.0,0.0,0.0,0.0,0.0,0.0,0.0,0.0,0.0,0.0,0.0,0.0,0.0,0.0,0.0,0.0,0.0,0.0,0.0,0.0,0.0,0.0,0.0,0.0,0.0,...
1763032552,499328840,laser,-3.1241390705108643,3.1415927410125732,0.0034828970674425364,5.383905954658985e-05,0.09685646742582321,0.15000000596046448,16.0,5.432000160217285,5.432000160217285,5.440000057220459,5.432000160217285,5.432000160217285,5.432000160217285,5.432000160217285,5.432000160217285,5.432000160217285,5.432000160217285,5.432000160217285,5.432000160217285,5.432000160217285,5.432000160217285,5.432000160217285,5.432000160217285,5.432000160217285,5.432000160217285,5.432000160217285,5.432000160217285,5.432000160217285,5.432000160217285,5.432000160217285,5.432000160217285,5.432000160217285,5.432000160217285,5.432000160217285,5.432000160217285,5.432000160217285,5.432000160217285,5.432000160217285,5.432000160217285,5.440000057220459,5.440000057220459,5.432000160217285,5.432000160217285,5.432000160217285,5.440000057220459,5.440000057220459,5.440000057220459,5.440000057220459,5.432000160217285,inf,inf,inf,inf,inf,inf,inf,inf,inf,inf,3.803999900817871,3.803999900817871,3.803999900817871,3.803999900817871,3.803999900817871,3.74399995803833,3.74399995803833,3.74399995803833,3.740000009536743,3.74399995803833,3.74399995803833,3.747999906539917,3.747999906539917,3.747999906539917,2.9119999408721924,2.8440001010894775,2.8440001010894775,2.8440001010894775,2.8440001010894775,2.7839999198913574,2.7200000286102295,2.6640000343322754,2.6040000915527344,2.5480000972747803,2.5480000972747803,2.492000102996826,2.440000057220459,2.388000011444092,2.3399999141693115,2.2960000038146973,2.2679998874664307,2.240000009536743,2.240000009536743,2.196000099182129,2.171999931335449,2.1519999504089355,2.128000020980835,2.1080000400543213,2.0840001106262207,2.063999891281128,2.063999891281128,2.053999900817871,2.0239999294281006,1.9859999418258667,1.9579999446868896,1.9320000410079956,1.9079999923706055,1.9079999923706055,1.878000020980835,1.850000023841858,1.8259999752044678,1.7999999523162842,1.7719999551773071,1.75,1.7300000190734863,1.7100000381469727,1.7100000381469727,1.687999963760376,1.6640000343322754,1.6399999856948853,1.5160000324249268,1.5160000324249268,1.50600004196167,1.4880000352859497,1.4780000448226929,1.4780000448226929,1.4780000448226929,1.4759999513626099,inf,1.4040000438690186,1.4040000438690186,1.4040000438690186,1.4040000438690186,1.4040000438690186,1.3919999599456787,1.3919999599456787,...,47.0,47.0,47.0,47.0,47.0,47.0,47.0,47.0,0.0,0.0,0.0,0.0,0.0,0.0,0.0,0.0,0.0,0.0,0.0,0.0,0.0,0.0,0.0,0.0,0.0,0.0,0.0,0.0,0.0,0.0,0.0,0.0,0.0,0.0,0.0,0.0,0.0,0.0,0.0,0.0,0.0,0.0,0.0,0.0,0.0,0.0,0.0,0.0,0.0,0.0,0.0,0.0,0.0,0.0,0.0,0.0,0.0,0.0,0.0,0.0,0.0,0.0,0.0,0.0,0.0,0.0,0.0,0.0,0.0,0.0,0.0,0.0,0.0,0.0,0.0,0.0,0.0,0.0,0.0,0.0,0.0,0.0,0.0,0.0,0.0,0.0,0.0,0.0,0.0,0.0,0.0,0.0,0.0,0.0,0.0,0.0,0.0,0.0,0.0,0.0,0.0,0.0,0.0,0.0,0.0,0.0,0.0,0.0,0.0,0.0,0.0,0.0,0.0,0.0,0.0,0.0,0.0,0.0,0.0,0.0,0.0,0.0,0.0,0.0,0.0,0.0,0.0,0.0,...
1763032552,597629889,laser,-3.1241390705108643,3.1415927410125732,0.0034828970674425364,5.3813175327377394e-05,0.09680990129709244,0.15000000596046448,16.0,5.432000160217285,5.432000160217285,5.432000160217285,5.432000160217285,5.432000160217285,5.432000160217285,5.432000160217285,5.432000160217285,5.432000160217285,5.432000160217285,5.432000160217285,5.432000160217285,5.432000160217285,5.432000160217285,5.432000160217285,5.432000160217285,5.432000160217285,5.432000160217285,5.432000160217285,5.432000160217285,5.432000160217285,5.432000160217285,5.432000160217285,5.432000160217285,5.432000160217285,5.432000160217285,5.432000160217285,5.432000160217285,5.432000160217285,5.432000160217285,5.432000160217285,5.432000160217285,5.432000160217285,5.432000160217285,5.432000160217285,5.440000057220459,5.440000057220459,5.440000057220459,5.440000057220459,5.440000057220459,5.440000057220459,5.432000160217285,inf,inf,inf,inf,inf,inf,inf,inf,inf,3.9079999923706055,3.9079999923706055,3.9079999923706055,3.9079999923706055,3.9079999923706055,3.808000087738037,3.808000087738037,3.747999906539917,3.74399995803833,3.74399995803833,3.74399995803833,3.74399995803833,3.747999906539917,3.747999906539917,3.747999906539917,2.9240000247955322,2.9240000247955322,2.9240000247955322,2.9240000247955322,2.859999895095825,2.799999952316284,2.6600000858306885,2.619999885559082,2.619999885559082,2.568000078201294,2.568000078201294,2.51200008392334,2.4519999027252197,2.384000062942505,2.3399999141693115,2.299999952316284,2.2839999198913574,2.252000093460083,2.252000093460083,2.200000047683716,2.1559998989105225,2.115999937057495,2.0920000076293945,2.055999994277954,2.0160000324249268,1.9859999418258667,1.9579999446868896,1.9579999446868896,1.9240000247955322,1.8980000019073486,1.8700000047683716,1.843999981880188,1.8240000009536743,1.7960000038146973,1.7960000038146973,1.7719999551773071,1.7660000324249268,1.7680000066757202,1.7619999647140503,1.74399995803833,1.7259999513626099,1.7079999446868896,1.7079999446868896,1.6859999895095825,1.6640000343322754,1.6440000534057617,1.50600004196167,1.50600004196167,1.4919999837875366,1.4919999837875366,1.4759999513626099,1.4759999513626099,1.4559999704360962,1.4559999704360962,1.4559999704360962,1.4299999475479126,1.4299999475479126,1.4299999475479126,1.409999966621399,1.409999966621399,1.409999966621399,1.409999966621399,...,47.0,47.0,47.0,47.0,47.0,47.0,47.0,47.0,0.0,0.0,0.0,0.0,0.0,0.0,0.0,0.0,0.0,0.0,0.0,0.0,47.0,47.0,47.0,47.0,47.0,0.0,0.0,0.0,0.0,0.0,0.0,0.0,0.0,0.0,0.0,0.0,0.0,0.0,0.0,0.0,0.0,0.0,0.0,0.0,0.0,0.0,0.0,0.0,0.0,0.0,0.0,0.0,0.0,0.0,0.0,0.0,0.0,0.0,0.0,0.0,0.0,0.0,0.0,0.0,0.0,0.0,0.0,0.0,0.0,0.0,0.0,0.0,0.0,0.0,0.0,0.0,0.0,0.0,0.0,0.0,0.0,0.0,0.0,0.0,0.0,0.0,0.0,0.0,0.0,0.0,47.0,47.0,47.0,47.0,47.0,0.0,0.0,0.0,0.0,0.0,0.0,0.0,0.0,0.0,0.0,0.0,0.0,0.0,0.0,0.0,0.0,0.0,0.0,0.0,0.0,0.0,0.0,0.0,0.0,0.0,0.0,0.0,0.0,0.0,0.0,0.0,0.0,0.0,...
1763032552,695855457,laser,-3.1241390705108643,3.1415927410125732,0.0034828970674425364,5.047352533438243e-05,0.09080187231302261,0.15000000596046448,16.0,5.440000057220459,5.440000057220459,5.432000160217285,5.432000160217285,5.440000057220459,5.432000160217285,5.432000160217285,5.432000160217285,5.432000160217285,5.432000160217285,5.432000160217285,5.432000160217285,5.440000057220459,5.440000057220459,5.432000160217285,5.432000160217285,5.432000160217285,5.432000160217285,5.432000160217285,5.432000160217285,5.432000160217285,5.432000160217285,5.432000160217285,5.432000160217285,5.432000160217285,5.432000160217285,5.432000160217285,5.440000057220459,5.432000160217285,5.432000160217285,5.432000160217285,5.432000160217285,5.432000160217285,5.432000160217285,5.432000160217285,5.440000057220459,5.440000057220459,5.440000057220459,5.440000057220459,5.440000057220459,5.440000057220459,5.440000057220459,inf,inf,inf,inf,inf,4.199999809265137,4.199999809265137,4.199999809265137,4.199999809265137,4.199999809265137,inf,inf,3.7799999713897705,3.7799999713897705,3.7799999713897705,3.7799999713897705,3.7799999713897705,3.74399995803833,3.7360000610351562,3.7360000610351562,3.7360000610351562,3.74399995803833,3.747999906539917,3.747999906539917,2.884000062942505,2.884000062942505,2.884000062942505,2.828000068664551,2.828000068664551,2.828000068664551,2.752000093460083,2.700000047683716,2.6600000858306885,2.5959999561309814,2.5399999618530273,2.4839999675750732,2.427999973297119,2.380000114440918,2.3359999656677246,2.3359999656677246,2.299999952316284,2.200000047683716,2.200000047683716,2.184000015258789,2.140000104904175,2.1080000400543213,2.068000078201294,2.068000078201294,2.0360000133514404,1.9980000257492065,1.9700000286102295,1.9420000314712524,1.9040000438690186,1.8799999952316284,1.8660000562667847,1.850000023841858,1.850000023841858,1.8359999656677246,1.8339999914169312,1.8240000009536743,1.8040000200271606,1.7860000133514404,1.7860000133514404,1.7640000581741333,1.7419999837875366,1.718000054359436,1.6979999542236328,1.6779999732971191,1.6579999923706055,1.5140000581741333,1.5140000581741333,1.503999948501587,1.503999948501587,1.503999948501587,1.4880000352859497,inf,inf,inf,inf,inf,1.399999976158142,1.399999976158142,1.399999976158142,1.399999976158142,1.399999976158142,1.3839999437332153,...,0.0,47.0,47.0,47.0,47.0,47.0,47.0,47.0,47.0,0.0,0.0,0.0,0.0,0.0,0.0,0.0,0.0,0.0,0.0,0.0,0.0,0.0,0.0,0.0,0.0,0.0,0.0,0.0,0.0,0.0,0.0,0.0,0.0,0.0,0.0,0.0,0.0,0.0,0.0,0.0,0.0,0.0,0.0,0.0,0.0,0.0,0.0,0.0,0.0,0.0,0.0,0.0,0.0,0.0,0.0,0.0,0.0,0.0,0.0,0.0,0.0,0.0,0.0,0.0,0.0,0.0,0.0,0.0,0.0,0.0,47.0,47.0,47.0,47.0,47.0,0.0,0.0,0.0,0.0,0.0,0.0,0.0,0.0,0.0,0.0,0.0,0.0,0.0,0.0,0.0,0.0,47.0,47.0,47.0,47.0,47.0,0.0,0.0,0.0,0.0,0.0,0.0,0.0,0.0,0.0,0.0,0.0,0.0,0.0,0.0,0.0,0.0,0.0,0.0,0.0,0.0,0.0,0.0,0.0,0.0,0.0,0.0,0.0,0.0,47.0,47.0,47.0,47.0,...
1763032552,788210610,laser,-3.1241390705108643,3.1415927410125732,0.0034828970674425364,5.373395833885297e-05,0.09666739404201508,0.15000000596046448,16.0,5.440000057220459,5.432000160217285,5.432000160217285,5.432000160217285,5.432000160217285,5.432000160217285,5.432000160217285,5.440000057220459,5.432000160217285,5.432000160217285,5.432000160217285,5.432000160217285,5.440000057220459,5.432000160217285,5.432000160217285,5.432000160217285,5.432000160217285,5.432000160217285,5.432000160217285,5.432000160217285,5.432000160217285,5.432000160217285,5.432000160217285,5.432000160217285,5.423999786376953,5.432000160217285,5.432000160217285,5.432000160217285,5.432000160217285,5.432000160217285,5.432000160217285,5.432000160217285,5.432000160217285,5.440000057220459,5.440000057220459,5.440000057220459,5.432000160217285,5.432000160217285,5.440000057220459,5.440000057220459,5.440000057220459,5.432000160217285,inf,inf,inf,inf,inf,inf,inf,inf,4.059999942779541,4.059999942779541,4.059999942779541,4.059999942779541,4.059999942779541,3.812000036239624,3.812000036239624,3.812000036239624,3.752000093460083,3.74399995803833,3.74399995803833,3.74399995803833,3.74399995803833,3.747999906539917,3.747999906539917,3.752000093460083,2.927999973297119,2.927999973297119,2.868000030517578,2.868000030517578,2.868000030517578,2.7960000038146973,2.7320001125335693,2.671999931335449,2.615999937057495,2.563999891281128,2.492000102996826,2.492000102996826,2.4079999923706055,2.4079999923706055,2.3519999980926514,2.299999952316284,2.2799999713897705,2.247999906539917,2.200000047683716,2.1679999828338623,2.1679999828338623,2.140000104904175,2.111999988555908,2.0880000591278076,2.0759999752044678,2.068000078201294,2.052000045776367,2.052000045776367,2.0280001163482666,1.9980000257492065,1.9700000286102295,1.940000057220459,1.9160000085830688,1.8839999437332153,1.8539999723434448,1.8300000429153442,1.8300000429153442,1.8040000200271606,1.781999945640564,1.7580000162124634,1.7300000190734863,1.7059999704360962,1.6859999895095825,1.6699999570846558,1.6699999570846558,1.649999976158142,1.5080000162124634,1.5080000162124634,1.5080000162124634,1.49399995803833,1.4839999675750732,1.4780000448226929,1.4759999513626099,1.4759999513626099,inf,inf,1.409999966621399,1.409999966621399,1.409999966621399,1.409999966621399,1.409999966621399,1.399999976158142,...,47.0,47.0,47.0,47.0,47.0,47.0,0.0,0.0,0.0,0.0,0.0,0.0,0.0,0.0,0.0,0.0,0.0,0.0,0.0,0.0,0.0,0.0,0.0,0.0,0.0,0.0,0.0,0.0,0.0,0.0,0.0,0.0,0.0,0.0,0.0,0.0,0.0,0.0,0.0,0.0,0.0,0.0,0.0,0.0,0.0,0.0,0.0,0.0,0.0,0.0,0.0,0.0,0.0,0.0,0.0,0.0,0.0,0.0,0.0,0.0,0.0,0.0,0.0,0.0,0.0,0.0,0.0,0.0,0.0,0.0,0.0,0.0,0.0,0.0,0.0,0.0,0.0,0.0,0.0,0.0,0.0,0.0,0.0,0.0,0.0,0.0,0.0,0.0,0.0,0.0,0.0,0.0,0.0,0.0,0.0,0.0,0.0,0.0,0.0,0.0,0.0,0.0,0.0,0.0,0.0,0.0,0.0,0.0,0.0,0.0,0.0,0.0,0.0,0.0,0.0,0.0,0.0,0.0,0.0,0.0,0.0,0.0,0.0,0.0,0.0,47.0,47.0,47.0,...
1763032552,886457910,laser,-3.1241390705108643,3.1415927410125732,0.0034828970674425364,5.368419078877196e-05,0.09657786041498184,0.15000000596046448,16.0,5.440000057220459,5.440000057220459,5.432000160217285,5.432000160217285,5.432000160217285,5.432000160217285,5.432000160217285,5.432000160217285,5.432000160217285,5.432000160217285,5.432000160217285,5.432000160217285,5.432000160217285,5.432000160217285,5.432000160217285,5.432000160217285,5.432000160217285,5.432000160217285,5.432000160217285,5.432000160217285,5.432000160217285,5.432000160217285,5.423999786376953,5.432000160217285,5.432000160217285,5.432000160217285,5.432000160217285,5.432000160217285,5.432000160217285,5.432000160217285,5.432000160217285,5.432000160217285,5.432000160217285,5.432000160217285,5.440000057220459,5.432000160217285,5.432000160217285,5.432000160217285,5.440000057220459,5.440000057220459,5.440000057220459,5.440000057220459,inf,inf,inf,inf,inf,inf,inf,inf,inf,inf,inf,inf,3.759999990463257,3.759999990463257,3.759999990463257,3.759999990463257,3.759999990463257,3.747999906539917,3.740000009536743,3.740000009536743,3.740000009536743,3.74399995803833,3.747999906539917,3.747999906539917,2.884000062942505,2.884000062942505,2.884000062942505,2.828000068664551,2.828000068664551,2.828000068664551,2.752000093460083,2.684000015258789,2.628000020980835,2.563999891281128,2.5239999294281006,2.4040000438690186,2.4040000438690186,2.364000082015991,2.364000082015991,2.328000068664551,2.2960000038146973,2.1640000343322754,2.1640000343322754,2.1679999828338623,2.140000104904175,2.111999988555908,2.111999988555908,2.068000078201294,2.0239999294281006,1.9900000095367432,1.9620000123977661,1.937999963760376,1.9079999923706055,1.878000020980835,1.8559999465942383,1.8559999465942383,1.8339999914169312,1.7979999780654907,1.7799999713897705,1.777999997138977,1.777999997138977,1.777999997138977,1.7699999809265137,1.75,1.7280000448226929,1.7120000123977661,1.6959999799728394,1.6699999570846558,1.6699999570846558,1.6440000534057617,1.6160000562667847,1.5119999647140503,1.496000051498413,1.496000051498413,1.4800000190734863,1.465999960899353,inf,1.437999963760376,1.437999963760376,1.437999963760376,1.437999963760376,1.437999963760376,1.4140000343322754,1.4140000343322754,1.4140000343322754,1.4140000343322754,...,47.0,47.0,47.0,47.0,47.0,47.0,47.0,0.0,0.0,0.0,0.0,0.0,0.0,0.0,0.0,0.0,0.0,0.0,0.0,0.0,0.0,0.0,0.0,0.0,0.0,0.0,0.0,0.0,0.0,0.0,0.0,0.0,0.0,0.0,0.0,0.0,0.0,0.0,0.0,0.0,0.0,0.0,0.0,0.0,0.0,0.0,0.0,0.0,0.0,0.0,0.0,0.0,0.0,0.0,0.0,0.0,0.0,0.0,0.0,0.0,0.0,0.0,0.0,0.0,0.0,0.0,0.0,0.0,0.0,0.0,0.0,0.0,0.0,0.0,0.0,0.0,0.0,0.0,0.0,0.0,0.0,0.0,0.0,0.0,0.0,0.0,0.0,0.0,0.0,47.0,47.0,47.0,47.0,47.0,0.0,0.0,0.0,0.0,0.0,0.0,0.0,0.0,0.0,0.0,0.0,0.0,0.0,0.0,0.0,0.0,0.0,0.0,0.0,0.0,0.0,0.0,0.0,0.0,0.0,0.0,0.0,0.0,0.0,0.0,0.0,0.0,0.0,0.0,...
1763032552,984569175,laser,-3.1241390705108643,3.1415927410125732,0.0034828970674425364,5.3806568757863715e-05,0.09679801762104034,0.15000000596046448,16.0,5.440000057220459,5.440000057220459,5.432000160217285,5.432000160217285,5.432000160217285,5.432000160217285,5.432000160217285,5.432000160217285,5.432000160217285,5.432000160217285,5.432000160217285,5.432000160217285,5.432000160217285,5.432000160217285,5.432000160217285,5.432000160217285,5.440000057220459,5.432000160217285,5.432000160217285,5.432000160217285,5.432000160217285,5.432000160217285,5.432000160217285,5.432000160217285,5.432000160217285,5.432000160217285,5.432000160217285,5.432000160217285,5.432000160217285,5.432000160217285,5.432000160217285,5.432000160217285,5.432000160217285,5.432000160217285,5.432000160217285,5.440000057220459,5.440000057220459,5.432000160217285,5.440000057220459,5.440000057220459,5.440000057220459,5.432000160217285,inf,inf,inf,inf,inf,inf,inf,inf,inf,inf,3.812000036239624,3.812000036239624,3.812000036239624,3.812000036239624,3.812000036239624,3.759999990463257,3.759999990463257,3.747999906539917,3.747999906539917,3.74399995803833,3.7360000610351562,3.740000009536743,3.747999906539917,3.747999906539917,2.880000114440918,2.880000114440918,2.880000114440918,2.880000114440918,2.880000114440918,2.8239998817443848,2.747999906539917,2.684000015258789,2.631999969482422,2.568000078201294,2.5160000324249268,2.5160000324249268,2.4639999866485596,2.4040000438690186,2.364000082015991,2.3239998817443848,2.2920000553131104,2.1679999828338623,2.1679999828338623,2.1679999828338623,2.1679999828338623,2.135999917984009,2.1080000400543213,2.065999984741211,2.0239999294281006,1.9900000095367432,1.9620000123977661,1.937999963760376,1.937999963760376,1.9079999923706055,1.8819999694824219,1.8680000305175781,1.8539999723434448,1.840000033378601,1.8339999914169312,1.8240000009536743,1.8240000009536743,1.8020000457763672,1.777999997138977,1.753999948501587,1.7319999933242798,1.7120000123977661,1.6920000314712524,1.6660000085830688,1.6660000085830688,1.6460000276565552,1.5360000133514404,1.5360000133514404,1.5099999904632568,1.5,1.4859999418258667,1.465999960899353,inf,inf,1.434000015258789,1.434000015258789,1.434000015258789,1.434000015258789,1.434000015258789,1.4119999408721924,1.4119999408721924,1.4119999408721924,...,47.0,47.0,47.0,47.0,47.0,47.0,0.0,0.0,0.0,0.0,0.0,0.0,0.0,0.0,0.0,0.0,0.0,0.0,0.0,0.0,0.0,0.0,0.0,0.0,0.0,0.0,0.0,0.0,0.0,0.0,0.0,0.0,0.0,0.0,0.0,0.0,0.0,0.0,0.0,0.0,0.0,0.0,0.0,0.0,0.0,0.0,0.0,0.0,0.0,0.0,0.0,0.0,0.0,0.0,0.0,0.0,0.0,0.0,0.0,0.0,0.0,0.0,0.0,0.0,0.0,0.0,0.0,0.0,0.0,0.0,0.0,0.0,0.0,0.0,0.0,0.0,0.0,0.0,0.0,0.0,0.0,0.0,0.0,0.0,0.0,0.0,0.0,0.0,0.0,0.0,0.0,0.0,0.0,0.0,0.0,0.0,0.0,0.0,0.0,0.0,0.0,0.0,0.0,0.0,0.0,0.0,0.0,0.0,0.0,0.0,0.0,0.0,0.0,0.0,0.0,0.0,0.0,0.0,0.0,0.0,0.0,0.0,0.0,0.0,0.0,47.0,47.0,47.0,...
1763032553,83250211,laser,-3.1241390705108643,3.1415927410125732,0.0034828970674425364,5.0057580665452406e-05,0.09005358815193176,0.15000000596046448,16.0,5.432000160217285,5.432000160217285,5.432000160217285,5.432000160217285,5.440000057220459,5.440000057220459,5.432000160217285,5.432000160217285,5.432000160217285,5.432000160217285,5.432000160217285,5.432000160217285,5.432000160217285,5.432000160217285,5.432000160217285,5.432000160217285,5.432000160217285,5.432000160217285,5.432000160217285,5.432000160217285,5.432000160217285,5.432000160217285,5.432000160217285,5.432000160217285,5.432000160217285,5.432000160217285,5.432000160217285,5.432000160217285,5.432000160217285,5.432000160217285,5.432000160217285,5.432000160217285,5.432000160217285,5.432000160217285,5.432000160217285,5.440000057220459,5.432000160217285,5.432000160217285,5.440000057220459,5.440000057220459,5.440000057220459,inf,inf,inf,inf,inf,inf,inf,inf,inf,inf,inf,inf,3.740000009536743,3.740000009536743,3.740000009536743,3.740000009536743,3.740000009536743,3.7360000610351562,3.7360000610351562,3.7360000610351562,3.740000009536743,3.74399995803833,3.74399995803833,3.747999906539917,3.747999906539917,2.880000114440918,2.880000114440918,2.828000068664551,2.828000068664551,2.828000068664551,2.7720000743865967,2.7720000743865967,2.6480000019073486,2.6480000019073486,2.5999999046325684,2.5320000648498535,2.4760000705718994,2.427999973297119,2.375999927520752,2.3359999656677246,2.3359999656677246,2.2960000038146973,2.252000093460083,2.2239999771118164,2.191999912261963,2.1480000019073486,2.124000072479248,2.1080000400543213,2.1080000400543213,2.0880000591278076,2.072000026702881,2.052000045776367,2.0320000648498535,2.009999990463257,1.9800000190734863,1.9500000476837158,1.9500000476837158,1.9199999570846558,1.8940000534057617,1.8680000305175781,1.840000033378601,1.8140000104904175,1.7920000553131104,1.7660000324249268,1.7660000324249268,1.7419999837875366,1.7200000286102295,1.6959999799728394,1.6779999732971191,1.6619999408721924,1.5420000553131104,1.5119999647140503,1.5119999647140503,1.4980000257492065,1.4980000257492065,1.4819999933242798,1.4759999513626099,1.4780000448226929,inf,inf,1.4040000438690186,1.4040000438690186,1.4040000438690186,1.4040000438690186,1.4040000438690186,1.3860000371932983,1.3860000371932983,...,47.0,47.0,47.0,47.0,47.0,47.0,47.0,47.0,0.0,0.0,0.0,0.0,0.0,0.0,0.0,0.0,0.0,0.0,0.0,0.0,0.0,0.0,0.0,0.0,0.0,0.0,0.0,0.0,0.0,0.0,0.0,0.0,0.0,0.0,0.0,0.0,0.0,0.0,0.0,0.0,0.0,0.0,0.0,0.0,0.0,0.0,0.0,0.0,0.0,0.0,0.0,0.0,0.0,0.0,0.0,0.0,0.0,0.0,0.0,0.0,0.0,0.0,0.0,0.0,0.0,0.0,0.0,0.0,0.0,0.0,0.0,0.0,0.0,0.0,0.0,0.0,0.0,0.0,0.0,0.0,0.0,0.0,0.0,0.0,0.0,0.0,0.0,0.0,0.0,0.0,0.0,0.0,0.0,0.0,0.0,0.0,0.0,0.0,0.0,0.0,0.0,0.0,0.0,0.0,0.0,0.0,0.0,0.0,0.0,0.0,0.0,0.0,0.0,0.0,0.0,0.0,0.0,0.0,0.0,0.0,0.0,0.0,0.0,0.0,0.0,0.0,0.0,0.0,...
1763032553,174606700,laser,-3.1241390705108643,3.1415927410125732,0.0034828970674425364,5.386782140703872e-05,0.09690821170806885,0.15000000596046448,16.0,5.440000057220459,5.440000057220459,5.440000057220459,5.440000057220459,5.440000057220459,5.440000057220459,5.440000057220459,5.440000057220459,5.432000160217285,5.432000160217285,5.432000160217285,5.432000160217285,5.432000160217285,5.432000160217285,5.432000160217285,5.432000160217285,5.432000160217285,5.432000160217285,5.432000160217285,5.432000160217285,5.432000160217285,5.432000160217285,5.432000160217285,5.432000160217285,5.423999786376953,5.432000160217285,5.432000160217285,5.432000160217285,5.432000160217285,5.432000160217285,5.432000160217285,5.440000057220459,5.432000160217285,5.432000160217285,5.440000057220459,5.440000057220459,5.440000057220459,5.440000057220459,5.440000057220459,5.440000057220459,5.440000057220459,5.440000057220459,inf,inf,inf,inf,inf,inf,inf,inf,inf,inf,inf,inf,3.75600004196167,3.75600004196167,3.75600004196167,3.75600004196167,3.75600004196167,3.74399995803833,3.740000009536743,3.7360000610351562,3.7360000610351562,3.740000009536743,3.74399995803833,3.747999906539917,2.880000114440918,2.880000114440918,2.880000114440918,2.819999933242798,2.819999933242798,2.819999933242798,2.74399995803833,2.684000015258789,2.631999969482422,2.572000026702881,2.5239999294281006,2.4639999866485596,2.4040000438690186,2.364000082015991,2.364000082015991,2.3320000171661377,2.299999952316284,2.180000066757202,2.180000066757202,2.180000066757202,2.140000104904175,2.1040000915527344,2.1040000915527344,2.059999942779541,2.0239999294281006,1.9919999837875366,1.9639999866485596,1.9420000314712524,1.9140000343322754,1.8799999952316284,1.8519999980926514,1.8259999752044678,1.8259999752044678,1.7920000553131104,1.7680000066757202,1.7599999904632568,1.75600004196167,1.753999948501587,1.74399995803833,1.74399995803833,1.7259999513626099,1.7120000123977661,1.690000057220459,1.6660000085830688,1.6460000276565552,1.6460000276565552,1.5180000066757202,1.4980000257492065,1.4980000257492065,1.4980000257492065,1.4839999675750732,1.465999960899353,inf,1.437999963760376,1.437999963760376,1.437999963760376,1.437999963760376,1.437999963760376,1.4140000343322754,1.4140000343322754,1.4140000343322754,1.3960000276565552,...,47.0,47.0,47.0,47.0,47.0,47.0,47.0,47.0,0.0,0.0,0.0,0.0,0.0,0.0,0.0,0.0,0.0,0.0,0.0,0.0,47.0,47.0,47.0,47.0,47.0,0.0,0.0,0.0,0.0,0.0,0.0,0.0,0.0,0.0,0.0,0.0,0.0,0.0,0.0,0.0,0.0,0.0,0.0,0.0,0.0,0.0,0.0,0.0,0.0,0.0,0.0,0.0,0.0,0.0,0.0,0.0,0.0,0.0,0.0,0.0,0.0,0.0,0.0,0.0,0.0,0.0,0.0,0.0,0.0,0.0,0.0,0.0,0.0,0.0,0.0,0.0,0.0,0.0,0.0,0.0,0.0,0.0,0.0,0.0,0.0,0.0,0.0,0.0,0.0,0.0,0.0,0.0,0.0,0.0,0.0,0.0,0.0,0.0,0.0,0.0,0.0,0.0,0.0,0.0,0.0,0.0,0.0,0.0,0.0,0.0,0.0,0.0,0.0,0.0,0.0,0.0,0.0,0.0,0.0,0.0,0.0,0.0,0.0,0.0,0.0,0.0,0.0,0.0,...
1763032553,272568355,laser,-3.1241390705108643,3.1415927410125732,0.0034828970674425364,5.4056286899140105e-05,0.09724725782871246,0.15000000596046448,16.0,5.440000057220459,5.432000160217285,5.432000160217285,5.432000160217285,5.440000057220459,5.440000057220459,5.432000160217285,5.432000160217285,5.432000160217285,5.432000160217285,5.432000160217285,5.432000160217285,5.432000160217285,5.432000160217285,5.432000160217285,5.432000160217285,5.432000160217285,5.432000160217285,5.432000160217285,5.432000160217285,5.432000160217285,5.432000160217285,5.432000160217285,5.432000160217285,5.432000160217285,5.432000160217285,5.432000160217285,5.432000160217285,5.432000160217285,5.432000160217285,5.432000160217285,5.432000160217285,5.432000160217285,5.432000160217285,5.432000160217285,5.432000160217285,5.440000057220459,5.440000057220459,5.440000057220459,5.440000057220459,5.440000057220459,inf,inf,inf,inf,inf,inf,inf,inf,inf,3.9560000896453857,3.9560000896453857,3.9560000896453857,3.9560000896453857,3.9560000896453857,3.8559999465942383,3.8559999465942383,3.7760000228881836,3.7760000228881836,3.740000009536743,3.7360000610351562,3.7360000610351562,3.74399995803833,3.747999906539917,3.747999906539917,3.747999906539917,2.8919999599456787,2.8919999599456787,2.8919999599456787,2.828000068664551,2.828000068664551,2.7639999389648438,2.700000047683716,2.6480000019073486,2.6040000915527344,2.6040000915527344,2.5480000972747803,2.48799991607666,2.427999973297119,2.371999979019165,2.3320000171661377,2.2960000038146973,2.2960000038146973,2.2039999961853027,2.2039999961853027,2.187999963760376,2.1480000019073486,2.1040000915527344,2.072000026702881,2.0360000133514404,1.99399995803833,1.99399995803833,1.9700000286102295,1.944000005722046,1.909999966621399,1.8880000114440918,1.8799999952316284,1.8739999532699585,1.8660000562667847,1.8660000562667847,1.8559999465942383,1.8359999656677246,1.8140000104904175,1.7899999618530273,1.7680000066757202,1.7680000066757202,1.746000051498413,1.7239999771118164,1.7059999704360962,1.6820000410079956,1.6619999408721924,1.628000020980835,1.5160000324249268,1.5019999742507935,1.5019999742507935,1.5019999742507935,1.4859999418258667,1.4739999771118164,inf,inf,inf,inf,1.4040000438690186,1.4040000438690186,1.4040000438690186,1.4040000438690186,1.4040000438690186,1.3860000371932983,...,47.0,47.0,47.0,47.0,47.0,47.0,0.0,0.0,0.0,0.0,0.0,0.0,0.0,0.0,0.0,0.0,0.0,0.0,0.0,0.0,0.0,0.0,0.0,0.0,0.0,0.0,0.0,0.0,0.0,0.0,0.0,0.0,0.0,0.0,0.0,0.0,0.0,0.0,0.0,0.0,0.0,0.0,0.0,0.0,0.0,0.0,0.0,0.0,0.0,0.0,0.0,0.0,0.0,0.0,0.0,0.0,0.0,0.0,0.0,0.0,0.0,0.0,47.0,47.0,47.0,47.0,47.0,0.0,0.0,0.0,0.0,0.0,0.0,0.0,0.0,0.0,0.0,0.0,0.0,0.0,0.0,0.0,0.0,0.0,0.0,0.0,0.0,0.0,0.0,0.0,0.0,0.0,0.0,0.0,0.0,0.0,0.0,0.0,0.0,0.0,0.0,0.0,0.0,0.0,0.0,0.0,0.0,0.0,0.0,0.0,0.0,0.0,0.0,0.0,0.0,0.0,0.0,0.0,0.0,0.0,0.0,0.0,0.0,0.0,0.0,47.0,47.0,47.0,...
1763032553,371314520,laser,-3.1241390705108643,3.1415927410125732,0.0034828970674425364,5.377391426009126e-05,0.0967392772436142,0.15000000596046448,16.0,5.432000160217285,5.440000057220459,5.440000057220459,5.440000057220459,5.440000057220459,5.440000057220459,5.440000057220459,5.432000160217285,5.432000160217285,5.432000160217285,5.432000160217285,5.432000160217285,5.432000160217285,5.432000160217285,5.432000160217285,5.432000160217285,5.432000160217285,5.432000160217285,5.432000160217285,5.432000160217285,5.432000160217285,5.432000160217285,5.432000160217285,5.432000160217285,5.423999786376953,5.432000160217285,5.432000160217285,5.432000160217285,5.432000160217285,5.432000160217285,5.432000160217285,5.432000160217285,5.432000160217285,5.432000160217285,5.432000160217285,5.432000160217285,5.432000160217285,5.432000160217285,5.440000057220459,5.440000057220459,5.440000057220459,5.440000057220459,inf,inf,inf,inf,inf,inf,inf,inf,inf,3.98799991607666,3.98799991607666,3.98799991607666,3.98799991607666,3.98799991607666,3.7360000610351562,3.7360000610351562,3.7360000610351562,3.7360000610351562,3.7360000610351562,3.740000009536743,3.74399995803833,3.74399995803833,3.747999906539917,3.747999906539917,2.8919999599456787,2.8919999599456787,2.8919999599456787,2.8919999599456787,2.828000068664551,2.7679998874664307,2.7679998874664307,2.6480000019073486,2.6480000019073486,2.5999999046325684,2.5480000972747803,2.48799991607666,2.427999973297119,2.375999927520752,2.3320000171661377,2.2920000553131104,2.2920000553131104,2.247999906539917,2.2200000286102295,2.187999963760376,2.1480000019073486,2.119999885559082,2.0999999046325684,2.0759999752044678,2.0759999752044678,2.055999994277954,2.0439999103546143,2.0280001163482666,2.003999948501587,1.9739999771118164,1.9500000476837158,1.9500000476837158,1.9220000505447388,1.8960000276565552,1.871999979019165,1.840000033378601,1.8140000104904175,1.7920000553131104,1.7680000066757202,1.7680000066757202,1.746000051498413,1.7239999771118164,1.7059999704360962,1.684000015258789,1.6619999408721924,1.5140000581741333,1.5140000581741333,1.5140000581741333,1.5019999742507935,1.5019999742507935,1.4859999418258667,1.4739999771118164,inf,inf,inf,inf,inf,1.4040000438690186,1.4040000438690186,1.4040000438690186,1.4040000438690186,1.4040000438690186,...,47.0,47.0,47.0,47.0,47.0,47.0,0.0,0.0,0.0,0.0,0.0,0.0,0.0,0.0,0.0,0.0,0.0,0.0,0.0,0.0,0.0,0.0,0.0,0.0,0.0,0.0,0.0,0.0,0.0,0.0,0.0,0.0,0.0,0.0,0.0,0.0,0.0,0.0,0.0,0.0,0.0,0.0,0.0,0.0,0.0,0.0,0.0,0.0,0.0,0.0,0.0,0.0,0.0,0.0,0.0,0.0,0.0,0.0,0.0,0.0,0.0,0.0,0.0,0.0,0.0,0.0,0.0,0.0,0.0,0.0,0.0,0.0,0.0,0.0,0.0,0.0,0.0,0.0,0.0,0.0,0.0,0.0,0.0,0.0,0.0,0.0,0.0,0.0,0.0,0.0,0.0,0.0,0.0,0.0,0.0,0.0,0.0,0.0,0.0,0.0,0.0,0.0,0.0,0.0,0.0,0.0,0.0,0.0,0.0,0.0,0.0,0.0,0.0,0.0,0.0,0.0,0.0,0.0,0.0,0.0,0.0,0.0,0.0,0.0,0.0,47.0,47.0,47.0,...
1763032553,469562282,laser,-3.1241390705108643,3.1415927410125732,0.0034828970674425364,5.040791438659653e-05,0.09068384021520615,0.15000000596046448,16.0,5.432000160217285,5.432000160217285,5.432000160217285,5.432000160217285,5.432000160217285,5.432000160217285,5.440000057220459,5.432000160217285,5.432000160217285,5.432000160217285,5.432000160217285,5.432000160217285,5.432000160217285,5.432000160217285,5.432000160217285,5.432000160217285,5.432000160217285,5.432000160217285,5.432000160217285,5.432000160217285,5.432000160217285,5.423999786376953,5.423999786376953,5.432000160217285,5.432000160217285,5.432000160217285,5.432000160217285,5.432000160217285,5.432000160217285,5.432000160217285,5.432000160217285,5.432000160217285,5.432000160217285,5.432000160217285,5.432000160217285,5.432000160217285,5.432000160217285,5.432000160217285,5.440000057220459,5.440000057220459,5.440000057220459,5.440000057220459,inf,inf,inf,inf,inf,inf,inf,inf,3.9159998893737793,3.9159998893737793,3.9159998893737793,3.9159998893737793,3.9159998893737793,3.812000036239624,3.812000036239624,3.812000036239624,3.747999906539917,3.740000009536743,3.740000009536743,3.74399995803833,3.74399995803833,3.74399995803833,3.74399995803833,3.747999906539917,3.747999906539917,2.9240000247955322,2.864000082015991,2.864000082015991,2.864000082015991,2.808000087738037,2.7320001125335693,2.6600000858306885,2.615999937057495,2.568000078201294,2.5160000324249268,2.5160000324249268,2.380000114440918,2.3480000495910645,2.3480000495910645,2.312000036239624,2.2880001068115234,2.196000099182129,2.196000099182129,2.1679999828338623,2.1679999828338623,2.135999917984009,2.1040000915527344,2.059999942779541,2.0260000228881836,1.9919999837875366,1.9579999446868896,1.9259999990463257,1.9259999990463257,1.8919999599456787,1.8639999628067017,1.8459999561309814,1.8240000009536743,1.7899999618530273,1.7719999551773071,1.7719999551773071,1.7599999904632568,1.75,1.746000051498413,1.7319999933242798,1.722000002861023,1.7079999446868896,1.684000015258789,1.684000015258789,1.6619999408721924,1.6440000534057617,1.6080000400543213,1.5080000162124634,1.5080000162124634,1.496000051498413,1.4819999933242798,inf,inf,inf,inf,inf,1.4140000343322754,1.4140000343322754,1.4140000343322754,1.4140000343322754,1.4140000343322754,1.399999976158142,...,47.0,47.0,47.0,47.0,47.0,47.0,47.0,47.0,0.0,0.0,0.0,0.0,0.0,0.0,0.0,0.0,0.0,0.0,0.0,0.0,0.0,0.0,0.0,0.0,0.0,0.0,0.0,0.0,0.0,0.0,0.0,0.0,0.0,0.0,0.0,0.0,0.0,0.0,0.0,0.0,0.0,0.0,0.0,0.0,0.0,0.0,0.0,0.0,0.0,0.0,0.0,0.0,0.0,0.0,0.0,0.0,0.0,0.0,0.0,0.0,0.0,0.0,0.0,0.0,0.0,0.0,0.0,0.0,0.0,47.0,47.0,47.0,47.0,47.0,0.0,0.0,0.0,0.0,0.0,0.0,0.0,0.0,0.0,0.0,0.0,0.0,0.0,0.0,0.0,0.0,0.0,0.0,0.0,0.0,0.0,0.0,0.0,0.0,0.0,0.0,0.0,0.0,0.0,0.0,0.0,0.0,0.0,0.0,0.0,0.0,0.0,0.0,0.0,0.0,0.0,0.0,0.0,0.0,0.0,0.0,0.0,0.0,0.0,47.0,47.0,47.0,47.0,47.0,...
1763032553,561802627,laser,-3.1241390705108643,3.1415927410125732,0.0034828970674425364,5.3707808547187597e-05,0.0966203436255455,0.15000000596046448,16.0,5.432000160217285,5.432000160217285,5.432000160217285,5.432000160217285,5.432000160217285,5.432000160217285,5.432000160217285,5.432000160217285,5.432000160217285,5.432000160217285,5.432000160217285,5.432000160217285,5.432000160217285,5.432000160217285,5.432000160217285,5.432000160217285,5.432000160217285,5.432000160217285,5.432000160217285,5.432000160217285,5.432000160217285,5.432000160217285,5.432000160217285,5.432000160217285,5.432000160217285,5.432000160217285,5.432000160217285,5.432000160217285,5.432000160217285,5.432000160217285,5.432000160217285,5.440000057220459,5.440000057220459,5.440000057220459,5.432000160217285,5.432000160217285,5.440000057220459,5.440000057220459,5.440000057220459,5.440000057220459,5.440000057220459,5.440000057220459,inf,inf,inf,inf,inf,inf,inf,inf,inf,inf,3.815999984741211,3.815999984741211,3.815999984741211,3.815999984741211,3.815999984741211,3.75600004196167,3.75600004196167,3.74399995803833,3.740000009536743,3.7360000610351562,3.740000009536743,3.740000009536743,3.747999906539917,3.747999906539917,2.871999979019165,2.871999979019165,2.871999979019165,2.871999979019165,2.828000068664551,2.759999990463257,2.759999990463257,2.696000099182129,2.6480000019073486,2.5920000076293945,2.5399999618530273,2.4159998893737793,2.4159998893737793,2.371999979019165,2.328000068664551,2.328000068664551,2.2960000038146973,2.196000099182129,2.184000015258789,2.184000015258789,2.1440000534057617,2.1080000400543213,2.068000078201294,2.068000078201294,2.0280001163482666,2.0,1.9780000448226929,1.9500000476837158,1.9119999408721924,1.8899999856948853,1.8860000371932983,1.8799999952316284,1.8799999952316284,1.8660000562667847,1.8539999723434448,1.8359999656677246,1.812000036239624,1.7879999876022339,1.7640000581741333,1.7640000581741333,1.74399995803833,1.7200000286102295,1.7020000219345093,1.6820000410079956,1.659999966621399,1.5119999647140503,1.5119999647140503,1.5119999647140503,1.5019999742507935,1.5019999742507935,1.4859999418258667,1.4739999771118164,inf,inf,inf,inf,inf,1.4019999504089355,1.4019999504089355,1.4019999504089355,1.4019999504089355,1.4019999504089355,...,47.0,47.0,47.0,47.0,47.0,47.0,47.0,0.0,0.0,0.0,0.0,0.0,0.0,0.0,0.0,0.0,0.0,0.0,0.0,0.0,0.0,0.0,0.0,0.0,0.0,0.0,0.0,0.0,0.0,0.0,0.0,0.0,0.0,0.0,0.0,0.0,0.0,0.0,0.0,0.0,0.0,0.0,0.0,0.0,0.0,0.0,0.0,0.0,0.0,0.0,0.0,0.0,0.0,0.0,0.0,0.0,0.0,0.0,0.0,0.0,0.0,0.0,0.0,0.0,0.0,0.0,0.0,0.0,0.0,0.0,0.0,0.0,0.0,0.0,0.0,0.0,0.0,0.0,0.0,0.0,0.0,0.0,0.0,0.0,0.0,0.0,0.0,0.0,0.0,0.0,0.0,0.0,0.0,0.0,0.0,0.0,0.0,0.0,0.0,0.0,0.0,0.0,0.0,0.0,0.0,0.0,0.0,0.0,0.0,0.0,0.0,0.0,0.0,0.0,0.0,0.0,0.0,0.0,0.0,0.0,0.0,0.0,0.0,0.0,0.0,0.0,0.0,0.0,...
1763032553,659673077,laser,-3.1241390705108643,3.1415927410125732,0.0034828970674425364,5.392909952206537e-05,0.09701845049858093,0.15000000596046448,16.0,5.432000160217285,5.432000160217285,5.432000160217285,5.432000160217285,5.432000160217285,5.432000160217285,5.432000160217285,5.432000160217285,5.432000160217285,5.432000160217285,5.432000160217285,5.432000160217285,5.432000160217285,5.432000160217285,5.432000160217285,5.432000160217285,5.432000160217285,5.432000160217285,5.432000160217285,5.432000160217285,5.432000160217285,5.432000160217285,5.432000160217285,5.432000160217285,5.423999786376953,5.423999786376953,5.432000160217285,5.432000160217285,5.432000160217285,5.432000160217285,5.440000057220459,5.432000160217285,5.432000160217285,5.432000160217285,5.432000160217285,5.432000160217285,5.440000057220459,5.440000057220459,5.440000057220459,5.440000057220459,5.440000057220459,5.440000057220459,inf,inf,inf,inf,inf,4.199999809265137,4.199999809265137,4.199999809265137,4.199999809265137,4.199999809265137,3.9719998836517334,3.9719998836517334,3.9719998836517334,3.75600004196167,3.75600004196167,3.75600004196167,3.75600004196167,3.7360000610351562,3.7320001125335693,3.7360000610351562,3.74399995803833,3.747999906539917,3.747999906539917,3.747999906539917,2.884000062942505,2.884000062942505,2.884000062942505,2.828000068664551,2.828000068664551,2.7639999389648438,2.700000047683716,2.6480000019073486,2.5920000076293945,2.5920000076293945,2.5280001163482666,2.4679999351501465,2.4159998893737793,2.371999979019165,2.328000068664551,2.2880001068115234,2.2880001068115234,2.24399995803833,2.2119998931884766,2.184000015258789,2.1440000534057617,2.119999885559082,2.0959999561309814,2.063999891281128,2.063999891281128,2.0360000133514404,2.0220000743865967,2.009999990463257,1.9919999837875366,1.9700000286102295,1.944000005722046,1.944000005722046,1.9199999570846558,1.8899999856948853,1.8660000562667847,1.840000033378601,1.812000036239624,1.7879999876022339,1.7660000324249268,1.7660000324249268,1.74399995803833,1.722000002861023,1.7020000219345093,1.6820000410079956,1.6619999408721924,1.5099999904632568,1.5099999904632568,1.5,1.5,1.5,1.4859999418258667,1.4739999771118164,inf,inf,inf,inf,1.399999976158142,1.399999976158142,1.399999976158142,1.399999976158142,1.399999976158142,1.3880000114440918,...,47.0,47.0,47.0,47.0,47.0,47.0,47.0,47.0,0.0,0.0,0.0,0.0,0.0,0.0,0.0,0.0,0.0,0.0,0.0,0.0,0.0,0.0,0.0,0.0,0.0,0.0,0.0,0.0,0.0,0.0,0.0,0.0,0.0,0.0,0.0,0.0,0.0,0.0,0.0,0.0,0.0,0.0,0.0,0.0,0.0,0.0,0.0,0.0,0.0,0.0,0.0,0.0,0.0,0.0,0.0,0.0,0.0,0.0,0.0,0.0,0.0,0.0,0.0,0.0,0.0,0.0,0.0,0.0,0.0,0.0,0.0,0.0,0.0,0.0,0.0,0.0,0.0,0.0,0.0,0.0,0.0,0.0,0.0,0.0,0.0,0.0,0.0,0.0,0.0,0.0,47.0,47.0,47.0,47.0,47.0,0.0,0.0,0.0,0.0,0.0,0.0,0.0,0.0,0.0,0.0,0.0,0.0,0.0,0.0,0.0,0.0,0.0,0.0,0.0,0.0,0.0,0.0,0.0,0.0,0.0,0.0,0.0,0.0,0.0,0.0,0.0,0.0,0.0,...
1763032553,758217776,laser,-3.1241390705108643,3.1415927410125732,0.0034828970674425364,5.3774183470522985e-05,0.0967397540807724,0.15000000596046448,16.0,5.440000057220459,5.432000160217285,5.432000160217285,5.432000160217285,5.432000160217285,5.432000160217285,5.432000160217285,5.432000160217285,5.432000160217285,5.432000160217285,5.432000160217285,5.432000160217285,5.432000160217285,5.432000160217285,5.432000160217285,5.432000160217285,5.432000160217285,5.432000160217285,5.432000160217285,5.432000160217285,5.432000160217285,5.432000160217285,5.432000160217285,5.432000160217285,5.432000160217285,5.432000160217285,5.432000160217285,5.432000160217285,5.432000160217285,5.432000160217285,5.432000160217285,5.432000160217285,5.432000160217285,5.432000160217285,5.432000160217285,5.432000160217285,5.440000057220459,5.440000057220459,5.440000057220459,5.440000057220459,5.440000057220459,5.440000057220459,inf,inf,inf,inf,inf,4.199999809265137,4.199999809265137,4.199999809265137,4.199999809265137,4.199999809265137,3.9719998836517334,3.9719998836517334,3.9719998836517334,3.8559999465942383,3.8559999465942383,3.8559999465942383,3.7720000743865967,3.7360000610351562,3.7360000610351562,3.7360000610351562,3.740000009536743,3.740000009536743,3.747999906539917,3.747999906539917,2.888000011444092,2.888000011444092,2.888000011444092,2.828000068664551,2.828000068664551,2.7679998874664307,2.7679998874664307,2.6480000019073486,2.6480000019073486,2.5920000076293945,2.5399999618530273,2.492000102996826,2.427999973297119,2.371999979019165,2.328000068664551,2.328000068664551,2.2880001068115234,2.24399995803833,2.2119998931884766,2.184000015258789,2.1440000534057617,2.1040000915527344,2.072000026702881,2.072000026702881,2.0399999618530273,1.9980000257492065,1.9739999771118164,1.9520000219345093,1.9160000085830688,1.8839999437332153,1.8559999465942383,1.8279999494552612,1.8279999494552612,1.7979999780654907,1.777999997138977,1.7680000066757202,1.75600004196167,1.75,1.7419999837875366,1.7300000190734863,1.7300000190734863,1.715999960899353,1.6979999542236328,1.6779999732971191,1.6619999408721924,1.6399999856948853,1.6399999856948853,1.4980000257492065,1.4980000257492065,1.4980000257492065,1.4819999933242798,1.4739999771118164,inf,inf,inf,inf,1.4040000438690186,1.4040000438690186,1.4040000438690186,1.4040000438690186,1.4040000438690186,1.3919999599456787,...,47.0,47.0,47.0,47.0,47.0,47.0,0.0,0.0,0.0,0.0,0.0,0.0,0.0,0.0,0.0,0.0,0.0,0.0,0.0,0.0,0.0,0.0,0.0,0.0,0.0,0.0,0.0,0.0,0.0,0.0,0.0,0.0,0.0,0.0,0.0,0.0,0.0,0.0,0.0,0.0,0.0,0.0,0.0,0.0,0.0,0.0,0.0,0.0,0.0,0.0,0.0,0.0,0.0,0.0,0.0,0.0,0.0,0.0,0.0,0.0,0.0,0.0,0.0,0.0,0.0,0.0,0.0,0.0,0.0,0.0,0.0,0.0,0.0,0.0,0.0,0.0,0.0,0.0,0.0,0.0,0.0,0.0,0.0,0.0,0.0,0.0,0.0,0.0,0.0,0.0,0.0,0.0,0.0,0.0,0.0,0.0,0.0,0.0,0.0,0.0,0.0,0.0,0.0,0.0,0.0,0.0,0.0,0.0,0.0,0.0,0.0,0.0,0.0,0.0,0.0,0.0,0.0,0.0,0.0,0.0,0.0,0.0,0.0,0.0,47.0,47.0,47.0,47.0,...
1763032553,856459217,laser,-3.1241390705108643,3.1415927410125732,0.0034828970674425364,5.041125768912025e-05,0.09068985283374786,0.15000000596046448,16.0,5.440000057220459,5.432000160217285,5.440000057220459,5.440000057220459,5.432000160217285,5.432000160217285,5.432000160217285,5.440000057220459,5.440000057220459,5.440000057220459,5.432000160217285,5.432000160217285,5.432000160217285,5.432000160217285,5.432000160217285,5.432000160217285,5.432000160217285,5.432000160217285,5.432000160217285,5.432000160217285,5.432000160217285,5.432000160217285,5.432000160217285,5.432000160217285,5.432000160217285,5.432000160217285,5.432000160217285,5.432000160217285,5.432000160217285,5.432000160217285,5.432000160217285,5.432000160217285,5.432000160217285,5.432000160217285,5.432000160217285,5.440000057220459,5.440000057220459,5.440000057220459,5.440000057220459,5.440000057220459,5.440000057220459,5.440000057220459,inf,inf,inf,inf,4.199999809265137,4.199999809265137,4.199999809265137,4.199999809265137,4.199999809265137,inf,inf,3.75600004196167,3.75600004196167,3.75600004196167,3.75600004196167,3.75600004196167,3.74399995803833,3.74399995803833,3.740000009536743,3.7360000610351562,3.7360000610351562,3.740000009536743,3.74399995803833,3.752000093460083,2.884000062942505,2.884000062942505,2.815999984741211,2.815999984741211,2.815999984741211,2.815999984741211,2.752000093460083,2.700000047683716,2.6480000019073486,2.5920000076293945,2.5399999618530273,2.48799991607666,2.427999973297119,2.371999979019165,2.371999979019165,2.328000068664551,2.2880001068115234,2.196000099182129,2.196000099182129,2.184000015258789,2.135999917984009,2.0959999561309814,2.0959999561309814,2.072000026702881,2.0420000553131104,2.0160000324249268,1.996000051498413,1.972000002861023,1.9579999446868896,1.944000005722046,1.944000005722046,1.9279999732971191,1.9119999408721924,1.8880000114440918,1.8660000562667847,1.840000033378601,1.812000036239624,1.7899999618530273,1.7899999618530273,1.7660000324249268,1.7400000095367432,1.718000054359436,1.7020000219345093,1.6820000410079956,1.6579999923706055,1.6579999923706055,1.5119999647140503,1.5119999647140503,1.5119999647140503,1.4980000257492065,1.4819999933242798,1.4759999513626099,1.4759999513626099,inf,inf,1.4179999828338623,1.4179999828338623,1.4179999828338623,1.4179999828338623,1.4179999828338623,1.4040000438690186,1.4040000438690186,...,47.0,47.0,47.0,47.0,47.0,47.0,0.0,0.0,0.0,0.0,0.0,0.0,0.0,0.0,0.0,0.0,0.0,0.0,0.0,0.0,0.0,0.0,0.0,0.0,0.0,0.0,0.0,0.0,0.0,0.0,0.0,0.0,0.0,0.0,0.0,0.0,0.0,0.0,0.0,0.0,0.0,0.0,0.0,0.0,0.0,0.0,0.0,0.0,0.0,0.0,0.0,0.0,0.0,0.0,0.0,0.0,0.0,0.0,0.0,0.0,0.0,0.0,0.0,0.0,0.0,0.0,0.0,0.0,0.0,0.0,0.0,0.0,0.0,0.0,0.0,0.0,0.0,0.0,0.0,0.0,0.0,0.0,0.0,0.0,0.0,0.0,0.0,0.0,0.0,0.0,0.0,0.0,0.0,0.0,0.0,0.0,0.0,0.0,0.0,0.0,0.0,0.0,0.0,0.0,0.0,0.0,0.0,0.0,0.0,0.0,0.0,0.0,0.0,0.0,0.0,0.0,0.0,0.0,0.0,0.0,0.0,0.0,0.0,0.0,0.0,0.0,0.0,0.0,...
1763032553,948499753,laser,-3.1241390705108643,3.1415927410125732,0.0034828970674425364,5.3885374654782936e-05,0.09693978726863861,0.15000000596046448,16.0,5.440000057220459,5.432000160217285,5.432000160217285,5.432000160217285,5.432000160217285,5.432000160217285,5.432000160217285,5.440000057220459,5.440000057220459,5.440000057220459,5.432000160217285,5.432000160217285,5.432000160217285,5.432000160217285,5.432000160217285,5.432000160217285,5.432000160217285,5.432000160217285,5.432000160217285,5.432000160217285,5.432000160217285,5.432000160217285,5.432000160217285,5.432000160217285,5.432000160217285,5.432000160217285,5.432000160217285,5.432000160217285,5.432000160217285,5.432000160217285,5.432000160217285,5.432000160217285,5.432000160217285,5.432000160217285,5.432000160217285,5.432000160217285,5.440000057220459,5.440000057220459,5.440000057220459,5.440000057220459,5.440000057220459,5.440000057220459,inf,inf,inf,inf,inf,inf,inf,inf,inf,4.084000110626221,4.084000110626221,4.084000110626221,4.084000110626221,4.084000110626221,3.759999990463257,3.759999990463257,3.759999990463257,3.740000009536743,3.7360000610351562,3.7360000610351562,3.7360000610351562,3.740000009536743,3.747999906539917,3.752000093460083,2.880000114440918,2.880000114440918,2.880000114440918,2.812000036239624,2.812000036239624,2.812000036239624,2.752000093460083,2.700000047683716,2.6440000534057617,2.5880000591278076,2.5239999294281006,2.4719998836517334,2.4719998836517334,2.371999979019165,2.371999979019165,2.328000068664551,2.2880001068115234,2.191999912261963,2.191999912261963,2.180000066757202,2.135999917984009,2.0999999046325684,2.0999999046325684,2.0759999752044678,2.0399999618530273,2.0179998874664307,2.002000093460083,1.9839999675750732,1.965999960899353,1.965999960899353,1.9459999799728394,1.9299999475479126,1.9119999408721924,1.8839999437332153,1.8600000143051147,1.840000033378601,1.812000036239624,1.812000036239624,1.784000039100647,1.7619999647140503,1.7400000095367432,1.718000054359436,1.7000000476837158,1.6779999732971191,1.6540000438690186,1.6540000438690186,1.5119999647140503,1.4980000257492065,1.4980000257492065,1.4980000257492065,1.4859999418258667,1.468000054359436,inf,inf,inf,inf,1.399999976158142,1.399999976158142,1.399999976158142,1.399999976158142,1.399999976158142,1.3839999437332153,...,47.0,47.0,47.0,47.0,47.0,47.0,47.0,0.0,0.0,0.0,0.0,0.0,0.0,0.0,0.0,0.0,0.0,0.0,0.0,0.0,0.0,0.0,0.0,0.0,0.0,0.0,0.0,0.0,0.0,0.0,0.0,0.0,0.0,0.0,0.0,0.0,0.0,0.0,0.0,0.0,0.0,0.0,0.0,0.0,0.0,0.0,0.0,0.0,0.0,0.0,0.0,0.0,0.0,0.0,0.0,0.0,0.0,0.0,0.0,0.0,0.0,0.0,0.0,0.0,0.0,0.0,0.0,0.0,0.0,0.0,0.0,0.0,0.0,0.0,0.0,0.0,0.0,0.0,0.0,0.0,0.0,0.0,0.0,0.0,0.0,0.0,0.0,0.0,0.0,0.0,0.0,0.0,0.0,0.0,0.0,0.0,0.0,0.0,0.0,0.0,0.0,0.0,0.0,0.0,0.0,0.0,0.0,0.0,0.0,0.0,0.0,0.0,0.0,0.0,0.0,0.0,0.0,0.0,0.0,0.0,0.0,0.0,0.0,0.0,0.0,0.0,47.0,47.0,...
1763032554,47035551,laser,-3.1241390705108643,3.1415927410125732,0.0034828970674425364,5.367548146750778e-05,0.09656219184398651,0.15000000596046448,16.0,5.440000057220459,5.432000160217285,5.432000160217285,5.432000160217285,5.432000160217285,5.432000160217285,5.440000057220459,5.440000057220459,5.440000057220459,5.440000057220459,5.432000160217285,5.432000160217285,5.432000160217285,5.432000160217285,5.432000160217285,5.432000160217285,5.432000160217285,5.432000160217285,5.432000160217285,5.432000160217285,5.432000160217285,5.432000160217285,5.432000160217285,5.432000160217285,5.432000160217285,5.432000160217285,5.432000160217285,5.432000160217285,5.432000160217285,5.432000160217285,5.440000057220459,5.432000160217285,5.432000160217285,5.432000160217285,5.432000160217285,5.432000160217285,5.440000057220459,5.440000057220459,5.440000057220459,5.440000057220459,5.440000057220459,5.440000057220459,inf,inf,inf,inf,inf,inf,inf,inf,inf,3.884000062942505,3.884000062942505,3.884000062942505,3.884000062942505,3.884000062942505,3.799999952316284,3.799999952316284,3.75600004196167,3.740000009536743,3.740000009536743,3.740000009536743,3.740000009536743,3.74399995803833,3.74399995803833,2.9200000762939453,2.9200000762939453,2.9200000762939453,2.9200000762939453,2.9200000762939453,2.8480000495910645,2.7839999198913574,2.7239999771118164,2.671999931335449,2.615999937057495,2.555999994277954,2.507999897003174,2.507999897003174,2.3959999084472656,2.3959999084472656,2.359999895095825,2.312000036239624,2.2839999198913574,2.240000009536743,2.184000015258789,2.1480000019073486,2.1480000019073486,2.111999988555908,2.0759999752044678,2.0420000553131104,2.0179998874664307,1.9919999837875366,1.9539999961853027,1.9199999570846558,1.9199999570846558,1.8919999599456787,1.8639999628067017,1.8380000591278076,1.815999984741211,1.7879999876022339,1.7699999809265137,1.7699999809265137,1.7599999904632568,1.753999948501587,1.753999948501587,1.7380000352859497,1.722000002861023,1.7079999446868896,1.684000015258789,1.684000015258789,1.6619999408721924,1.6440000534057617,1.5219999551773071,1.5219999551773071,1.50600004196167,1.4919999837875366,1.4759999513626099,inf,inf,inf,inf,inf,inf,1.409999966621399,1.409999966621399,1.409999966621399,1.409999966621399,1.409999966621399,...,47.0,47.0,47.0,47.0,47.0,47.0,0.0,0.0,0.0,0.0,0.0,0.0,0.0,0.0,0.0,0.0,0.0,0.0,0.0,0.0,0.0,0.0,0.0,0.0,0.0,0.0,0.0,0.0,0.0,0.0,0.0,0.0,0.0,0.0,0.0,0.0,0.0,0.0,0.0,0.0,0.0,0.0,0.0,0.0,0.0,0.0,0.0,0.0,0.0,0.0,0.0,0.0,0.0,0.0,0.0,0.0,0.0,0.0,0.0,0.0,0.0,0.0,0.0,0.0,0.0,0.0,0.0,0.0,0.0,0.0,0.0,0.0,0.0,0.0,0.0,0.0,0.0,0.0,0.0,0.0,0.0,0.0,0.0,0.0,0.0,0.0,0.0,0.0,0.0,0.0,0.0,47.0,47.0,47.0,47.0,47.0,0.0,0.0,0.0,0.0,0.0,0.0,0.0,0.0,0.0,0.0,0.0,0.0,0.0,0.0,0.0,0.0,0.0,0.0,0.0,0.0,0.0,0.0,0.0,0.0,0.0,0.0,0.0,0.0,0.0,0.0,0.0,0.0,...
1763032554,144957911,laser,-3.1241390705108643,3.1415927410125732,0.0034828970674425364,5.385863914852962e-05,0.09689169377088547,0.15000000596046448,16.0,5.440000057220459,5.432000160217285,5.432000160217285,5.432000160217285,5.432000160217285,5.432000160217285,5.432000160217285,5.432000160217285,5.432000160217285,5.432000160217285,5.432000160217285,5.432000160217285,5.432000160217285,5.432000160217285,5.432000160217285,5.432000160217285,5.432000160217285,5.432000160217285,5.432000160217285,5.432000160217285,5.432000160217285,5.432000160217285,5.432000160217285,5.432000160217285,5.432000160217285,5.432000160217285,5.432000160217285,5.432000160217285,5.432000160217285,5.432000160217285,5.432000160217285,5.432000160217285,5.432000160217285,5.432000160217285,5.432000160217285,5.432000160217285,5.440000057220459,5.440000057220459,5.440000057220459,5.440000057220459,5.440000057220459,5.440000057220459,inf,inf,inf,inf,inf,inf,inf,inf,3.98799991607666,3.98799991607666,3.98799991607666,3.98799991607666,3.98799991607666,3.884000062942505,3.884000062942505,3.884000062942505,3.7880001068115234,3.740000009536743,3.7360000610351562,3.7360000610351562,3.740000009536743,3.740000009536743,3.747999906539917,3.752000093460083,2.880000114440918,2.880000114440918,2.880000114440918,2.8239998817443848,2.8239998817443848,2.7720000743865967,2.7720000743865967,2.6480000019073486,2.6480000019073486,2.5959999561309814,2.4719998836517334,2.4719998836517334,2.431999921798706,2.375999927520752,2.3399999141693115,2.3399999141693115,2.2960000038146973,2.240000009536743,2.2160000801086426,2.184000015258789,2.140000104904175,2.111999988555908,2.0880000591278076,2.0880000591278076,2.052000045776367,2.0299999713897705,2.009999990463257,2.003999948501587,1.9919999837875366,1.9700000286102295,1.9700000286102295,1.9500000476837158,1.9240000247955322,1.8980000019073486,1.8700000047683716,1.8420000076293945,1.8179999589920044,1.7940000295639038,1.7940000295639038,1.7719999551773071,1.7480000257492065,1.7239999771118164,1.7039999961853027,1.6820000410079956,1.659999966621399,1.5140000581741333,1.5140000581741333,1.4980000257492065,1.4980000257492065,1.4980000257492065,1.4819999933242798,1.4759999513626099,1.4759999513626099,1.5379999876022339,1.5379999876022339,inf,1.4179999828338623,1.4179999828338623,1.4179999828338623,1.4179999828338623,1.4179999828338623,1.4019999504089355,...,0.0,47.0,47.0,47.0,47.0,47.0,47.0,47.0,47.0,0.0,0.0,0.0,0.0,0.0,0.0,0.0,0.0,0.0,0.0,0.0,0.0,0.0,0.0,0.0,0.0,0.0,0.0,0.0,0.0,0.0,0.0,0.0,0.0,0.0,0.0,0.0,0.0,0.0,0.0,0.0,0.0,0.0,0.0,0.0,0.0,0.0,0.0,0.0,0.0,0.0,0.0,0.0,0.0,0.0,0.0,0.0,0.0,0.0,0.0,0.0,0.0,0.0,0.0,0.0,0.0,0.0,0.0,0.0,0.0,47.0,47.0,47.0,47.0,47.0,0.0,0.0,0.0,0.0,0.0,0.0,0.0,0.0,0.0,0.0,0.0,0.0,0.0,0.0,0.0,0.0,0.0,47.0,47.0,47.0,47.0,47.0,0.0,0.0,0.0,0.0,0.0,0.0,0.0,0.0,0.0,0.0,0.0,0.0,0.0,0.0,0.0,0.0,0.0,0.0,0.0,0.0,0.0,0.0,0.0,0.0,0.0,0.0,0.0,0.0,47.0,47.0,47.0,47.0,...
1763032554,243535333,laser,-3.1241390705108643,3.1415927410125732,0.0034828970674425364,5.028204031987116e-05,0.09045738726854324,0.15000000596046448,16.0,5.432000160217285,5.432000160217285,5.432000160217285,5.432000160217285,5.432000160217285,5.432000160217285,5.432000160217285,5.440000057220459,5.432000160217285,5.432000160217285,5.432000160217285,5.432000160217285,5.432000160217285,5.432000160217285,5.432000160217285,5.432000160217285,5.432000160217285,5.432000160217285,5.432000160217285,5.432000160217285,5.432000160217285,5.432000160217285,5.432000160217285,5.432000160217285,5.432000160217285,5.423999786376953,5.432000160217285,5.432000160217285,5.432000160217285,5.432000160217285,5.432000160217285,5.432000160217285,5.432000160217285,5.432000160217285,5.432000160217285,5.432000160217285,5.440000057220459,5.440000057220459,5.440000057220459,5.440000057220459,5.440000057220459,5.504000186920166,5.504000186920166,inf,inf,inf,inf,inf,inf,inf,inf,inf,inf,inf,3.7880001068115234,3.7880001068115234,3.7880001068115234,3.7880001068115234,3.7880001068115234,3.740000009536743,3.7360000610351562,3.740000009536743,3.74399995803833,3.74399995803833,3.74399995803833,3.747999906539917,2.8359999656677246,2.8359999656677246,2.8359999656677246,2.7839999198913574,2.7839999198913574,2.7839999198913574,2.7119998931884766,2.6480000019073486,2.5999999046325684,2.5999999046325684,2.5439999103546143,2.5,2.388000011444092,2.3480000495910645,2.3480000495910645,2.2960000038146973,2.2960000038146973,2.25600004196167,2.2320001125335693,2.187999963760376,2.1480000019073486,2.124000072479248,2.0880000591278076,2.052000045776367,2.052000045776367,2.01200008392334,2.01200008392334,2.002000093460083,1.9880000352859497,1.968000054359436,1.9479999542236328,1.9240000247955322,1.9240000247955322,1.8980000019073486,1.871999979019165,1.843999981880188,1.8179999589920044,1.7960000038146973,1.7719999551773071,1.7480000257492065,1.7280000448226929,1.7280000448226929,1.7059999704360962,1.6820000410079956,1.6619999408721924,1.6399999856948853,1.5160000324249268,1.503999948501587,1.503999948501587,1.4900000095367432,1.4900000095367432,1.4759999513626099,inf,inf,inf,inf,1.4019999504089355,1.4019999504089355,1.4019999504089355,1.4019999504089355,1.4019999504089355,1.3899999856948853,...,47.0,47.0,47.0,47.0,47.0,47.0,0.0,0.0,0.0,0.0,0.0,0.0,0.0,0.0,0.0,0.0,0.0,0.0,0.0,0.0,0.0,0.0,0.0,0.0,0.0,0.0,0.0,0.0,0.0,0.0,0.0,0.0,0.0,0.0,0.0,0.0,0.0,0.0,0.0,0.0,0.0,0.0,0.0,0.0,0.0,0.0,0.0,0.0,0.0,0.0,0.0,0.0,0.0,0.0,0.0,0.0,0.0,0.0,0.0,0.0,0.0,0.0,0.0,0.0,0.0,0.0,0.0,0.0,0.0,0.0,0.0,0.0,0.0,0.0,0.0,0.0,0.0,0.0,0.0,0.0,0.0,0.0,0.0,0.0,0.0,0.0,0.0,0.0,0.0,0.0,0.0,0.0,0.0,0.0,0.0,0.0,0.0,0.0,0.0,0.0,0.0,0.0,0.0,0.0,0.0,0.0,0.0,0.0,0.0,0.0,0.0,0.0,0.0,0.0,0.0,0.0,0.0,0.0,0.0,0.0,0.0,0.0,0.0,0.0,0.0,0.0,0.0,0.0,...
1763032554,335654817,laser,-3.1241390705108643,3.1415927410125732,0.0034828970674425364,5.368571146391332e-05,0.09658059477806091,0.15000000596046448,16.0,5.432000160217285,5.432000160217285,5.432000160217285,5.432000160217285,5.432000160217285,5.432000160217285,5.432000160217285,5.432000160217285,5.432000160217285,5.432000160217285,5.432000160217285,5.432000160217285,5.432000160217285,5.432000160217285,5.432000160217285,5.432000160217285,5.432000160217285,5.432000160217285,5.432000160217285,5.432000160217285,5.432000160217285,5.432000160217285,5.432000160217285,5.432000160217285,5.423999786376953,5.423999786376953,5.432000160217285,5.432000160217285,5.432000160217285,5.432000160217285,5.432000160217285,5.432000160217285,5.432000160217285,5.432000160217285,5.432000160217285,5.432000160217285,5.432000160217285,5.432000160217285,5.432000160217285,5.440000057220459,5.440000057220459,5.440000057220459,inf,inf,inf,inf,inf,inf,inf,inf,inf,3.799999952316284,3.799999952316284,3.799999952316284,3.799999952316284,3.799999952316284,3.752000093460083,3.752000093460083,3.752000093460083,3.75600004196167,3.75600004196167,3.75600004196167,3.74399995803833,3.74399995803833,3.747999906539917,3.752000093460083,3.752000093460083,2.927999973297119,2.927999973297119,2.927999973297119,2.859999895095825,2.7880001068115234,2.7239999771118164,2.671999931335449,2.615999937057495,2.555999994277954,2.5239999294281006,2.5239999294281006,2.3959999084472656,2.3959999084472656,2.359999895095825,2.312000036239624,2.2880001068115234,2.247999906539917,2.191999912261963,2.1519999504089355,2.1519999504089355,2.124000072479248,2.0880000591278076,2.052000045776367,2.0199999809265137,1.9880000352859497,1.9559999704360962,1.9279999732971191,1.9279999732971191,1.899999976158142,1.8700000047683716,1.8480000495910645,1.8279999494552612,1.7979999780654907,1.777999997138977,1.777999997138977,1.7740000486373901,1.7760000228881836,1.7680000066757202,1.7480000257492065,1.7280000448226929,1.7100000381469727,1.6920000314712524,1.6920000314712524,1.6679999828338623,1.6440000534057617,1.5080000162124634,1.5080000162124634,1.496000051498413,1.496000051498413,1.465999960899353,inf,inf,1.4359999895095825,1.4359999895095825,1.4359999895095825,1.4359999895095825,1.4359999895095825,1.4140000343322754,1.4140000343322754,1.4140000343322754,1.4140000343322754,...,47.0,47.0,47.0,47.0,47.0,47.0,0.0,0.0,0.0,0.0,0.0,0.0,0.0,0.0,0.0,0.0,0.0,0.0,0.0,0.0,0.0,0.0,0.0,0.0,0.0,0.0,0.0,0.0,0.0,0.0,0.0,0.0,0.0,0.0,0.0,0.0,0.0,0.0,0.0,0.0,0.0,0.0,0.0,0.0,0.0,0.0,0.0,0.0,0.0,0.0,0.0,0.0,0.0,0.0,0.0,0.0,0.0,0.0,0.0,0.0,0.0,0.0,0.0,0.0,0.0,0.0,0.0,0.0,0.0,0.0,0.0,0.0,0.0,0.0,0.0,0.0,0.0,0.0,0.0,0.0,0.0,0.0,0.0,0.0,0.0,0.0,0.0,0.0,0.0,0.0,0.0,0.0,0.0,0.0,0.0,0.0,0.0,0.0,0.0,0.0,0.0,0.0,0.0,0.0,0.0,0.0,0.0,0.0,0.0,0.0,0.0,0.0,0.0,0.0,0.0,0.0,0.0,0.0,0.0,0.0,0.0,0.0,0.0,0.0,0.0,0.0,0.0,0.0,...
1763032554,434010606,laser,-3.1241390705108643,3.1415927410125732,0.0034828970674425364,5.3711599321104586e-05,0.09662716090679169,0.15000000596046448,16.0,5.432000160217285,5.432000160217285,5.432000160217285,5.432000160217285,5.432000160217285,5.432000160217285,5.432000160217285,5.432000160217285,5.432000160217285,5.432000160217285,5.432000160217285,5.432000160217285,5.432000160217285,5.432000160217285,5.432000160217285,5.432000160217285,5.423999786376953,5.423999786376953,5.432000160217285,5.432000160217285,5.432000160217285,5.423999786376953,5.432000160217285,5.423999786376953,5.423999786376953,5.423999786376953,5.432000160217285,5.432000160217285,5.432000160217285,5.432000160217285,5.432000160217285,5.432000160217285,5.432000160217285,5.432000160217285,5.432000160217285,5.432000160217285,5.432000160217285,5.432000160217285,5.432000160217285,5.440000057220459,5.440000057220459,5.440000057220459,inf,inf,inf,inf,inf,inf,inf,inf,inf,inf,3.819999933242798,3.819999933242798,3.819999933242798,3.819999933242798,3.819999933242798,3.75600004196167,3.75600004196167,3.75600004196167,3.752000093460083,3.752000093460083,3.7360000610351562,3.740000009536743,3.747999906539917,3.752000093460083,2.880000114440918,2.880000114440918,2.880000114440918,2.880000114440918,2.7279999256134033,2.7279999256134033,2.7279999256134033,2.6679999828338623,2.619999885559082,2.572000026702881,2.51200008392334,2.4600000381469727,2.4119999408721924,2.359999895095825,2.359999895095825,2.315999984741211,2.2880001068115234,2.184000015258789,2.1640000343322754,2.1640000343322754,2.124000072479248,2.0999999046325684,2.0999999046325684,2.072000026702881,2.0399999618530273,2.0260000228881836,2.0199999809265137,2.00600004196167,1.9919999837875366,1.965999960899353,1.965999960899353,1.940000057220459,1.9140000343322754,1.8860000371932983,1.8600000143051147,1.8320000171661377,1.8040000200271606,1.8040000200271606,1.781999945640564,1.7599999904632568,1.7339999675750732,1.7100000381469727,1.694000005722046,1.6740000247955322,1.649999976158142,1.649999976158142,1.5219999551773071,1.5119999647140503,1.5119999647140503,1.4980000257492065,1.4839999675750732,1.4780000448226929,1.4759999513626099,inf,1.440000057220459,1.440000057220459,1.440000057220459,1.440000057220459,1.440000057220459,1.4140000343322754,1.4140000343322754,1.4140000343322754,...,47.0,47.0,47.0,47.0,47.0,47.0,47.0,47.0,47.0,0.0,0.0,0.0,0.0,0.0,0.0,0.0,0.0,0.0,0.0,0.0,0.0,0.0,0.0,0.0,0.0,0.0,0.0,0.0,0.0,0.0,0.0,0.0,0.0,0.0,0.0,0.0,0.0,0.0,0.0,0.0,0.0,0.0,0.0,0.0,0.0,0.0,0.0,0.0,0.0,0.0,0.0,0.0,0.0,0.0,0.0,0.0,0.0,0.0,0.0,0.0,0.0,0.0,0.0,0.0,0.0,0.0,0.0,0.0,0.0,0.0,0.0,0.0,0.0,0.0,0.0,0.0,0.0,0.0,0.0,0.0,0.0,0.0,0.0,0.0,0.0,0.0,0.0,0.0,0.0,0.0,0.0,47.0,47.0,47.0,47.0,47.0,0.0,0.0,0.0,0.0,0.0,0.0,0.0,0.0,0.0,47.0,47.0,47.0,47.0,47.0,0.0,0.0,0.0,0.0,0.0,0.0,0.0,0.0,0.0,0.0,0.0,0.0,0.0,0.0,0.0,0.0,0.0,0.0,...
1763032554,532365457,laser,-3.1241390705108643,3.1415927410125732,0.0034828970674425364,5.356727706384845e-05,0.09636753052473068,0.15000000596046448,16.0,5.440000057220459,5.440000057220459,5.432000160217285,5.432000160217285,5.432000160217285,5.432000160217285,5.440000057220459,5.432000160217285,5.432000160217285,5.432000160217285,5.432000160217285,5.432000160217285,5.432000160217285,5.432000160217285,5.432000160217285,5.432000160217285,5.432000160217285,5.432000160217285,5.432000160217285,5.423999786376953,5.423999786376953,5.423999786376953,5.432000160217285,5.432000160217285,5.432000160217285,5.432000160217285,5.432000160217285,5.432000160217285,5.432000160217285,5.432000160217285,5.432000160217285,5.432000160217285,5.432000160217285,5.432000160217285,5.432000160217285,5.440000057220459,5.432000160217285,5.432000160217285,5.440000057220459,5.440000057220459,5.440000057220459,5.432000160217285,inf,inf,inf,inf,inf,inf,inf,4.052000045776367,4.052000045776367,4.052000045776367,4.052000045776367,4.052000045776367,3.936000108718872,3.936000108718872,3.936000108718872,3.8239998817443848,3.752000093460083,3.752000093460083,3.752000093460083,3.752000093460083,3.740000009536743,3.74399995803833,3.747999906539917,3.752000093460083,2.927999973297119,2.927999973297119,2.864000082015991,2.864000082015991,2.864000082015991,2.7920000553131104,2.7320001125335693,2.6679999828338623,2.619999885559082,2.572000026702881,2.51200008392334,2.4600000381469727,2.4600000381469727,2.359999895095825,2.359999895095825,2.315999984741211,2.2880001068115234,2.191999912261963,2.191999912261963,2.1640000343322754,2.124000072479248,2.124000072479248,2.0959999561309814,2.068000078201294,2.0360000133514404,2.00600004196167,1.9739999771118164,1.9420000314712524,1.9240000247955322,1.9240000247955322,1.909999966621399,1.8980000019073486,1.8860000371932983,1.8660000562667847,1.8459999561309814,1.8279999494552612,1.8279999494552612,1.8040000200271606,1.781999945640564,1.7580000162124634,1.7319999933242798,1.7100000381469727,1.6920000314712524,1.6679999828338623,1.6679999828338623,1.6460000276565552,1.496000051498413,1.496000051498413,1.496000051498413,1.496000051498413,1.4819999933242798,1.468000054359436,1.437999963760376,1.437999963760376,1.437999963760376,1.437999963760376,1.437999963760376,1.4140000343322754,1.4140000343322754,1.4140000343322754,1.4140000343322754,1.3980000019073486,...,47.0,47.0,47.0,47.0,47.0,47.0,47.0,47.0,0.0,0.0,0.0,0.0,0.0,0.0,0.0,0.0,0.0,0.0,0.0,0.0,0.0,0.0,0.0,0.0,0.0,0.0,0.0,0.0,0.0,0.0,0.0,0.0,0.0,0.0,0.0,0.0,0.0,0.0,0.0,0.0,0.0,0.0,0.0,0.0,0.0,0.0,0.0,0.0,0.0,0.0,0.0,0.0,0.0,0.0,0.0,0.0,0.0,0.0,0.0,0.0,0.0,0.0,0.0,0.0,0.0,0.0,0.0,0.0,0.0,0.0,0.0,0.0,0.0,0.0,0.0,0.0,0.0,0.0,0.0,0.0,0.0,0.0,0.0,0.0,0.0,0.0,0.0,0.0,0.0,0.0,0.0,0.0,0.0,0.0,0.0,0.0,0.0,0.0,0.0,0.0,0.0,0.0,0.0,0.0,0.0,0.0,0.0,0.0,0.0,0.0,0.0,0.0,0.0,0.0,0.0,0.0,0.0,0.0,0.0,0.0,0.0,0.0,0.0,47.0,47.0,47.0,47.0,47.0,...
1763032554,630619238,laser,-3.1241390705108643,3.1415927410125732,0.0034828970674425364,5.362385854823515e-05,0.09646932035684586,0.15000000596046448,16.0,5.440000057220459,5.440000057220459,5.432000160217285,5.432000160217285,5.432000160217285,5.432000160217285,5.440000057220459,5.440000057220459,5.440000057220459,5.432000160217285,5.432000160217285,5.432000160217285,5.432000160217285,5.432000160217285,5.432000160217285,5.432000160217285,5.432000160217285,5.432000160217285,5.432000160217285,5.432000160217285,5.432000160217285,5.423999786376953,5.432000160217285,5.432000160217285,5.432000160217285,5.432000160217285,5.432000160217285,5.432000160217285,5.432000160217285,5.432000160217285,5.432000160217285,5.432000160217285,5.432000160217285,5.432000160217285,5.440000057220459,5.440000057220459,5.440000057220459,5.440000057220459,5.440000057220459,5.440000057220459,5.440000057220459,5.440000057220459,inf,inf,inf,inf,inf,inf,inf,inf,inf,3.819999933242798,3.819999933242798,3.819999933242798,3.819999933242798,3.819999933242798,3.75600004196167,3.75600004196167,3.75600004196167,3.75600004196167,3.752000093460083,3.752000093460083,3.7360000610351562,3.740000009536743,3.747999906539917,3.747999906539917,2.880000114440918,2.880000114440918,2.880000114440918,2.7320001125335693,2.7320001125335693,2.7320001125335693,2.7320001125335693,2.687999963760376,2.640000104904175,2.572000026702881,2.51200008392334,2.4639999866485596,2.4639999866485596,2.359999895095825,2.359999895095825,2.315999984741211,2.2920000553131104,2.171999931335449,2.171999931335449,2.1679999828338623,2.128000020980835,2.128000020980835,2.0959999561309814,2.068000078201294,2.0320000648498535,1.996000051498413,1.9620000123977661,1.940000057220459,1.9119999408721924,1.9119999408721924,1.878000020980835,1.8539999723434448,1.8300000429153442,1.7940000295639038,1.7719999551773071,1.7680000066757202,1.7699999809265137,1.7699999809265137,1.7660000324249268,1.7480000257492065,1.7280000448226929,1.7120000123977661,1.694000005722046,1.6699999570846558,1.6699999570846558,1.6480000019073486,1.621999979019165,1.5099999904632568,1.4980000257492065,1.4980000257492065,1.4839999675750732,1.468000054359436,inf,inf,inf,inf,inf,1.399999976158142,1.399999976158142,1.399999976158142,1.399999976158142,1.399999976158142,...,47.0,47.0,47.0,47.0,47.0,47.0,47.0,0.0,0.0,0.0,0.0,0.0,0.0,0.0,0.0,0.0,0.0,0.0,0.0,0.0,0.0,0.0,0.0,0.0,0.0,0.0,0.0,0.0,0.0,0.0,0.0,0.0,0.0,0.0,0.0,0.0,0.0,0.0,0.0,0.0,0.0,0.0,0.0,0.0,0.0,0.0,0.0,0.0,0.0,0.0,0.0,0.0,0.0,0.0,0.0,0.0,0.0,0.0,0.0,0.0,0.0,0.0,0.0,0.0,0.0,0.0,0.0,47.0,47.0,47.0,47.0,47.0,0.0,0.0,0.0,0.0,0.0,0.0,0.0,0.0,0.0,0.0,0.0,0.0,0.0,0.0,0.0,0.0,0.0,47.0,47.0,47.0,47.0,47.0,0.0,0.0,0.0,0.0,0.0,0.0,0.0,0.0,0.0,0.0,0.0,0.0,0.0,0.0,0.0,0.0,0.0,0.0,0.0,0.0,0.0,0.0,0.0,0.0,0.0,0.0,0.0,0.0,0.0,0.0,0.0,0.0,0.0,0.0,...
1763032554,728549230,laser,-3.1241390705108643,3.1415927410125732,0.0034828970674425364,5.032122862758115e-05,0.09052789211273193,0.15000000596046448,16.0,5.440000057220459,5.440000057220459,5.432000160217285,5.432000160217285,5.432000160217285,5.432000160217285,5.440000057220459,5.440000057220459,5.440000057220459,5.432000160217285,5.432000160217285,5.432000160217285,5.423999786376953,5.432000160217285,5.432000160217285,5.432000160217285,5.423999786376953,5.423999786376953,5.432000160217285,5.423999786376953,5.423999786376953,5.432000160217285,5.432000160217285,5.432000160217285,5.432000160217285,5.432000160217285,5.432000160217285,5.432000160217285,5.432000160217285,5.432000160217285,5.432000160217285,5.432000160217285,5.432000160217285,5.432000160217285,5.440000057220459,5.440000057220459,5.440000057220459,5.440000057220459,5.440000057220459,5.440000057220459,5.440000057220459,5.440000057220459,inf,inf,inf,inf,inf,inf,4.168000221252441,4.168000221252441,4.168000221252441,4.168000221252441,4.168000221252441,3.859999895095825,3.859999895095825,3.859999895095825,3.7760000228881836,3.7760000228881836,3.7760000228881836,3.7360000610351562,3.7360000610351562,3.7360000610351562,3.74399995803833,3.74399995803833,3.747999906539917,3.747999906539917,2.880000114440918,2.880000114440918,2.880000114440918,2.880000114440918,2.819999933242798,2.759999990463257,2.759999990463257,2.6440000534057617,2.6440000534057617,2.5920000076293945,2.5239999294281006,2.4719998836517334,2.4240000247955322,2.364000082015991,2.3239998817443848,2.2839999198913574,2.2839999198913574,2.240000009536743,2.2119998931884766,2.1760001182556152,2.128000020980835,2.111999988555908,2.0880000591278076,2.059999942779541,2.059999942779541,2.0480000972747803,2.0360000133514404,2.0280001163482666,2.00600004196167,1.9739999771118164,1.9479999542236328,1.9479999542236328,1.9240000247955322,1.8940000534057617,1.8660000562667847,1.8380000591278076,1.8140000104904175,1.7920000553131104,1.7680000066757202,1.7680000066757202,1.7200000286102295,1.7200000286102295,1.6959999799728394,1.6779999732971191,1.6579999923706055,1.5420000553131104,1.5420000553131104,1.5140000581741333,1.4980000257492065,1.4859999418258667,1.4859999418258667,1.4800000190734863,1.4759999513626099,1.4780000448226929,1.4160000085830688,1.4160000085830688,1.4160000085830688,1.4160000085830688,1.4160000085830688,1.399999976158142,1.399999976158142,1.399999976158142,...,47.0,47.0,47.0,47.0,47.0,47.0,0.0,0.0,0.0,0.0,0.0,0.0,0.0,0.0,0.0,0.0,0.0,0.0,0.0,0.0,0.0,0.0,0.0,0.0,0.0,0.0,0.0,0.0,0.0,0.0,0.0,0.0,0.0,0.0,0.0,0.0,0.0,0.0,0.0,0.0,0.0,0.0,0.0,0.0,0.0,0.0,0.0,0.0,0.0,0.0,0.0,0.0,0.0,0.0,0.0,0.0,0.0,0.0,0.0,0.0,0.0,0.0,0.0,0.0,0.0,0.0,0.0,0.0,0.0,0.0,0.0,0.0,0.0,0.0,0.0,0.0,0.0,0.0,0.0,0.0,0.0,0.0,0.0,0.0,0.0,0.0,0.0,0.0,0.0,0.0,0.0,47.0,47.0,47.0,47.0,47.0,0.0,0.0,0.0,0.0,0.0,0.0,0.0,0.0,0.0,0.0,0.0,0.0,0.0,0.0,0.0,0.0,0.0,0.0,0.0,0.0,0.0,0.0,0.0,0.0,0.0,0.0,0.0,0.0,47.0,47.0,47.0,47.0,...
1763032554,820285552,laser,-3.1241390705108643,3.1415927410125732,0.0034828970674425364,5.40226319571957e-05,0.09718671441078186,0.15000000596046448,16.0,5.432000160217285,5.432000160217285,5.432000160217285,5.432000160217285,5.432000160217285,5.432000160217285,5.440000057220459,5.432000160217285,5.432000160217285,5.432000160217285,5.432000160217285,5.432000160217285,5.423999786376953,5.432000160217285,5.432000160217285,5.432000160217285,5.432000160217285,5.432000160217285,5.432000160217285,5.432000160217285,5.432000160217285,5.432000160217285,5.432000160217285,5.432000160217285,5.432000160217285,5.423999786376953,5.432000160217285,5.432000160217285,5.432000160217285,5.432000160217285,5.432000160217285,5.432000160217285,5.432000160217285,5.440000057220459,5.440000057220459,5.440000057220459,5.440000057220459,5.440000057220459,5.440000057220459,5.440000057220459,5.440000057220459,inf,inf,inf,inf,inf,inf,inf,inf,inf,inf,inf,3.7760000228881836,3.7760000228881836,3.7760000228881836,3.7760000228881836,3.7760000228881836,3.7360000610351562,3.7360000610351562,3.7360000610351562,3.7320001125335693,3.740000009536743,3.74399995803833,3.747999906539917,3.747999906539917,3.747999906539917,2.884000062942505,2.884000062942505,2.8239998817443848,2.8239998817443848,2.8239998817443848,2.7639999389648438,2.700000047683716,2.6440000534057617,2.5959999561309814,2.5959999561309814,2.5320000648498535,2.4760000705718994,2.440000057220459,2.384000062942505,2.3359999656677246,2.2960000038146973,2.240000009536743,2.240000009536743,2.2119998931884766,2.187999963760376,2.140000104904175,2.1040000915527344,2.0759999752044678,2.0480000972747803,2.009999990463257,1.9780000448226929,1.9780000448226929,1.944000005722046,1.9119999408721924,1.8899999856948853,1.8760000467300415,1.8619999885559082,1.850000023841858,1.840000033378601,1.840000033378601,1.8259999752044678,1.809999942779541,1.7920000553131104,1.7680000066757202,1.74399995803833,1.7239999771118164,1.7239999771118164,1.7000000476837158,1.6779999732971191,1.6579999923706055,1.6360000371932983,1.5099999904632568,1.5099999904632568,1.496000051498413,1.4819999933242798,1.4819999933242798,1.4739999771118164,inf,inf,inf,1.399999976158142,1.399999976158142,1.399999976158142,1.399999976158142,1.399999976158142,1.3860000371932983,1.3860000371932983,...,47.0,47.0,47.0,47.0,47.0,47.0,47.0,47.0,47.0,0.0,0.0,0.0,0.0,0.0,0.0,0.0,0.0,0.0,0.0,0.0,0.0,0.0,0.0,0.0,0.0,0.0,0.0,0.0,0.0,0.0,0.0,0.0,0.0,0.0,0.0,0.0,0.0,0.0,0.0,0.0,0.0,0.0,0.0,0.0,0.0,0.0,0.0,0.0,0.0,0.0,0.0,0.0,0.0,0.0,0.0,0.0,0.0,0.0,0.0,0.0,0.0,0.0,0.0,0.0,0.0,0.0,0.0,0.0,0.0,47.0,47.0,47.0,47.0,47.0,0.0,0.0,0.0,0.0,0.0,0.0,0.0,0.0,0.0,0.0,0.0,0.0,0.0,0.0,0.0,0.0,0.0,0.0,0.0,0.0,0.0,0.0,0.0,0.0,0.0,0.0,0.0,0.0,0.0,0.0,0.0,0.0,0.0,0.0,0.0,0.0,0.0,0.0,0.0,0.0,0.0,0.0,0.0,0.0,0.0,0.0,0.0,0.0,0.0,0.0,0.0,0.0,0.0,0.0,...
1763032554,918675970,laser,-3.1241390705108643,3.1415927410125732,0.0034828970674425364,5.395500556915067e-05,0.09706506133079529,0.15000000596046448,16.0,5.440000057220459,5.432000160217285,5.432000160217285,5.432000160217285,5.432000160217285,5.432000160217285,5.440000057220459,5.440000057220459,5.432000160217285,5.432000160217285,5.432000160217285,5.432000160217285,5.432000160217285,5.432000160217285,5.432000160217285,5.432000160217285,5.432000160217285,5.432000160217285,5.432000160217285,5.432000160217285,5.432000160217285,5.432000160217285,5.432000160217285,5.432000160217285,5.432000160217285,5.432000160217285,5.432000160217285,5.432000160217285,5.432000160217285,5.432000160217285,5.432000160217285,5.432000160217285,5.432000160217285,5.432000160217285,5.440000057220459,5.440000057220459,5.440000057220459,5.432000160217285,5.432000160217285,5.440000057220459,5.440000057220459,5.432000160217285,inf,inf,inf,inf,inf,inf,inf,inf,inf,inf,3.7760000228881836,3.7760000228881836,3.7760000228881836,3.7760000228881836,3.7760000228881836,3.740000009536743,3.740000009536743,3.747999906539917,3.747999906539917,3.752000093460083,3.74399995803833,3.74399995803833,3.74399995803833,2.9040000438690186,2.9040000438690186,2.828000068664551,2.828000068664551,2.828000068664551,2.828000068664551,2.7799999713897705,2.7279999256134033,2.6679999828338623,2.611999988555908,2.552000045776367,2.496000051498413,2.496000051498413,2.440000057220459,2.384000062942505,2.3399999141693115,2.308000087738037,2.2760000228881836,2.2360000610351562,2.191999912261963,2.1559998989105225,2.1559998989105225,2.115999937057495,2.0759999752044678,2.0460000038146973,2.007999897003174,1.9780000448226929,1.9500000476837158,1.9500000476837158,1.9160000085830688,1.8899999856948853,1.8619999885559082,1.840000033378601,1.8259999752044678,1.8079999685287476,1.8040000200271606,1.8040000200271606,1.8020000457763672,1.7879999876022339,1.7660000324249268,1.746000051498413,1.7259999513626099,1.7079999446868896,1.6859999895095825,1.6859999895095825,1.6660000085830688,1.6460000276565552,1.5260000228881836,1.5260000228881836,1.5080000162124634,1.4900000095367432,1.4759999513626099,1.4759999513626099,inf,inf,inf,1.4079999923706055,1.4079999923706055,1.4079999923706055,1.4079999923706055,1.4079999923706055,1.3940000534057617,1.3940000534057617,...,47.0,47.0,47.0,47.0,47.0,47.0,47.0,0.0,0.0,0.0,0.0,0.0,0.0,0.0,0.0,0.0,0.0,0.0,0.0,0.0,0.0,0.0,0.0,0.0,0.0,0.0,0.0,0.0,0.0,0.0,0.0,0.0,0.0,0.0,0.0,0.0,0.0,0.0,0.0,0.0,0.0,0.0,0.0,0.0,0.0,0.0,0.0,0.0,0.0,0.0,0.0,0.0,0.0,0.0,0.0,0.0,0.0,0.0,0.0,0.0,0.0,0.0,0.0,0.0,0.0,0.0,0.0,0.0,0.0,0.0,0.0,0.0,0.0,0.0,0.0,0.0,0.0,0.0,0.0,0.0,0.0,0.0,0.0,0.0,0.0,0.0,0.0,0.0,0.0,0.0,0.0,0.0,0.0,0.0,0.0,0.0,0.0,0.0,0.0,0.0,0.0,0.0,0.0,0.0,0.0,0.0,0.0,0.0,0.0,0.0,0.0,0.0,0.0,0.0,0.0,0.0,0.0,0.0,0.0,0.0,0.0,0.0,0.0,0.0,0.0,0.0,47.0,47.0,...
1763032555,17163991,laser,-3.1241390705108643,3.1415927410125732,0.0034828970674425364,5.379695721785538e-05,0.09678072482347488,0.15000000596046448,16.0,5.440000057220459,5.440000057220459,5.432000160217285,5.432000160217285,5.432000160217285,5.432000160217285,5.432000160217285,5.432000160217285,5.432000160217285,5.432000160217285,5.432000160217285,5.432000160217285,5.432000160217285,5.432000160217285,5.423999786376953,5.432000160217285,5.432000160217285,5.432000160217285,5.432000160217285,5.432000160217285,5.423999786376953,5.432000160217285,5.432000160217285,5.432000160217285,5.432000160217285,5.432000160217285,5.432000160217285,5.432000160217285,5.432000160217285,5.432000160217285,5.432000160217285,5.432000160217285,5.432000160217285,5.432000160217285,5.440000057220459,5.432000160217285,5.432000160217285,5.432000160217285,5.432000160217285,5.440000057220459,5.440000057220459,5.51200008392334,5.51200008392334,inf,inf,inf,inf,inf,inf,inf,inf,inf,inf,3.740000009536743,3.740000009536743,3.740000009536743,3.740000009536743,3.740000009536743,3.74399995803833,3.74399995803833,3.74399995803833,3.747999906539917,3.74399995803833,3.74399995803833,3.74399995803833,3.74399995803833,2.8919999599456787,2.8919999599456787,2.828000068664551,2.828000068664551,2.828000068664551,2.7760000228881836,2.7239999771118164,2.6559998989105225,2.5999999046325684,2.5999999046325684,2.5480000972747803,2.492000102996826,2.436000108718872,2.380000114440918,2.3359999656677246,2.2920000553131104,2.2920000553131104,2.25600004196167,2.2279999256134033,2.191999912261963,2.1600000858306885,2.135999917984009,2.1080000400543213,2.0920000076293945,2.0920000076293945,2.0799999237060547,2.063999891281128,2.0439999103546143,2.0179998874664307,1.9819999933242798,1.9539999961853027,1.9259999990463257,1.9259999990463257,1.9040000438690186,1.8739999532699585,1.843999981880188,1.8179999589920044,1.7940000295639038,1.7719999551773071,1.7719999551773071,1.7300000190734863,1.7300000190734863,1.7059999704360962,1.6859999895095825,1.6660000085830688,1.6299999952316284,1.5160000324249268,1.5160000324249268,1.5019999742507935,1.4859999418258667,1.4859999418258667,1.4780000448226929,1.4780000448226929,1.4759999513626099,inf,1.4040000438690186,1.4040000438690186,1.4040000438690186,1.4040000438690186,1.4040000438690186,1.3860000371932983,1.3860000371932983,...,47.0,47.0,47.0,47.0,47.0,47.0,47.0,47.0,0.0,0.0,0.0,0.0,0.0,0.0,0.0,0.0,0.0,0.0,0.0,0.0,47.0,47.0,47.0,47.0,47.0,0.0,0.0,0.0,0.0,0.0,0.0,0.0,0.0,0.0,0.0,0.0,0.0,0.0,0.0,0.0,0.0,0.0,0.0,0.0,0.0,0.0,0.0,0.0,0.0,0.0,0.0,0.0,0.0,0.0,0.0,0.0,0.0,0.0,0.0,0.0,0.0,0.0,0.0,0.0,0.0,0.0,0.0,0.0,0.0,0.0,0.0,0.0,0.0,0.0,0.0,0.0,0.0,0.0,0.0,0.0,0.0,0.0,0.0,0.0,0.0,0.0,0.0,0.0,0.0,0.0,47.0,47.0,47.0,47.0,47.0,0.0,0.0,0.0,0.0,0.0,0.0,0.0,0.0,0.0,0.0,0.0,0.0,0.0,0.0,0.0,0.0,0.0,0.0,0.0,0.0,0.0,0.0,0.0,0.0,0.0,0.0,0.0,0.0,0.0,0.0,0.0,0.0,0.0,...
1763032555,115414604,laser,-3.1241390705108643,3.1415927410125732,0.0034828970674425364,5.034014975535683e-05,0.09056192636489868,0.15000000596046448,16.0,5.440000057220459,5.432000160217285,5.432000160217285,5.432000160217285,5.432000160217285,5.432000160217285,5.440000057220459,5.432000160217285,5.432000160217285,5.432000160217285,5.432000160217285,5.432000160217285,5.432000160217285,5.432000160217285,5.432000160217285,5.432000160217285,5.432000160217285,5.432000160217285,5.432000160217285,5.432000160217285,5.423999786376953,5.423999786376953,5.432000160217285,5.432000160217285,5.432000160217285,5.432000160217285,5.432000160217285,5.432000160217285,5.432000160217285,5.432000160217285,5.432000160217285,5.432000160217285,5.432000160217285,5.432000160217285,5.432000160217285,5.432000160217285,5.432000160217285,5.440000057220459,5.432000160217285,5.440000057220459,5.440000057220459,5.432000160217285,inf,inf,inf,4.5279998779296875,4.5279998779296875,4.5279998779296875,4.5279998779296875,4.5279998779296875,inf,inf,3.9000000953674316,3.9000000953674316,3.9000000953674316,3.9000000953674316,3.9000000953674316,3.803999900817871,3.740000009536743,3.740000009536743,3.740000009536743,3.747999906539917,3.74399995803833,3.74399995803833,3.74399995803833,3.74399995803833,2.9079999923706055,2.864000082015991,2.864000082015991,2.864000082015991,2.864000082015991,2.799999952316284,2.7200000286102295,2.6559998989105225,2.611999988555908,2.611999988555908,2.559999942779541,2.496000051498413,2.440000057220459,2.384000062942505,2.3399999141693115,2.2960000038146973,2.2639999389648438,2.2639999389648438,2.240000009536743,2.191999912261963,2.1559998989105225,2.115999937057495,2.0840001106262207,2.049999952316284,2.009999990463257,1.9819999933242798,1.9819999933242798,1.9579999446868896,1.9220000505447388,1.8919999599456787,1.8639999628067017,1.8380000591278076,1.8220000267028809,1.8040000200271606,1.8040000200271606,1.7899999618530273,1.781999945640564,1.7760000228881836,1.7640000581741333,1.7480000257492065,1.7280000448226929,1.7059999704360962,1.7059999704360962,1.6859999895095825,1.6660000085830688,1.6440000534057617,1.5219999551773071,1.5219999551773071,1.50600004196167,1.4900000095367432,1.4759999513626099,1.4759999513626099,inf,inf,inf,1.406000018119812,1.406000018119812,1.406000018119812,1.406000018119812,1.406000018119812,1.3899999856948853,1.3899999856948853,...,47.0,47.0,47.0,47.0,47.0,47.0,47.0,47.0,0.0,0.0,0.0,0.0,0.0,0.0,0.0,0.0,0.0,0.0,0.0,0.0,0.0,0.0,0.0,0.0,0.0,0.0,0.0,0.0,0.0,0.0,0.0,0.0,0.0,0.0,0.0,0.0,0.0,0.0,0.0,0.0,0.0,0.0,0.0,0.0,0.0,0.0,0.0,0.0,0.0,0.0,0.0,0.0,0.0,0.0,0.0,0.0,0.0,0.0,0.0,0.0,0.0,0.0,0.0,0.0,0.0,0.0,0.0,0.0,0.0,0.0,0.0,0.0,0.0,0.0,0.0,0.0,0.0,0.0,0.0,0.0,0.0,0.0,0.0,0.0,0.0,0.0,0.0,0.0,0.0,0.0,0.0,0.0,0.0,0.0,0.0,0.0,0.0,0.0,0.0,0.0,0.0,0.0,0.0,0.0,0.0,0.0,0.0,0.0,0.0,0.0,0.0,0.0,0.0,0.0,0.0,0.0,0.0,0.0,0.0,0.0,0.0,0.0,0.0,0.0,0.0,0.0,0.0,0.0,...
1763032555,206963588,laser,-3.1241390705108643,3.1415927410125732,0.0034828970674425364,5.4137031838763505e-05,0.09739252179861069,0.15000000596046448,16.0,5.440000057220459,5.432000160217285,5.432000160217285,5.432000160217285,5.432000160217285,5.432000160217285,5.432000160217285,5.432000160217285,5.432000160217285,5.432000160217285,5.432000160217285,5.432000160217285,5.432000160217285,5.432000160217285,5.432000160217285,5.432000160217285,5.432000160217285,5.432000160217285,5.432000160217285,5.432000160217285,5.423999786376953,5.423999786376953,5.432000160217285,5.432000160217285,5.432000160217285,5.432000160217285,5.432000160217285,5.432000160217285,5.432000160217285,5.432000160217285,5.432000160217285,5.432000160217285,5.432000160217285,5.432000160217285,5.432000160217285,5.432000160217285,5.432000160217285,5.432000160217285,5.440000057220459,5.440000057220459,5.440000057220459,5.440000057220459,inf,inf,inf,inf,inf,inf,inf,inf,inf,inf,inf,3.8320000171661377,3.8320000171661377,3.8320000171661377,3.8320000171661377,3.8320000171661377,3.7760000228881836,3.752000093460083,3.74399995803833,3.7360000610351562,3.7360000610351562,3.740000009536743,3.74399995803833,3.747999906539917,2.880000114440918,2.880000114440918,2.812000036239624,2.812000036239624,2.812000036239624,2.812000036239624,2.687999963760376,2.687999963760376,2.6559998989105225,2.5880000591278076,2.5360000133514404,2.4800000190734863,2.4119999408721924,2.364000082015991,2.3239998817443848,2.3239998817443848,2.2960000038146973,2.187999963760376,2.187999963760376,2.131999969482422,2.131999969482422,2.0999999046325684,2.059999942779541,2.059999942779541,2.0299999713897705,1.9919999837875366,1.9620000123977661,1.937999963760376,1.906000018119812,1.8760000467300415,1.8619999885559082,1.8420000076293945,1.8420000076293945,1.815999984741211,1.815999984741211,1.8140000104904175,1.7999999523162842,1.781999945640564,1.7580000162124634,1.7580000162124634,1.7319999933242798,1.7139999866485596,1.6979999542236328,1.6740000247955322,1.656000018119812,1.5080000162124634,1.4980000257492065,1.4980000257492065,1.4980000257492065,1.4980000257492065,1.4859999418258667,inf,inf,inf,inf,1.3980000019073486,1.3980000019073486,1.3980000019073486,1.3980000019073486,1.3980000019073486,1.3860000371932983,1.3860000371932983,...,47.0,47.0,47.0,47.0,47.0,47.0,47.0,47.0,0.0,0.0,0.0,0.0,0.0,0.0,0.0,0.0,0.0,0.0,0.0,0.0,0.0,0.0,0.0,0.0,0.0,0.0,0.0,0.0,0.0,0.0,0.0,0.0,0.0,0.0,0.0,0.0,0.0,0.0,0.0,0.0,0.0,0.0,0.0,0.0,0.0,0.0,0.0,0.0,0.0,0.0,0.0,0.0,0.0,0.0,0.0,0.0,0.0,0.0,0.0,0.0,0.0,0.0,0.0,0.0,0.0,0.0,0.0,0.0,0.0,0.0,0.0,0.0,0.0,0.0,0.0,0.0,0.0,0.0,0.0,0.0,0.0,0.0,0.0,0.0,0.0,0.0,0.0,0.0,0.0,0.0,0.0,0.0,0.0,0.0,0.0,0.0,0.0,0.0,0.0,0.0,0.0,0.0,0.0,0.0,0.0,0.0,0.0,0.0,0.0,0.0,0.0,0.0,0.0,0.0,0.0,0.0,0.0,0.0,0.0,0.0,0.0,0.0,0.0,0.0,0.0,0.0,0.0,0.0,...
1763032555,305813628,laser,-3.1241390705108643,3.1415927410125732,0.0034828970674425364,5.375311593525112e-05,0.09670185297727585,0.15000000596046448,16.0,5.440000057220459,5.440000057220459,5.440000057220459,5.432000160217285,5.432000160217285,5.432000160217285,5.432000160217285,5.440000057220459,5.440000057220459,5.432000160217285,5.432000160217285,5.432000160217285,5.432000160217285,5.432000160217285,5.432000160217285,5.432000160217285,5.432000160217285,5.432000160217285,5.432000160217285,5.432000160217285,5.432000160217285,5.432000160217285,5.432000160217285,5.432000160217285,5.432000160217285,5.423999786376953,5.423999786376953,5.423999786376953,5.423999786376953,5.432000160217285,5.432000160217285,5.440000057220459,5.432000160217285,5.432000160217285,5.432000160217285,5.440000057220459,5.432000160217285,5.440000057220459,5.440000057220459,5.440000057220459,5.440000057220459,5.423999786376953,inf,inf,inf,inf,inf,inf,inf,inf,inf,4.007999897003174,4.007999897003174,4.007999897003174,4.007999897003174,4.007999897003174,3.9000000953674316,3.803999900817871,3.740000009536743,3.740000009536743,3.740000009536743,3.74399995803833,3.74399995803833,3.74399995803833,3.74399995803833,2.9040000438690186,2.9040000438690186,2.9040000438690186,2.9040000438690186,2.9040000438690186,2.8559999465942383,2.7160000801086426,2.7160000801086426,2.6600000858306885,2.6080000400543213,2.555999994277954,2.4839999675750732,2.4839999675750732,2.427999973297119,2.388000011444092,2.3440001010894775,2.2960000038146973,2.2760000228881836,2.247999906539917,2.196000099182129,2.1679999828338623,2.1679999828338623,2.1480000019073486,2.119999885559082,2.0959999561309814,2.0759999752044678,2.059999942779541,2.059999942779541,2.0480000972747803,2.0280001163482666,1.99399995803833,1.9620000123977661,1.934000015258789,1.909999966621399,1.8819999694824219,1.8519999980926514,1.8519999980926514,1.8279999494552612,1.8020000457763672,1.7760000228881836,1.7519999742507935,1.7300000190734863,1.7100000381469727,1.690000057220459,1.690000057220459,1.6699999570846558,1.6460000276565552,1.5160000324249268,1.5160000324249268,1.50600004196167,1.49399995803833,1.4819999933242798,1.4780000448226929,1.4780000448226929,1.4759999513626099,1.4220000505447388,1.4220000505447388,1.4220000505447388,1.4220000505447388,1.4079999923706055,1.4079999923706055,1.4079999923706055,1.4079999923706055,...,47.0,47.0,47.0,47.0,47.0,47.0,47.0,0.0,0.0,0.0,0.0,0.0,0.0,0.0,0.0,0.0,0.0,0.0,0.0,47.0,47.0,47.0,47.0,47.0,0.0,0.0,0.0,0.0,0.0,0.0,0.0,0.0,0.0,0.0,0.0,0.0,0.0,0.0,0.0,0.0,0.0,0.0,0.0,0.0,0.0,0.0,0.0,0.0,0.0,0.0,0.0,0.0,0.0,0.0,0.0,0.0,0.0,0.0,0.0,0.0,0.0,0.0,0.0,0.0,0.0,0.0,0.0,0.0,0.0,0.0,0.0,0.0,0.0,0.0,0.0,0.0,0.0,0.0,0.0,0.0,0.0,0.0,0.0,0.0,0.0,0.0,0.0,0.0,0.0,47.0,47.0,47.0,47.0,47.0,0.0,0.0,0.0,0.0,0.0,0.0,0.0,0.0,0.0,0.0,0.0,0.0,0.0,0.0,0.0,0.0,0.0,0.0,0.0,0.0,0.0,0.0,0.0,0.0,0.0,0.0,0.0,0.0,0.0,0.0,0.0,47.0,47.0,47.0,...
1763032555,403687825,laser,-3.1241390705108643,3.1415927410125732,0.0034828970674425364,5.397701170295477e-05,0.09710464626550674,0.15000000596046448,16.0,5.432000160217285,5.432000160217285,5.440000057220459,5.432000160217285,5.432000160217285,5.432000160217285,5.432000160217285,5.432000160217285,5.432000160217285,5.432000160217285,5.432000160217285,5.432000160217285,5.432000160217285,5.432000160217285,5.432000160217285,5.432000160217285,5.432000160217285,5.432000160217285,5.432000160217285,5.432000160217285,5.432000160217285,5.432000160217285,5.432000160217285,5.432000160217285,5.432000160217285,5.432000160217285,5.432000160217285,5.432000160217285,5.432000160217285,5.432000160217285,5.432000160217285,5.432000160217285,5.432000160217285,5.432000160217285,5.432000160217285,5.440000057220459,5.440000057220459,5.440000057220459,5.440000057220459,5.440000057220459,5.440000057220459,5.432000160217285,5.432000160217285,inf,inf,inf,inf,inf,inf,4.007999897003174,4.007999897003174,4.007999897003174,4.007999897003174,4.007999897003174,3.9000000953674316,3.9000000953674316,3.9000000953674316,3.9000000953674316,3.803999900817871,3.740000009536743,3.740000009536743,3.74399995803833,3.74399995803833,3.747999906539917,3.747999906539917,3.74399995803833,3.747999906539917,2.9119999408721924,2.859999895095825,2.859999895095825,2.859999895095825,2.7880001068115234,2.7160000801086426,2.6559998989105225,2.611999988555908,2.611999988555908,2.555999994277954,2.496000051498413,2.444000005722046,2.388000011444092,2.3440001010894775,2.2960000038146973,2.2960000038146973,2.2639999389648438,2.2360000610351562,2.196000099182129,2.1519999504089355,2.111999988555908,2.0799999237060547,2.0480000972747803,2.009999990463257,2.009999990463257,1.9819999933242798,1.9520000219345093,1.9160000085830688,1.8919999599456787,1.8660000562667847,1.8420000076293945,1.8259999752044678,1.8259999752044678,1.812000036239624,1.7999999523162842,1.7879999876022339,1.7799999713897705,1.7660000324249268,1.7660000324249268,1.7259999513626099,1.7259999513626099,1.7059999704360962,1.6859999895095825,1.6660000085830688,1.6419999599456787,1.5219999551773071,1.5219999551773071,1.5080000162124634,1.4900000095367432,1.4900000095367432,1.4759999513626099,inf,inf,inf,1.4079999923706055,1.4079999923706055,1.4079999923706055,1.4079999923706055,1.4079999923706055,1.3940000534057617,1.3940000534057617,...,47.0,47.0,47.0,47.0,47.0,47.0,47.0,47.0,47.0,0.0,0.0,0.0,0.0,0.0,0.0,0.0,0.0,0.0,0.0,0.0,0.0,0.0,0.0,0.0,0.0,0.0,0.0,0.0,0.0,0.0,0.0,0.0,0.0,0.0,0.0,0.0,0.0,0.0,0.0,0.0,0.0,0.0,0.0,0.0,0.0,0.0,0.0,0.0,0.0,0.0,0.0,0.0,0.0,0.0,0.0,0.0,0.0,0.0,0.0,0.0,0.0,0.0,0.0,0.0,0.0,0.0,0.0,0.0,0.0,0.0,0.0,0.0,0.0,0.0,0.0,0.0,0.0,0.0,0.0,0.0,0.0,0.0,0.0,0.0,0.0,0.0,0.0,0.0,0.0,0.0,0.0,0.0,0.0,0.0,0.0,0.0,0.0,0.0,0.0,0.0,0.0,0.0,0.0,0.0,0.0,0.0,0.0,0.0,0.0,0.0,0.0,0.0,0.0,0.0,0.0,0.0,0.0,0.0,0.0,0.0,0.0,0.0,0.0,0.0,0.0,0.0,0.0,0.0,...
